timestamp,Open,High,Low,Close,Volume
2026-01-09 14:30:00,95.81,96.51,95.81,96.39,335387
2026-01-09 14:35:00,96.34,96.565,96.3,96.39,149370
2026-01-09 14:40:00,96.405,96.41,95.96,95.99,172786
2026-01-09 14:45:00,95.975,96.15,95.8,96.15,228024
2026-01-09 14:50:00,96.17,96.17,95.79,96.07,212228
2026-01-09 14:55:00,96.07,96.26,96.045,96.08,83962
2026-01-09 15:00:00,96.08,96.2381,95.41,95.41,136542
2026-01-09 15:05:00,95.43,95.72,95.4,95.69,86400
2026-01-09 15:10:00,95.69,95.825,95.61,95.775,120335
2026-01-09 15:15:00,95.76,95.76,95.31,95.39,207589
2026-01-09 15:20:00,95.385,95.71,95.375,95.71,166494
2026-01-09 15:25:00,95.68,95.695,95.43,95.43,108370
2026-01-09 15:30:00,95.43,95.47,95.28,95.43,181134
2026-01-09 15:35:00,95.43,95.46,95.29,95.415,114078
2026-01-09 15:40:00,95.4,95.41,95.255,95.32,126924
2026-01-09 15:45:00,95.31,95.56,95.27,95.52,104456
2026-01-09 15:50:00,95.51,95.58,95.45,95.495,71435
2026-01-09 15:55:00,95.5,95.7,95.5,95.7,73825
2026-01-09 16:00:00,95.69,95.72,95.605,95.705,91099
2026-01-09 16:05:00,95.7,95.735,95.62,95.645,73991
2026-01-09 16:10:00,95.64,95.83,95.6,95.785,106854
2026-01-09 16:15:00,95.785,95.98,95.785,95.935,61204
2026-01-09 16:20:00,95.94,96.015,95.9,95.9,89933
2026-01-09 16:25:00,95.9,95.94,95.76,95.79,147768
2026-01-09 16:30:00,95.79,95.84,95.645,95.7,105658
2026-01-09 16:35:00,95.71,95.85,95.71,95.815,72484
2026-01-09 16:40:00,95.81,96.04,95.8,96.025,67842
2026-01-09 16:45:00,96.025,96.06,95.88,95.925,108399
2026-01-09 16:50:00,95.94,95.96,95.865,95.91,90244
2026-01-09 16:55:00,95.905,95.93,95.8,95.85,62763
2026-01-09 17:00:00,95.86,95.895,95.77,95.795,61227
2026-01-09 17:05:00,95.795,95.81,95.735,95.745,57413
2026-01-09 17:10:00,95.74,95.785,95.69,95.78,59121
2026-01-09 17:15:00,95.77,95.815,95.755,95.775,40809
2026-01-09 17:20:00,95.78,95.85,95.75,95.8,56793
2026-01-09 17:25:00,95.795,95.7976,95.735,95.755,44515
2026-01-09 17:30:00,95.755,95.785,95.735,95.775,50558
2026-01-09 17:35:00,95.78,95.82,95.715,95.715,66036
2026-01-09 17:40:00,95.7101,95.79,95.6239,95.6451,156410
2026-01-09 17:45:00,95.64,95.705,95.62,95.69,83050
2026-01-09 17:50:00,95.69,95.75,95.66,95.69,68667
2026-01-09 17:55:00,95.69,95.695,95.63,95.695,79163
2026-01-09 18:00:00,95.69,95.75,95.665,95.67,74261
2026-01-09 18:05:00,95.67,95.6898,95.615,95.64,70498
2026-01-09 18:10:00,95.65,95.705,95.64,95.68,50040
2026-01-09 18:15:00,95.67,95.7575,95.66,95.715,61369
2026-01-09 18:20:00,95.72,95.76,95.645,95.66,87696
2026-01-09 18:25:00,95.66,95.66,95.57,95.595,58562
2026-01-09 18:30:00,95.605,95.695,95.605,95.655,128734
2026-01-09 18:35:00,95.655,95.7,95.62,95.7,113133
2026-01-09 18:40:00,95.7,95.87,95.7,95.825,69690
2026-01-09 18:45:00,95.83,95.88,95.8,95.82,51022
2026-01-09 18:50:00,95.82,95.82,95.68,95.7,54161
2026-01-09 18:55:00,95.6951,95.71,95.655,95.66,28018
2026-01-09 19:00:00,95.66,95.7,95.615,95.69,50898
2026-01-09 19:05:00,95.695,95.75,95.655,95.74,183756
2026-01-09 19:10:00,95.735,95.75,95.685,95.74,43627
2026-01-09 19:15:00,95.745,95.76,95.705,95.705,47942
2026-01-09 19:20:00,95.705,95.78,95.675,95.75,57270
2026-01-09 19:25:00,95.76,95.8,95.71,95.79,86649
2026-01-09 19:30:00,95.785,95.825,95.7,95.705,69736
2026-01-09 19:35:00,95.71,95.76,95.68,95.71,85248
2026-01-09 19:40:00,95.7,95.795,95.69,95.78,40400
2026-01-09 19:45:00,95.775,95.861,95.765,95.86,56463
2026-01-09 19:50:00,95.85,95.89,95.715,95.88,108762
2026-01-09 19:55:00,95.905,95.96,95.8632,95.955,49774
2026-01-09 20:00:00,95.95,95.97,95.79,95.835,107925
2026-01-09 20:05:00,95.83,95.8399,95.775,95.8,66025
2026-01-09 20:10:00,95.795,95.815,95.745,95.7993,63416
2026-01-09 20:15:00,95.79,95.885,95.78,95.875,109271
2026-01-09 20:20:00,95.875,95.9,95.805,95.81,90094
2026-01-09 20:25:00,95.82,95.86,95.785,95.835,97965
2026-01-09 20:30:00,95.835,95.895,95.805,95.875,103188
2026-01-09 20:35:00,95.88,95.96,95.87,95.91,88230
2026-01-09 20:40:00,95.905,95.93,95.83,95.91,135196
2026-01-09 20:45:00,95.91,95.995,95.865,95.865,144270
2026-01-09 20:50:00,95.865,96.005,95.865,95.95,292843
2026-01-09 20:55:00,95.955,96.03,95.91,95.94,740922
2026-01-12 14:30:00,94.83,94.85,94.16,94.37,602420
2026-01-12 14:35:00,94.37,95.14,94.15,95.03,584929
2026-01-12 14:40:00,95.02,95.53,94.99,95.415,344672
2026-01-12 14:45:00,95.425,95.54,95.14,95.325,245080
2026-01-12 14:50:00,95.315,95.315,94.94,95.25,252061
2026-01-12 14:55:00,95.245,95.42,95.245,95.35,140250
2026-01-12 15:00:00,95.32,95.4,95.1,95.11,280643
2026-01-12 15:05:00,95.115,95.25,94.94,95.13,213641
2026-01-12 15:10:00,95.135,95.28,94.9211,94.925,119414
2026-01-12 15:15:00,94.92,95.25,94.87,95.17,187858
2026-01-12 15:20:00,95.17,95.2,94.94,94.94,128861
2026-01-12 15:25:00,94.93,94.97,94.68,94.71,304039
2026-01-12 15:30:00,94.715,94.98,94.69,94.75,169960
2026-01-12 15:35:00,94.75,94.87,94.665,94.825,198877
2026-01-12 15:40:00,94.83,94.96,94.745,94.96,152955
2026-01-12 15:45:00,94.97,95.05,94.86,95.0,240533
2026-01-12 15:50:00,95.02,95.075,94.875,94.88,141629
2026-01-12 15:55:00,94.875,94.9788,94.815,94.905,178838
2026-01-12 16:00:00,94.9,94.91,94.69,94.735,300924
2026-01-12 16:05:00,94.74,94.7499,94.535,94.57,184570
2026-01-12 16:10:00,94.575,94.6,94.3795,94.41,146598
2026-01-12 16:15:00,94.4,94.45,94.3,94.435,122985
2026-01-12 16:20:00,94.435,94.505,94.37,94.38,161313
2026-01-12 16:25:00,94.39,94.425,94.27,94.29,123904
2026-01-12 16:30:00,94.28,94.395,94.265,94.39,94105
2026-01-12 16:35:00,94.4,94.475,94.355,94.43,84202
2026-01-12 16:40:00,94.43,94.46,94.345,94.38,81458
2026-01-12 16:45:00,94.3799,94.485,94.3516,94.3516,100097
2026-01-12 16:50:00,94.355,94.37,94.265,94.285,127928
2026-01-12 16:55:00,94.29,94.365,94.26,94.36,111681
2026-01-12 17:00:00,94.365,94.37,94.16,94.17,102054
2026-01-12 17:05:00,94.168,94.22,94.08,94.095,179976
2026-01-12 17:10:00,94.095,94.11,94.02,94.045,98809
2026-01-12 17:15:00,94.045,94.11,93.975,94.05,220456
2026-01-12 17:20:00,94.0565,94.08,93.94,94.04,120734
2026-01-12 17:25:00,94.045,94.0558,93.97,93.99,88902
2026-01-12 17:30:00,93.99,94.015,93.935,93.96,82503
2026-01-12 17:35:00,93.97,94.005,93.945,93.96,88459
2026-01-12 17:40:00,93.96,93.995,93.885,93.96,123544
2026-01-12 17:45:00,93.965,94.095,93.965,94.015,142136
2026-01-12 17:50:00,94.02,94.045,93.95,94.02,128068
2026-01-12 17:55:00,94.01,94.22,93.98,94.22,90062
2026-01-12 18:00:00,94.23,94.24,94.05,94.1,187573
2026-01-12 18:05:00,94.1,94.235,94.05,94.235,98719
2026-01-12 18:10:00,94.2375,94.47,94.05,94.43,192738
2026-01-12 18:15:00,94.44,94.5,94.3901,94.42,166322
2026-01-12 18:20:00,94.425,94.445,94.35,94.395,77820
2026-01-12 18:25:00,94.4,94.47,94.39,94.39,96796
2026-01-12 18:30:00,94.395,94.425,94.29,94.335,177486
2026-01-12 18:35:00,94.32,94.345,94.22,94.27,65983
2026-01-12 18:40:00,94.27,94.28,94.19,94.195,57932
2026-01-12 18:45:00,94.2,94.25,94.1901,94.224,96229
2026-01-12 18:50:00,94.22,94.265,94.2,94.235,63977
2026-01-12 18:55:00,94.235,94.29,94.22,94.245,80937
2026-01-12 19:00:00,94.25,94.38,94.205,94.215,125834
2026-01-12 19:05:00,94.215,94.335,94.19,94.325,78196
2026-01-12 19:10:00,94.33,94.63,94.33,94.62,101189
2026-01-12 19:15:00,94.6101,94.64,94.525,94.525,111241
2026-01-12 19:20:00,94.52,94.57,94.5,94.54,87253
2026-01-12 19:25:00,94.535,94.58,94.46,94.5601,81790
2026-01-12 19:30:00,94.565,94.7,94.56,94.66,75535
2026-01-12 19:35:00,94.66,94.66,94.58,94.625,68849
2026-01-12 19:40:00,94.62,94.725,94.62,94.697,65133
2026-01-12 19:45:00,94.69,94.73,94.67,94.705,83246
2026-01-12 19:50:00,94.705,94.82,94.7002,94.805,215525
2026-01-12 19:55:00,94.8,94.915,94.785,94.895,104616
2026-01-12 20:00:00,94.895,94.98,94.865,94.8724,103888
2026-01-12 20:05:00,94.88,94.925,94.83,94.915,118823
2026-01-12 20:10:00,94.92,94.93,94.8,94.835,104923
2026-01-12 20:15:00,94.835,94.91,94.81,94.815,171057
2026-01-12 20:20:00,94.815,94.825,94.71,94.79,127756
2026-01-12 20:25:00,94.78,94.815,94.75,94.755,123366
2026-01-12 20:30:00,94.7507,94.875,94.7507,94.851,142097
2026-01-12 20:35:00,94.845,94.89,94.785,94.88,279299
2026-01-12 20:40:00,94.88,94.955,94.84,94.915,186849
2026-01-12 20:45:00,94.92,95.03,94.87,94.95,238252
2026-01-12 20:50:00,94.95,95.26,94.94,95.135,362381
2026-01-12 20:55:00,95.13,95.155,94.96,94.99,651712
2026-01-13 14:30:00,95.29,95.75,95.0413,95.28,823865
2026-01-13 14:35:00,95.2764,95.32,94.63,94.7,207063
2026-01-13 14:40:00,94.685,94.865,94.515,94.57,152056
2026-01-13 14:45:00,94.57,94.67,94.4,94.475,308915
2026-01-13 14:50:00,94.48,94.57,94.12,94.235,135335
2026-01-13 14:55:00,94.25,94.55,94.23,94.26,206470
2026-01-13 15:00:00,94.27,94.29,93.95,93.98,344794
2026-01-13 15:05:00,93.98,94.075,93.73,93.86,417665
2026-01-13 15:10:00,93.85,94.04,93.82,94.0,241580
2026-01-13 15:15:00,93.99,94.11,93.75,93.895,367820
2026-01-13 15:20:00,93.91,94.15,93.87,94.14,249301
2026-01-13 15:25:00,94.13,94.27,94.07,94.2224,243069
2026-01-13 15:30:00,94.225,94.7,94.175,94.645,339298
2026-01-13 15:35:00,94.64,94.965,94.64,94.96,263821
2026-01-13 15:40:00,94.96,95.13,94.92,95.11,219804
2026-01-13 15:45:00,95.1024,95.185,95.02,95.09,182057
2026-01-13 15:50:00,95.07,95.22,94.79,94.805,213148
2026-01-13 15:55:00,94.8,94.98,94.76,94.915,152041
2026-01-13 16:00:00,94.905,94.955,94.75,94.9,90099
2026-01-13 16:05:00,94.905,95.03,94.78,94.78,128959
2026-01-13 16:10:00,94.79,94.85,94.72,94.735,150878
2026-01-13 16:15:00,94.74,94.9,94.74,94.795,110118
2026-01-13 16:20:00,94.79,94.87,94.65,94.661,81010
2026-01-13 16:25:00,94.66,94.662,94.52,94.64,190102
2026-01-13 16:30:00,94.64,94.705,94.62,94.6443,79338
2026-01-13 16:35:00,94.65,94.665,94.48,94.54,104562
2026-01-13 16:40:00,94.535,94.73,94.51,94.65,141654
2026-01-13 16:45:00,94.6506,94.6753,94.43,94.485,122130
2026-01-13 16:50:00,94.485,94.64,94.465,94.52,113046
2026-01-13 16:55:00,94.525,94.5559,94.425,94.47,122882
2026-01-13 17:00:00,94.47,94.545,94.315,94.355,370111
2026-01-13 17:05:00,94.355,94.37,94.08,94.135,264421
2026-01-13 17:10:00,94.135,94.495,94.13,94.4759,160353
2026-01-13 17:15:00,94.49,94.52,94.37,94.4,109981
2026-01-13 17:20:00,94.39,94.55,94.37,94.51,85223
2026-01-13 17:25:00,94.51,94.575,94.46,94.47,103277
2026-01-13 17:30:00,94.465,94.48,94.33,94.4,103672
2026-01-13 17:35:00,94.41,94.41,94.2,94.245,130778
2026-01-13 17:40:00,94.24,94.34,94.225,94.295,137862
2026-01-13 17:45:00,94.295,94.295,94.1434,94.185,90578
2026-01-13 17:50:00,94.18,94.2401,94.12,94.175,188262
2026-01-13 17:55:00,94.175,94.18,94.07,94.08,184817
2026-01-13 18:00:00,94.09,94.13,93.97,94.06,269824
2026-01-13 18:05:00,94.06,94.16,94.05,94.08,92190
2026-01-13 18:10:00,94.085,94.26,94.075,94.26,128996
2026-01-13 18:15:00,94.26,94.285,94.165,94.285,83989
2026-01-13 18:20:00,94.295,94.355,94.22,94.25,70114
2026-01-13 18:25:00,94.25,94.31,93.975,93.995,275179
2026-01-13 18:30:00,93.99,94.1,93.96,94.02,187914
2026-01-13 18:35:00,94.015,94.0568,93.935,93.995,193862
2026-01-13 18:40:00,93.99,94.02,93.9601,94.005,116533
2026-01-13 18:45:00,94.005,94.005,93.855,93.8818,87777
2026-01-13 18:50:00,93.89,93.985,93.795,93.9422,209832
2026-01-13 18:55:00,93.93,94.0,93.84,93.89,78976
2026-01-13 19:00:00,93.89,93.93,93.735,93.795,251098
2026-01-13 19:05:00,93.795,93.84,93.48,93.49,303409
2026-01-13 19:10:00,93.5,93.55,93.34,93.445,238688
2026-01-13 19:15:00,93.45,93.57,93.36,93.4,294528
2026-01-13 19:20:00,93.4,93.455,93.33,93.37,154043
2026-01-13 19:25:00,93.365,93.381,93.24,93.32,232628
2026-01-13 19:30:00,93.31,93.435,93.22,93.37,245899
2026-01-13 19:35:00,93.37,93.375,93.27,93.29,154991
2026-01-13 19:40:00,93.29,93.35,93.27,93.35,294978
2026-01-13 19:45:00,93.36,93.4056,93.28,93.37,127295
2026-01-13 19:50:00,93.37,93.43,93.16,93.185,273139
2026-01-13 19:55:00,93.18,93.3,93.105,93.295,361344
2026-01-13 20:00:00,93.3,93.4,93.21,93.39,229984
2026-01-13 20:05:00,93.395,93.44,93.28,93.385,224512
2026-01-13 20:10:00,93.38,93.485,93.3,93.37,248214
2026-01-13 20:15:00,93.36,93.48,93.35,93.415,189475
2026-01-13 20:20:00,93.41,93.46,93.19,93.215,460535
2026-01-13 20:25:00,93.215,93.23,93.13,93.225,355473
2026-01-13 20:30:00,93.22,93.35,93.095,93.24,414283
2026-01-13 20:35:00,93.24,93.32,93.055,93.165,456543
2026-01-13 20:40:00,93.17,93.24,93.14,93.165,343048
2026-01-13 20:45:00,93.165,93.25,93.12,93.205,467212
2026-01-13 20:50:00,93.2,93.67,93.17,93.51,793983
2026-01-13 20:55:00,93.51,93.62,93.41,93.485,986554
2026-01-14 14:30:00,90.75,90.8,88.76,89.35,2430285
2026-01-14 14:35:00,89.34,90.32,89.12,89.915,1193208
2026-01-14 14:40:00,89.915,89.94,89.12,89.395,667928
2026-01-14 14:45:00,89.42,89.855,89.0,89.5,749919
2026-01-14 14:50:00,89.48,89.65,89.2901,89.47,521534
2026-01-14 14:55:00,89.475,89.515,88.845,88.875,537509
2026-01-14 15:00:00,88.875,88.96,88.6,88.805,656157
2026-01-14 15:05:00,88.81,89.045,88.59,88.9201,540036
2026-01-14 15:10:00,88.93,89.39,88.7364,89.27,597049
2026-01-14 15:15:00,89.2725,89.3,88.84,89.2,657981
2026-01-14 15:20:00,89.22,89.36,89.02,89.2,642729
2026-01-14 15:25:00,89.2001,89.27,88.925,88.945,582013
2026-01-14 15:30:00,88.95,88.96,88.2163,88.4757,632226
2026-01-14 15:35:00,88.4645,88.58,88.1701,88.55,459378
2026-01-14 15:40:00,88.55,88.92,88.52,88.875,296860
2026-01-14 15:45:00,88.88,89.3494,88.84,89.3,314219
2026-01-14 15:50:00,89.3,89.38,89.07,89.16,316235
2026-01-14 15:55:00,89.18,89.33,89.15,89.29,266335
2026-01-14 16:00:00,89.31,89.48,88.995,89.1999,447923
2026-01-14 16:05:00,89.2,89.225,88.99,89.07,296705
2026-01-14 16:10:00,89.0797,89.18,89.015,89.08,344299
2026-01-14 16:15:00,89.08,89.27,89.05,89.1908,313488
2026-01-14 16:20:00,89.19,89.59,89.15,89.5705,389889
2026-01-14 16:25:00,89.5632,89.865,89.55,89.68,404881
2026-01-14 16:30:00,89.68,89.8,89.43,89.46,363229
2026-01-14 16:35:00,89.46,89.5,89.3,89.3,219430
2026-01-14 16:40:00,89.3,89.3,89.0,89.08,229671
2026-01-14 16:45:00,89.08,89.1,88.7701,88.7701,176950
2026-01-14 16:50:00,88.77,88.79,88.315,88.3235,420614
2026-01-14 16:55:00,88.33,88.49,88.22,88.37,435927
2026-01-14 17:00:00,88.37,88.46,88.245,88.355,244717
2026-01-14 17:05:00,88.36,88.46,88.2,88.255,202626
2026-01-14 17:10:00,88.25,88.39,88.06,88.37,556817
2026-01-14 17:15:00,88.36,88.575,88.3362,88.515,503130
2026-01-14 17:20:00,88.51,88.64,88.34,88.43,260293
2026-01-14 17:25:00,88.44,88.53,88.125,88.48,217348
2026-01-14 17:30:00,88.47,88.505,88.24,88.37,237420
2026-01-14 17:35:00,88.36,88.61,88.27,88.55,184054
2026-01-14 17:40:00,88.56,88.62,88.27,88.33,260509
2026-01-14 17:45:00,88.33,88.56,88.3001,88.5,220015
2026-01-14 17:50:00,88.5,88.54,88.35,88.45,150506
2026-01-14 17:55:00,88.44,88.63,88.39,88.475,131797
2026-01-14 18:00:00,88.46,88.56,88.325,88.56,196933
2026-01-14 18:05:00,88.565,88.645,88.43,88.455,152083
2026-01-14 18:10:00,88.4599,88.735,88.445,88.705,174163
2026-01-14 18:15:00,88.7,88.82,88.62,88.71,240917
2026-01-14 18:20:00,88.705,88.76,88.63,88.645,148054
2026-01-14 18:25:00,88.645,88.685,88.555,88.57,123107
2026-01-14 18:30:00,88.57,88.73,88.57,88.73,174081
2026-01-14 18:35:00,88.73,88.94,88.6,88.75,242143
2026-01-14 18:40:00,88.7401,88.755,88.57,88.6655,237059
2026-01-14 18:45:00,88.67,88.93,88.67,88.87,267685
2026-01-14 18:50:00,88.88,89.21,88.87,89.11,216257
2026-01-14 18:55:00,89.12,89.29,88.965,88.99,283065
2026-01-14 19:00:00,89.015,89.07,88.74,88.76,434100
2026-01-14 19:05:00,88.76,89.01,88.73,88.925,272140
2026-01-14 19:10:00,88.92,89.01,88.885,88.98,196835
2026-01-14 19:15:00,88.9856,89.04,88.815,88.815,176917
2026-01-14 19:20:00,88.815,88.84,88.62,88.64,203093
2026-01-14 19:25:00,88.63,88.72,88.58,88.66,295911
2026-01-14 19:30:00,88.66,88.91,88.635,88.9,247364
2026-01-14 19:35:00,88.92,89.14,88.8,89.13,211132
2026-01-14 19:40:00,89.12,89.2099,88.86,89.03,292060
2026-01-14 19:45:00,89.03,89.175,88.99,89.095,176813
2026-01-14 19:50:00,89.1,89.245,89.07,89.08,217124
2026-01-14 19:55:00,89.08,89.18,88.995,89.18,298527
2026-01-14 20:00:00,89.18,89.38,89.1162,89.34,254788
2026-01-14 20:05:00,89.35,89.435,89.08,89.1,243803
2026-01-14 20:10:00,89.07,89.185,89.04,89.075,224501
2026-01-14 20:15:00,89.075,89.15,88.99,89.11,265218
2026-01-14 20:20:00,89.125,89.165,89.0,89.02,243629
2026-01-14 20:25:00,89.015,89.07,88.84,89.06,415970
2026-01-14 20:30:00,89.06,89.34,89.04,89.2,396451
2026-01-14 20:35:00,89.2,89.29,89.08,89.24,323078
2026-01-14 20:40:00,89.24,89.34,89.17,89.3309,356443
2026-01-14 20:45:00,89.34,89.4559,89.24,89.29,525573
2026-01-14 20:50:00,89.31,89.53,89.28,89.42,644599
2026-01-14 20:55:00,89.43,89.54,89.17,89.25,1369365
2026-01-15 14:30:00,89.34,89.52,88.61,89.15,831133
2026-01-15 14:35:00,89.17,89.645,89.08,89.645,463610
2026-01-15 14:40:00,89.66,89.91,89.41,89.57,414882
2026-01-15 14:45:00,89.565,89.64,88.76,89.1099,323981
2026-01-15 14:50:00,89.08,89.129,88.6856,88.735,249812
2026-01-15 14:55:00,88.75,89.09,88.725,88.95,283866
2026-01-15 15:00:00,88.94,89.165,88.36,88.56,520987
2026-01-15 15:05:00,88.54,89.38,88.505,89.31,417738
2026-01-15 15:10:00,89.32,89.34,89.02,89.11,217447
2026-01-15 15:15:00,89.11,89.405,89.02,89.3725,216679
2026-01-15 15:20:00,89.37,89.585,88.95,88.9653,318365
2026-01-15 15:25:00,88.96,89.19,88.94,89.14,241165
2026-01-15 15:30:00,89.12,89.2877,89.11,89.13,219630
2026-01-15 15:35:00,89.125,89.14,88.83,88.91,213251
2026-01-15 15:40:00,88.91,89.3,88.91,89.265,216141
2026-01-15 15:45:00,89.25,89.3403,88.96,89.2199,430288
2026-01-15 15:50:00,89.205,89.4,89.1901,89.33,223164
2026-01-15 15:55:00,89.31,89.49,89.265,89.4103,223579
2026-01-15 16:00:00,89.41,89.47,89.3,89.305,187410
2026-01-15 16:05:00,89.305,89.305,89.04,89.265,259845
2026-01-15 16:10:00,89.265,89.3,89.1725,89.25,195932
2026-01-15 16:15:00,89.25,89.33,89.15,89.16,286452
2026-01-15 16:20:00,89.15,89.17,89.035,89.08,172891
2026-01-15 16:25:00,89.07,89.09,88.95,88.975,201800
2026-01-15 16:30:00,88.97,89.155,88.92,89.06,209230
2026-01-15 16:35:00,89.06,89.06,88.935,89.0,123592
2026-01-15 16:40:00,89.0,89.38,88.975,89.38,118532
2026-01-15 16:45:00,89.37,89.38,89.17,89.19,163315
2026-01-15 16:50:00,89.18,89.25,89.12,89.24,122536
2026-01-15 16:55:00,89.24,89.35,89.2,89.26,155021
2026-01-15 17:00:00,89.25,89.435,89.25,89.42,148781
2026-01-15 17:05:00,89.41,89.44,89.2,89.21,97271
2026-01-15 17:10:00,89.205,89.37,89.205,89.31,135147
2026-01-15 17:15:00,89.31,89.33,89.245,89.285,148408
2026-01-15 17:20:00,89.28,89.415,89.27,89.41,153060
2026-01-15 17:25:00,89.41,89.46,89.25,89.315,169247
2026-01-15 17:30:00,89.315,89.32,89.225,89.27,134724
2026-01-15 17:35:00,89.27,89.3798,89.15,89.17,173832
2026-01-15 17:40:00,89.17,89.195,89.12,89.165,108277
2026-01-15 17:45:00,89.165,89.27,89.105,89.125,117930
2026-01-15 17:50:00,89.12,89.23,89.11,89.195,123604
2026-01-15 17:55:00,89.19,89.23,89.09,89.115,191646
2026-01-15 18:00:00,89.11,89.245,89.04,89.19,180534
2026-01-15 18:05:00,89.185,89.24,89.0825,89.0825,189114
2026-01-15 18:10:00,89.089,89.165,89.047,89.09,119920
2026-01-15 18:15:00,89.09,89.3,89.08,89.185,261407
2026-01-15 18:20:00,89.19,89.29,89.19,89.24,125489
2026-01-15 18:25:00,89.24,89.255,89.12,89.175,130354
2026-01-15 18:30:00,89.15,89.25,89.15,89.245,130643
2026-01-15 18:35:00,89.24,89.35,89.24,89.34,127529
2026-01-15 18:40:00,89.335,89.465,89.26,89.435,172947
2026-01-15 18:45:00,89.4307,89.45,89.29,89.3,203784
2026-01-15 18:50:00,89.295,89.33,89.215,89.24,140810
2026-01-15 18:55:00,89.24,89.39,89.24,89.385,201128
2026-01-15 19:00:00,89.385,89.55,89.36,89.535,365611
2026-01-15 19:05:00,89.53,89.55,89.405,89.415,126281
2026-01-15 19:10:00,89.41,89.63,89.385,89.58,166378
2026-01-15 19:15:00,89.5801,89.61,89.52,89.53,128396
2026-01-15 19:20:00,89.53,89.685,89.52,89.64,153020
2026-01-15 19:25:00,89.64,89.65,89.55,89.56,123452
2026-01-15 19:30:00,89.555,89.6,89.485,89.58,144142
2026-01-15 19:35:00,89.59,89.625,89.555,89.61,124801
2026-01-15 19:40:00,89.61,89.65,89.46,89.49,147920
2026-01-15 19:45:00,89.48,89.48,89.05,89.085,388797
2026-01-15 19:50:00,89.085,89.2,88.995,89.09,282663
2026-01-15 19:55:00,89.09,89.105,88.99,89.08,179539
2026-01-15 20:00:00,89.08,89.15,89.015,89.145,212954
2026-01-15 20:05:00,89.15,89.25,89.05,89.07,224319
2026-01-15 20:10:00,89.06,89.195,89.05,89.14,142788
2026-01-15 20:15:00,89.145,89.145,88.975,88.995,210338
2026-01-15 20:20:00,88.99,89.03,88.71,88.845,287331
2026-01-15 20:25:00,88.84,88.86,88.75,88.795,228644
2026-01-15 20:30:00,88.79,88.935,88.76,88.93,270545
2026-01-15 20:35:00,88.93,88.985,88.81,88.835,269162
2026-01-15 20:40:00,88.83,88.92,88.8,88.855,206109
2026-01-15 20:45:00,88.85,88.885,88.71,88.77,246075
2026-01-15 20:50:00,88.77,88.91,88.75,88.835,501880
2026-01-15 20:55:00,88.84,88.96,88.76,88.945,1646726
2026-01-16 14:30:00,88.96,89.665,88.72,89.055,1840921
2026-01-16 14:35:00,89.095,89.58,89.05,89.57,312067
2026-01-16 14:40:00,89.575,89.6918,89.3,89.45,215682
2026-01-16 14:45:00,89.455,89.555,89.14,89.17,187126
2026-01-16 14:50:00,89.17,89.32,89.07,89.31,135230
2026-01-16 14:55:00,89.33,89.3915,88.82,88.82,181806
2026-01-16 15:00:00,88.82,89.005,88.72,89.0,214738
2026-01-16 15:05:00,89.01,89.1188,88.96,89.11,225109
2026-01-16 15:10:00,89.11,89.21,88.94,89.055,244383
2026-01-16 15:15:00,89.1,89.2399,89.065,89.21,216594
2026-01-16 15:20:00,89.209,89.29,89.1,89.22,178779
2026-01-16 15:25:00,89.22,89.225,89.08,89.11,169152
2026-01-16 15:30:00,89.105,89.25,88.96,88.975,191071
2026-01-16 15:35:00,88.975,88.99,88.82,88.835,835532
2026-01-16 15:40:00,88.84,88.9673,88.745,88.905,229810
2026-01-16 15:45:00,88.905,88.96,88.75,88.895,182873
2026-01-16 15:50:00,88.89,88.945,88.82,88.8401,218884
2026-01-16 15:55:00,88.84,88.91,88.72,88.875,204535
2026-01-16 16:00:00,88.875,88.9,88.72,88.82,184101
2026-01-16 16:05:00,88.825,88.95,88.765,88.925,219026
2026-01-16 16:10:00,88.935,89.305,88.92,89.22,263658
2026-01-16 16:15:00,89.225,89.26,89.13,89.145,121119
2026-01-16 16:20:00,89.14,89.22,89.075,89.075,174321
2026-01-16 16:25:00,89.075,89.09,88.93,88.96,649429
2026-01-16 16:30:00,88.965,89.02,88.91,88.92,121197
2026-01-16 16:35:00,88.925,89.015,88.845,88.93,167820
2026-01-16 16:40:00,88.93,89.06,88.8501,89.035,157236
2026-01-16 16:45:00,89.035,89.06,89.01,89.03,120914
2026-01-16 16:50:00,89.035,89.11,88.97,88.97,186678
2026-01-16 16:55:00,88.96,89.03,88.92,88.965,144047
2026-01-16 17:00:00,88.96,89.0,88.77,88.865,1699356
2026-01-16 17:05:00,88.87,88.945,88.845,88.9,217442
2026-01-16 17:10:00,88.91,88.965,88.86,88.949,105898
2026-01-16 17:15:00,88.95,89.095,88.95,89.075,142652
2026-01-16 17:20:00,89.07,89.11,89.02,89.04,174868
2026-01-16 17:25:00,89.03,89.06,89.0,89.025,146366
2026-01-16 17:30:00,89.03,89.135,89.02,89.1,213636
2026-01-16 17:35:00,89.1,89.34,89.065,89.32,164492
2026-01-16 17:40:00,89.325,89.355,89.205,89.235,179548
2026-01-16 17:45:00,89.23,89.395,89.2,89.35,142251
2026-01-16 17:50:00,89.35,89.465,89.32,89.425,124996
2026-01-16 17:55:00,89.43,89.58,89.4025,89.49,139666
2026-01-16 18:00:00,89.49,89.635,89.49,89.525,170069
2026-01-16 18:05:00,89.5246,89.525,89.335,89.375,139576
2026-01-16 18:10:00,89.375,89.4161,89.32,89.415,112185
2026-01-16 18:15:00,89.41,89.48,89.3218,89.34,211558
2026-01-16 18:20:00,89.35,89.36,89.3,89.32,422947
2026-01-16 18:25:00,89.31,89.335,89.235,89.275,148794
2026-01-16 18:30:00,89.275,89.35,89.19,89.25,140788
2026-01-16 18:35:00,89.245,89.25,89.17,89.18,105809
2026-01-16 18:40:00,89.17,89.185,89.09,89.105,122967
2026-01-16 18:45:00,89.1,89.11,89.02,89.04,113279
2026-01-16 18:50:00,89.04,89.07,88.995,88.995,168190
2026-01-16 18:55:00,88.995,89.01,88.8746,88.875,98136
2026-01-16 19:00:00,88.875,88.97,88.805,88.965,150615
2026-01-16 19:05:00,88.965,89.01,88.895,88.91,128271
2026-01-16 19:10:00,88.915,88.92,88.845,88.855,92780
2026-01-16 19:15:00,88.855,88.9,88.835,88.835,115775
2026-01-16 19:20:00,88.835,88.94,88.815,88.93,110005
2026-01-16 19:25:00,88.93,88.93,88.7546,88.76,128037
2026-01-16 19:30:00,88.77,88.85,88.755,88.825,140731
2026-01-16 19:35:00,88.825,88.96,88.825,88.865,147013
2026-01-16 19:40:00,88.8687,88.9,88.82,88.8246,101883
2026-01-16 19:45:00,88.83,88.865,88.645,88.67,204074
2026-01-16 19:50:00,88.66,88.73,88.65,88.675,203945
2026-01-16 19:55:00,88.68,88.795,88.61,88.615,249935
2026-01-16 20:00:00,88.615,88.66,88.555,88.625,145678
2026-01-16 20:05:00,88.63,88.75,88.63,88.665,472525
2026-01-16 20:10:00,88.67,88.68,88.5825,88.585,166996
2026-01-16 20:15:00,88.585,88.75,88.585,88.67,184410
2026-01-16 20:20:00,88.6685,88.705,88.64,88.6456,151510
2026-01-16 20:25:00,88.645,88.65,88.465,88.465,255307
2026-01-16 20:30:00,88.47,88.475,88.4,88.445,197674
2026-01-16 20:35:00,88.44,88.45,88.2746,88.285,360416
2026-01-16 20:40:00,88.285,88.31,88.21,88.3091,334964
2026-01-16 20:45:00,88.305,88.355,88.08,88.17,369264
2026-01-16 20:50:00,88.18,88.395,88.18,88.195,798605
2026-01-16 20:55:00,88.2,88.41,88.195,88.37,1304918
2026-01-20 14:30:00,87.26,87.28,86.8,87.18,531766
2026-01-20 14:35:00,87.16,87.87,87.0008,87.71,333792
2026-01-20 14:40:00,87.71,87.97,87.55,87.8,261179
2026-01-20 14:45:00,87.79,87.98,87.61,87.97,216430
2026-01-20 14:50:00,87.94,87.94,87.63,87.66,152802
2026-01-20 14:55:00,87.64,88.0,87.64,87.75,256594
2026-01-20 15:00:00,87.72,87.83,87.47,87.815,298717
2026-01-20 15:05:00,87.8,87.9162,87.62,87.8595,174885
2026-01-20 15:10:00,87.835,88.09,87.75,88.09,140059
2026-01-20 15:15:00,88.09,88.12,87.99,88.08,137173
2026-01-20 15:20:00,88.08,88.54,88.08,88.51,167917
2026-01-20 15:25:00,88.52,88.64,88.515,88.52,161411
2026-01-20 15:30:00,88.52,88.61,88.465,88.5,258615
2026-01-20 15:35:00,88.49,88.53,88.43,88.45,106549
2026-01-20 15:40:00,88.465,88.465,88.465,88.465,179367
2026-01-20 15:45:00,88.465,88.52,88.39,88.39,103285
2026-01-20 15:50:00,88.38,88.47,88.36,88.37,108210
2026-01-20 15:55:00,88.37,88.37,88.24,88.305,151887
2026-01-20 16:00:00,88.305,88.35,88.115,88.17,143628
2026-01-20 16:05:00,88.16,88.21,88.07,88.17,94078
2026-01-20 16:10:00,88.17,88.33,88.16,88.22,137752
2026-01-20 16:15:00,88.23,88.255,88.115,88.125,86590
2026-01-20 16:20:00,88.13,88.17,87.99,88.005,129799
2026-01-20 16:25:00,88.0,88.035,87.84,87.9534,157476
2026-01-20 16:30:00,87.95,87.98,87.885,87.91,140542
2026-01-20 16:35:00,87.92,88.04,87.91,88.03,136547
2026-01-20 16:40:00,88.04,88.045,87.88,87.99,148890
2026-01-20 16:45:00,87.99,88.12,87.95,88.12,138192
2026-01-20 16:50:00,88.125,88.15,87.83,87.845,151613
2026-01-20 16:55:00,87.85,87.96,87.84,87.96,105730
2026-01-20 17:00:00,87.965,87.97,87.785,87.785,133534
2026-01-20 17:05:00,87.78,87.84,87.69,87.82,92360
2026-01-20 17:10:00,87.82,87.85,87.75,87.795,74487
2026-01-20 17:15:00,87.79,87.875,87.79,87.845,104206
2026-01-20 17:20:00,87.8487,87.8487,87.675,87.675,131392
2026-01-20 17:25:00,87.67,87.79,87.665,87.77,135832
2026-01-20 17:30:00,87.77,87.77,87.56,87.56,103859
2026-01-20 17:35:00,87.56,87.62,87.45,87.6042,131121
2026-01-20 17:40:00,87.6,87.66,87.535,87.535,82890
2026-01-20 17:45:00,87.53,87.53,87.38,87.43,115915
2026-01-20 17:50:00,87.43,87.47,87.4,87.44,129123
2026-01-20 17:55:00,87.45,87.485,87.4,87.4203,109654
2026-01-20 18:00:00,87.42,87.585,87.41,87.4501,125990
2026-01-20 18:05:00,87.45,87.525,87.44,87.45,111663
2026-01-20 18:10:00,87.4506,87.55,87.45,87.49,111158
2026-01-20 18:15:00,87.49,87.49,87.34,87.3466,101014
2026-01-20 18:20:00,87.34,87.38,87.28,87.34,1031960
2026-01-20 18:25:00,87.34,87.375,87.25,87.26,83379
2026-01-20 18:30:00,87.259,87.39,87.245,87.245,113401
2026-01-20 18:35:00,87.25,87.2654,87.105,87.12,93748
2026-01-20 18:40:00,87.12,87.12,87.0,87.01,127267
2026-01-20 18:45:00,87.005,87.005,86.79,86.865,207972
2026-01-20 18:50:00,86.86,86.895,86.78,86.79,187614
2026-01-20 18:55:00,86.7801,86.89,86.75,86.8,135261
2026-01-20 19:00:00,86.81,86.88,86.75,86.77,136372
2026-01-20 19:05:00,86.76,86.83,86.75,86.775,117848
2026-01-20 19:10:00,86.78,86.85,86.685,86.705,178384
2026-01-20 19:15:00,86.7037,86.71,86.62,86.64,121453
2026-01-20 19:20:00,86.64,86.645,86.53,86.615,146057
2026-01-20 19:25:00,86.61,86.61,86.39,86.505,253858
2026-01-20 19:30:00,86.505,86.54,86.39,86.39,196588
2026-01-20 19:35:00,86.38,86.435,86.32,86.4,200061
2026-01-20 19:40:00,86.4,86.535,86.39,86.44,180317
2026-01-20 19:45:00,86.44,86.515,86.395,86.41,127025
2026-01-20 19:50:00,86.42,86.495,86.39,86.46,147024
2026-01-20 19:55:00,86.465,86.47,86.35,86.41,150657
2026-01-20 20:00:00,86.41,86.45,86.28,86.44,163850
2026-01-20 20:05:00,86.445,86.51,86.405,86.41,153424
2026-01-20 20:10:00,86.42,86.53,86.4,86.44,202782
2026-01-20 20:15:00,86.45,86.62,86.435,86.55,237866
2026-01-20 20:20:00,86.545,86.63,86.485,86.605,167481
2026-01-20 20:25:00,86.605,86.81,86.6,86.77,218278
2026-01-20 20:30:00,86.78,86.79,86.705,86.755,213057
2026-01-20 20:35:00,86.755,86.755,86.52,86.535,218096
2026-01-20 20:40:00,86.535,86.575,86.51,86.575,174549
2026-01-20 20:45:00,86.57,86.585,86.45,86.54,227839
2026-01-20 20:50:00,86.53,86.755,86.53,86.645,357995
2026-01-20 20:55:00,86.63,86.705,86.495,86.65,1111682
2026-01-21 14:30:00,86.5,87.31,86.44,87.31,444848
2026-01-21 14:35:00,87.29,87.5322,87.22,87.415,152830
2026-01-21 14:40:00,87.39,87.56,87.155,87.24,141481
2026-01-21 14:45:00,87.265,87.52,87.22,87.415,152994
2026-01-21 14:50:00,87.43,87.43,87.0,87.08,97363
2026-01-21 14:55:00,87.09,87.3351,87.07,87.29,87310
2026-01-21 15:00:00,87.28,87.35,86.86,87.0,166752
2026-01-21 15:05:00,87.02,87.065,86.82,86.86,137586
2026-01-21 15:10:00,86.855,87.225,86.735,87.21,154137
2026-01-21 15:15:00,87.21,87.38,87.185,87.26,137133
2026-01-21 15:20:00,87.27,87.28,87.09,87.11,115645
2026-01-21 15:25:00,87.11,87.23,87.04,87.155,132489
2026-01-21 15:30:00,87.16,87.25,87.04,87.14,169177
2026-01-21 15:35:00,87.14,87.23,86.96,87.035,324277
2026-01-21 15:40:00,87.04,87.05,86.935,87.035,224519
2026-01-21 15:45:00,87.04,87.175,86.94,86.94,170171
2026-01-21 15:50:00,86.94,86.95,86.77,86.945,165915
2026-01-21 15:55:00,86.945,87.065,86.855,86.965,264888
2026-01-21 16:00:00,86.96,87.045,86.8,86.8297,436963
2026-01-21 16:05:00,86.82,86.87,86.59,86.64,194681
2026-01-21 16:10:00,86.645,86.78,86.495,86.53,154652
2026-01-21 16:15:00,86.51,86.57,86.23,86.29,301309
2026-01-21 16:20:00,86.29,86.34,86.1,86.175,202927
2026-01-21 16:25:00,86.18,86.375,86.12,86.343,238497
2026-01-21 16:30:00,86.35,86.39,86.105,86.16,149887
2026-01-21 16:35:00,86.167,86.17,86.03,86.115,144021
2026-01-21 16:40:00,86.125,86.435,86.115,86.35,197939
2026-01-21 16:45:00,86.35,86.54,86.25,86.44,164915
2026-01-21 16:50:00,86.45,86.465,86.34,86.405,106145
2026-01-21 16:55:00,86.39,86.67,86.2,86.61,872299
2026-01-21 17:00:00,86.6,86.7915,86.6,86.75,204248
2026-01-21 17:05:00,86.74,86.76,86.61,86.71,87154
2026-01-21 17:10:00,86.69,86.78,86.5374,86.595,122112
2026-01-21 17:15:00,86.6,86.92,86.51,86.875,111644
2026-01-21 17:20:00,86.89,87.0,86.81,86.95,107426
2026-01-21 17:25:00,86.92,87.0,86.87,86.92,60372
2026-01-21 17:30:00,86.91,86.91,86.675,86.7621,191319
2026-01-21 17:35:00,86.76,86.84,86.68,86.815,129701
2026-01-21 17:40:00,86.82,86.925,86.79,86.85,106573
2026-01-21 17:45:00,86.84,86.895,86.765,86.84,74368
2026-01-21 17:50:00,86.82,87.0,86.815,86.995,75817
2026-01-21 17:55:00,86.98,87.12,86.93,87.065,126551
2026-01-21 18:00:00,87.06,87.08,86.72,86.76,66233
2026-01-21 18:05:00,86.76,86.885,86.76,86.83,82050
2026-01-21 18:10:00,86.83,86.89,86.8,86.82,57035
2026-01-21 18:15:00,86.83,86.88,86.8,86.85,59669
2026-01-21 18:20:00,86.86,86.96,86.79,86.89,70822
2026-01-21 18:30:00,87.06,87.06,86.98,86.98,127626
2026-01-21 18:35:00,86.98,87.005,86.751,86.83,76479
2026-01-21 18:40:00,86.83,86.835,86.785,86.8,72143
2026-01-21 18:45:00,86.81,86.97,86.75,86.95,92398
2026-01-21 18:50:00,86.94,86.945,86.81,86.81,63235
2026-01-21 18:55:00,86.8,86.85,86.752,86.845,70738
2026-01-21 19:00:00,86.85,86.86,86.64,86.6425,122252
2026-01-21 19:05:00,86.64,86.68,86.5,86.605,111408
2026-01-21 19:10:00,86.61,86.665,86.545,86.55,94020
2026-01-21 19:15:00,86.555,86.64,86.55,86.625,90882
2026-01-21 19:20:00,86.625,86.65,86.555,86.59,182500
2026-01-21 19:25:00,86.595,87.09,86.53,87.025,290220
2026-01-21 19:30:00,87.03,87.175,86.96,87.055,188803
2026-01-21 19:35:00,87.05,87.245,87.02,87.14,176235
2026-01-21 19:40:00,87.13,87.1999,86.945,86.955,230895
2026-01-21 19:45:00,86.96,87.01,86.82,86.96,154515
2026-01-21 19:50:00,86.96,87.0,86.725,86.77,113488
2026-01-21 19:55:00,86.78,86.825,86.6504,86.825,138727
2026-01-21 20:00:00,86.825,86.865,86.615,86.63,171332
2026-01-21 20:05:00,86.64,86.68,86.455,86.485,170068
2026-01-21 20:10:00,86.48,86.51,86.375,86.405,200820
2026-01-21 20:15:00,86.41,86.52,86.355,86.51,194552
2026-01-21 20:20:00,86.515,86.62,86.465,86.615,172113
2026-01-21 20:25:00,86.615,86.62,86.33,86.345,172857
2026-01-21 20:30:00,86.34,86.525,86.325,86.49,209503
2026-01-21 20:35:00,86.49,86.5351,86.46,86.515,182582
2026-01-21 20:40:00,86.52,86.6,86.385,86.49,267376
2026-01-21 20:45:00,86.495,86.555,86.475,86.52,282867
2026-01-21 20:50:00,86.52,86.63,86.2,86.365,551277
2026-01-21 20:55:00,86.36,86.365,86.04,86.13,1176341
2026-01-22 14:30:00,86.43,87.085,86.43,86.945,343171
2026-01-22 14:35:00,86.97,87.53,86.82,87.455,317933
2026-01-22 14:40:00,87.47,87.6154,87.25,87.38,267479
2026-01-22 14:45:00,87.38,87.72,87.295,87.7,287029
2026-01-22 14:50:00,87.68,87.79,87.435,87.56,348185
2026-01-22 14:55:00,87.56,87.66,87.45,87.66,291748
2026-01-22 15:00:00,87.67,87.75,87.43,87.48,269090
2026-01-22 15:05:00,87.47,87.5967,87.31,87.53,289294
2026-01-22 15:10:00,87.525,87.64,87.48,87.545,270308
2026-01-22 15:15:00,87.54,87.69,87.53,87.68,175182
2026-01-22 15:20:00,87.685,87.72,87.585,87.61,187553
2026-01-22 15:25:00,87.6101,87.76,87.515,87.69,192353
2026-01-22 15:30:00,87.69,87.875,87.625,87.75,266958
2026-01-22 15:35:00,87.74,87.86,87.66,87.77,206338
2026-01-22 15:40:00,87.77,87.805,87.7,87.79,155046
2026-01-22 15:45:00,87.795,87.975,87.71,87.97,143437
2026-01-22 15:50:00,87.96,88.08,87.96,88.06,123802
2026-01-22 15:55:00,88.05,88.11,87.99,88.001,166732
2026-01-22 16:00:00,88.0001,88.295,88.0,88.225,178119
2026-01-22 16:05:00,88.225,88.29,88.19,88.22,115841
2026-01-22 16:10:00,88.225,88.4,88.19,88.34,200753
2026-01-22 16:15:00,88.34,88.35,88.17,88.275,123264
2026-01-22 16:20:00,88.275,88.37,88.2,88.255,179344
2026-01-22 16:25:00,88.255,88.36,88.235,88.32,192678
2026-01-22 16:30:00,88.33,88.545,88.26,88.545,165957
2026-01-22 16:35:00,88.545,88.62,88.445,88.445,141087
2026-01-22 16:40:00,88.43,88.575,88.42,88.51,166688
2026-01-22 16:45:00,88.515,88.56,88.4542,88.465,173614
2026-01-22 16:50:00,88.465,88.485,88.395,88.4,143470
2026-01-22 16:55:00,88.4,88.4,88.305,88.37,193756
2026-01-22 17:00:00,88.375,88.45,88.315,88.42,224230
2026-01-22 17:05:00,88.42,88.655,88.26,88.655,216989
2026-01-22 17:10:00,88.65,88.725,88.595,88.625,197229
2026-01-22 17:15:00,88.63,88.75,88.6,88.67,160926
2026-01-22 17:20:00,88.655,88.72,88.64,88.715,129582
2026-01-22 17:25:00,88.71,88.8,88.66,88.79,170334
2026-01-22 17:30:00,88.785,88.935,88.7775,88.92,198794
2026-01-22 17:35:00,88.92,89.0,88.83,88.84,147040
2026-01-22 17:40:00,88.85,88.915,88.73,88.755,106080
2026-01-22 17:45:00,88.755,88.755,88.59,88.74,127752
2026-01-22 17:50:00,88.745,88.9,88.74,88.865,103564
2026-01-22 17:55:00,88.865,88.865,88.78,88.805,313711
2026-01-22 18:00:00,88.805,88.84,88.7,88.755,202024
2026-01-22 18:05:00,88.755,88.8,88.605,88.615,107221
2026-01-22 18:10:00,88.6001,88.62,88.41,88.42,244572
2026-01-22 18:15:00,88.43,88.51,88.34,88.41,144824
2026-01-22 18:20:00,88.42,88.44,88.18,88.38,1366071
2026-01-22 18:25:00,88.38,88.39,88.28,88.39,105830
2026-01-22 18:30:00,88.3864,88.6602,88.18,88.655,1237772
2026-01-22 18:35:00,88.655,88.665,88.57,88.62,103852
2026-01-22 18:40:00,88.62,88.67,88.605,88.645,75963
2026-01-22 18:45:00,88.65,88.745,88.64,88.66,92395
2026-01-22 18:50:00,88.67,88.705,88.65,88.69,70957
2026-01-22 18:55:00,88.7,88.71,88.5,88.655,174313
2026-01-22 19:00:00,88.655,88.805,88.655,88.8,93808
2026-01-22 19:05:00,88.81,88.87,88.735,88.865,100406
2026-01-22 19:10:00,88.86,88.865,88.78,88.805,85753
2026-01-22 19:15:00,88.8,88.8,88.68,88.705,102302
2026-01-22 19:20:00,88.71,88.76,88.67,88.67,71097
2026-01-22 19:25:00,88.675,88.705,88.63,88.6592,96185
2026-01-22 19:30:00,88.655,88.66,88.575,88.594,87841
2026-01-22 19:35:00,88.59,88.6099,88.51,88.51,82761
2026-01-22 19:40:00,88.51,88.565,88.49,88.515,147901
2026-01-22 19:45:00,88.51,88.56,88.49,88.53,107372
2026-01-22 19:50:00,88.535,88.565,88.48,88.49,90742
2026-01-22 19:55:00,88.495,88.515,88.25,88.25,139912
2026-01-22 20:00:00,88.25,88.34,88.175,88.3,171902
2026-01-22 20:05:00,88.31,88.4,88.22,88.3,246091
2026-01-22 20:10:00,88.31,88.35,88.18,88.285,213656
2026-01-22 20:15:00,88.28,88.32,88.16,88.185,227783
2026-01-22 20:20:00,88.185,88.235,88.12,88.19,193694
2026-01-22 20:25:00,88.195,88.25,88.135,88.225,219447
2026-01-22 20:30:00,88.21,88.215,88.07,88.12,241742
2026-01-22 20:35:00,88.115,88.17,88.04,88.12,227945
2026-01-22 20:40:00,88.125,88.125,87.915,88.005,290366
2026-01-22 20:45:00,88.005,88.12,87.925,88.0,284903
2026-01-22 20:50:00,88.0,88.14,87.98,88.065,338364
2026-01-22 20:55:00,88.06,88.2,88.035,88.04,921999
2026-01-23 14:30:00,87.5,87.5,86.76,87.01,287435
2026-01-23 14:35:00,87.01,87.5,86.97,87.12,211089
2026-01-23 14:40:00,87.11,87.32,86.86,87.29,204310
2026-01-23 14:45:00,87.295,87.52,87.02,87.02,221044
2026-01-23 14:50:00,87.01,87.315,86.94,87.235,192896
2026-01-23 14:55:00,87.25,87.54,87.2,87.45,114729
2026-01-23 15:00:00,87.49,87.71,87.445,87.59,98211
2026-01-23 15:05:00,87.58,87.63,87.36,87.39,124689
2026-01-23 15:10:00,87.4,87.5,87.24,87.26,254977
2026-01-23 15:15:00,87.27,87.36,87.09,87.17,190425
2026-01-23 15:20:00,87.16,87.225,86.97,87.11,142137
2026-01-23 15:25:00,87.09,87.11,86.86,86.93,171323
2026-01-23 15:30:00,86.925,87.02,86.855,86.89,167331
2026-01-23 15:35:00,86.9,86.97,86.84,86.92,125571
2026-01-23 15:40:00,86.915,86.955,86.66,86.69,171398
2026-01-23 15:45:00,86.695,86.72,86.5694,86.5694,156193
2026-01-23 15:50:00,86.57,86.605,86.38,86.455,173875
2026-01-23 15:55:00,86.455,86.535,86.36,86.46,189511
2026-01-23 16:00:00,86.46,86.635,86.45,86.625,134584
2026-01-23 16:05:00,86.615,86.71,86.57,86.7,110912
2026-01-23 16:10:00,86.705,86.78,86.47,86.61,146345
2026-01-23 16:15:00,86.61,86.66,86.49,86.59,136935
2026-01-23 16:20:00,86.585,86.595,86.45,86.54,160232
2026-01-23 16:25:00,86.53,86.5799,86.44,86.5,171014
2026-01-23 16:30:00,86.5194,86.5194,86.3744,86.39,169999
2026-01-23 16:35:00,86.39,86.615,86.39,86.52,113042
2026-01-23 16:40:00,86.52,86.57,86.38,86.51,139505
2026-01-23 16:45:00,86.51,86.52,86.425,86.48,118073
2026-01-23 16:50:00,86.48,86.51,86.2,86.2183,411364
2026-01-23 16:55:00,86.22,86.32,86.17,86.245,139755
2026-01-23 17:00:00,86.245,86.395,86.21,86.385,142122
2026-01-23 17:05:00,86.385,86.41,86.23,86.25,132491
2026-01-23 17:10:00,86.26,86.33,86.25,86.3,102278
2026-01-23 17:15:00,86.305,86.37,86.19,86.285,178919
2026-01-23 17:20:00,86.285,86.44,86.265,86.31,100167
2026-01-23 17:25:00,86.3,86.46,86.295,86.42,132090
2026-01-23 17:30:00,86.4289,86.5,86.41,86.485,87626
2026-01-23 17:35:00,86.485,86.58,86.47,86.5575,113293
2026-01-23 17:40:00,86.56,86.58,86.41,86.46,133283
2026-01-23 17:45:00,86.46,86.5,86.405,86.49,125129
2026-01-23 17:50:00,86.49,86.505,86.22,86.375,158482
2026-01-23 17:55:00,86.37,86.4,86.03,86.21,255034
2026-01-23 18:00:00,86.195,86.34,86.18,86.27,127691
2026-01-23 18:05:00,86.25,86.3399,86.18,86.32,99979
2026-01-23 18:10:00,86.33,86.44,86.33,86.41,62504
2026-01-23 18:15:00,86.42,86.445,86.27,86.3,181337
2026-01-23 18:20:00,86.3,86.44,86.27,86.43,100442
2026-01-23 18:25:00,86.43,86.47,86.36,86.37,95890
2026-01-23 18:30:00,86.37,86.48,86.305,86.4,134954
2026-01-23 18:35:00,86.4,86.58,86.4,86.51,82192
2026-01-23 18:40:00,86.51,86.6,86.46,86.59,94753
2026-01-23 18:45:00,86.58,86.67,86.54,86.62,79429
2026-01-23 18:50:00,86.605,86.645,86.55,86.56,95867
2026-01-23 18:55:00,86.56,86.77,86.56,86.77,93612
2026-01-23 19:00:00,86.78,86.83,86.7,86.83,123742
2026-01-23 19:05:00,86.82,86.82,86.74,86.75,102691
2026-01-23 19:10:00,86.77,86.83,86.7381,86.8,126796
2026-01-23 19:15:00,86.8,86.91,86.7892,86.85,114482
2026-01-23 19:20:00,86.8623,86.99,86.859,86.95,138586
2026-01-23 19:25:00,86.95,86.985,86.86,86.905,104258
2026-01-23 19:30:00,86.905,86.97,86.9,86.91,94500
2026-01-23 19:35:00,86.901,86.93,86.81,86.85,95653
2026-01-23 19:40:00,86.845,86.93,86.8298,86.83,107483
2026-01-23 19:45:00,86.84,86.87,86.71,86.8,108081
2026-01-23 19:50:00,86.8,86.91,86.8,86.84,105656
2026-01-23 19:55:00,86.84,86.865,86.79,86.86,86199
2026-01-23 20:00:00,86.86,86.875,86.77,86.835,122592
2026-01-23 20:05:00,86.835,86.93,86.835,86.905,152726
2026-01-23 20:10:00,86.905,86.93,86.76,86.875,127438
2026-01-23 20:15:00,86.8675,86.95,86.8675,86.89,159958
2026-01-23 20:20:00,86.89,86.97,86.82,86.935,164692
2026-01-23 20:25:00,86.935,86.965,86.83,86.885,195177
2026-01-23 20:30:00,86.88,86.99,86.86,86.985,244579
2026-01-23 20:35:00,86.985,87.02,86.94,87.005,298278
2026-01-23 20:40:00,86.995,87.06,86.97,87.02,147315
2026-01-23 20:45:00,87.02,87.05,86.95,87.04,224288
2026-01-23 20:50:00,87.04,87.11,86.945,86.95,267488
2026-01-23 20:55:00,86.95,87.04,86.935,86.96,808066
2026-01-26 14:30:00,87.1,87.66,87.1,87.48,260035
2026-01-26 14:35:00,87.52,88.02,87.52,87.885,242849
2026-01-26 14:40:00,87.8785,88.09,87.82,87.935,142887
2026-01-26 14:45:00,87.92,88.09,87.87,87.96,152268
2026-01-26 14:50:00,87.99,88.14,87.915,88.11,127195
2026-01-26 14:55:00,88.11,88.12,87.69,87.785,228719
2026-01-26 15:00:00,87.8,87.925,87.76,87.76,134376
2026-01-26 15:05:00,87.73,87.845,87.65,87.65,161534
2026-01-26 15:10:00,87.65,87.84,87.6,87.825,146117
2026-01-26 15:15:00,87.82,87.835,87.64,87.77,150061
2026-01-26 15:20:00,87.77,87.7999,87.71,87.78,125248
2026-01-26 15:25:00,87.765,87.765,87.59,87.64,145828
2026-01-26 15:30:00,87.64,87.78,87.61,87.73,159235
2026-01-26 15:35:00,87.725,87.8174,87.695,87.775,142515
2026-01-26 15:40:00,87.775,87.9301,87.77,87.915,155769
2026-01-26 15:45:00,87.92,88.035,87.915,87.95,133272
2026-01-26 15:50:00,87.96,88.07,87.9,88.02,142668
2026-01-26 15:55:00,88.02,88.075,87.95,87.95,140184
2026-01-26 16:00:00,87.955,87.975,87.82,87.8499,146250
2026-01-26 16:05:00,87.86,87.875,87.63,87.7,156649
2026-01-26 16:10:00,87.71,87.765,87.53,87.665,228950
2026-01-26 16:15:00,87.665,87.735,87.6,87.64,170271
2026-01-26 16:20:00,87.64,87.865,87.63,87.73,171924
2026-01-26 16:25:00,87.735,87.805,87.735,87.775,151059
2026-01-26 16:30:00,87.78,87.905,87.715,87.89,178379
2026-01-26 16:35:00,87.895,87.935,87.878,87.935,143891
2026-01-26 16:40:00,87.94,87.96,87.7393,87.75,137454
2026-01-26 16:45:00,87.74,87.9375,87.74,87.885,126032
2026-01-26 16:50:00,87.885,87.94,87.7902,87.835,95564
2026-01-26 16:55:00,87.83,87.865,87.75,87.75,139062
2026-01-26 17:00:00,87.7425,87.8154,87.72,87.8,95511
2026-01-26 17:05:00,87.8,87.83,87.755,87.77,107270
2026-01-26 17:10:00,87.76,87.85,87.75,87.85,112558
2026-01-26 17:15:00,87.85,87.925,87.85,87.89,105881
2026-01-26 17:20:00,87.885,87.955,87.88,87.94,131122
2026-01-26 17:25:00,87.935,87.965,87.905,87.955,85421
2026-01-26 17:30:00,87.955,88.005,87.95,88.0,99217
2026-01-26 17:35:00,88.005,88.0055,87.95,87.99,131631
2026-01-26 17:40:00,87.99,88.015,87.96,88.005,89470
2026-01-26 17:45:00,88.0,88.03,87.9625,87.965,102014
2026-01-26 17:50:00,87.96,87.985,87.92,87.945,113838
2026-01-26 17:55:00,87.95,87.99,87.93,87.96,112848
2026-01-26 18:00:00,87.965,88.025,87.96,87.995,98995
2026-01-26 18:05:00,87.995,88.02,87.93,87.96,114381
2026-01-26 18:10:00,87.97,88.05,87.97,88.04,75370
2026-01-26 18:15:00,88.04,88.22,88.01,88.21,108350
2026-01-26 18:20:00,88.215,88.255,88.18,88.215,96973
2026-01-26 18:25:00,88.22,88.2599,88.215,88.22,69660
2026-01-26 18:30:00,88.225,88.2855,88.22,88.2346,109068
2026-01-26 18:35:00,88.24,88.26,88.215,88.23,67439
2026-01-26 18:40:00,88.235,88.26,88.22,88.25,88605
2026-01-26 18:45:00,88.26,88.265,88.21,88.22,83054
2026-01-26 18:50:00,88.225,88.255,88.21,88.225,94896
2026-01-26 18:55:00,88.22,88.225,88.165,88.17,83349
2026-01-26 19:00:00,88.161,88.205,88.125,88.205,124211
2026-01-26 19:05:00,88.2,88.25,88.155,88.205,78439
2026-01-26 19:10:00,88.21,88.215,88.08,88.11,151708
2026-01-26 19:15:00,88.11,88.115,88.06,88.1125,216542
2026-01-26 19:20:00,88.115,88.155,88.09,88.145,72758
2026-01-26 19:25:00,88.145,88.235,88.145,88.225,86314
2026-01-26 19:30:00,88.225,88.25,88.175,88.195,117646
2026-01-26 19:35:00,88.195,88.195,88.11,88.115,74086
2026-01-26 19:40:00,88.11,88.115,88.055,88.095,92967
2026-01-26 19:45:00,88.09,88.127,88.05,88.0533,73983
2026-01-26 19:50:00,88.0501,88.085,88.04,88.075,155348
2026-01-26 19:55:00,88.07,88.075,88.0,88.035,105723
2026-01-26 20:00:00,88.035,88.165,88.035,88.135,99005
2026-01-26 20:05:00,88.135,88.26,88.135,88.245,93603
2026-01-26 20:10:00,88.24,88.255,88.15,88.155,102282
2026-01-26 20:15:00,88.16,88.265,88.12,88.13,113124
2026-01-26 20:20:00,88.14,88.208,88.14,88.155,140694
2026-01-26 20:25:00,88.155,88.155,87.97,87.98,124075
2026-01-26 20:30:00,87.99,88.04,87.925,87.94,163450
2026-01-26 20:35:00,87.94,87.94,87.87,87.875,202414
2026-01-26 20:40:00,87.875,87.89,87.815,87.86,123644
2026-01-26 20:45:00,87.85,87.915,87.82,87.9,215857
2026-01-26 20:50:00,87.9,87.99,87.88,87.96,271276
2026-01-26 20:55:00,87.96,88.1,87.92,88.04,734887
2026-01-27 14:30:00,88.15,88.28,87.69,88.2408,819753
2026-01-27 14:35:00,88.24,88.5,88.06,88.06,150879
2026-01-27 14:40:00,88.064,88.3,88.01,88.115,96651
2026-01-27 14:45:00,88.115,88.14,87.835,87.9099,119731
2026-01-27 14:50:00,87.91,88.18,87.91,88.0,137384
2026-01-27 14:55:00,88.01,88.03,87.83,87.905,121325
2026-01-27 15:00:00,87.905,88.04,87.75,87.82,171567
2026-01-27 15:05:00,87.83,87.83,87.6599,87.685,255547
2026-01-27 15:10:00,87.69,87.775,87.58,87.745,265182
2026-01-27 15:15:00,87.74,87.74,87.48,87.67,317481
2026-01-27 15:20:00,87.655,87.765,87.61,87.745,106793
2026-01-27 15:25:00,87.745,87.745,87.53,87.55,167131
2026-01-27 15:30:00,87.57,87.66,87.515,87.59,115040
2026-01-27 15:35:00,87.595,87.79,87.595,87.68,113591
2026-01-27 15:40:00,87.685,87.7455,87.63,87.745,123159
2026-01-27 15:45:00,87.735,87.88,87.705,87.855,238815
2026-01-27 15:50:00,87.86,88.02,87.84,87.975,123288
2026-01-27 15:55:00,87.975,88.04,87.935,87.94,90069
2026-01-27 16:00:00,87.94,88.015,87.86,87.865,186311
2026-01-27 16:05:00,87.865,87.99,87.855,87.865,141121
2026-01-27 16:10:00,87.86,88.005,87.86,87.985,127310
2026-01-27 16:15:00,87.99,88.05,87.975,88.035,124311
2026-01-27 16:20:00,88.035,88.05,87.975,88.05,97330
2026-01-27 16:25:00,88.05,88.07,88.025,88.045,95055
2026-01-27 16:30:00,88.04,88.115,87.955,88.095,158339
2026-01-27 16:35:00,88.095,88.2,88.07,88.165,272595
2026-01-27 16:40:00,88.169,88.18,88.05,88.075,225651
2026-01-27 16:45:00,88.075,88.18,88.07,88.155,142139
2026-01-27 16:50:00,88.15,88.185,88.13,88.165,107643
2026-01-27 16:55:00,88.165,88.27,88.16,88.235,208595
2026-01-27 17:00:00,88.24,88.35,88.185,88.205,174202
2026-01-27 17:05:00,88.205,88.365,88.205,88.36,167290
2026-01-27 17:10:00,88.36,88.415,88.32,88.3303,191361
2026-01-27 17:15:00,88.335,88.35,88.245,88.33,134679
2026-01-27 17:20:00,88.34,88.35,88.28,88.28,110883
2026-01-27 17:25:00,88.285,88.385,88.28,88.385,111687
2026-01-27 17:30:00,88.3855,88.43,88.33,88.395,160424
2026-01-27 17:35:00,88.39,88.545,88.38,88.54,127379
2026-01-27 17:40:00,88.54,88.615,88.465,88.61,161681
2026-01-27 17:45:00,88.615,88.64,88.525,88.53,112753
2026-01-27 17:50:00,88.53,88.665,88.4988,88.665,120444
2026-01-27 17:55:00,88.66,88.66,88.55,88.565,150481
2026-01-27 18:00:00,88.57,88.57,88.42,88.555,176280
2026-01-27 18:05:00,88.545,88.63,88.53,88.56,137475
2026-01-27 18:10:00,88.57,88.665,88.535,88.665,97995
2026-01-27 18:15:00,88.66,88.78,88.65,88.755,119455
2026-01-27 18:20:00,88.76,88.815,88.75,88.795,95050
2026-01-27 18:25:00,88.795,88.795,88.75,88.77,116299
2026-01-27 18:30:00,88.77,88.82,88.77,88.805,96009
2026-01-27 18:35:00,88.805,88.835,88.765,88.83,109834
2026-01-27 18:40:00,88.825,88.95,88.74,88.785,135830
2026-01-27 18:45:00,88.7899,88.84,88.715,88.725,282542
2026-01-27 18:50:00,88.725,88.82,88.725,88.755,101940
2026-01-27 18:55:00,88.755,88.835,88.725,88.725,141144
2026-01-27 19:00:00,88.72,88.765,88.615,88.765,149123
2026-01-27 19:05:00,88.765,88.7898,88.735,88.755,86486
2026-01-27 19:10:00,88.755,88.8092,88.755,88.765,80463
2026-01-27 19:15:00,88.76,88.775,88.71,88.745,89488
2026-01-27 19:20:00,88.74,88.74,88.7,88.725,77917
2026-01-27 19:25:00,88.7202,88.895,88.7202,88.875,110501
2026-01-27 19:30:00,88.88,88.925,88.855,88.915,122799
2026-01-27 19:35:00,88.915,88.935,88.85,88.9,110523
2026-01-27 19:40:00,88.9,88.93,88.885,88.8901,121241
2026-01-27 19:45:00,88.895,88.955,88.86,88.9,115505
2026-01-27 19:50:00,88.91,88.925,88.86,88.885,124246
2026-01-27 19:55:00,88.885,88.945,88.885,88.925,103751
2026-01-27 20:00:00,88.925,89.015,88.92,89.015,172775
2026-01-27 20:05:00,89.01,89.025,88.98,89.005,116125
2026-01-27 20:10:00,89.005,89.065,88.99,88.99,242236
2026-01-27 20:15:00,88.99,88.995,88.88,88.905,135778
2026-01-27 20:20:00,88.91,88.956,88.86,88.94,135870
2026-01-27 20:25:00,88.94,88.975,88.912,88.95,125879
2026-01-27 20:30:00,88.94,89.02,88.935,89.01,240881
2026-01-27 20:35:00,89.015,89.015,88.89,88.895,426191
2026-01-27 20:40:00,88.895,88.945,88.875,88.895,142845
2026-01-27 20:45:00,88.9,88.9,88.71,88.79,230137
2026-01-27 20:50:00,88.79,88.91,88.78,88.84,285146
2026-01-27 20:55:00,88.84,88.94,88.7,88.71,753408
2026-01-28 14:30:00,88.62,88.74,88.32,88.46,247291
2026-01-28 14:35:00,88.415,89.06,88.38,88.92,204409
2026-01-28 14:40:00,88.9241,89.06,88.7401,88.84,204751
2026-01-28 14:45:00,88.82,89.02,88.705,88.92,135037
2026-01-28 14:50:00,88.9,88.98,88.72,88.98,129481
2026-01-28 14:55:00,88.97,89.02,88.7,88.855,263960
2026-01-28 15:00:00,88.855,88.88,88.69,88.6914,122447
2026-01-28 15:05:00,88.685,88.7,88.46,88.51,118312
2026-01-28 15:10:00,88.51,88.565,88.33,88.335,125291
2026-01-28 15:15:00,88.335,88.47,88.31,88.35,98089
2026-01-28 15:20:00,88.35,88.45,88.28,88.33,139222
2026-01-28 15:25:00,88.335,88.365,88.19,88.215,140296
2026-01-28 15:30:00,88.215,88.38,88.215,88.26,126747
2026-01-28 15:35:00,88.26,88.32,88.2,88.29,118117
2026-01-28 15:40:00,88.295,88.5,88.2815,88.315,146034
2026-01-28 15:45:00,88.315,88.395,88.25,88.255,101402
2026-01-28 15:50:00,88.25,88.31,88.195,88.3,93956
2026-01-28 15:55:00,88.295,88.35,88.25,88.26,99825
2026-01-28 16:00:00,88.26,88.36,88.26,88.345,96417
2026-01-28 16:05:00,88.345,88.37,88.2,88.205,113139
2026-01-28 16:10:00,88.21,88.235,88.12,88.19,101472
2026-01-28 16:15:00,88.19,88.22,88.055,88.055,82384
2026-01-28 16:20:00,88.06,88.12,88.005,88.02,132637
2026-01-28 16:25:00,88.03,88.06,87.98,88.01,144669
2026-01-28 16:30:00,88.005,88.09,87.975,88.025,142769
2026-01-28 16:35:00,88.025,88.04,87.955,88.03,116096
2026-01-28 16:40:00,88.035,88.1,87.95,88.025,122439
2026-01-28 16:45:00,88.02,88.195,88.015,88.185,108635
2026-01-28 16:50:00,88.185,88.185,88.055,88.12,82715
2026-01-28 16:55:00,88.125,88.125,88.0,88.01,138616
2026-01-28 17:00:00,88.015,88.1,88.005,88.07,125284
2026-01-28 17:05:00,88.07,88.12,87.95,88.015,130361
2026-01-28 17:10:00,88.015,88.02,87.96,87.97,72327
2026-01-28 17:15:00,87.975,88.0,87.825,87.9,124067
2026-01-28 17:20:00,87.895,87.93,87.815,87.8446,76382
2026-01-28 17:25:00,87.84,87.875,87.775,87.795,88138
2026-01-28 17:30:00,87.79,87.82,87.655,87.665,119592
2026-01-28 17:35:00,87.665,87.72,87.535,87.55,95059
2026-01-28 17:40:00,87.545,87.555,87.455,87.4658,128203
2026-01-28 17:45:00,87.465,87.475,87.38,87.415,109779
2026-01-28 17:50:00,87.415,87.56,87.36,87.49,115967
2026-01-28 17:55:00,87.495,87.535,87.425,87.43,131113
2026-01-28 18:00:00,87.43,87.445,87.35,87.4,137631
2026-01-28 18:05:00,87.405,87.48,87.375,87.41,109984
2026-01-28 18:10:00,87.41,87.42,87.33,87.35,142825
2026-01-28 18:15:00,87.355,87.505,87.35,87.4999,105834
2026-01-28 18:20:00,87.5,87.605,87.435,87.4475,104860
2026-01-28 18:25:00,87.445,87.5,87.365,87.37,130006
2026-01-28 18:30:00,87.37,87.425,87.25,87.425,173105
2026-01-28 18:35:00,87.425,87.54,87.355,87.375,95750
2026-01-28 18:40:00,87.3658,87.37,87.165,87.235,106745
2026-01-28 18:45:00,87.23,87.23,87.01,87.105,256110
2026-01-28 18:50:00,87.1,87.22,87.02,87.11,363395
2026-01-28 18:55:00,87.115,87.12,86.94,87.065,193613
2026-01-28 19:00:00,87.0587,87.38,87.015,87.37,265764
2026-01-28 19:05:00,87.37,87.42,87.309,87.335,90430
2026-01-28 19:10:00,87.325,87.465,87.31,87.435,82799
2026-01-28 19:15:00,87.43,87.5699,87.43,87.45,97906
2026-01-28 19:20:00,87.445,87.445,87.365,87.385,84842
2026-01-28 19:25:00,87.38,87.475,87.16,87.2,150679
2026-01-28 19:30:00,87.22,87.89,87.0,87.195,664663
2026-01-28 19:35:00,87.2,87.34,87.06,87.26,204479
2026-01-28 19:40:00,87.27,87.335,87.08,87.16,196596
2026-01-28 19:45:00,87.16,87.2,86.99,87.045,203357
2026-01-28 19:50:00,87.03,87.065,86.985,87.035,123284
2026-01-28 19:55:00,87.035,87.12,86.845,86.855,217540
2026-01-28 20:00:00,86.86,87.1137,86.84,87.025,164633
2026-01-28 20:05:00,87.02,87.16,86.96,87.07,185644
2026-01-28 20:10:00,87.065,87.08,86.845,86.9,99845
2026-01-28 20:15:00,86.91,87.23,86.9,87.215,241622
2026-01-28 20:20:00,87.215,87.395,87.125,87.345,178964
2026-01-28 20:25:00,87.345,87.37,87.25,87.28,172761
2026-01-28 20:30:00,87.27,87.58,87.245,87.53,315317
2026-01-28 20:35:00,87.53,87.6,87.355,87.445,331429
2026-01-28 20:40:00,87.45,87.681,87.45,87.68,177750
2026-01-28 20:45:00,87.68,87.76,87.64,87.71,239546
2026-01-28 20:50:00,87.72,87.9577,87.7,87.92,362339
2026-01-28 20:55:00,87.93,88.195,87.84,88.03,1397388
2026-01-29 14:30:00,88.69,89.32,88.69,89.25,459127
2026-01-29 14:35:00,89.245,89.31,88.99,89.3,366042
2026-01-29 14:40:00,89.31,89.44,88.79,88.79,215109
2026-01-29 14:45:00,88.8,88.94,88.555,88.84,189255
2026-01-29 14:50:00,88.84,89.27,88.54,89.185,286244
2026-01-29 14:55:00,89.19,89.37,89.05,89.073,153501
2026-01-29 15:00:00,89.1,89.34,89.08,89.235,209857
2026-01-29 15:05:00,89.23,89.37,89.17,89.29,230348
2026-01-29 15:10:00,89.29,89.34,89.13,89.34,237305
2026-01-29 15:15:00,89.34,89.385,89.12,89.165,216169
2026-01-29 15:20:00,89.17,89.295,89.04,89.055,177467
2026-01-29 15:25:00,89.06,89.175,89.01,89.095,162983
2026-01-29 15:30:00,89.095,89.23,89.04,89.125,635721
2026-01-29 15:35:00,89.125,89.28,88.985,89.25,222468
2026-01-29 15:40:00,89.25,89.39,89.045,89.15,212508
2026-01-29 15:45:00,89.11,89.31,89.09,89.305,173624
2026-01-29 15:50:00,89.3,89.33,88.91,88.95,163650
2026-01-29 15:55:00,88.93,89.185,88.85,89.07,221303
2026-01-29 16:00:00,89.07,89.11,88.64,88.64,153315
2026-01-29 16:05:00,88.64,88.93,88.58,88.865,175409
2026-01-29 16:10:00,88.85,89.155,88.83,89.0,305026
2026-01-29 16:15:00,88.995,89.19,88.98,89.17,240844
2026-01-29 16:20:00,89.17,89.305,88.93,89.02,150623
2026-01-29 16:25:00,89.005,89.12,88.97,89.08,142599
2026-01-29 16:30:00,89.08,89.27,89.05,89.18,256687
2026-01-29 16:35:00,89.18,89.21,89.03,89.12,152852
2026-01-29 16:40:00,89.09,89.26,89.05,89.23,140723
2026-01-29 16:45:00,89.24,89.355,89.17,89.345,150893
2026-01-29 16:50:00,89.35,89.42,89.245,89.375,186697
2026-01-29 16:55:00,89.38,89.4499,89.36,89.42,234942
2026-01-29 17:00:00,89.415,89.63,89.4,89.59,154826
2026-01-29 17:05:00,89.6,89.77,89.58,89.58,134324
2026-01-29 17:10:00,89.5869,89.82,89.58,89.81,169070
2026-01-29 17:15:00,89.815,89.9,89.732,89.9,162966
2026-01-29 17:20:00,89.9,89.97,89.825,89.855,117291
2026-01-29 17:25:00,89.855,89.88,89.69,89.72,130715
2026-01-29 17:30:00,89.72,89.795,89.705,89.74,135977
2026-01-29 17:35:00,89.73,89.795,89.66,89.66,107213
2026-01-29 17:40:00,89.665,89.71,89.525,89.59,109518
2026-01-29 17:45:00,89.59,89.62,89.455,89.555,97268
2026-01-29 17:50:00,89.54,89.54,89.25,89.265,97309
2026-01-29 17:55:00,89.27,89.38,89.2699,89.31,100051
2026-01-29 18:00:00,89.32,89.445,89.065,89.42,140869
2026-01-29 18:05:00,89.45,89.52,89.39,89.4999,79107
2026-01-29 18:10:00,89.495,89.645,89.495,89.545,76929
2026-01-29 18:15:00,89.545,89.596,89.49,89.55,100482
2026-01-29 18:20:00,89.55,89.6,89.49,89.5514,107415
2026-01-29 18:25:00,89.55,89.58,89.455,89.565,76988
2026-01-29 18:30:00,89.565,89.58,89.415,89.465,85499
2026-01-29 18:35:00,89.47,89.6,89.44,89.585,82858
2026-01-29 18:40:00,89.59,89.67,89.515,89.525,97398
2026-01-29 18:45:00,89.52,89.58,89.5,89.54,65847
2026-01-29 18:50:00,89.54,89.575,89.36,89.37,84121
2026-01-29 18:55:00,89.375,89.455,89.305,89.32,109852
2026-01-29 19:00:00,89.31,89.39,89.225,89.385,120784
2026-01-29 19:05:00,89.38,89.55,89.375,89.505,119066
2026-01-29 19:10:00,89.505,89.6,89.38,89.385,152158
2026-01-29 19:15:00,89.395,89.44,89.325,89.35,101145
2026-01-29 19:20:00,89.35,89.35,89.25,89.27,94597
2026-01-29 19:25:00,89.275,89.395,89.045,89.39,847978
2026-01-29 19:30:00,89.4,89.44,89.2,89.41,118549
2026-01-29 19:35:00,89.41,89.53,89.385,89.49,82951
2026-01-29 19:40:00,89.5,89.535,89.455,89.49,64744
2026-01-29 19:45:00,89.49,89.695,89.49,89.67,121674
2026-01-29 19:50:00,89.68,89.795,89.675,89.775,145062
2026-01-29 19:55:00,89.775,89.8155,89.61,89.62,142502
2026-01-29 20:00:00,89.62,89.745,89.59,89.74,183565
2026-01-29 20:05:00,89.745,89.91,89.73,89.845,215488
2026-01-29 20:10:00,89.83,89.9,89.7701,89.7701,210593
2026-01-29 20:15:00,89.78,89.87,89.71,89.76,156753
2026-01-29 20:20:00,89.76,89.815,89.745,89.785,243799
2026-01-29 20:25:00,89.79,89.845,89.745,89.795,228867
2026-01-29 20:30:00,89.8,89.86,89.75,89.835,196981
2026-01-29 20:35:00,89.835,89.935,89.815,89.855,202505
2026-01-29 20:40:00,89.86,90.025,89.8215,90.0,203082
2026-01-29 20:45:00,90.0,90.135,89.99,90.135,305996
2026-01-29 20:50:00,90.13,90.29,90.09,90.26,613482
2026-01-29 20:55:00,90.27,90.58,90.27,90.575,1737482
2026-01-30 14:30:00,90.205,90.55,90.16,90.285,339645
2026-01-30 14:35:00,90.27,90.7344,90.17,90.62,302089
2026-01-30 14:40:00,90.6,90.6557,90.455,90.53,147212
2026-01-30 14:45:00,90.53,90.9,90.48,90.74,184237
2026-01-30 14:50:00,90.72,90.905,90.6924,90.73,163478
2026-01-30 14:55:00,90.73,90.87,90.63,90.87,142920
2026-01-30 15:00:00,90.88,90.9272,90.75,90.84,156968
2026-01-30 15:05:00,90.84,91.05,90.84,90.92,218082
2026-01-30 15:10:00,90.91,91.025,90.81,90.85,172467
2026-01-30 15:15:00,90.86,90.9265,90.78,90.84,196491
2026-02-02 18:45:00,92.47,92.515,92.465,92.49,4712516
2026-02-02 18:50:00,92.495,92.53,92.44,92.455,81248
2026-02-02 18:55:00,92.455,92.5,92.395,92.4,95009
2026-02-02 19:00:00,92.405,92.54,92.39,92.5,91395
2026-02-02 19:05:00,92.51,92.55,92.465,92.485,85847
2026-02-02 19:10:00,92.485,92.53,92.48,92.505,85713
2026-02-02 19:15:00,92.5,92.53,92.425,92.425,74220
2026-02-02 19:20:00,92.42,92.475,92.42,92.465,79839
2026-02-02 19:25:00,92.46,92.505,92.425,92.505,106053
2026-02-02 19:30:00,92.5,92.535,92.375,92.455,120242
2026-02-02 19:35:00,92.455,92.455,92.33,92.375,115761
2026-02-02 19:40:00,92.37,92.445,92.32,92.435,106767
2026-02-02 19:45:00,92.435,92.56,92.4,92.405,151390
2026-02-02 19:50:00,92.405,92.406,92.27,92.2816,121533
2026-02-02 19:55:00,92.285,92.4293,92.245,92.31,193975
2026-02-02 20:00:00,92.315,92.5,92.22,92.415,195031
2026-02-02 20:05:00,92.42,92.525,92.37,92.42,160410
2026-02-02 20:10:00,92.425,92.445,92.23,92.23,180012
2026-02-02 20:15:00,92.23,92.37,92.225,92.33,210261
2026-02-02 20:20:00,92.33,92.385,92.29,92.385,183964
2026-02-02 20:25:00,92.385,92.43,92.33,92.365,167447
2026-02-02 20:30:00,92.37,92.48,92.35,92.42,186346
2026-02-02 20:35:00,92.42,92.4251,92.225,92.2433,198526
2026-02-02 20:40:00,92.24,92.3,92.185,92.245,160796
2026-02-02 20:45:00,92.24,92.47,92.23,92.47,250529
2026-02-02 20:50:00,92.48,92.675,92.48,92.525,393206
2026-02-02 20:55:00,92.52,92.55,92.22,92.29,943611
2026-02-03 14:30:00,92.71,93.76,92.65,93.71,291256
2026-02-03 14:35:00,93.67,94.46,93.54,94.16,340763
2026-02-03 14:40:00,94.167,94.52,94.01,94.19,234939
2026-02-03 14:45:00,94.18,94.79,94.16,94.72,197053
2026-02-03 14:50:00,94.71,94.75,94.19,94.565,204023
2026-02-03 14:55:00,94.565,94.73,94.2301,94.42,246329
2026-02-03 15:00:00,94.42,94.47,94.205,94.47,206634
2026-02-03 15:05:00,94.475,94.68,94.47,94.64,166455
2026-02-03 15:10:00,94.65,94.66,94.4,94.43,213610
2026-02-03 15:15:00,94.43,94.435,94.02,94.03,235817
2026-02-03 15:20:00,94.04,94.44,94.04,94.391,309181
2026-02-03 15:25:00,94.39,94.62,94.26,94.305,164589
2026-02-03 15:30:00,94.32,94.667,94.32,94.63,214316
2026-02-03 15:35:00,94.62,94.62,94.45,94.52,159508
2026-02-03 15:40:00,94.52,94.54,94.235,94.245,156830
2026-02-03 15:45:00,94.25,94.575,94.22,94.565,159841
2026-02-03 15:50:00,94.565,94.63,94.39,94.575,188430
2026-02-03 15:55:00,94.5797,94.61,94.325,94.41,214619
2026-02-03 16:00:00,94.41,94.48,94.315,94.375,107893
2026-02-03 16:05:00,94.37,94.6,94.365,94.49,178847
2026-02-03 16:10:00,94.475,94.535,94.275,94.3,99054
2026-02-03 16:15:00,94.31,94.44,94.29,94.4,186710
2026-02-03 16:20:00,94.4,94.52,94.355,94.38,90478
2026-02-03 16:25:00,94.385,94.49,94.12,94.15,229652
2026-02-03 16:30:00,94.14,94.175,93.96,94.01,195876
2026-02-03 16:35:00,94.0,94.035,93.82,93.83,113723
2026-02-03 16:40:00,93.82,93.83,93.655,93.73,161980
2026-02-03 16:45:00,93.715,93.845,93.615,93.8,269393
2026-02-03 16:50:00,93.805,93.975,93.71,93.895,174009
2026-02-03 16:55:00,93.9,94.01,93.87,93.95,105256
2026-02-03 17:00:00,93.95,94.0,93.83,93.86,145868
2026-02-03 17:05:00,93.8615,93.8615,93.77,93.855,96701
2026-02-03 17:10:00,93.86,93.875,93.67,93.82,250569
2026-02-03 17:15:00,93.82,93.91,93.74,93.835,137095
2026-02-03 17:20:00,93.83,93.9,93.79,93.805,86266
2026-02-03 17:25:00,93.81,93.8197,93.38,93.38,113570
2026-02-03 17:30:00,93.37,93.41,93.18,93.19,78229
2026-02-03 17:35:00,93.2,93.22,92.925,92.95,75177
2026-02-03 17:40:00,92.945,93.03,92.91,92.91,124675
2026-02-03 17:45:00,92.915,93.02,92.7475,92.87,152455
2026-02-03 17:50:00,92.865,92.88,92.52,92.57,194238
2026-02-03 17:55:00,92.59,92.615,92.28,92.319,212703
2026-02-03 18:00:00,92.32,92.34,92.02,92.06,219114
2026-02-03 18:05:00,92.04,92.25,92.03,92.15,139370
2026-02-03 18:10:00,92.14,92.285,92.035,92.18,137951
2026-02-03 18:15:00,92.17,92.32,91.966,92.145,165882
2026-02-03 18:20:00,92.14,92.505,92.11,92.25,136471
2026-02-03 18:25:00,92.245,92.55,92.2,92.25,152907
2026-02-03 18:30:00,92.24,92.59,92.24,92.58,137930
2026-02-03 18:35:00,92.59,92.74,92.55,92.64,83232
2026-02-03 18:40:00,92.64,92.66,92.47,92.475,98576
2026-02-03 18:45:00,92.47,92.53,92.285,92.395,189486
2026-02-03 18:50:00,92.38,92.39,92.23,92.35,260312
2026-02-03 18:55:00,92.365,92.775,92.33,92.36,189823
2026-02-03 19:00:00,92.34,92.5351,92.145,92.175,114325
2026-02-03 19:05:00,92.175,92.24,91.9,91.96,157057
2026-02-03 19:10:00,91.96,92.21,91.9,92.2098,150975
2026-02-03 19:15:00,92.2,92.24,92.11,92.17,145173
2026-02-03 19:20:00,92.19,92.32,92.13,92.24,117138
2026-02-03 19:25:00,92.27,92.415,92.02,92.165,178802
2026-02-03 19:30:00,92.18,92.37,92.09,92.17,208099
2026-02-03 19:35:00,92.17,92.45,92.17,92.43,138933
2026-02-03 19:40:00,92.43,92.56,92.375,92.555,105471
2026-02-03 19:45:00,92.57,92.63,92.48,92.54,92007
2026-02-03 19:50:00,92.55,92.62,92.36,92.515,159141
2026-02-03 19:55:00,92.53,92.61,92.52,92.555,86040
2026-02-03 20:00:00,92.57,92.685,92.54,92.6,97524
2026-02-03 20:05:00,92.6,92.71,92.54,92.69,120244
2026-02-03 20:10:00,92.675,92.695,92.43,92.45,84835
2026-02-03 20:15:00,92.45,92.5651,92.36,92.525,212246
2026-02-03 20:20:00,92.525,92.525,92.225,92.27,154043
2026-02-03 20:25:00,92.28,92.36,92.25,92.345,152525
2026-02-03 20:30:00,92.35,92.535,92.34,92.355,185136
2026-02-03 20:35:00,92.36,92.42,92.3,92.4,172994
2026-02-03 20:40:00,92.39,92.475,92.32,92.455,146460
2026-02-03 20:45:00,92.45,92.49,92.305,92.485,200622
2026-02-03 20:50:00,92.5,92.58,92.42,92.46,413292
2026-02-03 20:55:00,92.45,92.53,92.26,92.31,1050625
2026-02-04 14:30:00,92.645,93.75,92.645,93.02,302397
2026-02-04 14:35:00,93.05,93.125,92.73,93.04,226802
2026-02-04 14:40:00,93.0753,93.24,92.77,93.14,125166
2026-02-04 14:45:00,93.15,93.47,93.075,93.15,131518
2026-02-04 14:50:00,93.155,93.23,92.95,93.115,111270
2026-02-04 14:55:00,93.115,93.19,92.95,93.05,93380
2026-02-04 15:00:00,93.045,93.18,92.71,92.76,236451
2026-02-04 15:05:00,92.75,93.13,92.635,93.095,281151
2026-02-04 15:10:00,93.13,93.41,93.13,93.37,97710
2026-02-04 15:15:00,93.42,93.67,93.34,93.4,168705
2026-02-04 15:20:00,93.39,93.68,93.38,93.49,109087
2026-02-04 15:25:00,93.48,93.5,93.28,93.31,61995
2026-02-04 15:30:00,93.315,93.39,93.2,93.2,68744
2026-02-04 15:35:00,93.215,93.32,92.985,93.28,137423
2026-02-04 15:40:00,93.28,93.48,93.135,93.45,164007
2026-02-04 15:45:00,93.45,93.555,93.35,93.4,128769
2026-02-04 15:50:00,93.4,93.42,93.24,93.375,101095
2026-02-04 15:55:00,93.38,93.555,93.38,93.5,90172
2026-02-04 16:00:00,93.51,93.64,93.275,93.295,151268
2026-02-04 16:05:00,93.295,93.55,93.265,93.42,235016
2026-02-04 16:10:00,93.43,93.68,93.41,93.58,120046
2026-02-04 16:15:00,93.59,93.67,93.39,93.48,135731
2026-02-04 16:20:00,93.49,93.68,93.3803,93.63,108131
2026-02-04 16:25:00,93.65,93.89,93.59,93.89,73182
2026-02-04 16:30:00,93.89,93.91,93.78,93.8,80303
2026-02-04 16:35:00,93.785,93.82,93.67,93.73,64035
2026-02-04 16:40:00,93.7399,93.75,93.51,93.51,52014
2026-02-04 16:45:00,93.505,93.505,93.325,93.35,84154
2026-02-04 16:50:00,93.35,93.46,93.27,93.355,81750
2026-02-04 16:55:00,93.35,93.635,93.345,93.58,78333
2026-02-04 17:00:00,93.56,93.63,93.49,93.4911,75738
2026-02-04 17:05:00,93.48,93.505,93.42,93.445,85852
2026-02-04 17:10:00,93.45,93.765,93.445,93.765,75882
2026-02-04 17:15:00,93.77,93.78,93.54,93.5699,100491
2026-02-04 17:20:00,93.565,93.75,93.53,93.66,97844
2026-02-04 17:25:00,93.65,93.81,93.22,93.28,273563
2026-02-04 17:30:00,93.255,93.28,93.06,93.0935,124379
2026-02-04 17:35:00,93.095,93.13,92.99,93.05,83868
2026-02-04 17:40:00,93.04,93.18,92.9708,93.135,112747
2026-02-04 17:45:00,93.14,93.275,92.98,92.98,90494
2026-02-04 17:50:00,92.98,93.05,92.8,93.04,172171
2026-02-04 17:55:00,93.04,93.25,92.98,93.24,75613
2026-02-04 18:00:00,93.24,93.25,92.94,93.15,91936
2026-02-04 18:05:00,93.16,93.25,92.91,92.93,124934
2026-02-04 18:10:00,92.935,92.95,92.825,92.925,82639
2026-02-04 18:15:00,92.9,92.935,92.8165,92.8475,111083
2026-02-04 18:20:00,92.845,93.0301,92.83,93.02,108292
2026-02-04 18:25:00,93.02,93.295,93.01,93.255,97110
2026-02-04 18:30:00,93.265,93.265,92.98,93.06,125572
2026-02-04 18:35:00,93.1,93.215,93.05,93.095,107835
2026-02-04 18:40:00,93.095,93.3,93.09,93.2,57976
2026-02-04 18:45:00,93.18,93.22,93.12,93.14,41596
2026-02-04 18:50:00,93.14,93.14,92.95,93.02,55786
2026-02-04 18:55:00,93.03,93.08,92.82,92.83,66798
2026-02-04 19:00:00,92.84,92.845,92.53,92.67,145209
2026-02-04 19:05:00,92.67,92.92,92.6,92.89,111181
2026-02-04 19:10:00,92.9,92.905,92.74,92.74,76723
2026-02-04 19:15:00,92.72,92.89,92.7,92.88,126435
2026-02-04 19:20:00,92.87,92.94,92.7577,92.785,166763
2026-02-04 19:25:00,92.78,92.85,92.7,92.79,102739
2026-02-04 19:30:00,92.81,92.98,92.81,92.965,90196
2026-02-04 19:35:00,92.965,93.08,92.89,93.01,91716
2026-02-04 19:40:00,92.99,93.06,92.98,92.99,44688
2026-02-04 19:45:00,92.9801,93.25,92.97,93.11,127852
2026-02-04 19:50:00,93.14,93.3,93.1,93.2,45559
2026-02-04 19:55:00,93.2,93.33,93.16,93.33,52932
2026-02-04 20:00:00,93.34,93.47,93.33,93.47,85275
2026-02-04 20:05:00,93.49,93.57,93.485,93.515,67098
2026-02-04 20:10:00,93.515,93.55,93.41,93.53,59242
2026-02-04 20:15:00,93.52,93.53,93.4,93.42,77818
2026-02-04 20:20:00,93.41,93.45,93.305,93.385,93593
2026-02-04 20:25:00,93.37,93.475,93.34,93.43,93930
2026-02-04 20:30:00,93.44,93.585,93.44,93.56,92103
2026-02-04 20:35:00,93.56,93.615,93.495,93.545,148893
2026-02-04 20:40:00,93.55,93.55,93.415,93.42,97130
2026-02-04 20:45:00,93.418,93.5,93.31,93.375,189183
2026-02-04 20:50:00,93.38,93.46,93.075,93.11,329107
2026-02-04 20:55:00,93.11,93.14,92.935,93.13,801139
2026-02-05 14:30:00,92.85,93.06,91.6,91.668,256698
2026-02-05 14:35:00,91.635,92.38,91.48,92.065,323373
2026-02-05 14:40:00,92.07,92.66,91.77,92.52,154547
2026-02-05 14:45:00,92.495,92.89,92.37,92.39,143726
2026-02-05 14:50:00,92.4,92.59,92.16,92.23,89357
2026-02-05 14:55:00,92.235,92.425,92.0,92.425,202079
2026-02-05 15:00:00,92.45,92.51,92.03,92.15,204143
2026-02-05 15:05:00,92.1496,92.16,91.74,91.88,148520
2026-02-05 15:10:00,91.87,91.92,91.52,91.64,152013
2026-02-05 15:15:00,91.635,91.745,91.48,91.49,203637
2026-02-05 15:20:00,91.48,91.59,91.3,91.31,108936
2026-02-05 15:25:00,91.33,91.45,91.11,91.11,113021
2026-02-05 15:30:00,91.125,91.2,91.025,91.065,139711
2026-02-05 15:35:00,91.065,91.24,90.91,91.085,212685
2026-02-05 15:40:00,91.085,91.38,91.085,91.305,147942
2026-02-05 15:45:00,91.31,91.3776,91.11,91.3246,138481
2026-02-05 15:50:00,91.33,91.595,91.21,91.295,113200
2026-02-05 15:55:00,91.31,91.395,91.125,91.38,113932
2026-02-05 16:00:00,91.395,91.46,91.075,91.075,212939
2026-02-05 16:05:00,91.065,91.205,90.94,90.97,86230
2026-02-05 16:10:00,90.9665,91.31,90.9665,91.23,111184
2026-02-05 16:15:00,91.235,91.357,91.14,91.255,461413
2026-02-05 16:20:00,91.242,91.447,91.21,91.27,84819
2026-02-05 16:25:00,91.3,91.37,91.12,91.25,164167
2026-02-05 16:30:00,91.27,91.32,91.13,91.28,113742
2026-02-05 16:35:00,91.3,91.58,91.27,91.51,147147
2026-02-05 16:40:00,91.52,91.675,91.44,91.45,63543
2026-02-05 16:45:00,91.48,91.53,91.35,91.5,63998
2026-02-05 16:50:00,91.4874,91.63,91.45,91.55,130650
2026-02-05 16:55:00,91.56,91.78,91.56,91.76,109374
2026-02-05 17:00:00,91.765,91.78,91.4,91.48,128073
2026-02-05 17:05:00,91.45,91.5,91.28,91.32,87034
2026-02-05 17:10:00,91.33,91.4575,91.27,91.4575,142457
2026-02-05 17:15:00,91.44,91.56,91.37,91.41,91506
2026-02-05 17:20:00,91.42,91.69,91.24,91.69,169459
2026-02-05 17:25:00,91.69,91.99,91.69,91.98,244359
2026-02-05 17:30:00,91.98,92.075,91.74,91.87,150046
2026-02-05 17:35:00,91.88,91.97,91.8,91.84,125089
2026-02-05 17:40:00,91.81,91.92,91.7601,91.825,50071
2026-02-05 17:45:00,91.84,92.01,91.83,91.975,80702
2026-02-05 17:50:00,91.95,92.1,91.89,91.91,67463
2026-02-05 17:55:00,91.88,91.9,91.79,91.89,60327
2026-02-05 18:00:00,91.92,92.07,91.86,92.04,103403
2026-02-05 18:05:00,92.02,92.14,91.945,92.02,121482
2026-02-05 18:10:00,92.0,92.09,91.9101,92.04,88206
2026-02-05 18:15:00,92.04,92.1,91.86,91.86,108436
2026-02-05 18:20:00,91.87,91.96,91.86,91.905,95519
2026-02-05 18:25:00,91.905,91.905,91.83,91.8408,73719
2026-02-05 18:30:00,91.84,92.1,91.84,92.055,124255
2026-02-05 18:35:00,92.06,92.06,91.92,91.9203,77770
2026-02-05 18:40:00,91.9,92.05,91.81,92.01,80131
2026-02-05 18:45:00,92.0,92.02,91.8,91.83,73866
2026-02-05 18:50:00,91.81,91.81,91.61,91.65,156693
2026-02-05 18:55:00,91.64,91.87,91.62,91.62,130907
2026-02-05 19:00:00,91.62,92.0,91.55,91.98,162886
2026-02-05 19:05:00,91.98,92.08,91.95,92.045,76333
2026-02-05 19:10:00,92.05,92.2,92.05,92.09,56829
2026-02-05 19:15:00,92.06,92.11,91.94,92.1,162737
2026-02-05 19:20:00,92.11,92.11,92.03,92.075,82194
2026-02-05 19:25:00,92.07,92.085,91.965,92.03,84880
2026-02-05 19:30:00,92.025,92.03,91.86,91.975,98411
2026-02-05 19:35:00,91.98,91.995,91.91,91.92,45810
2026-02-05 19:40:00,91.915,92.0,91.895,91.97,74929
2026-02-05 19:45:00,91.98,92.0099,91.9,91.95,57303
2026-02-05 19:50:00,91.95,91.99,91.82,91.905,143386
2026-02-05 19:55:00,91.91,91.975,91.895,91.9,57771
2026-02-05 20:00:00,91.86,91.91,91.775,91.845,92064
2026-02-05 20:05:00,91.84,92.015,91.795,91.945,84321
2026-02-05 20:10:00,91.95,92.07,91.94,92.02,92406
2026-02-05 20:15:00,92.01,92.07,91.85,91.861,84474
2026-02-05 20:20:00,91.87,91.9,91.8,91.9,86040
2026-02-05 20:25:00,91.89,92.05,91.87,91.99,113735
2026-02-05 20:30:00,91.99,92.045,91.89,91.96,129876
2026-02-05 20:35:00,91.95,92.04,91.92,92.035,130854
2026-02-05 20:40:00,92.04,92.12,91.97,92.03,142749
2026-02-05 20:45:00,92.035,92.055,91.775,91.82,174428
2026-02-05 20:50:00,91.83,91.96,91.8,91.835,322326
2026-02-05 20:55:00,91.84,92.1,91.825,91.985,712476
2026-02-06 14:30:00,92.56,93.44,92.56,93.18,341650
2026-02-06 14:35:00,93.18,93.51,93.09,93.11,165346
2026-02-06 14:40:00,93.1026,93.2,92.85,93.14,180058
2026-02-06 14:45:00,93.14,93.41,93.1,93.13,252338
2026-02-06 14:50:00,93.12,93.59,93.09,93.5018,216218
2026-02-06 14:55:00,93.52,93.75,93.44,93.695,223630
2026-02-06 15:00:00,93.73,93.93,93.68,93.86,213871
2026-02-06 15:05:00,93.8667,94.0499,93.8384,93.92,231437
2026-02-06 15:10:00,93.91,94.16,93.91,93.915,133319
2026-02-06 15:15:00,93.892,94.0,93.7875,93.98,146392
2026-02-06 15:20:00,94.01,94.05,93.7,93.77,132742
2026-02-06 15:25:00,93.78,93.86,93.68,93.725,125841
2026-02-06 15:40:00,94.01,94.09,93.92,94.025,400334
2026-02-06 15:45:00,94.04,94.16,93.9503,93.98,137126
2026-02-06 15:50:00,93.99,94.0,93.89,93.99,47795
2026-02-06 15:55:00,94.08,94.14,94.055,94.055,251920
2026-02-06 16:00:00,94.105,94.105,94.05,94.08,237251
2026-02-06 16:05:00,94.1,94.11,93.945,93.985,92795
2026-02-06 16:10:00,93.99,94.015,93.87,93.905,80007
2026-02-06 16:15:00,93.905,93.94,93.67,93.79,94776
2026-02-06 16:20:00,93.79,93.82,93.695,93.7,107995
2026-02-06 16:25:00,93.69,93.875,93.65,93.875,150770
2026-02-06 16:30:00,93.88,93.96,93.84,93.95,148583
2026-02-06 16:35:00,93.94,93.967,93.87,93.94,80658
2026-02-06 16:40:00,93.94,94.085,93.92,94.01,73878
2026-02-06 16:45:00,94.01,94.12,93.97,94.045,104059
2026-02-06 16:50:00,94.045,94.076,94.03,94.07,73286
2026-02-06 16:55:00,94.065,94.09,94.005,94.045,115691
2026-02-06 17:00:00,94.05,94.1175,94.01,94.065,136908
2026-02-06 17:05:00,94.065,94.08,93.94,93.95,98681
2026-02-06 17:10:00,93.955,94.01,93.94,93.95,71271
2026-02-06 17:15:00,93.95,93.95,93.85,93.93,77780
2026-02-06 17:20:00,93.94,93.96,93.875,93.93,89055
2026-02-06 17:25:00,93.935,94.025,93.935,93.995,59950
2026-02-06 17:30:00,94.0,94.04,93.925,93.95,65315
2026-02-06 17:35:00,93.945,93.97,93.89,93.955,99179
2026-02-06 17:40:00,93.955,94.06,93.945,94.01,107834
2026-02-06 17:45:00,94.01,94.17,94.005,94.1525,108130
2026-02-06 17:50:00,94.15,94.26,94.13,94.2,134043
2026-02-06 17:55:00,94.12,94.1475,94.105,94.1475,53345
2026-02-06 18:00:00,94.205,94.28,94.195,94.265,217937
2026-02-06 18:05:00,94.265,94.285,94.165,94.2,75637
2026-02-06 18:10:00,94.19,94.24,94.17,94.235,146844
2026-02-06 18:15:00,94.23,94.4,94.165,94.335,109006
2026-02-06 18:20:00,94.32,94.4,94.315,94.3775,82984
2026-02-06 18:25:00,94.37,94.41,94.32,94.35,71531
2026-02-06 18:30:00,94.36,94.43,94.36,94.38,93883
2026-02-06 18:35:00,94.38,94.54,94.38,94.505,168395
2026-02-06 18:40:00,94.5,94.555,94.485,94.52,72911
2026-02-06 18:45:00,94.52,94.54,94.505,94.515,72345
2026-02-06 18:50:00,94.515,94.56,94.49,94.505,77089
2026-02-06 18:55:00,94.5,94.52,94.465,94.49,63297
2026-02-06 19:00:00,94.5,94.595,94.485,94.595,278294
2026-02-06 19:05:00,94.59,94.61,94.535,94.54,81493
2026-02-06 19:10:00,94.545,94.65,94.535,94.59,108203
2026-02-06 19:15:00,94.585,94.63,94.55,94.55,74195
2026-02-06 19:20:00,94.54,94.59,94.515,94.535,88087
2026-02-06 19:25:00,94.535,94.535,94.47,94.475,64699
2026-02-06 19:30:00,94.485,94.49,94.42,94.43,85999
2026-02-06 19:35:00,94.43,94.43,94.28,94.335,79457
2026-02-06 19:40:00,94.33,94.455,94.32,94.445,111381
2026-02-06 19:45:00,94.45,94.55,94.45,94.53,87619
2026-02-06 19:50:00,94.53,94.5351,94.44,94.5,138629
2026-02-06 19:55:00,94.495,94.53,94.46,94.515,76448
2026-02-06 20:00:00,94.51,94.57,94.43,94.49,127433
2026-02-06 20:05:00,94.47,94.475,94.25,94.32,68810
2026-02-06 20:10:00,94.33,94.38,94.295,94.305,77137
2026-02-06 20:15:00,94.2855,94.315,94.233,94.305,76080
2026-02-06 20:20:00,94.3,94.4664,94.295,94.37,148457
2026-02-06 20:25:00,94.375,94.375,94.31,94.325,143098
2026-02-06 20:30:00,94.325,94.37,94.27,94.295,150692
2026-02-06 20:35:00,94.29,94.36,94.2437,94.305,188202
2026-02-06 20:40:00,94.305,94.34,94.25,94.26,179906
2026-02-06 20:45:00,94.265,94.355,94.23,94.28,252737
2026-02-06 20:50:00,94.27,94.35,94.14,94.185,406653
2026-02-06 20:55:00,94.185,94.23,93.87,93.93,1389534
2026-02-09 14:30:00,93.75,93.8,89.0,93.325,4398172
2026-02-09 14:35:00,93.31,93.635,92.69,92.885,311900
2026-02-09 14:40:00,92.8785,93.28,92.78,93.12,170820
2026-02-09 14:45:00,93.08,93.56,93.02,93.04,298298
2026-02-09 14:50:00,93.05,93.36,92.9,93.345,214504
2026-02-09 14:55:00,93.31,93.4,92.9,92.93,186446
2026-02-09 15:00:00,92.94,93.06,92.56,92.72,189500
2026-02-09 15:05:00,92.72,93.0,92.66,92.94,195922
2026-02-09 15:10:00,92.96,93.02,92.775,92.7899,220425
2026-02-09 15:15:00,92.775,92.99,92.76,92.96,83344
2026-02-09 15:20:00,92.96,93.2,92.93,93.1658,203072
2026-02-09 15:25:00,93.17,93.32,93.05,93.29,153089
2026-02-09 15:30:00,93.32,93.41,93.11,93.17,109162
2026-02-09 15:35:00,93.185,93.31,93.11,93.145,157454
2026-02-09 15:40:00,93.145,93.36,93.09,93.3025,86445
2026-02-09 15:45:00,93.31,93.33,93.13,93.235,161989
2026-02-09 15:50:00,93.215,93.33,93.2,93.245,131973
2026-02-09 15:55:00,93.25,93.29,93.2,93.27,198356
2026-02-09 16:00:00,93.27,93.29,93.12,93.19,227918
2026-02-09 16:05:00,93.19,93.235,92.92,92.93,146921
2026-02-09 16:10:00,92.925,92.94,92.86,92.885,92490
2026-02-09 16:15:00,92.885,93.025,92.86,93.0,119156
2026-02-09 16:20:00,93.02,93.135,93.02,93.085,84436
2026-02-09 16:25:00,93.085,93.1,92.975,93.0055,125131
2026-02-09 16:30:00,93.005,93.19,93.005,93.15,140243
2026-02-09 16:35:00,93.15,93.19,93.075,93.18,90508
2026-02-09 16:40:00,93.18,93.25,93.16,93.235,69253
2026-02-09 16:45:00,93.23,93.23,93.1,93.155,97952
2026-02-09 16:50:00,93.15,93.245,93.11,93.245,93077
2026-02-09 16:55:00,93.235,93.29,93.19,93.22,79822
2026-02-09 17:00:00,93.21,93.29,93.19,93.23,83666
2026-02-09 17:05:00,93.2365,93.33,93.23,93.28,88048
2026-02-09 17:10:00,93.285,93.285,93.17,93.185,70254
2026-02-09 17:15:00,93.18,93.19,93.07,93.11,103109
2026-02-09 17:20:00,93.11,93.255,93.055,93.23,166680
2026-02-09 17:25:00,93.235,93.355,93.23,93.355,298678
2026-02-09 17:30:00,93.35,93.5,93.27,93.45,244817
2026-02-09 17:35:00,93.45,93.5,93.41,93.415,66012
2026-02-09 17:40:00,93.42,93.44,93.35,93.365,57462
2026-02-09 17:45:00,93.365,93.47,93.34,93.345,110716
2026-02-09 17:50:00,93.35,93.48,93.33,93.38,131461
2026-02-09 17:55:00,93.38,93.45,93.35,93.41,83045
2026-02-09 18:00:00,93.41,93.49,93.355,93.355,128857
2026-02-09 18:05:00,93.36,93.4751,93.32,93.46,73808
2026-02-09 18:10:00,93.46,93.57,93.45,93.525,82472
2026-02-09 18:15:00,93.52,93.52,93.405,93.49,76354
2026-02-09 18:20:00,93.495,93.5269,93.3,93.51,132341
2026-02-09 18:25:00,93.5051,93.58,93.4528,93.56,64992
2026-02-09 18:30:00,93.56,93.745,93.55,93.71,69473
2026-02-09 18:35:00,93.71,93.825,93.67,93.8,96593
2026-02-09 18:40:00,93.8,93.95,93.78,93.9,129815
2026-02-09 18:45:00,93.9,94.0897,93.9,94.06,192021
2026-02-09 18:50:00,94.0501,94.11,94.03,94.05,85786
2026-02-09 18:55:00,94.0406,94.11,94.0268,94.09,53416
2026-02-09 19:00:00,94.08,94.095,93.955,94.05,117133
2026-02-09 19:05:00,94.05,94.245,94.05,94.205,191130
2026-02-09 19:10:00,94.205,94.53,94.2,94.485,223565
2026-02-09 19:15:00,94.49,94.5454,94.41,94.5454,279702
2026-02-09 19:20:00,94.54,94.655,94.54,94.585,256200
2026-02-09 19:25:00,94.59,94.93,94.59,94.92,267012
2026-02-09 19:30:00,94.925,94.988,94.8599,94.88,344267
2026-02-09 19:35:00,94.88,94.895,94.7,94.77,115735
2026-02-09 19:40:00,94.775,94.85,94.76,94.815,78200
2026-02-09 19:45:00,94.81,94.81,94.5,94.54,123342
2026-02-09 19:50:00,94.54,94.88,94.53,94.85,154579
2026-02-09 19:55:00,94.84,95.01,94.81,95.0,466106
2026-02-09 20:00:00,95.0,95.09,94.9,94.99,263473
2026-02-09 20:05:00,95.0,95.045,94.87,94.985,127307
2026-02-09 20:10:00,94.985,95.03,94.92,95.015,190608
2026-02-09 20:15:00,95.02,95.03,94.81,94.82,306336
2026-02-09 20:20:00,94.81,95.07,94.76,95.02,204817
2026-02-09 20:25:00,95.02,95.055,94.81,94.89,327430
2026-02-09 20:30:00,94.89,94.89,94.72,94.755,286694
2026-02-09 20:35:00,94.75,94.895,94.72,94.895,177095
2026-02-09 20:40:00,94.895,94.905,94.62,94.69,352506
2026-02-09 20:45:00,94.7,94.733,94.491,94.72,297555
2026-02-09 20:50:00,94.72,94.73,94.495,94.58,411830
2026-02-09 20:55:00,94.58,94.795,94.57,94.62,1122380
2026-02-10 14:30:00,94.305,95.0,94.3,94.65,2111251
2026-02-10 14:35:00,94.66,94.79,94.2024,94.325,144239
2026-02-10 14:40:00,94.325,94.57,94.1,94.22,149769
2026-02-10 14:45:00,94.22,94.59,94.11,94.46,70135
2026-02-10 14:50:00,94.47,94.7,94.3908,94.52,165728
2026-02-10 14:55:00,94.53,94.64,94.4,94.45,79942
2026-02-10 15:00:00,94.43,94.5,94.22,94.47,155716
2026-02-10 15:05:00,94.47,94.6,94.38,94.41,92722
2026-02-10 15:10:00,94.4,94.54,94.35,94.49,152381
2026-02-10 15:15:00,94.5058,94.735,94.4,94.735,157220
2026-02-10 15:20:00,94.735,94.8,94.7,94.71,79248
2026-02-10 15:25:00,94.73,94.95,94.71,94.865,192640
2026-02-10 15:30:00,94.865,94.98,94.83,94.875,86160
2026-02-10 15:35:00,94.875,94.88,94.74,94.78,53946
2026-02-10 15:40:00,94.7698,95.01,94.76,94.885,164700
2026-02-10 15:45:00,94.88,94.92,94.63,94.705,111348
2026-02-10 15:50:00,94.705,94.73,94.5,94.58,83061
2026-02-10 15:55:00,94.58,94.6,94.4,94.42,128275
2026-02-10 16:00:00,94.42,94.42,94.0,94.065,99361
2026-02-10 16:05:00,94.065,94.085,93.68,93.69,181732
2026-02-10 16:10:00,93.68,93.74,93.47,93.57,146915
2026-02-10 16:15:00,93.56,93.6,92.72,92.72,358770
2026-02-10 16:20:00,92.74,92.86,92.49,92.525,335110
2026-02-10 16:25:00,92.54,92.815,92.48,92.715,207465
2026-02-10 16:30:00,92.7,92.91,92.5,92.535,193438
2026-02-10 16:35:00,92.56,92.98,92.49,92.98,137281
2026-02-10 16:40:00,92.99,93.0,92.8,92.85,96553
2026-02-10 16:45:00,92.85,93.15,92.82,92.83,121943
2026-02-10 16:50:00,92.82,92.97,92.625,92.97,151028
2026-02-10 16:55:00,92.9899,93.01,92.7,92.7,182335
2026-02-10 17:00:00,92.695,92.83,92.24,92.36,246055
2026-02-10 17:05:00,92.35,92.77,92.33,92.72,236180
2026-02-10 17:10:00,92.72,92.75,92.55,92.623,94696
2026-02-10 17:15:00,92.62,92.62,92.41,92.53,134398
2026-02-10 17:20:00,92.53,92.5399,92.165,92.25,213002
2026-02-10 17:25:00,92.24,92.29,92.115,92.14,124910
2026-02-10 17:30:00,92.13,92.13,91.91,91.935,165832
2026-02-10 17:35:00,91.92,91.98,91.75,91.77,228833
2026-02-10 17:40:00,91.76,91.93,91.76,91.925,198255
2026-02-10 17:45:00,91.92,91.9637,91.79,91.87,102048
2026-02-10 17:50:00,91.87,91.9558,91.77,91.86,154111
2026-02-10 17:55:00,91.86,91.93,91.61,91.6222,188807
2026-02-10 18:00:00,91.62,91.79,91.435,91.435,184204
2026-02-10 18:05:00,91.435,91.46,91.11,91.1501,146844
2026-02-10 18:10:00,91.1401,91.27,91.095,91.14,131931
2026-02-10 18:15:00,91.15,91.15,90.84,90.97,174746
2026-02-10 18:20:00,90.95,90.96,90.72,90.744,433264
2026-02-10 18:25:00,90.73,90.75,90.56,90.565,250312
2026-02-10 18:30:00,90.56,90.58,90.26,90.45,322240
2026-02-10 18:35:00,90.45,90.525,90.245,90.31,249682
2026-02-10 18:40:00,90.3,90.3,89.93,89.96,297330
2026-02-10 18:45:00,89.96,90.0,89.79,89.91,244326
2026-02-10 18:50:00,89.91,90.01,89.75,89.84,200816
2026-02-10 18:55:00,89.82,90.31,89.751,90.24,302669
2026-02-10 19:00:00,90.25,90.46,90.135,90.42,562585
2026-02-10 19:05:00,90.42,90.755,90.41,90.66,238640
2026-02-10 19:10:00,90.65,90.95,90.645,90.83,220942
2026-02-10 19:15:00,90.82,90.92,90.69,90.71,189003
2026-02-10 19:20:00,90.705,91.1,90.69,91.09,154317
2026-02-10 19:25:00,91.09,91.48,91.05,91.48,243510
2026-02-10 19:30:00,91.48,91.55,91.41,91.5202,248080
2026-02-10 19:35:00,91.525,91.6532,91.48,91.6532,149343
2026-02-10 19:40:00,91.68,91.705,91.38,91.43,121441
2026-02-10 19:45:00,91.425,91.465,91.35,91.405,151862
2026-02-10 19:50:00,91.41,91.42,91.2,91.225,141382
2026-02-10 19:55:00,91.225,91.56,91.19,91.5588,168913
2026-02-10 20:00:00,91.56,91.72,91.46,91.69,177975
2026-02-10 20:05:00,91.69,91.81,91.66,91.76,115555
2026-02-10 20:10:00,91.75,91.96,91.74,91.95,146883
2026-02-10 20:15:00,91.945,92.07,91.89,92.05,144815
2026-02-10 20:20:00,92.04,92.125,91.84,91.88,237638
2026-02-10 20:25:00,91.87,92.02,91.785,91.93,172191
2026-02-10 20:30:00,91.95,92.225,91.95,92.17,251479
2026-02-10 20:35:00,92.17,92.25,92.155,92.2,196749
2026-02-10 20:40:00,92.2,92.25,92.125,92.165,203301
2026-02-10 20:45:00,92.17,92.24,92.04,92.12,227569
2026-02-10 20:50:00,92.13,92.2,91.93,91.94,470420
2026-02-10 20:55:00,91.94,91.96,91.825,91.93,948490
2026-02-11 14:30:00,92.65,93.08,92.65,92.98,39454
2026-02-11 14:35:00,92.85,92.88,92.19,92.195,346987
2026-02-11 14:40:00,92.18,92.275,91.77,91.92,131114
2026-02-11 14:45:00,91.935,92.53,91.89,91.935,150738
2026-02-11 14:50:00,91.91,92.03,91.76,91.8,177731
2026-02-11 14:55:00,91.83,91.96,91.41,91.77,232656
2026-02-11 15:00:00,91.78,91.855,91.43,91.46,279030
2026-02-11 15:05:00,91.46,91.6182,91.3,91.505,209245
2026-02-11 15:10:00,91.4952,91.4952,91.16,91.38,174369
2026-02-11 15:15:00,91.4,91.48,90.895,90.95,141367
2026-02-11 15:20:00,90.95,90.95,90.68,90.87,233223
2026-02-11 15:25:00,90.86,90.97,90.63,90.82,302013
2026-02-11 15:30:00,90.83,90.895,90.71,90.8,135153
2026-02-11 15:35:00,90.795,90.81,90.47,90.67,175837
2026-02-11 15:40:00,90.655,90.7617,90.36,90.43,150770
2026-02-11 15:45:00,90.435,90.58,90.43,90.515,119066
2026-02-11 15:50:00,90.53,90.53,90.34,90.395,235863
2026-02-11 15:55:00,90.39,90.645,90.38,90.62,180229
2026-02-11 16:00:00,90.62,90.685,90.28,90.3,111642
2026-02-11 16:05:00,90.3,90.36,90.13,90.33,161139
2026-02-11 16:10:00,90.31,90.53,90.23,90.5,107622
2026-02-11 16:15:00,90.49,90.54,90.35,90.43,153917
2026-02-11 16:20:00,90.42,90.65,90.42,90.62,119420
2026-02-11 16:25:00,90.62,90.62,90.135,90.17,244118
2026-02-11 16:30:00,90.17,90.355,90.095,90.32,182023
2026-02-11 16:35:00,90.32,90.32,90.1,90.19,166810
2026-02-11 16:40:00,90.19,90.395,90.19,90.35,89930
2026-02-11 16:45:00,90.35,90.56,90.325,90.495,129345
2026-02-11 16:50:00,90.49,90.49,90.22,90.22,110735
2026-02-11 16:55:00,90.22,90.25,89.999,90.01,184726
2026-02-11 17:00:00,90.0,90.11,89.96,89.97,95978
2026-02-11 17:05:00,89.975,89.975,89.82,89.915,108824
2026-02-11 17:10:00,89.91,90.0,89.78,89.99,152652
2026-02-11 17:15:00,89.98,90.035,89.905,90.03,182454
2026-02-11 17:20:00,90.03,90.1339,89.975,90.055,116382
2026-02-11 17:25:00,90.0531,90.165,89.96,90.015,166343
2026-02-11 17:30:00,90.015,90.04,89.762,89.925,165364
2026-02-11 17:35:00,89.91,90.11,89.8825,90.06,88248
2026-02-11 17:40:00,90.065,90.1,89.93,90.02,148389
2026-02-11 17:45:00,90.03,90.12,89.94,90.12,103279
2026-02-11 17:50:00,90.12,90.13,90.005,90.03,92509
2026-02-11 17:55:00,90.045,90.045,89.85,89.86,84353
2026-02-11 18:00:00,89.855,89.885,89.77,89.78,134869
2026-02-11 18:05:00,89.77,89.77,89.4789,89.485,133511
2026-02-11 18:10:00,89.48,89.48,89.315,89.35,105077
2026-02-11 18:15:00,89.34,89.4761,89.295,89.355,104257
2026-02-11 18:20:00,89.35,89.4699,89.325,89.385,130387
2026-02-11 18:25:00,89.4,89.49,89.28,89.44,228022
2026-02-11 18:30:00,89.44,89.485,88.97,88.985,236278
2026-02-11 18:35:00,88.97,89.055,88.96,88.995,130179
2026-02-11 18:40:00,88.995,88.995,88.72,88.72,128439
2026-02-11 18:45:00,88.72,88.765,88.63,88.73,128083
2026-02-11 18:50:00,88.735,88.74,88.5,88.66,213196
2026-02-11 18:55:00,88.67,88.865,88.63,88.8,210748
2026-02-11 19:00:00,88.8,88.905,88.7,88.865,170907
2026-02-11 19:05:00,88.86,89.02,88.78,88.93,238221
2026-02-11 19:10:00,88.93,89.165,88.91,89.125,167716
2026-02-11 19:15:00,89.13,89.1899,88.94,88.95,110352
2026-02-11 19:20:00,88.955,89.12,88.945,88.95,128006
2026-02-11 19:25:00,88.95,88.95,88.69,88.89,134297
2026-02-11 19:30:00,88.9,88.91,88.77,88.9,95776
2026-02-11 19:35:00,88.895,89.1475,88.88,89.04,132102
2026-02-11 19:40:00,89.06,89.26,89.035,89.2089,177508
2026-02-11 19:45:00,89.2,89.265,89.1,89.175,151576
2026-02-11 19:50:00,89.18,89.18,88.96,89.02,113765
2026-02-11 19:55:00,89.03,89.08,88.965,89.0,128135
2026-02-11 20:00:00,89.01,89.135,88.965,89.06,98684
2026-02-11 20:05:00,89.055,89.09,88.985,89.02,98132
2026-02-11 20:10:00,89.0101,89.125,89.0,89.055,84680
2026-02-11 20:15:00,89.055,89.14,89.0,89.095,121103
2026-02-11 20:20:00,89.09,89.34,89.08,89.255,136845
2026-02-11 20:25:00,89.24,89.24,89.055,89.055,196174
2026-02-11 20:30:00,89.05,89.05,88.925,88.985,145213
2026-02-11 20:35:00,88.98,89.145,88.955,89.12,203086
2026-02-11 20:40:00,89.135,89.17,88.97,89.155,224479
2026-02-11 20:45:00,89.16,89.25,89.035,89.25,224131
2026-02-11 20:50:00,89.25,89.415,89.175,89.355,384044
2026-02-11 20:55:00,89.355,89.36,88.96,88.975,855118
2026-02-12 14:30:00,89.31,89.8454,88.69,89.785,252208
2026-02-12 14:35:00,89.74,89.97,89.1,89.46,94091
2026-02-12 14:40:00,89.4321,89.55,89.11,89.19,135642
2026-02-12 14:45:00,89.215,89.25,88.87,88.93,178972
2026-02-12 14:50:00,88.94,89.245,88.885,89.13,132662
2026-02-12 14:55:00,89.12,89.22,88.91,89.21,117378
2026-02-12 15:00:00,89.23,89.34,89.115,89.33,85425
2026-02-12 15:05:00,89.31,89.39,89.1,89.13,102085
2026-02-12 15:10:00,89.09,89.325,89.015,89.24,83446
2026-02-12 15:15:00,89.25,89.29,88.87,88.9,87747
2026-02-12 15:20:00,88.89,88.89,88.51,88.54,169973
2026-02-12 15:25:00,88.53,88.56,88.22,88.24,253206
2026-02-12 15:30:00,88.25,88.32,87.71,87.75,228092
2026-02-12 15:35:00,87.76,87.885,87.66,87.8609,180210
2026-02-12 15:40:00,87.86,87.86,87.6,87.6,159973
2026-02-12 15:45:00,87.615,87.835,87.58,87.835,189541
2026-02-12 15:50:00,87.82,87.875,87.53,87.53,156234
2026-02-12 15:55:00,87.54,87.66,87.4,87.5175,131411
2026-02-12 16:00:00,87.525,87.525,87.2101,87.225,157439
2026-02-12 16:05:00,87.21,87.21,86.94,86.96,213387
2026-02-12 16:10:00,86.965,86.99,86.7203,86.76,296902
2026-02-12 16:15:00,86.77,86.82,86.43,86.54,234940
2026-02-12 16:20:00,86.57,86.82,86.37,86.73,230939
2026-02-12 16:25:00,86.735,86.7899,86.54,86.54,170493
2026-02-12 16:30:00,86.535,86.79,86.465,86.75,183459
2026-02-12 16:35:00,86.755,86.91,86.68,86.78,275599
2026-02-12 16:40:00,86.77,86.8738,86.545,86.56,192584
2026-02-12 16:45:00,86.5599,86.6,86.385,86.46,152211
2026-02-12 16:50:00,86.445,86.6345,86.385,86.62,206134
2026-02-12 16:55:00,86.65,86.805,86.51,86.675,125752
2026-02-12 17:00:00,86.66,86.69,86.33,86.4,188308
2026-02-12 17:05:00,86.4,86.635,86.23,86.58,202134
2026-02-12 17:10:00,86.56,86.565,86.08,86.09,119296
2026-02-12 17:15:00,86.08,86.2,85.95,86.09,197431
2026-02-12 17:20:00,86.095,86.5,86.08,86.43,159284
2026-02-12 17:25:00,86.44,86.44,86.07,86.135,208128
2026-02-12 17:30:00,86.085,86.4,86.02,86.4,108947
2026-02-12 17:35:00,86.38,86.42,86.14,86.18,116968
2026-02-12 17:40:00,86.18,86.43,86.1556,86.405,116917
2026-02-12 17:45:00,86.44,86.51,86.04,86.05,108320
2026-02-12 17:50:00,86.07,86.165,85.94,86.075,121477
2026-02-12 17:55:00,86.09,86.175,85.96,86.03,159554
2026-02-12 18:00:00,86.02,86.0398,85.825,85.935,168224
2026-02-12 18:05:00,85.94,86.14,85.94,86.015,205518
2026-02-12 18:10:00,86.01,86.0867,85.94,86.01,140043
2026-02-12 18:15:00,86.0,86.16,85.95,86.08,115118
2026-02-12 18:20:00,86.09,86.255,86.04,86.22,98088
2026-02-12 18:25:00,86.245,86.33,85.87,86.06,437659
2026-02-12 18:30:00,86.06,86.19,85.93,86.17,142586
2026-02-12 18:35:00,86.17,86.31,86.155,86.29,148559
2026-02-12 18:40:00,86.29,86.35,86.22,86.34,171751
2026-02-12 18:45:00,86.33,86.53,86.21,86.51,115472
2026-02-12 18:50:00,86.5,86.5,86.32,86.32,97514
2026-02-12 18:55:00,86.335,86.39,85.985,86.175,266034
2026-02-12 19:00:00,86.175,86.36,86.145,86.29,130864
2026-02-12 19:05:00,86.295,86.505,86.29,86.48,106494
2026-02-12 19:10:00,86.485,86.73,86.43,86.7,147185
2026-02-12 19:15:00,86.7,86.915,86.645,86.915,154709
2026-02-12 19:20:00,86.915,86.985,86.9,86.915,82554
2026-02-12 19:25:00,86.915,86.94,86.5924,86.64,138647
2026-02-12 19:30:00,86.62,86.7,86.57,86.65,99591
2026-02-12 19:35:00,86.66,86.865,86.64,86.865,105095
2026-02-12 19:40:00,86.86,86.91,86.78,86.8,68919
2026-02-12 19:45:00,86.82,86.98,86.82,86.94,73934
2026-02-12 19:50:00,86.957,86.99,86.77,86.775,110833
2026-02-12 19:55:00,86.78,86.9,86.595,86.72,152745
2026-02-12 20:00:00,86.735,86.8499,86.735,86.84,86613
2026-02-12 20:05:00,86.84,86.875,86.64,86.64,100433
2026-02-12 20:10:00,86.64,86.64,86.47,86.52,102011
2026-02-12 20:15:00,86.53,86.65,86.48,86.61,98234
2026-02-12 20:20:00,86.615,86.65,86.52,86.59,96322
2026-02-12 20:25:00,86.58,86.59,86.475,86.511,126147
2026-02-12 20:30:00,86.51,86.555,86.395,86.43,160288
2026-02-12 20:35:00,86.431,86.475,86.415,86.475,148955
2026-02-12 20:40:00,86.475,86.58,86.37,86.395,168384
2026-02-12 20:45:00,86.4,86.405,86.055,86.0696,416195
2026-02-12 20:50:00,86.06,86.14,85.905,86.105,548199
2026-02-12 20:55:00,86.1,86.295,86.09,86.27,1232213
2026-02-13 14:30:00,85.68,86.0,85.09,85.87,393536
2026-02-13 14:35:00,85.87,85.9,85.3,85.69,295118
2026-02-13 14:40:00,85.68,86.13,85.32,86.12,437249
2026-02-13 14:45:00,86.16,86.37,85.98,86.1,238996
2026-02-13 14:50:00,86.13,86.25,85.97,86.1,256926
2026-02-13 14:55:00,86.095,86.46,86.09,86.26,181450
2026-02-13 15:00:00,86.26,86.62,86.215,86.47,158744
2026-02-13 15:05:00,86.47,86.85,86.29,86.79,117423
2026-02-13 15:10:00,86.795,86.839,86.46,86.465,220009
2026-02-13 15:15:00,86.465,86.65,86.16,86.27,136508
2026-02-13 15:20:00,86.28,86.4555,86.21,86.28,139963
2026-02-13 15:25:00,86.26,86.72,86.25,86.65,157919
2026-02-13 15:30:00,86.67,86.865,86.65,86.74,120108
2026-02-13 15:35:00,86.74,86.8598,86.595,86.66,70256
2026-02-13 15:40:00,86.64,86.69,86.45,86.47,80474
2026-02-13 15:45:00,86.47,86.6,86.35,86.585,112909
2026-02-13 15:50:00,86.61,86.845,86.545,86.7,198429
2026-02-13 15:55:00,86.71,86.7899,86.61,86.66,198283
2026-02-13 16:00:00,86.69,87.065,86.67,87.065,98055
2026-02-13 16:05:00,87.05,87.07,86.78,86.79,146558
2026-02-13 16:10:00,86.79,86.88,86.62,86.84,147783
2026-02-13 16:15:00,86.845,87.06,86.84,86.84,75031
2026-02-13 16:20:00,86.85,86.88,86.68,86.755,73619
2026-02-13 16:25:00,86.755,86.95,86.72,86.92,92941
2026-02-13 16:30:00,86.92,86.94,86.69,86.875,68053
2026-02-13 16:35:00,86.9099,86.95,86.79,86.95,78285
2026-02-13 16:40:00,86.98,87.1397,86.94,87.12,70515
2026-02-13 16:45:00,87.115,87.245,87.08,87.17,110426
2026-02-13 16:50:00,87.15,87.27,87.13,87.27,73701
2026-02-13 16:55:00,87.26,87.35,87.24,87.24,61151
2026-02-13 17:00:00,87.243,87.243,87.125,87.195,77222
2026-02-13 17:05:00,87.2,87.39,87.09,87.39,183254
2026-02-13 17:10:00,87.4,87.4,87.24,87.32,153482
2026-02-13 17:15:00,87.32,87.32,87.06,87.13,91323
2026-02-13 17:20:00,87.13,87.445,87.12,87.37,160261
2026-02-13 17:25:00,87.37,87.38,87.2,87.205,50427
2026-02-13 17:30:00,87.21,87.24,87.13,87.13,36207
2026-02-13 17:35:00,87.14,87.14,87.08,87.095,73872
2026-02-13 17:40:00,87.09,87.24,87.08,87.13,53855
2026-02-13 17:45:00,87.125,87.13,87.0,87.1,81948
2026-02-13 17:50:00,87.1,87.1401,87.055,87.075,68555
2026-02-13 17:55:00,87.07,87.09,86.945,86.98,79343
2026-02-13 18:00:00,86.99,87.03,86.82,86.88,63684
2026-02-13 18:05:00,86.89,86.96,86.79,86.9208,66131
2026-02-13 18:10:00,86.93,87.09,86.93,87.075,56736
2026-02-13 18:15:00,87.07,87.19,86.99,87.06,82166
2026-02-13 18:20:00,87.06,87.215,87.06,87.16,51582
2026-02-13 18:25:00,87.17,87.17,86.91,86.99,94479
2026-02-13 18:30:00,86.98,87.07,86.96,87.05,64863
2026-02-13 18:35:00,87.0401,87.12,86.95,86.98,80500
2026-02-13 18:40:00,86.985,86.99,86.87,86.93,52346
2026-02-13 18:45:00,86.94,87.07,86.94,86.9602,70070
2026-02-13 18:50:00,86.97,86.97,86.79,86.79,86849
2026-02-13 18:55:00,86.79,86.81,86.62,86.625,114037
2026-02-13 19:00:00,86.62,86.645,86.545,86.5539,84496
2026-02-13 19:05:00,86.56,86.685,86.545,86.68,97092
2026-02-13 19:10:00,86.675,86.71,86.51,86.71,241762
2026-02-13 19:15:00,86.715,86.76,86.675,86.69,119135
2026-02-13 19:20:00,86.6801,86.73,86.64,86.71,51332
2026-02-13 19:25:00,86.715,86.72,86.465,86.525,94983
2026-02-13 19:30:00,86.53,86.685,86.495,86.585,113149
2026-02-13 19:35:00,86.59,86.78,86.545,86.57,137010
2026-02-13 19:40:00,86.57,86.58,86.38,86.415,83533
2026-02-13 19:45:00,86.415,86.495,86.38,86.405,52385
2026-02-13 19:50:00,86.41,86.445,86.36,86.41,99036
2026-02-13 19:55:00,86.42,86.53,86.25,86.26,116198
2026-02-13 20:00:00,86.27,86.52,86.265,86.515,111496
2026-02-13 20:05:00,86.515,86.6,86.445,86.505,122964
2026-02-13 20:10:00,86.5,86.52,86.435,86.435,90071
2026-02-13 20:15:00,86.435,86.55,86.41,86.55,108729
2026-02-13 20:20:00,86.55,86.55,86.38,86.38,94252
2026-02-13 20:25:00,86.38,86.42,86.235,86.34,117580
2026-02-13 20:30:00,86.36,86.655,86.36,86.53,159127
2026-02-13 20:35:00,86.53,86.6,86.51,86.5601,95581
2026-02-13 20:40:00,86.56,86.64,86.45,86.49,89639
2026-02-13 20:45:00,86.4802,86.84,86.48,86.84,162348
2026-02-13 20:50:00,86.84,86.96,86.81,86.93,399671
2026-02-13 20:55:00,86.93,87.005,86.795,86.945,823414
2026-02-17 14:30:00,87.83,88.55,87.83,88.15,259897
2026-02-17 14:35:00,88.145,88.54,87.875,88.47,194612
2026-02-17 14:40:00,88.46,88.71,88.02,88.23,158742
2026-02-17 14:45:00,88.26,88.8399,88.21,88.74,187420
2026-02-17 14:50:00,88.74,88.8,88.265,88.41,186588
2026-02-17 14:55:00,88.39,88.48,87.88,87.915,136263
2026-02-17 15:00:00,87.93,88.07,87.765,88.025,120654
2026-02-17 15:05:00,88.05,88.23,87.93,88.11,94494
2026-02-17 15:10:00,88.1114,88.15,87.77,87.7766,243962
2026-02-17 15:15:00,87.76,88.11,87.73,88.1,150047
2026-02-17 15:20:00,88.09,88.11,87.7301,87.78,72907
2026-02-17 15:25:00,87.79,87.82,87.54,87.69,58517
2026-02-17 15:30:00,87.68,87.79,87.66,87.6965,67798
2026-02-17 15:35:00,87.71,88.005,87.7,87.79,88628
2026-02-17 15:40:00,87.78,87.95,87.65,87.71,109505
2026-02-17 15:45:00,87.71,87.96,87.69,87.8,117488
2026-02-17 15:50:00,87.78,87.845,87.6,87.74,118664
2026-02-17 15:55:00,87.75,87.88,87.66,87.88,56771
2026-02-17 16:00:00,87.94,88.08,87.93,87.96,57070
2026-02-17 16:05:00,87.94,88.02,87.91,87.95,58351
2026-02-17 16:10:00,87.9484,88.17,87.9201,88.1001,64000
2026-02-17 16:15:00,88.1,88.16,88.01,88.13,79034
2026-02-17 16:20:00,88.11,88.145,87.99,88.1,82331
2026-02-17 16:25:00,88.095,88.11,87.9304,87.99,98791
2026-02-17 16:30:00,87.99,88.14,87.8879,88.11,82536
2026-02-17 16:35:00,88.11,88.1734,88.055,88.15,67280
2026-02-17 16:40:00,88.14,88.17,88.03,88.05,72286
2026-02-17 16:45:00,88.045,88.135,87.98,88.09,91837
2026-02-17 16:50:00,88.09,88.24,88.09,88.17,75627
2026-02-17 16:55:00,88.17,88.23,87.95,88.04,82261
2026-02-17 17:00:00,88.055,88.09,87.895,87.895,41464
2026-02-17 17:05:00,87.8907,87.8907,87.72,87.7399,66195
2026-02-17 17:10:00,87.73,87.81,87.66,87.7,53678
2026-02-17 17:15:00,87.705,87.815,87.68,87.77,51524
2026-02-17 17:20:00,87.765,87.78,87.62,87.72,41157
2026-02-17 17:25:00,87.725,87.86,87.69,87.86,50608
2026-02-17 17:30:00,87.88,87.92,87.785,87.86,100786
2026-02-17 17:35:00,87.85,87.8899,87.745,87.755,29343
2026-02-17 17:40:00,87.7551,87.7561,87.57,87.57,63241
2026-02-17 17:45:00,87.57,87.74,87.52,87.66,96476
2026-02-17 17:50:00,87.655,87.7,87.58,87.63,44834
2026-02-17 17:55:00,87.63,87.88,87.62,87.865,59566
2026-02-17 18:00:00,87.865,87.92,87.8,87.9,78647
2026-02-17 18:05:00,87.91,87.925,87.795,87.825,50159
2026-02-17 18:10:00,87.8267,87.89,87.715,87.79,82950
2026-02-17 18:15:00,87.78,87.781,87.67,87.755,55675
2026-02-17 18:20:00,87.75,88.02,87.745,87.89,74530
2026-02-17 18:25:00,87.89,87.9099,87.74,87.8581,50298
2026-02-17 18:30:00,87.855,87.98,87.84,87.96,61200
2026-02-17 18:35:00,87.94,88.01,87.89,88.0004,79989
2026-02-17 18:40:00,88.01,88.0715,87.96,88.01,76207
2026-02-17 18:45:00,88.01,88.095,87.96,88.0,55628
2026-02-17 18:50:00,88.0,88.115,87.98,88.1,64270
2026-02-17 18:55:00,88.1,88.11,87.935,88.0,106866
2026-02-17 19:00:00,88.01,88.04,87.91,88.03,39241
2026-02-17 19:05:00,88.0368,88.05,87.96,87.98,54685
2026-02-17 19:10:00,87.98,88.03,87.94,88.03,44054
2026-02-17 19:15:00,88.03,88.03,87.9301,87.97,63173
2026-02-17 19:20:00,87.97,88.095,87.94,88.08,56609
2026-02-17 19:25:00,88.08,88.09,87.9,87.93,75570
2026-02-17 19:30:00,87.935,88.0,87.9,88.0,71351
2026-02-17 19:35:00,88.0,88.0,87.81,87.851,68714
2026-02-17 19:40:00,87.86,87.9162,87.825,87.91,85188
2026-02-17 19:45:00,87.905,87.91,87.77,87.805,67694
2026-02-17 19:50:00,87.81,87.855,87.75,87.84,68057
2026-02-17 19:55:00,87.84,87.96,87.84,87.91,70716
2026-02-17 20:00:00,87.92,87.99,87.855,87.875,55957
2026-02-17 20:05:00,87.88,87.93,87.87,87.885,59045
2026-02-17 20:10:00,87.89,87.93,87.85,87.92,63750
2026-02-17 20:15:00,87.92,87.98,87.9,87.93,58795
2026-02-17 20:20:00,87.93,87.995,87.92,87.935,84049
2026-02-17 20:25:00,87.94,87.98,87.81,87.82,87613
2026-02-17 20:30:00,87.82,87.85,87.595,87.6,143807
2026-02-17 20:35:00,87.59,87.6,87.47,87.49,121334
2026-02-17 20:40:00,87.49,87.62,87.43,87.575,136237
2026-02-17 20:45:00,87.5765,87.65,87.48,87.5,258643
2026-02-17 20:50:00,87.51,87.6,87.44,87.545,547542
2026-02-17 20:55:00,87.55,87.56,87.315,87.42,875776
2026-02-18 14:30:00,87.82,88.775,87.65,88.41,288129
2026-02-18 14:35:00,88.38,88.84,88.22,88.68,183535
2026-02-18 14:40:00,88.7223,89.21,88.635,89.18,143102
2026-02-18 14:45:00,89.17,89.4,88.92,88.93,98492
2026-02-18 14:50:00,88.96,89.05,88.845,89.01,63653
2026-02-18 14:55:00,89.015,89.015,88.67,88.67,76978
2026-02-18 15:00:00,88.685,88.84,88.62,88.74,80476
2026-02-18 15:05:00,88.72,88.905,88.58,88.59,99138
2026-02-18 15:10:00,88.585,88.605,88.3701,88.42,62690
2026-02-18 15:15:00,88.42,88.655,88.39,88.56,72386
2026-02-18 15:20:00,88.555,88.68,88.53,88.55,100873
2026-02-18 15:25:00,88.54,88.64,88.46,88.53,71515
2026-02-18 15:30:00,88.56,88.64,88.455,88.5108,73219
2026-02-18 15:35:00,88.51,88.64,88.49,88.61,58029
2026-02-18 15:40:00,88.6,88.6867,88.53,88.61,60643
2026-02-18 15:45:00,88.605,88.62,88.425,88.44,82417
2026-02-18 15:50:00,88.44,88.5,88.37,88.445,79364
2026-02-18 15:55:00,88.45,88.485,88.325,88.42,66567
2026-02-18 16:00:00,88.44,88.44,88.305,88.37,101817
2026-02-18 16:05:00,88.385,88.51,88.385,88.41,43409
2026-02-18 16:10:00,88.395,88.42,88.28,88.32,58434
2026-02-18 16:15:00,88.32,88.37,88.255,88.33,61369
2026-02-18 16:20:00,88.32,88.33,88.26,88.305,47677
2026-02-18 16:25:00,88.3,88.42,88.25,88.42,47063
2026-02-18 16:30:00,88.43,88.5,88.4,88.42,67022
2026-02-18 16:35:00,88.41,88.42,88.295,88.3,38623
2026-02-18 16:40:00,88.3,88.345,88.23,88.24,62589
2026-02-18 16:45:00,88.24,88.28,88.22,88.2501,60619
2026-02-18 16:50:00,88.26,88.32,88.2242,88.28,56686
2026-02-18 16:55:00,88.27,88.385,88.26,88.35,46350
2026-02-18 17:00:00,88.36,88.38,88.255,88.315,60947
2026-02-18 17:05:00,88.31,88.47,88.31,88.45,46218
2026-02-18 17:10:00,88.45,88.49,88.405,88.46,46456
2026-02-18 17:15:00,88.46,88.58,88.44,88.5701,59728
2026-02-18 17:20:00,88.58,88.63,88.555,88.56,64708
2026-02-18 17:25:00,88.555,88.585,88.53,88.555,35491
2026-02-18 17:30:00,88.56,88.62,88.55,88.565,35531
2026-02-18 17:35:00,88.57,88.69,88.57,88.68,45426
2026-02-18 17:40:00,88.68,88.68,88.545,88.545,40402
2026-02-18 17:45:00,88.545,88.67,88.535,88.61,77028
2026-02-18 17:50:00,88.615,88.685,88.61,88.67,31437
2026-02-18 17:55:00,88.68,88.735,88.6615,88.735,51970
2026-02-18 18:00:00,88.73,88.8015,88.73,88.74,38493
2026-02-18 18:05:00,88.74,88.865,88.74,88.86,32651
2026-02-18 18:10:00,88.86,88.9096,88.82,88.9,74543
2026-02-18 18:15:00,88.89,88.93,88.86,88.865,46492
2026-02-18 18:20:00,88.865,88.9,88.8493,88.865,51792
2026-02-18 18:25:00,88.865,88.905,88.69,88.8,75691
2026-02-18 18:30:00,88.795,88.82,88.71,88.82,58179
2026-02-18 18:35:00,88.8,88.88,88.8,88.84,58692
2026-02-18 18:40:00,88.835,88.85,88.605,88.64,73686
2026-02-18 18:45:00,88.64,88.75,88.6,88.63,49006
2026-02-18 18:50:00,88.64,88.64,88.37,88.49,53444
2026-02-18 18:55:00,88.485,88.53,88.42,88.51,54896
2026-02-18 19:00:00,88.5,88.6241,88.45,88.54,52822
2026-02-18 19:05:00,88.545,88.57,88.5,88.5,40587
2026-02-18 19:10:00,88.5,88.6,88.46,88.46,50150
2026-02-18 19:15:00,88.4618,88.4699,88.345,88.38,56759
2026-02-18 19:20:00,88.375,88.48,88.365,88.44,40823
2026-02-18 19:25:00,88.44,88.51,88.36,88.44,53131
2026-02-18 19:30:00,88.45,88.64,88.36,88.565,92127
2026-02-18 19:35:00,88.55,88.56,88.42,88.49,53041
2026-02-18 19:40:00,88.5,88.59,88.49,88.5,64119
2026-02-18 19:45:00,88.5,88.67,88.5,88.58,50177
2026-02-18 19:50:00,88.58,88.64,88.54,88.59,66623
2026-02-18 19:55:00,88.59,88.64,88.49,88.59,73585
2026-02-18 20:00:00,88.6,88.7699,88.595,88.73,92208
2026-02-18 20:05:00,88.715,88.7199,88.565,88.595,65044
2026-02-18 20:10:00,88.61,88.665,88.56,88.625,67296
2026-02-18 20:15:00,88.63,88.63,88.4919,88.5,55230
2026-02-18 20:20:00,88.495,88.52,88.405,88.44,71715
2026-02-18 20:25:00,88.44,88.47,88.38,88.44,75379
2026-02-18 20:30:00,88.43,88.575,88.42,88.47,86148
2026-02-18 20:35:00,88.455,88.509,88.39,88.47,102899
2026-02-18 20:40:00,88.475,88.475,88.3321,88.35,79037
2026-02-18 20:45:00,88.355,88.58,88.305,88.58,103756
2026-02-18 20:50:00,88.59,88.69,88.56,88.63,177768
2026-02-18 20:55:00,88.625,88.71,88.5,88.55,537085
2026-02-19 14:30:00,87.835,88.16,87.43,87.935,419414
2026-02-19 14:35:00,87.935,88.05,87.53,87.715,116319
2026-02-19 14:40:00,87.7228,87.7228,87.2,87.445,109399
2026-02-19 14:45:00,87.47,87.475,87.12,87.3,168532
2026-02-19 14:50:00,87.33,87.42,87.03,87.165,188486
2026-02-19 14:55:00,87.14,87.36,87.05,87.115,131737
2026-02-19 15:00:00,87.115,87.24,86.95,87.05,210816
2026-02-19 15:05:00,87.065,87.0982,86.61,86.61,199373
2026-02-19 15:10:00,86.63,86.79,86.6,86.71,221904
2026-02-19 15:15:00,86.735,87.14,86.735,87.11,152973
2026-02-19 15:20:00,87.13,87.3799,87.095,87.25,119934
2026-02-19 15:25:00,87.24,87.27,86.96,87.07,132122
2026-02-19 15:30:00,87.06,87.27,86.975,87.22,120441
2026-02-19 15:35:00,87.24,87.42,87.19,87.315,88837
2026-02-19 15:40:00,87.32,87.55,87.29,87.52,52806
2026-02-19 15:45:00,87.52,87.64,87.46,87.61,77959
2026-02-19 15:50:00,87.62,87.625,87.3,87.308,45858
2026-02-19 15:55:00,87.295,87.48,87.295,87.4,51566
2026-02-19 16:00:00,87.39,87.47,87.165,87.2,55017
2026-02-19 16:05:00,87.19,87.26,87.07,87.25,69374
2026-02-19 16:10:00,87.23,87.25,87.155,87.18,53857
2026-02-19 16:15:00,87.19,87.35,87.18,87.325,68506
2026-02-19 16:20:00,87.34,87.38,87.23,87.265,48654
2026-02-19 16:25:00,87.265,87.39,87.23,87.25,39590
2026-02-19 16:30:00,87.25,87.42,87.25,87.42,39340
2026-02-19 16:35:00,87.4,87.44,87.3668,87.385,50604
2026-02-19 16:40:00,87.385,87.51,87.345,87.41,66275
2026-02-19 16:45:00,87.45,87.47,87.25,87.295,35857
2026-02-19 16:50:00,87.265,87.4,87.22,87.39,55214
2026-02-19 16:55:00,87.37,87.37,87.21,87.2539,52647
2026-02-19 17:00:00,87.27,87.2838,87.1001,87.103,65521
2026-02-19 17:05:00,87.1,87.14,87.02,87.025,58007
2026-02-19 17:10:00,87.02,87.22,87.01,87.2,79570
2026-02-19 17:15:00,87.21,87.3,87.13,87.225,62971
2026-02-19 17:20:00,87.225,87.335,87.19,87.275,48165
2026-02-19 17:25:00,87.26,87.275,87.12,87.14,46267
2026-02-19 17:30:00,87.145,87.21,87.11,87.21,51530
2026-02-19 17:35:00,87.22,87.29,87.15,87.205,34917
2026-02-19 17:40:00,87.215,87.37,87.2,87.345,33518
2026-02-19 17:45:00,87.36,87.36,87.07,87.11,45561
2026-02-19 17:50:00,87.12,87.23,87.11,87.17,40228
2026-02-19 17:55:00,87.18,87.26,87.055,87.1,38209
2026-02-19 18:00:00,87.09,87.13,87.02,87.06,37822
2026-02-19 18:05:00,87.06,87.12,86.975,87.12,49241
2026-02-19 18:10:00,87.1,87.16,87.02,87.13,37736
2026-02-19 18:15:00,87.12,87.13,86.9,86.93,36627
2026-02-19 18:20:00,86.91,86.98,86.86,86.97,43563
2026-02-19 18:25:00,86.97,87.02,86.84,86.86,38856
2026-02-19 18:30:00,86.85,87.01,86.835,86.86,86712
2026-02-19 18:35:00,86.87,86.95,86.84,86.95,28596
2026-02-19 18:40:00,86.95,87.12,86.91,87.12,43120
2026-02-19 18:45:00,87.13,87.3,87.13,87.3,44048
2026-02-19 18:50:00,87.285,87.29,87.22,87.23,38348
2026-02-19 18:55:00,87.24,87.29,87.14,87.25,49081
2026-02-19 19:00:00,87.24,87.28,87.18,87.22,53593
2026-02-19 19:05:00,87.22,87.3,87.2,87.27,47878
2026-02-19 19:10:00,87.27,87.2701,87.17,87.215,94068
2026-02-19 19:15:00,87.215,87.3,87.155,87.295,55428
2026-02-19 19:20:00,87.295,87.3291,87.245,87.27,50960
2026-02-19 19:25:00,87.26,87.2699,87.14,87.225,54695
2026-02-19 19:30:00,87.2,87.2899,87.19,87.26,83024
2026-02-19 19:35:00,87.26,87.285,87.12,87.13,54876
2026-02-19 19:40:00,87.14,87.3219,87.0946,87.3,55399
2026-02-19 19:45:00,87.3,87.38,87.28,87.37,58035
2026-02-19 19:50:00,87.3601,87.45,87.32,87.395,132994
2026-02-19 19:55:00,87.4,87.69,87.4,87.56,169579
2026-02-19 20:00:00,87.57,87.77,87.57,87.6,203227
2026-02-19 20:05:00,87.61,87.66,87.56,87.63,132631
2026-02-19 20:10:00,87.635,87.7,87.6201,87.65,92670
2026-02-19 20:15:00,87.64,87.66,87.465,87.55,159130
2026-02-19 20:20:00,87.55,87.59,87.525,87.5799,127894
2026-02-19 20:25:00,87.575,87.64,87.565,87.605,208676
2026-02-19 20:30:00,87.6,87.76,87.595,87.695,146498
2026-02-19 20:35:00,87.705,87.73,87.555,87.56,153412
2026-02-19 20:40:00,87.57,87.59,87.465,87.59,146277
2026-02-19 20:45:00,87.59,87.6585,87.53,87.6,175875
2026-02-19 20:50:00,87.59,87.69,87.475,87.53,319738
2026-02-19 20:55:00,87.53,87.645,87.445,87.58,703421
2026-02-20 14:30:00,87.36,87.36,86.76,87.145,687774
2026-02-20 14:35:00,87.08,87.09,86.641,86.898,160742
2026-02-20 14:40:00,86.905,86.93,86.14,86.54,340567
2026-02-20 14:45:00,86.54,86.59,86.45,86.525,162241
2026-02-20 14:50:00,86.54,86.7,86.45,86.7,216469
2026-02-20 14:55:00,86.69,86.91,86.6,86.905,151202
2026-02-20 15:00:00,86.895,87.635,86.855,87.33,347143
2026-02-20 15:05:00,87.33,87.41,87.01,87.4,206245
2026-02-20 15:10:00,87.43,87.64,87.16,87.1869,175712
2026-02-20 15:15:00,87.195,87.57,87.01,87.44,203666
2026-02-20 15:20:00,87.45,87.75,87.45,87.65,128732
2026-02-20 15:25:00,87.66,87.75,87.5,87.555,142042
2026-02-20 15:30:00,87.58,87.7,87.435,87.46,161136
2026-02-20 15:35:00,87.46,87.54,87.35,87.51,123538
2026-02-20 15:40:00,87.495,87.53,87.27,87.46,153009
2026-02-20 15:45:00,87.46,87.46,87.28,87.3,161963
2026-02-20 15:50:00,87.31,87.52,87.19,87.49,138217
2026-02-20 15:55:00,87.49,87.7,87.49,87.62,131536
2026-02-20 16:00:00,87.62,87.65,87.46,87.55,111323
2026-02-20 16:05:00,87.55,87.6,87.49,87.52,99620
2026-02-20 16:10:00,87.52,87.66,87.47,87.58,109485
2026-02-20 16:15:00,87.585,87.61,87.44,87.605,99606
2026-02-20 16:20:00,87.61,87.62,87.53,87.56,85817
2026-02-20 16:25:00,87.56,87.63,87.455,87.465,94610
2026-02-20 16:30:00,87.46,87.67,87.4,87.62,107636
2026-02-20 16:35:00,87.63,87.77,87.55,87.76,116932
2026-02-20 16:40:00,87.76,87.83,87.67,87.685,95224
2026-02-20 16:45:00,87.7,87.8,87.69,87.79,102999
2026-02-20 16:50:00,87.795,87.805,87.705,87.76,115272
2026-02-20 16:55:00,87.75,87.8,87.71,87.73,99462
2026-02-20 17:00:00,87.72,87.81,87.7,87.705,84174
2026-02-20 17:05:00,87.71,87.7196,87.5663,87.5663,64126
2026-02-20 17:10:00,87.57,87.62,87.49,87.49,88652
2026-02-20 17:15:00,87.48,87.48,87.3,87.3228,93491
2026-02-20 17:20:00,87.33,87.38,87.28,87.32,74222
2026-02-20 17:25:00,87.31,87.57,87.31,87.565,115936
2026-02-20 17:30:00,87.57,87.7495,87.57,87.695,79951
2026-02-20 17:35:00,87.7,87.75,87.61,87.69,116204
2026-02-20 17:40:00,87.69,87.71,87.585,87.65,87379
2026-02-20 17:45:00,87.66,87.79,87.58,87.75,100292
2026-02-20 17:50:00,87.74,87.94,87.7,87.8599,99957
2026-02-20 17:55:00,87.85,87.86,87.7,87.84,135214
2026-02-20 18:00:00,87.83,87.92,87.82,87.86,69681
2026-02-20 18:05:00,87.86,87.93,87.8026,87.845,89448
2026-02-20 18:10:00,87.84,87.85,87.77,87.84,89583
2026-02-20 18:15:00,87.85,87.85,87.71,87.79,143133
2026-02-20 18:20:00,87.78,87.792,87.59,87.72,132553
2026-02-20 18:25:00,87.72,87.77,87.585,87.74,103066
2026-02-20 18:30:00,87.71,88.05,87.63,87.94,197001
2026-02-20 18:35:00,87.94,88.06,87.74,88.01,151515
2026-02-20 18:40:00,88.03,88.185,88.01,88.1,69972
2026-02-20 18:45:00,88.11,88.41,88.11,88.305,86505
2026-02-20 18:50:00,88.31,88.4,88.205,88.3799,102501
2026-02-20 18:55:00,88.37,88.43,88.33,88.4,73743
2026-02-20 19:00:00,88.39,88.48,88.35,88.42,150808
2026-02-20 19:05:00,88.44,88.455,88.33,88.355,107164
2026-02-20 19:10:00,88.355,88.355,88.24,88.26,82850
2026-02-20 19:15:00,88.27,88.27,88.18,88.2,80678
2026-02-20 19:20:00,88.21,88.32,88.19,88.275,101343
2026-02-20 19:25:00,88.275,88.335,88.22,88.33,91107
2026-02-20 19:30:00,88.33,88.435,88.325,88.43,104698
2026-02-20 19:35:00,88.43,88.45,88.35,88.36,85486
2026-02-20 19:40:00,88.355,88.3999,88.24,88.24,91191
2026-02-20 19:45:00,88.24,88.315,88.205,88.25,106385
2026-02-20 19:50:00,88.255,88.265,88.13,88.145,83890
2026-02-20 19:55:00,88.14,88.165,88.055,88.09,86520
2026-02-20 20:00:00,88.085,88.345,88.06,88.335,189144
2026-02-20 20:05:00,88.345,88.5,88.335,88.37,215714
2026-02-20 20:10:00,88.36,88.38,88.18,88.355,151498
2026-02-20 20:15:00,88.355,88.38,88.185,88.21,151998
2026-02-20 20:20:00,88.21,88.39,88.185,88.38,149434
2026-02-20 20:25:00,88.39,88.395,88.275,88.36,155856
2026-02-20 20:30:00,88.36,88.435,88.35,88.4,155519
2026-02-20 20:35:00,88.4,88.415,88.33,88.4,155653
2026-02-20 20:40:00,88.405,88.44,88.35,88.41,153285
2026-02-20 20:45:00,88.41,88.49,88.36,88.47,144712
2026-02-20 20:50:00,88.47,88.595,88.47,88.53,259581
2026-02-20 20:55:00,88.53,88.71,88.48,88.7,777469
2026-02-23 14:30:00,88.17,88.6,87.87,88.565,492257
2026-02-23 14:35:00,88.56,88.56,88.02,88.115,242144
2026-02-23 14:40:00,88.11,88.215,87.815,87.88,249197
2026-02-23 14:45:00,87.89,88.05,87.81,88.0,190875
2026-02-23 14:50:00,88.0,88.02,87.58,87.645,166125
2026-02-23 14:55:00,87.63,87.66,86.97,87.03,157646
2026-02-23 15:00:00,87.03,87.03,86.52,86.535,171647
2026-02-23 15:05:00,86.539,86.54,86.21,86.21,196651
2026-02-23 15:10:00,86.23,86.27,86.0,86.05,200410
2026-02-23 15:15:00,86.07,86.12,85.59,85.65,278087
2026-02-23 15:20:00,85.66,85.88,85.64,85.8157,251382
2026-02-23 15:25:00,85.82,85.83,85.41,85.68,430149
2026-02-23 15:30:00,85.7,85.87,85.31,85.38,385813
2026-02-23 15:35:00,85.38,85.465,85.255,85.38,215805
2026-02-23 15:40:00,85.38,85.43,85.11,85.13,270787
2026-02-23 15:45:00,85.135,85.135,84.89,84.95,246068
2026-02-23 15:50:00,84.96,85.055,84.84,84.855,178475
2026-02-23 15:55:00,84.86,84.89,84.615,84.76,252674
2026-02-23 16:00:00,84.765,84.925,84.75,84.88,213258
2026-02-23 16:05:00,84.88,84.93,84.56,84.58,219725
2026-02-23 16:10:00,84.57,84.67,84.49,84.53,218983
2026-02-23 16:15:00,84.54,84.66,84.44,84.65,262444
2026-02-23 16:20:00,84.64,84.935,84.64,84.935,230286
2026-02-23 16:25:00,84.94,85.175,84.9,85.17,296022
2026-02-23 16:30:00,85.17,85.22,84.8897,85.06,212443
2026-02-23 16:35:00,85.06,85.175,84.895,84.95,182264
2026-02-23 16:40:00,84.95,84.9547,84.71,84.745,135205
2026-02-23 16:45:00,84.75,84.9,84.61,84.715,196207
2026-02-23 16:50:00,84.71,84.75,84.59,84.61,141565
2026-02-23 16:55:00,84.62,84.705,84.56,84.62,153143
2026-02-23 17:00:00,84.62,84.71,84.395,84.455,249125
2026-02-23 17:05:00,84.455,84.48,84.32,84.42,205264
2026-02-23 17:10:00,84.41,84.49,84.33,84.42,298133
2026-02-23 17:15:00,84.425,84.455,84.245,84.26,217126
2026-02-23 17:20:00,84.27,84.315,83.98,83.98,256144
2026-02-23 17:25:00,83.98,84.0,83.855,83.96,217816
2026-02-23 17:30:00,83.955,84.07,83.84,83.85,195327
2026-02-23 17:35:00,83.85,83.905,83.775,83.87,324297
2026-02-23 17:40:00,83.865,84.13,83.82,84.05,186933
2026-02-23 17:45:00,84.05,84.375,84.05,84.31,229435
2026-02-23 17:50:00,84.31,84.5469,84.225,84.51,175523
2026-02-23 17:55:00,84.51,84.53,84.405,84.455,172617
2026-02-23 18:00:00,84.455,84.62,84.435,84.615,187823
2026-02-23 18:05:00,84.63,84.685,84.44,84.485,199203
2026-02-23 18:10:00,84.485,84.61,84.4832,84.53,195043
2026-02-23 18:15:00,84.54,84.63,84.475,84.51,177713
2026-02-23 18:20:00,84.51,84.8,84.51,84.775,139708
2026-02-23 18:25:00,84.77,85.06,84.755,85.06,146942
2026-02-23 18:30:00,85.06,85.24,85.02,85.22,188256
2026-02-23 18:35:00,85.225,85.3,84.99,85.0,218251
2026-02-23 18:40:00,85.0,85.1,84.88,84.88,139814
2026-02-23 18:45:00,84.88,85.01,84.87,84.985,154526
2026-02-23 18:50:00,84.9801,85.18,84.95,85.18,336578
2026-02-23 18:55:00,85.17,85.18,84.885,84.905,194472
2026-02-23 19:00:00,84.905,85.01,84.905,84.92,144652
2026-02-23 19:05:00,84.92,84.96,84.715,84.875,251167
2026-02-23 19:10:00,84.88,85.065,84.88,84.965,187940
2026-02-23 19:15:00,84.965,85.04,84.86,84.905,158963
2026-02-23 19:20:00,84.9003,84.955,84.76,84.955,129398
2026-02-23 19:25:00,84.96,85.04,84.84,84.875,139117
2026-02-23 19:30:00,84.88,84.915,84.705,84.705,203994
2026-02-23 19:35:00,84.701,84.705,84.551,84.56,227558
2026-02-23 19:40:00,84.56,84.805,84.55,84.78,208829
2026-02-23 19:45:00,84.78,85.04,84.75,85.0,166775
2026-02-23 19:50:00,85.01,85.015,84.895,84.9135,114382
2026-02-23 19:55:00,84.91,85.0171,84.795,85.01,120593
2026-02-23 20:00:00,85.03,85.11,84.98,85.01,117403
2026-02-23 20:05:00,85.005,85.03,84.79,84.8294,140395
2026-02-23 20:10:00,84.84,84.935,84.82,84.86,101153
2026-02-23 20:15:00,84.86,85.015,84.815,85.01,160395
2026-02-23 20:20:00,85.01,85.075,84.89,85.0089,214155
2026-02-23 20:25:00,85.005,85.1099,85.005,85.05,240070
2026-02-23 20:30:00,85.05,85.195,85.035,85.05,246066
2026-02-23 20:35:00,85.055,85.115,84.98,85.045,214854
2026-02-23 20:40:00,85.05,85.075,84.87,84.99,749185
2026-02-23 20:45:00,84.995,84.995,84.76,84.925,304359
2026-02-23 20:50:00,84.925,84.9899,84.84,84.895,396276
2026-02-23 20:55:00,84.895,85.185,84.89,85.17,910882
2026-02-24 14:30:00,84.4,84.4,83.1,83.255,565791
2026-02-24 14:35:00,83.23,84.315,83.16,84.21,460848
2026-02-24 14:40:00,84.19,84.525,84.12,84.365,399115
2026-02-24 14:45:00,84.365,84.43,83.84,83.87,374933
2026-02-24 14:50:00,83.88,83.89,83.25,83.3,219387
2026-02-24 14:55:00,83.3,83.3,82.75,82.76,390267
2026-02-24 15:00:00,82.775,83.1,82.56,82.87,268016
2026-02-24 15:05:00,82.87,83.01,82.54,82.55,327878
2026-02-24 15:10:00,82.545,82.9875,82.47,82.935,352179
2026-02-24 15:15:00,82.95,83.7,82.94,83.665,301780
2026-02-24 15:20:00,83.665,83.7235,83.305,83.465,299398
2026-02-24 15:25:00,83.46,83.7,83.41,83.685,260922
2026-02-24 15:30:00,83.67,83.69,83.32,83.4645,263263
2026-02-24 15:35:00,83.47,83.49,83.06,83.155,503722
2026-02-24 15:40:00,83.155,83.35,83.08,83.33,202284
2026-02-24 15:45:00,83.32,83.39,83.105,83.38,197715
2026-02-24 15:50:00,83.39,83.59,83.36,83.57,193773
2026-02-24 15:55:00,83.57,83.695,83.45,83.695,194216
2026-02-24 16:00:00,83.695,83.81,83.67,83.74,163064
2026-02-24 16:05:00,83.745,83.91,83.705,83.79,285923
2026-02-24 16:10:00,83.78,83.88,83.6875,83.77,152531
2026-02-24 16:15:00,83.785,83.86,83.73,83.86,157129
2026-02-24 16:20:00,83.85,83.96,83.74,83.78,166060
2026-02-24 16:25:00,83.77,84.04,83.74,84.04,182880
2026-02-24 16:30:00,84.0394,84.05,83.8,83.86,127177
2026-02-24 16:35:00,83.86,83.98,83.82,83.923,130991
2026-02-24 16:40:00,83.92,84.01,83.87,83.93,247567
2026-02-24 16:45:00,83.93,84.07,83.8309,84.03,220312
2026-02-24 16:50:00,84.03,84.23,84.03,84.14,246420
2026-02-24 16:55:00,84.15,84.2,84.08,84.18,189529
2026-02-24 17:00:00,84.2,84.485,84.2,84.4,222028
2026-02-24 17:05:00,84.4097,84.67,84.39,84.66,155947
2026-02-24 17:10:00,84.66,84.67,84.39,84.5001,171836
2026-02-24 17:15:00,84.525,84.62,84.47,84.51,143844
2026-02-24 17:20:00,84.52,84.65,84.5,84.61,122883
2026-02-24 17:25:00,84.62,84.7,84.52,84.55,132575
2026-02-24 17:30:00,84.5566,84.5566,84.43,84.43,107999
2026-02-24 17:35:00,84.43,84.56,84.42,84.505,122466
2026-02-24 17:40:00,84.51,84.6,84.505,84.58,104913
2026-02-24 17:45:00,84.58,84.73,84.53,84.67,122480
2026-02-24 17:50:00,84.67,84.72,84.63,84.675,78783
2026-02-24 17:55:00,84.67,84.82,84.665,84.8,109390
2026-02-24 18:00:00,84.8,84.84,84.74,84.805,97356
2026-02-24 18:05:00,84.8,84.81,84.73,84.755,85025
2026-02-24 18:10:00,84.755,84.8599,84.745,84.84,95521
2026-02-24 18:15:00,84.83,84.92,84.81,84.865,120480
2026-02-24 18:20:00,84.86,84.885,84.82,84.82,108468
2026-02-24 18:25:00,84.81,84.915,84.81,84.88,105925
2026-02-24 18:30:00,84.89,85.02,84.88,85.01,101349
2026-02-24 18:35:00,84.99,85.03,84.95,85.015,84154
2026-02-24 18:40:00,85.0197,85.07,84.94,85.07,113813
2026-02-24 18:45:00,85.07,85.19,85.065,85.115,131008
2026-02-24 18:50:00,85.115,85.1499,85.01,85.02,149043
2026-02-24 18:55:00,85.02,85.04,84.825,84.825,135387
2026-02-24 19:00:00,84.84,84.88,84.74,84.74,120882
2026-02-24 19:05:00,84.745,84.82,84.66,84.82,125582
2026-02-24 19:10:00,84.82,84.86,84.78,84.78,106012
2026-02-24 19:15:00,84.78,84.78,84.61,84.67,113839
2026-02-24 19:20:00,84.675,84.69,84.5,84.54,122544
2026-02-24 19:25:00,84.54,84.6771,84.54,84.6771,158451
2026-02-24 19:30:00,84.66,84.73,84.645,84.695,107317
2026-02-24 19:35:00,84.69,84.72,84.59,84.61,95336
2026-02-24 19:40:00,84.61,84.69,84.55,84.59,127024
2026-02-24 19:45:00,84.6,84.68,84.58,84.6451,104272
2026-02-24 19:50:00,84.65,84.67,84.571,84.58,139739
2026-02-24 19:55:00,84.581,84.5999,84.39,84.48,172467
2026-02-24 20:00:00,84.485,84.55,84.4459,84.47,117181
2026-02-24 20:05:00,84.465,84.62,84.465,84.55,115372
2026-02-24 20:10:00,84.55,84.56,84.42,84.43,96880
2026-02-24 20:15:00,84.43,84.505,84.33,84.43,207518
2026-02-24 20:20:00,84.43,84.5154,84.39,84.4,180342
2026-02-24 20:25:00,84.39,84.43,84.29,84.35,248268
2026-02-24 20:30:00,84.35,84.54,84.345,84.47,298794
2026-02-24 20:35:00,84.47,84.47,84.3,84.3,276513
2026-02-24 20:40:00,84.29,84.35,84.19,84.34,215225
2026-02-24 20:45:00,84.34,84.34,84.205,84.25,338633
2026-02-24 20:50:00,84.26,84.525,84.19,84.485,502009
2026-02-24 20:55:00,84.485,84.63,84.46,84.56,919528
2026-02-25 14:30:00,85.19,85.7499,84.97,85.7,1520948
2026-02-25 14:35:00,85.715,85.81,85.41,85.49,367501
2026-02-25 14:40:00,85.49,85.6,85.09,85.205,210416
2026-02-25 14:45:00,85.18,85.69,85.18,85.69,264141
2026-02-25 14:50:00,85.67,86.06,85.62,86.015,157160
2026-02-25 14:55:00,86.015,86.19,85.98,86.05,178297
2026-02-25 15:00:00,86.05,86.33,86.04,86.3,207313
2026-02-25 15:05:00,86.32,86.39,86.12,86.195,206898
2026-02-25 15:10:00,86.19,86.535,86.14,86.36,185683
2026-02-25 15:15:00,86.36,86.635,86.36,86.56,166096
2026-02-25 15:20:00,86.57,86.66,86.34,86.605,216263
2026-02-25 15:25:00,86.62,86.68,86.48,86.53,221876
2026-02-25 15:30:00,86.525,86.72,86.52,86.665,214762
2026-02-25 15:35:00,86.655,86.7526,86.63,86.65,234809
2026-02-25 15:40:00,86.65,86.92,86.65,86.8801,182854
2026-02-25 15:45:00,86.89,86.9,86.59,86.59,189094
2026-02-25 15:50:00,86.6,86.72,86.51,86.555,125970
2026-02-25 15:55:00,86.55,86.59,86.44,86.58,132590
2026-02-25 16:00:00,86.57,86.64,86.4601,86.4601,135514
2026-02-25 16:05:00,86.46,86.51,86.38,86.51,155407
2026-02-25 16:10:00,86.54,86.66,86.465,86.575,138872
2026-02-25 16:15:00,86.575,86.585,86.43,86.465,151524
2026-02-25 16:20:00,86.47,86.62,86.46,86.58,114190
2026-02-25 16:25:00,86.59,86.7763,86.58,86.58,213567
2026-02-25 16:30:00,86.59,86.64,86.545,86.56,115442
2026-02-25 16:35:00,86.56,86.57,86.46,86.52,98967
2026-02-25 16:40:00,86.52,86.52,86.31,86.315,95232
2026-02-25 16:45:00,86.3,86.475,86.28,86.401,206456
2026-02-25 16:50:00,86.4037,86.5075,86.39,86.43,150733
2026-02-25 16:55:00,86.425,86.51,86.39,86.4699,123197
2026-02-25 17:00:00,86.46,86.535,86.41,86.52,106238
2026-02-25 17:05:00,86.52,86.535,86.41,86.49,95806
2026-02-25 17:10:00,86.5,86.5351,86.45,86.48,83776
2026-02-25 17:15:00,86.48,86.655,86.47,86.61,120671
2026-02-25 17:20:00,86.62,86.6809,86.5601,86.6606,100585
2026-02-25 17:25:00,86.6651,86.6651,86.58,86.61,77710
2026-02-25 17:30:00,86.615,86.66,86.56,86.66,112963
2026-02-25 17:35:00,86.66,86.74,86.63,86.645,90217
2026-02-25 17:40:00,86.65,86.715,86.54,86.555,103554
2026-02-25 17:45:00,86.56,86.63,86.48,86.51,125234
2026-02-25 17:50:00,86.52,86.535,86.471,86.535,94599
2026-02-25 17:55:00,86.5399,86.58,86.4901,86.58,130788
2026-02-25 18:00:00,86.58,86.74,86.575,86.74,91983
2026-02-25 18:05:00,86.74,86.78,86.625,86.7003,113329
2026-02-25 18:10:00,86.7099,86.79,86.67,86.68,73346
2026-02-25 18:15:00,86.68,86.7,86.62,86.64,70853
2026-02-25 18:20:00,86.635,86.665,86.5,86.52,77884
2026-02-25 18:25:00,86.52,86.58,86.51,86.55,105578
2026-02-25 18:30:00,86.57,86.645,86.54,86.565,68688
2026-02-25 18:35:00,86.56,86.57,86.49,86.555,81845
2026-02-25 18:40:00,86.555,86.635,86.551,86.56,81042
2026-02-25 18:45:00,86.565,86.65,86.561,86.64,74111
2026-02-25 18:50:00,86.65,86.735,86.645,86.72,106145
2026-02-25 18:55:00,86.725,86.73,86.58,86.6063,95029
2026-02-25 19:00:00,86.6,86.63,86.53,86.55,126354
2026-02-25 19:05:00,86.555,86.57,86.48,86.57,92820
2026-02-25 19:10:00,86.57,86.69,86.52,86.52,123786
2026-02-25 19:15:00,86.52,86.58,86.51,86.56,86974
2026-02-25 19:20:00,86.565,86.64,86.53,86.58,114220
2026-02-25 19:25:00,86.58,86.61,86.45,86.48,99054
2026-02-25 19:30:00,86.48,86.705,86.48,86.705,80836
2026-02-25 19:35:00,86.7,86.77,86.69,86.7,181175
2026-02-25 19:40:00,86.7,86.77,86.68,86.69,95309
2026-02-25 19:45:00,86.69,86.755,86.68,86.71,73273
2026-02-25 19:50:00,86.715,86.725,86.605,86.61,105706
2026-02-25 19:55:00,86.61,86.65,86.595,86.64,87629
2026-02-25 20:00:00,86.65,86.68,86.565,86.61,102880
2026-02-25 20:05:00,86.615,86.7,86.6,86.69,110221
2026-02-25 20:10:00,86.69,86.695,86.59,86.62,134247
2026-02-25 20:15:00,86.625,86.67,86.585,86.605,165824
2026-02-25 20:20:00,86.605,86.72,86.58,86.705,161743
2026-02-25 20:25:00,86.71,86.735,86.67,86.685,196942
2026-02-25 20:30:00,86.68,86.8051,86.68,86.79,219444
2026-02-25 20:35:00,86.795,86.8,86.7075,86.715,139294
2026-02-25 20:40:00,86.71,86.75,86.57,86.585,157369
2026-02-25 20:45:00,86.585,86.795,86.585,86.7551,179008
2026-02-25 20:50:00,86.74,86.785,86.57,86.7,431290
2026-02-25 20:55:00,86.7,86.77,86.58,86.76,951215
2026-02-26 14:30:00,86.89,87.7,86.57,87.575,463261
2026-02-26 14:35:00,87.58,88.32,87.52,88.115,233791
2026-02-26 14:40:00,88.0995,88.0995,87.7,87.92,158663
2026-02-26 14:45:00,87.88,87.94,87.64,87.68,96927
2026-02-26 14:50:00,87.69,87.88,87.52,87.75,169566
2026-02-26 14:55:00,87.75,87.83,87.6,87.725,145933
2026-02-26 15:00:00,87.72,87.81,87.5,87.6719,141194
2026-02-26 15:05:00,87.68,87.875,87.6,87.875,116608
2026-02-26 15:10:00,87.87,87.9699,87.77,87.8014,199550
2026-02-26 15:15:00,87.79,87.8,87.34,87.395,149607
2026-02-26 15:20:00,87.41,87.51,87.075,87.21,106446
2026-02-26 15:25:00,87.2193,87.2193,86.9675,87.175,177877
2026-02-26 15:30:00,87.21,87.38,87.06,87.11,127950
2026-02-26 15:35:00,87.11,87.425,87.09,87.23,155346
2026-02-26 15:40:00,87.22,87.28,87.06,87.11,157708
2026-02-26 15:45:00,87.095,87.25,86.99,87.2,118383
2026-02-26 15:50:00,87.2,87.37,87.12,87.29,115658
2026-02-26 15:55:00,87.28,87.5652,87.28,87.46,265620
2026-02-26 16:00:00,87.45,87.58,87.355,87.36,180871
2026-02-26 16:05:00,87.365,87.385,87.185,87.37,98913
2026-02-26 16:10:00,87.365,87.4,87.27,87.325,268119
2026-02-26 16:15:00,87.32,87.35,87.24,87.27,95458
2026-02-26 16:20:00,87.27,87.35,87.2,87.265,135360
2026-02-26 16:25:00,87.27,87.345,87.19,87.28,154739
2026-02-26 16:30:00,87.3,87.3,86.28,86.72,778982
2026-02-26 16:35:00,86.725,86.83,85.85,86.37,662618
2026-02-26 16:40:00,86.36,86.5,86.06,86.35,161063
2026-02-26 16:45:00,86.33,86.54,86.22,86.46,171676
2026-02-26 16:50:00,86.48,86.5343,86.16,86.235,199469
2026-02-26 16:55:00,86.24,86.31,85.975,86.09,258465
2026-02-26 17:00:00,86.09,86.13,85.58,85.86,493901
2026-02-26 17:05:00,85.855,86.3,85.855,86.25,124129
2026-02-26 17:10:00,86.255,86.3522,86.15,86.16,128758
2026-02-26 17:15:00,86.17,86.29,86.105,86.105,110987
2026-02-26 17:20:00,86.11,86.215,86.04,86.215,243550
2026-02-26 17:25:00,86.23,86.335,86.185,86.2789,162569
2026-02-26 17:30:00,86.28,86.41,86.19,86.33,163722
2026-02-26 17:35:00,86.33,86.39,86.09,86.155,156373
2026-02-26 17:40:00,86.155,86.22,86.02,86.02,136449
2026-02-26 17:45:00,86.02,86.1,85.98,86.03,262691
2026-02-26 17:50:00,86.0401,86.16,85.98,86.05,220922
2026-02-26 17:55:00,86.06,86.155,86.01,86.14,112589
2026-02-26 18:00:00,86.13,86.15,86.0322,86.08,126191
2026-02-26 18:05:00,86.09,86.19,86.09,86.16,163336
2026-02-26 18:10:00,86.15,86.3275,86.1431,86.32,111682
2026-02-26 18:15:00,86.31,86.37,86.211,86.36,176956
2026-02-26 18:20:00,86.36,86.3775,86.131,86.23,113493
2026-02-26 18:25:00,86.23,86.31,86.23,86.28,121791
2026-02-26 18:30:00,86.28,86.425,86.26,86.41,279240
2026-02-26 18:35:00,86.4175,86.71,86.36,86.68,255578
2026-02-26 18:40:00,86.685,86.715,86.55,86.58,170154
2026-02-26 18:45:00,86.59,86.7,86.49,86.5,162719
2026-02-26 18:50:00,86.5,86.6,86.48,86.57,347547
2026-02-26 18:55:00,86.57,86.64,86.54,86.56,90454
2026-02-26 19:00:00,86.56,86.6,86.5,86.51,144796
2026-02-26 19:05:00,86.51,86.5375,86.28,86.4,156823
2026-02-26 19:10:00,86.41,86.515,86.37,86.37,142618
2026-02-26 19:15:00,86.38,86.57,86.345,86.49,311575
2026-02-26 19:20:00,86.5,86.7,86.5,86.59,183833
2026-02-26 19:25:00,86.6,86.72,86.42,86.43,231180
2026-02-26 19:30:00,86.44,86.65,86.44,86.625,221635
2026-02-26 19:35:00,86.62,86.78,86.62,86.7,120990
2026-02-26 19:40:00,86.71,86.74,86.51,86.55,156108
2026-02-26 19:45:00,86.545,86.655,86.46,86.52,190169
2026-02-26 19:50:00,86.525,86.575,86.45,86.47,108679
2026-02-26 19:55:00,86.475,86.53,86.34,86.37,147671
2026-02-26 20:00:00,86.365,86.52,86.325,86.5,117958
2026-02-26 20:05:00,86.5,86.55,86.46,86.48,156297
2026-02-26 20:10:00,86.47,86.68,86.45,86.63,182939
2026-02-26 20:15:00,86.63,86.68,86.49,86.57,189102
2026-02-26 20:20:00,86.57,86.6,86.43,86.48,152388
2026-02-26 20:25:00,86.48,86.5,86.42,86.445,141949
2026-02-26 20:30:00,86.44,86.57,86.44,86.495,198739
2026-02-26 20:35:00,86.49,86.56,86.415,86.54,177444
2026-02-26 20:40:00,86.54,86.57,86.445,86.465,159420
2026-02-26 20:45:00,86.47,86.48,86.395,86.46,264284
2026-02-26 20:50:00,86.46,86.47,86.3302,86.4,334852
2026-02-26 20:55:00,86.405,86.475,86.27,86.3,979958
2026-02-27 14:30:00,84.67,84.82,83.64,83.86,598997
2026-02-27 14:35:00,83.93,83.94,83.23,83.46,276109
2026-02-27 14:40:00,83.4749,83.4749,82.73,82.77,330317
2026-02-27 14:45:00,82.755,83.11,82.62,82.705,301700
2026-02-27 14:50:00,82.7,82.95,82.525,82.73,266030
2026-02-27 14:55:00,82.71,83.01,82.41,82.53,383553
2026-02-27 15:00:00,82.51,82.975,82.34,82.695,485794
2026-02-27 15:05:00,82.7,83.2,82.68,83.01,341081
2026-02-27 15:10:00,83.02,83.2,82.745,82.75,284810
2026-02-27 15:15:00,82.74,82.74,82.18,82.2,411879
2026-02-27 15:20:00,82.21,82.24,81.938,82.02,405463
2026-02-27 15:25:00,82.03,82.1126,81.85,81.89,354700
2026-02-27 15:30:00,81.9,82.1899,81.73,82.08,380033
2026-02-27 15:35:00,82.07,82.43,82.04,82.25,321080
2026-02-27 15:40:00,82.26,82.26,82.0501,82.135,220155
2026-02-27 15:45:00,82.14,82.18,81.82,81.83,190502
2026-02-27 15:50:00,81.82,81.95,81.675,81.95,201298
2026-02-27 15:55:00,81.94,82.09,81.74,81.755,274284
2026-02-27 16:00:00,81.74,81.85,81.6,81.84,256121
2026-02-27 16:05:00,81.85,81.9,81.75,81.79,176228
2026-02-27 16:10:00,81.79,81.87,81.685,81.81,200433
2026-02-27 16:15:00,81.81,81.99,81.7263,81.7263,176969
2026-02-27 16:20:00,81.72,81.96,81.635,81.94,242617
2026-02-27 16:25:00,81.935,82.04,81.83,81.88,282216
2026-02-27 16:30:00,81.87,81.94,81.72,81.93,237979
2026-02-27 16:35:00,81.93,81.94,81.665,81.75,130507
2026-02-27 16:40:00,81.76,81.79,81.61,81.61,160613
2026-02-27 16:45:00,81.61,81.68,81.255,81.28,210212
2026-02-27 16:50:00,81.2853,81.48,81.265,81.27,207313
2026-02-27 16:55:00,81.28,81.29,80.93,81.0358,263349
2026-02-27 17:00:00,81.02,81.27,81.01,81.14,225604
2026-02-27 17:05:00,81.15,81.21,81.05,81.06,219021
2026-02-27 17:10:00,81.06,81.07,80.875,80.875,177330
2026-02-27 17:15:00,80.88,80.94,80.755,80.8163,191872
2026-02-27 17:20:00,80.82,80.9,80.745,80.76,229128
2026-02-27 17:25:00,80.75,80.785,80.48,80.49,247661
2026-02-27 17:30:00,80.48,80.78,80.45,80.74,284101
2026-02-27 17:35:00,80.74,80.74,80.55,80.575,170153
2026-02-27 17:40:00,80.575,80.89,80.525,80.8099,227847
2026-02-27 17:45:00,80.81,80.8629,80.72,80.78,179360
2026-02-27 17:50:00,80.78,80.94,80.685,80.875,156815
2026-02-27 17:55:00,80.87,81.08,80.87,81.05,345645
2026-02-27 18:00:00,81.05,81.15,80.97,81.0897,186081
2026-02-27 18:05:00,81.08,81.12,80.98,80.98,175053
2026-02-27 18:10:00,80.98,81.11,80.965,81.015,143594
2026-02-27 18:15:00,81.01,81.0551,80.97,81.01,182478
2026-02-27 18:20:00,81.005,81.01,80.925,80.99,120745
2026-02-27 18:25:00,80.995,81.0,80.835,80.98,135088
2026-02-27 18:30:00,80.99,81.12,80.99,80.99,149289
2026-02-27 18:35:00,80.99,81.035,80.94,80.975,113038
2026-02-27 18:40:00,80.975,81.13,80.965,81.085,119775
2026-02-27 18:45:00,81.08,81.13,81.02,81.1,134814
2026-02-27 18:50:00,81.1,81.22,81.02,81.22,148864
2026-02-27 18:55:00,81.21,81.22,81.035,81.13,152413
2026-02-27 19:00:00,81.125,81.175,81.01,81.04,171147
2026-02-27 19:05:00,81.04,81.04,80.85,80.89,133097
2026-02-27 19:10:00,80.89,80.89,80.7501,80.78,317048
2026-02-27 19:15:00,80.78,80.82,80.71,80.79,164453
2026-02-27 19:20:00,80.79,80.8,80.735,80.765,95823
2026-02-27 19:25:00,80.76,80.78,80.65,80.71,123494
2026-02-27 19:30:00,80.7,80.855,80.6601,80.85,146365
2026-02-27 19:35:00,80.845,80.925,80.835,80.835,150339
2026-02-27 19:40:00,80.83,80.89,80.755,80.8801,108491
2026-02-27 19:45:00,80.885,80.94,80.73,80.7301,109406
2026-02-27 19:50:00,80.735,80.7599,80.68,80.695,143903
2026-02-27 19:55:00,80.69,80.8,80.48,80.54,252210
2026-02-27 20:00:00,80.53,80.64,80.48,80.6101,239819
2026-02-27 20:05:00,80.615,80.709,80.59,80.675,213773
2026-02-27 20:10:00,80.68,81.05,80.675,81.01,253279
2026-02-27 20:15:00,81.01,81.2,80.98,81.115,389329
2026-02-27 20:20:00,81.11,81.4,81.015,81.4,394572
2026-02-27 20:25:00,81.4,81.4,81.235,81.25,231222
2026-02-27 20:30:00,81.26,81.51,81.26,81.41,387644
2026-02-27 20:35:00,81.41,81.44,81.19,81.25,300014
2026-02-27 20:40:00,81.245,81.54,81.22,81.405,391368
2026-02-27 20:45:00,81.405,81.56,81.16,81.18,566910
2026-02-27 20:50:00,81.19,81.4,81.17,81.19,894796
2026-02-27 20:55:00,81.19,81.48,81.165,81.425,1948917
2026-03-02 14:30:00,79.15,79.83,78.94,79.575,810130
2026-03-02 14:35:00,79.58,79.9,79.41,79.761,609577
2026-03-02 14:40:00,79.76,80.49,79.76,80.47,426096
2026-03-02 14:45:00,80.43,80.56,79.81,80.02,428353
2026-03-02 14:50:00,80.03,80.2397,79.91,80.035,333329
2026-03-02 14:55:00,80.05,80.32,79.91,80.26,248302
2026-03-02 15:00:00,80.26,80.68,80.16,80.65,208009
2026-03-02 15:05:00,80.64,80.825,80.46,80.63,346862
2026-03-02 15:10:00,80.615,81.087,80.6004,81.0,242070
2026-03-02 15:15:00,81.03,81.35,80.883,81.11,198678
2026-03-02 15:20:00,81.1,81.3934,81.07,81.1,123304
2026-03-02 15:25:00,81.12,81.49,81.05,81.28,179165
2026-03-02 15:30:00,81.285,81.445,81.17,81.26,170987
2026-03-02 15:35:00,81.29,81.34,81.11,81.19,93899
2026-03-02 15:40:00,81.19,81.41,81.07,81.41,149006
2026-03-02 15:45:00,81.39,81.39,81.205,81.335,97750
2026-03-02 15:50:00,81.31,81.6102,81.22,81.51,185289
2026-03-02 15:55:00,81.51,81.85,81.45,81.725,178405
2026-03-02 16:00:00,81.71,81.92,81.665,81.895,142448
2026-03-02 16:05:00,81.89,81.94,81.79,81.885,134066
2026-03-02 16:10:00,81.9,81.98,81.8293,81.905,118168
2026-03-02 16:15:00,81.91,81.98,81.85,81.94,128869
2026-03-02 16:20:00,81.94,81.99,81.83,81.9,123655
2026-03-02 16:25:00,81.9,81.97,81.57,81.5851,115658
2026-03-02 16:30:00,81.58,81.76,81.56,81.71,108272
2026-03-02 16:35:00,81.72,81.97,81.63,81.96,186166
2026-03-02 16:40:00,81.97,82.17,81.96,82.115,212513
2026-03-02 16:45:00,82.14,82.27,82.08,82.195,172886
2026-03-02 16:50:00,82.195,82.195,82.0,82.02,74852
2026-03-02 16:55:00,82.02,82.16,81.905,81.935,71695
2026-03-02 17:00:00,81.93,82.05,81.89,82.035,66409
2026-03-02 17:05:00,82.0477,82.41,82.03,82.3714,320711
2026-03-02 17:10:00,82.375,82.61,82.35,82.52,218607
2026-03-02 17:15:00,82.51,82.64,82.49,82.62,196990
2026-03-02 17:20:00,82.63,82.73,82.61,82.61,255753
2026-03-02 17:25:00,82.6,82.6,82.26,82.27,237428
2026-03-02 17:30:00,82.28,82.47,82.22,82.47,179812
2026-03-02 17:35:00,82.465,82.75,82.46,82.74,210088
2026-03-02 17:40:00,82.74,82.815,82.56,82.635,237429
2026-03-02 17:45:00,82.63,82.65,82.46,82.485,221463
2026-03-02 17:50:00,82.485,82.7,82.4801,82.69,238409
2026-03-02 17:55:00,82.69,82.69,82.5001,82.595,230960
2026-03-02 18:00:00,82.59,82.66,82.56,82.615,174530
2026-03-02 18:05:00,82.63,82.66,82.54,82.61,191037
2026-03-02 18:10:00,82.605,82.695,82.56,82.58,226590
2026-03-02 18:15:00,82.58,82.66,82.5,82.56,205828
2026-03-02 18:20:00,82.5501,82.63,82.52,82.625,127550
2026-03-02 18:25:00,82.62,82.78,82.6,82.71,133682
2026-03-02 18:30:00,82.72,82.77,82.65,82.69,154596
2026-03-02 18:35:00,82.69,82.72,82.62,82.67,150862
2026-03-02 18:40:00,82.68,82.72,82.505,82.555,178988
2026-03-02 18:45:00,82.55,82.65,82.515,82.62,159193
2026-03-02 18:50:00,82.64,82.89,82.63,82.88,167363
2026-03-02 18:55:00,82.875,82.92,82.8,82.82,198730
2026-03-02 19:00:00,82.81,83.0,82.7631,82.815,248445
2026-03-02 19:05:00,82.81,82.92,82.735,82.82,195411
2026-03-02 19:10:00,82.82,82.905,82.66,82.84,222646
2026-03-02 19:15:00,82.83,82.96,82.83,82.92,157972
2026-03-02 19:20:00,82.92,83.05,82.92,82.955,167743
2026-03-02 19:25:00,82.96,82.99,82.9,82.955,154019
2026-03-02 19:30:00,82.96,83.05,82.96,83.0,193570
2026-03-02 19:35:00,83.0,83.065,82.96,82.975,161272
2026-03-02 19:40:00,82.97,83.05,82.89,82.89,159300
2026-03-02 19:45:00,82.895,82.92,82.755,82.77,186929
2026-03-02 19:50:00,82.77,83.0,82.75,82.99,205541
2026-03-02 19:55:00,82.99,83.005,82.835,82.9,187659
2026-03-02 20:00:00,82.9,82.97,82.855,82.86,208489
2026-03-02 20:05:00,82.85,82.87,82.57,82.61,199919
2026-03-02 20:10:00,82.61,82.61,82.415,82.43,237594
2026-03-02 20:15:00,82.43,82.65,82.39,82.465,330211
2026-03-02 20:20:00,82.48,82.57,82.371,82.455,233384
2026-03-02 20:25:00,82.45,82.5,82.34,82.34,247501
2026-03-02 20:30:00,82.35,82.45,82.33,82.4,283387
2026-03-02 20:35:00,82.38,82.555,82.365,82.47,249077
2026-03-02 20:40:00,82.47,82.495,82.32,82.415,196355
2026-03-02 20:45:00,82.41,82.52,82.36,82.455,254547
2026-03-02 20:50:00,82.47,82.58,82.355,82.51,318112
2026-03-02 20:55:00,82.52,82.59,82.46,82.54,958457
2026-03-03 14:30:00,80.995,81.18,80.2,80.69,369590
2026-03-03 14:35:00,80.64,80.84,80.305,80.4,185337
2026-03-03 14:40:00,80.38,80.58,80.2,80.22,166447
2026-03-03 14:45:00,80.25,80.555,80.01,80.04,365215
2026-03-03 14:50:00,80.03,80.73,79.85,80.45,429267
2026-03-03 14:55:00,80.445,80.95,80.29,80.93,252091
2026-03-03 15:00:00,80.94,81.15,80.7302,80.785,306737
2026-03-03 15:05:00,80.785,80.89,80.58,80.75,263900
2026-03-03 15:10:00,80.74,80.96,80.475,80.76,342524
2026-03-03 15:15:00,80.76,80.9,80.52,80.6,340857
2026-03-03 15:20:00,80.6035,80.63,80.355,80.46,282984
2026-03-03 15:25:00,80.46,80.73,80.355,80.705,293260
2026-03-03 15:30:00,80.705,80.975,80.655,80.82,246422
2026-03-03 15:35:00,80.82,81.04,80.71,80.99,198262
2026-03-03 15:40:00,80.98,81.095,80.8905,81.09,153000
2026-03-03 15:45:00,81.07,81.31,80.91,80.97,160292
2026-03-03 15:50:00,80.97,80.98,80.69,80.835,146557
2026-03-03 15:55:00,80.835,81.07,80.775,81.055,162002
2026-03-03 16:00:00,81.05,81.15,80.82,80.98,163991
2026-03-03 16:05:00,80.98,81.31,80.97,81.29,131414
2026-03-03 16:10:00,81.28,81.48,81.16,81.47,129704
2026-03-03 16:15:00,81.47,81.59,81.43,81.56,152138
2026-03-03 16:20:00,81.55,81.75,81.51,81.69,233577
2026-03-03 16:25:00,81.71,81.77,81.625,81.68,194482
2026-03-03 16:30:00,81.645,81.675,81.4,81.6637,134190
2026-03-03 16:35:00,81.63,81.78,81.57,81.64,102352
2026-03-03 16:40:00,81.64,81.84,81.59,81.8001,164697
2026-03-03 16:45:00,81.82,82.05,81.73,81.83,211697
2026-03-03 16:50:00,81.81,82.02,81.8,82.02,149413
2026-03-03 16:55:00,82.02,82.06,81.92,82.05,106532
2026-03-03 17:00:00,82.01,82.06,81.85,81.98,146573
2026-03-03 17:05:00,81.98,82.09,81.96,82.0,122276
2026-03-03 17:10:00,82.005,82.1,81.86,81.95,122181
2026-03-03 17:15:00,81.95,82.07,81.86,82.045,99958
2026-03-03 17:20:00,82.045,82.15,82.0,82.11,63548
2026-03-03 17:25:00,82.11,82.14,82.0,82.0,62930
2026-03-03 17:30:00,82.01,82.1,81.94,81.95,182931
2026-03-03 17:35:00,81.95,82.1,81.91,82.1,66157
2026-03-03 17:40:00,82.1,82.21,82.07,82.155,68463
2026-03-03 17:45:00,82.15,82.25,82.035,82.22,121586
2026-03-03 17:50:00,82.22,82.28,82.1,82.1,124132
2026-03-03 17:55:00,82.11,82.205,82.08,82.17,67117
2026-03-03 18:00:00,82.16,82.62,82.16,82.61,245988
2026-03-03 18:05:00,82.62,82.69,82.54,82.63,110874
2026-03-03 18:10:00,82.635,82.64,82.43,82.47,140160
2026-03-03 18:15:00,82.4751,82.565,82.46,82.51,96271
2026-03-03 18:20:00,82.52,82.88,82.52,82.88,144689
2026-03-03 18:25:00,82.87,83.005,82.835,82.92,168821
2026-03-03 18:30:00,82.925,83.16,82.88,83.05,140237
2026-03-03 18:35:00,83.0501,83.19,82.93,83.13,170405
2026-03-03 18:40:00,83.135,83.16,82.99,83.09,158159
2026-03-03 18:45:00,83.07,83.12,82.96,83.11,111444
2026-03-03 18:50:00,83.09,83.26,83.08,83.2,170258
2026-03-03 18:55:00,83.19,83.25,83.09,83.2,219657
2026-03-03 19:00:00,83.1901,83.22,83.12,83.21,120401
2026-03-03 19:05:00,83.22,83.28,83.14,83.185,165114
2026-03-03 19:10:00,83.19,83.28,83.11,83.25,165085
2026-03-03 19:15:00,83.25,83.315,83.17,83.2932,144000
2026-03-03 19:20:00,83.31,83.39,83.21,83.21,137978
2026-03-03 19:25:00,83.21,83.21,83.03,83.105,150341
2026-03-03 19:30:00,83.105,83.17,82.93,82.97,140886
2026-03-03 19:35:00,82.965,83.36,82.95,83.27,159945
2026-03-03 19:40:00,83.28,83.415,83.23,83.34,142086
2026-03-03 19:45:00,83.345,83.49,83.28,83.35,144400
2026-03-03 19:50:00,83.35,83.45,83.245,83.2901,133600
2026-03-03 19:55:00,83.29,83.3,83.16,83.28,145940
2026-03-03 20:00:00,83.29,83.295,83.17,83.2,117690
2026-03-03 20:05:00,83.19,83.19,83.06,83.11,117103
2026-03-03 20:10:00,83.12,83.13,82.985,83.045,119251
2026-03-03 20:15:00,83.05,83.13,82.88,82.91,165061
2026-03-03 20:20:00,82.91,82.98,82.845,82.97,164078
2026-03-03 20:25:00,82.955,83.09,82.9,82.955,235237
2026-03-03 20:30:00,82.96,82.995,82.81,82.83,298308
2026-03-03 20:35:00,82.83,82.889,82.575,82.59,317665
2026-03-03 20:40:00,82.605,82.65,82.46,82.555,215378
2026-03-03 20:45:00,82.56,82.705,82.53,82.64,185751
2026-03-03 20:50:00,82.645,82.75,82.39,82.44,673505
2026-03-03 20:55:00,82.45,82.54,82.36,82.53,1346709
2026-03-04 14:30:00,82.69,82.92,82.155,82.215,875026
2026-03-04 14:35:00,82.255,82.77,82.03,82.66,253511
2026-03-04 14:40:00,82.6611,82.83,82.49,82.525,188129
2026-03-04 14:45:00,82.5,82.57,82.14,82.22,281373
2026-03-04 14:50:00,82.2,82.61,82.15,82.5576,386735
2026-03-04 14:55:00,82.55,82.82,82.495,82.82,155756
2026-03-04 15:00:00,82.81,83.0,82.69,82.87,262084
2026-03-04 15:05:00,82.885,83.08,82.7,83.08,164332
2026-03-04 15:10:00,83.04,83.13,82.81,83.0,125366
2026-03-04 15:15:00,83.04,83.155,82.7153,82.81,134134
2026-03-04 15:20:00,82.795,83.04,82.78,83.01,101343
2026-03-04 15:25:00,83.02,83.1,82.86,82.9,191617
2026-03-04 15:30:00,82.9,83.11,82.735,82.8,189428
2026-03-04 15:35:00,82.73,82.765,82.59,82.72,98826
2026-03-04 15:40:00,82.7,82.8,82.66,82.75,120666
2026-03-04 15:45:00,82.73,82.955,82.71,82.92,105599
2026-03-04 15:50:00,82.89,83.05,82.85,83.005,105367
2026-03-04 15:55:00,82.9787,83.1,82.96,83.08,97315
2026-03-04 16:00:00,83.07,83.16,83.05,83.1,89043
2026-03-04 16:05:00,83.1,83.13,82.95,83.07,89106
2026-03-04 16:10:00,83.065,83.08,82.88,82.885,84810
2026-03-04 16:15:00,82.885,83.07,82.82,82.99,106605
2026-03-04 16:20:00,82.975,83.01,82.82,82.9,277390
2026-03-04 16:25:00,82.86,83.01,82.83,83.01,140743
2026-03-04 16:30:00,82.99,83.145,82.99,83.095,100260
2026-03-04 16:35:00,83.1,83.17,82.96,83.025,135877
2026-03-04 16:40:00,83.02,83.27,83.02,83.215,107479
2026-03-04 16:45:00,83.22,83.25,83.115,83.1486,119433
2026-03-04 16:50:00,83.16,83.18,83.06,83.1,93550
2026-03-04 16:55:00,83.1,83.14,83.08,83.105,96151
2026-03-04 17:00:00,83.1,83.22,83.0364,83.2,104753
2026-03-04 17:05:00,83.2,83.215,83.07,83.12,77851
2026-03-04 17:10:00,83.11,83.18,83.08,83.13,92391
2026-03-04 17:15:00,83.135,83.165,83.07,83.13,87906
2026-03-04 17:20:00,83.135,83.2,83.0,83.11,96371
2026-03-04 17:25:00,83.1,83.135,82.98,83.05,84489
2026-03-04 17:30:00,83.06,83.16,82.96,83.14,112523
2026-03-04 17:35:00,83.14,83.2,83.04,83.1,112427
2026-03-04 17:40:00,83.09,83.14,83.015,83.07,110338
2026-03-04 17:45:00,83.075,83.1,83.04,83.06,90315
2026-03-04 17:50:00,83.065,83.08,82.85,82.94,97042
2026-03-04 17:55:00,82.93,83.06,82.92,83.02,73949
2026-03-04 18:00:00,83.03,83.05,82.87,82.89,115904
2026-03-04 18:05:00,82.895,83.0,82.87,82.95,92254
2026-03-04 18:10:00,82.95,82.99,82.91,82.93,69376
2026-03-04 18:15:00,82.935,82.96,82.84,82.845,78318
2026-03-04 18:20:00,82.84,82.88,82.785,82.83,85123
2026-03-04 18:25:00,82.82,82.94,82.81,82.93,80692
2026-03-04 18:30:00,82.95,82.98,82.9,82.92,78368
2026-03-04 18:35:00,82.92,83.08,82.92,83.04,127519
2026-03-04 18:40:00,83.05,83.13,83.05,83.06,91877
2026-03-04 18:45:00,83.07,83.16,83.06,83.16,91443
2026-03-04 18:50:00,83.13,83.2,83.12,83.19,110227
2026-03-04 18:55:00,83.2,83.27,83.16,83.24,98918
2026-03-04 19:00:00,83.25,83.32,83.25,83.27,138170
2026-03-04 19:05:00,83.26,83.33,83.23,83.29,104312
2026-03-04 19:10:00,83.3,83.31,83.18,83.23,101191
2026-03-04 19:15:00,83.23,83.3,83.21,83.275,87563
2026-03-04 19:20:00,83.27,83.34,83.23,83.265,80852
2026-03-04 19:25:00,83.265,83.265,83.12,83.15,85420
2026-03-04 19:30:00,83.16,83.245,83.16,83.24,62918
2026-03-04 19:35:00,83.24,83.3191,83.215,83.275,59516
2026-03-04 19:40:00,83.28,83.28,83.21,83.23,82248
2026-03-04 19:45:00,83.235,83.31,83.22,83.29,104114
2026-03-04 19:50:00,83.29,83.44,83.27,83.42,86801
2026-03-04 19:55:00,83.42,83.43,83.34,83.355,83265
2026-03-04 20:00:00,83.36,83.39,83.32,83.39,83955
2026-03-04 20:05:00,83.4,83.415,83.25,83.3,113670
2026-03-04 20:10:00,83.3,83.35,83.26,83.35,87893
2026-03-04 20:15:00,83.35,83.385,83.29,83.36,121185
2026-03-04 20:20:00,83.355,83.405,83.29,83.37,206105
2026-03-04 20:25:00,83.38,83.43,83.36,83.39,190865
2026-03-04 20:30:00,83.39,83.43,83.37,83.415,202638
2026-03-04 20:35:00,83.41,83.5,83.41,83.45,324940
2026-03-04 20:40:00,83.45,83.61,83.44,83.61,308620
2026-03-04 20:45:00,83.61,83.97,83.61,83.965,370919
2026-03-04 20:50:00,83.965,84.04,83.71,83.81,818663
2026-03-04 20:55:00,83.81,84.04,83.755,83.92,1954778
2026-03-05 14:30:00,83.65,83.78,83.31,83.46,236011
2026-03-05 14:35:00,83.455,83.7976,83.43,83.73,97759
2026-03-05 14:40:00,83.69,83.69,83.13,83.2,127858
2026-03-05 14:45:00,83.19,83.19,82.7,82.72,128286
2026-03-05 14:50:00,82.72,82.98,82.58,82.94,142573
2026-03-05 14:55:00,82.93,83.42,82.93,83.36,105211
2026-03-05 15:00:00,83.37,83.38,82.595,82.62,209499
2026-03-05 15:05:00,82.61,82.69,82.44,82.565,185410
2026-03-05 15:10:00,82.565,82.69,82.41,82.53,186054
2026-03-05 15:15:00,82.48,82.57,82.35,82.5,140177
2026-03-05 15:20:00,82.5,82.5,82.3,82.335,103824
2026-03-05 15:25:00,82.335,82.48,82.22,82.3,160816
2026-03-05 15:30:00,82.295,82.3,82.09,82.16,136006
2026-03-05 15:35:00,82.14,82.18,81.99,82.07,154236
2026-03-05 15:40:00,82.07,82.21,81.985,82.03,205195
2026-03-05 15:45:00,82.02,82.29,81.98,82.11,128691
2026-03-05 15:50:00,82.12,82.37,82.11,82.2,95547
2026-03-05 15:55:00,82.22,82.23,82.0138,82.17,92375
2026-03-05 16:00:00,82.2,82.39,82.04,82.0988,348834
2026-03-05 16:05:00,82.115,82.155,81.8,81.8,165953
2026-03-05 16:10:00,81.81,82.02,81.78,81.92,131325
2026-03-05 16:15:00,81.91,82.04,81.75,81.76,142043
2026-03-05 16:20:00,81.775,81.78,81.585,81.635,140768
2026-03-05 16:25:00,81.62,81.77,81.58,81.66,89203
2026-03-05 16:30:00,81.68,81.835,81.6,81.71,183270
2026-03-05 16:35:00,81.68,81.775,81.45,81.68,222636
2026-03-05 16:40:00,81.68,81.74,81.49,81.57,129836
2026-03-05 16:45:00,81.6,81.79,81.54,81.66,87488
2026-03-05 16:50:00,81.67,81.8198,81.63,81.8198,83876
2026-03-05 16:55:00,81.82,81.885,81.53,81.56,131063
2026-03-05 17:00:00,81.57,81.75,81.53,81.725,74977
2026-03-05 17:05:00,81.725,81.725,81.5,81.56,124981
2026-03-05 17:10:00,81.52,81.66,81.42,81.63,140928
2026-03-05 17:15:00,81.63,81.66,81.45,81.48,65071
2026-03-05 17:20:00,81.48,81.56,81.43,81.49,129859
2026-03-05 17:25:00,81.49,81.56,81.34,81.45,117492
2026-03-05 17:30:00,81.45,81.47,81.21,81.255,77979
2026-03-05 17:35:00,81.255,81.515,81.19,81.47,149634
2026-03-05 17:40:00,81.48,81.53,81.34,81.37,89951
2026-03-05 17:45:00,81.37,81.58,81.37,81.41,125829
2026-03-05 17:50:00,81.4,81.6225,81.37,81.4501,91003
2026-03-05 17:55:00,81.46,81.515,81.39,81.43,91391
2026-03-05 18:00:00,81.42,81.43,81.22,81.39,162639
2026-03-05 18:05:00,81.38,81.56,81.335,81.56,95348
2026-03-05 18:10:00,81.565,81.66,81.46,81.63,104745
2026-03-05 18:15:00,81.615,81.63,81.31,81.34,74938
2026-03-05 18:20:00,81.35,81.54,81.34,81.415,180569
2026-03-05 18:25:00,81.43,81.54,81.39,81.515,115960
2026-03-05 18:30:00,81.515,81.63,81.41,81.5,133962
2026-03-05 18:35:00,81.51,82.04,81.51,81.79,684741
2026-03-05 18:40:00,81.79,82.01,81.78,81.91,303144
2026-03-05 18:45:00,81.91,81.965,81.69,81.82,206663
2026-03-05 18:50:00,81.8,81.97,81.765,81.93,410447
2026-03-05 18:55:00,81.93,82.1,81.84,82.06,373564
2026-03-05 19:00:00,82.095,82.21,81.865,81.865,285371
2026-03-05 19:05:00,81.865,81.905,81.74,81.78,231104
2026-03-05 19:10:00,81.78,81.9,81.765,81.855,151110
2026-03-05 19:15:00,81.85,81.85,81.53,81.62,157388
2026-03-05 19:20:00,81.63,81.69,81.555,81.64,145106
2026-03-05 19:25:00,81.65,81.705,81.55,81.58,135134
2026-03-05 19:30:00,81.575,81.58,81.37,81.48,160963
2026-03-05 19:35:00,81.48,81.67,81.45,81.6,269022
2026-03-05 19:40:00,81.63,81.74,81.61,81.735,170297
2026-03-05 19:45:00,81.73,81.985,81.68,81.95,189644
2026-03-05 19:50:00,81.955,82.06,81.84,81.89,181214
2026-03-05 19:55:00,81.89,81.97,81.83,81.875,222117
2026-03-05 20:00:00,81.88,82.08,81.78,82.07,283650
2026-03-05 20:05:00,82.06,82.18,81.96,82.16,288965
2026-03-05 20:10:00,82.16,82.295,82.16,82.19,237506
2026-03-05 20:15:00,82.19,82.3,82.115,82.22,525163
2026-03-05 20:20:00,82.22,82.3,82.15,82.165,454929
2026-03-05 20:25:00,82.17,82.375,82.14,82.16,403644
2026-03-05 20:30:00,82.16,82.26,82.04,82.099,408800
2026-03-05 20:35:00,82.1,82.389,82.1,82.365,400215
2026-03-05 20:40:00,82.36,82.36,82.235,82.3,216341
2026-03-05 20:45:00,82.3,82.335,82.09,82.25,295454
2026-03-05 20:50:00,82.24,82.32,82.03,82.275,464179
2026-03-05 20:55:00,82.28,82.29,81.99,82.11,1285603
2026-03-06 14:30:00,80.26,80.26,78.07,78.29,1320078
2026-03-06 14:35:00,78.25,78.53,77.94,78.11,649845
2026-03-06 14:40:00,78.11,78.845,78.11,78.8,284273
2026-03-06 14:45:00,78.78,79.04,78.685,78.76,337972
2026-03-06 14:50:00,78.755,78.89,78.45,78.59,368530
2026-03-06 14:55:00,78.58,78.77,78.535,78.68,451294
2026-03-06 15:00:00,78.69,79.4,78.68,79.4,274906
2026-03-06 15:05:00,79.41,79.489,79.03,79.08,347210
2026-03-06 15:10:00,79.09,79.45,79.09,79.32,192755
2026-03-06 15:15:00,79.32,79.585,79.29,79.53,343910
2026-03-06 15:20:00,79.55,79.73,79.45,79.69,168879
2026-03-06 15:25:00,79.67,79.73,79.51,79.64,149555
2026-03-06 15:30:00,79.64,79.85,79.64,79.83,163266
2026-03-06 15:35:00,79.84,80.1,79.84,80.04,196957
2026-03-06 15:40:00,80.03,80.05,79.8,80.045,139914
2026-03-06 15:45:00,80.03,80.05,79.68,79.775,167672
2026-03-06 15:50:00,79.79,79.79,79.54,79.66,134068
2026-03-06 15:55:00,79.63,79.98,79.63,79.9,194782
2026-03-06 16:00:00,79.89,80.13,79.89,80.05,176845
2026-03-06 16:05:00,80.05,80.09,79.855,79.9,125871
2026-03-06 16:10:00,79.9,79.955,79.74,79.79,86289
2026-03-06 16:15:00,79.79,80.02,79.78,80.01,102020
2026-03-06 16:20:00,80.01,80.05,79.81,79.94,160851
2026-03-06 16:25:00,79.94,79.95,79.64,79.745,130748
2026-03-06 16:30:00,79.76,79.93,79.66,79.845,144069
2026-03-06 16:35:00,79.83,80.12,79.83,80.07,97482
2026-03-06 16:40:00,80.09,80.145,79.97,79.99,108280
2026-03-06 16:45:00,80.01,80.25,80.005,80.21,124538
2026-03-06 16:50:00,80.22,80.33,80.16,80.18,107298
2026-03-06 16:55:00,80.19,80.49,80.17,80.375,111031
2026-03-06 17:00:00,80.37,80.41,80.23,80.285,121351
2026-03-06 17:05:00,80.28,80.29,80.005,80.14,184234
2026-03-06 17:10:00,80.15,80.24,80.04,80.08,128885
2026-03-06 17:15:00,80.09,80.2273,80.04,80.2273,133291
2026-03-06 17:20:00,80.22,80.33,80.11,80.275,115624
2026-03-06 17:25:00,80.27,80.29,80.125,80.21,89728
2026-03-06 17:30:00,80.23,80.265,80.18,80.245,78411
2026-03-06 17:35:00,80.255,80.255,80.0698,80.11,102660
2026-03-06 17:40:00,80.11,80.13,79.85,79.955,115110
2026-03-06 17:45:00,79.955,80.11,79.955,80.08,74716
2026-03-06 17:50:00,80.06,80.14,80.01,80.1,88599
2026-03-06 17:55:00,80.1,80.17,79.9979,80.08,109446
2026-03-06 18:00:00,80.07,80.31,80.07,80.182,121923
2026-03-06 18:05:00,80.2,80.38,80.19,80.35,85491
2026-03-06 18:10:00,80.35,80.57,80.29,80.52,114119
2026-03-06 18:15:00,80.52,80.5546,80.41,80.5,72401
2026-03-06 18:20:00,80.5,80.54,80.29,80.37,94831
2026-03-06 18:25:00,80.375,80.4,80.23,80.29,129767
2026-03-06 18:30:00,80.28,80.41,80.26,80.33,134879
2026-03-06 18:35:00,80.33,80.33,80.09,80.15,117444
2026-03-06 18:40:00,80.16,80.27,80.13,80.22,87914
2026-03-06 18:45:00,80.215,80.265,80.12,80.1801,126186
2026-03-06 18:50:00,80.18,80.22,80.05,80.115,103310
2026-03-06 18:55:00,80.1,80.17,80.05,80.1241,106624
2026-03-06 19:00:00,80.14,80.21,80.05,80.06,107913
2026-03-06 19:05:00,80.06,80.17,80.055,80.1,112044
2026-03-06 19:10:00,80.09,80.23,80.08,80.18,109865
2026-03-06 19:15:00,80.185,80.37,80.14,80.36,117384
2026-03-06 19:20:00,80.34,80.43,80.2801,80.34,115948
2026-03-06 19:25:00,80.33,80.3993,80.21,80.3811,143118
2026-03-06 19:30:00,80.37,80.46,80.29,80.39,100718
2026-03-06 19:35:00,80.395,80.41,80.305,80.405,91688
2026-03-06 19:40:00,80.41,80.54,80.347,80.36,114214
2026-03-06 19:45:00,80.36,80.42,80.33,80.39,107963
2026-03-06 19:50:00,80.38,80.39,80.19,80.29,63661
2026-03-06 19:55:00,80.29,80.445,80.185,80.215,133943
2026-03-06 20:00:00,80.23,80.39,80.22,80.37,74339
2026-03-06 20:05:00,80.35,80.445,80.32,80.4,70258
2026-03-06 20:10:00,80.4,80.425,80.28,80.28,88996
2026-03-06 20:15:00,80.26,80.44,80.26,80.36,81553
2026-03-06 20:20:00,80.355,80.37,80.2701,80.28,56166
2026-03-06 20:25:00,80.275,80.35,80.17,80.3199,87749
2026-03-06 20:30:00,80.31,80.44,80.28,80.34,125728
2026-03-06 20:35:00,80.345,80.43,80.24,80.425,141274
2026-03-06 20:40:00,80.44,80.56,80.27,80.28,145015
2026-03-06 20:45:00,80.27,80.315,80.21,80.235,211220
2026-03-06 20:50:00,80.24,80.38,80.17,80.345,435547
2026-03-06 20:55:00,80.34,80.47,80.29,80.4,945251
2026-03-09 13:30:00,79.43,79.79,78.41,78.73,445629
2026-03-09 13:35:00,78.73,78.76,78.15,78.35,287971
2026-03-09 13:40:00,78.3477,78.37,77.96,78.04,379531
2026-03-09 13:45:00,78.05,78.15,77.68,77.72,396173
2026-03-09 13:50:00,77.72,77.755,77.39,77.47,366887
2026-03-09 13:55:00,77.47,77.72,77.4,77.56,279707
2026-03-09 14:00:00,77.55,77.85,77.51,77.67,366348
2026-03-09 14:05:00,77.66,77.66,77.02,77.255,306886
2026-03-09 14:10:00,77.26,77.3,76.98,77.09,338843
