timestamp,Open,High,Low,Close,Volume
2026-01-08 14:30:00,38.57500076293945,38.68999862670898,38.5,38.619998931884766,376663
2026-01-08 14:35:00,38.63999938964844,38.63999938964844,38.41999816894531,38.52000045776367,123552
2026-01-08 14:40:00,38.52999877929688,38.810001373291016,38.505001068115234,38.7599983215332,180462
2026-01-08 14:45:00,38.7599983215332,39.24359893798828,38.7400016784668,39.22999954223633,187692
2026-01-08 14:50:00,39.2400016784668,39.37990188598633,39.20000076293945,39.369998931884766,144138
2026-01-08 14:55:00,39.380001068115234,39.5,39.241798400878906,39.47499847412109,222676
2026-01-08 15:00:00,39.470001220703125,39.47999954223633,39.13999938964844,39.20000076293945,217884
2026-01-08 15:05:00,39.20000076293945,39.290000915527344,39.16999816894531,39.19540023803711,154854
2026-01-08 15:10:00,39.18999862670898,39.20000076293945,39.040000915527344,39.04999923706055,203135
2026-01-08 15:15:00,39.04999923706055,39.17499923706055,39.02999877929688,39.08000183105469,156780
2026-01-08 15:20:00,39.084999084472656,39.290000915527344,39.084999084472656,39.25,141390
2026-01-08 15:25:00,39.255001068115234,39.31999969482422,39.25,39.29999923706055,85142
2026-01-08 15:30:00,39.29999923706055,39.45500183105469,39.29499816894531,39.400001525878906,131259
2026-01-08 15:35:00,39.39500045776367,39.45500183105469,39.334999084472656,39.345001220703125,109335
2026-01-08 15:40:00,39.3468017578125,39.3849983215332,39.290000915527344,39.317501068115234,82241
2026-01-08 15:45:00,39.31499862670898,39.369998931884766,39.31499862670898,39.35499954223633,53565
2026-01-08 15:50:00,39.34999847412109,39.400001525878906,39.26499938964844,39.290000915527344,95229
2026-01-08 15:55:00,39.290000915527344,39.43999862670898,39.27999877929688,39.42499923706055,216255
2026-01-08 16:00:00,39.43000030517578,39.44499969482422,39.415000915527344,39.42539978027344,82097
2026-01-08 16:05:00,39.42499923706055,39.435001373291016,39.29399871826172,39.310001373291016,66755
2026-01-08 16:10:00,39.31499862670898,39.3849983215332,39.31499862670898,39.3849983215332,57167
2026-01-08 16:15:00,39.38999938964844,39.41999816894531,39.34999847412109,39.36000061035156,69062
2026-01-08 16:20:00,39.355098724365234,39.36000061035156,39.290000915527344,39.290000915527344,66632
2026-01-08 16:25:00,39.290000915527344,39.36000061035156,39.27000045776367,39.32500076293945,78132
2026-01-08 16:30:00,39.32500076293945,39.459999084472656,39.32500076293945,39.43999862670898,87571
2026-01-08 16:35:00,39.44499969482422,39.45000076293945,39.380001068115234,39.405399322509766,140313
2026-01-08 16:40:00,39.400001525878906,39.41999816894531,39.380001068115234,39.39410018920898,89524
2026-01-08 16:45:00,39.38999938964844,39.43999862670898,39.3849983215332,39.42499923706055,136823
2026-01-08 16:50:00,39.42499923706055,39.4900016784668,39.40999984741211,39.470001220703125,167722
2026-01-08 16:55:00,39.47999954223633,39.52000045776367,39.470001220703125,39.494998931884766,148389
2026-01-08 17:00:00,39.494998931884766,39.54899978637695,39.47499847412109,39.49879837036133,240375
2026-01-08 17:05:00,39.494998931884766,39.50820159912109,39.46500015258789,39.505001068115234,130903
2026-01-08 17:10:00,39.50809860229492,39.51599884033203,39.47499847412109,39.4900016784668,134342
2026-01-08 17:15:00,39.49990081787109,39.5099983215332,39.45500183105469,39.505001068115234,101354
2026-01-08 17:20:00,39.5,39.525001525878906,39.470001220703125,39.51499938964844,150712
2026-01-08 17:25:00,39.5099983215332,39.56999969482422,39.505001068115234,39.56499862670898,76533
2026-01-08 17:30:00,39.56999969482422,39.68000030517578,39.56999969482422,39.665000915527344,97742
2026-01-08 17:35:00,39.665000915527344,39.790000915527344,39.665000915527344,39.77000045776367,140541
2026-01-08 17:40:00,39.76459884643555,39.81499862670898,39.720001220703125,39.720001220703125,117117
2026-01-08 17:45:00,39.720001220703125,39.755001068115234,39.71500015258789,39.71500015258789,83591
2026-01-08 17:50:00,39.714298248291016,39.7400016784668,39.70000076293945,39.72499847412109,81325
2026-01-08 17:55:00,39.72499847412109,39.7400016784668,39.70500183105469,39.709999084472656,60125
2026-01-08 18:00:00,39.71500015258789,39.7599983215332,39.7036018371582,39.7244987487793,88226
2026-01-08 18:05:00,39.72499847412109,39.755001068115234,39.71500015258789,39.72200012207031,83315
2026-01-08 18:10:00,39.72499847412109,39.72999954223633,39.68000030517578,39.68000030517578,66196
2026-01-08 18:15:00,39.68999862670898,39.69499969482422,39.61000061035156,39.6349983215332,79960
2026-01-08 18:20:00,39.6349983215332,39.70500183105469,39.595001220703125,39.685001373291016,81948
2026-01-08 18:25:00,39.68000030517578,39.69499969482422,39.650001525878906,39.65499877929688,62554
2026-01-08 18:30:00,39.65999984741211,39.720001220703125,39.65999984741211,39.70500183105469,54048
2026-01-08 18:35:00,39.70500183105469,39.77000045776367,39.70000076293945,39.76499938964844,81805
2026-01-08 18:40:00,39.77000045776367,39.77000045776367,39.71049880981445,39.73500061035156,80592
2026-01-08 18:45:00,39.72999954223633,39.77000045776367,39.71009826660156,39.74399948120117,96573
2026-01-08 18:50:00,39.744998931884766,39.775001525878906,39.709999084472656,39.709999084472656,82297
2026-01-08 18:55:00,39.720001220703125,39.73500061035156,39.685001373291016,39.69499969482422,91863
2026-01-08 19:00:00,39.70000076293945,39.72999954223633,39.66999816894531,39.71500015258789,67539
2026-01-08 19:05:00,39.709999084472656,39.72999954223633,39.665000915527344,39.67499923706055,114751
2026-01-08 19:10:00,39.67499923706055,39.68000030517578,39.630001068115234,39.66999816894531,104480
2026-01-08 19:15:00,39.66680145263672,39.68000030517578,39.63999938964844,39.67499923706055,87265
2026-01-08 19:20:00,39.67499923706055,39.67499923706055,39.619998931884766,39.619998931884766,80076
2026-01-08 19:25:00,39.619998931884766,39.625,39.560001373291016,39.560001373291016,109670
2026-01-08 19:30:00,39.560001373291016,39.59999847412109,39.560001373291016,39.59000015258789,75341
2026-01-08 19:35:00,39.59659957885742,39.6150016784668,39.560001373291016,39.56499862670898,76845
2026-01-08 19:40:00,39.56499862670898,39.56999969482422,39.51499938964844,39.525001525878906,110451
2026-01-08 19:45:00,39.525001525878906,39.54999923706055,39.470001220703125,39.470001220703125,93151
2026-01-08 19:50:00,39.47499847412109,39.48500061035156,39.41999816894531,39.46319961547852,138526
2026-01-08 19:55:00,39.46224212646485,39.5099983215332,39.459999084472656,39.5099983215332,121117
2026-01-08 20:00:00,39.5099983215332,39.53499984741211,39.4900016784668,39.4900016784668,119933
2026-01-08 20:05:00,39.49169921875,39.494998931884766,39.3650016784668,39.3745002746582,259501
2026-01-08 20:10:00,39.369998931884766,39.38999938964844,39.310001373291016,39.31499862670898,183418
2026-01-08 20:15:00,39.310001373291016,39.36000061035156,39.28499984741211,39.29499816894531,185951
2026-01-08 20:20:00,39.290000915527344,39.29999923706055,39.255001068115234,39.26499938964844,140195
2026-01-08 20:25:00,39.26499938964844,39.27999877929688,39.220001220703125,39.22999954223633,122110
2026-01-08 20:30:00,39.22999954223633,39.255001068115234,39.21500015258789,39.25,179879
2026-01-08 20:35:00,39.244998931884766,39.26499938964844,39.10499954223633,39.1150016784668,227159
2026-01-08 20:40:00,39.1150016784668,39.130001068115234,39.01499938964844,39.04750061035156,271560
2026-01-08 20:45:00,39.04499816894531,39.06999969482422,39.01499938964844,39.06650161743164,254526
2026-01-08 20:50:00,39.06010055541992,39.13990020751953,39.06010055541992,39.10499954223633,381564
2026-01-08 20:55:00,39.09999847412109,39.209999084472656,39.095001220703125,39.14500045776367,1045264
2026-01-09 14:30:00,39.7400016784668,39.88999938964844,39.19499969482422,39.20500183105469,546273
2026-01-09 14:35:00,39.209999084472656,39.380001068115234,39.04999923706055,39.34999847412109,222106
2026-01-09 14:40:00,39.35179901123047,39.494998931884766,39.27090072631836,39.400001525878906,229607
2026-01-09 14:45:00,39.39879989624024,39.5099983215332,39.380001068115234,39.470001220703125,147368
2026-01-09 14:50:00,39.470001220703125,39.52000045776367,39.3849983215332,39.505001068115234,115342
2026-01-09 14:55:00,39.5,39.59000015258789,39.459999084472656,39.525001525878906,122707
2026-01-09 15:00:00,39.52000045776367,39.525001525878906,39.04499816894531,39.060001373291016,210156
2026-01-09 15:05:00,39.060001373291016,39.26499938964844,39.04999923706055,39.244998931884766,199487
2026-01-09 15:10:00,39.244998931884766,39.369998931884766,39.16999816894531,39.34000015258789,239720
2026-01-09 15:15:00,39.345001220703125,39.58890151977539,39.310001373291016,39.58890151977539,187735
2026-01-09 15:20:00,39.584999084472656,39.875,39.57500076293945,39.869998931884766,246242
2026-01-09 15:25:00,39.869998931884766,39.915000915527344,39.83000183105469,39.875,242958
2026-01-09 15:30:00,39.880001068115234,39.8849983215332,39.77000045776367,39.81499862670898,215758
2026-01-09 15:35:00,39.81499862670898,39.880001068115234,39.77999877929688,39.812347412109375,241522
2026-01-09 15:40:00,39.81999969482422,39.81999969482422,39.71500015258789,39.720001220703125,177156
2026-01-09 15:45:00,39.72499847412109,39.84000015258789,39.71500015258789,39.79999923706055,170558
2026-01-09 15:50:00,39.80500030517578,39.834999084472656,39.66999816894531,39.69499969482422,184404
2026-01-09 15:55:00,39.70000076293945,39.74869918823242,39.67499923706055,39.70000076293945,168077
2026-01-09 16:00:00,39.70000076293945,39.7400016784668,39.650001525878906,39.70000076293945,156524
2026-01-09 16:05:00,39.709999084472656,39.71939849853516,39.59999847412109,39.67499923706055,376648
2026-01-09 16:10:00,39.67890167236328,39.85499954223633,39.65999984741211,39.66999816894531,165119
2026-01-09 16:15:00,39.66999816894531,39.70000076293945,39.6150016784668,39.650001525878906,157662
2026-01-09 16:20:00,39.65999984741211,39.744998931884766,39.65999984741211,39.70500183105469,136954
2026-01-09 16:25:00,39.709999084472656,39.7599983215332,39.70000076293945,39.72499847412109,126328
2026-01-09 16:30:00,39.72499847412109,39.77000045776367,39.66999816894531,39.68999862670898,136691
2026-01-09 16:35:00,39.69499969482422,39.790000915527344,39.69499969482422,39.755001068115234,80923
2026-01-09 16:40:00,39.75400161743164,39.86989974975586,39.75,39.86989974975586,233873
2026-01-09 16:45:00,39.8650016784668,39.900001525878906,39.810001373291016,39.82500076293945,171776
2026-01-09 16:50:00,39.82500076293945,39.83000183105469,39.755001068115234,39.77000045776367,182669
2026-01-09 16:55:00,39.77000045776367,39.80500030517578,39.7400016784668,39.77000045776367,377704
2026-01-09 17:00:00,39.76499938964844,39.76499938964844,39.47999954223633,39.505001068115234,723204
2026-01-09 17:05:00,39.5099983215332,39.6150016784668,39.505001068115234,39.584999084472656,168515
2026-01-09 17:10:00,39.584999084472656,39.73500061035156,39.584999084472656,39.685001373291016,227215
2026-01-09 17:15:00,39.685001373291016,39.810001373291016,39.63999938964844,39.78499984741211,371211
2026-01-09 17:20:00,39.78499984741211,39.80500030517578,39.744998931884766,39.755001068115234,98563
2026-01-09 17:25:00,39.755001068115234,39.7599983215332,39.68999862670898,39.7599983215332,129965
2026-01-09 17:30:00,39.7599983215332,39.78517150878906,39.755001068115234,39.774600982666016,63614
2026-01-09 17:35:00,39.775001525878906,39.79999923706055,39.75,39.755001068115234,106690
2026-01-09 17:40:00,39.750099182128906,39.755001068115234,39.720001220703125,39.72999954223633,99942
2026-01-09 17:45:00,39.72999954223633,39.744998931884766,39.71500015258789,39.720001220703125,116440
2026-01-09 17:50:00,39.72499847412109,39.76499938964844,39.720001220703125,39.7400016784668,96610
2026-01-09 17:55:00,39.7400016784668,39.79499816894531,39.72999954223633,39.78499984741211,140191
2026-01-09 18:00:00,39.78499984741211,39.959999084472656,39.76499938964844,39.900001525878906,269166
2026-01-09 18:05:00,39.90999984741211,39.94499969482422,39.86000061035156,39.8650016784668,173511
2026-01-09 18:10:00,39.8650016784668,39.8849983215332,39.83000183105469,39.84030151367188,95691
2026-01-09 18:15:00,39.845001220703125,39.8650016784668,39.83000183105469,39.834999084472656,71768
2026-01-09 18:20:00,39.834999084472656,39.84000015258789,39.810001373291016,39.810001373291016,83147
2026-01-09 18:25:00,39.81689834594727,39.81689834594727,39.7599983215332,39.79499816894531,87654
2026-01-09 18:30:00,39.790000915527344,39.84000015258789,39.77999877929688,39.81990051269531,100074
2026-01-09 18:35:00,39.81499862670898,39.84999847412109,39.81460189819336,39.82500076293945,82108
2026-01-09 18:40:00,39.82500076293945,39.85499954223633,39.810001373291016,39.84030151367188,150353
2026-01-09 18:45:00,39.84999847412109,39.85499954223633,39.81499862670898,39.834999084472656,184562
2026-01-09 18:50:00,39.834999084472656,39.8849983215332,39.81499862670898,39.8754997253418,153940
2026-01-09 18:55:00,39.87161636352539,39.94499969482422,39.84000015258789,39.85499954223633,152026
2026-01-09 19:00:00,39.86000061035156,39.93000030517578,39.84999847412109,39.92499923706055,104797
2026-01-09 19:05:00,39.92499923706055,39.93000030517578,39.84999847412109,39.89049911499024,131050
2026-01-09 19:10:00,39.88999938964844,39.92499923706055,39.87229919433594,39.903099060058594,105820
2026-01-09 19:15:00,39.90999984741211,39.92499923706055,39.89500045776367,39.900001525878906,76452
2026-01-09 19:20:00,39.900001525878906,39.93000030517578,39.86000061035156,39.875,137365
2026-01-09 19:25:00,39.869998931884766,39.875,39.83000183105469,39.86000061035156,140448
2026-01-09 19:30:00,39.86000061035156,39.92499923706055,39.85499954223633,39.875,286015
2026-01-09 19:35:00,39.875,39.880001068115234,39.78499984741211,39.78499984741211,220536
2026-01-09 19:40:00,39.77999877929688,39.80500030517578,39.7599983215332,39.76499938964844,113215
2026-01-09 19:45:00,39.76499938964844,39.81499862670898,39.755001068115234,39.79499816894531,176135
2026-01-09 19:50:00,39.79499816894531,39.81499862670898,39.755001068115234,39.7599983215332,127448
2026-01-09 19:55:00,39.76499938964844,39.880001068115234,39.75,39.8650016784668,281315
2026-01-09 20:00:00,39.8650016784668,39.97999954223633,39.85499954223633,39.92720031738281,274818
2026-01-09 20:05:00,39.92499923706055,39.93000030517578,39.90999984741211,39.91999816894531,135174
2026-01-09 20:10:00,39.915000915527344,39.9900016784668,39.915000915527344,39.98500061035156,258922
2026-01-09 20:15:00,39.98500061035156,40.040000915527344,39.97010040283203,39.97499847412109,346786
2026-01-09 20:20:00,39.970001220703125,40.0099983215332,39.93000030517578,40.00450134277344,241747
2026-01-09 20:25:00,40.0099983215332,40.06010055541992,40.005001068115234,40.06010055541992,283306
2026-01-09 20:30:00,40.060001373291016,40.119998931884766,40.05500030517578,40.10499954223633,244060
2026-01-09 20:35:00,40.10979843139648,40.125,40.04999923706055,40.09989929199219,258257
2026-01-09 20:40:00,40.09999847412109,40.10499954223633,40.04499816894531,40.06499862670898,244609
2026-01-09 20:45:00,40.06499862670898,40.09000015258789,40.05500030517578,40.07500076293945,238985
2026-01-09 20:50:00,40.08000183105469,40.119998931884766,40.040000915527344,40.119998931884766,355548
2026-01-09 20:55:00,40.119998931884766,40.150001525878906,40.08000183105469,40.08000183105469,1148852
2026-01-12 14:30:00,40.0,40.09000015258789,39.709999084472656,39.7599983215332,911201
2026-01-12 14:35:00,39.75,39.7599983215332,39.54010009765625,39.6150016784668,378855
2026-01-12 14:40:00,39.619998931884766,39.67499923706055,39.31999969482422,39.33000183105469,281191
2026-01-12 14:45:00,39.334999084472656,39.58000183105469,39.334999084472656,39.58000183105469,268723
2026-01-12 14:50:00,39.58000183105469,39.84999847412109,39.5,39.81999969482422,299544
2026-01-12 14:55:00,39.82500076293945,40.09999847412109,39.77000045776367,40.060001373291016,199574
2026-01-12 15:00:00,40.05500030517578,40.060001373291016,39.84999847412109,39.915000915527344,245851
2026-01-12 15:05:00,39.90999984741211,40.0,39.869998931884766,39.976898193359375,164309
2026-01-12 15:10:00,39.97999954223633,40.02999877929688,39.935001373291016,40.02000045776367,207180
2026-01-12 15:15:00,40.02999877929688,40.09000015258789,39.959999084472656,39.98500061035156,254154
2026-01-12 15:20:00,39.97999954223633,40.03499984741211,39.89500045776367,40.0,113155
2026-01-12 15:25:00,40.0,40.150001525878906,39.97999954223633,40.119998931884766,483898
2026-01-12 15:30:00,40.125,40.22999954223633,40.09999847412109,40.21500015258789,227068
2026-01-12 15:35:00,40.21500015258789,40.22719955444336,40.17499923706055,40.20500183105469,173706
2026-01-12 15:40:00,40.20000076293945,40.244998931884766,40.165000915527344,40.22629928588867,117901
2026-01-12 15:45:00,40.22999954223633,40.2599983215332,40.150001525878906,40.15499877929688,135036
2026-01-12 15:50:00,40.15330123901367,40.21500015258789,40.10169982910156,40.1150016784668,91488
2026-01-12 15:55:00,40.119998931884766,40.20000076293945,40.095001220703125,40.19499969482422,81664
2026-01-12 16:00:00,40.19499969482422,40.19499969482422,40.09999847412109,40.165000915527344,92740
2026-01-12 16:05:00,40.165000915527344,40.209999084472656,40.15010070800781,40.15499877929688,103169
2026-01-12 16:10:00,40.15499877929688,40.22499847412109,40.11000061035156,40.20500183105469,96789
2026-01-12 16:15:00,40.20500183105469,40.244998931884766,40.17499923706055,40.23500061035156,95617
2026-01-12 16:20:00,40.23500061035156,40.25,40.18000030517578,40.21500015258789,75237
2026-01-12 16:25:00,40.209999084472656,40.28499984741211,40.20000076293945,40.27999877929688,98582
2026-01-12 16:30:00,40.28499984741211,40.29999923706055,40.2400016784668,40.25,92097
2026-01-12 16:35:00,40.244998931884766,40.27000045776367,40.22150039672852,40.22600173950195,78822
2026-01-12 16:40:00,40.22499847412109,40.244998931884766,40.150001525878906,40.16999816894531,59404
2026-01-12 16:45:00,40.16999816894531,40.244998931884766,40.15999984741211,40.165000915527344,137023
2026-01-12 16:50:00,40.165000915527344,40.16999816894531,40.119998931884766,40.125,64741
2026-01-12 16:55:00,40.119998931884766,40.20500183105469,40.1150016784668,40.20000076293945,78704
2026-01-12 17:00:00,40.20309829711914,40.20500183105469,40.150001525878906,40.18000030517578,94632
2026-01-12 17:05:00,40.18000030517578,40.28689956665039,40.18000030517578,40.28689956665039,120030
2026-01-12 17:10:00,40.28739929199219,40.36989974975586,40.28739929199219,40.35499954223633,106129
2026-01-12 17:15:00,40.35499954223633,40.38970184326172,40.33000183105469,40.33000183105469,89394
2026-01-12 17:20:00,40.34000015258789,40.34999847412109,40.27000045776367,40.32500076293945,108781
2026-01-12 17:25:00,40.32500076293945,40.34000015258789,40.27000045776367,40.334999084472656,92339
2026-01-12 17:30:00,40.334999084472656,40.40499877929688,40.33000183105469,40.38410186767578,104128
2026-01-12 17:35:00,40.3849983215332,40.3849983215332,40.29499816894531,40.334999084472656,96256
2026-01-12 17:40:00,40.334999084472656,40.459999084472656,40.334999084472656,40.459999084472656,142074
2026-01-12 17:45:00,40.46500015258789,40.47499847412109,40.43320083618164,40.459999084472656,77084
2026-01-12 17:50:00,40.459999084472656,40.470001220703125,40.435001373291016,40.44499969482422,67677
2026-01-12 17:55:00,40.44499969482422,40.47499847412109,40.43999862670898,40.46500015258789,85658
2026-01-12 18:00:00,40.470001220703125,40.4900016784668,40.459999084472656,40.46500015258789,75301
2026-01-12 18:05:00,40.46500015258789,40.619998931884766,40.43999862670898,40.6150016784668,190391
2026-01-12 18:10:00,40.6150016784668,40.63999938964844,40.54999923706055,40.56499862670898,106778
2026-01-12 18:15:00,40.56499862670898,40.56499862670898,40.4900016784668,40.53499984741211,162020
2026-01-12 18:20:00,40.53499984741211,40.55500030517578,40.525001525878906,40.53499984741211,79903
2026-01-12 18:25:00,40.53499984741211,40.54999923706055,40.5099983215332,40.540000915527344,106936
2026-01-12 18:30:00,40.540000915527344,40.540000915527344,40.45500183105469,40.46500015258789,65835
2026-01-12 18:35:00,40.459999084472656,40.540000915527344,40.43999862670898,40.525001525878906,92581
2026-01-12 18:40:00,40.52730178833008,40.540000915527344,40.47499847412109,40.47999954223633,58520
2026-01-12 18:45:00,40.47499847412109,40.51539993286133,40.470001220703125,40.5099983215332,54645
2026-01-12 18:50:00,40.5099983215332,40.5099983215332,40.44499969482422,40.45000076293945,70832
2026-01-12 18:55:00,40.45500183105469,40.5099983215332,40.435001373291016,40.50749969482422,304084
2026-01-12 19:00:00,40.505001068115234,40.57500076293945,40.45000076293945,40.47499847412109,368748
2026-01-12 19:05:00,40.47999954223633,40.48500061035156,40.43999862670898,40.47499847412109,148587
2026-01-12 19:10:00,40.4744987487793,40.48500061035156,40.43999862670898,40.45500183105469,105345
2026-01-12 19:15:00,40.459999084472656,40.48500061035156,40.435001373291016,40.43999862670898,129665
2026-01-12 19:20:00,40.435001373291016,40.435001373291016,40.31999969482422,40.34999847412109,103210
2026-01-12 19:25:00,40.345001220703125,40.3650016784668,40.29999923706055,40.30270004272461,110201
2026-01-12 19:30:00,40.30500030517578,40.30500030517578,40.22499847412109,40.22999954223633,144611
2026-01-12 19:35:00,40.23500061035156,40.28499984741211,40.20000076293945,40.26499938964844,152772
2026-01-12 19:40:00,40.26499938964844,40.290000915527344,40.2599983215332,40.26499938964844,79416
2026-01-12 19:45:00,40.26499938964844,40.28499984741211,40.2400016784668,40.2599983215332,98349
2026-01-12 19:50:00,40.2599983215332,40.275001525878906,40.244998931884766,40.2599983215332,62434
2026-01-12 19:55:00,40.255001068115234,40.31499862670898,40.25,40.31499862670898,136532
2026-01-12 20:00:00,40.31499862670898,40.345001220703125,40.290000915527344,40.33000183105469,157513
2026-01-12 20:05:00,40.32500076293945,40.36000061035156,40.29999923706055,40.32500076293945,134778
2026-01-12 20:10:00,40.32500076293945,40.32500076293945,40.22460174560547,40.22460174560547,332658
2026-01-12 20:15:00,40.22990036010742,40.275001525878906,40.209999084472656,40.244998931884766,210237
2026-01-12 20:20:00,40.2400016784668,40.255001068115234,40.209999084472656,40.23500061035156,87916
2026-01-12 20:25:00,40.2400016784668,40.27000045776367,40.22999954223633,40.2599983215332,137171
2026-01-12 20:30:00,40.2599983215332,40.30500030517578,40.244998931884766,40.29499816894531,172056
2026-01-12 20:35:00,40.29499816894531,40.31999969482422,40.2599983215332,40.26499938964844,166654
2026-01-12 20:40:00,40.26499938964844,40.30500030517578,40.2515983581543,40.28499984741211,163206
2026-01-12 20:45:00,40.30500030517578,40.39500045776367,40.29999923706055,40.3849983215332,190589
2026-01-12 20:50:00,40.380001068115234,40.46500015258789,40.380001068115234,40.435001373291016,218339
2026-01-12 20:55:00,40.435001373291016,40.46500015258789,40.31999969482422,40.33000183105469,958093
2026-01-13 14:30:00,39.755001068115234,40.11000061035156,39.540000915527344,39.77999877929688,810138
2026-01-13 14:35:00,39.77000045776367,39.84999847412109,39.54100036621094,39.72119903564453,628449
2026-01-13 14:40:00,39.74599838256836,39.84000015258789,39.43000030517578,39.52000045776367,385328
2026-01-13 14:45:00,39.52000045776367,39.54499816894531,39.27999877929688,39.459999084472656,545845
2026-01-13 14:50:00,39.459999084472656,39.56999969482422,39.35499954223633,39.40999984741211,348317
2026-01-13 14:55:00,39.43000030517578,39.5099983215332,39.22999954223633,39.27999877929688,446584
2026-01-13 15:00:00,39.27999877929688,39.290000915527344,39.0,39.0099983215332,451337
2026-01-13 15:05:00,39.0099983215332,39.09999847412109,38.869998931884766,39.005001068115234,1029963
2026-01-13 15:10:00,39.0,39.025001525878906,38.82500076293945,38.94499969482422,233108
2026-01-13 15:15:00,38.94499969482422,39.06999969482422,38.90499877929688,39.01499938964844,501261
2026-01-13 15:20:00,39.01499938964844,39.209999084472656,38.994998931884766,39.1349983215332,531526
2026-01-13 15:25:00,39.125,39.130001068115234,38.86000061035156,38.8849983215332,232725
2026-01-13 15:30:00,38.88999938964844,38.94499969482422,38.84999847412109,38.93000030517578,373804
2026-01-13 15:35:00,38.935001373291016,39.0099983215332,38.91999816894531,38.95500183105469,165078
2026-01-13 15:40:00,38.95000076293945,39.00970077514648,38.915000915527344,38.915000915527344,145019
2026-01-13 15:45:00,38.91999816894531,38.91999816894531,38.77999877929688,38.915000915527344,353791
2026-01-13 15:50:00,38.915000915527344,38.97999954223633,38.8849983215332,38.97650146484375,321358
2026-01-13 15:55:00,38.97499847412109,39.040000915527344,38.95000076293945,38.994998931884766,162282
2026-01-13 16:00:00,38.9900016784668,39.0099983215332,38.90499877929688,38.98989868164063,157527
2026-01-13 16:05:00,38.9900016784668,39.060001373291016,38.95000076293945,39.024600982666016,172305
2026-01-13 16:10:00,39.025001525878906,39.02999877929688,38.970001220703125,38.97499847412109,227220
2026-01-13 16:15:00,38.97499847412109,39.03499984741211,38.970001220703125,38.99580001831055,102455
2026-01-13 16:20:00,38.994998931884766,39.005001068115234,38.959999084472656,38.994998931884766,96105
2026-01-13 16:25:00,38.994998931884766,39.03749847412109,38.97999954223633,39.01499938964844,331333
2026-01-13 16:30:00,39.02000045776367,39.040000915527344,38.9900016784668,39.005001068115234,189332
2026-01-13 16:35:00,39.005001068115234,39.0099983215332,38.93000030517578,39.0,202662
2026-01-13 16:40:00,39.005001068115234,39.09999847412109,38.9900016784668,39.09000015258789,138729
2026-01-13 16:45:00,39.095001220703125,39.150001525878906,39.02999877929688,39.09999847412109,126427
2026-01-13 16:50:00,39.095001220703125,39.13999938964844,39.08000183105469,39.1349983215332,135727
2026-01-13 16:55:00,39.1349983215332,39.13999938964844,38.96500015258789,38.97499847412109,215950
2026-01-13 17:00:00,38.97499847412109,38.994998931884766,38.91999816894531,38.92499923706055,128336
2026-01-13 17:05:00,38.92499923706055,39.060001373291016,38.91999816894531,39.04499816894531,158752
2026-01-13 17:10:00,39.04010009765625,39.06499862670898,39.0,39.06499862670898,123323
2026-01-13 17:15:00,39.06999969482422,39.21500015258789,39.06999969482422,39.1150016784668,232393
2026-01-13 17:20:00,39.1150016784668,39.18000030517578,39.1150016784668,39.17499923706055,87613
2026-01-13 17:25:00,39.16999816894531,39.16999816894531,39.06999969482422,39.095001220703125,83320
2026-01-13 17:30:00,39.095001220703125,39.14799880981445,39.08000183105469,39.10499954223633,175214
2026-01-13 17:35:00,39.10499954223633,39.15499877929688,39.10010147094727,39.1349983215332,159144
2026-01-13 17:40:00,39.1349983215332,39.1349983215332,39.02000045776367,39.0432014465332,254087
2026-01-13 17:45:00,39.04499816894531,39.10499954223633,39.03499984741211,39.07500076293945,107801
2026-01-13 17:50:00,39.08000183105469,39.08000183105469,38.97499847412109,38.994998931884766,103148
2026-01-13 17:55:00,38.999698638916016,39.0,38.95009994506836,38.96500015258789,78549
2026-01-13 18:00:00,38.959999084472656,38.96989822387695,38.834999084472656,38.84450149536133,124421
2026-01-13 18:05:00,38.84349822998047,38.84999847412109,38.77000045776367,38.80500030517578,183100
2026-01-13 18:10:00,38.80500030517578,38.83000183105469,38.70500183105469,38.70500183105469,134503
2026-01-13 18:15:00,38.7046012878418,38.78499984741211,38.68999862670898,38.775001525878906,139634
2026-01-13 18:20:00,38.775001525878906,38.84000015258789,38.775001525878906,38.83000183105469,96711
2026-01-13 18:25:00,38.83000183105469,38.89500045776367,38.82500076293945,38.880001068115234,86232
2026-01-13 18:30:00,38.869998931884766,39.025001525878906,38.84999847412109,39.0,151025
2026-01-13 18:35:00,39.0,39.02000045776367,38.96500015258789,38.970001220703125,104740
2026-01-13 18:40:00,38.972801208496094,39.0099983215332,38.94499969482422,38.98500061035156,121906
2026-01-13 18:45:00,38.9900016784668,39.0099983215332,38.9557991027832,38.97999954223633,90274
2026-01-13 18:50:00,38.97499847412109,38.97999954223633,38.915000915527344,38.91999816894531,92622
2026-01-13 18:55:00,38.91999816894531,38.97999954223633,38.88999938964844,38.97499847412109,81730
2026-01-13 19:00:00,38.97499847412109,38.97999954223633,38.93999862670898,38.93999862670898,109382
2026-01-13 19:05:00,38.93999862670898,38.970001220703125,38.89500045776367,38.96500015258789,123342
2026-01-13 19:10:00,38.96500015258789,39.0,38.91999816894531,38.994998931884766,108927
2026-01-13 19:15:00,38.9900016784668,39.025001525878906,38.97499847412109,38.99409866333008,137041
2026-01-13 19:20:00,38.994998931884766,39.03499984741211,38.97999954223633,39.01499938964844,115497
2026-01-13 19:25:00,39.01499938964844,39.06999969482422,39.0099983215332,39.06539916992188,99878
2026-01-13 19:30:00,39.06499862670898,39.08000183105469,39.02999877929688,39.04010009765625,94150
2026-01-13 19:35:00,39.04499816894531,39.095001220703125,39.03499984741211,39.04199981689453,72452
2026-01-13 19:40:00,39.040000915527344,39.08000183105469,39.02999877929688,39.06449890136719,92497
2026-01-13 19:45:00,39.06499862670898,39.08000183105469,39.04999923706055,39.06999969482422,127599
2026-01-13 19:50:00,39.06010055541992,39.130001068115234,39.05500030517578,39.130001068115234,103634
2026-01-13 19:55:00,39.130001068115234,39.15999984741211,39.11000061035156,39.119998931884766,91152
2026-01-13 20:00:00,39.125,39.15999984741211,39.1150016784668,39.14500045776367,128668
2026-01-13 20:05:00,39.14500045776367,39.155399322509766,39.119998931884766,39.1349983215332,100194
2026-01-13 20:10:00,39.1349983215332,39.20000076293945,39.09999847412109,39.20000076293945,104099
2026-01-13 20:15:00,39.19499969482422,39.2599983215332,39.18009948730469,39.255001068115234,141337
2026-01-13 20:20:00,39.25,39.29999923706055,39.21500015258789,39.2599983215332,157104
2026-01-13 20:25:00,39.26060104370117,39.26539993286133,39.22999954223633,39.25,223039
2026-01-13 20:30:00,39.25,39.25,39.18000030517578,39.18999862670898,202721
2026-01-13 20:35:00,39.185001373291016,39.290000915527344,39.15499877929688,39.28549957275391,333869
2026-01-13 20:40:00,39.290000915527344,39.31999969482422,39.23500061035156,39.23500061035156,248713
2026-01-13 20:45:00,39.23500061035156,39.23500061035156,39.185001373291016,39.20500183105469,315049
2026-01-13 20:50:00,39.20000076293945,39.34000015258789,39.18999862670898,39.334999084472656,450298
2026-01-13 20:55:00,39.33000183105469,39.400001525878906,39.31999969482422,39.3849983215332,1026169
2026-01-14 14:30:00,39.22499847412109,39.31499862670898,39.04309844970703,39.31499862670898,296647
2026-01-14 14:35:00,39.31499862670898,39.720001220703125,39.28499984741211,39.66999816894531,179799
2026-01-14 14:40:00,39.667701721191406,39.88999938964844,39.61000061035156,39.7599983215332,201331
2026-01-14 14:45:00,39.75,39.93000030517578,39.720001220703125,39.81999969482422,261471
2026-01-14 14:50:00,39.81999969482422,39.90999984741211,39.72499847412109,39.89500045776367,157047
2026-01-14 14:55:00,39.88999938964844,39.88999938964844,39.709999084472656,39.71500015258789,105523
2026-01-14 15:00:00,39.71500015258789,39.89500045776367,39.66999816894531,39.82500076293945,205312
2026-01-14 15:05:00,39.81919860839844,39.93000030517578,39.80500030517578,39.92499923706055,101548
2026-01-14 15:10:00,39.91999816894531,39.995399475097656,39.869998931884766,39.935001373291016,189515
2026-01-14 15:15:00,39.935001373291016,39.935001373291016,39.77999877929688,39.82500076293945,121003
2026-01-14 15:20:00,39.83000183105469,39.834999084472656,39.72999954223633,39.80500030517578,95269
2026-01-14 15:25:00,39.80500030517578,39.80500030517578,39.709999084472656,39.72499847412109,140724
2026-01-14 15:30:00,39.720001220703125,39.720001220703125,39.494998931884766,39.494998931884766,184249
2026-01-14 15:35:00,39.494998931884766,39.52000045776367,39.435001373291016,39.51499938964844,166299
2026-01-14 15:40:00,39.51499938964844,39.58000183105469,39.4900016784668,39.52999877929688,141890
2026-01-14 15:45:00,39.53499984741211,39.584999084472656,39.5,39.584999084472656,128670
2026-01-14 15:50:00,39.584999084472656,39.595001220703125,39.5,39.540000915527344,132988
2026-01-14 15:55:00,39.54499816894531,39.630001068115234,39.52000045776367,39.55500030517578,193433
2026-01-14 16:00:00,39.560001373291016,39.65999984741211,39.540000915527344,39.65499877929688,152645
2026-01-14 16:05:00,39.65499877929688,39.65999984741211,39.4900016784668,39.540000915527344,138926
2026-01-14 16:10:00,39.53499984741211,39.69499969482422,39.505001068115234,39.68999862670898,103172
2026-01-14 16:15:00,39.685001373291016,39.720001220703125,39.630001068115234,39.665000915527344,105303
2026-01-14 16:20:00,39.665000915527344,39.93999862670898,39.66350173950195,39.88999938964844,158349
2026-01-14 16:25:00,39.89500045776367,39.92499923706055,39.81999969482422,39.845001220703125,140101
2026-01-14 16:30:00,39.845001220703125,39.875,39.834999084472656,39.85499954223633,131197
2026-01-14 16:35:00,39.84999847412109,39.85499954223633,39.775001525878906,39.84000015258789,130179
2026-01-14 16:40:00,39.834999084472656,39.834999084472656,39.744998931884766,39.775001525878906,76442
2026-01-14 16:45:00,39.77000045776367,39.845699310302734,39.75,39.81999969482422,201505
2026-01-14 16:50:00,39.82500076293945,39.90499877929688,39.81999969482422,39.89500045776367,140309
2026-01-14 16:55:00,39.89500045776367,39.94499969482422,39.8650016784668,39.935001373291016,119838
2026-01-14 17:00:00,39.93000030517578,40.084999084472656,39.92499923706055,40.04999923706055,247804
2026-01-14 17:05:00,40.04499816894531,40.18000030517578,40.04499816894531,40.17499923706055,196413
2026-01-14 17:10:00,40.17499923706055,40.18999862670898,40.095001220703125,40.095001220703125,268348
2026-01-14 17:15:00,40.095001220703125,40.095001220703125,40.040000915527344,40.06999969482422,179053
2026-01-14 17:20:00,40.06999969482422,40.084999084472656,40.03499984741211,40.060001373291016,161059
2026-01-14 17:25:00,40.06499862670898,40.130001068115234,40.042999267578125,40.07500076293945,124091
2026-01-14 17:30:00,40.06999969482422,40.08599853515625,40.04249954223633,40.08000183105469,110985
2026-01-14 17:35:00,40.09000015258789,40.10499954223633,40.0099983215332,40.02000045776367,106803
2026-01-14 17:40:00,40.02999877929688,40.06499862670898,40.0099983215332,40.05500030517578,96405
2026-01-14 17:45:00,40.05500030517578,40.130001068115234,40.04999923706055,40.08000183105469,126916
2026-01-14 17:50:00,40.08000183105469,40.14500045776367,40.03499984741211,40.14419937133789,110702
2026-01-14 17:55:00,40.14500045776367,40.165000915527344,40.09000015258789,40.125,223382
2026-01-14 18:00:00,40.125,40.15999984741211,40.095001220703125,40.15549850463867,101101
2026-01-14 18:05:00,40.15599822998047,40.2599983215332,40.15499877929688,40.2598991394043,96422
2026-01-14 18:10:00,40.255001068115234,40.30500030517578,40.209999084472656,40.290000915527344,133928
2026-01-14 18:15:00,40.290000915527344,40.29499816894531,40.19499969482422,40.244998931884766,105233
2026-01-14 18:20:00,40.25,40.310001373291016,40.21500015258789,40.2598991394043,125193
2026-01-14 18:25:00,40.255001068115234,40.310001373291016,40.209999084472656,40.30500030517578,92941
2026-01-14 18:30:00,40.310001373291016,40.31499862670898,40.22499847412109,40.25,145939
2026-01-14 18:35:00,40.25,40.25,40.18000030517578,40.19499969482422,88789
2026-01-14 18:40:00,40.19499969482422,40.244998931884766,40.1349983215332,40.14500045776367,159706
2026-01-14 18:45:00,40.14500045776367,40.19499969482422,40.119998931884766,40.14500045776367,92583
2026-01-14 18:50:00,40.150001525878906,40.15499877929688,40.03499984741211,40.040000915527344,114025
2026-01-14 18:55:00,40.04499816894531,40.18999862670898,40.04499816894531,40.18669891357422,64713
2026-01-14 19:00:00,40.185001373291016,40.29499816894531,40.18000030517578,40.25249862670898,111656
2026-01-14 19:05:00,40.2400016784668,40.30500030517578,40.209999084472656,40.28499984741211,106356
2026-01-14 19:10:00,40.27000045776367,40.272499084472656,40.192501068115234,40.21500015258789,71783
2026-01-14 19:15:00,40.209999084472656,40.21500015258789,40.17250061035156,40.2051010131836,148871
2026-01-14 19:20:00,40.209999084472656,40.32500076293945,40.19499969482422,40.311500549316406,164944
2026-01-14 19:25:00,40.310001373291016,40.31999969482422,40.27239990234375,40.284698486328125,71487
2026-01-14 19:30:00,40.290000915527344,40.34000015258789,40.26499938964844,40.27000045776367,104590
2026-01-14 19:35:00,40.275001525878906,40.28499984741211,40.24440002441406,40.28499984741211,67778
2026-01-14 19:40:00,40.28499984741211,40.29499816894531,40.244998931884766,40.290000915527344,78336
2026-01-14 19:45:00,40.27999877929688,40.29499816894531,40.21500015258789,40.22499847412109,102357
2026-01-14 19:50:00,40.22999954223633,40.27999877929688,40.22499847412109,40.255001068115234,103592
2026-01-14 19:55:00,40.2599983215332,40.2599983215332,40.18000030517578,40.23500061035156,139250
2026-01-14 20:00:00,40.23500061035156,40.29499816894531,40.18999862670898,40.244998931884766,189105
2026-01-14 20:05:00,40.255001068115234,40.40999984741211,40.255001068115234,40.400001525878906,182028
2026-01-14 20:10:00,40.39500045776367,40.415000915527344,40.34000015258789,40.34000015258789,194567
2026-01-14 20:15:00,40.345401763916016,40.43999862670898,40.310001373291016,40.435001373291016,204407
2026-01-14 20:20:00,40.43999862670898,40.58000183105469,40.43999862670898,40.54499816894531,544570
2026-01-14 20:25:00,40.540000915527344,40.58000183105469,40.5,40.5099983215332,328204
2026-01-14 20:30:00,40.5099983215332,40.58000183105469,40.494998931884766,40.56499862670898,146832
2026-01-14 20:35:00,40.56499862670898,40.65499877929688,40.56499862670898,40.636600494384766,270694
2026-01-14 20:40:00,40.63999938964844,40.65499877929688,40.560001373291016,40.57500076293945,348690
2026-01-14 20:45:00,40.56999969482422,40.57500076293945,40.52000045776367,40.5443000793457,506956
2026-01-14 20:50:00,40.540000915527344,40.61000061035156,40.53419876098633,40.595001220703125,383791
2026-01-14 20:55:00,40.59999847412109,40.60499954223633,40.4900016784668,40.584999084472656,983610
2026-01-15 14:30:00,40.70000076293945,40.77999877929688,40.50469970703125,40.70000076293945,241312
2026-01-15 14:35:00,40.65999984741211,40.720001220703125,40.43000030517578,40.43999862670898,108625
2026-01-15 14:40:00,40.45000076293945,40.47999954223633,40.20500183105469,40.2400016784668,123176
2026-01-15 14:45:00,40.25,40.29999923706055,40.14500045776367,40.28499984741211,206934
2026-01-15 14:50:00,40.29999923706055,40.31999969482422,40.09999847412109,40.154598236083984,148179
2026-01-15 14:55:00,40.150001525878906,40.2400016784668,40.119998931884766,40.119998931884766,119874
2026-01-15 15:00:00,40.119998931884766,40.28580093383789,40.08000183105469,40.27999877929688,150235
2026-01-15 15:05:00,40.275001525878906,40.375,40.2400016784668,40.36000061035156,119790
2026-01-15 15:10:00,40.35499954223633,40.43000030517578,40.31499862670898,40.34000015258789,144258
2026-01-15 15:15:00,40.34999847412109,40.45500183105469,40.34460067749024,40.39500045776367,120952
2026-01-15 15:20:00,40.39500045776367,40.41999816894531,40.3650016784668,40.41659927368164,137088
2026-01-15 15:25:00,40.415000915527344,40.5099983215332,40.39500045776367,40.48500061035156,126897
2026-01-15 15:30:00,40.48500061035156,40.58000183105469,40.47499847412109,40.51029968261719,107974
2026-01-15 15:35:00,40.52000045776367,40.59000015258789,40.51499938964844,40.59000015258789,72505
2026-01-15 15:40:00,40.59000015258789,40.619998931884766,40.52999877929688,40.560001373291016,87764
2026-01-15 15:45:00,40.560001373291016,40.584999084472656,40.470001220703125,40.57500076293945,93878
2026-01-15 15:50:00,40.57500076293945,40.613399505615234,40.560001373291016,40.584999084472656,115651
2026-01-15 15:55:00,40.58000183105469,40.60499954223633,40.525001525878906,40.59999847412109,100026
2026-01-15 16:00:00,40.59000015258789,40.69499969482422,40.56999969482422,40.65499877929688,95428
2026-01-15 16:05:00,40.65499877929688,40.65499877929688,40.54999923706055,40.595001220703125,80461
2026-01-15 16:10:00,40.595001220703125,40.650001525878906,40.56999969482422,40.625,64772
2026-01-15 16:15:00,40.62649917602539,40.68999862670898,40.60499954223633,40.68999862670898,108387
2026-01-15 16:20:00,40.685001373291016,40.69499969482422,40.60419845581055,40.655799865722656,172248
2026-01-15 16:25:00,40.65999984741211,40.709999084472656,40.619998931884766,40.70000076293945,87538
2026-01-15 16:30:00,40.69499969482422,40.70539855957031,40.650001525878906,40.66999816894531,49610
2026-01-15 16:35:00,40.66999816894531,40.709999084472656,40.625,40.70000076293945,94806
2026-01-15 16:40:00,40.70500183105469,40.709999084472656,40.65999984741211,40.68999862670898,80840
2026-01-15 16:45:00,40.685001373291016,40.68999862670898,40.665000915527344,40.685001373291016,54836
2026-01-15 16:50:00,40.68000030517578,40.75,40.59999847412109,40.73500061035156,208660
2026-01-15 16:55:00,40.73500061035156,40.7599983215332,40.64400100708008,40.64509963989258,145488
2026-01-15 17:00:00,40.650001525878906,40.68999862670898,40.64500045776367,40.65499877929688,60064
2026-01-15 17:05:00,40.65499877929688,40.665000915527344,40.630001068115234,40.65499877929688,53871
2026-01-15 17:10:00,40.65499877929688,40.744998931884766,40.63130187988281,40.71500015258789,196950
2026-01-15 17:15:00,40.720001220703125,40.72999954223633,40.65999984741211,40.66999816894531,59557
2026-01-15 17:20:00,40.66999816894531,40.66999816894531,40.630001068115234,40.6422004699707,63355
2026-01-15 17:25:00,40.63999938964844,40.650001525878906,40.540000915527344,40.540000915527344,143461
2026-01-15 17:30:00,40.54499816894531,40.560001373291016,40.52000045776367,40.53499984741211,104474
2026-01-15 17:35:00,40.540000915527344,40.66609954833984,40.53499984741211,40.65900039672852,122514
2026-01-15 17:40:00,40.665000915527344,40.67499923706055,40.640098571777344,40.65999984741211,65537
2026-01-15 17:45:00,40.65999984741211,40.73500061035156,40.65999984741211,40.70500183105469,105132
2026-01-15 17:50:00,40.70500183105469,40.72629928588867,40.56499862670898,40.56499862670898,90936
2026-01-15 17:55:00,40.56499862670898,40.56669998168945,40.5099983215332,40.51499938964844,47253
2026-01-15 18:00:00,40.51499938964844,40.65499877929688,40.48500061035156,40.64500045776367,88387
2026-01-15 18:05:00,40.64500045776367,40.66999816894531,40.630401611328125,40.64540100097656,41679
2026-01-15 18:10:00,40.64500045776367,40.665000915527344,40.630001068115234,40.63999938964844,54952
2026-01-15 18:15:00,40.63999938964844,40.64550018310547,40.619998931884766,40.6349983215332,48038
2026-01-15 18:20:00,40.63999938964844,40.665000915527344,40.6349983215332,40.665000915527344,55435
2026-01-15 18:25:00,40.665000915527344,40.720001220703125,40.6349983215332,40.650001525878906,106931
2026-01-15 18:30:00,40.65499877929688,40.70000076293945,40.65499877929688,40.68000030517578,99999
2026-01-15 18:35:00,40.68000030517578,40.755001068115234,40.67499923706055,40.755001068115234,112186
2026-01-15 18:40:00,40.755001068115234,40.79999923706055,40.72010040283203,40.7599983215332,92411
2026-01-15 18:45:00,40.76499938964844,40.78499984741211,40.67499923706055,40.775001525878906,517059
2026-01-15 18:50:00,40.78499984741211,40.84000015258789,40.76499938964844,40.79499816894531,100699
2026-01-15 18:55:00,40.79199981689453,40.79499816894531,40.64500045776367,40.67499923706055,149545
2026-01-15 19:00:00,40.66999816894531,40.68000030517578,40.63420104980469,40.65999984741211,88830
2026-01-15 19:05:00,40.665000915527344,40.68989944458008,40.63999938964844,40.665000915527344,119783
2026-01-15 19:10:00,40.665000915527344,40.69499969482422,40.650001525878906,40.68000030517578,83916
2026-01-15 19:15:00,40.685001373291016,40.685001373291016,40.6349983215332,40.6349983215332,107254
2026-01-15 19:20:00,40.630001068115234,40.665000915527344,40.61000061035156,40.65499877929688,111394
2026-01-15 19:25:00,40.650001525878906,40.650001525878906,40.584999084472656,40.584999084472656,75131
2026-01-15 19:30:00,40.584999084472656,40.5890007019043,40.47499847412109,40.57500076293945,155587
2026-01-15 19:35:00,40.56999969482422,40.67499923706055,40.56999969482422,40.665000915527344,130358
2026-01-15 19:40:00,40.665000915527344,40.685001373291016,40.60499954223633,40.6150016784668,115410
2026-01-15 19:45:00,40.619998931884766,40.6349983215332,40.595001220703125,40.630001068115234,103970
2026-01-15 19:50:00,40.625,40.630001068115234,40.584999084472656,40.59000015258789,119032
2026-01-15 19:55:00,40.595001220703125,40.65499877929688,40.595001220703125,40.60499954223633,101418
2026-01-15 20:00:00,40.60499954223633,40.64500045776367,40.54999923706055,40.6349983215332,139483
2026-01-15 20:05:00,40.6349983215332,40.63999938964844,40.59999847412109,40.625,109129
2026-01-15 20:10:00,40.625,40.625,40.540000915527344,40.560001373291016,146771
2026-01-15 20:15:00,40.54999923706055,40.560001373291016,40.41999816894531,40.42499923706055,201779
2026-01-15 20:20:00,40.42499923706055,40.43999862670898,40.3849983215332,40.435001373291016,204121
2026-01-15 20:25:00,40.43000030517578,40.459999084472656,40.41999816894531,40.44499969482422,163398
2026-01-15 20:30:00,40.43999862670898,40.47999954223633,40.400001525878906,40.40999984741211,244386
2026-01-15 20:35:00,40.40499877929688,40.415000915527344,40.34999847412109,40.375,274378
2026-01-15 20:40:00,40.375,40.41999816894531,40.369998931884766,40.380001068115234,254552
2026-01-15 20:45:00,40.380001068115234,40.380001068115234,40.334999084472656,40.35499954223633,287313
2026-01-15 20:50:00,40.35499954223633,40.45500183105469,40.33000183105469,40.334999084472656,421783
2026-01-15 20:55:00,40.34000015258789,40.34999847412109,40.244998931884766,40.34999847412109,1420497
2026-01-16 14:30:00,40.150001525878906,40.15999984741211,39.84999847412109,39.93000030517578,818964
2026-01-16 14:35:00,39.935001373291016,39.959999084472656,39.75,39.7599983215332,127630
2026-01-16 14:40:00,39.7599983215332,39.7599983215332,39.54999923706055,39.68999862670898,268150
2026-01-16 14:45:00,39.67499923706055,39.92499923706055,39.65499877929688,39.8849983215332,339150
2026-01-16 14:50:00,39.8849983215332,40.03499984741211,39.81999969482422,39.84999847412109,279247
2026-01-16 14:55:00,39.86000061035156,39.91999816894531,39.82500076293945,39.856201171875,87603
2026-01-16 15:00:00,39.85499954223633,40.11000061035156,39.85499954223633,40.09999847412109,218807
2026-01-16 15:05:00,40.11000061035156,40.244998931884766,40.11000061035156,40.17499923706055,209382
2026-01-16 15:10:00,40.17499923706055,40.26210021972656,40.130001068115234,40.22990036010742,165675
2026-01-16 15:15:00,40.220001220703125,40.26499938964844,40.18999862670898,40.21500015258789,84800
2026-01-16 15:20:00,40.21500015258789,40.29990005493164,40.20000076293945,40.28499984741211,141818
2026-01-16 15:25:00,40.27999877929688,40.38999938964844,40.2599983215332,40.310001373291016,186198
2026-01-16 15:30:00,40.30500030517578,40.310001373291016,40.150001525878906,40.17499923706055,137806
2026-01-16 15:35:00,40.17499923706055,40.25,40.15999984741211,40.22499847412109,138359
2026-01-16 15:40:00,40.22499847412109,40.275001525878906,40.21500015258789,40.275001525878906,147008
2026-01-16 15:45:00,40.27000045776367,40.33000183105469,40.25,40.310001373291016,95506
2026-01-16 15:50:00,40.31499862670898,40.400001525878906,40.29999923706055,40.310001373291016,147490
2026-01-16 15:55:00,40.31999969482422,40.34000015258789,40.29499816894531,40.31499862670898,87655
2026-01-16 16:00:00,40.31499862670898,40.35499954223633,40.27000045776367,40.29999923706055,205301
2026-01-16 16:05:00,40.310001373291016,40.369998931884766,40.304298400878906,40.35499954223633,68936
2026-01-16 16:10:00,40.36000061035156,40.37620162963867,40.28010177612305,40.375,103933
2026-01-16 16:15:00,40.375,40.43999862670898,40.37490081787109,40.42499923706055,81604
2026-01-16 16:20:00,40.42499923706055,40.47499847412109,40.38999938964844,40.40499877929688,85398
2026-01-16 16:25:00,40.40999984741211,40.43000030517578,40.400001525878906,40.40999984741211,83175
2026-01-16 16:30:00,40.40999984741211,40.415000915527344,40.290000915527344,40.290000915527344,70216
2026-01-16 16:35:00,40.290000915527344,40.34000015258789,40.27999877929688,40.30500030517578,61908
2026-01-16 16:40:00,40.30500030517578,40.35499954223633,40.28499984741211,40.345001220703125,52329
2026-01-16 16:45:00,40.34999847412109,40.40499877929688,40.34460067749024,40.3650016784668,91407
2026-01-16 16:50:00,40.3650016784668,40.369998931884766,40.32500076293945,40.345001220703125,107964
2026-01-16 16:55:00,40.345001220703125,40.34999847412109,40.310001373291016,40.32500076293945,86079
2026-01-16 17:00:00,40.32500076293945,40.33000183105469,40.29029846191406,40.310001373291016,47831
2026-01-16 17:05:00,40.310001373291016,40.31499862670898,40.25460052490234,40.2599983215332,82230
2026-01-16 17:10:00,40.2599983215332,40.26499938964844,40.150001525878906,40.20000076293945,106117
2026-01-16 17:15:00,40.20000076293945,40.20000076293945,40.15999984741211,40.185001373291016,66100
2026-01-16 17:20:00,40.185001373291016,40.22999954223633,40.16999816894531,40.220001220703125,74950
2026-01-16 17:25:00,40.22999954223633,40.26499938964844,40.21500015258789,40.23989868164063,109744
2026-01-16 17:30:00,40.22999954223633,40.2400016784668,40.20000076293945,40.23500061035156,59828
2026-01-16 17:35:00,40.23500061035156,40.2400016784668,40.20000076293945,40.20500183105469,50509
2026-01-16 17:40:00,40.20500183105469,40.21500015258789,40.165000915527344,40.20000076293945,73100
2026-01-16 17:45:00,40.20500183105469,40.27510070800781,40.20399856567383,40.23500061035156,69073
2026-01-16 17:50:00,40.23500061035156,40.23500061035156,40.21500015258789,40.23500061035156,47166
2026-01-16 17:55:00,40.2400016784668,40.255001068115234,40.22499847412109,40.2400016784668,36256
2026-01-16 18:00:00,40.244998931884766,40.25550079345703,40.19499969482422,40.25289916992188,63814
2026-01-16 18:05:00,40.255001068115234,40.27000045776367,40.18000030517578,40.21540069580078,82199
2026-01-16 18:10:00,40.21500015258789,40.220001220703125,40.16999816894531,40.209999084472656,72183
2026-01-16 18:15:00,40.220001220703125,40.27000045776367,40.209999084472656,40.22499847412109,86217
2026-01-16 18:20:00,40.22499847412109,40.22999954223633,40.15499877929688,40.17499923706055,82226
2026-01-16 18:25:00,40.18000030517578,40.18999862670898,40.15499877929688,40.17499923706055,69691
2026-01-16 18:30:00,40.17499923706055,40.18000030517578,40.14500045776367,40.15499877929688,64907
2026-01-16 18:35:00,40.150001525878906,40.15499877929688,40.11000061035156,40.12009811401367,78763
2026-01-16 18:40:00,40.119998931884766,40.15999984741211,40.119998931884766,40.125,87974
2026-01-16 18:45:00,40.119998931884766,40.14500045776367,40.06499862670898,40.07500076293945,87463
2026-01-16 18:50:00,40.08000183105469,40.09999847412109,40.06999969482422,40.084999084472656,58823
2026-01-16 18:55:00,40.09000015258789,40.119998931884766,40.07500076293945,40.119998931884766,65827
2026-01-16 19:00:00,40.125,40.20000076293945,40.125,40.185001373291016,124081
2026-01-16 19:05:00,40.18999862670898,40.19499969482422,40.09999847412109,40.1150016784668,169132
2026-01-16 19:10:00,40.1150016784668,40.130001068115234,40.060001373291016,40.119998931884766,98770
2026-01-16 19:15:00,40.1150016784668,40.15499877929688,40.095001220703125,40.14500045776367,212303
2026-01-16 19:20:00,40.14500045776367,40.150001525878906,40.10499954223633,40.135101318359375,48511
2026-01-16 19:25:00,40.130001068115234,40.130001068115234,40.10499954223633,40.1150016784668,35104
2026-01-16 19:30:00,40.119998931884766,40.1349983215332,40.06999969482422,40.11000061035156,90456
2026-01-16 19:35:00,40.10499954223633,40.20000076293945,40.10499954223633,40.19499969482422,95769
2026-01-16 19:40:00,40.19419860839844,40.20500183105469,40.17499923706055,40.185001373291016,78406
2026-01-16 19:45:00,40.185001373291016,40.23500061035156,40.18000030517578,40.21500015258789,51771
2026-01-16 19:50:00,40.21500015258789,40.220001220703125,40.18000030517578,40.19499969482422,52228
2026-01-16 19:55:00,40.20000076293945,40.20000076293945,40.11000061035156,40.125,67485
2026-01-16 20:00:00,40.119998931884766,40.14500045776367,40.09000015258789,40.119998931884766,78014
2026-01-16 20:05:00,40.12990188598633,40.15499877929688,40.11000061035156,40.130001068115234,84233
2026-01-16 20:10:00,40.13999938964844,40.15499877929688,40.1150016784668,40.1349983215332,58953
2026-01-16 20:15:00,40.134498596191406,40.15999984741211,40.10499954223633,40.14500045776367,87999
2026-01-16 20:20:00,40.14500045776367,40.150001525878906,40.119998931884766,40.125,79393
2026-01-16 20:25:00,40.130001068115234,40.150001525878906,40.119998931884766,40.130001068115234,100182
2026-01-16 20:30:00,40.119998931884766,40.165000915527344,40.10499954223633,40.165000915527344,154767
2026-01-16 20:35:00,40.16899871826172,40.18000030517578,40.119998931884766,40.14500045776367,174080
2026-01-16 20:40:00,40.14500045776367,40.18000030517578,40.1349983215332,40.14500045776367,260767
2026-01-16 20:45:00,40.14500045776367,40.15499877929688,40.095001220703125,40.14099884033203,244892
2026-01-16 20:50:00,40.13999938964844,40.16999816894531,40.10499954223633,40.11000061035156,243902
2026-01-16 20:55:00,40.10499954223633,40.119998931884766,39.95000076293945,39.970001220703125,1025554
2026-01-20 14:30:00,39.42499923706055,39.7400016784668,39.18999862670898,39.71960067749024,425639
2026-01-20 14:35:00,39.70500183105469,40.02999877929688,39.59999847412109,40.02999877929688,476507
2026-01-20 14:40:00,40.03570175170898,40.18000030517578,39.900001525878906,40.18000030517578,336124
2026-01-20 14:45:00,40.18999862670898,40.2400016784668,40.06999969482422,40.220001220703125,249143
2026-01-20 14:50:00,40.209999084472656,40.27000045776367,39.86000061035156,39.92499923706055,254635
2026-01-20 14:55:00,39.93000030517578,40.150001525878906,39.90499877929688,40.06499862670898,204068
2026-01-20 15:00:00,40.060001373291016,40.130001068115234,39.91999816894531,39.93999862670898,316500
2026-01-20 15:05:00,39.93000030517578,39.935001373291016,39.66999816894531,39.70500183105469,208919
2026-01-20 15:10:00,39.709999084472656,39.77000045776367,39.6349983215332,39.77000045776367,136429
2026-01-20 15:15:00,39.7599983215332,39.959999084472656,39.75,39.915000915527344,159177
2026-01-20 15:20:00,39.915000915527344,39.994998931884766,39.875,39.970001220703125,258186
2026-01-20 15:25:00,39.970001220703125,39.9900016784668,39.88999938964844,39.93999862670898,138391
2026-01-20 15:30:00,39.94499969482422,39.97999954223633,39.935001373291016,39.94499969482422,78000
2026-01-20 15:35:00,39.880001068115234,39.880001068115234,39.810001373291016,39.810001373291016,95854
2026-01-20 15:40:00,39.90999984741211,39.915000915527344,39.90999984741211,39.915000915527344,174867
2026-01-20 15:45:00,39.90999984741211,39.91999816894531,39.81999969482422,39.8650016784668,152635
2026-01-20 15:50:00,39.86000061035156,39.92499923706055,39.83000183105469,39.90499877929688,135504
2026-01-20 15:55:00,39.90999984741211,39.97499847412109,39.8849983215332,39.93999862670898,211789
2026-01-20 16:00:00,39.94499969482422,39.94499969482422,39.72499847412109,39.73500061035156,171916
2026-01-20 16:05:00,39.73500061035156,39.845001220703125,39.690799713134766,39.77999877929688,150543
2026-01-20 16:10:00,39.790000915527344,39.80989837646485,39.68999862670898,39.71500015258789,238670
2026-01-20 16:15:00,39.720001220703125,39.755001068115234,39.68000030517578,39.7400016784668,110012
2026-01-20 16:20:00,39.72999954223633,39.775001525878906,39.709999084472656,39.7400016784668,97240
2026-01-20 16:25:00,39.7400016784668,39.84999847412109,39.709999084472656,39.77999877929688,143881
2026-01-20 16:30:00,39.77999877929688,39.875,39.76499938964844,39.84000015258789,152752
2026-01-20 16:35:00,39.834999084472656,39.915000915527344,39.81999969482422,39.875,148798
2026-01-20 16:40:00,39.869998931884766,39.869998931884766,39.72999954223633,39.77000045776367,125345
2026-01-20 16:45:00,39.775001525878906,39.869998931884766,39.77000045776367,39.845001220703125,169703
2026-01-20 16:50:00,39.845001220703125,39.85499954223633,39.744998931884766,39.750099182128906,120995
2026-01-20 16:55:00,39.7599983215332,39.790000915527344,39.72999954223633,39.76499938964844,66250
2026-01-20 17:00:00,39.7599983215332,39.81999969482422,39.709999084472656,39.72499847412109,67948
2026-01-20 17:05:00,39.72499847412109,39.775001525878906,39.72499847412109,39.77000045776367,114425
2026-01-20 17:10:00,39.77000045776367,39.77000045776367,39.71500015258789,39.72499847412109,156356
2026-01-20 17:15:00,39.72499847412109,39.72999954223633,39.65999984741211,39.68000030517578,141730
2026-01-20 17:20:00,39.68000030517578,39.68999862670898,39.61000061035156,39.630001068115234,90898
2026-01-20 17:25:00,39.630001068115234,39.67499923706055,39.61000061035156,39.67499923706055,100477
2026-01-20 17:30:00,39.66999816894531,39.66999816894531,39.619998931884766,39.630001068115234,73014
2026-01-20 17:35:00,39.625,39.630001068115234,39.56499862670898,39.5702018737793,110902
2026-01-20 17:40:00,39.570098876953125,39.619998931884766,39.560001373291016,39.59999847412109,90854
2026-01-20 17:45:00,39.595001220703125,39.595001220703125,39.54999923706055,39.560001373291016,52783
2026-01-20 17:50:00,39.56499862670898,39.630001068115234,39.560001373291016,39.625,105556
2026-01-20 17:55:00,39.625,39.744998931884766,39.61000061035156,39.71500015258789,145467
2026-01-20 18:00:00,39.709999084472656,39.77000045776367,39.66999816894531,39.685001373291016,77355
2026-01-20 18:05:00,39.68000030517578,39.775001525878906,39.68000030517578,39.775001525878906,99542
2026-01-20 18:10:00,39.775001525878906,39.92499923706055,39.77000045776367,39.88010025024414,106903
2026-01-20 18:15:00,39.880001068115234,39.89500045776367,39.77999877929688,39.81499862670898,188786
2026-01-20 18:20:00,39.81499862670898,39.834999084472656,39.77999877929688,39.80500030517578,93730
2026-01-20 18:25:00,39.80149841308594,39.84000015258789,39.77999877929688,39.79999923706055,73731
2026-01-20 18:30:00,39.79999923706055,39.84000015258789,39.7599983215332,39.76499938964844,106644
2026-01-20 18:35:00,39.76499938964844,39.79999923706055,39.709999084472656,39.72999954223633,125004
2026-01-20 18:40:00,39.73500061035156,39.755001068115234,39.68999862670898,39.69499969482422,149315
2026-01-20 18:45:00,39.68999862670898,39.72499847412109,39.68000030517578,39.68000030517578,77493
2026-01-20 18:50:00,39.68000030517578,39.685001373291016,39.6150016784668,39.63010025024414,122253
2026-01-20 18:55:00,39.6349983215332,39.665000915527344,39.619998931884766,39.64500045776367,91494
2026-01-20 19:00:00,39.64500045776367,39.665000915527344,39.619998931884766,39.6349983215332,115728
2026-01-20 19:05:00,39.6349983215332,39.6349983215332,39.56499862670898,39.57500076293945,83781
2026-01-20 19:10:00,39.57500076293945,39.59989929199219,39.52999877929688,39.560001373291016,120055
2026-01-20 19:15:00,39.560001373291016,39.56999969482422,39.540000915527344,39.560001373291016,64923
2026-01-20 19:20:00,39.56499862670898,39.57500076293945,39.52999877929688,39.57500076293945,92233
2026-01-20 19:25:00,39.57500076293945,39.6150016784668,39.54999923706055,39.59999847412109,104977
2026-01-20 19:30:00,39.59999847412109,39.60499954223633,39.54999923706055,39.560001373291016,123660
2026-01-20 19:35:00,39.560001373291016,39.59999847412109,39.540000915527344,39.59000015258789,100961
2026-01-20 19:40:00,39.59000015258789,39.65499877929688,39.5625,39.61000061035156,132856
2026-01-20 19:45:00,39.60499954223633,39.6150016784668,39.56999969482422,39.61000061035156,93243
2026-01-20 19:50:00,39.61000061035156,39.61000061035156,39.540000915527344,39.540000915527344,132010
2026-01-20 19:55:00,39.54499816894531,39.55500030517578,39.5099983215332,39.52000045776367,84049
2026-01-20 20:00:00,39.525001525878906,39.560001373291016,39.4900016784668,39.53499984741211,147615
2026-01-20 20:05:00,39.53499984741211,39.57500076293945,39.525001525878906,39.57500076293945,162634
2026-01-20 20:10:00,39.57500076293945,39.65499877929688,39.52999877929688,39.6150016784668,1613713
2026-01-20 20:15:00,39.6150016784668,39.665000915527344,39.54999923706055,39.63999938964844,715169
2026-01-20 20:20:00,39.63999938964844,39.67499923706055,39.459999084472656,39.47499847412109,388836
2026-01-20 20:25:00,39.47499847412109,39.51499938964844,39.41999816894531,39.48500061035156,148316
2026-01-20 20:30:00,39.48500061035156,39.5,39.43000030517578,39.46500015258789,141663
2026-01-20 20:35:00,39.459999084472656,39.505001068115234,39.40999984741211,39.494998931884766,148961
2026-01-20 20:40:00,39.4900016784668,39.5,39.39500045776367,39.42499923706055,562129
2026-01-20 20:45:00,39.435001373291016,39.46500015258789,39.345001220703125,39.35499954223633,362616
2026-01-20 20:50:00,39.35499954223633,39.35499954223633,39.119998931884766,39.130001068115234,977391
2026-01-20 20:55:00,39.1150016784668,39.17499923706055,38.90999984741211,38.9900016784668,3985679
2026-01-21 14:30:00,39.25,39.63999938964844,39.09999847412109,39.55500030517578,507896
2026-01-21 14:35:00,39.560001373291016,39.6349983215332,39.459999084472656,39.55500030517578,197311
2026-01-21 14:40:00,39.56999969482422,39.630001068115234,39.415000915527344,39.45000076293945,154836
2026-01-21 14:45:00,39.470001220703125,39.59270095825195,39.459999084472656,39.505001068115234,135745
2026-01-21 14:50:00,39.4900016784668,39.52999877929688,39.380001068115234,39.459999084472656,97632
2026-01-21 14:55:00,39.45000076293945,39.790000915527344,39.43999862670898,39.64799880981445,491585
2026-01-21 15:00:00,39.650001525878906,39.90499877929688,39.630001068115234,39.834999084472656,202298
2026-01-21 15:05:00,39.834999084472656,39.86000061035156,39.7400016784668,39.86000061035156,130049
2026-01-21 15:10:00,39.86000061035156,40.02999877929688,39.84000015258789,40.0,227884
2026-01-21 15:15:00,40.0,40.20000076293945,40.0,40.18999862670898,369342
2026-01-21 15:20:00,40.18999862670898,40.369998931884766,40.15999984741211,40.34999847412109,482895
2026-01-21 15:25:00,40.34999847412109,40.45500183105469,40.27999877929688,40.45000076293945,393868
2026-01-21 15:30:00,40.44499969482422,40.68000030517578,40.42499923706055,40.525001525878906,484271
2026-01-21 15:35:00,40.525001525878906,40.73500061035156,40.435001373291016,40.709999084472656,291317
2026-01-21 15:40:00,40.720001220703125,40.720001220703125,40.31999969482422,40.31999969482422,374081
2026-01-21 15:45:00,40.31999969482422,40.375,40.15499877929688,40.15499877929688,228566
2026-01-21 15:50:00,40.15999984741211,40.21500015258789,40.06499862670898,40.084999084472656,171299
2026-01-21 15:55:00,40.084999084472656,40.20000076293945,40.02140045166016,40.15499877929688,195910
2026-01-21 16:00:00,40.15499877929688,40.18000030517578,40.04499816894531,40.06999969482422,89741
2026-01-21 16:05:00,40.06999969482422,40.11000061035156,40.0099983215332,40.060001373291016,157867
2026-01-21 16:10:00,40.060001373291016,40.060001373291016,39.95500183105469,40.01499938964844,92551
2026-01-21 16:15:00,40.02000045776367,40.130001068115234,39.96500015258789,39.97999954223633,204096
2026-01-21 16:20:00,39.97499847412109,40.01499938964844,39.89500045776367,39.89500045776367,106796
2026-01-21 16:25:00,39.88999938964844,39.97999954223633,39.84999847412109,39.97999954223633,150986
2026-01-21 16:30:00,39.97499847412109,40.0099983215332,39.95500183105469,39.96500015258789,79536
2026-01-21 16:35:00,39.96500015258789,39.96989822387695,39.85499954223633,39.85499954223633,58923
2026-01-21 16:40:00,39.84999847412109,39.85499954223633,39.810001373291016,39.81499862670898,57717
2026-01-21 16:45:00,39.81499862670898,39.880001068115234,39.810001373291016,39.84000015258789,104706
2026-01-21 16:50:00,39.84000015258789,39.85499954223633,39.75,39.7599983215332,191681
2026-01-21 16:55:00,39.75,39.775001525878906,39.709999084472656,39.73500061035156,89773
2026-01-21 17:00:00,39.7400016784668,39.81999969482422,39.7400016784668,39.78499984741211,100291
2026-01-21 17:05:00,39.78239822387695,39.810001373291016,39.75,39.790000915527344,117859
2026-01-21 17:10:00,39.790000915527344,39.81999969482422,39.7400016784668,39.7400016784668,87128
2026-01-21 17:15:00,39.744998931884766,39.83000183105469,39.744998931884766,39.810001373291016,100869
2026-01-21 17:20:00,39.79999923706055,39.915000915527344,39.78499984741211,39.89500045776367,83329
2026-01-21 17:25:00,39.89500045776367,39.95000076293945,39.84000015258789,39.93999862670898,91909
2026-01-21 17:30:00,39.936500549316406,39.936500549316406,39.82500076293945,39.85499954223633,69567
2026-01-21 17:35:00,39.8650016784668,39.8650016784668,39.72499847412109,39.7599983215332,91995
2026-01-21 17:40:00,39.75,39.78499984741211,39.72999954223633,39.72999954223633,61572
2026-01-21 17:45:00,39.72999954223633,39.775001525878906,39.720001220703125,39.7599983215332,91479
2026-01-21 17:50:00,39.755001068115234,39.80500030517578,39.72499847412109,39.80500030517578,67701
2026-01-21 17:55:00,39.79999923706055,39.95539855957031,39.72999954223633,39.95000076293945,249692
2026-01-21 18:00:00,39.95000076293945,40.06999969482422,39.90999984741211,40.04499816894531,287352
2026-01-21 18:05:00,40.04499816894531,40.22499847412109,40.040000915527344,40.21369934082031,304242
2026-01-21 18:10:00,40.22499847412109,40.380001068115234,40.22499847412109,40.32500076293945,313260
2026-01-21 18:15:00,40.32540130615234,40.53499984741211,40.31999969482422,40.45500183105469,400948
2026-01-21 18:20:00,40.45500183105469,40.58000183105469,40.44369888305664,40.5099983215332,461068
2026-01-21 18:30:00,40.619998931884766,40.66999816894531,40.55500030517578,40.60499954223633,1080769
2026-01-21 18:35:00,40.61000061035156,40.625,40.54460144042969,40.62009811401367,191543
2026-01-21 18:40:00,40.619998931884766,40.81999969482422,40.60499954223633,40.80500030517578,502364
2026-01-21 18:45:00,40.810001373291016,40.81999969482422,40.72999954223633,40.76499938964844,137282
2026-01-21 18:50:00,40.7599983215332,40.820098876953125,40.7400016784668,40.76499938964844,91065
2026-01-21 18:55:00,40.7599983215332,40.82500076293945,40.73500061035156,40.81990051269531,442322
2026-01-21 19:00:00,40.81999969482422,40.82500076293945,40.7400016784668,40.79999923706055,295945
2026-01-21 19:05:00,40.790000915527344,40.880001068115234,40.790000915527344,40.8650016784668,176445
2026-01-21 19:10:00,40.8650016784668,40.88999938964844,40.79499816894531,40.81499862670898,132762
2026-01-21 19:15:00,40.81499862670898,40.900001525878906,40.77999877929688,40.869998931884766,102300
2026-01-21 19:20:00,40.869998931884766,40.92499923706055,40.810001373291016,40.845001220703125,232109
2026-01-21 19:25:00,40.84999847412109,41.255001068115234,40.845001220703125,41.220001220703125,619601
2026-01-21 19:30:00,41.22999954223633,41.27000045776367,41.15999984741211,41.18000030517578,673391
2026-01-21 19:35:00,41.18000030517578,41.295501708984375,41.13999938964844,41.19070053100586,155879
2026-01-21 19:40:00,41.27999877929688,41.41999816894531,41.255001068115234,41.26499938964844,1798199
2026-01-21 19:45:00,41.26499938964844,41.34000015258789,40.97499847412109,40.9900016784668,1178249
2026-01-21 19:50:00,41.0,41.01499938964844,40.86000061035156,40.93999862670898,271891
2026-01-21 19:55:00,40.93999862670898,41.039398193359375,40.93000030517578,40.98500061035156,180753
2026-01-21 20:00:00,40.9900016784668,41.01499938964844,40.94499969482422,40.970001220703125,198051
2026-01-21 20:05:00,40.970001220703125,41.0099983215332,40.94499969482422,40.970001220703125,198164
2026-01-21 20:10:00,40.970001220703125,40.970001220703125,40.834999084472656,40.87590026855469,224001
2026-01-21 20:15:00,40.880001068115234,40.91999816894531,40.76499938964844,40.77539825439453,539773
2026-01-21 20:20:00,40.77000045776367,40.82500076293945,40.69499969482422,40.78900146484375,193225
2026-01-21 20:25:00,40.78499984741211,40.87900161743164,40.77000045776367,40.80500030517578,281198
2026-01-21 20:30:00,40.79999923706055,40.79999923706055,40.59000015258789,40.619998931884766,364429
2026-01-21 20:35:00,40.62580108642578,40.63999938964844,40.540000915527344,40.56499862670898,403181
2026-01-21 20:40:00,40.56499862670898,40.595001220703125,40.494998931884766,40.584999084472656,350970
2026-01-21 20:45:00,40.584999084472656,40.65499877929688,40.51499938964844,40.58000183105469,424029
2026-01-21 20:50:00,40.59000015258789,40.685001373291016,40.540000915527344,40.6150016784668,542862
2026-01-21 20:55:00,40.61000061035156,40.775001525878906,40.505001068115234,40.71500015258789,2707070
2026-01-22 14:30:00,40.77000045776367,41.01499938964844,40.50899887084961,40.630001068115234,452282
2026-01-22 14:35:00,40.650001525878906,40.81999969482422,40.52999877929688,40.744998931884766,210591
2026-01-22 14:40:00,40.72999954223633,40.86000061035156,40.650001525878906,40.665000915527344,132525
2026-01-22 14:45:00,40.665000915527344,40.66749954223633,40.45000076293945,40.4900016784668,234896
2026-01-22 14:50:00,40.494998931884766,40.75,40.459999084472656,40.720001220703125,254216
2026-01-22 14:55:00,40.72499847412109,40.79999923706055,40.67499923706055,40.77000045776367,186419
2026-01-22 15:00:00,40.7599983215332,40.900001525878906,40.709999084472656,40.869998931884766,192782
2026-01-22 15:05:00,40.869998931884766,40.93000030517578,40.77000045776367,40.81499862670898,123465
2026-01-22 15:10:00,40.81999969482422,40.880001068115234,40.70249938964844,40.83000183105469,162445
2026-01-22 15:15:00,40.83000183105469,40.89580154418945,40.77000045776367,40.86000061035156,111308
2026-01-22 15:20:00,40.84999847412109,40.869998931884766,40.79999923706055,40.79999923706055,101587
2026-01-22 15:25:00,40.79499816894531,40.85499954223633,40.7400016784668,40.81999969482422,62547
2026-01-22 15:30:00,40.81999969482422,40.935001373291016,40.81499862670898,40.89500045776367,109198
2026-01-22 15:35:00,40.890098571777344,40.90999984741211,40.755001068115234,40.790000915527344,140271
2026-01-22 15:40:00,40.78499984741211,40.810001373291016,40.76499938964844,40.80500030517578,67556
2026-01-22 15:45:00,40.80500030517578,40.84529876708984,40.77999877929688,40.80500030517578,98768
2026-01-22 15:50:00,40.79999923706055,40.94499969482422,40.77999877929688,40.94499969482422,107039
2026-01-22 15:55:00,40.94499969482422,40.97499847412109,40.86000061035156,40.900001525878906,79787
2026-01-22 16:00:00,40.88999938964844,40.9900016784668,40.880001068115234,40.93999862670898,90343
2026-01-22 16:05:00,40.935001373291016,41.02999877929688,40.915000915527344,41.02999877929688,99554
2026-01-22 16:10:00,41.03499984741211,41.040000915527344,40.93000030517578,40.93000030517578,233880
2026-01-22 16:15:00,40.93999862670898,40.970001220703125,40.790000915527344,40.81999969482422,421984
2026-01-22 16:20:00,40.81499862670898,40.845001220703125,40.650001525878906,40.72499847412109,214640
2026-01-22 16:25:00,40.720001220703125,40.79499816894531,40.71500015258789,40.76499938964844,145952
2026-01-22 16:30:00,40.76499938964844,40.84999847412109,40.76499938964844,40.81999969482422,189725
2026-01-22 16:35:00,40.81499862670898,40.88999938964844,40.810001373291016,40.8650016784668,105379
2026-01-22 16:40:00,40.8650016784668,40.93999862670898,40.86000061035156,40.93000030517578,89070
2026-01-22 16:45:00,40.93000030517578,40.95000076293945,40.900001525878906,40.92549896240234,115428
2026-01-22 16:50:00,40.92499923706055,40.9995002746582,40.91999816894531,40.97499847412109,119523
2026-01-22 16:55:00,40.970001220703125,40.97999954223633,40.89500045776367,40.94010162353516,137493
2026-01-22 17:00:00,40.94499969482422,41.06949996948242,40.935001373291016,41.05009841918945,162687
2026-01-22 17:05:00,41.060001373291016,41.08000183105469,41.01499938964844,41.05500030517578,87381
2026-01-22 17:10:00,41.060001373291016,41.08000183105469,41.02000045776367,41.03499984741211,111002
2026-01-22 17:15:00,41.03499984741211,41.03499984741211,40.89500045776367,40.92499923706055,96317
2026-01-22 17:20:00,40.92499923706055,41.025001525878906,40.89500045776367,40.91999816894531,90313
2026-01-22 17:25:00,40.92499923706055,40.97980117797852,40.90999984741211,40.96500015258789,69949
2026-01-22 17:30:00,40.96500015258789,40.98500061035156,40.95000076293945,40.95500183105469,122070
2026-01-22 17:35:00,40.95000076293945,41.005001068115234,40.95000076293945,40.97499847412109,70890
2026-01-22 17:40:00,40.97999954223633,41.0,40.97999954223633,40.9900016784668,51734
2026-01-22 17:45:00,40.98500061035156,41.0,40.970001220703125,40.970001220703125,59152
2026-01-22 17:50:00,40.97999954223633,41.0,40.97499847412109,40.97499847412109,68383
2026-01-22 17:55:00,40.97499847412109,41.025001525878906,40.970001220703125,41.025001525878906,57828
2026-01-22 18:00:00,41.025001525878906,41.119998931884766,41.02000045776367,41.10499954223633,126248
2026-01-22 18:05:00,41.10499954223633,41.10499954223633,41.025001525878906,41.025001525878906,65526
2026-01-22 18:10:00,41.025001525878906,41.084999084472656,41.025001525878906,41.06999969482422,53399
2026-01-22 18:15:00,41.07500076293945,41.125,41.060001373291016,41.084999084472656,108770
2026-01-22 18:20:00,41.084999084472656,41.119998931884766,41.02999877929688,41.03499984741211,101373
2026-01-22 18:25:00,41.03499984741211,41.040000915527344,41.0,41.005001068115234,87214
2026-01-22 18:30:00,41.005001068115234,41.06999969482422,41.0,41.040000915527344,105853
2026-01-22 18:35:00,41.03499984741211,41.07500076293945,41.0099983215332,41.07500076293945,128618
2026-01-22 18:40:00,41.07500076293945,41.09000015258789,41.025001525878906,41.03499984741211,55479
2026-01-22 18:45:00,41.03499984741211,41.060001373291016,41.02000045776367,41.025001525878906,82164
2026-01-22 18:50:00,41.025001525878906,41.02999877929688,40.95500183105469,40.98500061035156,97268
2026-01-22 18:55:00,40.98500061035156,41.040000915527344,40.90999984741211,41.03499984741211,166146
2026-01-22 19:00:00,41.03499984741211,41.06999969482422,41.01499938964844,41.06499862670898,144049
2026-01-22 19:05:00,41.06499862670898,41.20000076293945,41.06010055541992,41.09999847412109,232166
2026-01-22 19:10:00,41.10499954223633,41.1349983215332,41.04499816894531,41.04499816894531,154069
2026-01-22 19:15:00,41.040000915527344,41.040000915527344,40.9900016784668,40.994998931884766,125747
2026-01-22 19:20:00,41.0,41.02999877929688,40.959999084472656,41.025001525878906,217358
2026-01-22 19:25:00,41.02989959716797,41.06999969482422,40.994998931884766,41.060001373291016,133923
2026-01-22 19:30:00,41.05500030517578,41.06499862670898,41.0,41.04499816894531,89497
2026-01-22 19:35:00,41.04029846191406,41.04499816894531,41.0,41.005001068115234,100805
2026-01-22 19:40:00,41.005001068115234,41.01499938964844,40.91999816894531,40.935001373291016,74900
2026-01-22 19:45:00,40.932498931884766,40.935001373291016,40.83000183105469,40.875,184348
2026-01-22 19:50:00,40.880001068115234,40.88999938964844,40.720001220703125,40.73500061035156,107440
2026-01-22 19:55:00,40.73500061035156,40.73500061035156,40.66999816894531,40.67499923706055,184851
2026-01-22 20:00:00,40.67499923706055,40.69499969482422,40.61000061035156,40.68999862670898,136903
2026-01-22 20:05:00,40.685001373291016,40.72999954223633,40.64500045776367,40.65999984741211,124620
2026-01-22 20:10:00,40.65999984741211,40.7400016784668,40.65499877929688,40.69499969482422,92074
2026-01-22 20:15:00,40.69499969482422,40.720001220703125,40.68000030517578,40.70500183105469,102043
2026-01-22 20:20:00,40.709999084472656,40.72999954223633,40.70500183105469,40.71469879150391,124161
2026-01-22 20:25:00,40.709999084472656,40.71500015258789,40.619998931884766,40.64500045776367,162589
2026-01-22 20:30:00,40.63999938964844,40.665000915527344,40.6150016784668,40.6150016784668,195140
2026-01-22 20:35:00,40.6150016784668,40.63999938964844,40.59999847412109,40.6150016784668,156282
2026-01-22 20:40:00,40.619998931884766,40.65499877929688,40.52000045776367,40.540000915527344,268983
2026-01-22 20:45:00,40.54990005493164,40.560001373291016,40.47499847412109,40.55500030517578,229254
2026-01-22 20:50:00,40.560001373291016,40.59000015258789,40.47999954223633,40.494998931884766,348473
2026-01-22 20:55:00,40.5,40.560001373291016,40.4900016784668,40.525001525878906,737836
2026-01-23 14:30:00,40.55500030517578,40.90999984741211,40.4900016784668,40.77999877929688,225347
2026-01-23 14:35:00,40.7599983215332,41.185001373291016,40.65999984741211,41.09999847412109,210656
2026-01-23 14:40:00,41.09999847412109,41.11000061035156,40.97999954223633,41.01499938964844,156556
2026-01-23 14:45:00,41.040000915527344,41.27000045776367,41.025001525878906,41.125,241620
2026-01-23 14:50:00,41.13999938964844,41.18999862670898,41.05500030517578,41.130001068115234,138972
2026-01-23 14:55:00,41.1349983215332,41.31999969482422,41.130001068115234,41.21500015258789,400325
2026-01-23 15:00:00,41.220001220703125,41.33000183105469,41.09000015258789,41.11000061035156,271525
2026-01-23 15:05:00,41.10499954223633,41.16999816894531,41.060001373291016,41.08000183105469,146585
2026-01-23 15:10:00,41.09000015258789,41.21500015258789,41.084999084472656,41.11000061035156,137101
2026-01-23 15:15:00,41.1150016784668,41.1349983215332,41.04499816894531,41.05500030517578,75655
2026-01-23 15:20:00,41.060001373291016,41.13691711425781,41.04999923706055,41.130001068115234,111050
2026-01-23 15:25:00,41.1349983215332,41.13999938964844,40.94499969482422,40.95500183105469,110779
2026-01-23 15:30:00,40.95500183105469,41.02000045776367,40.94499969482422,41.01499938964844,112875
2026-01-23 15:35:00,41.02000045776367,41.04499816894531,40.96500015258789,41.02000045776367,118847
2026-01-23 15:40:00,41.0099983215332,41.060001373291016,40.93999862670898,40.93999862670898,105463
2026-01-23 15:45:00,40.93999862670898,40.95500183105469,40.880001068115234,40.94499969482422,131057
2026-01-23 15:50:00,40.94499969482422,40.94499969482422,40.84000015258789,40.8650016784668,100496
2026-01-23 15:55:00,40.8650016784668,40.91999816894531,40.82500076293945,40.83000183105469,96860
2026-01-23 16:00:00,40.83649826049805,40.84000015258789,40.75,40.77230072021485,77706
2026-01-23 16:05:00,40.775001525878906,40.84000015258789,40.7599983215332,40.834999084472656,60504
2026-01-23 16:10:00,40.834999084472656,40.89500045776367,40.82500076293945,40.88999938964844,58656
2026-01-23 16:15:00,40.88999938964844,40.900001525878906,40.84999847412109,40.84999847412109,44308
2026-01-23 16:20:00,40.84000015258789,40.845001220703125,40.68840026855469,40.77000045776367,120709
2026-01-23 16:25:00,40.7599983215332,40.78499984741211,40.7400016784668,40.775001525878906,75629
2026-01-23 16:30:00,40.775001525878906,40.81499862670898,40.76499938964844,40.80500030517578,48232
2026-01-23 16:35:00,40.80670166015625,40.84999847412109,40.77000045776367,40.82500076293945,59574
2026-01-23 16:40:00,40.81999969482422,40.869998931884766,40.81499862670898,40.84510040283203,60414
2026-01-23 16:45:00,40.845001220703125,40.880001068115234,40.78499984741211,40.790000915527344,58406
2026-01-23 16:50:00,40.790000915527344,40.83000183105469,40.77999877929688,40.78499984741211,73811
2026-01-23 16:55:00,40.790000915527344,40.81999969482422,40.775001525878906,40.79499816894531,65775
2026-01-23 17:00:00,40.79499816894531,40.875,40.79499816894531,40.845001220703125,66965
2026-01-23 17:05:00,40.84550094604492,40.8849983215332,40.810001373291016,40.83000183105469,71841
2026-01-23 17:10:00,40.83000183105469,40.88980102539063,40.82500076293945,40.8650016784668,95432
2026-01-23 17:15:00,40.8650016784668,40.900001525878906,40.845001220703125,40.875,62643
2026-01-23 17:20:00,40.869998931884766,40.970001220703125,40.85499954223633,40.954200744628906,83911
2026-01-23 17:25:00,40.95009994506836,40.959999084472656,40.90999984741211,40.95000076293945,56104
2026-01-23 17:30:00,40.949798583984375,40.95000076293945,40.86000061035156,40.86000061035156,60849
2026-01-23 17:35:00,40.85499954223633,40.880001068115234,40.84000015258789,40.8650016784668,54798
2026-01-23 17:40:00,40.8650016784668,40.88999938964844,40.79999923706055,40.80500030517578,66437
2026-01-23 17:45:00,40.80500030517578,40.880001068115234,40.80500030517578,40.8650016784668,50362
2026-01-23 17:50:00,40.8650016784668,40.929298400878906,40.810001373291016,40.92499923706055,141844
2026-01-23 17:55:00,40.93000030517578,40.959999084472656,40.89500045776367,40.935001373291016,104947
2026-01-23 18:00:00,40.93000030517578,40.95000076293945,40.79499816894531,40.79499816894531,149710
2026-01-23 18:05:00,40.79499816894531,40.81499862670898,40.72499847412109,40.790000915527344,116132
2026-01-23 18:10:00,40.79499816894531,40.81999969482422,40.75,40.76499938964844,52530
2026-01-23 18:15:00,40.7599983215332,40.86000061035156,40.755001068115234,40.810001373291016,255142
2026-01-23 18:20:00,40.81499862670898,40.82500076293945,40.775001525878906,40.81510162353516,123415
2026-01-23 18:25:00,40.810001373291016,40.8849983215332,40.79999923706055,40.869998931884766,132818
2026-01-23 18:30:00,40.875,40.92499923706055,40.869998931884766,40.869998931884766,109637
2026-01-23 18:35:00,40.875,40.900001525878906,40.84000015258789,40.875,107097
2026-01-23 18:40:00,40.869998931884766,40.90499877929688,40.84999847412109,40.90499877929688,75273
2026-01-23 18:45:00,40.90999984741211,40.92499923706055,40.880001068115234,40.89500045776367,82371
2026-01-23 18:50:00,40.900001525878906,40.91999816894531,40.869998931884766,40.869998931884766,82093
2026-01-23 18:55:00,40.875,40.93999862670898,40.875,40.90499877929688,93790
2026-01-23 19:00:00,40.900001525878906,40.96500015258789,40.8849983215332,40.96500015258789,82274
2026-01-23 19:05:00,40.96500015258789,41.025001525878906,40.92499923706055,40.92499923706055,284316
2026-01-23 19:10:00,40.92509841918945,40.94990158081055,40.90999984741211,40.935001373291016,57372
2026-01-23 19:15:00,40.935001373291016,40.97999954223633,40.90999984741211,40.96500015258789,66944
2026-01-23 19:20:00,40.96500015258789,40.97499847412109,40.91999816894531,40.94499969482422,72805
2026-01-23 19:25:00,40.94499969482422,40.959999084472656,40.91999816894531,40.92499923706055,65285
2026-01-23 19:30:00,40.92499923706055,40.95000076293945,40.91120147705078,40.92499923706055,67755
2026-01-23 19:35:00,40.92499923706055,40.93000030517578,40.86000061035156,40.880001068115234,102549
2026-01-23 19:40:00,40.88460159301758,40.900001525878906,40.84999847412109,40.86040115356445,68397
2026-01-23 19:45:00,40.86000061035156,40.880001068115234,40.841400146484375,40.875,50401
2026-01-23 19:50:00,40.875,40.94499969482422,40.86000061035156,40.935001373291016,73366
2026-01-23 19:55:00,40.935001373291016,40.959999084472656,40.93000030517578,40.95330047607422,60215
2026-01-23 20:00:00,40.9551010131836,40.98500061035156,40.935001373291016,40.96500015258789,85787
2026-01-23 20:05:00,40.959999084472656,40.97999954223633,40.95000076293945,40.972599029541016,91058
2026-01-23 20:10:00,40.97499847412109,40.98500061035156,40.94499969482422,40.95500183105469,92931
2026-01-23 20:15:00,40.95500183105469,40.96500015258789,40.935001373291016,40.935001373291016,107601
2026-01-23 20:20:00,40.935001373291016,40.93999862670898,40.8849983215332,40.93000030517578,106970
2026-01-23 20:25:00,40.92499923706055,40.93989944458008,40.880001068115234,40.88999938964844,133185
2026-01-23 20:30:00,40.880001068115234,40.88999938964844,40.79999923706055,40.82500076293945,123831
2026-01-23 20:35:00,40.82500076293945,40.85499954223633,40.810001373291016,40.85499954223633,149931
2026-01-23 20:40:00,40.85499954223633,40.90999984741211,40.85499954223633,40.89500045776367,135970
2026-01-23 20:45:00,40.89500045776367,40.935001373291016,40.875,40.915000915527344,242939
2026-01-23 20:50:00,40.915000915527344,40.94499969482422,40.880001068115234,40.89500045776367,385155
2026-01-23 20:55:00,40.88999938964844,40.90999984741211,40.81999969482422,40.83000183105469,1191918
2026-01-26 14:30:00,40.79999923706055,40.90999984741211,40.209999084472656,40.32500076293945,393294
2026-01-26 14:35:00,40.31449890136719,40.630001068115234,40.11000061035156,40.59120178222656,327238
2026-01-26 14:40:00,40.60499954223633,40.61989974975586,40.232398986816406,40.2599983215332,194709
2026-01-26 14:45:00,40.2400016784668,40.33000183105469,40.21500015258789,40.27880096435547,201188
2026-01-26 14:50:00,40.27000045776367,40.310001373291016,40.150001525878906,40.15999984741211,218547
2026-01-26 14:55:00,40.15999984741211,40.16999816894531,40.0,40.03499984741211,227498
2026-01-26 15:00:00,40.03499984741211,40.08000183105469,39.93999862670898,39.95000076293945,332862
2026-01-26 15:05:00,39.95000076293945,40.05500030517578,39.93999862670898,39.95500183105469,206476
2026-01-26 15:10:00,39.95019912719727,40.04499816894531,39.95000076293945,39.994998931884766,301585
2026-01-26 15:15:00,39.994998931884766,40.15499877929688,39.98500061035156,40.04499816894531,249430
2026-01-26 15:20:00,40.04999923706055,40.09000015258789,40.005001068115234,40.03499984741211,144942
2026-01-26 15:25:00,40.03499984741211,40.130001068115234,40.025001525878906,40.10499954223633,183426
2026-01-26 15:30:00,40.10499954223633,40.1150016784668,40.04499816894531,40.09989929199219,160220
2026-01-26 15:35:00,40.09000015258789,40.1349983215332,40.04499816894531,40.12990188598633,163399
2026-01-26 15:40:00,40.119998931884766,40.25,40.09000015258789,40.15499877929688,170575
2026-01-26 15:45:00,40.15499877929688,40.18999862670898,40.11000061035156,40.14500045776367,145427
2026-01-26 15:50:00,40.150001525878906,40.20000076293945,40.10499954223633,40.10499954223633,99471
2026-01-26 15:55:00,40.11000061035156,40.1150016784668,39.935001373291016,39.95500183105469,141582
2026-01-26 16:00:00,39.95000076293945,39.97499847412109,39.900001525878906,39.93999862670898,116909
2026-01-26 16:05:00,39.93999862670898,39.95000076293945,39.8650016784668,39.93000030517578,119757
2026-01-26 16:10:00,39.92499923706055,39.95000076293945,39.8650016784668,39.90999984741211,100745
2026-01-26 16:15:00,39.915000915527344,39.93000030517578,39.85499954223633,39.85499954223633,91626
2026-01-26 16:20:00,39.84999847412109,39.880001068115234,39.81499862670898,39.85499954223633,87309
2026-01-26 16:25:00,39.84999847412109,39.93999862670898,39.84999847412109,39.93999862670898,78262
2026-01-26 16:30:00,39.93999862670898,39.94499969482422,39.775001525878906,39.83000183105469,125560
2026-01-26 16:35:00,39.834999084472656,39.869998931884766,39.81399917602539,39.81499862670898,69985
2026-01-26 16:40:00,39.81499862670898,39.81499862670898,39.70000076293945,39.71500015258789,132152
2026-01-26 16:45:00,39.720001220703125,39.720001220703125,39.685001373291016,39.69499969482422,122329
2026-01-26 16:50:00,39.68999862670898,39.77000045776367,39.665000915527344,39.77000045776367,135548
2026-01-26 16:55:00,39.7599983215332,39.77999877929688,39.709999084472656,39.709999084472656,91802
2026-01-26 17:00:00,39.70500183105469,39.72999954223633,39.67499923706055,39.69540023803711,81083
2026-01-26 17:05:00,39.69499969482422,39.71500015258789,39.68000030517578,39.68000030517578,67503
2026-01-26 17:10:00,39.67499923706055,39.70000076293945,39.66999816894531,39.67499923706055,89947
2026-01-26 17:15:00,39.66999816894531,39.69400024414063,39.619998931884766,39.619998931884766,101201
2026-01-26 17:20:00,39.619998931884766,39.66999816894531,39.6150016784668,39.64500045776367,82637
2026-01-26 17:25:00,39.64500045776367,39.68999862670898,39.6349983215332,39.665000915527344,105557
2026-01-26 17:30:00,39.665000915527344,39.72990036010742,39.665000915527344,39.685001373291016,83894
2026-01-26 17:35:00,39.685001373291016,39.69580078125,39.61000061035156,39.625,102556
2026-01-26 17:40:00,39.625,39.70000076293945,39.6150016784668,39.685001373291016,155074
2026-01-26 17:45:00,39.68999862670898,39.70000076293945,39.65999984741211,39.67499923706055,80073
2026-01-26 17:50:00,39.674598693847656,39.689701080322266,39.57500076293945,39.57500076293945,102451
2026-01-26 17:55:00,39.57500076293945,39.625,39.54999923706055,39.60499954223633,139003
2026-01-26 18:00:00,39.60499954223633,39.650001525878906,39.59000015258789,39.62329864501953,185589
2026-01-26 18:05:00,39.625,39.65499877929688,39.58000183105469,39.60499954223633,139686
2026-01-26 18:10:00,39.60499954223633,39.63999938964844,39.595001220703125,39.62120056152344,71644
2026-01-26 18:15:00,39.625,39.66999816894531,39.6150016784668,39.6150016784668,73271
2026-01-26 18:20:00,39.6150016784668,39.650001525878906,39.59000015258789,39.59999847412109,108682
2026-01-26 18:25:00,39.59999847412109,39.60499954223633,39.53499984741211,39.540000915527344,94607
2026-01-26 18:30:00,39.54499816894531,39.55500030517578,39.47999954223633,39.494998931884766,104643
2026-01-26 18:35:00,39.5,39.59000015258789,39.494998931884766,39.54999923706055,133273
2026-01-26 18:40:00,39.54999923706055,39.584999084472656,39.52000045776367,39.525001525878906,124766
2026-01-26 18:45:00,39.52000045776367,39.53990173339844,39.5,39.5099983215332,88604
2026-01-26 18:50:00,39.5099983215332,39.540000915527344,39.5,39.540000915527344,65924
2026-01-26 18:55:00,39.53499984741211,39.56999969482422,39.505001068115234,39.56499862670898,89728
2026-01-26 19:00:00,39.56499862670898,39.57500076293945,39.52099990844727,39.56999969482422,90796
2026-01-26 19:05:00,39.56499862670898,39.70000076293945,39.54499816894531,39.68450164794922,152659
2026-01-26 19:10:00,39.68000030517578,39.70000076293945,39.64500045776367,39.650001525878906,161520
2026-01-26 19:15:00,39.64500045776367,39.70000076293945,39.64500045776367,39.689300537109375,80748
2026-01-26 19:20:00,39.685001373291016,39.70500183105469,39.66999816894531,39.685001373291016,116075
2026-01-26 19:25:00,39.685001373291016,39.709999084472656,39.63999938964844,39.709999084472656,147478
2026-01-26 19:30:00,39.71500015258789,39.880001068115234,39.71500015258789,39.78499984741211,207361
2026-01-26 19:35:00,39.78499984741211,39.78499984741211,39.709999084472656,39.720001220703125,111145
2026-01-26 19:40:00,39.709999084472656,39.709999084472656,39.685001373291016,39.70500183105469,128254
2026-01-26 19:45:00,39.707801818847656,39.73989868164063,39.69499969482422,39.73500061035156,163678
2026-01-26 19:50:00,39.7400016784668,39.76499938964844,39.720001220703125,39.72499847412109,168907
2026-01-26 19:55:00,39.72499847412109,39.7400016784668,39.70000076293945,39.73500061035156,157704
2026-01-26 20:00:00,39.73500061035156,39.73540115356445,39.64500045776367,39.64500045776367,135888
2026-01-26 20:05:00,39.64500045776367,39.71500015258789,39.63999938964844,39.70500183105469,151644
2026-01-26 20:10:00,39.70500183105469,39.83000183105469,39.68999862670898,39.82500076293945,122390
2026-01-26 20:15:00,39.82500076293945,39.880001068115234,39.81499862670898,39.85499954223633,150984
2026-01-26 20:20:00,39.85499954223633,39.88999938964844,39.84999847412109,39.875,132422
2026-01-26 20:25:00,39.875,39.89550018310547,39.86000061035156,39.86000061035156,135812
2026-01-26 20:30:00,39.8650016784668,39.90499877929688,39.86000061035156,39.88999938964844,124171
2026-01-26 20:35:00,39.88999938964844,39.90999984741211,39.810001373291016,39.81499862670898,200300
2026-01-26 20:40:00,39.81499862670898,39.86000061035156,39.810001373291016,39.84000015258789,163791
2026-01-26 20:45:00,39.83000183105469,39.875,39.79999923706055,39.875,244990
2026-01-26 20:50:00,39.869998931884766,39.875,39.79999923706055,39.82500076293945,281527
2026-01-26 20:55:00,39.82500076293945,39.82500076293945,39.67499923706055,39.72499847412109,1322997
2026-01-27 14:30:00,39.59000015258789,39.59000015258789,39.13999938964844,39.290000915527344,339786
2026-01-27 14:35:00,39.310001373291016,39.41999816894531,39.18999862670898,39.2400016784668,257530
2026-01-27 14:40:00,39.23500061035156,39.470001220703125,39.20500183105469,39.40999984741211,150352
2026-01-27 14:45:00,39.43000030517578,39.83000183105469,39.43000030517578,39.790000915527344,156099
2026-01-27 14:50:00,39.79499816894531,39.88159942626953,39.77000045776367,39.84000015258789,112109
2026-01-27 14:55:00,39.83000183105469,39.92499923706055,39.76499938964844,39.86000061035156,194807
2026-01-27 15:00:00,39.88999938964844,39.91999816894531,39.790000915527344,39.81499862670898,103211
2026-01-27 15:05:00,39.810001373291016,39.85499954223633,39.76499938964844,39.834999084472656,92604
2026-01-27 15:10:00,39.84000015258789,39.89500045776367,39.81539916992188,39.86000061035156,72159
2026-01-27 15:15:00,39.86000061035156,39.89500045776367,39.834999084472656,39.8650016784668,66902
2026-01-27 15:20:00,39.86000061035156,39.900001525878906,39.82500076293945,39.89400100708008,104312
2026-01-27 15:25:00,39.88999938964844,39.91579818725586,39.845001220703125,39.8849983215332,63177
2026-01-27 15:30:00,39.880001068115234,39.90549850463867,39.77000045776367,39.7953987121582,77733
2026-01-27 15:35:00,39.79499816894531,39.834999084472656,39.66999816894531,39.83000183105469,209878
2026-01-27 15:40:00,39.83000183105469,39.90499877929688,39.77999877929688,39.880001068115234,99416
2026-01-27 15:45:00,39.880001068115234,39.92509841918945,39.834999084472656,39.84000015258789,91979
2026-01-27 15:50:00,39.834999084472656,39.88999938964844,39.83000183105469,39.83000183105469,106534
2026-01-27 15:55:00,39.834999084472656,39.869998931884766,39.810001373291016,39.81499862670898,62899
2026-01-27 16:00:00,39.81499862670898,39.845001220703125,39.79499816894531,39.80500030517578,236496
2026-01-27 16:05:00,39.81499862670898,39.85499954223633,39.81499862670898,39.82500076293945,67972
2026-01-27 16:10:00,39.82500076293945,39.869998931884766,39.82310104370117,39.82500076293945,65433
2026-01-27 16:15:00,39.834999084472656,39.84999847412109,39.78499984741211,39.845001220703125,82886
2026-01-27 16:20:00,39.845001220703125,39.89500045776367,39.84000015258789,39.8849983215332,39970
2026-01-27 16:25:00,39.880001068115234,39.880001068115234,39.84749984741211,39.86000061035156,50197
2026-01-27 16:30:00,39.85499954223633,39.8650016784668,39.77000045776367,39.775001525878906,64370
2026-01-27 16:35:00,39.77510070800781,39.790000915527344,39.755001068115234,39.76499938964844,69057
2026-01-27 16:40:00,39.76499938964844,39.775001525878906,39.68000030517578,39.68000030517578,52272
2026-01-27 16:45:00,39.68000030517578,39.73500061035156,39.65499877929688,39.70500183105469,99273
2026-01-27 16:50:00,39.70000076293945,39.75,39.68000030517578,39.72499847412109,96753
2026-01-27 16:55:00,39.72499847412109,39.7400016784668,39.685001373291016,39.685001373291016,80211
2026-01-27 17:00:00,39.685001373291016,39.70500183105469,39.65499877929688,39.69499969482422,54227
2026-01-27 17:05:00,39.69499969482422,39.71500015258789,39.65999984741211,39.71500015258789,109856
2026-01-27 17:10:00,39.71500015258789,39.73500061035156,39.650001525878906,39.65499877929688,109090
2026-01-27 17:15:00,39.65499877929688,39.68999862670898,39.65499877929688,39.665000915527344,68896
2026-01-27 17:20:00,39.65999984741211,39.66999816894531,39.58000183105469,39.584999084472656,127435
2026-01-27 17:25:00,39.58000183105469,39.6150016784668,39.54999923706055,39.560001373291016,50292
2026-01-27 17:30:00,39.560001373291016,39.57500076293945,39.41999816894531,39.43999862670898,181204
2026-01-27 17:35:00,39.43999862670898,39.4900016784668,39.435001373291016,39.48500061035156,47870
2026-01-27 17:40:00,39.48500061035156,39.48500061035156,39.43999862670898,39.47499847412109,60141
2026-01-27 17:45:00,39.470001220703125,39.53499984741211,39.45000076293945,39.525001525878906,57067
2026-01-27 17:50:00,39.525001525878906,39.52999877929688,39.47499847412109,39.48500061035156,66977
2026-01-27 17:55:00,39.480098724365234,39.5099983215332,39.470001220703125,39.48989868164063,55564
2026-01-27 18:00:00,39.48500061035156,39.5099983215332,39.470001220703125,39.48500061035156,46609
2026-01-27 18:05:00,39.47999954223633,39.47999954223633,39.435001373291016,39.45500183105469,55009
2026-01-27 18:10:00,39.45500183105469,39.45500183105469,39.400001525878906,39.41780090332031,122686
2026-01-27 18:15:00,39.410099029541016,39.47999954223633,39.40999984741211,39.47499847412109,77847
2026-01-27 18:20:00,39.47999954223633,39.54999923706055,39.47499847412109,39.545501708984375,81999
2026-01-27 18:25:00,39.54499816894531,39.59000015258789,39.5099983215332,39.5099983215332,71528
2026-01-27 18:30:00,39.52000045776367,39.560001373291016,39.51499938964844,39.55500030517578,76017
2026-01-27 18:35:00,39.54999923706055,39.54999923706055,39.500301361083984,39.51499938964844,54415
2026-01-27 18:40:00,39.5099983215332,39.51750183105469,39.470001220703125,39.47999954223633,59274
2026-01-27 18:45:00,39.47999954223633,39.54499816894531,39.459999084472656,39.53499984741211,96980
2026-01-27 18:50:00,39.540000915527344,39.54999923706055,39.52000045776367,39.53499984741211,64750
2026-01-27 18:55:00,39.52999877929688,39.540000915527344,39.505001068115234,39.51499938964844,63324
2026-01-27 19:00:00,39.51499938964844,39.540000915527344,39.5,39.525001525878906,76340
2026-01-27 19:05:00,39.540000915527344,39.54499816894531,39.52000045776367,39.54499816894531,48872
2026-01-27 19:10:00,39.549800872802734,39.630001068115234,39.54499816894531,39.630001068115234,90068
2026-01-27 19:15:00,39.625,39.6255989074707,39.59000015258789,39.59000015258789,62013
2026-01-27 19:20:00,39.584999084472656,39.630001068115234,39.58250045776367,39.6254997253418,65237
2026-01-27 19:25:00,39.625,39.650001525878906,39.595001220703125,39.595001220703125,114338
2026-01-27 19:30:00,39.595001220703125,39.630001068115234,39.59000015258789,39.630001068115234,240542
2026-01-27 19:35:00,39.6349983215332,39.66999816894531,39.62009811401367,39.6349983215332,66196
2026-01-27 19:40:00,39.6349983215332,39.65999984741211,39.5989990234375,39.60499954223633,107614
2026-01-27 19:45:00,39.59999847412109,39.63999938964844,39.5900993347168,39.6150016784668,92450
2026-01-27 19:50:00,39.6150016784668,39.619998931884766,39.59999847412109,39.6150016784668,50987
2026-01-27 19:55:00,39.6150016784668,39.619998931884766,39.595001220703125,39.60499954223633,94761
2026-01-27 20:00:00,39.59999847412109,39.68000030517578,39.59000015258789,39.66999816894531,93134
2026-01-27 20:05:00,39.66999816894531,39.78499984741211,39.650001525878906,39.76499938964844,154487
2026-01-27 20:10:00,39.76499938964844,39.83000183105469,39.72999954223633,39.810001373291016,102266
2026-01-27 20:15:00,39.81499862670898,39.834999084472656,39.78499984741211,39.82500076293945,79021
2026-01-27 20:20:00,39.82500076293945,39.82500076293945,39.755001068115234,39.755001068115234,83064
2026-01-27 20:25:00,39.755001068115234,39.79999923706055,39.755001068115234,39.77999877929688,92571
2026-01-27 20:30:00,39.78499984741211,39.82500076293945,39.77000045776367,39.78499984741211,90137
2026-01-27 20:35:00,39.78499984741211,39.790000915527344,39.75,39.78499984741211,100524
2026-01-27 20:40:00,39.78499984741211,39.81999969482422,39.775001525878906,39.81499862670898,130674
2026-01-27 20:45:00,39.81499862670898,39.81999969482422,39.76020050048828,39.79999923706055,125959
2026-01-27 20:50:00,39.79999923706055,39.83000183105469,39.72999954223633,39.75,263387
2026-01-27 20:55:00,39.7400016784668,39.744998931884766,39.625,39.6349983215332,729137
2026-01-28 14:30:00,39.96500015258789,40.25,39.79999923706055,40.04499816894531,610372
2026-01-28 14:35:00,40.04499816894531,40.119998931884766,39.790000915527344,39.84000015258789,156925
2026-01-28 14:40:00,39.84000015258789,39.86000061035156,39.65999984741211,39.75970077514648,164018
2026-01-28 14:45:00,39.75,39.935001373291016,39.75,39.84999847412109,267927
2026-01-28 14:50:00,39.83449935913086,39.869998931884766,39.709999084472656,39.79999923706055,161078
2026-01-28 14:55:00,39.810001373291016,39.900001525878906,39.720001220703125,39.85499954223633,144690
2026-01-28 15:00:00,39.85499954223633,39.93999862670898,39.76499938964844,39.915000915527344,253877
2026-01-28 15:05:00,39.915000915527344,39.93999862670898,39.83000183105469,39.8650016784668,126501
2026-01-28 15:10:00,39.8650016784668,39.970001220703125,39.8650016784668,39.94499969482422,95287
2026-01-28 15:15:00,39.95000076293945,39.9900016784668,39.845001220703125,39.85499954223633,133972
2026-01-28 15:20:00,39.86000061035156,39.93000030517578,39.86000061035156,39.90999984741211,108143
2026-01-28 15:25:00,39.90499877929688,39.97499847412109,39.86000061035156,39.959999084472656,109215
2026-01-28 15:30:00,39.95500183105469,39.9900016784668,39.880001068115234,39.91999816894531,87898
2026-01-28 15:35:00,39.91999816894531,39.93999862670898,39.75,39.76499938964844,143893
2026-01-28 15:40:00,39.77000045776367,39.810001373291016,39.709999084472656,39.79499816894531,82307
2026-01-28 15:45:00,39.79499816894531,39.93000030517578,39.78499984741211,39.80500030517578,90370
2026-01-28 15:50:00,39.80500030517578,39.81999969482422,39.7400016784668,39.75429916381836,67123
2026-01-28 15:55:00,39.755001068115234,39.790000915527344,39.68999862670898,39.70000076293945,63607
2026-01-28 16:00:00,39.70500183105469,39.75,39.685001373291016,39.71500015258789,76561
2026-01-28 16:05:00,39.71500015258789,39.75,39.66999816894531,39.66999816894531,66715
2026-01-28 16:10:00,39.68000030517578,39.68999862670898,39.6150016784668,39.63999938964844,64431
2026-01-28 16:15:00,39.63999938964844,39.65499877929688,39.59999847412109,39.619998931884766,59655
2026-01-28 16:20:00,39.6150016784668,39.63999938964844,39.595001220703125,39.60499954223633,75624
2026-01-28 16:25:00,39.60499954223633,39.65499877929688,39.56999969482422,39.63999938964844,94629
2026-01-28 16:30:00,39.63999938964844,39.645599365234375,39.55500030517578,39.59999847412109,92287
2026-01-28 16:35:00,39.59999847412109,39.59999847412109,39.54499816894531,39.560001373291016,64149
2026-01-28 16:40:00,39.56499862670898,39.57500076293945,39.52000045776367,39.56499862670898,74162
2026-01-28 16:45:00,39.56999969482422,39.63999938964844,39.56999969482422,39.595001220703125,95015
2026-01-28 16:50:00,39.595001220703125,39.6150016784668,39.58000183105469,39.595001220703125,60805
2026-01-28 16:55:00,39.59999847412109,39.68000030517578,39.59000015258789,39.68000030517578,65054
2026-01-28 17:00:00,39.68999862670898,39.70000076293945,39.59999847412109,39.59999847412109,87245
2026-01-28 17:05:00,39.61000061035156,39.685001373291016,39.56999969482422,39.685001373291016,63863
2026-01-28 17:10:00,39.68999862670898,39.720001220703125,39.685001373291016,39.709999084472656,61913
2026-01-28 17:15:00,39.70500183105469,39.7051010131836,39.625,39.650001525878906,96824
2026-01-28 17:20:00,39.650001525878906,39.665000915527344,39.595001220703125,39.6349983215332,80118
2026-01-28 17:25:00,39.6349983215332,39.6349983215332,39.56499862670898,39.56999969482422,57503
2026-01-28 17:30:00,39.560001373291016,39.59999847412109,39.52999877929688,39.53499984741211,230813
2026-01-28 17:35:00,39.540000915527344,39.54999923706055,39.5099983215332,39.52009963989258,66355
2026-01-28 17:40:00,39.525001525878906,39.52510070800781,39.48500061035156,39.51499938964844,76887
2026-01-28 17:45:00,39.5099983215332,39.54999923706055,39.5099983215332,39.53499984741211,44728
2026-01-28 17:50:00,39.52999877929688,39.54499816894531,39.47999954223633,39.505001068115234,53498
2026-01-28 17:55:00,39.50579833984375,39.50579833984375,39.470001220703125,39.470001220703125,58050
2026-01-28 18:00:00,39.47499847412109,39.48500061035156,39.40999984741211,39.42499923706055,64947
2026-01-28 18:05:00,39.41999816894531,39.43000030517578,39.380001068115234,39.42499923706055,157647
2026-01-28 18:10:00,39.42499923706055,39.45500183105469,39.39500045776367,39.415000915527344,67224
2026-01-28 18:15:00,39.415000915527344,39.41999816894531,39.38999938964844,39.40999984741211,105558
2026-01-28 18:20:00,39.415000915527344,39.435001373291016,39.400001525878906,39.42499923706055,91814
2026-01-28 18:25:00,39.41999816894531,39.435001373291016,39.3650016784668,39.3849983215332,99005
2026-01-28 18:30:00,39.38999938964844,39.400001525878906,39.34999847412109,39.34999847412109,82523
2026-01-28 18:35:00,39.34999847412109,39.375,39.31499862670898,39.3489990234375,127661
2026-01-28 18:40:00,39.34999847412109,39.35499954223633,39.334999084472656,39.345001220703125,170362
2026-01-28 18:45:00,39.34999847412109,39.34999847412109,39.30500030517578,39.334999084472656,139072
2026-01-28 18:50:00,39.33000183105469,39.33000183105469,39.2400016784668,39.2400016784668,85375
2026-01-28 18:55:00,39.2400016784668,39.2400016784668,39.18999862670898,39.2052001953125,90438
2026-01-28 19:00:00,39.20000076293945,39.25970077514648,39.18999862670898,39.255001068115234,86165
2026-01-28 19:05:00,39.255001068115234,39.2599983215332,39.14500045776367,39.15499877929688,109677
2026-01-28 19:10:00,39.15499877929688,39.19499969482422,39.13999938964844,39.14500045776367,99116
2026-01-28 19:15:00,39.14500045776367,39.20500183105469,39.1349983215332,39.20500183105469,87826
2026-01-28 19:20:00,39.20000076293945,39.209999084472656,39.14500045776367,39.14500045776367,74664
2026-01-28 19:25:00,39.140899658203125,39.140899658203125,39.02000045776367,39.025001525878906,133202
2026-01-28 19:30:00,39.02000045776367,39.47499847412109,38.97999954223633,39.10499954223633,582795
2026-01-28 19:35:00,39.09999847412109,39.150001525878906,38.97499847412109,39.02999877929688,144158
2026-01-28 19:40:00,39.025001525878906,39.11000061035156,39.005001068115234,39.11000061035156,110326
2026-01-28 19:45:00,39.1150016784668,39.21500015258789,39.060001373291016,39.20000076293945,216665
2026-01-28 19:50:00,39.20500183105469,39.22999954223633,39.14970016479492,39.165000915527344,112034
2026-01-28 19:55:00,39.16360092163086,39.16360092163086,39.060001373291016,39.10499954223633,103603
2026-01-28 20:00:00,39.11000061035156,39.18000030517578,39.11000061035156,39.14500045776367,88950
2026-01-28 20:05:00,39.13999938964844,39.165000915527344,39.084999084472656,39.1150016784668,126704
2026-01-28 20:10:00,39.11000061035156,39.14500045776367,39.07500076293945,39.084999084472656,143163
2026-01-28 20:15:00,39.09000015258789,39.1349983215332,39.06999969482422,39.09000015258789,149475
2026-01-28 20:20:00,39.095001220703125,39.119998931884766,39.06499862670898,39.06999969482422,175267
2026-01-28 20:25:00,39.06999969482422,39.06999969482422,38.97499847412109,38.9900016784668,134931
2026-01-28 20:30:00,38.9900016784668,39.08000183105469,38.98500061035156,39.02000045776367,210514
2026-01-28 20:35:00,39.02000045776367,39.084999084472656,39.005001068115234,39.04999923706055,285541
2026-01-28 20:40:00,39.04999923706055,39.057498931884766,38.9900016784668,38.9900016784668,278172
2026-01-28 20:45:00,38.9900016784668,39.0099983215332,38.959999084472656,38.98500061035156,333594
2026-01-28 20:50:00,38.97999954223633,39.08000183105469,38.97999954223633,39.06499862670898,539747
2026-01-28 20:55:00,39.06499862670898,39.16999816894531,39.05500030517578,39.150001525878906,861305
2026-01-29 14:30:00,39.25,39.51499938964844,39.0,39.27999877929688,725521
2026-01-29 14:35:00,39.27999877929688,39.310001373291016,39.11000061035156,39.21670150756836,135347
2026-01-29 14:40:00,39.21659851074219,39.220001220703125,38.709999084472656,38.77000045776367,645015
2026-01-29 14:45:00,38.775001525878906,39.04499816894531,38.755001068115234,39.0099983215332,297340
2026-01-29 14:50:00,39.0,39.0,38.720001220703125,38.88999938964844,462830
2026-01-29 14:55:00,38.89500045776367,38.90999984741211,38.7400016784668,38.755001068115234,255223
2026-01-29 15:00:00,38.755001068115234,38.810001373291016,38.72999954223633,38.76499938964844,304785
2026-01-29 15:05:00,38.7599983215332,38.83000183105469,38.73500061035156,38.7400016784668,140619
2026-01-29 15:10:00,38.72999954223633,38.76499938964844,38.619998931884766,38.755001068115234,225803
2026-01-29 15:15:00,38.755001068115234,38.845001220703125,38.650001525878906,38.650001525878906,229959
2026-01-29 15:20:00,38.63999938964844,38.77999877929688,38.619998931884766,38.665000915527344,345654
2026-01-29 15:25:00,38.65999984741211,38.70500183105469,38.56999969482422,38.57500076293945,268427
2026-01-29 15:30:00,38.584999084472656,38.75,38.57500076293945,38.75,275019
2026-01-29 15:35:00,38.75,38.76499938964844,38.67499923706055,38.73500061035156,256038
2026-01-29 15:40:00,38.73500061035156,38.81999969482422,38.720001220703125,38.755001068115234,170137
2026-01-29 15:45:00,38.755001068115234,38.8650016784668,38.74420166015625,38.86000061035156,184680
2026-01-29 15:50:00,38.85499954223633,38.880001068115234,38.75,38.78200149536133,211328
2026-01-29 15:55:00,38.78499984741211,38.90499877929688,38.77999877929688,38.8849983215332,185768
2026-01-29 16:00:00,38.8849983215332,38.88999938964844,38.83000183105469,38.85499954223633,96338
2026-01-29 16:05:00,38.85499954223633,38.85499954223633,38.744998931884766,38.76499938964844,202411
2026-01-29 16:10:00,38.7599983215332,38.91749954223633,38.755001068115234,38.88999938964844,152514
2026-01-29 16:15:00,38.88999938964844,38.935001373291016,38.84000015258789,38.915000915527344,107635
2026-01-29 16:20:00,38.91999816894531,38.970001220703125,38.83000183105469,38.95000076293945,168400
2026-01-29 16:25:00,38.94499969482422,39.005001068115234,38.92499923706055,38.970001220703125,100429
2026-01-29 16:30:00,38.97499847412109,39.060001373291016,38.970001220703125,39.025001525878906,110692
2026-01-29 16:35:00,39.02999877929688,39.07500076293945,39.0099983215332,39.072601318359375,73094
2026-01-29 16:40:00,39.06999969482422,39.15499877929688,39.04999923706055,39.125,93663
2026-01-29 16:45:00,39.130001068115234,39.1349983215332,38.994998931884766,39.09999847412109,140852
2026-01-29 16:50:00,39.095001220703125,39.130001068115234,39.06999969482422,39.084999084472656,189637
2026-01-29 16:55:00,39.084999084472656,39.165000915527344,39.084999084472656,39.135501861572266,93033
2026-01-29 17:00:00,39.13999938964844,39.21500015258789,39.125,39.19499969482422,135564
2026-01-29 17:05:00,39.19499969482422,39.21500015258789,39.15999984741211,39.20500183105469,113345
2026-01-29 17:10:00,39.20500183105469,39.25,39.18000030517578,39.185001373291016,97826
2026-01-29 17:15:00,39.185001373291016,39.26499938964844,39.15499877929688,39.25,208987
2026-01-29 17:20:00,39.255001068115234,39.27000045776367,39.09159851074219,39.09999847412109,147727
2026-01-29 17:25:00,39.10499954223633,39.1150016784668,39.06999969482422,39.11000061035156,89793
2026-01-29 17:30:00,39.10499954223633,39.11000061035156,39.02000045776367,39.05500030517578,129174
2026-01-29 17:35:00,39.05500030517578,39.095001220703125,39.0099983215332,39.0099983215332,126214
2026-01-29 17:40:00,39.005001068115234,39.005001068115234,38.92499923706055,38.97499847412109,105870
2026-01-29 17:45:00,38.97499847412109,38.98500061035156,38.8849983215332,38.92499923706055,73650
2026-01-29 17:50:00,38.92110061645508,38.994998931884766,38.89500045776367,38.94499969482422,102860
2026-01-29 17:55:00,38.94499969482422,38.95500183105469,38.88999938964844,38.90999984741211,138767
2026-01-29 18:00:00,38.90999984741211,38.959999084472656,38.76499938964844,38.91999816894531,162908
2026-01-29 18:05:00,38.91999816894531,38.994998931884766,38.915000915527344,38.93999862670898,128873
2026-01-29 18:10:00,38.935001373291016,39.025001525878906,38.92499923706055,38.9900016784668,103737
2026-01-29 18:15:00,38.994998931884766,39.095001220703125,38.97499847412109,39.06999969482422,154725
2026-01-29 18:20:00,39.06499862670898,39.084999084472656,39.040000915527344,39.06499862670898,87427
2026-01-29 18:25:00,39.06499862670898,39.14500045776367,39.02999877929688,39.13999938964844,102676
2026-01-29 18:30:00,39.1349983215332,39.13999938964844,39.04999923706055,39.06510162353516,83377
2026-01-29 18:35:00,39.06499862670898,39.084999084472656,39.025001525878906,39.04499816894531,81527
2026-01-29 18:40:00,39.04999923706055,39.11000061035156,39.04999923706055,39.06999969482422,71492
2026-01-29 18:45:00,39.06499862670898,39.07500076293945,39.025001525878906,39.040000915527344,58355
2026-01-29 18:50:00,39.040000915527344,39.04499816894531,39.0,39.005001068115234,51573
2026-01-29 18:55:00,39.005001068115234,39.07500076293945,38.91999816894531,38.91999816894531,108052
2026-01-29 19:00:00,38.92499923706055,39.005001068115234,38.90999984741211,38.970001220703125,97820
2026-01-29 19:05:00,38.96500015258789,39.0099983215332,38.94499969482422,38.98500061035156,136596
2026-01-29 19:10:00,38.9900016784668,39.0,38.96500015258789,38.96500015258789,59137
2026-01-29 19:15:00,38.959999084472656,38.97999954223633,38.94340133666992,38.96500015258789,74672
2026-01-29 19:20:00,38.96500015258789,38.97999954223633,38.94499969482422,38.96500015258789,56070
2026-01-29 19:25:00,38.96500015258789,38.994998931884766,38.95000076293945,38.9900016784668,68216
2026-01-29 19:30:00,38.98500061035156,38.9900016784668,38.83000183105469,38.86000061035156,132600
2026-01-29 19:35:00,38.86000061035156,38.94499969482422,38.85499954223633,38.910099029541016,80905
2026-01-29 19:40:00,38.915000915527344,38.97499847412109,38.900001525878906,38.97499847412109,76696
2026-01-29 19:45:00,38.97499847412109,38.98899841308594,38.92499923706055,38.92499923706055,106196
2026-01-29 19:50:00,38.92499923706055,38.93000030517578,38.86354446411133,38.88999938964844,103440
2026-01-29 19:55:00,38.8849983215332,38.90629959106445,38.71500015258789,38.720001220703125,178402
2026-01-29 20:00:00,38.720001220703125,38.80500030517578,38.67499923706055,38.79499816894531,217538
2026-01-29 20:05:00,38.79499816894531,38.92499923706055,38.790000915527344,38.89500045776367,396523
2026-01-29 20:10:00,38.89500045776367,38.93000030517578,38.85499954223633,38.869998931884766,93876
2026-01-29 20:15:00,38.875,38.900001525878906,38.869998931884766,38.8849983215332,98262
2026-01-29 20:20:00,38.8849983215332,39.0099983215332,38.880001068115234,39.0099983215332,175625
2026-01-29 20:25:00,39.0099983215332,39.040000915527344,38.994998931884766,39.02000045776367,134255
2026-01-29 20:30:00,39.02000045776367,39.03499984741211,38.96500015258789,39.025001525878906,133196
2026-01-29 20:35:00,39.02000045776367,39.04499816894531,38.994998931884766,39.03499984741211,130123
2026-01-29 20:40:00,39.03499984741211,39.04999923706055,39.0099983215332,39.025001525878906,110482
2026-01-29 20:45:00,39.02000045776367,39.09000015258789,39.005001068115234,39.084999084472656,187912
2026-01-29 20:50:00,39.09000015258789,39.14500045776367,39.03499984741211,39.03760147094727,302131
2026-01-29 20:55:00,39.040000915527344,39.130001068115234,39.040000915527344,39.06999969482422,877336
2026-01-30 14:30:00,38.90999984741211,39.09000015258789,38.59999847412109,38.970001220703125,766171
2026-01-30 14:35:00,38.96500015258789,39.1150016784668,38.88999938964844,38.90999984741211,445140
2026-01-30 14:40:00,38.91320037841797,38.9900016784668,38.75,38.95000076293945,323584
2026-01-30 14:45:00,38.93999862670898,38.96500015258789,38.75,38.77000045776367,376576
2026-01-30 14:50:00,38.7599983215332,38.82500076293945,38.65499877929688,38.66999816894531,157770
2026-01-30 14:55:00,38.665000915527344,38.70000076293945,38.57500076293945,38.65499877929688,187068
2026-01-30 15:00:00,38.65999984741211,38.75,38.65999984741211,38.66999816894531,130074
2026-01-30 15:05:00,38.66999816894531,38.90599822998047,38.665000915527344,38.89500045776367,173973
2026-01-30 15:10:00,38.89500045776367,39.00249862670898,38.77999877929688,38.97999954223633,249844
2026-01-30 15:15:00,38.97999954223633,39.005001068115234,38.94499969482422,38.95500183105469,83789
2026-02-02 18:45:00,38.53499984741211,38.57989883422852,38.525001525878906,38.57500076293945,170688
2026-02-02 18:50:00,38.57500076293945,38.60499954223633,38.560001373291016,38.59999847412109,345604
2026-02-02 18:55:00,38.595001220703125,38.650001525878906,38.54499816894531,38.6150016784668,216961
2026-02-02 19:00:00,38.61000061035156,38.6150016784668,38.54499816894531,38.584999084472656,115216
2026-02-02 19:05:00,38.584999084472656,38.619998931884766,38.560001373291016,38.61572647094727,136721
2026-02-02 19:10:00,38.6150016784668,38.650001525878906,38.6150016784668,38.6349983215332,101404
2026-02-02 19:15:00,38.6349983215332,38.65499877929688,38.59999847412109,38.630001068115234,170118
2026-02-02 19:20:00,38.625,38.63999938964844,38.59999847412109,38.6349983215332,141543
2026-02-02 19:25:00,38.6349983215332,38.63959884643555,38.58000183105469,38.584999084472656,162682
2026-02-02 19:30:00,38.584999084472656,38.584999084472656,38.5,38.51499938964844,159957
2026-02-02 19:35:00,38.51499938964844,38.59000015258789,38.494998931884766,38.584999084472656,192351
2026-02-02 19:40:00,38.59000015258789,38.65999984741211,38.584999084472656,38.65499877929688,154772
2026-02-02 19:45:00,38.65499877929688,38.71739959716797,38.64500045776367,38.65299987792969,157789
2026-02-02 19:50:00,38.650001525878906,38.66999816894531,38.64500045776367,38.64500045776367,114511
2026-02-02 19:55:00,38.63999938964844,38.66999816894531,38.4900016784668,38.5099983215332,359368
2026-02-02 20:00:00,38.505001068115234,38.630001068115234,38.43999862670898,38.57500076293945,274866
2026-02-02 20:05:00,38.58000183105469,38.615501403808594,38.540000915527344,38.540000915527344,229110
2026-02-02 20:10:00,38.54499816894531,38.54499816894531,38.459999084472656,38.459999084472656,196624
2026-02-02 20:15:00,38.459999084472656,38.470001220703125,38.42499923706055,38.45000076293945,247221
2026-02-02 20:20:00,38.45500183105469,38.54999923706055,38.43000030517578,38.54499816894531,242007
2026-02-02 20:25:00,38.54499816894531,38.560001373291016,38.505001068115234,38.51499938964844,236002
2026-02-02 20:30:00,38.52000045776367,38.65499877929688,38.51499938964844,38.640098571777344,237700
2026-02-02 20:35:00,38.64500045776367,38.70000076293945,38.6349983215332,38.68999862670898,235490
2026-02-02 20:40:00,38.69499969482422,38.69559860229492,38.59000015258789,38.595001220703125,268578
2026-02-02 20:45:00,38.595001220703125,38.630001068115234,38.54999923706055,38.55500030517578,447500
2026-02-02 20:50:00,38.560001373291016,38.56999969482422,38.5099983215332,38.525001525878906,556376
2026-02-02 20:55:00,38.525001525878906,38.619998931884766,38.4900016784668,38.51499938964844,1717131
2026-02-03 14:30:00,38.375,38.84000015258789,38.11000061035156,38.75,851731
2026-02-03 14:35:00,38.72999954223633,38.79499816894531,38.54899978637695,38.7400016784668,273783
2026-02-03 14:40:00,38.7400016784668,38.88999938964844,38.7400016784668,38.83000183105469,195047
2026-02-03 14:45:00,38.83000183105469,38.875,38.70500183105469,38.81499862670898,346901
2026-02-03 14:50:00,38.83000183105469,38.900001525878906,38.76499938964844,38.79999923706055,260393
2026-02-03 14:55:00,38.79499816894531,38.810001373291016,38.71500015258789,38.76499938964844,352734
2026-02-03 15:00:00,38.76499938964844,38.84999847412109,38.70000076293945,38.845001220703125,533375
2026-02-03 15:05:00,38.84999847412109,38.880001068115234,38.744998931884766,38.79499816894531,370278
2026-02-03 15:10:00,38.79499816894531,38.79499816894531,38.59999847412109,38.66999816894531,493460
2026-02-03 15:15:00,38.67499923706055,38.77000045776367,38.63999938964844,38.76499938964844,322223
2026-02-03 15:20:00,38.7599983215332,38.88999938964844,38.755001068115234,38.880001068115234,483668
2026-02-03 15:25:00,38.880001068115234,39.09000015258789,38.869998931884766,39.06499862670898,338003
2026-02-03 15:30:00,39.06999969482422,39.14500045776367,39.03499984741211,39.06999969482422,286563
2026-02-03 15:35:00,39.060001373291016,39.18000030517578,39.060001373291016,39.14500045776367,286469
2026-02-03 15:40:00,39.14500045776367,39.20500183105469,39.06499862670898,39.07500076293945,500843
2026-02-03 15:45:00,39.07500076293945,39.07680130004883,38.92499923706055,38.935001373291016,271798
2026-02-03 15:50:00,38.93199920654297,38.935001373291016,38.77999877929688,38.790000915527344,190130
2026-02-03 15:55:00,38.78499984741211,38.90999984741211,38.78499984741211,38.81499862670898,152759
2026-02-03 16:00:00,38.81499862670898,38.82500076293945,38.650001525878906,38.665000915527344,218643
2026-02-03 16:05:00,38.66999816894531,38.810001373291016,38.65499877929688,38.79499816894531,187969
2026-02-03 16:10:00,38.790000915527344,38.8650016784668,38.7599983215332,38.845001220703125,150522
2026-02-03 16:15:00,38.845001220703125,38.86000061035156,38.744998931884766,38.77330017089844,280767
2026-02-03 16:20:00,38.77999877929688,38.79999923706055,38.650001525878906,38.67499923706055,131652
2026-02-03 16:25:00,38.68000030517578,38.7677001953125,38.68000030517578,38.76499938964844,121844
2026-02-03 16:30:00,38.7599983215332,38.77000045776367,38.67499923706055,38.69499969482422,148891
2026-02-03 16:35:00,38.69499969482422,38.70029830932617,38.64500045776367,38.64500045776367,151103
2026-02-03 16:40:00,38.63999938964844,38.67499923706055,38.62020111083984,38.665000915527344,138046
2026-02-03 16:45:00,38.66019821166992,38.70000076293945,38.6150016784668,38.685001373291016,122185
2026-02-03 16:50:00,38.685001373291016,38.709999084472656,38.66999816894531,38.70000076293945,166184
2026-02-03 16:55:00,38.70500183105469,38.79499816894531,38.70500183105469,38.72999954223633,436493
2026-02-03 17:00:00,38.720001220703125,38.7400016784668,38.68999862670898,38.73500061035156,163302
2026-02-03 17:05:00,38.72999954223633,38.7400016784668,38.67499923706055,38.685001373291016,132350
2026-02-03 17:10:00,38.685001373291016,38.744998931884766,38.61000061035156,38.65499877929688,248834
2026-02-03 17:15:00,38.650001525878906,38.655399322509766,38.540000915527344,38.54999923706055,387890
2026-02-03 17:20:00,38.55500030517578,38.625,38.540000915527344,38.625,148122
2026-02-03 17:25:00,38.625,38.66999816894531,38.595001220703125,38.59999847412109,150766
2026-02-03 17:30:00,38.59999847412109,38.65499877929688,38.54999923706055,38.625,201852
2026-02-03 17:35:00,38.625,38.64500045776367,38.54010009765625,38.54499816894531,152382
2026-02-03 17:40:00,38.540000915527344,38.54999923706055,38.46500015258789,38.470001220703125,204772
2026-02-03 17:45:00,38.47499847412109,38.48500061035156,38.3849983215332,38.45500183105469,357446
2026-02-03 17:50:00,38.45500183105469,38.54999923706055,38.45500183105469,38.48500061035156,394320
2026-02-03 17:55:00,38.4900016784668,38.54999923706055,38.46500015258789,38.47999954223633,470356
2026-02-03 18:00:00,38.48500061035156,38.51499938964844,38.470001220703125,38.5099983215332,238075
2026-02-03 18:05:00,38.51499938964844,38.53499984741211,38.45000076293945,38.45500183105469,421948
2026-02-03 18:10:00,38.45500183105469,38.45500183105469,38.275001525878906,38.29499816894531,417685
2026-02-03 18:15:00,38.29999923706055,38.3650016784668,38.255001068115234,38.3650016784668,232560
2026-02-03 18:20:00,38.36000061035156,38.38999938964844,38.2599983215332,38.2599983215332,214418
2026-02-03 18:25:00,38.26499938964844,38.31999969482422,38.150001525878906,38.165000915527344,295951
2026-02-03 18:30:00,38.150001525878906,38.31499862670898,38.130001068115234,38.30500030517578,362045
2026-02-03 18:35:00,38.30500030517578,38.30500030517578,38.18999862670898,38.22499847412109,774183
2026-02-03 18:40:00,38.22499847412109,38.22499847412109,38.07500076293945,38.084999084472656,941425
2026-02-03 18:45:00,38.08000183105469,38.10499954223633,38.04499816894531,38.07500076293945,633980
2026-02-03 18:50:00,38.06999969482422,38.11000061035156,38.06499862670898,38.09999847412109,188012
2026-02-03 18:55:00,38.09999847412109,38.130001068115234,37.95000076293945,37.95500183105469,316175
2026-02-03 19:00:00,37.95000076293945,38.05899810791016,37.935001373291016,38.02999877929688,410512
2026-02-03 19:05:00,38.02999877929688,38.04999923706055,37.875,37.8849983215332,197188
2026-02-03 19:10:00,37.880001068115234,37.95000076293945,37.83000183105469,37.915000915527344,669270
2026-02-03 19:15:00,37.90999984741211,38.09000015258789,37.90999984741211,38.060001373291016,935787
2026-02-03 19:20:00,38.04999923706055,38.119998931884766,38.0,38.0,893981
2026-02-03 19:25:00,38.0,38.185001373291016,37.98500061035156,38.09999847412109,2112166
2026-02-03 19:30:00,38.10499954223633,38.435001373291016,38.10499954223633,38.310001373291016,610606
2026-02-03 19:35:00,38.310001373291016,38.53499984741211,38.290000915527344,38.5099983215332,393945
2026-02-03 19:40:00,38.505001068115234,38.68999862670898,38.494998931884766,38.60499954223633,423811
2026-02-03 19:45:00,38.60499954223633,38.665000915527344,38.46500015258789,38.47999954223633,436526
2026-02-03 19:50:00,38.47999954223633,38.54999923706055,38.470001220703125,38.5,249658
2026-02-03 19:55:00,38.505001068115234,38.65499877929688,38.4900016784668,38.60499954223633,315168
2026-02-03 20:00:00,38.59999847412109,38.625,38.560001373291016,38.60499954223633,217376
2026-02-03 20:05:00,38.60499954223633,38.900001525878906,38.60499954223633,38.875,354285
2026-02-03 20:10:00,38.880001068115234,38.9900016784668,38.84000015258789,38.97999954223633,375430
2026-02-03 20:15:00,38.97499847412109,38.9900016784668,38.86000061035156,38.95000076293945,655177
2026-02-03 20:20:00,38.94499969482422,38.95500183105469,38.79999923706055,38.84000015258789,531892
2026-02-03 20:25:00,38.845001220703125,38.869998931884766,38.790000915527344,38.82500076293945,389019
2026-02-03 20:30:00,38.83000183105469,38.93999862670898,38.81999969482422,38.834999084472656,427167
2026-02-03 20:35:00,38.83300018310547,38.935001373291016,38.82500076293945,38.935001373291016,404979
2026-02-03 20:40:00,38.935001373291016,38.970001220703125,38.8650016784668,38.89500045776367,448299
2026-02-03 20:45:00,38.89500045776367,39.02000045776367,38.8650016784668,38.95000076293945,825627
2026-02-03 20:50:00,38.959999084472656,39.1349983215332,38.91999816894531,39.095001220703125,990758
2026-02-03 20:55:00,39.09000015258789,39.18999862670898,39.02999877929688,39.15999984741211,2218785
2026-02-04 14:30:00,37.71500015258789,38.7400016784668,37.41999816894531,38.39500045776367,3899473
2026-02-04 14:35:00,38.400001525878906,38.9900016784668,37.95000076293945,38.40999984741211,1073423
2026-02-04 14:40:00,38.41999816894531,39.34000015258789,38.400001525878906,39.2051010131836,1151448
2026-02-04 14:45:00,39.220001220703125,39.34999847412109,38.900001525878906,39.29999923706055,889971
2026-02-04 14:50:00,39.31499862670898,39.459999084472656,39.0099983215332,39.41999816894531,749486
2026-02-04 14:55:00,39.40499877929688,39.470001220703125,38.869998931884766,39.03499984741211,611005
2026-02-04 15:00:00,39.04999923706055,39.18999862670898,38.75,39.04499816894531,609818
2026-02-04 15:05:00,39.04499816894531,39.28850173950195,38.959999084472656,39.14500045776367,521448
2026-02-04 15:10:00,39.150001525878906,39.2599983215332,39.08000183105469,39.20000076293945,451531
2026-02-04 15:15:00,39.20000076293945,39.59000015258789,39.185001373291016,39.459999084472656,674578
2026-02-04 15:20:00,39.46500015258789,39.560001373291016,39.334999084472656,39.334999084472656,465616
2026-02-04 15:25:00,39.33000183105469,39.45500183105469,39.310001373291016,39.435001373291016,388844
2026-02-04 15:30:00,39.43999862670898,39.57500076293945,39.310001373291016,39.34000015258789,493695
2026-02-04 15:35:00,39.310001373291016,39.59000015258789,39.255001068115234,39.494998931884766,441644
2026-02-04 15:40:00,39.4900016784668,39.62990188598633,39.2599983215332,39.290000915527344,708112
2026-02-04 15:45:00,39.290000915527344,39.290000915527344,38.7953987121582,38.90999984741211,800531
2026-02-04 15:50:00,38.900001525878906,38.97999954223633,38.54999923706055,38.810001373291016,580639
2026-02-04 15:55:00,38.81029891967773,38.93000030517578,38.52999877929688,38.60499954223633,410999
2026-02-04 16:00:00,38.61000061035156,38.66579818725586,38.43000030517578,38.630001068115234,521448
2026-02-04 16:05:00,38.63999938964844,39.0099983215332,38.59999847412109,38.77999877929688,349784
2026-02-04 16:10:00,38.77999877929688,38.96500015258789,38.77000045776367,38.82500076293945,307131
2026-02-04 16:15:00,38.81999969482422,38.880001068115234,38.68999862670898,38.84000015258789,353947
2026-02-04 16:20:00,38.84000015258789,38.880001068115234,38.790000915527344,38.84000015258789,220802
2026-02-04 16:25:00,38.84000015258789,38.95500183105469,38.79999923706055,38.869998931884766,225349
2026-02-04 16:30:00,38.875,38.94499969482422,38.845001220703125,38.91999816894531,210063
2026-02-04 16:35:00,38.91999816894531,38.98500061035156,38.8650016784668,38.8650016784668,229803
2026-02-04 16:40:00,38.86000061035156,38.869998931884766,38.77000045776367,38.77999877929688,209981
2026-02-04 16:45:00,38.775001525878906,38.900001525878906,38.744998931884766,38.869998931884766,183592
2026-02-04 16:50:00,38.880001068115234,39.060001373291016,38.83000183105469,39.04999923706055,465469
2026-02-04 16:55:00,39.04999923706055,39.255001068115234,39.04999923706055,39.25,330424
2026-02-04 17:00:00,39.2400016784668,39.40499877929688,39.20000076293945,39.36000061035156,283986
2026-02-04 17:05:00,39.35499954223633,39.435001373291016,39.34000015258789,39.400001525878906,162436
2026-02-04 17:10:00,39.39500045776367,39.58000183105469,39.32500076293945,39.560001373291016,335188
2026-02-04 17:15:00,39.56499862670898,39.64500045776367,39.4900016784668,39.53010177612305,257731
2026-02-04 17:20:00,39.52999877929688,39.59989929199219,39.43999862670898,39.584999084472656,168471
2026-02-04 17:25:00,39.59000015258789,39.709999084472656,39.525001525878906,39.61000061035156,422646
2026-02-04 17:30:00,39.6150016784668,39.709999084472656,39.459999084472656,39.46500015258789,291904
2026-02-04 17:35:00,39.464500427246094,39.540000915527344,39.369998931884766,39.4900016784668,305522
2026-02-04 17:40:00,39.4900016784668,39.54999923706055,39.400001525878906,39.470001220703125,275792
2026-02-04 17:45:00,39.470001220703125,39.58000183105469,39.42499923706055,39.57500076293945,282477
2026-02-04 17:50:00,39.56999969482422,39.65999984741211,39.52999877929688,39.625,206841
2026-02-04 17:55:00,39.630001068115234,39.84999847412109,39.595001220703125,39.775001525878906,479210
2026-02-04 18:00:00,39.77000045776367,39.770301818847656,39.56999969482422,39.72999954223633,355978
2026-02-04 18:05:00,39.720001220703125,39.720001220703125,39.334999084472656,39.3650016784668,327390
2026-02-04 18:10:00,39.3650016784668,39.44499969482422,39.27999877929688,39.435001373291016,245913
2026-02-04 18:15:00,39.43000030517578,39.71549987792969,39.43000030517578,39.685001373291016,236481
2026-02-04 18:20:00,39.68000030517578,39.79999923706055,39.650001525878906,39.685001373291016,316783
2026-02-04 18:25:00,39.68999862670898,39.7400016784668,39.66999816894531,39.68000030517578,161830
2026-02-04 18:30:00,39.67499923706055,39.685001373291016,39.52999877929688,39.61000061035156,283968
2026-02-04 18:35:00,39.61000061035156,39.6349983215332,39.494998931884766,39.505001068115234,188285
2026-02-04 18:40:00,39.505001068115234,39.520301818847656,39.34000015258789,39.34000015258789,253667
2026-02-04 18:45:00,39.345001220703125,39.35499954223633,39.209999084472656,39.209999084472656,175201
2026-02-04 18:50:00,39.209999084472656,39.34000015258789,39.17499923706055,39.34000015258789,209427
2026-02-04 18:55:00,39.34000015258789,39.459999084472656,39.29499816894531,39.3849983215332,275863
2026-02-04 19:00:00,39.38999938964844,39.470001220703125,39.36000061035156,39.41999816894531,170956
2026-02-04 19:05:00,39.415000915527344,39.415000915527344,39.209999084472656,39.34000015258789,221591
2026-02-04 19:10:00,39.34000015258789,39.36000061035156,39.27000045776367,39.275001525878906,130574
2026-02-04 19:15:00,39.27999877929688,39.470001220703125,39.27999877929688,39.42499923706055,158067
2026-02-04 19:20:00,39.42499923706055,39.54499816894531,39.34999847412109,39.525001525878906,228185
2026-02-04 19:25:00,39.525001525878906,39.54999923706055,39.494998931884766,39.51499938964844,154893
2026-02-04 19:30:00,39.52000045776367,39.55500030517578,39.42499923706055,39.435001373291016,351473
2026-02-04 19:35:00,39.43999862670898,39.56999969482422,39.43999862670898,39.53499984741211,559756
2026-02-04 19:40:00,39.53990173339844,39.81999969482422,39.52999877929688,39.790000915527344,362428
2026-02-04 19:45:00,39.78499984741211,39.83000183105469,39.67499923706055,39.755001068115234,268105
2026-02-04 19:50:00,39.755001068115234,39.88999938964844,39.7400016784668,39.88999938964844,342183
2026-02-04 19:55:00,39.88999938964844,40.08000183105469,39.8849983215332,40.05339813232422,559278
2026-02-04 20:00:00,40.05500030517578,40.07500076293945,39.97999954223633,40.07500076293945,406099
2026-02-04 20:05:00,40.08000183105469,40.08000183105469,39.95000076293945,40.005001068115234,274941
2026-02-04 20:10:00,40.005001068115234,40.03499984741211,39.89500045776367,40.02000045776367,325611
2026-02-04 20:15:00,40.02000045776367,40.10499954223633,39.97499847412109,40.040000915527344,520232
2026-02-04 20:20:00,40.040000915527344,40.06999969482422,39.900001525878906,39.95500183105469,374211
2026-02-04 20:25:00,39.959999084472656,39.97999954223633,39.88010025024414,39.91999816894531,553072
2026-02-04 20:30:00,39.93000030517578,39.93999862670898,39.7400016784668,39.845001220703125,598621
2026-02-04 20:35:00,39.845001220703125,40.09999847412109,39.81499862670898,40.084999084472656,418141
2026-02-04 20:40:00,40.084999084472656,40.119998931884766,39.959999084472656,40.07220077514648,440636
2026-02-04 20:45:00,40.07500076293945,40.130001068115234,40.02000045776367,40.06499862670898,477107
2026-02-04 20:50:00,40.06999969482422,40.1150016784668,39.970001220703125,40.0099983215332,628294
2026-02-04 20:55:00,40.0099983215332,40.03499984741211,39.65499877929688,39.91999816894531,2324275
2026-02-05 14:30:00,39.900001525878906,40.40999984741211,39.79999923706055,40.31999969482422,496060
2026-02-05 14:35:00,40.31999969482422,40.380001068115234,39.2599983215332,39.2599983215332,394111
2026-02-05 14:40:00,39.27780151367188,39.5,39.245601654052734,39.45000076293945,447586
2026-02-05 14:45:00,39.43999862670898,39.61000061035156,39.18999862670898,39.59999847412109,361978
2026-02-05 14:50:00,39.59999847412109,39.79999923706055,39.560001373291016,39.77000045776367,286026
2026-02-05 14:55:00,39.77000045776367,39.869998931884766,39.650001525878906,39.790000915527344,357012
2026-02-05 15:00:00,39.79999923706055,39.869998931884766,39.66999816894531,39.66999816894531,291385
2026-02-05 15:05:00,39.66999816894531,39.900001525878906,39.625,39.900001525878906,398707
2026-02-05 15:10:00,39.900001525878906,40.040000915527344,39.869998931884766,39.994998931884766,313439
2026-02-05 15:15:00,39.994998931884766,40.14500045776367,39.92010116577149,40.07500076293945,251262
2026-02-05 15:20:00,40.09000015258789,40.150001525878906,39.95000076293945,40.125,274891
2026-02-05 15:25:00,40.130001068115234,40.16999816894531,40.0099983215332,40.04499816894531,255785
2026-02-05 15:30:00,40.04999923706055,40.08940124511719,39.875,39.900001525878906,247372
2026-02-05 15:35:00,39.88999938964844,39.92499923706055,39.790000915527344,39.875,221451
2026-02-05 15:40:00,39.875,39.90999984741211,39.76499938964844,39.78499984741211,161848
2026-02-05 15:45:00,39.79240036010742,39.86000061035156,39.709999084472656,39.7599983215332,197873
2026-02-05 15:50:00,39.77000045776367,39.91999816894531,39.77000045776367,39.875,180073
2026-02-05 15:55:00,39.8849983215332,40.02000045776367,39.834999084472656,40.005001068115234,141134
2026-02-05 16:00:00,40.0,40.0099983215332,39.90999984741211,39.93000030517578,137039
2026-02-05 16:05:00,39.935001373291016,39.97999954223633,39.84999847412109,39.87020111083984,161373
2026-02-05 16:10:00,39.869998931884766,39.95500183105469,39.77999877929688,39.79999923706055,365142
2026-02-05 16:15:00,39.79999923706055,39.84999847412109,39.59999847412109,39.66999816894531,361826
2026-02-05 16:20:00,39.68000030517578,39.810001373291016,39.68000030517578,39.78499984741211,147041
2026-02-05 16:25:00,39.78499984741211,39.790000915527344,39.56499862670898,39.63999938964844,246331
2026-02-05 16:30:00,39.63999938964844,39.72499847412109,39.560001373291016,39.6150016784668,198418
2026-02-05 16:35:00,39.61000061035156,39.68000030517578,39.560001373291016,39.57500076293945,156520
2026-02-05 16:40:00,39.58000183105469,39.650001525878906,39.470001220703125,39.5099983215332,355394
2026-02-05 16:45:00,39.52000045776367,39.685001373291016,39.5099983215332,39.685001373291016,115064
2026-02-05 16:50:00,39.68999862670898,39.775001525878906,39.619998931884766,39.7599983215332,104673
2026-02-05 16:55:00,39.76499938964844,39.775001525878906,39.71500015258789,39.744998931884766,108910
2026-02-05 17:00:00,39.75,39.755001068115234,39.619998931884766,39.66999816894531,90383
2026-02-05 17:05:00,39.66999816894531,39.68999862670898,39.54999923706055,39.619998931884766,120657
2026-02-05 17:10:00,39.619998931884766,39.625,39.48500061035156,39.54499816894531,112338
2026-02-05 17:15:00,39.54999923706055,39.595001220703125,39.4900016784668,39.505001068115234,97871
2026-02-05 17:20:00,39.5,39.54999923706055,39.42399978637695,39.54499816894531,111891
2026-02-05 17:25:00,39.54999923706055,39.61000061035156,39.52000045776367,39.52999877929688,91078
2026-02-05 17:30:00,39.52999877929688,39.63999938964844,39.43999862670898,39.5099983215332,231472
2026-02-05 17:35:00,39.5099983215332,39.55500030517578,39.43999862670898,39.45500183105469,92281
2026-02-05 17:40:00,39.45000076293945,39.53499984741211,39.43999862670898,39.52000045776367,83435
2026-02-05 17:45:00,39.52000045776367,39.56999969482422,39.43000030517578,39.435001373291016,109029
2026-02-05 17:50:00,39.43000030517578,39.50749969482422,39.345001220703125,39.34999847412109,108209
2026-02-05 17:55:00,39.345001220703125,39.380001068115234,39.29999923706055,39.3650016784668,143235
2026-02-05 18:00:00,39.369998931884766,39.369998931884766,39.244998931884766,39.29010009765625,124488
2026-02-05 18:05:00,39.290000915527344,39.31499862670898,39.25,39.304500579833984,61222
2026-02-05 18:10:00,39.29999923706055,39.29999923706055,39.06999969482422,39.08000183105469,268198
2026-02-05 18:15:00,39.08000183105469,39.20000076293945,39.060001373291016,39.165000915527344,252465
2026-02-05 18:20:00,39.165000915527344,39.16749954223633,38.970001220703125,39.0259017944336,141900
2026-02-05 18:25:00,39.02000045776367,39.05720138549805,38.970001220703125,38.98500061035156,89120
2026-02-05 18:30:00,38.9900016784668,39.03499984741211,38.91999816894531,38.93999862670898,105423
2026-02-05 18:35:00,38.94499969482422,38.94499969482422,38.82500076293945,38.85499954223633,184282
2026-02-05 18:40:00,38.85020065307617,38.8849983215332,38.79999923706055,38.84000015258789,111445
2026-02-05 18:45:00,38.84000015258789,38.95000076293945,38.810001373291016,38.91999816894531,112588
2026-02-05 18:50:00,38.91999816894531,38.95650100708008,38.834999084472656,38.92499923706055,390967
2026-02-05 18:55:00,38.92499923706055,38.959999084472656,38.880001068115234,38.92499923706055,213280
2026-02-05 19:00:00,38.91999816894531,39.01499938964844,38.81499862670898,38.92499923706055,247809
2026-02-05 19:05:00,38.93000030517578,38.994998931884766,38.869998931884766,38.915000915527344,183044
2026-02-05 19:10:00,38.915000915527344,39.0099983215332,38.880001068115234,38.97499847412109,164622
2026-02-05 19:15:00,38.970001220703125,39.095001220703125,38.93220138549805,39.04499816894531,132527
2026-02-05 19:20:00,39.04499816894531,39.04999923706055,38.959999084472656,38.97499847412109,167094
2026-02-05 19:25:00,38.970001220703125,39.02999877929688,38.94499969482422,38.994998931884766,127650
2026-02-05 19:30:00,39.0,39.005001068115234,38.76499938964844,38.83000183105469,177887
2026-02-05 19:35:00,38.83000183105469,38.84000015258789,38.72499847412109,38.72499847412109,111737
2026-02-05 19:40:00,38.720001220703125,38.72999954223633,38.685001373291016,38.70500183105469,106957
2026-02-05 19:45:00,38.70500183105469,38.79999923706055,38.70500183105469,38.72499847412109,158244
2026-02-05 19:50:00,38.72499847412109,38.73500061035156,38.665000915527344,38.70500183105469,132420
2026-02-05 19:55:00,38.709999084472656,38.755001068115234,38.69179916381836,38.71500015258789,109882
2026-02-05 20:00:00,38.71500015258789,38.72999954223633,38.619998931884766,38.65499877929688,165002
2026-02-05 20:05:00,38.65499877929688,38.69499969482422,38.62350082397461,38.665000915527344,257697
2026-02-05 20:10:00,38.665000915527344,38.665000915527344,38.46500015258789,38.53499984741211,575161
2026-02-05 20:15:00,38.560001373291016,38.56499862670898,38.42499923706055,38.43999862670898,274085
2026-02-05 20:20:00,38.44499969482422,38.5,38.38999938964844,38.41450119018555,294466
2026-02-05 20:25:00,38.410099029541016,38.48500061035156,38.410099029541016,38.46500015258789,245861
2026-02-05 20:30:00,38.459999084472656,38.54499816894531,38.40999984741211,38.40999984741211,194229
2026-02-05 20:35:00,38.40999984741211,38.47499847412109,38.34999847412109,38.46500015258789,300698
2026-02-05 20:40:00,38.470001220703125,38.505001068115234,38.400001525878906,38.40999984741211,268712
2026-02-05 20:45:00,38.40999984741211,38.4900016784668,38.38999938964844,38.48500061035156,296020
2026-02-05 20:50:00,38.48500061035156,38.5099983215332,38.43000030517578,38.45000076293945,404913
2026-02-05 20:55:00,38.45500183105469,38.505001068115234,38.38999938964844,38.43000030517578,1605163
2026-02-06 14:30:00,38.775001525878906,39.7400016784668,38.775001525878906,39.56499862670898,400557
2026-02-06 14:35:00,39.57500076293945,39.86819839477539,39.43999862670898,39.86819839477539,293222
2026-02-06 14:40:00,39.85499954223633,39.970001220703125,39.7400016784668,39.89500045776367,259082
2026-02-06 14:45:00,39.900001525878906,39.959999084472656,39.709999084472656,39.79999923706055,257073
2026-02-06 14:50:00,39.79999923706055,39.880001068115234,39.650001525878906,39.84999847412109,203646
2026-02-06 14:55:00,39.85499954223633,39.89500045776367,39.69139862060547,39.86000061035156,202465
2026-02-06 15:00:00,39.875,40.09629821777344,39.875,39.96500015258789,353799
2026-02-06 15:05:00,39.970001220703125,40.05500030517578,39.93000030517578,40.01499938964844,272847
2026-02-06 15:10:00,40.01499938964844,40.07500076293945,39.834999084472656,39.834999084472656,206707
2026-02-06 15:15:00,39.834999084472656,39.85499954223633,39.649898529052734,39.665000915527344,152800
2026-02-06 15:20:00,39.66609954833984,39.70000076293945,39.59999847412109,39.685001373291016,201945
2026-02-06 15:25:00,39.685001373291016,39.72499847412109,39.54499816894531,39.625,125878
2026-02-06 15:40:00,39.85499954223633,39.94499969482422,39.83000183105469,39.93999862670898,622231
2026-02-06 15:45:00,39.93999862670898,39.994998931884766,39.82500076293945,39.8650016784668,145546
2026-02-06 15:50:00,39.86000061035156,39.8849983215332,39.80500030517578,39.83000183105469,46319
2026-02-06 15:55:00,39.89500045776367,39.92499923706055,39.89500045776367,39.91999816894531,227957
2026-02-06 16:00:00,39.9900016784668,39.99509811401367,39.9900016784668,39.99509811401367,176120
2026-02-06 16:05:00,40.01499938964844,40.084999084472656,39.95489883422852,40.084999084472656,124275
2026-02-06 16:10:00,40.08449935913086,40.084999084472656,39.95000076293945,40.01499938964844,191676
2026-02-06 16:15:00,40.02000045776367,40.04499816894531,39.935001373291016,40.0,173709
2026-02-06 16:20:00,39.994998931884766,40.04499816894531,39.98500061035156,40.04499816894531,138042
2026-02-06 16:25:00,40.04499816894531,40.084999084472656,39.994998931884766,40.06499862670898,145271
2026-02-06 16:30:00,40.06819915771485,40.1150016784668,40.025001525878906,40.05500030517578,178263
2026-02-06 16:35:00,40.060001373291016,40.13999938964844,40.040000915527344,40.06999969482422,246505
2026-02-06 16:40:00,40.06499862670898,40.125,40.0,40.03499984741211,189013
2026-02-06 16:45:00,40.040000915527344,40.05500030517578,39.994998931884766,40.02000045776367,155672
2026-02-06 16:50:00,40.02999877929688,40.06999969482422,39.959999084472656,40.04499816894531,205724
2026-02-06 16:55:00,40.04499816894531,40.08000183105469,39.95500183105469,39.97499847412109,208573
2026-02-06 17:00:00,39.97499847412109,40.04999923706055,39.92499923706055,39.935001373291016,204613
2026-02-06 17:05:00,39.935001373291016,39.98500061035156,39.8849983215332,39.915000915527344,205109
2026-02-06 17:10:00,39.915000915527344,39.92499923706055,39.744998931884766,39.755001068115234,260859
2026-02-06 17:15:00,39.7599983215332,39.7599983215332,39.64250183105469,39.70500183105469,138639
2026-02-06 17:20:00,39.70500183105469,39.82500076293945,39.69499969482422,39.790000915527344,186796
2026-02-06 17:25:00,39.790000915527344,39.86000061035156,39.790000915527344,39.85499954223633,88365
2026-02-06 17:30:00,39.85449981689453,39.8849983215332,39.79999923706055,39.810001373291016,119012
2026-02-06 17:35:00,39.79999923706055,39.810001373291016,39.73500061035156,39.775001525878906,139164
2026-02-06 17:40:00,39.77999877929688,39.79499816894531,39.72499847412109,39.73500061035156,114629
2026-02-06 17:45:00,39.73500061035156,39.77000045776367,39.685001373291016,39.685001373291016,134096
2026-02-06 17:50:00,39.685001373291016,39.70000076293945,39.65499877929688,39.67499923706055,169527
2026-02-06 17:55:00,39.61000061035156,39.62779998779297,39.61000061035156,39.62779998779297,70447
2026-02-06 18:00:00,39.52999877929688,39.61000061035156,39.52000045776367,39.55500030517578,405353
2026-02-06 18:05:00,39.55500030517578,39.625,39.55500030517578,39.61000061035156,158758
2026-02-06 18:10:00,39.61000061035156,39.72999954223633,39.54999923706055,39.70500183105469,152494
2026-02-06 18:15:00,39.70539855957031,39.790000915527344,39.70000076293945,39.77000045776367,124822
2026-02-06 18:20:00,39.77180099487305,39.810001373291016,39.72999954223633,39.755001068115234,107689
2026-02-06 18:25:00,39.755001068115234,39.83000183105469,39.72999954223633,39.83000183105469,106976
2026-02-06 18:30:00,39.83000183105469,39.8380012512207,39.790000915527344,39.81999969482422,89400
2026-02-06 18:35:00,39.81999969482422,39.869998931884766,39.80030059814453,39.80030059814453,92005
2026-02-06 18:40:00,39.80500030517578,39.810001373291016,39.74029922485352,39.75,98631
2026-02-06 18:45:00,39.744998931884766,39.775001525878906,39.70500183105469,39.70500183105469,84519
2026-02-06 18:50:00,39.709999084472656,39.720001220703125,39.66999816894531,39.68000030517578,128187
2026-02-06 18:55:00,39.68000030517578,39.68999862670898,39.59999847412109,39.6150016784668,92672
2026-02-06 19:00:00,39.619998931884766,39.64789962768555,39.61149978637695,39.630001068115234,121245
2026-02-06 19:05:00,39.625,39.6349983215332,39.47999954223633,39.505001068115234,254689
2026-02-06 19:10:00,39.505001068115234,39.505001068115234,39.380001068115234,39.40999984741211,180761
2026-02-06 19:15:00,39.400001525878906,39.400001525878906,39.29499816894531,39.31499862670898,176283
2026-02-06 19:20:00,39.31499862670898,39.36000061035156,39.29499816894531,39.33000183105469,137743
2026-02-06 19:25:00,39.334999084472656,39.34000015258789,39.244998931884766,39.275001525878906,110084
2026-02-06 19:30:00,39.275001525878906,39.290000915527344,39.22999954223633,39.28499984741211,145740
2026-02-06 19:35:00,39.28499984741211,39.28499984741211,39.22999954223633,39.25249862670898,96876
2026-02-06 19:40:00,39.2599983215332,39.29999923706055,39.244998931884766,39.28499984741211,110921
2026-02-06 19:45:00,39.28499984741211,39.34999847412109,39.27000045776367,39.31999969482422,134886
2026-02-06 19:50:00,39.31999969482422,39.40999984741211,39.29999923706055,39.375,142498
2026-02-06 19:55:00,39.375,39.40499877929688,39.29999923706055,39.375,206358
2026-02-06 20:00:00,39.375,39.42499923706055,39.31999969482422,39.355499267578125,176051
2026-02-06 20:05:00,39.35499954223633,39.39500045776367,39.29499816894531,39.3650016784668,185579
2026-02-06 20:10:00,39.3650016784668,39.38999938964844,39.32500076293945,39.334999084472656,119754
2026-02-06 20:15:00,39.334999084472656,39.369998931884766,39.32500076293945,39.35499954223633,159152
2026-02-06 20:20:00,39.35499954223633,39.38999938964844,39.3301010131836,39.34000015258789,141164
2026-02-06 20:25:00,39.34000015258789,39.36000061035156,39.334999084472656,39.334999084472656,148913
2026-02-06 20:30:00,39.334999084472656,39.369998931884766,39.20000076293945,39.209999084472656,456743
2026-02-06 20:35:00,39.18999862670898,39.25,39.15999984741211,39.15999984741211,235626
2026-02-06 20:40:00,39.15999984741211,39.23500061035156,39.119998931884766,39.21500015258789,210675
2026-02-06 20:45:00,39.209999084472656,39.34000015258789,39.209999084472656,39.33000183105469,298017
2026-02-06 20:50:00,39.33000183105469,39.43000030517578,39.31999969482422,39.40499877929688,493538
2026-02-06 20:55:00,39.40999984741211,39.459999084472656,39.334999084472656,39.3849983215332,1260652
2026-02-09 14:30:00,39.22999954223633,39.43999862670898,38.79999923706055,38.79999923706055,435686
2026-02-09 14:35:00,38.81499862670898,39.11000061035156,38.66070175170898,39.084999084472656,582398
2026-02-09 14:40:00,39.084999084472656,39.09999847412109,38.7400016784668,38.75,331361
2026-02-09 14:45:00,38.75,38.89730072021485,38.68999862670898,38.75,341902
2026-02-09 14:50:00,38.75,39.13999938964844,38.709999084472656,39.11000061035156,360518
2026-02-09 14:55:00,39.1150016784668,39.18349838256836,38.970001220703125,39.04999923706055,329635
2026-02-09 15:00:00,39.04499816894531,39.40499877929688,39.04499816894531,39.40499877929688,211027
2026-02-09 15:05:00,39.40999984741211,39.56999969482422,39.369998931884766,39.459999084472656,368885
2026-02-09 15:10:00,39.470001220703125,39.560001373291016,39.435001373291016,39.51499938964844,1046596
2026-02-09 15:15:00,39.51499938964844,39.720001220703125,39.47999954223633,39.68000030517578,377954
2026-02-09 15:20:00,39.68999862670898,39.68999862670898,39.5,39.55500030517578,578866
2026-02-09 15:25:00,39.55500030517578,39.59000015258789,39.45500183105469,39.5,150265
2026-02-09 15:30:00,39.505001068115234,39.525001525878906,39.41999816894531,39.42499923706055,127249
2026-02-09 15:35:00,39.43000030517578,39.54999923706055,39.41999816894531,39.525001525878906,145673
2026-02-09 15:40:00,39.52999877929688,39.54999923706055,39.380001068115234,39.3849983215332,111200
2026-02-09 15:45:00,39.3849983215332,39.38999938964844,39.21500015258789,39.22999954223633,198430
2026-02-09 15:50:00,39.22999954223633,39.22999954223633,39.165000915527344,39.17499923706055,91556
2026-02-09 15:55:00,39.17499923706055,39.23500061035156,39.11000061035156,39.11000061035156,212254
2026-02-09 16:00:00,39.1150016784668,39.13999938964844,39.06999969482422,39.06999969482422,113401
2026-02-09 16:05:00,39.0786018371582,39.1349983215332,39.0099983215332,39.040000915527344,146857
2026-02-09 16:10:00,39.03499984741211,39.130001068115234,39.005001068115234,39.02000045776367,209973
2026-02-09 16:15:00,39.025001525878906,39.04999923706055,38.98500061035156,39.02999877929688,113691
2026-02-09 16:20:00,39.03499984741211,39.209999084472656,39.02999877929688,39.17499923706055,135302
2026-02-09 16:25:00,39.17499923706055,39.220001220703125,39.1349983215332,39.1349983215332,106841
2026-02-09 16:30:00,39.1349983215332,39.2599983215332,39.09000015258789,39.25,84739
2026-02-09 16:35:00,39.25,39.32500076293945,39.20500183105469,39.29999923706055,89487
2026-02-09 16:40:00,39.30500030517578,39.35499954223633,39.29999923706055,39.345001220703125,69694
2026-02-09 16:45:00,39.34000015258789,39.470001220703125,39.34000015258789,39.470001220703125,105793
2026-02-09 16:50:00,39.470001220703125,39.540000915527344,39.44499969482422,39.505001068115234,133514
2026-02-09 16:55:00,39.505001068115234,39.560001373291016,39.5,39.505001068115234,94835
2026-02-09 17:00:00,39.500099182128906,39.56499862670898,39.4900016784668,39.5,88878
2026-02-09 17:05:00,39.494998931884766,39.5,39.36000061035156,39.3849983215332,86254
2026-02-09 17:10:00,39.3849983215332,39.43999862670898,39.380001068115234,39.435001373291016,95825
2026-02-09 17:15:00,39.435001373291016,39.55500030517578,39.42499923706055,39.54499816894531,171855
2026-02-09 17:20:00,39.54499816894531,39.58000183105469,39.459999084472656,39.5343017578125,121048
2026-02-09 17:25:00,39.540000915527344,39.6150016784668,39.525001525878906,39.6150016784668,77053
2026-02-09 17:30:00,39.61759948730469,39.630001068115234,39.560001373291016,39.56999969482422,63160
2026-02-09 17:35:00,39.560001373291016,39.58000183105469,39.53499984741211,39.55500030517578,80279
2026-02-09 17:40:00,39.55500030517578,39.59000015258789,39.525001525878906,39.57500076293945,60384
2026-02-09 17:45:00,39.570899963378906,39.61000061035156,39.570899963378906,39.59999847412109,65679
2026-02-09 17:50:00,39.595001220703125,39.6150016784668,39.56999969482422,39.57099914550781,57110
2026-02-09 17:55:00,39.57500076293945,39.57500076293945,39.53010177612305,39.53030014038086,51217
2026-02-09 18:00:00,39.52999877929688,39.59000015258789,39.48500061035156,39.57500076293945,123038
2026-02-09 18:05:00,39.57500076293945,39.59999847412109,39.57500076293945,39.584999084472656,60832
2026-02-09 18:10:00,39.58000183105469,39.59999847412109,39.560001373291016,39.56499862670898,64877
2026-02-09 18:15:00,39.560001373291016,39.66999816894531,39.54999923706055,39.665000915527344,110175
2026-02-09 18:20:00,39.665000915527344,39.685001373291016,39.595001220703125,39.67499923706055,116172
2026-02-09 18:25:00,39.67499923706055,39.67499923706055,39.64500045776367,39.665000915527344,56971
2026-02-09 18:30:00,39.65999984741211,39.665000915527344,39.60499954223633,39.65499877929688,78179
2026-02-09 18:35:00,39.65449905395508,39.75,39.650001525878906,39.650001525878906,120555
2026-02-09 18:40:00,39.650001525878906,39.65499877929688,39.59000015258789,39.595001220703125,221191
2026-02-09 18:45:00,39.595001220703125,39.6150016784668,39.540000915527344,39.540000915527344,69087
2026-02-09 18:50:00,39.535099029541016,39.58000183105469,39.505001068115234,39.505001068115234,90092
2026-02-09 18:55:00,39.50650024414063,39.52999877929688,39.48500061035156,39.5,69906
2026-02-09 19:00:00,39.494998931884766,39.54999923706055,39.45500183105469,39.54499816894531,110914
2026-02-09 19:05:00,39.54499816894531,39.560001373291016,39.46500015258789,39.48500061035156,73114
2026-02-09 19:10:00,39.48500061035156,39.48799896240234,39.43000030517578,39.435001373291016,93486
2026-02-09 19:15:00,39.435001373291016,39.540000915527344,39.435001373291016,39.5,80580
2026-02-09 19:20:00,39.5099983215332,39.560001373291016,39.45000076293945,39.48500061035156,89362
2026-02-09 19:25:00,39.48500061035156,39.540000915527344,39.47999954223633,39.505001068115234,119032
2026-02-09 19:30:00,39.50970077514648,39.619998931884766,39.48500061035156,39.6150016784668,202146
2026-02-09 19:35:00,39.619998931884766,39.720001220703125,39.595001220703125,39.67010116577149,156086
2026-02-09 19:40:00,39.65999984741211,39.68999862670898,39.65499877929688,39.66999816894531,101875
2026-02-09 19:45:00,39.665000915527344,39.68000030517578,39.59999847412109,39.6150016784668,61633
2026-02-09 19:50:00,39.6150016784668,39.625,39.540000915527344,39.56417083740234,64720
2026-02-09 19:55:00,39.56499862670898,39.56880187988281,39.52000045776367,39.56880187988281,80447
2026-02-09 20:00:00,39.560001373291016,39.56499862670898,39.51499938964844,39.52000045776367,67630
2026-02-09 20:05:00,39.52000045776367,39.52000045776367,39.47999954223633,39.48500061035156,103411
2026-02-09 20:10:00,39.48500061035156,39.58000183105469,39.47999954223633,39.525001525878906,127818
2026-02-09 20:15:00,39.525001525878906,39.56499862670898,39.47999954223633,39.4900016784668,166342
2026-02-09 20:20:00,39.48500061035156,39.56499862670898,39.48500061035156,39.51599884033203,163082
2026-02-09 20:25:00,39.525001525878906,39.57500076293945,39.45500183105469,39.45500183105469,142240
2026-02-09 20:30:00,39.45000076293945,39.45000076293945,39.345001220703125,39.34999847412109,123443
2026-02-09 20:35:00,39.345001220703125,39.40999984741211,39.31499862670898,39.32500076293945,190976
2026-02-09 20:40:00,39.32500076293945,39.375,39.290000915527344,39.29499816894531,198267
2026-02-09 20:45:00,39.29499816894531,39.36000061035156,39.28499984741211,39.36000061035156,215654
2026-02-09 20:50:00,39.36000061035156,39.5,39.36000061035156,39.470001220703125,393211
2026-02-09 20:55:00,39.46500015258789,39.59999847412109,39.43999862670898,39.59000015258789,1109047
2026-02-10 14:30:00,39.56999969482422,39.9900016784668,39.43130111694336,39.595001220703125,245424
2026-02-10 14:35:00,39.595001220703125,39.61000061035156,39.40999984741211,39.540000915527344,142853
2026-02-10 14:40:00,39.540000915527344,39.55500030517578,39.2599983215332,39.34999847412109,154952
2026-02-10 14:45:00,39.36000061035156,39.44499969482422,39.209999084472656,39.34999847412109,141828
2026-02-10 14:50:00,39.34000015258789,39.34000015258789,39.16999816894531,39.22999954223633,125406
2026-02-10 14:55:00,39.22999954223633,39.4900016784668,39.220001220703125,39.40999984741211,151512
2026-02-10 15:00:00,39.41999816894531,39.51499938964844,39.380001068115234,39.45500183105469,140850
2026-02-10 15:05:00,39.45009994506836,39.560001373291016,39.45009994506836,39.52999877929688,104540
2026-02-10 15:10:00,39.525001525878906,39.53499984741211,39.334999084472656,39.39500045776367,117562
2026-02-10 15:15:00,39.39500045776367,39.41519927978516,39.22499847412109,39.22999954223633,97656
2026-02-10 15:20:00,39.23500061035156,39.31999969482422,39.220001220703125,39.265098571777344,86884
2026-02-10 15:25:00,39.2599983215332,39.32500076293945,39.22499847412109,39.2599983215332,89640
2026-02-10 15:30:00,39.2599983215332,39.290000915527344,39.220001220703125,39.275001525878906,138110
2026-02-10 15:35:00,39.27000045776367,39.32500076293945,39.22499847412109,39.31999969482422,110390
2026-02-10 15:40:00,39.32500076293945,39.3650016784668,39.28499984741211,39.33000183105469,111186
2026-02-10 15:45:00,39.3385009765625,39.345001220703125,39.27000045776367,39.31499862670898,104731
2026-02-10 15:50:00,39.31499862670898,39.47499847412109,39.28499984741211,39.459999084472656,139286
2026-02-10 15:55:00,39.459999084472656,39.5,39.41999816894531,39.42499923706055,107954
2026-02-10 16:00:00,39.42499923706055,39.48500061035156,39.40010070800781,39.4833984375,81873
2026-02-10 16:05:00,39.48500061035156,39.54499816894531,39.48500061035156,39.5099983215332,127686
2026-02-10 16:10:00,39.505001068115234,39.53499984741211,39.47010040283203,39.48500061035156,117857
2026-02-10 16:15:00,39.48500061035156,39.55500030517578,39.45000076293945,39.525001525878906,121005
2026-02-10 16:20:00,39.525001525878906,39.540000915527344,39.5,39.51499938964844,84138
2026-02-10 16:25:00,39.51499938964844,39.62990188598633,39.505001068115234,39.625,105419
2026-02-10 16:30:00,39.625,39.650001525878906,39.57500076293945,39.595001220703125,110442
2026-02-10 16:35:00,39.59000015258789,39.60499954223633,39.42499923706055,39.45500183105469,391941
2026-02-10 16:40:00,39.45500183105469,39.4900016784668,39.26499938964844,39.27999877929688,206889
2026-02-10 16:45:00,39.28499984741211,39.30500030517578,39.15499877929688,39.15999984741211,133718
2026-02-10 16:50:00,39.165000915527344,39.31510162353516,39.15999984741211,39.28499984741211,163721
2026-02-10 16:55:00,39.28499984741211,39.30500030517578,39.22499847412109,39.255001068115234,175181
2026-02-10 17:00:00,39.255001068115234,39.28499984741211,39.18999862670898,39.20500183105469,126999
2026-02-10 17:05:00,39.20500183105469,39.22499847412109,39.13999938964844,39.15499877929688,100484
2026-02-10 17:10:00,39.15499877929688,39.195499420166016,39.10499954223633,39.125,106861
2026-02-10 17:15:00,39.119998931884766,39.125,39.03499984741211,39.03499984741211,98795
2026-02-10 17:20:00,39.03499984741211,39.08000183105469,39.01499938964844,39.07989883422852,115306
2026-02-10 17:25:00,39.07500076293945,39.21500015258789,39.07350158691406,39.14500045776367,182590
2026-02-10 17:30:00,39.150001525878906,39.15999984741211,39.07500076293945,39.11529922485352,110143
2026-02-10 17:35:00,39.11009979248047,39.14500045776367,39.11000061035156,39.1349983215332,90033
2026-02-10 17:40:00,39.1349983215332,39.1968994140625,39.1349983215332,39.150001525878906,83017
2026-02-10 17:45:00,39.150001525878906,39.15999984741211,39.130001068115234,39.13600158691406,52030
2026-02-10 17:50:00,39.13990020751953,39.14509963989258,39.130001068115234,39.13999938964844,57821
2026-02-10 17:55:00,39.1349983215332,39.13802337646485,39.09000015258789,39.11000061035156,76114
2026-02-10 18:00:00,39.1150016784668,39.125,39.060001373291016,39.060001373291016,70879
2026-02-10 18:05:00,39.060001373291016,39.07500076293945,39.02999877929688,39.04499816894531,101481
2026-02-10 18:10:00,39.04499816894531,39.07500076293945,39.0099983215332,39.025001525878906,172571
2026-02-10 18:15:00,39.025001525878906,39.0276985168457,38.86000061035156,38.89500045776367,218536
2026-02-10 18:20:00,38.88999938964844,38.9900016784668,38.84999847412109,38.959999084472656,134551
2026-02-10 18:25:00,38.95299911499024,38.96989822387695,38.91999816894531,38.94110107421875,91789
2026-02-10 18:30:00,38.94499969482422,38.97999954223633,38.93000030517578,38.97999954223633,96389
2026-02-10 18:35:00,38.9900016784668,39.06999969482422,38.95000076293945,39.040000915527344,185683
2026-02-10 18:40:00,39.02999877929688,39.02999877929688,38.959999084472656,38.9634017944336,79703
2026-02-10 18:45:00,38.96009826660156,38.96500015258789,38.88999938964844,38.900001525878906,108344
2026-02-10 18:50:00,38.90499877929688,38.92499923706055,38.8849983215332,38.924800872802734,141447
2026-02-10 18:55:00,38.91999816894531,38.97499847412109,38.89500045776367,38.89500045776367,156292
2026-02-10 19:00:00,38.89500045776367,38.92499923706055,38.83000183105469,38.83000183105469,129633
2026-02-10 19:05:00,38.82500076293945,38.86989974975586,38.79999923706055,38.834999084472656,190152
2026-02-10 19:10:00,38.834999084472656,38.8650016784668,38.80500030517578,38.845001220703125,209918
2026-02-10 19:15:00,38.84000015258789,38.84999847412109,38.77000045776367,38.80500030517578,136087
2026-02-10 19:20:00,38.80500030517578,38.80500030517578,38.75,38.755001068115234,94526
2026-02-10 19:25:00,38.75,38.77999877929688,38.744998931884766,38.755001068115234,106726
2026-02-10 19:30:00,38.755001068115234,38.79999923706055,38.73379898071289,38.744998931884766,109885
2026-02-10 19:35:00,38.744998931884766,38.76499938964844,38.72499847412109,38.72999954223633,91593
2026-02-10 19:40:00,38.72499847412109,38.72999954223633,38.63999938964844,38.64500045776367,159688
2026-02-10 19:45:00,38.64500045776367,38.650001525878906,38.60499954223633,38.640098571777344,88517
2026-02-10 19:50:00,38.63999938964844,38.650001525878906,38.619998931884766,38.625,78366
2026-02-10 19:55:00,38.625,38.6349983215332,38.56999969482422,38.6349983215332,127571
2026-02-10 20:00:00,38.63999938964844,38.70500183105469,38.630001068115234,38.67499923706055,223857
2026-02-10 20:05:00,38.67399978637695,38.68000030517578,38.60499954223633,38.619998931884766,148716
2026-02-10 20:10:00,38.625,38.665000915527344,38.61249923706055,38.6349983215332,98127
2026-02-10 20:15:00,38.630001068115234,38.71500015258789,38.630001068115234,38.67499923706055,123687
2026-02-10 20:20:00,38.67499923706055,38.71500015258789,38.63999938964844,38.63999938964844,114716
2026-02-10 20:25:00,38.63999938964844,38.69499969482422,38.60499954223633,38.650001525878906,143989
2026-02-10 20:30:00,38.65499877929688,38.65999984741211,38.60499954223633,38.625,159290
2026-02-10 20:35:00,38.625,38.65999984741211,38.60499954223633,38.61000061035156,182768
2026-02-10 20:40:00,38.59999847412109,38.630001068115234,38.560001373291016,38.57500076293945,221907
2026-02-10 20:45:00,38.57500076293945,38.61000061035156,38.55500030517578,38.595001220703125,263488
2026-02-10 20:50:00,38.59000015258789,38.59000015258789,38.45000076293945,38.46500015258789,382308
2026-02-10 20:55:00,38.459999084472656,38.47999954223633,38.42499923706055,38.44499969482422,1091877
2026-02-11 14:30:00,38.31999969482422,38.334999084472656,37.52999877929688,37.56999969482422,782412
2026-02-11 14:35:00,37.56999969482422,37.714599609375,37.459999084472656,37.61000061035156,966238
2026-02-11 14:40:00,37.619998931884766,37.95000076293945,37.52000045776367,37.650001525878906,494117
2026-02-11 14:45:00,37.68999862670898,37.95000076293945,37.619998931884766,37.84000015258789,399541
2026-02-11 14:50:00,37.84000015258789,37.84000015258789,37.54999923706055,37.56999969482422,425719
2026-02-11 14:55:00,37.56999969482422,37.68000030517578,37.470001220703125,37.54499816894531,457363
2026-02-11 15:00:00,37.560001373291016,37.59000015258789,37.375,37.45000076293945,321239
2026-02-11 15:05:00,37.45000076293945,37.494998931884766,37.23500061035156,37.25,577724
2026-02-11 15:10:00,37.25,37.415000915527344,37.23500061035156,37.3650016784668,349139
2026-02-11 15:15:00,37.36000061035156,37.380001068115234,37.18999862670898,37.19499969482422,319294
2026-02-11 15:20:00,37.18999862670898,37.19499969482422,36.97499847412109,37.0,580377
2026-02-11 15:25:00,37.005001068115234,37.10499954223633,36.92499923706055,37.060001373291016,492185
2026-02-11 15:30:00,37.060001373291016,37.15499877929688,37.0,37.11000061035156,252565
2026-02-11 15:35:00,37.1150016784668,37.33000183105469,37.09999847412109,37.310001373291016,371310
2026-02-11 15:40:00,37.310001373291016,37.43000030517578,37.29499816894531,37.42499923706055,179855
2026-02-11 15:45:00,37.42580032348633,37.44499969482422,37.29999923706055,37.31499862670898,326287
2026-02-11 15:50:00,37.31499862670898,37.345001220703125,37.11000061035156,37.24649810791016,526430
2026-02-11 15:55:00,37.244998931884766,37.34999847412109,37.209999084472656,37.25,309138
2026-02-11 16:00:00,37.244998931884766,37.34999847412109,37.09999847412109,37.2400016784668,707148
2026-02-11 16:05:00,37.2400016784668,37.29999923706055,37.220001220703125,37.275001525878906,110793
2026-02-11 16:10:00,37.27000045776367,37.459999084472656,37.23500061035156,37.39500045776367,463364
2026-02-11 16:15:00,37.39500045776367,37.47499847412109,37.34999847412109,37.415000915527344,166792
2026-02-11 16:20:00,37.41329956054688,37.48500061035156,37.40499877929688,37.40499877929688,105271
2026-02-11 16:25:00,37.40499877929688,37.42499923706055,37.290000915527344,37.29499816894531,166351
2026-02-11 16:30:00,37.290000915527344,37.400001525878906,37.290000915527344,37.369998931884766,162686
2026-02-11 16:35:00,37.375,37.3849983215332,37.290000915527344,37.3650016784668,169452
2026-02-11 16:40:00,37.3650016784668,37.40499877929688,37.334999084472656,37.34999847412109,144089
2026-02-11 16:45:00,37.355098724365234,37.369998931884766,37.27000045776367,37.275001525878906,115702
2026-02-11 16:50:00,37.275001525878906,37.435001373291016,37.27000045776367,37.38999938964844,157751
2026-02-11 16:55:00,37.39500045776367,37.39500045776367,37.22999954223633,37.23500061035156,249699
2026-02-11 17:00:00,37.23500061035156,37.310001373291016,37.220001220703125,37.26499938964844,286631
2026-02-11 17:05:00,37.260101318359375,37.380001068115234,37.255001068115234,37.290000915527344,347777
2026-02-11 17:10:00,37.290000915527344,37.31999969482422,37.23500061035156,37.27999877929688,117988
2026-02-11 17:15:00,37.28499984741211,37.33000183105469,37.22999954223633,37.26499938964844,341299
2026-02-11 17:20:00,37.27000045776367,37.31999969482422,37.244998931884766,37.290000915527344,131004
2026-02-11 17:25:00,37.29499816894531,37.32500076293945,37.2599983215332,37.26499938964844,139974
2026-02-11 17:30:00,37.26499938964844,37.275001525878906,37.19499969482422,37.244998931884766,124773
2026-02-11 17:35:00,37.25,37.2599983215332,37.165000915527344,37.20500183105469,244913
2026-02-11 17:40:00,37.20000076293945,37.23500061035156,37.18000030517578,37.20500183105469,140424
2026-02-11 17:45:00,37.20500183105469,37.20500183105469,37.1349983215332,37.165000915527344,133625
2026-02-11 17:50:00,37.16999816894531,37.22999954223633,37.15499877929688,37.17499923706055,344577
2026-02-11 17:55:00,37.18000030517578,37.209999084472656,37.130001068115234,37.19499969482422,323241
2026-02-11 18:00:00,37.19499969482422,37.34999847412109,37.19300079345703,37.34999847412109,160029
2026-02-11 18:05:00,37.345001220703125,37.34999847412109,37.26499938964844,37.275001525878906,107499
2026-02-11 18:10:00,37.275001525878906,37.30500030517578,37.25,37.255001068115234,205210
2026-02-11 18:15:00,37.255001068115234,37.26499938964844,37.20500183105469,37.21500015258789,159441
2026-02-11 18:20:00,37.21500015258789,37.220001220703125,37.15999984741211,37.165000915527344,191404
2026-02-11 18:25:00,37.165000915527344,37.209999084472656,37.150001525878906,37.20000076293945,171017
2026-02-11 18:30:00,37.20500183105469,37.21749877929688,37.150001525878906,37.150001525878906,374083
2026-02-11 18:35:00,37.150001525878906,37.150001525878906,37.095001220703125,37.10499954223633,132446
2026-02-11 18:40:00,37.09999847412109,37.130001068115234,37.07500076293945,37.10499954223633,146027
2026-02-11 18:45:00,37.10499954223633,37.15499877929688,37.09000015258789,37.150001525878906,164508
2026-02-11 18:50:00,37.14500045776367,37.150001525878906,37.04499816894531,37.095001220703125,185370
2026-02-11 18:55:00,37.095001220703125,37.13999938964844,37.060001373291016,37.06499862670898,141194
2026-02-11 19:00:00,37.06499862670898,37.08000183105469,36.97999954223633,37.005001068115234,173937
2026-02-11 19:05:00,37.005001068115234,37.08000183105469,36.98500061035156,37.08000183105469,359354
2026-02-11 19:10:00,37.084999084472656,37.209999084472656,37.084999084472656,37.185001373291016,108135
2026-02-11 19:15:00,37.18999862670898,37.2400016784668,37.16999816894531,37.18999862670898,107231
2026-02-11 19:20:00,37.18999862670898,37.22499847412109,37.165000915527344,37.209999084472656,158586
2026-02-11 19:25:00,37.209999084472656,37.220001220703125,37.15499877929688,37.17499923706055,114395
2026-02-11 19:30:00,37.17499923706055,37.19499969482422,37.119998931884766,37.19499969482422,123124
2026-02-11 19:35:00,37.19499969482422,37.255001068115234,37.150001525878906,37.23500061035156,208076
2026-02-11 19:40:00,37.23500061035156,37.33000183105469,37.23500061035156,37.2599983215332,154388
2026-02-11 19:45:00,37.26599884033203,37.30500030517578,37.22499847412109,37.29499816894531,125530
2026-02-11 19:50:00,37.29499816894531,37.31999969482422,37.220001220703125,37.23500061035156,261106
2026-02-11 19:55:00,37.2400016784668,37.28499984741211,37.20000076293945,37.26499938964844,100588
2026-02-11 20:00:00,37.26499938964844,37.334999084472656,37.25,37.310001373291016,110950
2026-02-11 20:05:00,37.31499862670898,37.31999969482422,37.27000045776367,37.28499984741211,109382
2026-02-11 20:10:00,37.28499984741211,37.369998931884766,37.26499938964844,37.35499954223633,233083
2026-02-11 20:15:00,37.35499954223633,37.38970184326172,37.29999923706055,37.345001220703125,157117
2026-02-11 20:20:00,37.345001220703125,37.3849983215332,37.27000045776367,37.375,189233
2026-02-11 20:25:00,37.375,37.385501861572266,37.22499847412109,37.23500061035156,219087
2026-02-11 20:30:00,37.230098724365234,37.23500061035156,37.18999862670898,37.21500015258789,170766
2026-02-11 20:35:00,37.21500015258789,37.31650161743164,37.20500183105469,37.25,311039
2026-02-11 20:40:00,37.255001068115234,37.275001525878906,37.13999938964844,37.16949844360352,287847
2026-02-11 20:45:00,37.15999984741211,37.31499862670898,37.14500045776367,37.28499984741211,389551
2026-02-11 20:50:00,37.27999877929688,37.29499816894531,37.15999984741211,37.165000915527344,587345
2026-02-11 20:55:00,37.165000915527344,37.2400016784668,37.165000915527344,37.20000076293945,1515086
2026-02-12 14:30:00,37.45000076293945,37.560001373291016,37.16999816894531,37.47800064086914,467570
2026-02-12 14:35:00,37.47999954223633,37.61000061035156,37.2599983215332,37.54999923706055,314857
2026-02-12 14:40:00,37.54499816894531,37.59000015258789,37.15999984741211,37.2599983215332,201135
2026-02-12 14:45:00,37.2599983215332,37.34000015258789,36.0,37.119998931884766,325132
2026-02-12 14:50:00,37.130001068115234,37.13999938964844,37.0099983215332,37.08000183105469,326288
2026-02-12 14:55:00,37.09000015258789,37.17499923706055,37.04999923706055,37.11000061035156,130577
2026-02-12 15:00:00,37.119998931884766,37.220001220703125,37.0099983215332,37.0099983215332,229248
2026-02-12 15:05:00,37.0099983215332,37.07500076293945,36.970001220703125,36.97499847412109,239647
2026-02-12 15:10:00,36.97499847412109,37.02750015258789,36.935001373291016,37.0099983215332,192870
2026-02-12 15:15:00,37.01499938964844,37.01499938964844,36.83000183105469,36.83000183105469,434004
2026-02-12 15:20:00,36.83000183105469,36.900001525878906,36.77999877929688,36.81999969482422,208673
2026-02-12 15:25:00,36.81999969482422,36.84999847412109,36.7599983215332,36.82500076293945,195069
2026-02-12 15:30:00,36.83000183105469,36.83000183105469,36.76499938964844,36.775001525878906,164557
2026-02-12 15:35:00,36.77999877929688,36.900001525878906,36.73500061035156,36.7400016784668,217582
2026-02-12 15:40:00,36.744998931884766,36.79999923706055,36.70000076293945,36.790000915527344,469920
2026-02-12 15:45:00,36.790000915527344,36.8849983215332,36.790000915527344,36.81969833374024,235605
2026-02-12 15:50:00,36.81499862670898,36.82500076293945,36.71500015258789,36.77000045776367,283753
2026-02-12 15:55:00,36.77000045776367,36.81499862670898,36.72499847412109,36.81499862670898,191371
2026-02-12 16:00:00,36.81499862670898,36.88999938964844,36.76499938964844,36.76499938964844,295910
2026-02-12 16:05:00,36.76499938964844,36.77999877929688,36.67499923706055,36.70000076293945,386530
2026-02-12 16:10:00,36.70000076293945,36.790000915527344,36.6349983215332,36.64500045776367,865232
2026-02-12 16:15:00,36.64500045776367,36.67499923706055,36.6150016784668,36.619998931884766,237236
2026-02-12 16:20:00,36.61000061035156,36.625,36.52000045776367,36.55500030517578,278777
2026-02-12 16:25:00,36.55500030517578,36.59000015258789,36.4818000793457,36.53499984741211,486383
2026-02-12 16:30:00,36.53499984741211,36.59999847412109,36.53499984741211,36.54499816894531,356357
2026-02-12 16:35:00,36.540000915527344,36.567501068115234,36.48500061035156,36.525001525878906,351952
2026-02-12 16:40:00,36.525001525878906,36.525001525878906,36.41999816894531,36.4474983215332,164785
2026-02-12 16:45:00,36.43999862670898,36.47999954223633,36.41999816894531,36.42499923706055,151976
2026-02-12 16:50:00,36.41999816894531,36.43000030517578,36.34999847412109,36.400001525878906,222167
2026-02-12 16:55:00,36.40999984741211,36.56999969482422,36.40999984741211,36.56499862670898,171564
2026-02-12 17:00:00,36.56499862670898,36.56499862670898,36.41999816894531,36.4474983215332,217364
2026-02-12 17:05:00,36.43999862670898,36.47999954223633,36.369998931884766,36.4474983215332,232190
2026-02-12 17:10:00,36.44499969482422,36.44990158081055,36.345001220703125,36.35499954223633,169546
2026-02-12 17:15:00,36.34999847412109,36.3849983215332,36.32500076293945,36.33000183105469,151698
2026-02-12 17:20:00,36.32500076293945,36.39500045776367,36.31499862670898,36.375,219356
2026-02-12 17:25:00,36.369998931884766,36.375,36.220001220703125,36.23500061035156,401090
2026-02-12 17:30:00,36.22999954223633,36.34999847412109,36.22499847412109,36.33549880981445,188380
2026-02-12 17:35:00,36.33000183105469,36.375,36.31499862670898,36.345001220703125,160837
2026-02-12 17:40:00,36.345001220703125,36.369998931884766,36.220001220703125,36.22999954223633,105820
2026-02-12 17:45:00,36.23500061035156,36.27000045776367,36.1349983215332,36.15999984741211,115560
2026-02-12 17:50:00,36.15499877929688,36.23500061035156,36.130001068115234,36.21500015258789,120252
2026-02-12 17:55:00,36.21500015258789,36.22999954223633,36.19010162353516,36.20500183105469,98744
2026-02-12 18:00:00,36.20000076293945,36.22499847412109,36.15499877929688,36.20000076293945,194895
2026-02-12 18:05:00,36.20500183105469,36.2400016784668,36.1349983215332,36.14500045776367,403494
2026-02-12 18:10:00,36.14500045776367,36.15499877929688,36.06499862670898,36.06999969482422,194345
2026-02-12 18:15:00,36.06999969482422,36.130001068115234,36.040000915527344,36.10010147094727,197553
2026-02-12 18:20:00,36.09999847412109,36.185001373291016,36.09000015258789,36.17990112304688,156676
2026-02-12 18:25:00,36.18000030517578,36.19499969482422,36.0099983215332,36.09999847412109,290253
2026-02-12 18:30:00,36.09999847412109,36.14500045776367,36.060001373291016,36.1151008605957,136282
2026-02-12 18:35:00,36.1150016784668,36.119998931884766,36.08000183105469,36.09000015258789,248250
2026-02-12 18:40:00,36.09999847412109,36.130001068115234,36.08000183105469,36.09000015258789,133280
2026-02-12 18:45:00,36.084999084472656,36.09000015258789,36.04499816894531,36.060001373291016,149920
2026-02-12 18:50:00,36.060001373291016,36.09999847412109,35.970001220703125,35.994998931884766,417482
2026-02-12 18:55:00,35.994998931884766,36.0,35.88999938964844,35.935001373291016,890239
2026-02-12 19:00:00,35.935001373291016,35.98500061035156,35.834999084472656,35.84410095214844,348067
2026-02-12 19:05:00,35.845001220703125,35.939998626708984,35.8401985168457,35.875,348602
2026-02-12 19:10:00,35.875,35.8849983215332,35.770198822021484,35.849998474121094,401861
2026-02-12 19:15:00,35.849998474121094,35.86000061035156,35.79499816894531,35.79999923706055,171557
2026-02-12 19:20:00,35.80500030517578,35.814998626708984,35.654998779296875,35.669898986816406,303850
2026-02-12 19:25:00,35.65999984741211,35.679901123046875,35.529998779296875,35.55500030517578,448867
2026-02-12 19:30:00,35.557498931884766,35.609901428222656,35.529998779296875,35.595001220703125,398325
2026-02-12 19:35:00,35.599998474121094,35.70000076293945,35.58000183105469,35.66999816894531,554341
2026-02-12 19:40:00,35.67499923706055,35.790000915527344,35.64500045776367,35.744998931884766,1053644
2026-02-12 19:45:00,35.744998931884766,35.79499816894531,35.69499969482422,35.755001068115234,332825
2026-02-12 19:50:00,35.755001068115234,35.84000015258789,35.724998474121094,35.775001525878906,586892
2026-02-12 19:55:00,35.775001525878906,35.85499954223633,35.685001373291016,35.73500061035156,379688
2026-02-12 20:00:00,35.7400016784668,35.814998626708984,35.72999954223633,35.775001525878906,180021
2026-02-12 20:05:00,35.775001525878906,35.775001525878906,35.71500015258789,35.755001068115234,182702
2026-02-12 20:10:00,35.755001068115234,35.7599983215332,35.69010162353516,35.73500061035156,163951
2026-02-12 20:15:00,35.73500061035156,35.75,35.665000915527344,35.70500183105469,173510
2026-02-12 20:20:00,35.70989990234375,35.72999954223633,35.65999984741211,35.66999816894531,212794
2026-02-12 20:25:00,35.66999816894531,35.77899932861328,35.662601470947266,35.76499938964844,278189
2026-02-12 20:30:00,35.76499938964844,35.85499954223633,35.7599983215332,35.84000015258789,240558
2026-02-12 20:35:00,35.845001220703125,35.845001220703125,35.689998626708984,35.69499969482422,347150
2026-02-12 20:40:00,35.70000076293945,35.744998931884766,35.66999816894531,35.67499923706055,323001
2026-02-12 20:45:00,35.67499923706055,35.7400016784668,35.654998779296875,35.65999984741211,391094
2026-02-12 20:50:00,35.65999984741211,35.720001220703125,35.63999938964844,35.70500183105469,636974
2026-02-12 20:55:00,35.70000076293945,35.84000015258789,35.70000076293945,35.834999084472656,1643067
2026-02-13 14:30:00,36.18999862670898,36.67499923706055,36.150001525878906,36.67499923706055,596347
2026-02-13 14:35:00,36.65999984741211,36.685001373291016,36.30500030517578,36.375,287862
2026-02-13 14:40:00,36.36520004272461,36.744998931884766,36.27999877929688,36.7400016784668,758216
2026-02-13 14:45:00,36.77000045776367,36.880001068115234,36.650001525878906,36.73500061035156,269183
2026-02-13 14:50:00,36.73500061035156,36.79999923706055,36.6349983215332,36.755001068115234,175617
2026-02-13 14:55:00,36.75,36.82500076293945,36.540000915527344,36.56999969482422,217825
2026-02-13 15:00:00,36.58000183105469,36.73500061035156,36.57500076293945,36.70500183105469,161990
2026-02-13 15:05:00,36.70000076293945,36.75,36.61000061035156,36.73500061035156,180247
2026-02-13 15:10:00,36.73500061035156,36.915000915527344,36.72499847412109,36.80400085449219,285483
2026-02-13 15:15:00,36.79999923706055,36.8650016784668,36.58000183105469,36.595001220703125,167367
2026-02-13 15:20:00,36.59999847412109,36.650001525878906,36.505001068115234,36.55500030517578,181108
2026-02-13 15:25:00,36.55500030517578,36.625,36.540000915527344,36.59000015258789,209907
2026-02-13 15:30:00,36.58000183105469,36.64500045776367,36.494998931884766,36.54499816894531,225482
2026-02-13 15:35:00,36.54499816894531,36.69499969482422,36.52000045776367,36.65499877929688,157196
2026-02-13 15:40:00,36.650001525878906,36.665000915527344,36.40499877929688,36.40999984741211,124964
2026-02-13 15:45:00,36.415000915527344,36.4900016784668,36.31499862670898,36.35499954223633,170767
2026-02-13 15:50:00,36.35499954223633,36.45500183105469,36.34999847412109,36.375,155465
2026-02-13 15:55:00,36.375,36.43000030517578,36.32500076293945,36.334999084472656,142807
2026-02-13 16:00:00,36.34000015258789,36.3650016784668,36.28499984741211,36.334999084472656,124876
2026-02-13 16:05:00,36.334999084472656,36.345001220703125,36.25,36.27999877929688,166155
2026-02-13 16:10:00,36.28499984741211,36.3849983215332,36.21500015258789,36.380001068115234,161267
2026-02-13 16:15:00,36.3849983215332,36.39500045776367,36.290000915527344,36.29499816894531,82262
2026-02-13 16:20:00,36.29499816894531,36.32649993896485,36.27000045776367,36.31499862670898,94970
2026-02-13 16:25:00,36.31499862670898,36.38999938964844,36.27000045776367,36.38999938964844,125402
2026-02-13 16:30:00,36.38999938964844,36.43999862670898,36.34999847412109,36.43999862670898,86014
2026-02-13 16:35:00,36.44499969482422,36.470001220703125,36.3849983215332,36.46500015258789,106386
2026-02-13 16:40:00,36.46500015258789,36.584999084472656,36.45500183105469,36.584999084472656,143414
2026-02-13 16:45:00,36.58990097045898,36.68999862670898,36.58000183105469,36.619998931884766,252523
2026-02-13 16:50:00,36.62810134887695,36.67499923706055,36.619998931884766,36.665000915527344,127099
2026-02-13 16:55:00,36.66999816894531,36.70000076293945,36.64500045776367,36.65499877929688,140313
2026-02-13 17:00:00,36.65999984741211,36.77000045776367,36.650001525878906,36.755001068115234,239648
2026-02-13 17:05:00,36.7599983215332,36.85499954223633,36.7599983215332,36.83000183105469,144745
2026-02-13 17:10:00,36.83000183105469,36.88999938964844,36.81499862670898,36.84999847412109,137717
2026-02-13 17:15:00,36.845001220703125,36.90499877929688,36.81999969482422,36.845001220703125,95395
2026-02-13 17:20:00,36.8484001159668,36.94889831542969,36.82500076293945,36.91999816894531,161567
2026-02-13 17:25:00,36.915000915527344,36.915000915527344,36.85499954223633,36.89789962768555,173071
2026-02-13 17:30:00,36.89500045776367,36.9900016784668,36.89500045776367,36.97499847412109,152105
2026-02-13 17:35:00,36.97999954223633,37.0099983215332,36.95009994506836,36.95500183105469,139026
2026-02-13 17:40:00,36.95500183105469,36.96989822387695,36.91999816894531,36.95500183105469,99107
2026-02-13 17:45:00,36.95500183105469,36.97999954223633,36.935001373291016,36.96500015258789,100301
2026-02-13 17:50:00,36.96500015258789,36.97499847412109,36.91999816894531,36.96500015258789,124707
2026-02-13 17:55:00,36.96500015258789,36.994998931884766,36.94499969482422,36.98500061035156,72746
2026-02-13 18:00:00,36.98500061035156,37.0,36.935001373291016,36.95500183105469,73128
2026-02-13 18:05:00,36.95500183105469,36.9900016784668,36.93999862670898,36.93999862670898,83572
2026-02-13 18:10:00,36.94499969482422,36.95000076293945,36.84239959716797,36.95000076293945,378157
2026-02-13 18:15:00,36.95500183105469,36.994998931884766,36.915000915527344,36.935001373291016,103368
2026-02-13 18:20:00,36.93899917602539,37.02000045776367,36.935001373291016,37.02000045776367,67729
2026-02-13 18:25:00,37.01499938964844,37.06499862670898,36.93000030517578,37.0,174917
2026-02-13 18:30:00,37.0,37.04499816894531,36.96500015258789,37.02999877929688,91126
2026-02-13 18:35:00,37.03499984741211,37.09999847412109,37.02999877929688,37.084999084472656,85530
2026-02-13 18:40:00,37.09000015258789,37.09000015258789,36.994998931884766,37.0,73071
2026-02-13 18:45:00,37.005001068115234,37.01499938964844,36.93999862670898,36.93999862670898,83966
2026-02-13 18:50:00,36.93999862670898,36.959999084472656,36.88999938964844,36.94499969482422,84904
2026-02-13 18:55:00,36.95000076293945,36.959999084472656,36.79999923706055,36.869998931884766,230180
2026-02-13 19:00:00,36.8650016784668,36.959999084472656,36.810001373291016,36.92499923706055,177629
2026-02-13 19:05:00,36.92499923706055,36.97999954223633,36.910099029541016,36.93999862670898,157965
2026-02-13 19:10:00,36.94020080566406,36.94499969482422,36.875,36.8849983215332,121370
2026-02-13 19:15:00,36.88999938964844,36.88999938964844,36.84999847412109,36.85499954223633,102533
2026-02-13 19:20:00,36.85499954223633,36.86000061035156,36.79999923706055,36.80500030517578,148722
2026-02-13 19:25:00,36.80500030517578,36.80669403076172,36.625,36.64500045776367,125781
2026-02-13 19:30:00,36.64500045776367,36.77000045776367,36.64500045776367,36.72499847412109,243259
2026-02-13 19:35:00,36.72999954223633,36.7400016784668,36.59999847412109,36.625,137395
2026-02-13 19:40:00,36.625,36.630001068115234,36.54999923706055,36.56999969482422,116076
2026-02-13 19:45:00,36.56999969482422,36.60499954223633,36.54999923706055,36.595001220703125,115656
2026-02-13 19:50:00,36.595001220703125,36.59999847412109,36.505001068115234,36.505001068115234,95558
2026-02-13 19:55:00,36.505001068115234,36.560001373291016,36.45500183105469,36.48500061035156,164215
2026-02-13 20:00:00,36.48500061035156,36.584999084472656,36.48500061035156,36.55619812011719,147078
2026-02-13 20:05:00,36.55500030517578,36.584999084472656,36.52999877929688,36.54499816894531,141589
2026-02-13 20:10:00,36.54499816894531,36.60499954223633,36.47999954223633,36.48500061035156,476306
2026-02-13 20:15:00,36.48500061035156,36.505001068115234,36.40499877929688,36.44499969482422,249595
2026-02-13 20:20:00,36.44499969482422,36.44499969482422,36.334999084472656,36.345001220703125,276219
2026-02-13 20:25:00,36.34000015258789,36.34000015258789,36.2599983215332,36.28499984741211,296982
2026-02-13 20:30:00,36.28499984741211,36.34000015258789,36.275001525878906,36.30500030517578,389076
2026-02-13 20:35:00,36.30500030517578,36.34000015258789,36.290000915527344,36.29499816894531,376358
2026-02-13 20:40:00,36.29499816894531,36.33000183105469,36.25,36.255001068115234,325885
2026-02-13 20:45:00,36.255001068115234,36.27000045776367,36.18000030517578,36.2150993347168,621313
2026-02-13 20:50:00,36.21500015258789,36.2400016784668,36.130001068115234,36.22499847412109,660641
2026-02-13 20:55:00,36.22999954223633,36.33000183105469,36.209999084472656,36.28499984741211,1390598
2026-02-17 14:30:00,37.35499954223633,37.35499954223633,36.56999969482422,37.22999954223633,487561
2026-02-17 14:35:00,37.22499847412109,37.59999847412109,37.07500076293945,37.57500076293945,356468
2026-02-17 14:40:00,37.58000183105469,37.63999938964844,37.33000183105469,37.45000076293945,454180
2026-02-17 14:45:00,37.46500015258789,37.685001373291016,37.29999923706055,37.625,376960
2026-02-17 14:50:00,37.625,37.63999938964844,37.435001373291016,37.5,244126
2026-02-17 14:55:00,37.5099983215332,37.619998931884766,37.369998931884766,37.525001525878906,498468
2026-02-17 15:00:00,37.525001525878906,37.584999084472656,37.47499847412109,37.55500030517578,306897
2026-02-17 15:05:00,37.560001373291016,37.69499969482422,37.54499816894531,37.6150016784668,373143
2026-02-17 15:10:00,37.6150016784668,37.70000076293945,37.525001525878906,37.65499877929688,283687
2026-02-17 15:15:00,37.65499877929688,37.720001220703125,37.540000915527344,37.57500076293945,262034
2026-02-17 15:20:00,37.56999969482422,37.57500076293945,37.31999969482422,37.32500076293945,179078
2026-02-17 15:25:00,37.32500076293945,37.47499847412109,37.27000045776367,37.47499847412109,264248
2026-02-17 15:30:00,37.47999954223633,37.55500030517578,37.41999816894531,37.43000030517578,246592
2026-02-17 15:35:00,37.435001373291016,37.48500061035156,37.380001068115234,37.44499969482422,164073
2026-02-17 15:40:00,37.44499969482422,37.5099983215332,37.375,37.400001525878906,191425
2026-02-17 15:45:00,37.400001525878906,37.54999923706055,37.3849983215332,37.470001220703125,164719
2026-02-17 15:50:00,37.46500015258789,37.61000061035156,37.39500045776367,37.57500076293945,199847
2026-02-17 15:55:00,37.57500076293945,37.58000183105469,37.494998931884766,37.55500030517578,151408
2026-02-17 16:00:00,37.560001373291016,37.630001068115234,37.55500030517578,37.560001373291016,236991
2026-02-17 16:05:00,37.55500030517578,37.65999984741211,37.55500030517578,37.65499877929688,170209
2026-02-17 16:10:00,37.65549850463867,37.755001068115234,37.65499877929688,37.67499923706055,336370
2026-02-17 16:15:00,37.67499923706055,37.72499847412109,37.66999816894531,37.72499847412109,251999
2026-02-17 16:20:00,37.72499847412109,37.834999084472656,37.709999084472656,37.810001373291016,171961
2026-02-17 16:25:00,37.80500030517578,37.91550064086914,37.80500030517578,37.88999938964844,138829
2026-02-17 16:30:00,37.88137435913086,37.900001525878906,37.83000183105469,37.88999938964844,176037
2026-02-17 16:35:00,37.900001525878906,37.97999954223633,37.875,37.90499877929688,174356
2026-02-17 16:40:00,37.900001525878906,37.93999862670898,37.834999084472656,37.834999084472656,159222
2026-02-17 16:45:00,37.834999084472656,37.85499954223633,37.76499938964844,37.76499938964844,120231
2026-02-17 16:50:00,37.76499938964844,37.790000915527344,37.7400016784668,37.775001525878906,129248
2026-02-17 16:55:00,37.77000045776367,37.810001373291016,37.73500061035156,37.79499816894531,128436
2026-02-17 17:00:00,37.79499816894531,37.79499816894531,37.63999938964844,37.650001525878906,122207
2026-02-17 17:05:00,37.650001525878906,37.68999862670898,37.61000061035156,37.61000061035156,95981
2026-02-17 17:10:00,37.6150016784668,37.630001068115234,37.560001373291016,37.584999084472656,104150
2026-02-17 17:15:00,37.595001220703125,37.609901428222656,37.56499862670898,37.59999847412109,100522
2026-02-17 17:20:00,37.595001220703125,37.630001068115234,37.54999923706055,37.595001220703125,99574
2026-02-17 17:25:00,37.595001220703125,37.61000061035156,37.525001525878906,37.58000183105469,125062
2026-02-17 17:30:00,37.584999084472656,37.625,37.51499938964844,37.52999877929688,154950
2026-02-17 17:35:00,37.52999877929688,37.52999877929688,37.42499923706055,37.505001068115234,117865
2026-02-17 17:40:00,37.505001068115234,37.540000915527344,37.45000076293945,37.45500183105469,100444
2026-02-17 17:45:00,37.45000076293945,37.5099983215332,37.415000915527344,37.45000076293945,111459
2026-02-17 17:50:00,37.45000076293945,37.459999084472656,37.36000061035156,37.39500045776367,74428
2026-02-17 17:55:00,37.38999938964844,37.47499847412109,37.34999847412109,37.45550155639648,101580
2026-02-17 18:00:00,37.45500183105469,37.505001068115234,37.43980026245117,37.494998931884766,100056
2026-02-17 18:05:00,37.494998931884766,37.505001068115234,37.470001220703125,37.5,107653
2026-02-17 18:10:00,37.505001068115234,37.59999847412109,37.4900016784668,37.56999969482422,181458
2026-02-17 18:15:00,37.560001373291016,37.61000061035156,37.52930068969727,37.540000915527344,140895
2026-02-17 18:20:00,37.540000915527344,37.70000076293945,37.540000915527344,37.625,165675
2026-02-17 18:25:00,37.619998931884766,37.64500045776367,37.57500076293945,37.619998931884766,101555
2026-02-17 18:30:00,37.6150016784668,37.7051010131836,37.6150016784668,37.67499923706055,161708
2026-02-17 18:35:00,37.67499923706055,37.685001373291016,37.6349983215332,37.665000915527344,84501
2026-02-17 18:40:00,37.66999816894531,37.71500015258789,37.65499877929688,37.685001373291016,84380
2026-02-17 18:45:00,37.68999862670898,37.755001068115234,37.68000030517578,37.755001068115234,115656
2026-02-17 18:50:00,37.755001068115234,37.77000045776367,37.72499847412109,37.72999954223633,98185
2026-02-17 18:55:00,37.720001220703125,37.76649856567383,37.685001373291016,37.70500183105469,99634
2026-02-17 19:00:00,37.70000076293945,37.72999954223633,37.66999816894531,37.71500015258789,109916
2026-02-17 19:05:00,37.709999084472656,37.71500015258789,37.650001525878906,37.70500183105469,118138
2026-02-17 19:10:00,37.70500183105469,37.70500183105469,37.65999984741211,37.69499969482422,77426
2026-02-17 19:15:00,37.70000076293945,37.70750045776367,37.6150016784668,37.6150016784668,113053
2026-02-17 19:20:00,37.619998931884766,37.69649887084961,37.6150016784668,37.69649887084961,76942
2026-02-17 19:25:00,37.69499969482422,37.709999084472656,37.63999938964844,37.650001525878906,104477
2026-02-17 19:30:00,37.65499877929688,37.67499923706055,37.61470031738281,37.625,146008
2026-02-17 19:35:00,37.630001068115234,37.64509963989258,37.584999084472656,37.6150016784668,141303
2026-02-17 19:40:00,37.6150016784668,37.65499877929688,37.584999084472656,37.64500045776367,141401
2026-02-17 19:45:00,37.64500045776367,37.685001373291016,37.61000061035156,37.66999816894531,129881
2026-02-17 19:50:00,37.665000915527344,37.67509841918945,37.60499954223633,37.65499877929688,120317
2026-02-17 19:55:00,37.65499877929688,37.67499923706055,37.6150016784668,37.619998931884766,138734
2026-02-17 20:00:00,37.625,37.7400016784668,37.6150016784668,37.73500061035156,160232
2026-02-17 20:05:00,37.73500061035156,37.7400016784668,37.665000915527344,37.67499923706055,114708
2026-02-17 20:10:00,37.67499923706055,37.68000030517578,37.630001068115234,37.65999984741211,147279
2026-02-17 20:15:00,37.65499877929688,37.67499923706055,37.59999847412109,37.65499877929688,185507
2026-02-17 20:20:00,37.65499877929688,37.68999862670898,37.65499877929688,37.6775016784668,146022
2026-02-17 20:25:00,37.68000030517578,37.70000076293945,37.650001525878906,37.69499969482422,156839
2026-02-17 20:30:00,37.70000076293945,37.70000076293945,37.625,37.64500045776367,151541
2026-02-17 20:35:00,37.64500045776367,37.69499969482422,37.6349983215332,37.69499969482422,195323
2026-02-17 20:40:00,37.69499969482422,37.75,37.665000915527344,37.720001220703125,258814
2026-02-17 20:45:00,37.71500015258789,37.73500061035156,37.625,37.720001220703125,290217
2026-02-17 20:50:00,37.720001220703125,37.755001068115234,37.68999862670898,37.755001068115234,394439
2026-02-17 20:55:00,37.7599983215332,37.90499877929688,37.744998931884766,37.88999938964844,1432919
2026-02-18 14:30:00,38.119998931884766,38.65999984741211,38.119998931884766,38.59999847412109,639079
2026-02-18 14:35:00,38.619998931884766,39.06999969482422,38.61000061035156,39.06999969482422,556837
2026-02-18 14:40:00,39.07500076293945,39.09999847412109,38.63999938964844,38.71500015258789,226492
2026-02-18 14:45:00,38.71500015258789,38.83000183105469,38.59000015258789,38.72999954223633,142455
2026-02-18 14:50:00,38.7400016784668,38.77999877929688,38.630001068115234,38.720001220703125,125709
2026-02-18 14:55:00,38.720001220703125,38.869998931884766,38.66999816894531,38.790000915527344,167784
2026-02-18 15:00:00,38.77999877929688,38.915000915527344,38.77000045776367,38.81999969482422,168339
2026-02-18 15:05:00,38.81999969482422,38.92499923706055,38.810001373291016,38.89799880981445,124841
2026-02-18 15:10:00,38.89500045776367,39.040000915527344,38.875,38.994998931884766,172601
2026-02-18 15:15:00,38.9900016784668,39.07500076293945,38.97999954223633,39.05390167236328,184755
2026-02-18 15:20:00,39.05500030517578,39.14500045776367,39.0099983215332,39.04499816894531,153092
2026-02-18 15:25:00,39.04499816894531,39.04499816894531,38.959999084472656,39.01499938964844,125488
2026-02-18 15:30:00,39.02000045776367,39.130001068115234,39.01499938964844,39.03499984741211,125129
2026-02-18 15:35:00,39.03499984741211,39.03499984741211,38.98500061035156,38.994998931884766,135740
2026-02-18 15:40:00,38.994998931884766,39.119998931884766,38.9900016784668,39.095001220703125,178681
2026-02-18 15:45:00,39.09999847412109,39.10499954223633,39.005001068115234,39.04499816894531,155172
2026-02-18 15:50:00,39.04499816894531,39.165000915527344,39.040000915527344,39.15499877929688,125517
2026-02-18 15:55:00,39.1599006652832,39.19499969482422,39.125,39.130001068115234,143070
2026-02-18 16:00:00,39.1349983215332,39.17499923706055,39.060001373291016,39.084999084472656,125826
2026-02-18 16:05:00,39.084999084472656,39.119998931884766,39.0099983215332,39.01499938964844,92735
2026-02-18 16:10:00,39.02000045776367,39.05500030517578,38.970001220703125,38.97499847412109,84889
2026-02-18 16:15:00,38.97999954223633,39.00830078125,38.90999984741211,38.915000915527344,78418
2026-02-18 16:20:00,38.915000915527344,38.91999816894531,38.834999084472656,38.84000015258789,74553
2026-02-18 16:25:00,38.834999084472656,38.84999847412109,38.760101318359375,38.775001525878906,99943
2026-02-18 16:30:00,38.775001525878906,38.86000061035156,38.775001525878906,38.79999923706055,107339
2026-02-18 16:35:00,38.79999923706055,38.83000183105469,38.755001068115234,38.79499816894531,140666
2026-02-18 16:40:00,38.79499816894531,38.810001373291016,38.750301361083984,38.78499984741211,100407
2026-02-18 16:45:00,38.77999877929688,38.79999923706055,38.72999954223633,38.755001068115234,80905
2026-02-18 16:50:00,38.755001068115234,38.77000045776367,38.70000076293945,38.70500183105469,71515
2026-02-18 16:55:00,38.70500183105469,38.77000045776367,38.70500183105469,38.71500015258789,86980
2026-02-18 17:00:00,38.720001220703125,38.84999847412109,38.67499923706055,38.84999847412109,111231
2026-02-18 17:05:00,38.845001220703125,38.90999984741211,38.845001220703125,38.88999938964844,70144
2026-02-18 17:10:00,38.89500045776367,38.91999816894531,38.880001068115234,38.89500045776367,61582
2026-02-18 17:15:00,38.88999938964844,38.91999816894531,38.80009841918945,38.80500030517578,108936
2026-02-18 17:20:00,38.80500030517578,38.86000061035156,38.79499816894531,38.84999847412109,72660
2026-02-18 17:25:00,38.84999847412109,38.88999938964844,38.82500076293945,38.880001068115234,69958
2026-02-18 17:30:00,38.875,38.89500045776367,38.83000183105469,38.845001220703125,105429
2026-02-18 17:35:00,38.845001220703125,38.90999984741211,38.845001220703125,38.86000061035156,102781
2026-02-18 17:40:00,38.8650016784668,38.900001525878906,38.834999084472656,38.84000015258789,119382
2026-02-18 17:45:00,38.834999084472656,38.834999084472656,38.790000915527344,38.81449890136719,204861
2026-02-18 17:50:00,38.81499862670898,38.869998931884766,38.81499862670898,38.834999084472656,73373
2026-02-18 17:55:00,38.834999084472656,38.8650016784668,38.8131217956543,38.84000015258789,83485
2026-02-18 18:00:00,38.834999084472656,38.834999084472656,38.744998931884766,38.775001525878906,67408
2026-02-18 18:05:00,38.77009963989258,38.77999877929688,38.755001068115234,38.755001068115234,37144
2026-02-18 18:10:00,38.7599983215332,38.77999877929688,38.7400016784668,38.74509811401367,60380
2026-02-18 18:15:00,38.75,38.81999969482422,38.73500061035156,38.775001525878906,78225
2026-02-18 18:20:00,38.775001525878906,38.78499984741211,38.70500183105469,38.70500183105469,41612
2026-02-18 18:25:00,38.70500183105469,38.720001220703125,38.665000915527344,38.720001220703125,74768
2026-02-18 18:30:00,38.72499847412109,38.755001068115234,38.71370697021485,38.72499847412109,67680
2026-02-18 18:35:00,38.72499847412109,38.72999954223633,38.66999816894531,38.67499923706055,90818
2026-02-18 18:40:00,38.66999816894531,38.70000076293945,38.63999938964844,38.685001373291016,85134
2026-02-18 18:45:00,38.68000030517578,38.71500015258789,38.66999816894531,38.67499923706055,49037
2026-02-18 18:50:00,38.67499923706055,38.68000030517578,38.6349983215332,38.65999984741211,59703
2026-02-18 18:55:00,38.65499877929688,38.65999984741211,38.560001373291016,38.56999969482422,64347
2026-02-18 19:00:00,38.56999969482422,38.61000061035156,38.53499984741211,38.59999847412109,71380
2026-02-18 19:05:00,38.61000061035156,38.63990020751953,38.59999847412109,38.60419845581055,59011
2026-02-18 19:10:00,38.60499954223633,38.67530059814453,38.584999084472656,38.6150016784668,133808
2026-02-18 19:15:00,38.61000061035156,38.64550018310547,38.60499954223633,38.62009811401367,54972
2026-02-18 19:20:00,38.625,38.68999862670898,38.619998931884766,38.635101318359375,103186
2026-02-18 19:25:00,38.6349983215332,38.709999084472656,38.6349983215332,38.665000915527344,88002
2026-02-18 19:30:00,38.665000915527344,38.66999816894531,38.595001220703125,38.60010147094727,111824
2026-02-18 19:35:00,38.59999847412109,38.60499954223633,38.54999923706055,38.58449935913086,71761
2026-02-18 19:40:00,38.584999084472656,38.61000061035156,38.54499816894531,38.54499816894531,62593
2026-02-18 19:45:00,38.54449844360352,38.58000183105469,38.525001525878906,38.525001525878906,59858
2026-02-18 19:50:00,38.525001525878906,38.560001373291016,38.47499847412109,38.47499847412109,73202
2026-02-18 19:55:00,38.470001220703125,38.48500061035156,38.415000915527344,38.48500061035156,76400
2026-02-18 20:00:00,38.48500061035156,38.53499984741211,38.47499847412109,38.48500061035156,69046
2026-02-18 20:05:00,38.48500061035156,38.505001068115234,38.46500015258789,38.494998931884766,141363
2026-02-18 20:10:00,38.494998931884766,38.54499816894531,38.4900016784668,38.51499938964844,81460
2026-02-18 20:15:00,38.52000045776367,38.57500076293945,38.51499938964844,38.54499816894531,105797
2026-02-18 20:20:00,38.54499816894531,38.56999969482422,38.53499984741211,38.56499862670898,116165
2026-02-18 20:25:00,38.56999969482422,38.64509963989258,38.56499862670898,38.584999084472656,181720
2026-02-18 20:30:00,38.584999084472656,38.67499923706055,38.560001373291016,38.67499923706055,177266
2026-02-18 20:35:00,38.67499923706055,38.7599983215332,38.650001525878906,38.7400016784668,141103
2026-02-18 20:40:00,38.744998931884766,38.80500030517578,38.70500183105469,38.755001068115234,320547
2026-02-18 20:45:00,38.755001068115234,38.76499938964844,38.71500015258789,38.755001068115234,260469
2026-02-18 20:50:00,38.7599983215332,38.83000183105469,38.73500061035156,38.810001373291016,425610
2026-02-18 20:55:00,38.81999969482422,38.84999847412109,38.720001220703125,38.72999954223633,804377
2026-02-19 14:30:00,38.4900016784668,38.595001220703125,38.29999923706055,38.43999862670898,204242
2026-02-19 14:35:00,38.44499969482422,38.44499969482422,38.08000183105469,38.185001373291016,120264
2026-02-19 14:40:00,38.16999816894531,38.244998931884766,37.970001220703125,38.220001220703125,156072
2026-02-19 14:45:00,38.22999954223633,38.2400016784668,38.09999847412109,38.20000076293945,121441
2026-02-19 14:50:00,38.20000076293945,38.209999084472656,38.07500076293945,38.15999984741211,104972
2026-02-19 14:55:00,38.150001525878906,38.22999954223633,37.9900016784668,38.0099983215332,197316
2026-02-19 15:00:00,38.0099983215332,38.06999969482422,37.90999984741211,38.04999923706055,177004
2026-02-19 15:05:00,38.06949996948242,38.06949996948242,37.90999984741211,37.94499969482422,151196
2026-02-19 15:10:00,37.95000076293945,37.97499847412109,37.8849983215332,37.915000915527344,115846
2026-02-19 15:15:00,37.91999816894531,37.97499847412109,37.89500045776367,37.97499847412109,127094
2026-02-19 15:20:00,37.97499847412109,38.04499816894531,37.959999084472656,38.0099983215332,131328
2026-02-19 15:25:00,38.0099983215332,38.025001525878906,37.935001373291016,37.95500183105469,82968
2026-02-19 15:30:00,37.95000076293945,38.02000045776367,37.91999816894531,37.98500061035156,137141
2026-02-19 15:35:00,37.98500061035156,38.04499816894531,37.98500061035156,38.0,93040
2026-02-19 15:40:00,38.0,38.0099983215332,37.92499923706055,37.92499923706055,71309
2026-02-19 15:45:00,37.91999816894531,37.93999862670898,37.880001068115234,37.915000915527344,74286
2026-02-19 15:50:00,37.915000915527344,37.93000030517578,37.845001220703125,37.84999847412109,79889
2026-02-19 15:55:00,37.84349822998047,37.880001068115234,37.84000015258789,37.880001068115234,75031
2026-02-19 16:00:00,37.88999938964844,37.90499877929688,37.83000183105469,37.86000061035156,94912
2026-02-19 16:05:00,37.85499954223633,37.880001068115234,37.79499816894531,37.80500030517578,71429
2026-02-19 16:10:00,37.79999923706055,37.80500030517578,37.71500015258789,37.72999954223633,75143
2026-02-19 16:15:00,37.7400016784668,37.77999877929688,37.720001220703125,37.73500061035156,94066
2026-02-19 16:20:00,37.73500061035156,37.7599983215332,37.71500015258789,37.755001068115234,89082
2026-02-19 16:25:00,37.755001068115234,37.7599983215332,37.65999984741211,37.665000915527344,104715
2026-02-19 16:30:00,37.665000915527344,37.685001373291016,37.64500045776367,37.66999816894531,89148
2026-02-19 16:35:00,37.67499923706055,37.69499969482422,37.63999938964844,37.68000030517578,131005
2026-02-19 16:40:00,37.67499923706055,37.70000076293945,37.63999938964844,37.64500045776367,82483
2026-02-19 16:45:00,37.64030075073242,37.68000030517578,37.619998931884766,37.64500045776367,87215
2026-02-19 16:50:00,37.63999938964844,37.68999862670898,37.61000061035156,37.685001373291016,65222
2026-02-19 16:55:00,37.68989944458008,37.68989944458008,37.625,37.625,86610
2026-02-19 17:00:00,37.630001068115234,37.64500045776367,37.595001220703125,37.6150016784668,88757
2026-02-19 17:05:00,37.6150016784668,37.67499923706055,37.60499954223633,37.6150016784668,63396
2026-02-19 17:10:00,37.619998931884766,37.71500015258789,37.61000061035156,37.709999084472656,64896
2026-02-19 17:15:00,37.709999084472656,37.77000045776367,37.70000076293945,37.7599983215332,77010
2026-02-19 17:20:00,37.755001068115234,37.76499938964844,37.72999954223633,37.72999954223633,50160
2026-02-19 17:25:00,37.72999954223633,37.72999954223633,37.68000030517578,37.72499847412109,57024
2026-02-19 17:30:00,37.720001220703125,37.755001068115234,37.685001373291016,37.71500015258789,80427
2026-02-19 17:35:00,37.71500015258789,37.72549819946289,37.68000030517578,37.685001373291016,117086
2026-02-19 17:40:00,37.685001373291016,37.75,37.68000030517578,37.709999084472656,86757
2026-02-19 17:45:00,37.70000076293945,37.70000076293945,37.625,37.65999984741211,46706
2026-02-19 17:50:00,37.6614990234375,37.68999862670898,37.61000061035156,37.64500045776367,55526
2026-02-19 17:55:00,37.64500045776367,37.69499969482422,37.630001068115234,37.65499877929688,55146
2026-02-19 18:00:00,37.650001525878906,37.650001525878906,37.56999969482422,37.57500076293945,55105
2026-02-19 18:05:00,37.56999969482422,37.60499954223633,37.55500030517578,37.595001220703125,114101
2026-02-19 18:10:00,37.59000015258789,37.650001525878906,37.57500076293945,37.63999938964844,58924
2026-02-19 18:15:00,37.63999938964844,37.64500045776367,37.52999877929688,37.52999877929688,55661
2026-02-19 18:20:00,37.52999877929688,37.584999084472656,37.5099983215332,37.56999969482422,64337
2026-02-19 18:25:00,37.56999969482422,37.619998931884766,37.55500030517578,37.619998931884766,56740
2026-02-19 18:30:00,37.625,37.65999984741211,37.61000061035156,37.649898529052734,61422
2026-02-19 18:35:00,37.64500045776367,37.65549850463867,37.57500076293945,37.60499954223633,46577
2026-02-19 18:40:00,37.59999847412109,37.67499923706055,37.59000015258789,37.67499923706055,76104
2026-02-19 18:45:00,37.67499923706055,37.72999954223633,37.67499923706055,37.70000076293945,65590
2026-02-19 18:50:00,37.70000076293945,37.71500015258789,37.650001525878906,37.71500015258789,88183
2026-02-19 18:55:00,37.71500015258789,37.775001525878906,37.70000076293945,37.76499938964844,103072
2026-02-19 19:00:00,37.76499938964844,37.79499816894531,37.73500061035156,37.76499938964844,150012
2026-02-19 19:05:00,37.76499938964844,37.76499938964844,37.720001220703125,37.72499847412109,52354
2026-02-19 19:10:00,37.72999954223633,37.72999954223633,37.66999816894531,37.71500015258789,100925
2026-02-19 19:15:00,37.71500015258789,37.78499984741211,37.71500015258789,37.76499938964844,83916
2026-02-19 19:20:00,37.76499938964844,37.775001525878906,37.744998931884766,37.76499938964844,59122
2026-02-19 19:25:00,37.76499938964844,37.76499938964844,37.68000030517578,37.709999084472656,159175
2026-02-19 19:30:00,37.70500183105469,37.709999084472656,37.6349983215332,37.63999938964844,83782
2026-02-19 19:35:00,37.64500045776367,37.64509963989258,37.56499862670898,37.57500076293945,88522
2026-02-19 19:40:00,37.57500076293945,37.61000061035156,37.56999969482422,37.584999084472656,164030
2026-02-19 19:45:00,37.584999084472656,37.66999816894531,37.54999923706055,37.65999984741211,115791
2026-02-19 19:50:00,37.65499877929688,37.75,37.630001068115234,37.744998931884766,125428
2026-02-19 19:55:00,37.744998931884766,37.84000015258789,37.72999954223633,37.81499862670898,122601
2026-02-19 20:00:00,37.81999969482422,37.86750030517578,37.79999923706055,37.80500030517578,123278
2026-02-19 20:05:00,37.79999923706055,37.85499954223633,37.78499984741211,37.84999847412109,141945
2026-02-19 20:10:00,37.845001220703125,37.8849983215332,37.811500549316406,37.8849983215332,101712
2026-02-19 20:15:00,37.8849983215332,37.935001373291016,37.83150100708008,37.935001373291016,123417
2026-02-19 20:20:00,37.935001373291016,37.93999862670898,37.89500045776367,37.900001525878906,97020
2026-02-19 20:25:00,37.900001525878906,37.90499877929688,37.86000061035156,37.8650016784668,84941
2026-02-19 20:30:00,37.8650016784668,37.93569946289063,37.86000061035156,37.900001525878906,150599
2026-02-19 20:35:00,37.89500045776367,37.89500045776367,37.79999923706055,37.79999923706055,166830
2026-02-19 20:40:00,37.80500030517578,37.89500045776367,37.77999877929688,37.89500045776367,164951
2026-02-19 20:45:00,37.89970016479492,37.959999084472656,37.875,37.95500183105469,313702
2026-02-19 20:50:00,37.95500183105469,37.96500015258789,37.93000030517578,37.94499969482422,440112
2026-02-19 20:55:00,37.94499969482422,37.98500061035156,37.8849983215332,37.970001220703125,1081139
2026-02-20 14:30:00,37.90499877929688,37.93999862670898,37.630001068115234,37.77000045776367,343255
2026-02-20 14:35:00,37.7599983215332,37.869998931884766,37.5099983215332,37.54999923706055,144827
2026-02-20 14:40:00,37.560001373291016,37.81999969482422,37.540000915527344,37.68999862670898,131110
2026-02-20 14:45:00,37.68000030517578,37.869998931884766,37.63999938964844,37.82500076293945,126727
2026-02-20 14:50:00,37.83000183105469,37.88999938964844,37.76570129394531,37.77000045776367,76864
2026-02-20 14:55:00,37.77000045776367,37.86000061035156,37.72499847412109,37.86000061035156,132725
2026-02-20 15:00:00,37.8650016784668,38.19499969482422,37.84999847412109,38.10499954223633,275631
2026-02-20 15:05:00,38.10499954223633,38.125,37.95000076293945,38.12329864501953,206940
2026-02-20 15:10:00,38.130001068115234,38.209999084472656,38.07500076293945,38.125,237665
2026-02-20 15:15:00,38.125,38.29029846191406,38.09000015258789,38.22999954223633,153788
2026-02-20 15:20:00,38.22999954223633,38.27999877929688,38.16999816894531,38.20500183105469,128194
2026-02-20 15:25:00,38.20500183105469,38.28499984741211,38.13999938964844,38.180999755859375,204378
2026-02-20 15:30:00,38.18000030517578,38.23500061035156,38.060001373291016,38.07500076293945,289151
2026-02-20 15:35:00,38.07500076293945,38.095001220703125,37.93000030517578,37.93000030517578,113152
2026-02-20 15:40:00,37.93999862670898,37.94499969482422,37.79499816894531,37.84999847412109,164002
2026-02-20 15:45:00,37.84999847412109,37.8849983215332,37.79499816894531,37.79499816894531,153370
2026-02-20 15:50:00,37.790000915527344,37.79990005493164,37.72499847412109,37.73500061035156,168763
2026-02-20 15:55:00,37.7400016784668,37.79499816894531,37.73500061035156,37.73500061035156,121789
2026-02-20 16:00:00,37.73500061035156,37.744998931884766,37.56100082397461,37.60499954223633,185793
2026-02-20 16:05:00,37.60499954223633,37.630001068115234,37.5099983215332,37.53499984741211,132547
2026-02-20 16:10:00,37.540000915527344,37.6349983215332,37.470001220703125,37.58000183105469,116193
2026-02-20 16:15:00,37.59000015258789,37.6150016784668,37.459999084472656,37.54019927978516,179284
2026-02-20 16:20:00,37.54999923706055,37.59000015258789,37.525001525878906,37.54499816894531,62800
2026-02-20 16:25:00,37.540000915527344,37.540000915527344,37.34000015258789,37.345001220703125,140365
2026-02-20 16:30:00,37.34000015258789,37.40019989013672,37.275001525878906,37.40019989013672,148070
2026-02-20 16:35:00,37.40499877929688,37.47499847412109,37.375,37.470001220703125,74707
2026-02-20 16:40:00,37.47499847412109,37.55500030517578,37.470001220703125,37.51499938964844,147233
2026-02-20 16:45:00,37.52000045776367,37.56999969482422,37.4900016784668,37.494998931884766,80335
2026-02-20 16:50:00,37.4900016784668,37.494998931884766,37.44499969482422,37.47499847412109,50970
2026-02-20 16:55:00,37.470001220703125,37.48500061035156,37.41999816894531,37.435001373291016,49257
2026-02-20 17:00:00,37.43999862670898,37.46500015258789,37.38999938964844,37.400001525878906,44576
2026-02-20 17:05:00,37.4099006652832,37.40999984741211,37.345001220703125,37.345001220703125,43454
2026-02-20 17:10:00,37.34999847412109,37.369998931884766,37.290000915527344,37.334999084472656,188115
2026-02-20 17:15:00,37.345001220703125,37.34579849243164,37.2599983215332,37.31499862670898,94854
2026-02-20 17:20:00,37.310001373291016,37.35499954223633,37.28499984741211,37.31499862670898,115687
2026-02-20 17:25:00,37.31499862670898,37.35499954223633,37.29999923706055,37.345001220703125,99384
2026-02-20 17:30:00,37.345001220703125,37.35710144042969,37.28499984741211,37.334999084472656,88289
2026-02-20 17:35:00,37.34000015258789,37.39500045776367,37.30500030517578,37.345001220703125,111001
2026-02-20 17:40:00,37.34000015258789,37.39649963378906,37.31999969482422,37.38999938964844,78442
2026-02-20 17:45:00,37.38349914550781,37.45500183105469,37.375,37.45500183105469,99903
2026-02-20 17:50:00,37.45000076293945,37.5099983215332,37.41999816894531,37.470001220703125,96296
2026-02-20 17:55:00,37.47499847412109,37.4900016784668,37.40999984741211,37.45500183105469,75180
2026-02-20 18:00:00,37.45500183105469,37.494998931884766,37.40499877929688,37.40499877929688,70603
2026-02-20 18:05:00,37.40499877929688,37.43999862670898,37.400299072265625,37.435001373291016,54079
2026-02-20 18:10:00,37.43000030517578,37.45000076293945,37.38999938964844,37.415000915527344,53875
2026-02-20 18:15:00,37.415000915527344,37.41999816894531,37.369998931884766,37.40499877929688,72787
2026-02-20 18:20:00,37.400001525878906,37.41999816894531,37.345001220703125,37.415000915527344,85366
2026-02-20 18:25:00,37.40999984741211,37.45500183105469,37.39300155639648,37.40499877929688,74871
2026-02-20 18:30:00,37.40499877929688,37.494998931884766,37.3650016784668,37.44499969482422,102244
2026-02-20 18:35:00,37.43999862670898,37.45500183105469,37.334999084472656,37.41999816894531,128308
2026-02-20 18:40:00,37.415000915527344,37.47499847412109,37.39500045776367,37.435001373291016,91490
2026-02-20 18:45:00,37.43999862670898,37.540000915527344,37.43999862670898,37.505001068115234,86067
2026-02-20 18:50:00,37.505001068115234,37.54499816894531,37.46500015258789,37.53499984741211,86848
2026-02-20 18:55:00,37.53499984741211,37.54499816894531,37.5,37.53499984741211,67312
2026-02-20 19:00:00,37.540000915527344,37.54999923706055,37.4900016784668,37.5099983215332,72579
2026-02-20 19:05:00,37.505001068115234,37.52000045776367,37.47499847412109,37.5099983215332,78987
2026-02-20 19:10:00,37.51499938964844,37.53499984741211,37.47999954223633,37.47999954223633,57295
2026-02-20 19:15:00,37.47999954223633,37.48500061035156,37.43000030517578,37.435001373291016,45804
2026-02-20 19:20:00,37.435001373291016,37.494998931884766,37.415000915527344,37.46500015258789,110474
2026-02-20 19:25:00,37.46500015258789,37.47999954223633,37.42499923706055,37.459999084472656,64391
2026-02-20 19:30:00,37.45500183105469,37.53499984741211,37.45500183105469,37.52989959716797,76294
2026-02-20 19:35:00,37.52000045776367,37.54999923706055,37.494998931884766,37.494998931884766,55980
2026-02-20 19:40:00,37.494998931884766,37.51499938964844,37.459999084472656,37.46500015258789,60621
2026-02-20 19:45:00,37.459999084472656,37.47499847412109,37.43999862670898,37.47499847412109,69981
2026-02-20 19:50:00,37.47499847412109,37.48500061035156,37.43000030517578,37.45500183105469,80294
2026-02-20 19:55:00,37.45000076293945,37.470001220703125,37.42499923706055,37.46500015258789,109683
2026-02-20 20:00:00,37.470001220703125,37.53499984741211,37.46500015258789,37.52000045776367,79817
2026-02-20 20:05:00,37.52000045776367,37.560001373291016,37.51499938964844,37.55500030517578,86822
2026-02-20 20:10:00,37.560001373291016,37.56499862670898,37.5,37.51499938964844,119717
2026-02-20 20:15:00,37.51499938964844,37.51499938964844,37.45000076293945,37.46500015258789,113550
2026-02-20 20:20:00,37.459999084472656,37.560001373291016,37.459999084472656,37.525001525878906,147224
2026-02-20 20:25:00,37.525001525878906,37.52999877929688,37.47999954223633,37.5,165517
2026-02-20 20:30:00,37.505001068115234,37.545501708984375,37.48500061035156,37.4901008605957,164447
2026-02-20 20:35:00,37.4900016784668,37.584999084472656,37.470001220703125,37.572601318359375,195245
2026-02-20 20:40:00,37.57500076293945,37.58000183105469,37.540000915527344,37.56499862670898,193689
2026-02-20 20:45:00,37.56999969482422,37.625,37.52999877929688,37.59999847412109,329042
2026-02-20 20:50:00,37.60499954223633,37.68000030517578,37.60499954223633,37.625,412760
2026-02-20 20:55:00,37.625,37.65999984741211,37.494998931884766,37.540000915527344,1419881
2026-02-23 14:30:00,37.130001068115234,37.38999938964844,37.02999877929688,37.18000030517578,353684
2026-02-23 14:35:00,37.18999862670898,37.209999084472656,36.77000045776367,36.81999969482422,360316
2026-02-23 14:40:00,36.81999969482422,37.0099983215332,36.77999877929688,36.869998931884766,255866
2026-02-23 14:45:00,36.869998931884766,36.959999084472656,36.78499984741211,36.79499816894531,184668
2026-02-23 14:50:00,36.79999923706055,36.869998931884766,36.7400016784668,36.77999877929688,205023
2026-02-23 14:55:00,36.77000045776367,36.78260040283203,36.665000915527344,36.67250061035156,215215
2026-02-23 15:00:00,36.68000030517578,36.869998931884766,36.65999984741211,36.76499938964844,191654
2026-02-23 15:05:00,36.77000045776367,36.77000045776367,36.595001220703125,36.59999847412109,214627
2026-02-23 15:10:00,36.60499954223633,36.625,36.52999877929688,36.53499984741211,182612
2026-02-23 15:15:00,36.52999877929688,36.53499984741211,36.400001525878906,36.42499923706055,186311
2026-02-23 15:20:00,36.43000030517578,36.53499984741211,36.375,36.43999862670898,293275
2026-02-23 15:25:00,36.44499969482422,36.51499938964844,36.40999984741211,36.51499938964844,357940
2026-02-23 15:30:00,36.51499938964844,36.51499938964844,36.400001525878906,36.44499969482422,245863
2026-02-23 15:35:00,36.43999862670898,36.4900016784668,36.380001068115234,36.462398529052734,136846
2026-02-23 15:40:00,36.46500015258789,36.525001525878906,36.43999862670898,36.45000076293945,144927
2026-02-23 15:45:00,36.44499969482422,36.45000076293945,36.380001068115234,36.40499877929688,177708
2026-02-23 15:50:00,36.40999984741211,36.44499969482422,36.35499954223633,36.40999984741211,284090
2026-02-23 15:55:00,36.415000915527344,36.43999862670898,36.380001068115234,36.40499877929688,126626
2026-02-23 16:00:00,36.40999984741211,36.42499923706055,36.29999923706055,36.31499862670898,127686
2026-02-23 16:05:00,36.31999969482422,36.33000183105469,36.25,36.255001068115234,174717
2026-02-23 16:10:00,36.2599983215332,36.32500076293945,36.22499847412109,36.22999954223633,102331
2026-02-23 16:15:00,36.2400016784668,36.25650024414063,36.16999816894531,36.20500183105469,101794
2026-02-23 16:20:00,36.20000076293945,36.255001068115234,36.16999816894531,36.2400016784668,162646
2026-02-23 16:25:00,36.244998931884766,36.2593002319336,36.18999862670898,36.244998931884766,151761
2026-02-23 16:30:00,36.2400016784668,36.334999084472656,36.220001220703125,36.290000915527344,124492
2026-02-23 16:35:00,36.27999877929688,36.27999877929688,36.209999084472656,36.27000045776367,92559
2026-02-23 16:40:00,36.2599983215332,36.2599983215332,36.20000076293945,36.20000076293945,102040
2026-02-23 16:45:00,36.20000076293945,36.220001220703125,36.18999862670898,36.21500015258789,93078
2026-02-23 16:50:00,36.209999084472656,36.26499938964844,36.20500183105469,36.255001068115234,105772
2026-02-23 16:55:00,36.255001068115234,36.255001068115234,36.185001373291016,36.23500061035156,91248
2026-02-23 17:00:00,36.22999954223633,36.310001373291016,36.22499847412109,36.244998931884766,142562
2026-02-23 17:05:00,36.244998931884766,36.27000045776367,36.22999954223633,36.23500061035156,116008
2026-02-23 17:10:00,36.22999954223633,36.25,36.20500183105469,36.22499847412109,81641
2026-02-23 17:15:00,36.22999954223633,36.359901428222656,36.22999954223633,36.31700134277344,132151
2026-02-23 17:20:00,36.310001373291016,36.435001373291016,36.30500030517578,36.435001373291016,119270
2026-02-23 17:25:00,36.43999862670898,36.48500061035156,36.42499923706055,36.435001373291016,131700
2026-02-23 17:30:00,36.43000030517578,36.470001220703125,36.380001068115234,36.415000915527344,133231
2026-02-23 17:35:00,36.415000915527344,36.41749954223633,36.3400993347168,36.3849983215332,155858
2026-02-23 17:40:00,36.380001068115234,36.46500015258789,36.3650016784668,36.415000915527344,240773
2026-02-23 17:45:00,36.415000915527344,36.52999877929688,36.40999984741211,36.47999954223633,296883
2026-02-23 17:50:00,36.47999954223633,36.52000045776367,36.43000030517578,36.494998931884766,79325
2026-02-23 17:55:00,36.5,36.54999923706055,36.4900016784668,36.505001068115234,91526
2026-02-23 18:00:00,36.5099983215332,36.54999923706055,36.5099983215332,36.540000915527344,53740
2026-02-23 18:05:00,36.53499984741211,36.56999969482422,36.51499938964844,36.56499862670898,57198
2026-02-23 18:10:00,36.56499862670898,36.59000015258789,36.52999877929688,36.52999877929688,98804
2026-02-23 18:15:00,36.52000045776367,36.525001525878906,36.43999862670898,36.459999084472656,99856
2026-02-23 18:20:00,36.459999084472656,36.57500076293945,36.45000076293945,36.56999969482422,92390
2026-02-23 18:25:00,36.56499862670898,36.650001525878906,36.560001373291016,36.64500045776367,82026
2026-02-23 18:30:00,36.64500045776367,36.64500045776367,36.56999969482422,36.63999938964844,91443
2026-02-23 18:35:00,36.64500045776367,36.650001525878906,36.60499954223633,36.6150016784668,69015
2026-02-23 18:40:00,36.6150016784668,36.619998931884766,36.560001373291016,36.584999084472656,77587
2026-02-23 18:45:00,36.59000015258789,36.63999938964844,36.58000183105469,36.6349983215332,119526
2026-02-23 18:50:00,36.6349983215332,36.6349983215332,36.56499862670898,36.57500076293945,93151
2026-02-23 18:55:00,36.57500076293945,36.584999084472656,36.5,36.5099983215332,68036
2026-02-23 19:00:00,36.5099983215332,36.5099983215332,36.459999084472656,36.47499847412109,82837
2026-02-23 19:05:00,36.47499847412109,36.4900016784668,36.45500183105469,36.47499847412109,147528
2026-02-23 19:10:00,36.47499847412109,36.5098991394043,36.435001373291016,36.47499847412109,99867
2026-02-23 19:15:00,36.47499847412109,36.48500061035156,36.43000030517578,36.45500183105469,100476
2026-02-23 19:20:00,36.45000076293945,36.459999084472656,36.400001525878906,36.41999816894531,97435
2026-02-23 19:25:00,36.42499923706055,36.45500183105469,36.415000915527344,36.415000915527344,148653
2026-02-23 19:30:00,36.41999816894531,36.46500015258789,36.38999938964844,36.45000076293945,84710
2026-02-23 19:35:00,36.45000076293945,36.55500030517578,36.43999862670898,36.4900016784668,134995
2026-02-23 19:40:00,36.494998931884766,36.54499816894531,36.46500015258789,36.53499984741211,122520
2026-02-23 19:45:00,36.53499984741211,36.58000183105469,36.53450012207031,36.56499862670898,85417
2026-02-23 19:50:00,36.56999969482422,36.58000183105469,36.52999877929688,36.55500030517578,108368
2026-02-23 19:55:00,36.560001373291016,36.61000061035156,36.5099983215332,36.53499984741211,103300
2026-02-23 20:00:00,36.540000915527344,36.60499954223633,36.52000045776367,36.595001220703125,110628
2026-02-23 20:05:00,36.595001220703125,36.625,36.56499862670898,36.58000183105469,113134
2026-02-23 20:10:00,36.57500076293945,36.584999084472656,36.52999877929688,36.52999877929688,83281
2026-02-23 20:15:00,36.53499984741211,36.59000015258789,36.52999877929688,36.56010055541992,88674
2026-02-23 20:20:00,36.560001373291016,36.58700180053711,36.540000915527344,36.54499816894531,113032
2026-02-23 20:25:00,36.540000915527344,36.58000183105469,36.540000915527344,36.560001373291016,110778
2026-02-23 20:30:00,36.56999969482422,36.57500076293945,36.52000045776367,36.540000915527344,180558
2026-02-23 20:35:00,36.54499816894531,36.59999847412109,36.52000045776367,36.56499862670898,297828
2026-02-23 20:40:00,36.56999969482422,36.6150016784668,36.54999923706055,36.57500076293945,175960
2026-02-23 20:45:00,36.57500076293945,36.65999984741211,36.56999969482422,36.63999938964844,199534
2026-02-23 20:50:00,36.650001525878906,36.65499877929688,36.540000915527344,36.56499862670898,427230
2026-02-23 20:55:00,36.56499862670898,36.625,36.54999923706055,36.619998931884766,948185
2026-02-24 14:30:00,36.56499862670898,36.584999084472656,36.29999923706055,36.47499847412109,272933
2026-02-24 14:35:00,36.47999954223633,36.68999862670898,36.375,36.525001525878906,286657
2026-02-24 14:40:00,36.52999877929688,36.59999847412109,36.244998931884766,36.34000015258789,239013
2026-02-24 14:45:00,36.31999969482422,36.4900016784668,36.2400016784668,36.48500061035156,191241
2026-02-24 14:50:00,36.48500061035156,36.5099983215332,36.33100128173828,36.345001220703125,263314
2026-02-24 14:55:00,36.34999847412109,36.38999938964844,36.28499984741211,36.38999938964844,158671
2026-02-24 15:00:00,36.38999938964844,36.45000076293945,36.28499984741211,36.28499984741211,130200
2026-02-24 15:05:00,36.290000915527344,36.40999984741211,36.2599983215332,36.400001525878906,153050
2026-02-24 15:10:00,36.400001525878906,36.407501220703125,36.290000915527344,36.310001373291016,134361
2026-02-24 15:15:00,36.310001373291016,36.54880142211914,36.290000915527344,36.540000915527344,118746
2026-02-24 15:20:00,36.54499816894531,36.61000061035156,36.52999877929688,36.584999084472656,103769
2026-02-24 15:25:00,36.59000015258789,36.73500061035156,36.56499862670898,36.720001220703125,137687
2026-02-24 15:30:00,36.720001220703125,36.82500076293945,36.709999084472656,36.79499816894531,152057
2026-02-24 15:35:00,36.79999923706055,36.83000183105469,36.7400016784668,36.755001068115234,116454
2026-02-24 15:40:00,36.755001068115234,36.81499862670898,36.75,36.810001373291016,98850
2026-02-24 15:45:00,36.80500030517578,36.81499862670898,36.71500015258789,36.71500015258789,116301
2026-02-24 15:50:00,36.720001220703125,36.80500030517578,36.685001373291016,36.70500183105469,137912
2026-02-24 15:55:00,36.70500183105469,36.70500183105469,36.619998931884766,36.650001525878906,79787
2026-02-24 16:00:00,36.650001525878906,36.650001525878906,36.57500076293945,36.59000015258789,100838
2026-02-24 16:05:00,36.584999084472656,36.665000915527344,36.584999084472656,36.6150016784668,73497
2026-02-24 16:10:00,36.619998931884766,36.63999938964844,36.58000183105469,36.59080123901367,119018
2026-02-24 16:15:00,36.595001220703125,36.61000061035156,36.525001525878906,36.55500030517578,106816
2026-02-24 16:20:00,36.55120086669922,36.58000183105469,36.540000915527344,36.54499816894531,69736
2026-02-24 16:25:00,36.54499816894531,36.560001373291016,36.51029968261719,36.51499938964844,86978
2026-02-24 16:30:00,36.5192985534668,36.540000915527344,36.400001525878906,36.40499877929688,138738
2026-02-24 16:35:00,36.40499877929688,36.45000076293945,36.3849983215332,36.42499923706055,185966
2026-02-24 16:40:00,36.41999816894531,36.470001220703125,36.410099029541016,36.415000915527344,108189
2026-02-24 16:45:00,36.415000915527344,36.45500183105469,36.38999938964844,36.39500045776367,71768
2026-02-24 16:50:00,36.38999938964844,36.45500183105469,36.3849983215332,36.44499969482422,73556
2026-02-24 16:55:00,36.44499969482422,36.47999954223633,36.41999816894531,36.47499847412109,97521
2026-02-24 17:00:00,36.47499847412109,36.525001525878906,36.43000030517578,36.47499847412109,126576
2026-02-24 17:05:00,36.47499847412109,36.47499847412109,36.38999938964844,36.44499969482422,101478
2026-02-24 17:10:00,36.44499969482422,36.47999954223633,36.44499969482422,36.459999084472656,78206
2026-02-24 17:15:00,36.459999084472656,36.4900016784668,36.41210174560547,36.41999816894531,80020
2026-02-24 17:20:00,36.41170120239258,36.42499923706055,36.39030075073242,36.40499877929688,68762
2026-02-24 17:25:00,36.40499877929688,36.435001373291016,36.400001525878906,36.415000915527344,61909
2026-02-24 17:30:00,36.41999816894531,36.505001068115234,36.415000915527344,36.44499969482422,101624
2026-02-24 17:35:00,36.44499969482422,36.470001220703125,36.43999862670898,36.44499969482422,77708
2026-02-24 17:40:00,36.44649887084961,36.47499847412109,36.34999847412109,36.35499954223633,148602
2026-02-24 17:45:00,36.36000061035156,36.39500045776367,36.34000015258789,36.375,100857
2026-02-24 17:50:00,36.375,36.38999938964844,36.35499954223633,36.384498596191406,61143
2026-02-24 17:55:00,36.3849983215332,36.40499877929688,36.34999847412109,36.35499954223633,87319
2026-02-24 18:00:00,36.35010147094727,36.40499877929688,36.35010147094727,36.40499877929688,104713
2026-02-24 18:05:00,36.400001525878906,36.40499877929688,36.35499954223633,36.3650016784668,57374
2026-02-24 18:10:00,36.3650016784668,36.3849983215332,36.345001220703125,36.34999847412109,61950
2026-02-24 18:15:00,36.35499954223633,36.35499954223633,36.310001373291016,36.310001373291016,75683
2026-02-24 18:20:00,36.31499862670898,36.32590103149414,36.29499816894531,36.32590103149414,72079
2026-02-24 18:25:00,36.32500076293945,36.34999847412109,36.31999969482422,36.345001220703125,70878
2026-02-24 18:30:00,36.345001220703125,36.369998931884766,36.33000183105469,36.34000015258789,73272
2026-02-24 18:35:00,36.345001220703125,36.415000915527344,36.34000015258789,36.39500045776367,92902
2026-02-24 18:40:00,36.39500045776367,36.40999984741211,36.34999847412109,36.375,93085
2026-02-24 18:45:00,36.375,36.470001220703125,36.369998931884766,36.46500015258789,136766
2026-02-24 18:50:00,36.46500015258789,36.5,36.46500015258789,36.470001220703125,114029
2026-02-24 18:55:00,36.47499847412109,36.47999954223633,36.39500045776367,36.415000915527344,88129
2026-02-24 19:00:00,36.40999984741211,36.40999984741211,36.380001068115234,36.3849983215332,76286
2026-02-24 19:05:00,36.38560104370117,36.39500045776367,36.334999084472656,36.345001220703125,92729
2026-02-24 19:10:00,36.345001220703125,36.369998931884766,36.345001220703125,36.36000061035156,51456
2026-02-24 19:15:00,36.35499954223633,36.35499954223633,36.244998931884766,36.2599983215332,516052
2026-02-24 19:20:00,36.244998931884766,36.244998931884766,36.20000076293945,36.244998931884766,160108
2026-02-24 19:25:00,36.244998931884766,36.275001525878906,36.22999954223633,36.22999954223633,102363
2026-02-24 19:30:00,36.22499847412109,36.25,36.209999084472656,36.244998931884766,66901
2026-02-24 19:35:00,36.2400016784668,36.244998931884766,36.209999084472656,36.21500015258789,65189
2026-02-24 19:40:00,36.209999084472656,36.25,36.20500183105469,36.22499847412109,217640
2026-02-24 19:45:00,36.22499847412109,36.275001525878906,36.22499847412109,36.25510025024414,136372
2026-02-24 19:50:00,36.255001068115234,36.28749847412109,36.23500061035156,36.250099182128906,162015
2026-02-24 19:55:00,36.255001068115234,36.27750015258789,36.18999862670898,36.19499969482422,141267
2026-02-24 20:00:00,36.19499969482422,36.20000076293945,36.14500045776367,36.17499923706055,120146
2026-02-24 20:05:00,36.17499923706055,36.20000076293945,36.16999816894531,36.17499923706055,127651
2026-02-24 20:10:00,36.17499923706055,36.20000076293945,36.150001525878906,36.19499969482422,123804
2026-02-24 20:15:00,36.19499969482422,36.227500915527344,36.17259979248047,36.20000076293945,224683
2026-02-24 20:20:00,36.20500183105469,36.22999954223633,36.18999862670898,36.19499969482422,114986
2026-02-24 20:25:00,36.19499969482422,36.209999084472656,36.15999984741211,36.160301208496094,192773
2026-02-24 20:30:00,36.16699981689453,36.25,36.165000915527344,36.244998931884766,227490
2026-02-24 20:35:00,36.244998931884766,36.27000045776367,36.20000076293945,36.20000076293945,229388
2026-02-24 20:40:00,36.20750045776367,36.33000183105469,36.20000076293945,36.31499862670898,351245
2026-02-24 20:45:00,36.31499862670898,36.41999816894531,36.310001373291016,36.375,270268
2026-02-24 20:50:00,36.375,36.459999084472656,36.35499954223633,36.43999862670898,343052
2026-02-24 20:55:00,36.43999862670898,36.525001525878906,36.43999862670898,36.48500061035156,923803
2026-02-25 14:30:00,36.93999862670898,37.220001220703125,36.83000183105469,36.959999084472656,400022
2026-02-25 14:35:00,36.935001373291016,36.959999084472656,36.61000061035156,36.75,203035
2026-02-25 14:40:00,36.77999877929688,36.880001068115234,36.7599983215332,36.86000061035156,217704
2026-02-25 14:45:00,36.86000061035156,37.005001068115234,36.810001373291016,36.84000015258789,285894
2026-02-25 14:50:00,36.84000015258789,37.040000915527344,36.84000015258789,36.89910125732422,251759
2026-02-25 14:55:00,36.8849983215332,36.8849983215332,36.68000030517578,36.744998931884766,184293
2026-02-25 15:00:00,36.7400016784668,36.79499816894531,36.650001525878906,36.76499938964844,205623
2026-02-25 15:05:00,36.7599983215332,36.88999938964844,36.75,36.875,169722
2026-02-25 15:10:00,36.880001068115234,36.95000076293945,36.84000015258789,36.94499969482422,135934
2026-02-25 15:15:00,36.93999862670898,36.977500915527344,36.8849983215332,36.90499877929688,238373
2026-02-25 15:20:00,36.90999984741211,36.92499923706055,36.775001525878906,36.875,121391
2026-02-25 15:25:00,36.875,36.970001220703125,36.8400993347168,36.95500183105469,118691
2026-02-25 15:30:00,36.95000076293945,37.07500076293945,36.935001373291016,37.02000045776367,168545
2026-02-25 15:35:00,37.02000045776367,37.05500030517578,36.96500015258789,37.040000915527344,214196
2026-02-25 15:40:00,37.040000915527344,37.09999847412109,36.95500183105469,36.970001220703125,201557
2026-02-25 15:45:00,36.959999084472656,36.98500061035156,36.875,36.93989944458008,291595
2026-02-25 15:50:00,36.935001373291016,37.07500076293945,36.91999816894531,37.07500076293945,138935
2026-02-25 15:55:00,37.07500076293945,37.1150016784668,37.040000915527344,37.07500076293945,78232
2026-02-25 16:00:00,37.07500076293945,37.1349983215332,37.06999969482422,37.084999084472656,90116
2026-02-25 16:05:00,37.084999084472656,37.10499954223633,37.0,37.025001525878906,112414
2026-02-25 16:10:00,37.025001525878906,37.05500030517578,36.95500183105469,36.95500183105469,97922
2026-02-25 16:15:00,36.95500183105469,36.95500183105469,36.845001220703125,36.915000915527344,132134
2026-02-25 16:20:00,36.915000915527344,36.9900016784668,36.90999984741211,36.96500015258789,151982
2026-02-25 16:25:00,36.970001220703125,37.0364990234375,36.970001220703125,37.0098991394043,97215
2026-02-25 16:30:00,37.0099983215332,37.06999969482422,37.005001068115234,37.05500030517578,69718
2026-02-25 16:35:00,37.05500030517578,37.125,37.03499984741211,37.10499954223633,81493
2026-02-25 16:40:00,37.10499954223633,37.10499954223633,37.02999877929688,37.04499816894531,73059
2026-02-25 16:45:00,37.04499816894531,37.08990097045898,37.01499938964844,37.08000183105469,64266
2026-02-25 16:50:00,37.08000183105469,37.095001220703125,37.025001525878906,37.06499862670898,161685
2026-02-25 16:55:00,37.06499862670898,37.130001068115234,37.04499816894531,37.125,88548
2026-02-25 17:00:00,37.130001068115234,37.185001373291016,37.11449813842773,37.15499877929688,78300
2026-02-25 17:05:00,37.15499877929688,37.20750045776367,37.150001525878906,37.20000076293945,113848
2026-02-25 17:10:00,37.209999084472656,37.2599983215332,37.18999862670898,37.20500183105469,90673
2026-02-25 17:15:00,37.20500183105469,37.2599983215332,37.20000076293945,37.244998931884766,128824
2026-02-25 17:20:00,37.244998931884766,37.255001068115234,37.15499877929688,37.17499923706055,136173
2026-02-25 17:25:00,37.17499923706055,37.17509841918945,37.11000061035156,37.11199951171875,60142
2026-02-25 17:30:00,37.11009979248047,37.11009979248047,37.040000915527344,37.095001220703125,161497
2026-02-25 17:35:00,37.095001220703125,37.09999847412109,37.025001525878906,37.04499816894531,63576
2026-02-25 17:40:00,37.04499816894531,37.09999847412109,37.04499816894531,37.060001373291016,74808
2026-02-25 17:45:00,37.06999969482422,37.11000061035156,37.05049896240234,37.084999084472656,51356
2026-02-25 17:50:00,37.084999084472656,37.084999084472656,37.060001373291016,37.07500076293945,60056
2026-02-25 17:55:00,37.07500076293945,37.10630035400391,37.06240081787109,37.10020065307617,76601
2026-02-25 18:00:00,37.10499954223633,37.13999938964844,37.08000183105469,37.125,84262
2026-02-25 18:05:00,37.119998931884766,37.130001068115234,37.08000183105469,37.10499954223633,61701
2026-02-25 18:10:00,37.10499954223633,37.1150016784668,37.09000015258789,37.10499954223633,57784
2026-02-25 18:15:00,37.10499954223633,37.11000061035156,37.084999084472656,37.095001220703125,78260
2026-02-25 18:20:00,37.09000015258789,37.130001068115234,37.0801010131836,37.1150016784668,64166
2026-02-25 18:25:00,37.1150016784668,37.119998931884766,37.09999847412109,37.1150016784668,42280
2026-02-25 18:30:00,37.1150016784668,37.130001068115234,37.06499862670898,37.07500076293945,101561
2026-02-25 18:35:00,37.07500076293945,37.125,37.07500076293945,37.12239837646485,70047
2026-02-25 18:40:00,37.125,37.20000076293945,37.11000061035156,37.20000076293945,65462
2026-02-25 18:45:00,37.19499969482422,37.20500183105469,37.165000915527344,37.165000915527344,58251
2026-02-25 18:50:00,37.16999816894531,37.19499969482422,37.16999816894531,37.19499969482422,74400
2026-02-25 18:55:00,37.19499969482422,37.22499847412109,37.18999862670898,37.19499969482422,76565
2026-02-25 19:00:00,37.18999862670898,37.22499847412109,37.185001373291016,37.21500015258789,118316
2026-02-25 19:05:00,37.21500015258789,37.36000061035156,37.20500183105469,37.36000061035156,298399
2026-02-25 19:10:00,37.36000061035156,37.38999938964844,37.34000015258789,37.375,87414
2026-02-25 19:15:00,37.380001068115234,37.47999954223633,37.380001068115234,37.47999954223633,146189
2026-02-25 19:20:00,37.48500061035156,37.52999877929688,37.45000076293945,37.45500183105469,122029
2026-02-25 19:25:00,37.45500183105469,37.4650993347168,37.35499954223633,37.36000061035156,138996
2026-02-25 19:30:00,37.369998931884766,37.52000045776367,37.36000061035156,37.51499938964844,198203
2026-02-25 19:35:00,37.51499938964844,37.56499862670898,37.49340057373047,37.54999923706055,113278
2026-02-25 19:40:00,37.54999923706055,37.56999969482422,37.51499938964844,37.53499984741211,118951
2026-02-25 19:45:00,37.53499984741211,37.59999847412109,37.53499984741211,37.584999084472656,126763
2026-02-25 19:50:00,37.584999084472656,37.59000015258789,37.54499816894531,37.55500030517578,126843
2026-02-25 19:55:00,37.55500030517578,37.63999938964844,37.51499938964844,37.54499816894531,208563
2026-02-25 20:00:00,37.54499816894531,37.560001373291016,37.45500183105469,37.46500015258789,122584
2026-02-25 20:05:00,37.46500015258789,37.46500015258789,37.41999816894531,37.435001373291016,115931
2026-02-25 20:10:00,37.43999862670898,37.494998931884766,37.39500045776367,37.47499847412109,338473
2026-02-25 20:15:00,37.47499847412109,37.47999954223633,37.39500045776367,37.40499877929688,120403
2026-02-25 20:20:00,37.40499877929688,37.48500061035156,37.400001525878906,37.47499847412109,153934
2026-02-25 20:25:00,37.47499847412109,37.5,37.45000076293945,37.459999084472656,165222
2026-02-25 20:30:00,37.46500015258789,37.51499938964844,37.43000030517578,37.51499938964844,231784
2026-02-25 20:35:00,37.51499938964844,37.57500076293945,37.5,37.56499862670898,185199
2026-02-25 20:40:00,37.56499862670898,37.56999969482422,37.525001525878906,37.525001525878906,259118
2026-02-25 20:45:00,37.525001525878906,37.53929901123047,37.470001220703125,37.47999954223633,290696
2026-02-25 20:50:00,37.47999954223633,37.48500061035156,37.380001068115234,37.44499969482422,437022
2026-02-25 20:55:00,37.43999862670898,37.5099983215332,37.42499923706055,37.494998931884766,895004
2026-02-26 14:30:00,37.744998931884766,38.13999938964844,37.59000015258789,38.0,395570
2026-02-26 14:35:00,38.0,38.29800033569336,37.790000915527344,38.18999862670898,249717
2026-02-26 14:40:00,38.209999084472656,38.29999923706055,38.06999969482422,38.27999877929688,274523
2026-02-26 14:45:00,38.27000045776367,38.31499862670898,38.084999084472656,38.255001068115234,303266
2026-02-26 14:50:00,38.25,38.334999084472656,38.18000030517578,38.244998931884766,196069
2026-02-26 14:55:00,38.244998931884766,38.25,38.06999969482422,38.13999938964844,152028
2026-02-26 15:00:00,38.150001525878906,38.209999084472656,38.02999877929688,38.06999969482422,251886
2026-02-26 15:05:00,38.07500076293945,38.150001525878906,38.01499938964844,38.1349983215332,192455
2026-02-26 15:10:00,38.13999938964844,38.25,38.13999938964844,38.14500045776367,220016
2026-02-26 15:15:00,38.13999938964844,38.13999938964844,37.970001220703125,37.97150039672852,141198
2026-02-26 15:20:00,37.97499847412109,37.994998931884766,37.880001068115234,37.96500015258789,115164
2026-02-26 15:25:00,37.970001220703125,37.994998931884766,37.915000915527344,37.96500015258789,154885
2026-02-26 15:30:00,37.970001220703125,38.060001373291016,37.95000076293945,37.994998931884766,190287
2026-02-26 15:35:00,37.9900016784668,38.06999969482422,37.9900016784668,38.01499938964844,136420
2026-02-26 15:40:00,38.02000045776367,38.06499862670898,37.95500183105469,37.98500061035156,133840
2026-02-26 15:45:00,37.98500061035156,38.09000015258789,37.97999954223633,38.07500076293945,189723
2026-02-26 15:50:00,38.06999969482422,38.10499954223633,38.03499984741211,38.05009841918945,109654
2026-02-26 15:55:00,38.060001373291016,38.29999923706055,38.060001373291016,38.28499984741211,131379
2026-02-26 16:00:00,38.290000915527344,38.334999084472656,38.15999984741211,38.18000030517578,135086
2026-02-26 16:05:00,38.18999862670898,38.22999954223633,38.16999816894531,38.17499923706055,101135
2026-02-26 16:10:00,38.16999816894531,38.185001373291016,38.07500076293945,38.125,77616
2026-02-26 16:15:00,38.125,38.125,37.98500061035156,37.9900016784668,101338
2026-02-26 16:20:00,37.9900016784668,38.02999877929688,37.97499847412109,37.994998931884766,97409
2026-02-26 16:25:00,37.994998931884766,38.02000045776367,37.96500015258789,37.98500061035156,122500
2026-02-26 16:30:00,37.98500061035156,38.03499984741211,37.95000076293945,37.959999084472656,93643
2026-02-26 16:35:00,37.959999084472656,37.96500015258789,37.90499877929688,37.90499877929688,82218
2026-02-26 16:40:00,37.90499877929688,38.0,37.89500045776367,37.994998931884766,81995
2026-02-26 16:45:00,37.994998931884766,38.0099983215332,37.92499923706055,38.0,122521
2026-02-26 16:50:00,37.994998931884766,38.005001068115234,37.93000030517578,37.93000030517578,105544
2026-02-26 16:55:00,37.93000030517578,37.95000076293945,37.880001068115234,37.91999816894531,155792
2026-02-26 17:00:00,37.92499923706055,37.959999084472656,37.869998931884766,37.875,75963
2026-02-26 17:05:00,37.875,37.89500045776367,37.81499862670898,37.81999969482422,73391
2026-02-26 17:10:00,37.81499862670898,37.84999847412109,37.810001373291016,37.81499862670898,64340
2026-02-26 17:15:00,37.81999969482422,37.84000015258789,37.77999877929688,37.79499816894531,84320
2026-02-26 17:20:00,37.790000915527344,37.83000183105469,37.76499938964844,37.77000045776367,66870
2026-02-26 17:25:00,37.77000045776367,37.77000045776367,37.720001220703125,37.720001220703125,49848
2026-02-26 17:30:00,37.720001220703125,37.7599983215332,37.71500015258789,37.73500061035156,74638
2026-02-26 17:35:00,37.73500061035156,37.7400016784668,37.650001525878906,37.67499923706055,80689
2026-02-26 17:40:00,37.66999816894531,37.70500183105469,37.660099029541016,37.67499923706055,64247
2026-02-26 17:45:00,37.67499923706055,37.72499847412109,37.66999816894531,37.70500183105469,75349
2026-02-26 17:50:00,37.709999084472656,37.79999923706055,37.70500183105469,37.79499816894531,68044
2026-02-26 17:55:00,37.79999923706055,37.79999923706055,37.755001068115234,37.76499938964844,43297
2026-02-26 18:00:00,37.76499938964844,37.77000045776367,37.73500061035156,37.75,93635
2026-02-26 18:05:00,37.744998931884766,37.755001068115234,37.72499847412109,37.73500061035156,86240
2026-02-26 18:10:00,37.73500061035156,37.7599983215332,37.72999954223633,37.755001068115234,54722
2026-02-26 18:15:00,37.755001068115234,37.78499984741211,37.72999954223633,37.775001525878906,74035
2026-02-26 18:20:00,37.775001525878906,37.790000915527344,37.7400016784668,37.76499938964844,57021
2026-02-26 18:25:00,37.76499938964844,37.79499816894531,37.73500061035156,37.73500061035156,86115
2026-02-26 18:30:00,37.72999954223633,37.77000045776367,37.70500183105469,37.755001068115234,144963
2026-02-26 18:35:00,37.755001068115234,37.83000183105469,37.744998931884766,37.81499862670898,156942
2026-02-26 18:40:00,37.810001373291016,37.88999938964844,37.80500030517578,37.880001068115234,62709
2026-02-26 18:45:00,37.88999938964844,37.95500183105469,37.88999938964844,37.95500183105469,60763
2026-02-26 18:50:00,37.959999084472656,38.0,37.94499969482422,37.994998931884766,57092
2026-02-26 18:55:00,37.994998931884766,38.0,37.95000076293945,37.95500183105469,55924
2026-02-26 19:00:00,37.959999084472656,38.0,37.95000076293945,37.97499847412109,116245
2026-02-26 19:05:00,37.97499847412109,38.025001525878906,37.970001220703125,38.025001525878906,69252
2026-02-26 19:10:00,38.025001525878906,38.03499984741211,37.993900299072266,38.025001525878906,74946
2026-02-26 19:15:00,38.02999877929688,38.084999084472656,38.02999877929688,38.06999969482422,112510
2026-02-26 19:20:00,38.06039810180664,38.09000015258789,38.060001373291016,38.06499862670898,59944
2026-02-26 19:25:00,38.06499862670898,38.06999969482422,38.01499938964844,38.01499938964844,69927
2026-02-26 19:30:00,38.02000045776367,38.08000183105469,38.005001068115234,38.07500076293945,73481
2026-02-26 19:35:00,38.08000183105469,38.119998931884766,38.07500076293945,38.11000061035156,69549
2026-02-26 19:40:00,38.10499954223633,38.130001068115234,38.08000183105469,38.095001220703125,88171
2026-02-26 19:45:00,38.09999847412109,38.1349983215332,38.08000183105469,38.1349983215332,62005
2026-02-26 19:50:00,38.1349983215332,38.150001525878906,38.125,38.125,49516
2026-02-26 19:55:00,38.125,38.125,38.06370162963867,38.06499862670898,73833
2026-02-26 20:00:00,38.06499862670898,38.130001068115234,38.060001373291016,38.125,62344
2026-02-26 20:05:00,38.125,38.130001068115234,38.11000061035156,38.1150016784668,83880
2026-02-26 20:10:00,38.1150016784668,38.125,38.05500030517578,38.07500076293945,118122
2026-02-26 20:15:00,38.07500076293945,38.08000183105469,38.025001525878906,38.03010177612305,90758
2026-02-26 20:20:00,38.03499984741211,38.060001373291016,38.0099983215332,38.01499938964844,83762
2026-02-26 20:25:00,38.01499938964844,38.04999923706055,37.97999954223633,37.98500061035156,118987
2026-02-26 20:30:00,37.98500061035156,38.02999877929688,37.97999954223633,38.005001068115234,147919
2026-02-26 20:35:00,38.005001068115234,38.060001373291016,38.0,38.025001525878906,173670
2026-02-26 20:40:00,38.02000045776367,38.084999084472656,38.01499938964844,38.03499984741211,209070
2026-02-26 20:45:00,38.03499984741211,38.130001068115234,38.02999877929688,38.09999847412109,222039
2026-02-26 20:50:00,38.09999847412109,38.09999847412109,38.03499984741211,38.044898986816406,267728
2026-02-26 20:55:00,38.040000915527344,38.060001373291016,38.0,38.03499984741211,795927
2026-02-27 14:30:00,37.5,37.5,36.4900016784668,36.52000045776367,641397
2026-02-27 14:35:00,36.52000045776367,36.790000915527344,36.43000030517578,36.77000045776367,416077
2026-02-27 14:40:00,36.77000045776367,36.79999923706055,36.43000030517578,36.5,275685
2026-02-27 14:45:00,36.494998931884766,36.68709945678711,36.29999923706055,36.33000183105469,394734
2026-02-27 14:50:00,36.32500076293945,36.54999923706055,36.29999923706055,36.45000076293945,469348
2026-02-27 14:55:00,36.43999862670898,36.52999877929688,36.34999847412109,36.43000030517578,453476
2026-02-27 15:00:00,36.42499923706055,36.43999862670898,36.290000915527344,36.43999862670898,294236
2026-02-27 15:05:00,36.435001373291016,36.560001373291016,36.435001373291016,36.525001525878906,657390
2026-02-27 15:10:00,36.525001525878906,36.71500015258789,36.525001525878906,36.70500183105469,246383
2026-02-27 15:15:00,36.70500183105469,36.85749816894531,36.69499969482422,36.85010147094727,253307
2026-02-27 15:20:00,36.85499954223633,36.8849983215332,36.73500061035156,36.775001525878906,248203
2026-02-27 15:25:00,36.775001525878906,36.900001525878906,36.775001525878906,36.885101318359375,150711
2026-02-27 15:30:00,36.8849983215332,36.93000030517578,36.80500030517578,36.915000915527344,292399
2026-02-27 15:35:00,36.915000915527344,37.0099983215332,36.86000061035156,36.869998931884766,517507
2026-02-27 15:40:00,36.880001068115234,37.03749847412109,36.86000061035156,37.02999877929688,275284
2026-02-27 15:45:00,37.040000915527344,37.105098724365234,37.01499938964844,37.01499938964844,157369
2026-02-27 15:50:00,37.01499938964844,37.025001525878906,36.88999938964844,36.89500045776367,108897
2026-02-27 15:55:00,36.89500045776367,36.96500015258789,36.869998931884766,36.93000030517578,135166
2026-02-27 16:00:00,36.92499923706055,37.02000045776367,36.8849983215332,37.02000045776367,251500
2026-02-27 16:05:00,37.02999877929688,37.11000061035156,36.94010162353516,36.95500183105469,125176
2026-02-27 16:10:00,36.95500183105469,36.994998931884766,36.935001373291016,36.96500015258789,127000
2026-02-27 16:15:00,36.96500015258789,37.060001373291016,36.96500015258789,37.005001068115234,74357
2026-02-27 16:20:00,37.005001068115234,37.03499984741211,36.98500061035156,37.03499984741211,75993
2026-02-27 16:25:00,37.040000915527344,37.1150016784668,37.02000045776367,37.025001525878906,106078
2026-02-27 16:30:00,37.025001525878906,37.09999847412109,36.97999954223633,37.09999847412109,142151
2026-02-27 16:35:00,37.09999847412109,37.11000061035156,37.03010177612305,37.08250045776367,59544
2026-02-27 16:40:00,37.08000183105469,37.15999984741211,37.02999877929688,37.110198974609375,99325
2026-02-27 16:45:00,37.1150016784668,37.14550018310547,37.02000045776367,37.040000915527344,118283
2026-02-27 16:50:00,37.04499816894531,37.165000915527344,37.025001525878906,37.15499877929688,102875
2026-02-27 16:55:00,37.15999984741211,37.17499923706055,37.060001373291016,37.07500076293945,66312
2026-02-27 17:00:00,37.06999969482422,37.15999984741211,37.06499862670898,37.125,62865
2026-02-27 17:05:00,37.125,37.16999816894531,37.119998931884766,37.14500045776367,52063
2026-02-27 17:10:00,37.14500045776367,37.15499877929688,37.06499862670898,37.06499862670898,54785
2026-02-27 17:15:00,37.06340026855469,37.06499862670898,36.97499847412109,36.97499847412109,61771
2026-02-27 17:20:00,36.97499847412109,37.01499938964844,36.94760513305664,37.01499938964844,70481
2026-02-27 17:25:00,37.01499938964844,37.084999084472656,37.0099983215332,37.073001861572266,52551
2026-02-27 17:30:00,37.07500076293945,37.125301361083984,37.025001525878906,37.084999084472656,253642
2026-02-27 17:35:00,37.084999084472656,37.084999084472656,36.994998931884766,36.994998931884766,59264
2026-02-27 17:40:00,36.994998931884766,37.005001068115234,36.970001220703125,36.970001220703125,67098
2026-02-27 17:45:00,36.97499847412109,36.97999954223633,36.91999816894531,36.96500015258789,49851
2026-02-27 17:50:00,36.959999084472656,37.04499816894531,36.95500183105469,37.02000045776367,64441
2026-02-27 17:55:00,37.025001525878906,37.06999969482422,37.025001525878906,37.06499862670898,55284
2026-02-27 18:00:00,37.06499862670898,37.165000915527344,37.060001373291016,37.165000915527344,115809
2026-02-27 18:05:00,37.165000915527344,37.165000915527344,37.07500076293945,37.095001220703125,66553
2026-02-27 18:10:00,37.095001220703125,37.1150016784668,37.06999969482422,37.07170104980469,53206
2026-02-27 18:15:00,37.07500076293945,37.09000015258789,37.025001525878906,37.02999877929688,62380
2026-02-27 18:20:00,37.03499984741211,37.04499816894531,36.875,36.90999984741211,384527
2026-02-27 18:25:00,36.91999816894531,36.92499923706055,36.89500045776367,36.915000915527344,53134
2026-02-27 18:30:00,36.90999984741211,36.95500183105469,36.90999984741211,36.94010162353516,87275
2026-02-27 18:35:00,36.93999862670898,36.96500015258789,36.915000915527344,36.95000076293945,82019
2026-02-27 18:40:00,36.95000076293945,36.97499847412109,36.84999847412109,36.959999084472656,1023337
2026-02-27 18:45:00,36.95500183105469,36.95500183105469,36.890098571777344,36.95000076293945,180919
2026-02-27 18:50:00,36.95500183105469,36.97999954223633,36.91999816894531,36.91999816894531,172372
2026-02-27 18:55:00,36.90999984741211,36.915000915527344,36.875,36.901798248291016,66452
2026-02-27 19:00:00,36.90499877929688,36.97999954223633,36.900001525878906,36.97499847412109,79145
2026-02-27 19:05:00,36.97499847412109,36.994998931884766,36.915000915527344,36.92499923706055,102456
2026-02-27 19:10:00,36.92499923706055,36.9551010131836,36.900001525878906,36.90499877929688,77277
2026-02-27 19:15:00,36.90499877929688,36.91999816894531,36.86000061035156,36.88999938964844,84504
2026-02-27 19:20:00,36.8849983215332,36.959999084472656,36.8849983215332,36.959999084472656,107185
2026-02-27 19:25:00,36.959999084472656,36.9650993347168,36.84999847412109,36.85499954223633,98286
2026-02-27 19:30:00,36.85499954223633,36.935001373291016,36.85499954223633,36.92499923706055,101753
2026-02-27 19:35:00,36.92499923706055,37.06499862670898,36.92499923706055,37.03499984741211,127717
2026-02-27 19:40:00,37.03499984741211,37.05500030517578,36.98500061035156,37.04999923706055,114324
2026-02-27 19:45:00,37.04499816894531,37.07500076293945,36.97999954223633,36.98500061035156,81116
2026-02-27 19:50:00,36.98500061035156,36.98500061035156,36.95000076293945,36.970001220703125,80839
2026-02-27 19:55:00,36.9630012512207,36.98500061035156,36.92499923706055,36.93999862670898,74494
2026-02-27 20:00:00,36.93999862670898,36.9900016784668,36.93000030517578,36.970001220703125,92740
2026-02-27 20:05:00,36.96500015258789,36.9650993347168,36.93000030517578,36.95500183105469,86024
2026-02-27 20:10:00,36.95019912719727,37.06499862670898,36.94499969482422,37.06499862670898,116244
2026-02-27 20:15:00,37.06499862670898,37.10499954223633,37.06499862670898,37.07500076293945,149609
2026-02-27 20:20:00,37.06999969482422,37.07500076293945,37.02000045776367,37.06999969482422,147007
2026-02-27 20:25:00,37.06499862670898,37.06999969482422,36.9900016784668,36.994998931884766,133876
2026-02-27 20:30:00,37.0,37.09999847412109,37.0,37.07500076293945,141747
2026-02-27 20:35:00,37.08000183105469,37.11000061035156,37.06340026855469,37.07500076293945,180178
2026-02-27 20:40:00,37.07500076293945,37.15999984741211,37.04499816894531,37.11009979248047,208583
2026-02-27 20:45:00,37.1150016784668,37.220001220703125,37.1150016784668,37.16999816894531,280252
2026-02-27 20:50:00,37.16999816894531,37.20500183105469,37.084999084472656,37.1150016784668,394677
2026-02-27 20:55:00,37.1150016784668,37.220001220703125,37.09999847412109,37.209999084472656,1151767
2026-03-02 14:30:00,36.36000061035156,36.59000015258789,35.900001525878906,36.17499923706055,389496
2026-03-02 14:35:00,36.18000030517578,36.27999877929688,36.040000915527344,36.18000030517578,243361
2026-03-02 14:40:00,36.16999816894531,36.220001220703125,36.0,36.0099983215332,452109
2026-03-02 14:45:00,36.0099983215332,36.10499954223633,35.75,35.84000015258789,693483
2026-03-02 14:50:00,35.849998474121094,35.942100524902344,35.6150016784668,35.65999984741211,443936
2026-03-02 14:55:00,35.665000915527344,35.86000061035156,35.6510009765625,35.81999969482422,247801
2026-03-02 15:00:00,35.810001373291016,36.08000183105469,35.79499816894531,36.005001068115234,199270
2026-03-02 15:05:00,36.005001068115234,36.11000061035156,35.904998779296875,36.06999969482422,315629
2026-03-02 15:10:00,36.06999969482422,36.220001220703125,36.04499816894531,36.17499923706055,507282
2026-03-02 15:15:00,36.17499923706055,36.40499877929688,36.17499923706055,36.310001373291016,301942
2026-03-02 15:20:00,36.310001373291016,36.43999862670898,36.18999862670898,36.334999084472656,213603
2026-03-02 15:25:00,36.34000015258789,36.3650016784668,36.255001068115234,36.31999969482422,413674
2026-03-02 15:30:00,36.310001373291016,36.3849983215332,36.20000076293945,36.22499847412109,198274
2026-03-02 15:35:00,36.22499847412109,36.310001373291016,36.20500183105469,36.29499816894531,188763
2026-03-02 15:40:00,36.290000915527344,36.35499954223633,36.25,36.345001220703125,183334
2026-03-02 15:45:00,36.345001220703125,36.40499877929688,36.30500030517578,36.33000183105469,140171
2026-03-02 15:50:00,36.32500076293945,36.36000061035156,36.244998931884766,36.25,160892
2026-03-02 15:55:00,36.244998931884766,36.43999862670898,36.220001220703125,36.42499923706055,194216
2026-03-02 16:00:00,36.42499923706055,36.43000030517578,36.23500061035156,36.275001525878906,93814
2026-03-02 16:05:00,36.27000045776367,36.334999084472656,36.22999954223633,36.334999084472656,119805
2026-03-02 16:10:00,36.334999084472656,36.34999847412109,36.20500183105469,36.25,114486
2026-03-02 16:15:00,36.244998931884766,36.310001373291016,36.23500061035156,36.2599983215332,89746
2026-03-02 16:20:00,36.26499938964844,36.26499938964844,36.15499877929688,36.160099029541016,121656
2026-03-02 16:25:00,36.16999816894531,36.20000076293945,36.04999923706055,36.06549835205078,126855
2026-03-02 16:30:00,36.060001373291016,36.13999938964844,36.04499816894531,36.11000061035156,126103
2026-03-02 16:35:00,36.10499954223633,36.21500015258789,36.084999084472656,36.20500183105469,104993
2026-03-02 16:40:00,36.20500183105469,36.42499923706055,36.20500183105469,36.39500045776367,91005
2026-03-02 16:45:00,36.38999938964844,36.46500015258789,36.3849983215332,36.40999984741211,131052
2026-03-02 16:50:00,36.40999984741211,36.45500183105469,36.400001525878906,36.42499923706055,104541
2026-03-02 16:55:00,36.41999816894531,36.54499816894531,36.39500045776367,36.52009963989258,110480
2026-03-02 17:00:00,36.52750015258789,36.555301666259766,36.45000076293945,36.4650993347168,127515
2026-03-02 17:05:00,36.470001220703125,36.4900016784668,36.42499923706055,36.459999084472656,68584
2026-03-02 17:10:00,36.45000076293945,36.5099983215332,36.42499923706055,36.500099182128906,74684
2026-03-02 17:15:00,36.5,36.619998931884766,36.494998931884766,36.57500076293945,91942
2026-03-02 17:20:00,36.58000183105469,36.595001220703125,36.51499938964844,36.542999267578125,77489
2026-03-02 17:25:00,36.54999923706055,36.58000183105469,36.4900016784668,36.4900016784668,81506
2026-03-02 17:30:00,36.4900016784668,36.55500030517578,36.47999954223633,36.525001525878906,68671
2026-03-02 17:35:00,36.525001525878906,36.53499984741211,36.45000076293945,36.46500015258789,77332
2026-03-02 17:40:00,36.459999084472656,36.5099983215332,36.43999862670898,36.47499847412109,83723
2026-03-02 17:45:00,36.47499847412109,36.53609848022461,36.47499847412109,36.525001525878906,61499
2026-03-02 17:50:00,36.52000045776367,36.52999877929688,36.470001220703125,36.505001068115234,60481
2026-03-02 17:55:00,36.505001068115234,36.540000915527344,36.47999954223633,36.53499984741211,72262
2026-03-02 18:00:00,36.52999877929688,36.56999969482422,36.51499938964844,36.540000915527344,68815
2026-03-02 18:05:00,36.54499816894531,36.63750076293945,36.54499816894531,36.61750030517578,76190
2026-03-02 18:10:00,36.6150016784668,36.65999984741211,36.60499954223633,36.61000061035156,88011
2026-03-02 18:15:00,36.60499954223633,36.60499954223633,36.52999877929688,36.56999969482422,75670
2026-03-02 18:20:00,36.560001373291016,36.57500076293945,36.52999877929688,36.57500076293945,58541
2026-03-02 18:25:00,36.56999969482422,36.5702018737793,36.52999877929688,36.54999923706055,53767
2026-03-02 18:30:00,36.55500030517578,36.58000183105469,36.43000030517578,36.435001373291016,101272
2026-03-02 18:35:00,36.43370056152344,36.45500183105469,36.32500076293945,36.345001220703125,75616
2026-03-02 18:40:00,36.345001220703125,36.34999847412109,36.30500030517578,36.33000183105469,120210
2026-03-02 18:45:00,36.334999084472656,36.34999847412109,36.26499938964844,36.29499816894531,183024
2026-03-02 18:50:00,36.29499816894531,36.334999084472656,36.28499984741211,36.334999084472656,92218
2026-03-02 18:55:00,36.33000183105469,36.4197998046875,36.31999969482422,36.3849983215332,130088
2026-03-02 19:00:00,36.380001068115234,36.45500183105469,36.375,36.44499969482422,80855
2026-03-02 19:05:00,36.44499969482422,36.540000915527344,36.44499969482422,36.540000915527344,101391
2026-03-02 19:10:00,36.53010177612305,36.54999923706055,36.459999084472656,36.54999923706055,102756
2026-03-02 19:15:00,36.560001373291016,36.6150016784668,36.55500030517578,36.60499954223633,79585
2026-03-02 19:20:00,36.61000061035156,36.665000915527344,36.61000061035156,36.63999938964844,77394
2026-03-02 19:25:00,36.64500045776367,36.68000030517578,36.619998931884766,36.67499923706055,78845
2026-03-02 19:30:00,36.68000030517578,36.77000045776367,36.68000030517578,36.70000076293945,91131
2026-03-02 19:35:00,36.69499969482422,36.720001220703125,36.65999984741211,36.665000915527344,100539
2026-03-02 19:40:00,36.665000915527344,36.66999816894531,36.60499954223633,36.630001068115234,75810
2026-03-02 19:45:00,36.6349983215332,36.65999984741211,36.619998931884766,36.625,69481
2026-03-02 19:50:00,36.625,36.665000915527344,36.625,36.64500045776367,123154
2026-03-02 19:55:00,36.64500045776367,36.67499923706055,36.619998931884766,36.65999984741211,197582
2026-03-02 20:00:00,36.66999816894531,36.720001220703125,36.6349983215332,36.68000030517578,86768
2026-03-02 20:05:00,36.685001373291016,36.68999862670898,36.61000061035156,36.6150016784668,132410
2026-03-02 20:10:00,36.61000061035156,36.67499923706055,36.59000015258789,36.619998931884766,154368
2026-03-02 20:15:00,36.61000061035156,36.650001525878906,36.58000183105469,36.630001068115234,147865
2026-03-02 20:20:00,36.630001068115234,36.64649963378906,36.584999084472656,36.59000015258789,109289
2026-03-02 20:25:00,36.584999084472656,36.60499954223633,36.52999877929688,36.53499984741211,136530
2026-03-02 20:30:00,36.540000915527344,36.58000183105469,36.525001525878906,36.56499862670898,141580
2026-03-02 20:35:00,36.56499862670898,36.60499954223633,36.54999923706055,36.560001373291016,150644
2026-03-02 20:40:00,36.56499862670898,36.60499954223633,36.540000915527344,36.595001220703125,240283
2026-03-02 20:45:00,36.595001220703125,36.650001525878906,36.56999969482422,36.6349983215332,165591
2026-03-02 20:50:00,36.63999938964844,36.64500045776367,36.56999969482422,36.57500076293945,287750
2026-03-02 20:55:00,36.56999969482422,36.709999084472656,36.56999969482422,36.665000915527344,1101680
2026-03-03 14:30:00,35.79999923706055,35.83000183105469,35.459999084472656,35.54999923706055,471917
2026-03-03 14:35:00,35.560001373291016,35.709999084472656,35.505001068115234,35.64500045776367,495337
2026-03-03 14:40:00,35.64500045776367,35.95000076293945,35.64500045776367,35.869998931884766,240275
2026-03-03 14:45:00,35.869998931884766,35.939998626708984,35.755001068115234,35.779998779296875,237298
2026-03-03 14:50:00,35.779998779296875,35.82500076293945,35.69499969482422,35.78499984741211,238761
2026-03-03 14:55:00,35.78499984741211,35.810001373291016,35.67499923706055,35.790000915527344,199695
2026-03-03 15:00:00,35.790000915527344,35.900001525878906,35.755001068115234,35.77000045776367,187090
2026-03-03 15:05:00,35.779998779296875,35.904998779296875,35.685001373291016,35.755001068115234,196715
2026-03-03 15:10:00,35.75,35.882301330566406,35.744998931884766,35.82500076293945,206601
2026-03-03 15:15:00,35.82500076293945,35.83000183105469,35.630001068115234,35.6349983215332,177448
2026-03-03 15:20:00,35.630001068115234,35.64500045776367,35.46500015258789,35.625,139681
2026-03-03 15:25:00,35.619998931884766,35.689998626708984,35.60499954223633,35.65999984741211,130656
2026-03-03 15:30:00,35.665000915527344,35.69499969482422,35.51499938964844,35.540000915527344,174604
2026-03-03 15:35:00,35.54499816894531,35.65999984741211,35.505001068115234,35.61000061035156,139335
2026-03-03 15:40:00,35.61000061035156,35.689998626708984,35.564998626708984,35.599998474121094,196548
2026-03-03 15:45:00,35.595001220703125,35.6349983215332,35.540000915527344,35.6150016784668,184082
2026-03-03 15:50:00,35.61000061035156,35.61000061035156,35.505001068115234,35.525001525878906,168141
2026-03-03 15:55:00,35.529998779296875,35.54999923706055,35.48500061035156,35.51499938964844,225719
2026-03-03 16:00:00,35.51499938964844,35.619998931884766,35.48500061035156,35.599998474121094,207676
2026-03-03 16:05:00,35.599998474121094,35.939998626708984,35.595001220703125,35.93000030517578,148620
2026-03-03 16:10:00,35.93000030517578,35.97999954223633,35.90999984741211,35.97999954223633,95150
2026-03-03 16:15:00,35.97999954223633,36.0,35.880001068115234,35.904998779296875,93538
2026-03-03 16:20:00,35.900001525878906,36.01499938964844,35.880001068115234,35.994998931884766,92208
2026-03-03 16:25:00,35.994998931884766,36.040000915527344,35.974998474121094,36.02000045776367,80710
2026-03-03 16:30:00,36.0099983215332,36.040000915527344,35.95500183105469,36.01739883422852,95794
2026-03-03 16:35:00,36.02000045776367,36.040000915527344,36.0,36.0099983215332,78314
2026-03-03 16:40:00,36.02000045776367,36.11000061035156,36.005001068115234,36.08000183105469,76656
2026-03-03 16:45:00,36.07500076293945,36.185001373291016,36.04999923706055,36.119998931884766,79764
2026-03-03 16:50:00,36.125,36.209999084472656,36.1150016784668,36.18999862670898,78910
2026-03-03 16:55:00,36.20000076293945,36.23500061035156,36.17499923706055,36.20500183105469,61850
2026-03-03 17:00:00,36.20000076293945,36.20500183105469,36.09000015258789,36.1150016784668,70630
2026-03-03 17:05:00,36.11000061035156,36.17499923706055,36.11000061035156,36.1349983215332,88472
2026-03-03 17:10:00,36.1349983215332,36.19499969482422,36.1349983215332,36.19499969482422,73512
2026-03-03 17:15:00,36.1973991394043,36.244998931884766,36.165000915527344,36.22499847412109,88543
2026-03-03 17:20:00,36.220001220703125,36.29499816894531,36.20000076293945,36.27999877929688,62959
2026-03-03 17:25:00,36.27429962158203,36.290000915527344,36.209999084472656,36.27999877929688,64940
2026-03-03 17:30:00,36.27000045776367,36.27000045776367,36.20159912109375,36.20159912109375,43604
2026-03-03 17:35:00,36.20000076293945,36.27999877929688,36.19499969482422,36.27000045776367,53331
2026-03-03 17:40:00,36.26499938964844,36.3650016784668,36.26499938964844,36.36000061035156,47835
2026-03-03 17:45:00,36.36240005493164,36.400001525878906,36.345001220703125,36.380001068115234,40625
2026-03-03 17:50:00,36.3849983215332,36.39500045776367,36.32500076293945,36.32500076293945,99869
2026-03-03 17:55:00,36.33000183105469,36.45000076293945,36.32500076293945,36.40499877929688,75710
2026-03-03 18:00:00,36.40499877929688,36.4900016784668,36.40499877929688,36.47499847412109,60330
2026-03-03 18:05:00,36.47499847412109,36.56999969482422,36.470001220703125,36.55500030517578,60235
2026-03-03 18:10:00,36.55500030517578,36.56999969482422,36.45500183105469,36.47499847412109,76400
2026-03-03 18:15:00,36.47999954223633,36.55500030517578,36.47999954223633,36.52000045776367,56329
2026-03-03 18:20:00,36.51499938964844,36.57500076293945,36.5099983215332,36.54999923706055,63849
2026-03-03 18:25:00,36.54999923706055,36.59999847412109,36.53499984741211,36.56499862670898,55803
2026-03-03 18:30:00,36.560001373291016,36.68000030517578,36.560001373291016,36.66999816894531,82808
2026-03-03 18:35:00,36.665000915527344,36.7400016784668,36.640098571777344,36.7400016784668,69853
2026-03-03 18:40:00,36.7400016784668,36.77000045776367,36.69499969482422,36.71500015258789,88941
2026-03-03 18:45:00,36.71500015258789,36.834999084472656,36.68999862670898,36.81660079956055,80152
2026-03-03 18:50:00,36.81959915161133,36.81959915161133,36.77000045776367,36.810001373291016,72136
2026-03-03 18:55:00,36.79999923706055,36.877201080322266,36.78499984741211,36.86000061035156,102984
2026-03-03 19:00:00,36.8650016784668,36.93000030517578,36.834999084472656,36.84000015258789,150239
2026-03-03 19:05:00,36.84529876708984,36.85499954223633,36.77000045776367,36.79499816894531,84815
2026-03-03 19:10:00,36.79499816894531,36.93999862670898,36.79499816894531,36.915000915527344,139353
2026-03-03 19:15:00,36.91999816894531,36.93000030517578,36.84999847412109,36.875,103752
2026-03-03 19:20:00,36.875,36.89509963989258,36.86009979248047,36.869998931884766,66929
2026-03-03 19:25:00,36.869998931884766,36.87220001220703,36.78499984741211,36.83000183105469,83274
2026-03-03 19:30:00,36.81999969482422,36.859901428222656,36.7599983215332,36.78499984741211,79162
2026-03-03 19:35:00,36.78499984741211,36.994998931884766,36.775001525878906,36.91999816894531,207981
2026-03-03 19:40:00,36.93000030517578,37.04499816894531,36.91999816894531,37.03499984741211,133063
2026-03-03 19:45:00,37.040000915527344,37.06999969482422,37.025001525878906,37.04499816894531,85610
2026-03-03 19:50:00,37.04499816894531,37.084999084472656,37.025001525878906,37.08000183105469,131118
2026-03-03 19:55:00,37.07500076293945,37.13999938964844,37.0,37.125,178471
2026-03-03 20:00:00,37.130001068115234,37.16999816894531,37.09799957275391,37.14500045776367,91407
2026-03-03 20:05:00,37.150001525878906,37.18000030517578,37.1150016784668,37.1349983215332,84769
2026-03-03 20:10:00,37.13029861450195,37.150001525878906,37.10499954223633,37.119998931884766,183485
2026-03-03 20:15:00,37.125,37.130001068115234,37.040000915527344,37.07500076293945,189310
2026-03-03 20:20:00,37.08000183105469,37.09000015258789,37.01150131225586,37.025001525878906,115126
2026-03-03 20:25:00,37.025001525878906,37.06499862670898,37.01499938964844,37.025001525878906,106130
2026-03-03 20:30:00,37.02000045776367,37.10499954223633,37.01499938964844,37.08599853515625,142967
2026-03-03 20:35:00,37.084999084472656,37.09999847412109,36.9901008605957,37.0,220441
2026-03-03 20:40:00,37.005001068115234,37.005001068115234,36.92369842529297,36.93999862670898,165980
2026-03-03 20:45:00,36.935001373291016,36.959999084472656,36.91999816894531,36.94499969482422,228706
2026-03-03 20:50:00,36.93999862670898,36.94499969482422,36.79999923706055,36.8849983215332,302387
2026-03-03 20:55:00,36.8849983215332,36.93999862670898,36.8650016784668,36.91999816894531,792407
2026-03-04 14:30:00,37.04999923706055,37.150001525878906,36.40999984741211,36.59999847412109,293017
2026-03-04 14:35:00,36.619998931884766,36.6349983215332,36.290000915527344,36.4900016784668,254112
2026-03-04 14:40:00,36.5,36.560001373291016,36.290000915527344,36.43999862670898,212649
2026-03-04 14:45:00,36.43000030517578,36.72499847412109,36.369998931884766,36.650001525878906,149885
2026-03-04 14:50:00,36.630001068115234,36.84000015258789,36.56999969482422,36.810001373291016,110604
2026-03-04 14:55:00,36.810001373291016,36.82500076293945,36.68999862670898,36.79499816894531,135930
2026-03-04 15:00:00,36.79499816894531,36.89500045776367,36.68999862670898,36.81499862670898,231449
2026-03-04 15:05:00,36.81999969482422,36.84999847412109,36.6349983215332,36.685001373291016,161396
2026-03-04 15:10:00,36.685001373291016,36.72499847412109,36.560001373291016,36.59000015258789,134815
2026-03-04 15:15:00,36.59000015258789,36.630001068115234,36.505001068115234,36.6150016784668,100012
2026-03-04 15:20:00,36.61000061035156,36.61000061035156,36.52000045776367,36.584999084472656,100869
2026-03-04 15:25:00,36.58000183105469,36.6349983215332,36.5099983215332,36.52000045776367,120248
2026-03-04 15:30:00,36.52000045776367,36.52000045776367,36.33000183105469,36.34000015258789,139272
2026-03-04 15:35:00,36.33000183105469,36.334999084472656,36.2599983215332,36.310001373291016,102939
2026-03-04 15:40:00,36.310001373291016,36.35499954223633,36.275001525878906,36.345001220703125,90684
2026-03-04 15:45:00,36.34000015258789,36.38999938964844,36.31999969482422,36.3650016784668,96943
2026-03-04 15:50:00,36.3650016784668,36.400001525878906,36.31999969482422,36.36449813842773,73948
2026-03-04 15:55:00,36.36000061035156,36.435001373291016,36.32500076293945,36.33000183105469,109932
2026-03-04 16:00:00,36.334999084472656,36.43000030517578,36.29069900512695,36.38999938964844,155216
2026-03-04 16:05:00,36.39849853515625,36.53499984741211,36.38999938964844,36.53499984741211,115635
2026-03-04 16:10:00,36.540000915527344,36.55500030517578,36.459999084472656,36.5099983215332,83485
2026-03-04 16:15:00,36.5099983215332,36.619998931884766,36.5099983215332,36.61000061035156,121986
2026-03-04 16:20:00,36.61000061035156,36.61000061035156,36.525001525878906,36.525001525878906,103107
2026-03-04 16:25:00,36.52999877929688,36.56499862670898,36.47999954223633,36.54499816894531,194404
2026-03-04 16:30:00,36.560001373291016,36.625,36.55500030517578,36.59999847412109,70997
2026-03-04 16:35:00,36.59999847412109,36.665000915527344,36.560001373291016,36.60499954223633,94722
2026-03-04 16:40:00,36.60499954223633,36.70500183105469,36.59999847412109,36.70500183105469,82584
2026-03-04 16:45:00,36.70500183105469,36.70500183105469,36.65999984741211,36.68999862670898,86717
2026-03-04 16:50:00,36.68379974365234,36.685001373291016,36.64500045776367,36.66999816894531,97584
2026-03-04 16:55:00,36.67499923706055,36.68000030517578,36.625,36.6349983215332,64665
2026-03-04 17:00:00,36.6349983215332,36.65999984741211,36.59999847412109,36.65499877929688,59294
2026-03-04 17:05:00,36.65999984741211,36.665000915527344,36.60499954223633,36.65999984741211,62313
2026-03-04 17:10:00,36.65499877929688,36.70000076293945,36.64500045776367,36.685001373291016,67503
2026-03-04 17:15:00,36.685001373291016,36.685001373291016,36.65499877929688,36.65999984741211,70906
2026-03-04 17:20:00,36.665000915527344,36.685001373291016,36.58000183105469,36.59999847412109,146484
2026-03-04 17:25:00,36.595001220703125,36.59999847412109,36.53499984741211,36.560001373291016,82636
2026-03-04 17:30:00,36.56499862670898,36.59000015258789,36.52999877929688,36.56999969482422,99140
2026-03-04 17:35:00,36.58000183105469,36.595001220703125,36.52999877929688,36.595001220703125,69869
2026-03-04 17:40:00,36.59999847412109,36.630001068115234,36.56999969482422,36.56999969482422,75861
2026-03-04 17:45:00,36.57500076293945,36.595001220703125,36.52999877929688,36.560001373291016,68233
2026-03-04 17:50:00,36.54999923706055,36.67990112304688,36.54999923706055,36.67499923706055,82166
2026-03-04 17:55:00,36.67499923706055,36.68000030517578,36.619998931884766,36.64500045776367,52820
2026-03-04 18:00:00,36.650001525878906,36.67610168457031,36.630001068115234,36.64500045776367,56518
2026-03-04 18:05:00,36.63999938964844,36.70500183105469,36.630001068115234,36.69499969482422,57054
2026-03-04 18:10:00,36.69499969482422,36.69499969482422,36.665000915527344,36.66999816894531,56603
2026-03-04 18:15:00,36.66999816894531,36.685001373291016,36.64500045776367,36.64500045776367,67932
2026-03-04 18:20:00,36.64500045776367,36.65499877929688,36.58000183105469,36.58570098876953,102845
2026-03-04 18:25:00,36.58000183105469,36.595001220703125,36.56999969482422,36.584999084472656,49325
2026-03-04 18:30:00,36.59000015258789,36.650001525878906,36.59000015258789,36.64500045776367,66804
2026-03-04 18:35:00,36.650001525878906,36.6599006652832,36.59000015258789,36.6349983215332,79818
2026-03-04 18:40:00,36.6349983215332,36.65499877929688,36.6150016784668,36.6259994506836,88248
2026-03-04 18:45:00,36.625,36.64500045776367,36.5801010131836,36.64500045776367,78819
2026-03-04 18:50:00,36.63999938964844,36.665000915527344,36.625,36.65499877929688,63020
2026-03-04 18:55:00,36.650001525878906,36.68999862670898,36.619998931884766,36.6796989440918,79401
2026-03-04 19:00:00,36.67499923706055,36.89550018310547,36.67499923706055,36.875,279315
2026-03-04 19:05:00,36.880001068115234,36.880001068115234,36.83343505859375,36.85499954223633,104167
2026-03-04 19:10:00,36.85499954223633,36.88899993896485,36.845001220703125,36.875,91088
2026-03-04 19:15:00,36.875,36.875,36.79499816894531,36.79499816894531,81133
2026-03-04 19:20:00,36.79499816894531,36.810001373291016,36.77999877929688,36.79499816894531,73384
2026-03-04 19:25:00,36.79499816894531,36.85499954223633,36.790000915527344,36.845001220703125,83116
2026-03-04 19:30:00,36.845001220703125,36.8849983215332,36.84000015258789,36.86970138549805,67330
2026-03-04 19:35:00,36.869998931884766,36.875,36.83000183105469,36.845001220703125,90588
2026-03-04 19:40:00,36.8489990234375,36.85499954223633,36.750099182128906,36.76499938964844,96014
2026-03-04 19:45:00,36.7599983215332,36.78499984741211,36.755001068115234,36.755001068115234,64548
2026-03-04 19:50:00,36.755001068115234,36.81999969482422,36.755001068115234,36.810001373291016,65483
2026-03-04 19:55:00,36.810001373291016,36.834999084472656,36.77999877929688,36.81999969482422,74831
2026-03-04 20:00:00,36.82500076293945,36.84999847412109,36.810001373291016,36.81499862670898,84285
2026-03-04 20:05:00,36.81499862670898,36.82500076293945,36.744998931884766,36.744998931884766,124210
2026-03-04 20:10:00,36.7400016784668,36.77999877929688,36.72999954223633,36.775001525878906,79178
2026-03-04 20:15:00,36.775001525878906,36.775001525878906,36.709999084472656,36.71500015258789,103344
2026-03-04 20:20:00,36.720001220703125,36.755001068115234,36.63999938964844,36.665000915527344,111953
2026-03-04 20:25:00,36.66999816894531,36.70000076293945,36.665000915527344,36.67499923706055,121827
2026-03-04 20:30:00,36.67499923706055,36.72499847412109,36.67499923706055,36.72499847412109,122666
2026-03-04 20:35:00,36.72499847412109,36.75,36.67499923706055,36.69499969482422,159868
2026-03-04 20:40:00,36.69029998779297,36.7400016784668,36.65999984741211,36.65999984741211,163093
2026-03-04 20:45:00,36.665000915527344,36.720001220703125,36.665000915527344,36.70500183105469,170432
2026-03-04 20:50:00,36.70000076293945,36.72499847412109,36.67499923706055,36.70500183105469,277317
2026-03-04 20:55:00,36.70000076293945,36.72999954223633,36.66999816894531,36.685001373291016,704265
2026-03-05 14:30:00,36.400001525878906,37.25,36.400001525878906,37.209999084472656,210660
2026-03-05 14:35:00,37.22499847412109,37.3390007019043,37.09999847412109,37.310001373291016,183371
2026-03-05 14:40:00,37.31499862670898,37.470001220703125,37.25,37.42499923706055,139486
2026-03-05 14:45:00,37.43000030517578,37.43999862670898,37.220001220703125,37.22999954223633,160414
2026-03-05 14:50:00,37.220001220703125,37.33000183105469,37.220001220703125,37.2400016784668,99462
2026-03-05 14:55:00,37.22999954223633,37.32500076293945,37.150001525878906,37.32500076293945,115570
2026-03-05 15:00:00,37.32500076293945,37.3650016784668,37.244998931884766,37.27000045776367,213238
2026-03-05 15:05:00,37.26499938964844,37.310001373291016,37.10499954223633,37.1349983215332,228957
2026-03-05 15:10:00,37.125,37.165000915527344,37.04999923706055,37.095001220703125,161885
2026-03-05 15:15:00,37.095001220703125,37.13999938964844,36.92499923706055,36.95500183105469,124090
2026-03-05 15:20:00,36.94499969482422,36.94499969482422,36.755001068115234,36.76499938964844,119876
2026-03-05 15:25:00,36.7599983215332,36.81499862670898,36.709999084472656,36.79499816894531,190985
2026-03-05 15:30:00,36.79999923706055,36.810001373291016,36.66999816894531,36.68999862670898,152874
2026-03-05 15:35:00,36.69499969482422,36.71500015258789,36.650001525878906,36.65499877929688,97446
2026-03-05 15:40:00,36.65999984741211,36.77999877929688,36.625,36.665000915527344,94589
2026-03-05 15:45:00,36.665000915527344,36.73500061035156,36.625,36.71500015258789,105833
2026-03-05 15:50:00,36.71500015258789,36.84999847412109,36.71500015258789,36.755001068115234,133927
2026-03-05 15:55:00,36.755001068115234,36.7599983215332,36.57500076293945,36.665000915527344,114566
2026-03-05 16:00:00,36.665000915527344,36.720001220703125,36.65499877929688,36.67499923706055,127688
2026-03-05 16:05:00,36.68000030517578,36.68999862670898,36.59000015258789,36.650001525878906,80673
2026-03-05 16:10:00,36.650001525878906,36.65499877929688,36.56499862670898,36.56499862670898,96784
2026-03-05 16:15:00,36.56499862670898,36.58000183105469,36.44499969482422,36.45500183105469,109485
2026-03-05 16:20:00,36.459999084472656,36.51499938964844,36.43999862670898,36.5,76960
2026-03-05 16:25:00,36.4900016784668,36.6150016784668,36.48500061035156,36.59999847412109,92978
2026-03-05 16:30:00,36.59999847412109,36.90499877929688,36.54999923706055,36.86000061035156,255943
2026-03-05 16:35:00,36.85499954223633,36.95000076293945,36.84999847412109,36.89339828491211,103655
2026-03-05 16:40:00,36.89500045776367,36.97499847412109,36.8849983215332,36.96500015258789,193446
2026-03-05 16:45:00,36.96500015258789,36.995399475097656,36.95000076293945,36.994998931884766,74145
2026-03-05 16:50:00,37.0,37.025001525878906,36.93000030517578,36.95500183105469,73573
2026-03-05 16:55:00,36.959999084472656,37.040000915527344,36.959999084472656,37.03499984741211,85558
2026-03-05 17:00:00,37.03499984741211,37.04499816894531,36.97499847412109,37.01499938964844,85649
2026-03-05 17:05:00,37.01499938964844,37.04499816894531,36.935001373291016,37.03499984741211,82637
2026-03-05 17:10:00,37.02999877929688,37.03499984741211,36.94499969482422,36.95500183105469,82404
2026-03-05 17:15:00,36.959999084472656,36.9900016784668,36.89500045776367,36.915000915527344,49195
2026-03-05 17:20:00,36.915000915527344,36.95500183105469,36.915000915527344,36.935001373291016,53054
2026-03-05 17:25:00,36.93999862670898,36.9900016784668,36.91999816894531,36.970001220703125,65511
2026-03-05 17:30:00,36.959999084472656,36.97999954223633,36.880001068115234,36.880001068115234,73677
2026-03-05 17:35:00,36.880001068115234,37.02999877929688,36.880001068115234,36.98500061035156,136646
2026-03-05 17:40:00,36.98500061035156,37.040000915527344,36.86000061035156,36.88999938964844,81364
2026-03-05 17:45:00,36.88999938964844,36.89500045776367,36.81999969482422,36.82500076293945,97251
2026-03-05 17:50:00,36.83000183105469,36.90999984741211,36.790000915527344,36.86000061035156,83985
2026-03-05 17:55:00,36.85499954223633,36.97499847412109,36.8302001953125,36.95550155639648,132207
2026-03-05 18:00:00,36.959999084472656,36.9900016784668,36.88999938964844,36.9900016784668,61981
2026-03-05 18:05:00,36.994998931884766,37.040000915527344,36.970001220703125,37.01499938964844,91337
2026-03-05 18:10:00,37.02000045776367,37.02999877929688,36.91999816894531,36.9650993347168,87295
2026-03-05 18:15:00,36.96500015258789,36.970001220703125,36.880001068115234,36.8849983215332,64396
2026-03-05 18:20:00,36.880001068115234,36.9900016784668,36.880001068115234,36.90999984741211,92587
2026-03-05 18:25:00,36.915000915527344,36.93709945678711,36.8650016784668,36.900001525878906,75294
2026-03-05 18:30:00,36.90999984741211,36.95500183105469,36.85499954223633,36.94499969482422,148691
2026-03-05 18:35:00,36.94499969482422,37.0099983215332,36.92499923706055,37.0,60116
2026-03-05 18:40:00,37.0,37.04999923706055,36.90499877929688,36.95500183105469,89589
2026-03-05 18:45:00,36.959999084472656,36.96500015258789,36.869998931884766,36.93000030517578,78254
2026-03-05 18:50:00,36.92499923706055,36.92499923706055,36.85499954223633,36.8650016784668,37959
2026-03-05 18:55:00,36.869998931884766,36.869998931884766,36.79499816894531,36.810001373291016,73584
2026-03-05 19:00:00,36.81499862670898,36.875,36.79999923706055,36.810001373291016,64321
2026-03-05 19:05:00,36.81999969482422,36.935001373291016,36.81499862670898,36.85770034790039,155467
2026-03-05 19:10:00,36.85499954223633,36.8650016784668,36.79499816894531,36.82500076293945,69562
2026-03-05 19:15:00,36.82500076293945,36.915000915527344,36.82500076293945,36.90499877929688,84656
2026-03-05 19:20:00,36.90999984741211,36.935001373291016,36.8650016784668,36.8650016784668,70761
2026-03-05 19:25:00,36.8650016784668,36.869998931884766,36.7599983215332,36.78499984741211,96188
2026-03-05 19:30:00,36.78499984741211,36.845001220703125,36.7400016784668,36.834999084472656,76410
2026-03-05 19:35:00,36.834999084472656,36.8650016784668,36.79010009765625,36.79999923706055,72607
2026-03-05 19:40:00,36.810001373291016,36.834999084472656,36.77000045776367,36.790000915527344,88186
2026-03-05 19:45:00,36.790000915527344,36.83000183105469,36.75,36.755001068115234,75429
2026-03-05 19:50:00,36.75379943847656,36.82500076293945,36.75379943847656,36.77000045776367,112112
2026-03-05 19:55:00,36.775001525878906,36.83000183105469,36.76499938964844,36.83000183105469,75159
2026-03-05 20:00:00,36.83000183105469,36.845001220703125,36.709999084472656,36.78499984741211,160584
2026-03-05 20:05:00,36.77999877929688,36.845001220703125,36.72499847412109,36.845001220703125,150142
2026-03-05 20:10:00,36.84000015258789,36.875,36.80500030517578,36.86000061035156,230700
2026-03-05 20:15:00,36.84999847412109,36.90999984741211,36.81499862670898,36.88999938964844,136451
2026-03-05 20:20:00,36.89500045776367,36.90499877929688,36.84000015258789,36.869998931884766,145611
2026-03-05 20:25:00,36.875,36.885101318359375,36.81999969482422,36.81999969482422,161267
2026-03-05 20:30:00,36.810001373291016,36.92499923706055,36.80500030517578,36.8849983215332,125848
2026-03-05 20:35:00,36.880001068115234,36.94499969482422,36.880001068115234,36.935001373291016,167220
2026-03-05 20:40:00,36.93000030517578,36.95000076293945,36.900001525878906,36.92499923706055,175397
2026-03-05 20:45:00,36.93000030517578,36.94499969482422,36.84000015258789,36.94499969482422,229582
2026-03-05 20:50:00,36.95000076293945,36.959999084472656,36.915000915527344,36.935001373291016,260256
2026-03-05 20:55:00,36.93999862670898,37.040000915527344,36.89500045776367,37.040000915527344,1043655
2026-03-06 14:30:00,36.93000030517578,36.959999084472656,35.650001525878906,35.66999816894531,729214
2026-03-06 14:35:00,35.65999984741211,35.720001220703125,35.349998474121094,35.470001220703125,443765
2026-03-06 14:40:00,35.459999084472656,35.56999969482422,35.209999084472656,35.529998779296875,479954
2026-03-06 14:45:00,35.52000045776367,35.52000045776367,35.244998931884766,35.25,258105
2026-03-06 14:50:00,35.25,35.33000183105469,35.20000076293945,35.27000045776367,231956
2026-03-06 14:55:00,35.2599983215332,35.35499954223633,35.22999954223633,35.25,200245
2026-03-06 15:00:00,35.255001068115234,35.4900016784668,35.25,35.474998474121094,269147
2026-03-06 15:05:00,35.470001220703125,35.47999954223633,35.119998931884766,35.1796989440918,387895
2026-03-06 15:10:00,35.16999816894531,35.29499816894531,35.15999984741211,35.26499938964844,435159
2026-03-06 15:15:00,35.26499938964844,35.35499954223633,35.23500061035156,35.26499938964844,175740
2026-03-06 15:20:00,35.2599983215332,35.39500045776367,35.2400016784668,35.35499954223633,293588
2026-03-06 15:25:00,35.35150146484375,35.474998474121094,35.349998474121094,35.435001373291016,167896
2026-03-06 15:30:00,35.439998626708984,35.70000076293945,35.435001373291016,35.68000030517578,276677
2026-03-06 15:35:00,35.685001373291016,35.82500076293945,35.630001068115234,35.654998779296875,200489
2026-03-06 15:40:00,35.650001525878906,35.72999954223633,35.61000061035156,35.720001220703125,180253
2026-03-06 15:45:00,35.709999084472656,35.76499938964844,35.67499923706055,35.70500183105469,146804
2026-03-06 15:50:00,35.709999084472656,35.71500015258789,35.6150016784668,35.71500015258789,139137
2026-03-06 15:55:00,35.720001220703125,35.98500061035156,35.720001220703125,35.974998474121094,166233
2026-03-06 16:00:00,35.974998474121094,36.040000915527344,35.95500183105469,35.98500061035156,124400
2026-03-06 16:05:00,35.980201721191406,36.01499938964844,35.93000030517578,35.93000030517578,134343
2026-03-06 16:10:00,35.92499923706055,35.96500015258789,35.742401123046875,35.742401123046875,149563
2026-03-06 16:15:00,35.7400016784668,35.810001373291016,35.66999816894531,35.80500030517578,123171
2026-03-06 16:20:00,35.79999923706055,35.80500030517578,35.665000915527344,35.73500061035156,112767
2026-03-06 16:25:00,35.73500061035156,35.790000915527344,35.685001373291016,35.76499938964844,122021
2026-03-06 16:30:00,35.76499938964844,35.79999923706055,35.720001220703125,35.7400016784668,85642
2026-03-06 16:35:00,35.744998931884766,35.900001525878906,35.744998931884766,35.900001525878906,92895
2026-03-06 16:40:00,35.88999938964844,35.91889953613281,35.79999923706055,35.80500030517578,92382
2026-03-06 16:45:00,35.80500030517578,35.85499954223633,35.78499984741211,35.82500076293945,96280
2026-03-06 16:50:00,35.82500076293945,35.86000061035156,35.80609893798828,35.82500076293945,92846
2026-03-06 16:55:00,35.82500076293945,35.88990020751953,35.79999923706055,35.845001220703125,89754
2026-03-06 17:00:00,35.845001220703125,35.93000030517578,35.82500076293945,35.88999938964844,91983
2026-03-06 17:05:00,35.89500045776367,35.89500045776367,35.76499938964844,35.814998626708984,92456
2026-03-06 17:10:00,35.81999969482422,35.85499954223633,35.73350143432617,35.73500061035156,91413
2026-03-06 17:15:00,35.73500061035156,35.7599983215332,35.689998626708984,35.72999954223633,121498
2026-03-06 17:20:00,35.73500061035156,35.790000915527344,35.71500015258789,35.724998474121094,74215
2026-03-06 17:25:00,35.720001220703125,35.720001220703125,35.560001373291016,35.560001373291016,126116
2026-03-06 17:30:00,35.55500030517578,35.68000030517578,35.54499816894531,35.68000030517578,135582
2026-03-06 17:35:00,35.67499923706055,35.685001373291016,35.61000061035156,35.6349983215332,116802
2026-03-06 17:40:00,35.6349983215332,35.63999938964844,35.53499984741211,35.55500030517578,159202
2026-03-06 17:45:00,35.560001373291016,35.61000061035156,35.525001525878906,35.56999969482422,96907
2026-03-06 17:50:00,35.560001373291016,35.58000183105469,35.45500183105469,35.459999084472656,126641
2026-03-06 17:55:00,35.46500015258789,35.525001525878906,35.415000915527344,35.415000915527344,77718
2026-03-06 18:00:00,35.415000915527344,35.53499984741211,35.404998779296875,35.529998779296875,95609
2026-03-06 18:05:00,35.525001525878906,35.560001373291016,35.505001068115234,35.53499984741211,88506
2026-03-06 18:10:00,35.53499984741211,35.599998474121094,35.51499938964844,35.559898376464844,107756
2026-03-06 18:15:00,35.55500030517578,35.55500030517578,35.5,35.505001068115234,82744
2026-03-06 18:20:00,35.5,35.529998779296875,35.46500015258789,35.48500061035156,139712
2026-03-06 18:25:00,35.48500061035156,35.494998931884766,35.42499923706055,35.43000030517578,94704
2026-03-06 18:30:00,35.435001373291016,35.505001068115234,35.40999984741211,35.40999984741211,91199
2026-03-06 18:35:00,35.404998779296875,35.42499923706055,35.36000061035156,35.40999984741211,77756
2026-03-06 18:40:00,35.416099548339844,35.494998931884766,35.38999938964844,35.470001220703125,123250
2026-03-06 18:45:00,35.46500015258789,35.4900016784668,35.45000076293945,35.474998474121094,104952
2026-03-06 18:50:00,35.474998474121094,35.47999954223633,35.330299377441406,35.345001220703125,137031
2026-03-06 18:55:00,35.345001220703125,35.345001220703125,35.279998779296875,35.29499816894531,179239
2026-03-06 19:00:00,35.29499816894531,35.345001220703125,35.275001525878906,35.279998779296875,216947
2026-03-06 19:05:00,35.275001525878906,35.474998474121094,35.275001525878906,35.474998474121094,268924
2026-03-06 19:10:00,35.470001220703125,35.53499984741211,35.46500015258789,35.52009963989258,107524
2026-03-06 19:15:00,35.529998779296875,35.60609817504883,35.5099983215332,35.599998474121094,109089
2026-03-06 19:20:00,35.60499954223633,35.6150016784668,35.5,35.5,127727
2026-03-06 19:25:00,35.505001068115234,35.55500030517578,35.470001220703125,35.51499938964844,112587
2026-03-06 19:30:00,35.5099983215332,35.535099029541016,35.4640007019043,35.51499938964844,103892
2026-03-06 19:35:00,35.52000045776367,35.650001525878906,35.5099983215332,35.650001525878906,183275
2026-03-06 19:40:00,35.650001525878906,35.689998626708984,35.56999969482422,35.56999969482422,241871
2026-03-06 19:45:00,35.56999969482422,35.56999969482422,35.45000076293945,35.45970153808594,151383
2026-03-06 19:50:00,35.45000076293945,35.529998779296875,35.44010162353516,35.525001525878906,129293
2026-03-06 19:55:00,35.525001525878906,35.59000015258789,35.51499938964844,35.51499938964844,125192
2026-03-06 20:00:00,35.51499938964844,35.57500076293945,35.505001068115234,35.53499984741211,165646
2026-03-06 20:05:00,35.53580093383789,35.57500076293945,35.525001525878906,35.53400039672852,152580
2026-03-06 20:10:00,35.53499984741211,35.55500030517578,35.48500061035156,35.5099983215332,188665
2026-03-06 20:15:00,35.505001068115234,35.58000183105469,35.494998931884766,35.540000915527344,147268
2026-03-06 20:20:00,35.54499816894531,35.595001220703125,35.525001525878906,35.54999923706055,147744
2026-03-06 20:25:00,35.54999923706055,35.55500030517578,35.470001220703125,35.494998931884766,306612
2026-03-06 20:30:00,35.5,35.56510162353516,35.48500061035156,35.5,227604
2026-03-06 20:35:00,35.5,35.5099983215332,35.46500015258789,35.505001068115234,261854
2026-03-06 20:40:00,35.5099983215332,35.540000915527344,35.40999984741211,35.42499923706055,316847
2026-03-06 20:45:00,35.42499923706055,35.5099983215332,35.41999816894531,35.505001068115234,340198
2026-03-06 20:50:00,35.505001068115234,35.51499938964844,35.42499923706055,35.45500183105469,482591
2026-03-06 20:55:00,35.45000076293945,35.45500183105469,35.33000183105469,35.34000015258789,1411469
