timestamp,Open,High,Low,Close,Volume
2026-01-08 14:30:00,303.44,305.21,302.63,304.71,103350
2026-01-08 14:35:00,304.86,305.24,304.18,304.205,51709
2026-01-08 14:40:00,304.1001,304.44,303.39,303.505,89774
2026-01-08 14:45:00,303.505,305.12,303.175,304.92,57260
2026-01-08 14:50:00,305.02,306.19,305.02,306.03,45678
2026-01-08 14:55:00,305.92,306.59,305.81,306.47,25626
2026-01-08 15:00:00,306.405,306.85,306.12,306.19,36117
2026-01-08 15:05:00,306.32,306.96,306.21,306.924,33318
2026-01-08 15:10:00,306.96,307.25,306.16,306.25,44527
2026-01-08 15:15:00,306.37,306.72,306.1601,306.53,20470
2026-01-08 15:20:00,306.52,307.23,306.4355,307.045,32413
2026-01-08 15:25:00,307.1499,307.1675,306.66,306.83,20413
2026-01-08 15:30:00,306.83,307.0485,306.495,306.73,38546
2026-01-08 15:35:00,306.775,307.5,306.63,307.265,26564
2026-01-08 15:40:00,307.26,307.4,306.95,307.1,36962
2026-01-08 15:45:00,307.125,307.74,307.078,307.67,34562
2026-01-08 15:50:00,307.5316,307.7,307.08,307.25,26498
2026-01-08 15:55:00,307.25,307.27,306.96,307.26,22096
2026-01-08 16:00:00,307.21,307.4799,307.06,307.1099,26002
2026-01-08 16:05:00,307.075,307.4,307.04,307.34,29476
2026-01-08 16:10:00,307.34,307.56,307.1204,307.56,21001
2026-01-08 16:15:00,307.57,308.1,307.5601,307.775,58025
2026-01-08 16:20:00,307.775,307.8289,307.17,307.215,25916
2026-01-08 16:25:00,307.21,307.49,307.145,307.365,30321
2026-01-08 16:30:00,307.37,307.72,307.34,307.64,25545
2026-01-08 16:35:00,307.625,307.7,307.11,307.55,29298
2026-01-08 16:40:00,307.505,307.67,307.45,307.48,19433
2026-01-08 16:45:00,307.55,307.82,307.42,307.74,16215
2026-01-08 16:50:00,307.74,308.06,307.68,307.73,30494
2026-01-08 16:55:00,307.76,307.78,307.57,307.715,12710
2026-01-08 17:00:00,307.715,308.04,307.64,307.895,18132
2026-01-08 17:05:00,307.895,308.18,307.63,307.745,16096
2026-01-08 17:10:00,307.7417,307.94,307.69,307.75,17686
2026-01-08 17:15:00,307.75,307.93,307.64,307.64,22258
2026-01-08 17:20:00,307.72,307.74,307.52,307.575,17632
2026-01-08 17:25:00,307.53,307.77,307.5,307.73,15587
2026-01-08 17:30:00,307.74,308.3,307.72,308.255,29201
2026-01-08 17:35:00,308.255,308.41,308.11,308.39,18693
2026-01-08 17:40:00,308.37,308.67,308.22,308.44,32600
2026-01-08 17:45:00,308.47,308.59,308.385,308.45,18067
2026-01-08 17:50:00,308.415,308.45,308.25,308.29,26426
2026-01-08 17:55:00,308.27,308.31,308.1,308.235,17379
2026-01-08 18:00:00,308.235,308.4,308.14,308.31,19384
2026-01-08 18:05:00,308.39,308.49,308.29,308.3875,16992
2026-01-08 18:10:00,308.3826,308.46,308.23,308.275,23778
2026-01-08 18:15:00,308.2725,308.35,308.097,308.34,16395
2026-01-08 18:20:00,308.35,308.5,308.16,308.5,20314
2026-01-08 18:25:00,308.5,308.54,308.2101,308.4,18611
2026-01-08 18:30:00,308.41,308.45,308.19,308.25,29620
2026-01-08 18:35:00,308.25,308.49,308.15,308.48,18694
2026-01-08 18:40:00,308.48,308.52,308.3601,308.47,16242
2026-01-08 18:45:00,308.47,308.7215,308.4,308.61,29597
2026-01-08 18:50:00,308.65,308.7,308.39,308.43,22032
2026-01-08 18:55:00,308.48,308.665,308.38,308.455,27212
2026-01-08 19:00:00,308.455,308.49,308.17,308.42,22574
2026-01-08 19:05:00,308.43,308.59,308.35,308.505,25128
2026-01-08 19:10:00,308.53,308.57,308.41,308.495,24352
2026-01-08 19:15:00,308.5,308.75,308.47,308.75,27217
2026-01-08 19:20:00,308.75,308.75,308.43,308.455,26590
2026-01-08 19:25:00,308.455,308.56,308.36,308.53,21556
2026-01-08 19:30:00,308.54,308.68,308.31,308.65,27255
2026-01-08 19:35:00,308.65,308.87,308.61,308.735,28988
2026-01-08 19:40:00,308.745,308.745,308.55,308.66,18908
2026-01-08 19:45:00,308.67,308.67,308.4,308.44,17650
2026-01-08 19:50:00,308.42,308.64,308.32,308.54,35238
2026-01-08 19:55:00,308.505,308.69,308.41,308.52,29896
2026-01-08 20:00:00,308.5,308.68,308.37,308.375,21360
2026-01-08 20:05:00,308.375,308.4431,308.31,308.37,26970
2026-01-08 20:10:00,308.375,308.4,307.95,308.07,44438
2026-01-08 20:15:00,308.06,308.23,307.87,307.965,37153
2026-01-08 20:20:00,307.89,308.0,307.655,307.72,31320
2026-01-08 20:25:00,307.715,308.07,307.675,308.0251,37204
2026-01-08 20:30:00,308.06,308.21,307.99,308.17,43387
2026-01-08 20:35:00,308.18,308.41,308.17,308.315,33927
2026-01-08 20:40:00,308.325,308.45,307.845,307.85,60400
2026-01-08 20:45:00,307.89,308.14,307.79,308.13,63249
2026-01-08 20:50:00,308.07,308.64,308.02,308.625,86216
2026-01-08 20:55:00,308.63,309.0,308.485,308.88,301125
2026-01-09 14:30:00,309.04,309.52,307.44,307.65,136200
2026-01-09 14:35:00,307.48,307.85,307.04,307.29,37205
2026-01-09 14:40:00,307.3346,307.67,306.575,306.76,33506
2026-01-09 14:45:00,306.75,306.86,306.2,306.71,36474
2026-01-09 14:50:00,306.62,306.75,305.8,306.125,46372
2026-01-09 14:55:00,306.12,306.63,306.02,306.55,35935
2026-01-09 15:00:00,306.46,306.63,305.84,306.35,37968
2026-01-09 15:05:00,306.46,307.13,306.325,307.0543,20416
2026-01-09 15:10:00,306.92,307.04,306.49,306.665,26315
2026-01-09 15:15:00,306.67,306.67,306.11,306.3,30550
2026-01-09 15:20:00,306.27,306.63,306.19,306.63,39282
2026-01-09 15:25:00,306.59,306.7663,306.25,306.37,22744
2026-01-09 15:30:00,306.48,306.48,306.07,306.1263,22687
2026-01-09 15:35:00,306.08,306.4181,305.93,306.14,22753
2026-01-09 15:40:00,306.13,306.15,305.295,305.38,49370
2026-01-09 15:45:00,305.38,305.77,305.285,305.61,26990
2026-01-09 15:50:00,305.61,305.79,305.15,305.21,24135
2026-01-09 15:55:00,305.31,305.31,304.62,304.66,44539
2026-01-09 16:00:00,304.676,305.33,304.6,305.31,56998
2026-01-09 16:05:00,305.31,305.55,305.1,305.31,48714
2026-01-09 16:10:00,305.4,305.55,304.95,305.28,56043
2026-01-09 16:15:00,305.2201,305.97,305.22,305.595,32382
2026-01-09 16:20:00,305.63,306.1718,305.46,306.0583,27298
2026-01-09 16:25:00,306.09,306.36,305.8294,306.125,19596
2026-01-09 16:30:00,306.05,306.135,305.7,305.75,32115
2026-01-09 16:35:00,305.79,306.09,305.79,306.0199,19381
2026-01-09 16:40:00,305.89,306.45,305.82,306.44,26572
2026-01-09 16:45:00,306.3738,306.49,306.211,306.28,16125
2026-01-09 16:50:00,306.32,306.82,306.31,306.49,20096
2026-01-09 16:55:00,306.475,306.54,306.22,306.31,27900
2026-01-09 17:00:00,306.375,306.68,306.36,306.54,17282
2026-01-09 17:05:00,306.605,306.67,306.43,306.505,15523
2026-01-09 17:10:00,306.44,306.51,306.33,306.5,24891
2026-01-09 17:15:00,306.535,306.65,306.415,306.65,22417
2026-01-09 17:20:00,306.64,306.7156,306.605,306.7156,13652
2026-01-09 17:25:00,306.685,306.8427,306.68,306.74,13714
2026-01-09 17:30:00,306.75,306.81,306.69,306.74,7797
2026-01-09 17:35:00,306.74,306.8099,306.66,306.66,14488
2026-01-09 17:40:00,306.64,306.76,306.49,306.49,27535
2026-01-09 17:45:00,306.52,306.575,306.37,306.48,28996
2026-01-09 17:50:00,306.485,306.485,306.27,306.4,27508
2026-01-09 17:55:00,306.43,306.8072,306.4,306.61,17913
2026-01-09 18:00:00,306.67,306.71,306.39,306.485,17451
2026-01-09 18:05:00,306.54,306.755,306.54,306.69,17361
2026-01-09 18:10:00,306.69,307.06,306.5914,307.05,14821
2026-01-09 18:15:00,307.09,307.46,306.78,306.805,38096
2026-01-09 18:20:00,306.75,306.88,306.63,306.71,26038
2026-01-09 18:25:00,306.695,306.99,306.69,306.82,34646
2026-01-09 18:30:00,306.9,307.16,306.82,307.0723,31869
2026-01-09 18:35:00,307.2325,307.37,307.1118,307.23,15861
2026-01-09 18:40:00,307.25,307.45,307.15,307.445,18816
2026-01-09 18:45:00,307.44,307.5,307.265,307.37,13434
2026-01-09 18:50:00,307.36,307.55,307.26,307.305,24032
2026-01-09 18:55:00,307.35,307.367,306.96,306.96,12948
2026-01-09 19:00:00,306.97,307.09,306.85,307.06,43340
2026-01-09 19:05:00,307.0049,307.26,307.0049,307.18,11080
2026-01-09 19:10:00,307.205,307.339,307.12,307.18,13089
2026-01-09 19:15:00,307.1311,307.35,307.115,307.32,13721
2026-01-09 19:20:00,307.36,307.49,307.36,307.46,11045
2026-01-09 19:25:00,307.43,307.47,307.315,307.4632,25008
2026-01-09 19:30:00,307.4999,307.62,307.32,307.32,27111
2026-01-09 19:35:00,307.315,307.3325,307.16,307.21,17165
2026-01-09 19:40:00,307.185,307.2,307.06,307.11,24246
2026-01-09 19:45:00,307.11,307.25,307.08,307.235,18567
2026-01-09 19:50:00,307.235,307.3,307.05,307.052,24184
2026-01-09 19:55:00,307.0,307.09,306.5,306.58,37158
2026-01-09 20:00:00,306.5801,306.76,306.5301,306.745,27330
2026-01-09 20:05:00,306.71,306.81,306.54,306.66,18295
2026-01-09 20:10:00,306.68,306.99,306.63,306.99,24901
2026-01-09 20:15:00,306.99,307.0,306.77,306.84,18467
2026-01-09 20:20:00,306.85,307.08,306.835,307.08,18413
2026-01-09 20:25:00,307.125,307.19,306.95,306.9997,29347
2026-01-09 20:30:00,307.0251,307.0251,306.7,306.78,88040
2026-01-09 20:35:00,306.83,306.86,306.72,306.76,37422
2026-01-09 20:40:00,306.765,306.96,306.73,306.89,42884
2026-01-09 20:45:00,306.91,307.15,306.8,307.13,33856
2026-01-09 20:50:00,307.13,307.41,307.11,307.3,66657
2026-01-09 20:55:00,307.24,307.48,307.19,307.37,157283
2026-01-12 14:30:00,307.44,307.47,304.17,304.6,87077
2026-01-12 14:35:00,304.64,305.61,304.33,305.1,81435
2026-01-12 14:40:00,305.18,306.48,305.17,306.24,39525
2026-01-12 14:45:00,306.11,307.16,305.94,307.15,55827
2026-01-12 14:50:00,307.14,307.48,306.96,307.19,27052
2026-01-12 14:55:00,307.14,307.2,306.83,306.85,23679
2026-01-12 15:00:00,306.83,306.83,306.165,306.44,50374
2026-01-12 15:05:00,306.485,306.61,306.29,306.58,41408
2026-01-12 15:10:00,306.4545,306.8699,306.385,306.64,24566
2026-01-12 15:15:00,306.61,306.85,306.475,306.7,20331
2026-01-12 15:20:00,306.69,306.7,306.3,306.455,27632
2026-01-12 15:25:00,306.43,306.54,306.11,306.49,24448
2026-01-12 15:30:00,306.49,307.0,306.49,306.81,37392
2026-01-12 15:35:00,306.85,307.05,306.8,306.99,20832
2026-01-12 15:40:00,306.95,307.1,306.81,307.065,24319
2026-01-12 15:45:00,307.065,307.375,307.05,307.1685,31314
2026-01-12 15:50:00,307.165,307.23,307.015,307.095,32784
2026-01-12 15:55:00,307.0875,307.195,307.04,307.095,15192
2026-01-12 16:00:00,307.13,307.23,306.95,307.15,18546
2026-01-12 16:05:00,307.16,307.24,307.04,307.12,21888
2026-01-12 16:10:00,307.09,307.135,306.76,306.88,18851
2026-01-12 16:15:00,306.79,306.89,306.645,306.68,16720
2026-01-12 16:20:00,306.72,306.88,306.52,306.87,36010
2026-01-12 16:25:00,306.9,306.955,306.63,306.74,39391
2026-01-12 16:30:00,306.735,306.98,306.66,306.98,12113
2026-01-12 16:35:00,306.93,306.995,306.7001,306.715,14089
2026-01-12 16:40:00,306.69,306.69,306.32,306.43,19162
2026-01-12 16:45:00,306.42,306.785,306.39,306.6501,16805
2026-01-12 16:50:00,306.65,306.68,306.47,306.5353,18928
2026-01-12 16:55:00,306.585,306.76,306.4501,306.59,16947
2026-01-12 17:00:00,306.555,306.9,306.52,306.78,18723
2026-01-12 17:05:00,306.793,306.793,306.6,306.64,16443
2026-01-12 17:10:00,306.61,306.82,306.58,306.7175,13331
2026-01-12 17:15:00,306.735,306.77,306.66,306.73,22338
2026-01-12 17:20:00,306.74,306.875,306.69,306.875,14655
2026-01-12 17:25:00,306.83,306.83,306.7,306.7,12384
2026-01-12 17:30:00,306.7,306.8699,306.5301,306.8699,29972
2026-01-12 17:35:00,306.82,306.885,306.67,306.83,22727
2026-01-12 17:40:00,306.82,307.07,306.82,307.01,23087
2026-01-12 17:45:00,307.015,307.17,306.94,307.01,17908
2026-01-12 17:50:00,306.99,307.12,306.92,307.06,7846
2026-01-12 17:55:00,307.07,307.2265,307.06,307.12,11856
2026-01-12 18:00:00,307.12,307.34,307.07,307.12,14632
2026-01-12 18:05:00,307.1355,307.31,307.09,307.09,35202
2026-01-12 18:10:00,307.095,307.27,307.06,307.15,20067
2026-01-12 18:15:00,307.1,307.34,307.06,307.225,34245
2026-01-12 18:20:00,307.225,307.3,307.17,307.243,16518
2026-01-12 18:25:00,307.27,307.28,307.16,307.175,17033
2026-01-12 18:30:00,307.175,307.175,306.82,306.82,21032
2026-01-12 18:35:00,306.848,306.8899,306.74,306.7918,23667
2026-01-12 18:40:00,306.79,306.9025,306.4309,306.46,24873
2026-01-12 18:45:00,306.47,306.855,306.47,306.83,22233
2026-01-12 18:50:00,306.83,306.88,306.69,306.705,12306
2026-01-12 18:55:00,306.74,306.86,306.72,306.76,16292
2026-01-12 19:00:00,306.75,306.83,306.601,306.78,19957
2026-01-12 19:05:00,306.7427,306.86,306.7427,306.79,11193
2026-01-12 19:10:00,306.78,306.93,306.73,306.73,17863
2026-01-12 19:15:00,306.71,306.71,306.32,306.33,24643
2026-01-12 19:20:00,306.3112,306.37,306.14,306.32,17826
2026-01-12 19:25:00,306.3015,306.52,306.15,306.15,22131
2026-01-12 19:30:00,306.1,306.305,306.08,306.14,17533
2026-01-12 19:35:00,306.135,306.16,305.96,306.0735,17718
2026-01-12 19:40:00,306.09,306.32,306.04,306.2,17542
2026-01-12 19:45:00,306.2,306.28,306.12,306.26,20054
2026-01-12 19:50:00,306.245,306.33,306.21,306.2298,19918
2026-01-12 19:55:00,306.27,306.3199,306.07,306.2496,23028
2026-01-12 20:00:00,306.245,306.3,306.18,306.275,15893
2026-01-12 20:05:00,306.27,306.505,306.2,306.305,20844
2026-01-12 20:10:00,306.305,306.37,305.98,306.065,19714
2026-01-12 20:15:00,306.065,306.29,306.03,306.09,38337
2026-01-12 20:20:00,306.11,306.25,306.01,306.07,32610
2026-01-12 20:25:00,306.06,306.11,305.98,306.0,21208
2026-01-12 20:30:00,306.0,306.1252,305.96,306.11,37843
2026-01-12 20:35:00,306.1,306.13,305.95,305.95,40926
2026-01-12 20:40:00,305.97,306.13,305.8801,306.015,39675
2026-01-12 20:45:00,306.0275,306.475,306.0,306.46,39560
2026-01-12 20:50:00,306.41,306.93,306.41,306.735,63249
2026-01-12 20:55:00,306.7525,307.0,306.605,306.7,215028
2026-01-13 14:30:00,305.23,306.72,305.2,306.505,80896
2026-01-13 14:35:00,306.42,306.505,305.68,305.8397,30843
2026-01-13 14:40:00,305.8923,306.6,305.8923,306.3,26837
2026-01-13 14:45:00,306.3,306.5,305.645,305.84,33563
2026-01-13 14:50:00,305.89,306.75,305.68,306.58,28410
2026-01-13 14:55:00,306.51,306.77,306.34,306.63,30454
2026-01-13 15:00:00,306.53,306.84,306.18,306.78,57987
2026-01-13 15:05:00,306.69,306.78,306.2,306.7399,18456
2026-01-13 15:10:00,306.7,306.84,306.6,306.7,15744
2026-01-13 15:15:00,306.75,306.87,306.72,306.84,51485
2026-01-13 15:20:00,306.83,306.9075,306.675,306.7,25637
2026-01-13 15:25:00,306.7,306.8393,306.62,306.77,16221
2026-01-13 15:30:00,306.8,306.88,306.41,306.57,30673
2026-01-13 15:35:00,306.565,306.635,306.47,306.56,11764
2026-01-13 15:40:00,306.5,306.6499,306.36,306.42,11178
2026-01-13 15:45:00,306.39,306.7,306.38,306.655,12478
2026-01-13 15:50:00,306.68,306.7,306.43,306.465,18521
2026-01-13 15:55:00,306.43,306.535,306.34,306.48,21910
2026-01-13 16:00:00,306.485,306.645,306.29,306.61,15272
2026-01-13 16:05:00,306.56,306.78,306.56,306.68,17922
2026-01-13 16:10:00,306.68,306.8,306.51,306.64,34852
2026-01-13 16:15:00,306.625,306.96,306.625,306.83,31507
2026-01-13 16:20:00,306.85,307.0,306.74,306.93,28741
2026-01-13 16:25:00,306.93,307.1395,306.89,307.0801,40473
2026-01-13 16:30:00,307.08,307.085,306.86,307.005,45017
2026-01-13 16:35:00,307.0197,307.21,306.92,307.18,35436
2026-01-13 16:40:00,307.18,307.34,306.99,307.02,32540
2026-01-13 16:45:00,307.045,307.055,306.89,306.925,19921
2026-01-13 16:50:00,306.89,306.9199,306.6,306.6,14499
2026-01-13 16:55:00,306.635,306.71,306.3,306.48,32536
2026-01-13 17:00:00,306.52,306.69,306.3701,306.64,14549
2026-01-13 17:05:00,306.6832,306.685,306.465,306.465,10246
2026-01-13 17:10:00,306.49,306.71,306.42,306.71,9709
2026-01-13 17:15:00,306.77,306.7975,306.6,306.685,12445
2026-01-13 17:20:00,306.7,306.95,306.69,306.89,9422
2026-01-13 17:25:00,306.89,306.92,306.44,306.615,15551
2026-01-13 17:30:00,306.57,306.63,306.39,306.48,14985
2026-01-13 17:35:00,306.455,306.72,306.4,306.5925,15751
2026-01-13 17:40:00,306.6,306.64,306.38,306.43,12385
2026-01-13 17:45:00,306.44,306.5599,306.4,306.53,11917
2026-01-13 17:50:00,306.52,306.6,306.375,306.485,19957
2026-01-13 17:55:00,306.485,306.65,306.4,306.65,18576
2026-01-13 18:00:00,306.6075,306.71,306.48,306.655,16642
2026-01-13 18:05:00,306.68,306.8,306.48,306.48,21267
2026-01-13 18:10:00,306.46,306.5,306.34,306.365,19559
2026-01-13 18:15:00,306.36,306.55,306.255,306.255,14515
2026-01-13 18:20:00,306.255,306.4,306.14,306.17,14258
2026-01-13 18:25:00,306.18,306.33,306.13,306.245,16906
2026-01-13 18:30:00,306.245,306.325,306.126,306.245,16236
2026-01-13 18:35:00,306.245,306.465,306.21,306.455,16530
2026-01-13 18:40:00,306.462,306.49,306.245,306.3415,18121
2026-01-13 18:45:00,306.33,306.44,306.27,306.405,18836
2026-01-13 18:50:00,306.4021,306.55,306.37,306.55,12565
2026-01-13 18:55:00,306.555,306.67,306.49,306.61,13068
2026-01-13 19:00:00,306.63,306.77,306.57,306.61,30779
2026-01-13 19:05:00,306.59,306.85,306.57,306.77,16581
2026-01-13 19:10:00,306.8,306.97,306.79,306.84,19193
2026-01-13 19:15:00,306.85,307.0499,306.8,306.865,22334
2026-01-13 19:20:00,306.87,307.18,306.86,307.18,12644
2026-01-13 19:25:00,307.165,307.455,307.13,307.425,18764
2026-01-13 19:30:00,307.45,307.56,307.17,307.222,26645
2026-01-13 19:35:00,307.1932,307.23,306.97,307.025,17353
2026-01-13 19:40:00,307.025,307.15,307.02,307.08,14791
2026-01-13 19:45:00,307.08,307.41,307.07,307.3401,17873
2026-01-13 19:50:00,307.365,307.5699,307.3,307.5,15832
2026-01-13 19:55:00,307.48,307.685,307.475,307.56,24277
2026-01-13 20:00:00,307.505,307.74,307.475,307.67,25580
2026-01-13 20:05:00,307.67,307.84,307.66,307.77,24425
2026-01-13 20:10:00,307.75,307.88,307.66,307.68,28767
2026-01-13 20:15:00,307.6455,307.83,307.51,307.8,40815
2026-01-13 20:20:00,307.76,308.02,307.68,307.975,39785
2026-01-13 20:25:00,307.975,308.4,307.86,308.39,54566
2026-01-13 20:30:00,308.4,308.72,308.4,308.44,50764
2026-01-13 20:35:00,308.44,308.52,308.31,308.45,31931
2026-01-13 20:40:00,308.47,308.635,308.43,308.57,39953
2026-01-13 20:45:00,308.61,309.03,308.47,308.99,93302
2026-01-13 20:50:00,308.96,309.47,308.94,309.29,88981
2026-01-13 20:55:00,309.29,309.66,309.205,309.39,303725
2026-01-14 14:30:00,309.44,310.79,309.325,310.62,92728
2026-01-14 14:35:00,310.68,311.0,310.03,310.36,36902
2026-01-14 14:40:00,310.297,311.18,310.09,310.1575,32264
2026-01-14 14:45:00,310.155,310.65,309.63,309.63,29753
2026-01-14 14:50:00,309.63,309.68,309.0,309.12,20003
2026-01-14 14:55:00,309.12,309.27,308.66,308.84,28196
2026-01-14 15:00:00,308.99,309.47,308.6601,308.92,27852
2026-01-14 15:05:00,308.96,309.03,308.3,308.47,26840
2026-01-14 15:10:00,308.58,309.01,308.04,308.1375,30895
2026-01-14 15:15:00,308.08,308.46,308.06,308.3,38793
2026-01-14 15:20:00,308.28,308.69,308.18,308.68,14553
2026-01-14 15:25:00,308.62,308.62,308.25,308.285,10611
2026-01-14 15:30:00,308.21,308.29,307.9601,308.19,18582
2026-01-14 15:35:00,308.23,308.355,307.87,307.9,22141
2026-01-14 15:40:00,307.9,308.06,307.8201,307.91,10970
2026-01-14 15:45:00,307.86,308.07,307.85,307.85,13537
2026-01-14 15:50:00,307.85,308.0,307.61,307.71,15223
2026-01-14 15:55:00,307.79,307.95,307.7,307.7525,23659
2026-01-14 16:00:00,307.71,307.71,307.35,307.56,16158
2026-01-14 16:05:00,307.535,307.67,307.366,307.66,15140
2026-01-14 16:10:00,307.6,307.83,307.515,307.83,22422
2026-01-14 16:15:00,307.68,307.705,307.38,307.41,14513
2026-01-14 16:20:00,307.46,307.67,307.3501,307.5975,15340
2026-01-14 16:25:00,307.63,307.8,307.555,307.76,13977
2026-01-14 16:30:00,307.76,307.86,307.49,307.49,15728
2026-01-14 16:35:00,307.53,307.569,307.26,307.525,16264
2026-01-14 16:40:00,307.525,307.53,307.1,307.1,15405
2026-01-14 16:45:00,307.11,307.32,307.0,307.29,33995
2026-01-14 16:50:00,307.2526,307.44,307.21,307.28,16269
2026-01-14 16:55:00,307.285,307.67,307.225,307.635,13325
2026-01-14 17:00:00,307.6375,307.7,307.5807,307.64,12323
2026-01-14 17:05:00,307.69,307.84,307.57,307.84,18423
2026-01-14 17:10:00,307.87,308.0201,307.615,307.645,15555
2026-01-14 17:15:00,307.645,307.66,307.39,307.445,18339
2026-01-14 17:20:00,307.51,307.59,307.33,307.44,19210
2026-01-14 17:25:00,307.44,307.63,307.38,307.595,16009
2026-01-14 17:30:00,307.63,307.7,307.488,307.645,16361
2026-01-14 17:35:00,307.615,307.865,307.615,307.785,13025
2026-01-14 17:40:00,307.785,307.79,307.64,307.725,13714
2026-01-14 17:45:00,307.67,307.95,307.635,307.81,12910
2026-01-14 17:50:00,307.78,307.83,307.66,307.75,16455
2026-01-14 17:55:00,307.76,307.81,307.64,307.71,9922
2026-01-14 18:00:00,307.68,307.71,307.5,307.61,13449
2026-01-14 18:05:00,307.56,307.71,307.48,307.52,17266
2026-01-14 18:10:00,307.58,307.645,307.5,307.56,14918
2026-01-14 18:15:00,307.53,307.53,306.96,307.155,17173
2026-01-14 18:20:00,307.155,307.235,307.06,307.2,8910
2026-01-14 18:25:00,307.2244,307.255,307.0,307.01,14214
2026-01-14 18:30:00,307.025,307.11,306.84,306.99,10871
2026-01-14 18:35:00,307.025,307.025,306.49,306.49,14355
2026-01-14 18:40:00,306.5,306.59,306.155,306.155,16792
2026-01-14 18:45:00,306.185,306.44,306.185,306.28,11995
2026-01-14 18:50:00,306.305,306.32,306.13,306.13,14497
2026-01-14 18:55:00,306.135,306.19,305.9401,306.135,23930
2026-01-14 19:00:00,306.13,306.29,306.01,306.01,19107
2026-01-14 19:05:00,306.02,306.12,305.93,306.1,13829
2026-01-14 19:10:00,306.1,306.37,306.075,306.34,22081
2026-01-14 19:15:00,306.32,306.48,306.2401,306.43,13814
2026-01-14 19:20:00,306.38,306.51,306.3601,306.51,10478
2026-01-14 19:25:00,306.5385,306.5811,306.42,306.4985,10099
2026-01-14 19:30:00,306.51,306.55,306.22,306.23,15465
2026-01-14 19:35:00,306.24,306.3199,305.97,306.31,15170
2026-01-14 19:40:00,306.245,306.32,306.14,306.28,12966
2026-01-14 19:45:00,306.28,306.31,306.1101,306.25,17570
2026-01-14 19:50:00,306.29,306.31,306.19,306.23,13222
2026-01-14 19:55:00,306.195,306.325,306.1,306.28,13919
2026-01-14 20:00:00,306.27,306.34,306.0,306.3025,31180
2026-01-14 20:05:00,306.37,306.82,306.27,306.69,25639
2026-01-14 20:10:00,306.69,306.91,306.525,306.555,21597
2026-01-14 20:15:00,306.58,306.69,306.34,306.55,22056
2026-01-14 20:20:00,306.56,306.79,306.26,306.79,27914
2026-01-14 20:25:00,306.74,307.04,306.69,307.04,30915
2026-01-14 20:30:00,307.05,307.2,306.91,306.96,41366
2026-01-14 20:35:00,306.99,307.09,306.91,307.0,38703
2026-01-14 20:40:00,307.0,307.215,306.855,306.93,37479
2026-01-14 20:45:00,306.88,306.94,306.71,306.79,54971
2026-01-14 20:50:00,306.81,307.629,306.775,307.45,95571
2026-01-14 20:55:00,307.42,308.14,307.26,308.095,274665
2026-01-15 14:30:00,308.93,308.93,306.7001,307.13,76601
2026-01-15 14:35:00,307.13,307.14,304.92,305.0,52896
2026-01-15 14:40:00,305.0062,305.26,304.435,304.96,51318
2026-01-15 14:45:00,304.9,305.42,304.72,304.91,33092
2026-01-15 14:50:00,304.74,304.955,304.0,304.07,42655
2026-01-15 14:55:00,304.045,304.31,303.8,303.99,42580
2026-01-15 15:00:00,304.04,305.12,303.84,305.03,84585
2026-01-15 15:05:00,305.09,306.415,305.06,306.32,51200
2026-01-15 15:10:00,306.39,306.88,306.31,306.88,42161
2026-01-15 15:15:00,306.86,307.015,306.5225,306.5225,49527
2026-01-15 15:20:00,306.58,307.38,306.49,307.26,40277
2026-01-15 15:25:00,307.26,307.71,307.22,307.48,34502
2026-01-15 15:30:00,307.53,308.09,307.46,307.9,41298
2026-01-15 15:35:00,307.92,308.08,307.47,307.555,31418
2026-01-15 15:40:00,307.555,307.8,307.505,307.505,51869
2026-01-15 15:45:00,307.55,307.66,306.8625,307.4,36682
2026-01-15 15:50:00,307.4,307.47,307.22,307.235,16065
2026-01-15 15:55:00,307.26,307.4,307.14,307.235,22001
2026-01-15 16:00:00,307.19,307.42,307.09,307.135,29565
2026-01-15 16:05:00,307.135,307.2,306.61,306.74,19637
2026-01-15 16:10:00,306.66,306.7,306.29,306.365,15690
2026-01-15 16:15:00,306.4,306.79,306.4,306.66,9470
2026-01-15 16:20:00,306.655,306.8351,306.655,306.73,14223
2026-01-15 16:25:00,306.69,306.995,306.68,306.75,16299
2026-01-15 16:30:00,306.75,306.805,306.61,306.665,10874
2026-01-15 16:35:00,306.63,306.646,306.29,306.38,11964
2026-01-15 16:40:00,306.38,306.45,306.25,306.2925,19222
2026-01-15 16:45:00,306.295,306.295,306.0863,306.17,16610
2026-01-15 16:50:00,306.19,306.61,306.11,306.58,13466
2026-01-15 16:55:00,306.585,306.66,306.4,306.469,12205
2026-01-15 17:00:00,306.55,306.685,306.44,306.51,15065
2026-01-15 17:05:00,306.525,306.68,306.48,306.63,8129
2026-01-15 17:10:00,306.655,306.9599,306.605,306.84,14288
2026-01-15 17:15:00,306.8095,307.05,306.7325,306.97,7052
2026-01-15 17:20:00,307.07,307.07,306.83,306.86,10600
2026-01-15 17:25:00,306.811,306.83,306.59,306.615,9369
2026-01-15 17:30:00,306.66,306.7999,306.445,306.7999,10341
2026-01-15 17:35:00,306.76,306.97,306.725,306.935,7459
2026-01-15 17:40:00,306.92,307.155,306.92,307.045,10600
2026-01-15 17:45:00,307.0512,307.27,307.05,307.15,12743
2026-01-15 17:50:00,307.15,307.18,306.96,307.05,10314
2026-01-15 17:55:00,307.05,307.05,306.815,306.815,8476
2026-01-15 18:00:00,306.81,307.25,306.73,307.22,10523
2026-01-15 18:05:00,307.22,307.27,307.06,307.065,8170
2026-01-15 18:10:00,307.14,307.4,307.14,307.3,11998
2026-01-15 18:15:00,307.27,307.38,307.25,307.265,11119
2026-01-15 18:20:00,307.26,307.36,307.24,307.32,14072
2026-01-15 18:25:00,307.32,307.395,307.105,307.19,16069
2026-01-15 18:30:00,307.17,307.4,307.17,307.265,12377
2026-01-15 18:35:00,307.3,307.51,307.3,307.5,11304
2026-01-15 18:40:00,307.49,307.49,307.2814,307.38,9732
2026-01-15 18:45:00,307.39,307.5,307.3,307.4075,8639
2026-01-15 18:50:00,307.425,307.555,307.37,307.43,16261
2026-01-15 18:55:00,307.41,307.47,307.27,307.445,15932
2026-01-15 19:00:00,307.445,307.69,307.41,307.53,163824
2026-01-15 19:05:00,307.53,307.69,307.35,307.65,13196
2026-01-15 19:10:00,307.68,307.89,307.65,307.795,9045
2026-01-15 19:15:00,307.78,307.94,307.78,307.875,9536
2026-01-15 19:20:00,307.875,308.01,307.86,308.0,20634
2026-01-15 19:25:00,308.01,308.165,308.01,308.095,14333
2026-01-15 19:30:00,308.095,308.22,307.88,308.17,20429
2026-01-15 19:35:00,308.18,308.22,308.09,308.15,14079
2026-01-15 19:40:00,308.15,308.15,307.96,308.075,15082
2026-01-15 19:45:00,308.025,308.18,307.91,307.98,23071
2026-01-15 19:50:00,307.97,308.025,307.86,307.885,20118
2026-01-15 19:55:00,307.885,307.91,307.58,307.6,18650
2026-01-15 20:00:00,307.58,307.735,307.53,307.68,12670
2026-01-15 20:05:00,307.6553,307.77,307.63,307.73,12547
2026-01-15 20:10:00,307.7,307.8799,307.65,307.835,19443
2026-01-15 20:15:00,307.81,307.88,307.545,307.55,30339
2026-01-15 20:20:00,307.55,307.66,307.31,307.581,26707
2026-01-15 20:25:00,307.64,307.72,307.54,307.72,23537
2026-01-15 20:30:00,307.74,307.91,307.64,307.82,31710
2026-01-15 20:35:00,307.825,307.96,307.65,307.84,35515
2026-01-15 20:40:00,307.835,307.84,307.56,307.56,30308
2026-01-15 20:45:00,307.58,307.935,307.465,307.9,55029
2026-01-15 20:50:00,307.89,308.41,307.87,308.36,72248
2026-01-15 20:55:00,308.36,308.72,308.23,308.66,272235
2026-01-16 14:30:00,306.89,308.525,306.89,308.43,361857
2026-01-16 14:35:00,308.38,308.38,307.14,307.585,17972
2026-01-16 14:40:00,307.56,307.66,306.68,306.9245,17395
2026-01-16 14:45:00,306.87,307.195,306.64,306.665,27706
2026-01-16 14:50:00,306.665,307.06,306.665,307.05,17706
2026-01-16 14:55:00,307.06,307.53,307.01,307.36,14199
2026-01-16 15:00:00,307.295,307.4,306.04,306.255,19049
2026-01-16 15:05:00,306.255,306.47,305.84,306.32,25405
2026-01-16 15:10:00,306.355,306.53,306.2,306.46,21023
2026-01-16 15:15:00,306.43,306.6546,306.2801,306.53,22460
2026-01-16 15:20:00,306.53,306.64,306.3401,306.565,10390
2026-01-16 15:25:00,306.51,306.65,306.26,306.26,23483
2026-01-16 15:30:00,306.37,306.4999,306.1501,306.22,12671
2026-01-16 15:35:00,306.16,306.44,306.12,306.305,14310
2026-01-16 15:40:00,306.3,306.42,306.05,306.19,16694
2026-01-16 15:45:00,306.27,306.7499,306.235,306.65,12232
2026-01-16 15:50:00,306.71,306.89,306.31,306.31,13188
2026-01-16 15:55:00,306.445,306.48,306.31,306.39,15598
2026-01-16 16:00:00,306.4,306.46,306.16,306.355,23505
2026-01-16 16:05:00,306.355,306.43,306.165,306.43,12985
2026-01-16 16:10:00,306.43,306.49,306.15,306.49,19110
2026-01-16 16:15:00,306.48,306.72,306.2801,306.585,19142
2026-01-16 16:20:00,306.5378,306.91,306.5378,306.85,10151
2026-01-16 16:25:00,306.875,307.11,306.8001,307.11,10840
2026-01-16 16:30:00,307.12,307.16,306.74,306.85,55299
2026-01-16 16:35:00,306.88,307.25,306.83,307.19,20237
2026-01-16 16:40:00,307.14,307.55,307.03,307.54,10687
2026-01-16 16:45:00,307.535,307.7,307.52,307.54,14317
2026-01-16 16:50:00,307.58,307.67,307.28,307.32,13835
2026-01-16 16:55:00,307.24,307.25,307.0356,307.18,12325
2026-01-16 17:00:00,307.14,307.56,307.07,307.5,10411
2026-01-16 17:05:00,307.54,307.67,307.395,307.66,8260
2026-01-16 17:10:00,307.68,307.755,307.5,307.755,11425
2026-01-16 17:15:00,307.755,307.84,307.685,307.735,11054
2026-01-16 17:20:00,307.71,307.85,307.695,307.74,12686
2026-01-16 17:25:00,307.74,307.86,307.68,307.68,16057
2026-01-16 17:30:00,307.71,307.71,307.3852,307.505,10261
2026-01-16 17:35:00,307.56,307.68,307.4905,307.51,7756
2026-01-16 17:40:00,307.52,307.52,307.18,307.345,15753
2026-01-16 17:45:00,307.385,307.39,307.17,307.2,13438
2026-01-16 17:50:00,307.24,307.33,307.2,307.28,8653
2026-01-16 17:55:00,307.25,307.38,307.2,307.38,7304
2026-01-16 18:00:00,307.31,307.33,307.1569,307.28,11120
2026-01-16 18:05:00,307.29,307.41,307.235,307.345,7079
2026-01-16 18:10:00,307.31,307.4,307.15,307.25,9475
2026-01-16 18:15:00,307.3,307.55,307.25,307.4675,10353
2026-01-16 18:20:00,307.465,307.55,307.4,307.48,10967
2026-01-16 18:25:00,307.495,307.565,307.265,307.3,8458
2026-01-16 18:30:00,307.2897,307.3,307.0,307.04,11846
2026-01-16 18:35:00,307.07,307.1878,307.07,307.16,6769
2026-01-16 18:40:00,307.17,307.2,306.9765,306.9765,7921
2026-01-16 18:45:00,306.995,306.995,306.83,306.99,10278
2026-01-16 18:50:00,307.03,307.1,306.94,307.0899,15287
2026-01-16 18:55:00,307.04,307.0599,306.905,306.97,7265
2026-01-16 19:00:00,307.0,307.305,306.952,307.28,21077
2026-01-16 19:05:00,307.29,307.42,307.27,307.27,8673
2026-01-16 19:10:00,307.2651,307.39,307.155,307.31,11029
2026-01-16 19:15:00,307.305,307.38,307.105,307.18,15319
2026-01-16 19:20:00,307.16,307.46,307.02,307.4,25735
2026-01-16 19:25:00,307.4,307.4418,307.29,307.38,10370
2026-01-16 19:30:00,307.41,307.49,307.24,307.4134,16986
2026-01-16 19:35:00,307.365,307.494,307.33,307.47,20101
2026-01-16 19:40:00,307.465,307.465,307.2,307.25,11103
2026-01-16 19:45:00,307.26,307.35,307.2,307.26,13460
2026-01-16 19:50:00,307.23,307.28,307.075,307.11,14256
2026-01-16 19:55:00,307.12,307.12,306.83,306.9,14234
2026-01-16 20:00:00,306.86,307.15,306.82,307.12,18412
2026-01-16 20:05:00,307.145,307.27,307.0914,307.13,28201
2026-01-16 20:10:00,307.18,307.55,307.12,307.5,25205
2026-01-16 20:15:00,307.47,307.5199,307.39,307.44,21176
2026-01-16 20:20:00,307.39,307.5,307.27,307.29,27189
2026-01-16 20:25:00,307.29,307.42,307.27,307.415,38993
2026-01-16 20:30:00,307.44,307.5713,307.34,307.52,35668
2026-01-16 20:35:00,307.5,307.69,307.46,307.56,29007
2026-01-16 20:40:00,307.545,307.5899,307.41,307.485,29244
2026-01-16 20:45:00,307.485,307.8,307.45,307.8,45417
2026-01-16 20:50:00,307.93,308.11,307.7,307.93,58897
2026-01-16 20:55:00,307.9,307.91,307.37,307.43,158078
2026-01-20 14:30:00,306.44,306.55,304.65,304.735,111757
2026-01-20 14:35:00,304.785,305.64,304.62,305.5,38570
2026-01-20 14:40:00,305.4802,305.75,304.94,305.69,41312
2026-01-20 14:45:00,305.82,305.98,305.44,305.59,19282
2026-01-20 14:50:00,305.87,306.14,304.67,304.79,34995
2026-01-20 14:55:00,304.68,305.1,304.56,304.895,54573
2026-01-20 15:00:00,304.88,305.34,304.345,305.14,48831
2026-01-20 15:05:00,305.135,305.19,304.54,304.61,28357
2026-01-20 15:10:00,304.61,304.82,304.26,304.78,27641
2026-01-20 15:15:00,304.75,304.81,304.5015,304.52,20414
2026-01-20 15:20:00,304.54,305.08,304.345,304.97,21266
2026-01-20 15:25:00,304.98,305.07,304.6,304.67,21828
2026-01-20 15:30:00,304.68,305.08,304.66,305.02,17562
2026-01-20 15:35:00,304.88,304.97,304.77,304.81,24727
2026-01-20 15:40:00,305.1369,305.155,305.1369,305.155,23105
2026-01-20 15:45:00,305.08,305.148,304.76,304.99,16517
2026-01-20 15:50:00,304.99,305.05,304.84,304.98,20299
2026-01-20 15:55:00,304.94,304.97,304.5,304.67,17565
2026-01-20 16:00:00,304.6331,304.845,304.31,304.42,24162
2026-01-20 16:05:00,304.455,304.455,304.0,304.345,55525
2026-01-20 16:10:00,304.37,304.62,304.3267,304.47,18745
2026-01-20 16:15:00,304.47,304.74,304.42,304.48,18214
2026-01-20 16:20:00,304.45,304.77,304.215,304.61,23937
2026-01-20 16:25:00,304.53,304.83,304.4301,304.59,17222
2026-01-20 16:30:00,304.565,304.93,304.565,304.91,15391
2026-01-20 16:35:00,304.91,305.14,304.82,305.13,18195
2026-01-20 16:40:00,305.105,305.53,305.105,305.285,18919
2026-01-20 16:45:00,305.22,305.3399,305.0801,305.215,13271
2026-01-20 16:50:00,305.22,305.295,304.98,305.025,16287
2026-01-20 16:55:00,305.025,305.29,305.025,305.186,16938
2026-01-20 17:00:00,305.185,305.5,305.1,305.12,19476
2026-01-20 17:05:00,305.14,305.17,304.99,305.08,10245
2026-01-20 17:10:00,305.055,305.25,304.9551,305.22,11954
2026-01-20 17:15:00,305.2,305.31,305.13,305.31,15411
2026-01-20 17:20:00,305.3,305.31,304.54,304.56,38282
2026-01-20 17:25:00,304.55,304.96,304.55,304.96,14558
2026-01-20 17:30:00,304.9,305.2084,304.75,305.2084,19206
2026-01-20 17:35:00,305.1551,305.21,305.005,305.06,11253
2026-01-20 17:40:00,305.06,305.12,304.8,304.8,12840
2026-01-20 17:45:00,304.83,305.04,304.75,304.985,13819
2026-01-20 17:50:00,305.04,305.25,304.985,305.03,9312
2026-01-20 17:55:00,304.98,305.11,304.94,304.97,10244
2026-01-20 18:00:00,304.945,305.385,304.8525,305.2545,11473
2026-01-20 18:05:00,305.19,305.44,305.07,305.33,25893
2026-01-20 18:10:00,305.34,305.52,305.23,305.27,19855
2026-01-20 18:15:00,305.265,305.29,304.9409,305.05,12445
2026-01-20 18:20:00,305.05,305.05,304.83,304.855,13887
2026-01-20 18:25:00,304.855,305.035,304.8327,304.9332,12273
2026-01-20 18:30:00,304.935,304.98,304.647,304.655,24839
2026-01-20 18:35:00,304.7,304.81,304.42,304.54,20470
2026-01-20 18:40:00,304.54,304.55,303.82,303.845,28684
2026-01-20 18:45:00,303.8,303.99,303.47,303.47,31405
2026-01-20 18:50:00,303.4301,303.51,303.0801,303.19,16118
2026-01-20 18:55:00,303.235,303.58,303.2201,303.39,20498
2026-01-20 19:00:00,303.35,303.485,303.11,303.12,24198
2026-01-20 19:05:00,303.0976,303.16,302.86,302.98,18822
2026-01-20 19:10:00,303.01,303.01,302.7213,302.7372,18132
2026-01-20 19:15:00,302.75,303.0,302.635,302.99,18460
2026-01-20 19:20:00,302.97,303.31,302.97,303.31,15872
2026-01-20 19:25:00,303.28,303.6399,303.25,303.52,21718
2026-01-20 19:30:00,303.545,303.606,303.26,303.515,19200
2026-01-20 19:35:00,303.515,303.641,303.43,303.57,18241
2026-01-20 19:40:00,303.645,303.7,303.155,303.24,22211
2026-01-20 19:45:00,303.24,303.3,303.02,303.025,16978
2026-01-20 19:50:00,303.0,303.175,302.85,302.92,25323
2026-01-20 19:55:00,302.96,303.12,302.7,302.745,15918
2026-01-20 20:00:00,302.73,303.05,302.61,302.8069,25734
2026-01-20 20:05:00,302.79,302.98,302.7001,302.79,28815
2026-01-20 20:10:00,302.79,303.0,302.6,302.935,28912
2026-01-20 20:15:00,302.93,303.34,302.8713,303.095,42960
2026-01-20 20:20:00,303.1,303.14,302.82,302.895,20108
2026-01-20 20:25:00,302.92,303.1,302.81,303.0,25202
2026-01-20 20:30:00,303.02,303.03,302.708,302.8,33616
2026-01-20 20:35:00,302.785,302.8253,302.5,302.68,36646
2026-01-20 20:40:00,302.71,302.81,302.45,302.525,32736
2026-01-20 20:45:00,302.54,302.82,302.49,302.82,44399
2026-01-20 20:50:00,302.84,302.96,302.56,302.7,64103
2026-01-20 20:55:00,302.63,303.05,302.63,302.84,216515
2026-01-21 14:30:00,303.34,304.83,303.34,304.83,85804
2026-01-21 14:35:00,304.84,305.0,303.81,303.875,43883
2026-01-21 14:40:00,303.93,305.23,303.87,304.97,46272
2026-01-21 14:45:00,304.9,305.27,304.18,304.36,25666
2026-01-21 14:50:00,304.26,304.79,303.99,304.045,21419
2026-01-21 14:55:00,304.02,304.66,303.94,304.03,32644
2026-01-21 15:00:00,303.99,303.99,303.435,303.5584,58580
2026-01-21 15:05:00,303.5,303.6,303.1472,303.405,39254
2026-01-21 15:10:00,303.45,303.5825,303.23,303.23,42590
2026-01-21 15:15:00,303.23,303.5865,303.14,303.4,78086
2026-01-21 15:20:00,303.45,303.77,303.24,303.69,47937
2026-01-21 15:25:00,303.71,303.81,303.435,303.67,42028
2026-01-21 15:30:00,303.71,303.885,303.5862,303.835,42618
2026-01-21 15:35:00,303.83,303.915,303.59,303.8244,31220
2026-01-21 15:40:00,303.83,304.5199,303.71,304.05,35084
2026-01-21 15:45:00,304.05,304.6731,303.97,304.5,25434
2026-01-21 15:50:00,304.43,304.8017,304.43,304.5733,21327
2026-01-21 15:55:00,304.509,304.73,304.2637,304.36,27868
2026-01-21 16:00:00,304.42,304.56,304.2901,304.41,21002
2026-01-21 16:05:00,304.45,304.565,304.35,304.415,44509
2026-01-21 16:10:00,304.4,304.53,304.145,304.18,28155
2026-01-21 16:15:00,304.2,304.7,304.2,304.42,29111
2026-01-21 16:20:00,304.445,304.69,304.3,304.56,36302
2026-01-21 16:25:00,304.505,304.7,304.38,304.61,22867
2026-01-21 16:30:00,304.61,304.86,304.6075,304.72,17258
2026-01-21 16:35:00,304.76,304.98,304.54,304.73,24660
2026-01-21 16:40:00,304.67,304.96,304.57,304.85,21041
2026-01-21 16:45:00,304.85,305.315,304.85,305.211,17146
2026-01-21 16:50:00,305.31,305.46,305.2,305.46,19084
2026-01-21 16:55:00,305.4,305.63,305.06,305.33,50814
2026-01-21 17:00:00,305.3,305.59,305.1505,305.205,18903
2026-01-21 17:05:00,305.26,305.39,305.09,305.3,17229
2026-01-21 17:10:00,305.25,305.43,305.05,305.075,24430
2026-01-21 17:15:00,305.075,305.32,304.97,305.15,28895
2026-01-21 17:20:00,305.105,305.45,305.05,305.26,12874
2026-01-21 17:25:00,305.25,305.3,304.9901,305.275,16921
2026-01-21 17:30:00,305.275,305.68,305.24,305.57,14587
2026-01-21 17:35:00,305.58,305.6,305.105,305.105,23769
2026-01-21 17:40:00,305.1,305.19,304.76,304.76,12016
2026-01-21 17:45:00,304.805,304.805,304.4201,304.5786,35294
2026-01-21 17:50:00,304.575,304.59,304.41,304.51,15765
2026-01-21 17:55:00,304.46,304.46,304.055,304.11,27432
2026-01-21 18:00:00,304.145,304.32,304.08,304.155,24251
2026-01-21 18:05:00,304.2,304.475,304.19,304.46,23037
2026-01-21 18:10:00,304.49,304.73,304.425,304.695,30596
2026-01-21 18:15:00,304.74,304.85,304.65,304.82,19429
2026-01-21 18:20:00,304.78,305.065,304.74,305.0,21359
2026-01-21 18:30:00,304.735,304.85,304.735,304.76,57991
2026-01-21 18:35:00,304.79,304.85,304.6801,304.73,15667
2026-01-21 18:40:00,304.735,304.85,304.69,304.83,15423
2026-01-21 18:45:00,304.8999,304.92,304.74,304.845,16528
2026-01-21 18:50:00,304.87,304.87,304.48,304.535,15707
2026-01-21 18:55:00,304.51,304.55,304.39,304.41,13996
2026-01-21 19:00:00,304.41,304.44,303.98,304.135,27022
2026-01-21 19:05:00,304.14,304.32,304.08,304.27,24864
2026-01-21 19:10:00,304.27,304.38,304.03,304.065,20611
2026-01-21 19:15:00,304.06,304.1,303.82,304.025,25411
2026-01-21 19:20:00,304.03,304.22,303.9001,304.11,23730
2026-01-21 19:25:00,304.07,304.435,303.805,304.26,47497
2026-01-21 19:30:00,304.22,304.33,303.81,304.23,32949
2026-01-21 19:35:00,304.235,304.66,304.1,304.575,35851
2026-01-21 19:40:00,304.86,305.29,304.86,305.02,49378
2026-01-21 19:45:00,305.08,305.285,304.98,305.23,23467
2026-01-21 19:50:00,305.185,305.33,304.75,304.75,23762
2026-01-21 19:55:00,304.83,304.875,304.6696,304.675,25015
2026-01-21 20:00:00,304.7,304.83,304.46,304.667,36550
2026-01-21 20:05:00,304.7299,304.9593,304.7201,304.89,22244
2026-01-21 20:10:00,304.84,304.97,304.79,304.91,22568
2026-01-21 20:15:00,304.915,304.98,304.77,304.88,29820
2026-01-21 20:20:00,304.905,304.96,304.728,304.7332,21019
2026-01-21 20:25:00,304.7201,305.1699,304.64,305.1699,50266
2026-01-21 20:30:00,305.135,305.28,304.97,305.125,39896
2026-01-21 20:35:00,305.105,305.29,305.07,305.25,27684
2026-01-21 20:40:00,305.25,305.35,305.15,305.23,34971
2026-01-21 20:45:00,305.215,305.28,304.88,305.0351,64655
2026-01-21 20:50:00,304.995,305.17,304.77,304.84,67543
2026-01-21 20:55:00,304.82,305.71,304.82,305.635,227882
2026-01-22 14:30:00,306.15,307.29,305.6,306.985,108734
2026-01-22 14:35:00,307.02,307.349,306.142,306.31,36773
2026-01-22 14:40:00,306.2534,306.98,306.09,306.17,52045
2026-01-22 14:45:00,306.14,306.43,305.51,306.268,40005
2026-01-22 14:50:00,306.13,306.55,306.03,306.415,23134
2026-01-22 14:55:00,306.55,306.55,305.79,306.19,26524
2026-01-22 15:00:00,306.29,306.37,305.55,305.72,25928
2026-01-22 15:05:00,305.72,306.19,305.72,306.19,27025
2026-01-22 15:10:00,306.215,306.26,305.855,306.135,27769
2026-01-22 15:15:00,306.08,306.24,305.825,306.23,28866
2026-01-22 15:20:00,306.19,306.28,306.13,306.245,19426
2026-01-22 15:25:00,306.245,306.435,306.05,306.42,23780
2026-01-22 15:30:00,306.42,306.86,306.42,306.58,20714
2026-01-22 15:35:00,306.66,306.86,306.58,306.795,28884
2026-01-22 15:40:00,306.8,307.04,306.7701,307.0,44244
2026-01-22 15:45:00,307.0,307.41,307.0,307.27,21546
2026-01-22 15:50:00,307.24,307.51,307.17,307.51,15374
2026-01-22 15:55:00,307.43,307.55,307.34,307.495,19056
2026-01-22 16:00:00,307.52,307.58,307.38,307.475,24498
2026-01-22 16:05:00,307.475,307.59,307.42,307.52,19738
2026-01-22 16:10:00,307.5699,307.63,307.42,307.51,16880
2026-01-22 16:15:00,307.4701,307.51,306.87,307.05,29886
2026-01-22 16:20:00,307.05,307.16,306.94,307.07,22452
2026-01-22 16:25:00,307.075,307.1122,306.61,306.85,33032
2026-01-22 16:30:00,306.8125,306.91,306.67,306.8,25189
2026-01-22 16:35:00,306.71,306.86,306.32,306.4,36919
2026-01-22 16:40:00,306.41,306.48,306.055,306.11,19213
2026-01-22 16:45:00,306.145,306.185,305.81,305.825,16301
2026-01-22 16:50:00,305.825,306.085,305.59,306.08,33396
2026-01-22 16:55:00,305.99,306.12,305.94,306.12,13742
2026-01-22 17:00:00,306.08,306.2,305.94,306.2,14340
2026-01-22 17:05:00,306.21,306.42,306.08,306.345,25721
2026-01-22 17:10:00,306.33,306.38,306.17,306.195,18344
2026-01-22 17:15:00,306.17,306.345,306.13,306.265,14830
2026-01-22 17:20:00,306.25,306.265,305.965,306.12,18328
2026-01-22 17:25:00,306.125,306.515,306.05,306.29,22641
2026-01-22 17:30:00,306.29,306.56,306.265,306.47,13938
2026-01-22 17:35:00,306.4867,306.56,306.31,306.47,16866
2026-01-22 17:40:00,306.47,306.535,306.33,306.41,13580
2026-01-22 17:45:00,306.405,306.56,306.4,306.5,11769
2026-01-22 17:50:00,306.5191,306.65,306.47,306.56,13781
2026-01-22 17:55:00,306.6,306.93,306.59,306.93,11174
2026-01-22 18:00:00,306.87,306.87,306.63,306.71,17450
2026-01-22 18:05:00,306.6613,306.79,306.6613,306.73,11714
2026-01-22 18:10:00,306.73,306.96,306.67,306.95,17071
2026-01-22 18:15:00,306.945,306.945,306.75,306.815,16899
2026-01-22 18:20:00,306.82,306.88,306.76,306.875,11346
2026-01-22 18:25:00,306.9093,306.92,306.83,306.875,13744
2026-01-22 18:30:00,306.875,307.095,306.875,307.02,15931
2026-01-22 18:35:00,307.0101,307.08,306.95,307.03,10658
2026-01-22 18:40:00,307.015,307.09,306.68,306.695,13497
2026-01-22 18:45:00,306.695,306.73,306.49,306.525,16935
2026-01-22 18:50:00,306.525,306.6,306.44,306.5,15212
2026-01-22 18:55:00,306.485,306.54,306.3201,306.42,14483
2026-01-22 19:00:00,306.45,306.59,306.45,306.495,13876
2026-01-22 19:05:00,306.47,306.5499,306.36,306.4051,11634
2026-01-22 19:10:00,306.42,306.52,306.36,306.46,12947
2026-01-22 19:15:00,306.455,306.59,306.33,306.525,13789
2026-01-22 19:20:00,306.52,306.58,306.45,306.475,10683
2026-01-22 19:25:00,306.455,306.51,306.3404,306.405,11275
2026-01-22 19:30:00,306.385,306.43,306.09,306.145,17732
2026-01-22 19:35:00,306.14,306.14,305.8978,305.98,14426
2026-01-22 19:40:00,305.955,306.05,305.84,305.91,13554
2026-01-22 19:45:00,305.91,305.93,305.73,305.85,17667
2026-01-22 19:50:00,305.85,305.9,305.26,305.302,26961
2026-01-22 19:55:00,305.3,305.3,305.0215,305.1,16963
2026-01-22 20:00:00,305.07,305.185,304.95,305.13,28651
2026-01-22 20:05:00,305.08,305.25,304.99,305.19,22270
2026-01-22 20:10:00,305.17,305.63,305.17,305.565,25311
2026-01-22 20:15:00,305.555,305.7146,305.5,305.66,22393
2026-01-22 20:20:00,305.645,305.84,305.56,305.8,26708
2026-01-22 20:25:00,305.76,305.97,305.73,305.94,50785
2026-01-22 20:30:00,305.94,306.075,305.77,306.03,41152
2026-01-22 20:35:00,306.015,306.14,305.8,306.03,43471
2026-01-22 20:40:00,306.05,306.16,305.78,305.97,44710
2026-01-22 20:45:00,305.93,306.1,305.82,306.1,45083
2026-01-22 20:50:00,306.14,306.52,306.12,306.34,73473
2026-01-22 20:55:00,306.34,306.53,305.88,305.96,141509
2026-01-23 14:30:00,306.1,307.2,305.36,306.1,55852
2026-01-23 14:35:00,306.11,306.49,305.42,305.96,24033
2026-01-23 14:40:00,305.94,305.98,305.42,305.74,16074
2026-01-23 14:45:00,305.79,306.225,305.76,306.075,21865
2026-01-23 14:50:00,305.97,306.46,305.88,306.365,23661
2026-01-23 14:55:00,306.43,307.2499,306.3256,307.12,21564
2026-01-23 15:00:00,307.24,307.24,306.775,307.08,31025
2026-01-23 15:05:00,307.11,307.14,306.63,306.83,30670
2026-01-23 15:10:00,306.755,306.84,306.5,306.595,27228
2026-01-23 15:15:00,306.605,306.79,306.175,306.73,40022
2026-01-23 15:20:00,306.74,307.0,306.65,306.96,25136
2026-01-23 15:25:00,306.98,306.98,306.62,306.85,29682
2026-01-23 15:30:00,306.915,307.02,306.755,306.9,18876
2026-01-23 15:35:00,306.915,307.19,306.835,307.19,12201
2026-01-23 15:40:00,307.2,307.47,307.2,307.4,12454
2026-01-23 15:45:00,307.39,307.51,307.34,307.48,10977
2026-01-23 15:50:00,307.49,307.54,307.31,307.44,13370
2026-01-23 15:55:00,307.45,308.09,307.36,307.61,27177
2026-01-23 16:00:00,307.675,307.985,307.325,307.38,20878
2026-01-23 16:05:00,307.35,307.52,307.24,307.425,17120
2026-01-23 16:10:00,307.425,307.575,307.33,307.5,42350
2026-01-23 16:15:00,307.5,307.9899,307.4401,307.81,21689
2026-01-23 16:20:00,307.84,308.02,307.5,307.89,26129
2026-01-23 16:25:00,307.965,308.2409,307.89,308.0003,25907
2026-01-23 16:30:00,308.08,308.1,307.44,307.69,30297
2026-01-23 16:35:00,307.73,308.135,307.7101,307.91,28560
2026-01-23 16:40:00,307.905,307.97,307.7,307.815,16114
2026-01-23 16:45:00,307.865,307.865,307.56,307.57,13069
2026-01-23 16:50:00,307.61,307.81,307.45,307.62,16094
2026-01-23 16:55:00,307.62,307.78,307.44,307.685,12340
2026-01-23 17:00:00,307.695,308.2,307.695,308.194,12633
2026-01-23 17:05:00,308.165,308.25,308.015,308.195,18402
2026-01-23 17:10:00,308.175,308.25,308.13,308.245,11111
2026-01-23 17:15:00,308.28,308.31,308.16,308.17,13260
2026-01-23 17:20:00,308.205,308.35,308.14,308.25,12231
2026-01-23 17:25:00,308.29,308.315,308.1301,308.255,8461
2026-01-23 17:30:00,308.3188,308.33,308.14,308.14,7487
2026-01-23 17:35:00,308.145,308.22,308.08,308.1601,9832
2026-01-23 17:40:00,308.13,308.28,308.08,308.185,14708
2026-01-23 17:45:00,308.1546,308.22,308.06,308.06,12631
2026-01-23 17:50:00,308.09,308.13,307.98,308.125,13770
2026-01-23 17:55:00,308.15,308.18,307.96,308.04,19208
2026-01-23 18:00:00,308.03,308.1,307.78,307.83,14972
2026-01-23 18:05:00,307.815,307.835,307.54,307.76,19308
2026-01-23 18:10:00,307.76,307.77,307.475,307.585,11691
2026-01-23 18:15:00,307.585,307.63,307.34,307.56,16407
2026-01-23 18:20:00,307.47,307.77,307.42,307.725,12009
2026-01-23 18:25:00,307.725,308.21,307.71,308.095,14678
2026-01-23 18:30:00,308.15,308.4782,308.15,308.33,12745
2026-01-23 18:35:00,308.4099,308.4099,308.21,308.23,11592
2026-01-23 18:40:00,308.245,308.49,308.24,308.2946,12874
2026-01-23 18:45:00,308.32,308.3833,308.125,308.17,12697
2026-01-23 18:50:00,308.16,308.195,308.01,308.01,9277
2026-01-23 18:55:00,308.045,308.09,307.965,308.03,10906
2026-01-23 19:00:00,308.0,308.08,307.94,308.055,18671
2026-01-23 19:05:00,308.1,308.27,308.07,308.16,12396
2026-01-23 19:10:00,308.12,308.24,308.11,308.15,7868
2026-01-23 19:15:00,308.16,308.38,308.16,308.32,9382
2026-01-23 19:20:00,308.33,308.41,308.23,308.23,10127
2026-01-23 19:25:00,308.24,308.35,308.16,308.1875,19913
2026-01-23 19:30:00,308.1795,308.23,308.1,308.18,15644
2026-01-23 19:35:00,308.16,308.18,307.91,308.1,17230
2026-01-23 19:40:00,308.07,308.18,308.03,308.18,9402
2026-01-23 19:45:00,308.18,308.34,308.16,308.315,10964
2026-01-23 19:50:00,308.36,308.54,308.3,308.4919,12986
2026-01-23 19:55:00,308.415,308.59,308.415,308.59,15465
2026-01-23 20:00:00,308.57,308.6524,308.48,308.56,22108
2026-01-23 20:05:00,308.55,308.81,308.545,308.7,16280
2026-01-23 20:10:00,308.73,309.13,308.7,309.11,25063
2026-01-23 20:15:00,309.085,309.21,309.085,309.15,24325
2026-01-23 20:20:00,309.15,309.22,308.98,309.19,19478
2026-01-23 20:25:00,309.13,309.16,309.01,309.045,18682
2026-01-23 20:30:00,309.08,309.18,309.01,309.12,19085
2026-01-23 20:35:00,309.11,309.18,309.03,309.13,23364
2026-01-23 20:40:00,309.16,309.23,309.0,309.1001,38250
2026-01-23 20:45:00,309.1451,309.29,309.085,309.28,30521
2026-01-23 20:50:00,309.26,309.51,309.18,309.275,41985
2026-01-23 20:55:00,309.3,309.5,309.19,309.21,120697
2026-01-26 14:30:00,310.0,313.9,309.97,313.385,209135
2026-01-26 14:35:00,313.385,314.36,312.89,313.78,65802
2026-01-26 14:40:00,313.93,314.01,312.85,312.99,78352
2026-01-26 14:45:00,313.0,313.38,312.22,312.29,46694
2026-01-26 14:50:00,312.225,312.44,311.613,312.21,39159
2026-01-26 14:55:00,312.12,312.51,311.78,312.36,45237
2026-01-26 15:00:00,312.38,313.38,311.99,313.36,59559
2026-01-26 15:05:00,313.2451,313.6,313.0101,313.14,34720
2026-01-26 15:10:00,313.19,313.86,312.79,312.93,69864
2026-01-26 15:15:00,312.924,313.05,312.07,312.1,33926
2026-01-26 15:20:00,312.11,312.7099,311.7901,312.66,35434
2026-01-26 15:25:00,312.69,312.79,312.53,312.66,28923
2026-01-26 15:30:00,312.62,312.86,312.4,312.47,31450
2026-01-26 15:35:00,312.42,312.5799,312.08,312.505,35972
2026-01-26 15:40:00,312.54,312.96,312.41,312.42,24316
2026-01-26 15:45:00,312.42,312.49,312.2624,312.38,39669
2026-01-26 15:50:00,312.375,312.46,312.255,312.45,35385
2026-01-26 15:55:00,312.41,312.7,312.41,312.635,34487
2026-01-26 16:00:00,312.7,312.74,312.125,312.125,54586
2026-01-26 16:05:00,312.18,312.23,311.91,311.91,30587
2026-01-26 16:10:00,311.895,311.9473,311.37,311.47,17724
2026-01-26 16:15:00,311.4651,311.63,311.01,311.3648,31114
2026-01-26 16:20:00,311.272,311.51,311.07,311.4581,20664
2026-01-26 16:25:00,311.42,311.85,311.31,311.58,23405
2026-01-26 16:30:00,311.575,311.585,310.91,310.96,14342
2026-01-26 16:35:00,310.96,310.96,310.66,310.795,16192
2026-01-26 16:40:00,310.82,311.01,310.8,310.95,10885
2026-01-26 16:45:00,310.92,311.26,310.82,311.11,19612
2026-01-26 16:50:00,311.11,311.26,310.95,311.26,10608
2026-01-26 16:55:00,311.22,311.3,311.14,311.29,15892
2026-01-26 17:00:00,311.18,311.3,310.93,311.11,13203
2026-01-26 17:05:00,311.07,311.26,311.065,311.12,13616
2026-01-26 17:10:00,311.13,311.425,311.13,311.25,13414
2026-01-26 17:15:00,311.26,311.32,311.02,311.03,13319
2026-01-26 17:20:00,311.015,311.105,310.85,310.9,31579
2026-01-26 17:25:00,310.895,311.21,310.895,311.115,14329
2026-01-26 17:30:00,311.18,311.24,310.8801,310.8801,21705
2026-01-26 17:35:00,310.96,311.05,310.71,310.8,16836
2026-01-26 17:40:00,310.79,310.87,310.62,310.78,7746
2026-01-26 17:45:00,310.78,311.03,310.73,311.0,16194
2026-01-26 17:50:00,311.0499,311.29,310.91,311.18,29609
2026-01-26 17:55:00,311.19,311.4,311.065,311.295,13910
2026-01-26 18:00:00,311.295,311.295,310.955,311.025,10007
2026-01-26 18:05:00,311.025,311.38,311.025,311.27,12347
2026-01-26 18:10:00,311.27,311.55,311.21,311.51,10135
2026-01-26 18:15:00,311.565,311.7,311.46,311.635,11217
2026-01-26 18:20:00,311.58,311.7998,311.445,311.53,13715
2026-01-26 18:25:00,311.485,311.72,311.4301,311.72,13754
2026-01-26 18:30:00,311.72,311.94,311.6801,311.89,11260
2026-01-26 18:35:00,311.93,311.98,311.6717,311.69,17529
2026-01-26 18:40:00,311.78,311.82,311.54,311.605,16096
2026-01-26 18:45:00,311.64,311.66,311.4292,311.5,13144
2026-01-26 18:50:00,311.51,311.8,311.4701,311.76,12007
2026-01-26 18:55:00,311.8,311.8,311.55,311.565,15069
2026-01-26 19:00:00,311.58,312.02,311.56,312.02,21537
2026-01-26 19:05:00,312.04,312.4,312.03,312.28,31351
2026-01-26 19:10:00,312.3082,312.35,312.135,312.265,21508
2026-01-26 19:15:00,312.265,312.6,312.2599,312.305,20364
2026-01-26 19:20:00,312.305,312.4373,312.2636,312.2905,15658
2026-01-26 19:25:00,312.31,312.49,312.2701,312.49,25892
2026-01-26 19:30:00,312.465,312.63,312.44,312.46,25563
2026-01-26 19:35:00,312.463,312.51,312.3325,312.48,19483
2026-01-26 19:40:00,312.46,312.79,312.42,312.7375,26377
2026-01-26 19:45:00,312.75,312.94,312.66,312.905,39897
2026-01-26 19:50:00,312.94,313.03,312.78,312.86,20035
2026-01-26 19:55:00,312.89,313.215,312.73,312.78,24669
2026-01-26 20:00:00,312.77,312.87,312.461,312.61,26012
2026-01-26 20:05:00,312.62,312.66,312.41,312.59,21594
2026-01-26 20:10:00,312.555,312.81,312.5135,312.56,23530
2026-01-26 20:15:00,312.54,312.73,312.475,312.57,28058
2026-01-26 20:20:00,312.58,312.76,312.48,312.56,28918
2026-01-26 20:25:00,312.52,312.6,312.3229,312.57,53879
2026-01-26 20:30:00,312.59,312.62,312.32,312.38,43454
2026-01-26 20:35:00,312.38,312.62,312.28,312.62,39250
2026-01-26 20:40:00,312.58,312.58,312.39,312.47,40460
2026-01-26 20:45:00,312.48,312.82,312.448,312.82,43615
2026-01-26 20:50:00,312.76,312.995,312.5982,312.93,74992
2026-01-26 20:55:00,312.91,312.96,312.66,312.91,238667
2026-01-27 14:30:00,312.32,312.46,311.04,312.385,80238
2026-01-27 14:35:00,312.27,313.1396,312.27,312.59,38081
2026-01-27 14:40:00,312.59,313.315,312.31,313.14,32153
2026-01-27 14:45:00,313.245,313.94,313.245,313.31,20550
2026-01-27 14:50:00,313.2,313.365,312.93,313.07,20761
2026-01-27 14:55:00,312.97,313.11,312.3,312.335,26632
2026-01-27 15:00:00,312.41,312.67,312.19,312.58,21488
2026-01-27 15:05:00,312.58,312.73,311.93,311.93,28967
2026-01-27 15:10:00,311.89,312.02,311.64,312.02,18911
2026-01-27 15:15:00,312.02,312.0647,311.69,311.82,13295
2026-01-27 15:20:00,311.8,312.1,311.7771,311.95,11223
2026-01-27 15:25:00,311.92,311.995,311.385,311.385,18948
2026-01-27 15:30:00,311.34,311.9,311.34,311.84,12539
2026-01-27 15:35:00,311.87,312.86,311.87,312.86,28664
2026-01-27 15:40:00,312.89,313.08,312.69,312.99,18731
2026-01-27 15:45:00,312.98,313.69,312.7418,313.515,21651
2026-01-27 15:50:00,313.49,313.76,313.32,313.32,23324
2026-01-27 15:55:00,313.375,313.43,312.95,312.99,21459
2026-01-27 16:00:00,313.06,313.46,312.915,313.225,29951
2026-01-27 16:05:00,313.22,313.41,313.125,313.205,21687
2026-01-27 16:10:00,313.2288,313.27,313.0,313.15,12494
2026-01-27 16:15:00,313.15,313.19,312.86,313.172,15338
2026-01-27 16:20:00,313.19,313.4399,313.0505,313.14,15329
2026-01-27 16:25:00,313.19,313.66,313.115,313.5514,20087
2026-01-27 16:30:00,313.62,313.935,313.59,313.935,16032
2026-01-27 16:35:00,313.99,314.21,313.94,314.14,17431
2026-01-27 16:40:00,314.13,314.16,313.71,313.73,18027
2026-01-27 16:45:00,313.7,313.89,313.7,313.87,14295
2026-01-27 16:50:00,313.84,313.9481,313.68,313.74,24851
2026-01-27 16:55:00,313.7,313.82,313.4901,313.545,14547
2026-01-27 17:00:00,313.565,313.57,313.38,313.45,11321
2026-01-27 17:05:00,313.45,313.47,313.28,313.47,14335
2026-01-27 17:10:00,313.42,313.53,313.22,313.53,9070
2026-01-27 17:15:00,313.4601,313.51,313.28,313.3,11334
2026-01-27 17:20:00,313.369,313.369,313.085,313.085,9380
2026-01-27 17:25:00,313.09,313.345,313.08,313.295,10826
2026-01-27 17:30:00,313.295,313.3,313.06,313.12,7318
2026-01-27 17:35:00,313.12,313.12,312.94,313.04,8462
2026-01-27 17:40:00,313.04,313.24,312.9401,313.22,10392
2026-01-27 17:45:00,313.205,313.415,313.12,313.2701,9043
2026-01-27 17:50:00,313.35,313.485,313.34,313.47,7016
2026-01-27 17:55:00,313.45,313.5,313.36,313.45,8150
2026-01-27 18:00:00,313.45,313.48,313.37,313.37,9641
2026-01-27 18:05:00,313.33,313.42,313.29,313.29,9287
2026-01-27 18:10:00,313.28,313.605,313.23,313.605,10931
2026-01-27 18:15:00,313.645,313.91,313.6013,313.91,20514
2026-01-27 18:20:00,313.905,314.0999,313.464,313.735,64624
2026-01-27 18:25:00,313.74,313.86,313.6625,313.725,10416
2026-01-27 18:30:00,313.75,314.17,313.7301,314.085,11958
2026-01-27 18:35:00,314.11,314.285,314.04,314.06,22290
2026-01-27 18:40:00,314.0966,314.105,313.63,313.68,13855
2026-01-27 18:45:00,313.71,313.9,313.6601,313.77,7376
2026-01-27 18:50:00,313.81,313.9,313.72,313.73,15997
2026-01-27 18:55:00,313.72,313.89,313.64,313.82,10263
2026-01-27 19:00:00,313.82,314.0399,313.79,314.0399,13724
2026-01-27 19:05:00,314.0399,314.04,313.7,313.87,19334
2026-01-27 19:10:00,313.87,314.19,313.87,313.985,28502
2026-01-27 19:15:00,314.01,314.0899,313.9,313.99,16919
2026-01-27 19:20:00,314.01,314.125,313.97,314.0001,15300
2026-01-27 19:25:00,314.01,314.11,313.96,314.0801,16447
2026-01-27 19:30:00,314.11,314.4,314.11,314.37,20811
2026-01-27 19:35:00,314.375,314.56,314.35,314.525,27459
2026-01-27 19:40:00,314.525,314.525,313.975,314.0,40863
2026-01-27 19:45:00,314.0301,314.19,314.03,314.07,16237
2026-01-27 19:50:00,314.06,314.08,313.795,313.96,16794
2026-01-27 19:55:00,313.99,313.995,313.71,313.82,19940
2026-01-27 20:00:00,313.84,314.0462,313.74,314.03,27776
2026-01-27 20:05:00,314.03,314.25,313.885,313.9522,31016
2026-01-27 20:10:00,313.955,314.035,313.8301,313.87,31492
2026-01-27 20:15:00,313.845,313.85,313.6,313.725,37927
2026-01-27 20:20:00,313.74,313.89,313.59,313.85,173338
2026-01-27 20:25:00,313.79,313.96,313.76,313.851,35812
2026-01-27 20:30:00,313.865,314.04,313.7825,313.915,40727
2026-01-27 20:35:00,313.915,314.06,313.79,313.985,47778
2026-01-27 20:40:00,313.96,314.0,313.57,313.57,33075
2026-01-27 20:45:00,313.575,313.68,313.43,313.645,43700
2026-01-27 20:50:00,313.67,313.92,313.58,313.67,61224
2026-01-27 20:55:00,313.67,314.14,313.62,314.14,199795
2026-01-28 14:30:00,315.0,315.72,313.064,313.315,121731
2026-01-28 14:35:00,313.52,314.37,313.01,314.32,30231
2026-01-28 14:40:00,314.28,314.735,313.7414,314.64,23424
2026-01-28 14:45:00,314.65,315.62,314.465,315.38,24217
2026-01-28 14:50:00,315.43,315.54,314.77,314.805,23760
2026-01-28 14:55:00,314.805,315.09,313.88,315.03,30778
2026-01-28 15:00:00,315.04,315.46,314.885,315.1978,27038
2026-01-28 15:05:00,315.27,315.55,315.09,315.5,18826
2026-01-28 15:10:00,315.49,315.7099,315.305,315.47,17748
2026-01-28 15:15:00,315.49,315.63,315.24,315.58,18743
2026-01-28 15:20:00,315.62,315.97,315.5,315.83,26540
2026-01-28 15:25:00,315.75,315.94,315.6,315.905,25993
2026-01-28 15:30:00,315.87,316.2799,315.86,316.17,21026
2026-01-28 15:35:00,316.09,316.23,315.37,315.44,15410
2026-01-28 15:40:00,315.45,315.58,315.03,315.1553,16583
2026-01-28 15:45:00,315.203,315.44,315.07,315.38,12683
2026-01-28 15:50:00,315.38,315.52,315.12,315.21,15204
2026-01-28 15:55:00,315.27,315.32,314.96,314.98,16836
2026-01-28 16:00:00,314.97,315.0269,314.615,314.8675,19192
2026-01-28 16:05:00,314.87,314.94,314.72,314.795,16336
2026-01-28 16:10:00,314.86,315.03,314.6,314.6,16940
2026-01-28 16:15:00,314.66,314.76,314.57,314.68,9852
2026-01-28 16:20:00,314.7002,314.78,314.34,314.38,19373
2026-01-28 16:25:00,314.38,314.43,313.83,314.16,40997
2026-01-28 16:30:00,314.085,314.39,314.07,314.12,10533
2026-01-28 16:35:00,314.165,314.2299,313.72,313.75,14126
2026-01-28 16:40:00,313.75,313.86,313.5,313.785,11480
2026-01-28 16:45:00,313.76,314.02,313.7,313.76,8731
2026-01-28 16:50:00,313.75,313.78,313.58,313.63,8882
2026-01-28 16:55:00,313.625,313.85,313.5,313.84,10202
2026-01-28 17:00:00,313.895,313.97,313.4776,313.6175,9421
2026-01-28 17:05:00,313.58,313.6,313.38,313.56,11155
2026-01-28 17:10:00,313.56,313.86,313.46,313.75,30243
2026-01-28 17:15:00,313.78,313.8075,313.515,313.54,12332
2026-01-28 17:20:00,313.57,313.6593,313.555,313.59,9310
2026-01-28 17:25:00,313.53,313.605,313.45,313.605,10367
2026-01-28 17:30:00,313.65,313.65,313.3,313.4,13291
2026-01-28 17:35:00,313.43,313.52,313.34,313.395,5535
2026-01-28 17:40:00,313.45,313.46,313.26,313.385,6385
2026-01-28 17:45:00,313.36,313.48,313.3211,313.48,7630
2026-01-28 17:50:00,313.48,313.64,313.31,313.55,25318
2026-01-28 17:55:00,313.555,313.555,313.125,313.195,8867
2026-01-28 18:00:00,313.17,313.28,313.05,313.08,5797
2026-01-28 18:05:00,313.065,313.205,313.02,313.0893,4376
2026-01-28 18:10:00,313.08,313.17,312.965,313.11,9640
2026-01-28 18:15:00,313.085,313.45,313.0412,313.3529,7797
2026-01-28 18:20:00,313.445,313.52,313.28,313.51,8506
2026-01-28 18:25:00,313.51,313.74,313.19,313.19,13176
2026-01-28 18:30:00,313.25,313.26,313.13,313.16,7268
2026-01-28 18:35:00,313.1,313.15,313.0201,313.12,6475
2026-01-28 18:40:00,313.105,313.19,313.0701,313.13,5729
2026-01-28 18:45:00,313.1,313.14,312.9228,313.08,11296
2026-01-28 18:50:00,313.08,313.08,312.81,312.81,14474
2026-01-28 18:55:00,312.78,313.12,312.605,313.035,16668
2026-01-28 19:00:00,312.99,313.07,312.85,312.92,55376
2026-01-28 19:05:00,312.915,312.9691,312.81,312.845,8374
2026-01-28 19:10:00,312.86,312.975,312.391,312.391,12808
2026-01-28 19:15:00,312.39,312.39,311.81,311.96,15554
2026-01-28 19:20:00,311.82,312.035,311.765,311.97,17592
2026-01-28 19:25:00,311.9301,312.45,311.855,312.415,21813
2026-01-28 19:30:00,312.41,313.025,311.7,312.16,69521
2026-01-28 19:35:00,312.325,312.56,311.61,312.025,24470
2026-01-28 19:40:00,312.025,312.17,311.7,312.17,20271
2026-01-28 19:45:00,312.15,312.4299,312.11,312.32,14672
2026-01-28 19:50:00,312.355,312.45,311.98,312.0379,15340
2026-01-28 19:55:00,311.99,312.27,311.89,312.27,27816
2026-01-28 20:00:00,312.29,312.83,312.29,312.79,18326
2026-01-28 20:05:00,312.79,312.85,312.62,312.68,16808
2026-01-28 20:10:00,312.635,312.77,312.47,312.655,29783
2026-01-28 20:15:00,312.62,312.67,312.5,312.56,24814
2026-01-28 20:20:00,312.57,312.77,312.5,312.695,26896
2026-01-28 20:25:00,312.65,312.6803,312.36,312.54,23677
2026-01-28 20:30:00,312.545,312.79,312.485,312.615,30560
2026-01-28 20:35:00,312.62,312.89,312.61,312.887,30198
2026-01-28 20:40:00,312.93,312.94,312.57,312.5878,24310
2026-01-28 20:45:00,312.62,312.86,312.36,312.495,51908
2026-01-28 20:50:00,312.48,312.83,312.48,312.76,49492
2026-01-28 20:55:00,312.76,312.93,312.635,312.79,143427
2026-01-29 14:30:00,312.905,314.5,312.79,313.7251,76714
2026-01-29 14:35:00,314.11,315.27,314.08,314.61,36700
2026-01-29 14:40:00,314.5938,315.0799,313.11,313.18,31210
2026-01-29 14:45:00,313.16,313.21,312.26,313.01,110543
2026-01-29 14:50:00,312.985,313.38,312.82,313.305,24603
2026-01-29 14:55:00,313.2,313.75,313.185,313.47,31548
2026-01-29 15:00:00,313.49,314.17,313.37,314.115,27832
2026-01-29 15:05:00,314.0387,314.43,313.82,313.995,19982
2026-01-29 15:10:00,314.0,314.19,313.76,314.0145,36225
2026-01-29 15:15:00,314.105,314.19,313.42,313.45,18922
2026-01-29 15:20:00,313.55,314.36,313.55,314.29,15478
2026-01-29 15:25:00,314.295,314.38,313.91,314.07,14938
2026-01-29 15:30:00,313.965,314.23,313.75,314.23,37357
2026-01-29 15:35:00,314.175,314.67,314.09,314.6,19028
2026-01-29 15:40:00,314.56,314.8299,314.39,314.39,16214
2026-01-29 15:45:00,314.4,315.6,314.4,315.54,54758
2026-01-29 15:50:00,315.49,316.15,315.49,316.03,48913
2026-01-29 15:55:00,316.03,316.62,315.711,316.585,66920
2026-01-29 16:00:00,316.56,316.73,316.15,316.15,63717
2026-01-29 16:05:00,316.155,316.6492,316.077,316.52,20642
2026-01-29 16:10:00,316.52,316.82,316.145,316.315,53796
2026-01-29 16:15:00,316.315,316.61,316.05,316.42,38137
2026-01-29 16:20:00,316.48,316.55,315.765,316.26,20351
2026-01-29 16:25:00,316.25,316.53,316.04,316.47,27834
2026-01-29 16:30:00,316.47,317.19,316.44,316.74,34247
2026-01-29 16:35:00,316.71,317.01,316.48,316.655,16512
2026-01-29 16:40:00,316.7,316.73,316.4523,316.56,16314
2026-01-29 16:45:00,316.44,316.67,316.14,316.67,14711
2026-01-29 16:50:00,316.6525,316.6525,315.9701,316.305,10573
2026-01-29 16:55:00,316.36,316.7,316.3232,316.66,23431
2026-01-29 17:00:00,316.66,316.94,316.5501,316.8,26982
2026-01-29 17:05:00,316.7888,317.06,316.5681,316.965,20484
2026-01-29 17:10:00,316.8925,317.12,316.8101,316.95,10272
2026-01-29 17:15:00,316.98,317.4,316.79,317.4,18417
2026-01-29 17:20:00,317.32,317.35,316.47,316.5,20810
2026-01-29 17:25:00,316.5,316.76,316.4401,316.685,20793
2026-01-29 17:30:00,316.685,316.925,316.29,316.34,23805
2026-01-29 17:35:00,316.33,316.41,316.06,316.25,15059
2026-01-29 17:40:00,316.17,316.25,316.04,316.21,10722
2026-01-29 17:45:00,316.25,316.33,316.04,316.12,12482
2026-01-29 17:50:00,316.15,316.35,315.9301,315.98,20362
2026-01-29 17:55:00,316.04,316.13,315.73,315.73,13552
2026-01-29 18:00:00,315.78,315.96,315.61,315.79,23586
2026-01-29 18:05:00,315.84,316.22,315.84,316.02,12114
2026-01-29 18:10:00,316.05,316.32,315.865,316.16,30129
2026-01-29 18:15:00,316.2001,316.49,316.1339,316.42,15143
2026-01-29 18:20:00,316.435,316.55,316.33,316.48,19664
2026-01-29 18:25:00,316.505,316.79,316.285,316.755,22496
2026-01-29 18:30:00,316.755,316.84,316.61,316.74,15419
2026-01-29 18:35:00,316.81,316.98,316.73,316.89,22141
2026-01-29 18:40:00,316.98,317.3,316.92,317.22,17786
2026-01-29 18:45:00,317.27,317.3,316.895,316.9,19285
2026-01-29 18:50:00,316.9,316.905,316.7456,316.83,17684
2026-01-29 18:55:00,316.78,316.93,316.35,316.35,20791
2026-01-29 19:00:00,316.35,316.56,316.0677,316.315,34717
2026-01-29 19:05:00,316.32,316.54,316.285,316.325,18653
2026-01-29 19:10:00,316.325,316.4,316.18,316.29,14923
2026-01-29 19:15:00,316.2808,316.83,316.225,316.83,19061
2026-01-29 19:20:00,316.83,317.02,316.725,316.93,24740
2026-01-29 19:25:00,316.93,317.02,316.835,316.93,13037
2026-01-29 19:30:00,316.94,317.28,316.765,316.78,32001
2026-01-29 19:35:00,316.81,317.13,316.78,316.93,20089
2026-01-29 19:40:00,316.89,317.22,316.77,317.13,17615
2026-01-29 19:45:00,317.11,317.19,317.03,317.045,21430
2026-01-29 19:50:00,317.04,317.045,316.745,316.89,23356
2026-01-29 19:55:00,316.845,316.89,316.0,316.1551,24451
2026-01-29 20:00:00,316.18,316.25,315.515,315.74,45025
2026-01-29 20:05:00,315.8,315.8,315.535,315.615,16718
2026-01-29 20:10:00,315.59,315.74,315.3975,315.62,26232
2026-01-29 20:15:00,315.65,315.93,315.54,315.93,21821
2026-01-29 20:20:00,315.9,316.02,315.86,315.95,20674
2026-01-29 20:25:00,315.9,316.1,315.865,316.0085,35639
2026-01-29 20:30:00,316.04,316.08,315.72,315.8399,30128
2026-01-29 20:35:00,315.79,315.81,315.5,315.51,32772
2026-01-29 20:40:00,315.56,315.62,315.14,315.14,42929
2026-01-29 20:45:00,315.155,315.3,315.0,315.14,66775
2026-01-29 20:50:00,315.17,315.38,314.57,314.68,84080
2026-01-29 20:55:00,314.71,315.6,314.67,315.38,296401
2026-01-30 14:30:00,315.66,316.05,314.75,314.775,62750
2026-01-30 14:35:00,314.66,314.66,312.245,312.4,49340
2026-01-30 14:40:00,312.419,313.28,312.04,312.8,42036
2026-01-30 14:45:00,312.75,312.91,312.42,312.455,20273
2026-01-30 14:50:00,312.46,312.9399,312.11,312.69,25853
2026-01-30 14:55:00,312.59,313.13,312.25,313.13,30518
2026-01-30 15:00:00,313.22,313.28,312.82,313.08,23996
2026-01-30 15:05:00,313.04,313.41,312.95,313.16,22015
2026-01-30 15:10:00,313.1697,313.32,312.82,313.105,19821
2026-01-30 15:15:00,313.02,313.37,313.0,313.08,17018
2026-02-02 18:45:00,316.69,316.8085,316.65,316.78,5318
2026-02-02 18:50:00,316.75,316.8199,316.68,316.77,13043
2026-02-02 18:55:00,316.73,316.74,316.58,316.58,10996
2026-02-02 19:00:00,316.58,316.64,316.39,316.58,11820
2026-02-02 19:05:00,316.64,316.83,316.6,316.805,10555
2026-02-02 19:10:00,316.76,316.934,316.69,316.69,9695
2026-02-02 19:15:00,316.71,316.75,316.6,316.6063,8453
2026-02-02 19:20:00,316.56,316.65,316.52,316.645,14143
2026-02-02 19:25:00,316.6404,317.13,316.56,317.13,20824
2026-02-02 19:30:00,317.13,317.46,316.81,317.43,25494
2026-02-02 19:35:00,317.435,317.82,317.3272,317.46,47458
2026-02-02 19:40:00,317.46,317.88,317.4301,317.88,15479
2026-02-02 19:45:00,317.92,318.205,317.88,318.19,21641
2026-02-02 19:50:00,318.17,318.4,318.11,318.125,35750
2026-02-02 19:55:00,318.115,318.66,318.06,318.6275,25677
2026-02-02 20:00:00,318.59,319.1,318.53,318.56,127578
2026-02-02 20:05:00,318.56,318.56,318.1,318.145,19887
2026-02-02 20:10:00,318.15,318.3899,318.06,318.3899,21570
2026-02-02 20:15:00,318.3899,318.3899,318.1,318.32,18088
2026-02-02 20:20:00,318.315,318.48,318.22,318.43,19429
2026-02-02 20:25:00,318.44,319.01,318.44,318.97,25321
2026-02-02 20:30:00,319.02,319.12,318.69,318.98,51406
2026-02-02 20:35:00,318.9675,318.9899,318.73,318.84,28087
2026-02-02 20:40:00,318.84,318.8999,318.66,318.705,32404
2026-02-02 20:45:00,318.7,319.02,318.69,318.81,48917
2026-02-02 20:50:00,318.81,318.81,317.86,318.09,96557
2026-02-02 20:55:00,318.07,318.565,318.01,318.49,233991
2026-02-03 14:30:00,315.51,319.0,315.51,317.705,94392
2026-02-03 14:35:00,317.71,318.275,317.12,317.94,24153
2026-02-03 14:40:00,318.14,319.2,317.955,318.8625,57251
2026-02-03 14:45:00,318.87,319.4,318.73,319.34,81943
2026-02-03 14:50:00,319.3325,320.31,319.3041,320.03,105463
2026-02-03 14:55:00,320.18,321.4,320.18,321.295,77369
2026-02-03 15:00:00,321.19,321.6,320.66,320.76,113726
2026-02-03 15:05:00,320.75,321.87,320.34,321.79,56954
2026-02-03 15:10:00,321.745,322.18,321.59,322.12,75654
2026-02-03 15:15:00,322.15,322.6399,321.9695,322.54,93506
2026-02-03 15:20:00,322.54,322.88,322.51,322.7892,48373
2026-02-03 15:25:00,322.84,322.89,322.3201,322.825,45208
2026-02-03 15:30:00,322.82,322.86,321.885,322.43,32373
2026-02-03 15:35:00,322.425,322.71,322.41,322.5,26562
2026-02-03 15:40:00,322.53,322.74,322.305,322.305,24427
2026-02-03 15:45:00,322.295,322.62,322.05,322.05,31249
2026-02-03 15:50:00,322.05,322.23,321.545,321.545,34683
2026-02-03 15:55:00,321.52,321.8,321.12,321.425,73815
2026-02-03 16:00:00,321.5,321.96,321.4145,321.73,30000
2026-02-03 16:05:00,321.89,322.13,321.75,322.01,27350
2026-02-03 16:10:00,322.01,322.19,321.82,322.02,16233
2026-02-03 16:15:00,322.0201,322.18,321.6001,321.7201,19484
2026-02-03 16:20:00,321.75,321.845,321.4612,321.5404,18649
2026-02-03 16:25:00,321.5,321.9,321.38,321.8,37707
2026-02-03 16:30:00,321.86,321.9499,321.56,321.63,22726
2026-02-03 16:35:00,321.62,321.7034,321.13,321.15,32186
2026-02-03 16:40:00,321.145,321.32,320.96,321.32,15596
2026-02-03 16:45:00,321.24,321.58,320.93,321.51,21544
2026-02-03 16:50:00,321.44,321.59,321.3001,321.36,20926
2026-02-03 16:55:00,321.365,321.5899,321.29,321.44,16213
2026-02-03 17:00:00,321.455,321.5,320.72,321.25,73131
2026-02-03 17:05:00,321.26,321.305,320.61,320.88,18425
2026-02-03 17:10:00,320.84,321.38,320.84,321.115,53786
2026-02-03 17:15:00,321.115,321.49,321.065,321.48,18264
2026-02-03 17:20:00,321.435,322.0,321.43,321.87,31974
2026-02-03 17:25:00,321.875,322.38,321.875,322.28,19108
2026-02-03 17:30:00,322.29,322.365,322.04,322.06,15977
2026-02-03 17:35:00,322.17,322.71,322.12,322.53,28847
2026-02-03 17:40:00,322.52,322.62,322.37,322.42,29128
2026-02-03 17:45:00,322.445,322.445,321.8363,322.03,14801
2026-02-03 17:50:00,322.025,322.07,321.84,321.96,15571
2026-02-03 17:55:00,321.97,322.31,321.96,322.23,15903
2026-02-03 18:00:00,322.25,322.679,322.205,322.63,28345
2026-02-03 18:05:00,322.63,322.8,322.245,322.245,27211
2026-02-03 18:10:00,322.245,322.32,321.79,321.941,40114
2026-02-03 18:15:00,322.005,322.06,321.37,321.48,15273
2026-02-03 18:20:00,321.48,321.59,321.17,321.24,24509
2026-02-03 18:25:00,321.29,321.49,321.18,321.225,22540
2026-02-03 18:30:00,321.2,321.36,321.01,321.03,26260
2026-02-03 18:35:00,321.01,321.2,320.8118,320.92,19835
2026-02-03 18:40:00,320.89,321.2,320.84,321.18,19343
2026-02-03 18:45:00,321.15,321.19,320.7,321.01,39570
2026-02-03 18:50:00,321.005,321.08,320.28,320.6,39866
2026-02-03 18:55:00,320.555,320.56,319.5,319.94,46686
2026-02-03 19:00:00,319.99,320.47,319.64,319.6639,26287
2026-02-03 19:05:00,319.63,320.19,319.55,319.61,42208
2026-02-03 19:10:00,319.64,319.8599,319.47,319.54,19650
2026-02-03 19:15:00,319.505,319.7735,319.3316,319.59,37159
2026-02-03 19:20:00,319.5487,319.97,319.4528,319.81,19547
2026-02-03 19:25:00,319.81,320.13,319.81,320.085,20569
2026-02-03 19:30:00,320.06,320.41,319.965,319.965,21041
2026-02-03 19:35:00,319.9893,320.21,319.71,319.88,17074
2026-02-03 19:40:00,319.94,320.2,319.88,319.99,18432
2026-02-03 19:45:00,319.99,320.07,319.84,319.96,22619
2026-02-03 19:50:00,319.97,320.06,319.805,319.915,21761
2026-02-03 19:55:00,319.91,320.0,319.66,319.91,24037
2026-02-03 20:00:00,319.91,320.13,319.76,320.0015,25462
2026-02-03 20:05:00,320.02,320.28,319.95,320.18,19256
2026-02-03 20:10:00,320.18,320.35,320.13,320.13,17260
2026-02-03 20:15:00,320.05,320.24,319.81,319.98,26738
2026-02-03 20:20:00,319.985,320.06,319.81,320.03,24588
2026-02-03 20:25:00,320.06,320.22,319.93,320.075,25374
2026-02-03 20:30:00,320.07,320.59,320.07,320.59,45535
2026-02-03 20:35:00,320.63,320.76,320.57,320.74,44702
2026-02-03 20:40:00,320.71,320.8,320.49,320.64,41408
2026-02-03 20:45:00,320.67,320.7,320.35,320.51,81203
2026-02-03 20:50:00,320.49,320.79,320.155,320.23,75671
2026-02-03 20:55:00,320.23,320.24,319.34,319.38,290599
2026-02-04 14:30:00,321.11,322.3,319.76,319.86,65465
2026-02-04 14:35:00,319.72,320.85,319.7001,320.2,41442
2026-02-04 14:40:00,320.2193,321.98,320.1,320.85,47543
2026-02-04 14:45:00,321.07,321.7,320.625,321.57,68416
2026-02-04 14:50:00,321.44,322.868,321.26,322.6,35620
2026-02-04 14:55:00,322.62,322.91,321.67,321.67,68936
2026-02-04 15:00:00,321.575,322.09,321.48,321.85,60455
2026-02-04 15:05:00,321.75,322.3549,321.42,321.495,53531
2026-02-04 15:10:00,321.52,321.69,321.07,321.502,61058
2026-02-04 15:15:00,321.5057,322.46,320.94,322.35,41243
2026-02-04 15:20:00,322.18,323.0668,322.18,322.65,37769
2026-02-04 15:25:00,322.65,323.09,322.095,323.0,35253
2026-02-04 15:30:00,323.05,323.69,322.87,323.455,38086
2026-02-04 15:35:00,323.39,323.7,322.9225,323.09,62788
2026-02-04 15:40:00,323.17,323.2452,322.38,322.56,41072
2026-02-04 15:45:00,322.58,322.89,322.47,322.835,33159
2026-02-04 15:50:00,322.91,323.13,322.555,323.03,21343
2026-02-04 15:55:00,323.08,323.88,323.08,323.87,33205
2026-02-04 16:00:00,323.86,324.4,323.84,324.25,57472
2026-02-04 16:05:00,324.27,324.42,323.705,323.935,49699
2026-02-04 16:10:00,323.97,324.5,323.84,324.435,47035
2026-02-04 16:15:00,324.435,324.92,324.3401,324.7601,47047
2026-02-04 16:20:00,324.75,324.86,324.4211,324.805,37712
2026-02-04 16:25:00,324.81,325.32,324.7,325.15,74050
2026-02-04 16:30:00,325.14,325.615,325.08,325.4306,28594
2026-02-04 16:35:00,325.53,325.735,325.3913,325.735,31873
2026-02-04 16:40:00,325.7266,326.17,325.52,326.06,64729
2026-02-04 16:45:00,326.06,326.575,326.03,326.35,51204
2026-02-04 16:50:00,326.371,326.465,325.93,326.0047,44776
2026-02-04 16:55:00,326.03,326.085,325.35,325.685,38802
2026-02-04 17:00:00,325.685,325.74,325.34,325.475,43924
2026-02-04 17:05:00,325.4975,325.81,325.475,325.745,24865
2026-02-04 17:10:00,325.745,325.885,325.6,325.7,26208
2026-02-04 17:15:00,325.74,325.95,325.6301,325.76,18081
2026-02-04 17:20:00,325.79,326.355,325.69,326.355,38713
2026-02-04 17:25:00,326.285,326.54,326.0,326.1,54090
2026-02-04 17:30:00,326.065,326.34,325.88,325.925,30211
2026-02-04 17:35:00,325.88,326.22,325.74,326.06,28851
2026-02-04 17:40:00,326.06,326.195,325.72,326.195,25508
2026-02-04 17:45:00,326.2,326.945,326.1,326.84,34726
2026-02-04 17:50:00,326.835,326.835,326.25,326.34,23443
2026-02-04 17:55:00,326.39,326.47,326.08,326.16,26532
2026-02-04 18:00:00,326.1,326.18,325.77,325.835,49925
2026-02-04 18:05:00,325.83,325.93,325.525,325.73,68387
2026-02-04 18:10:00,325.735,325.78,325.425,325.655,26833
2026-02-04 18:15:00,325.69,325.82,325.45,325.495,33165
2026-02-04 18:20:00,325.495,325.8,325.495,325.7196,22127
2026-02-04 18:25:00,325.75,325.95,325.12,325.355,44459
2026-02-04 18:30:00,325.37,325.49,324.97,325.05,25557
2026-02-04 18:35:00,325.055,325.12,324.595,325.055,37875
2026-02-04 18:40:00,325.14,325.2675,324.58,324.6,35048
2026-02-04 18:45:00,324.69,325.08,324.46,325.005,38957
2026-02-04 18:50:00,324.94,324.9499,324.68,324.74,22090
2026-02-04 18:55:00,324.79,325.04,324.45,324.64,38388
2026-02-04 19:00:00,324.825,324.85,324.45,324.62,32714
2026-02-04 19:05:00,324.6,324.65,323.935,324.57,47429
2026-02-04 19:10:00,324.51,324.645,324.35,324.395,34101
2026-02-04 19:15:00,324.43,324.43,323.91,323.915,29385
2026-02-04 19:20:00,323.88,324.18,323.81,324.1199,19878
2026-02-04 19:25:00,324.01,324.1099,323.75,323.775,26278
2026-02-04 19:30:00,323.775,323.775,323.0375,323.115,34139
2026-02-04 19:35:00,323.11,323.66,322.94,323.46,42289
2026-02-04 19:40:00,323.58,323.62,323.0125,323.35,67749
2026-02-04 19:45:00,323.35,323.73,323.1,323.385,47411
2026-02-04 19:50:00,323.41,323.41,323.12,323.175,31841
2026-02-04 19:55:00,323.11,323.17,322.45,322.46,43395
2026-02-04 20:00:00,322.465,322.48,322.07,322.44,38586
2026-02-04 20:05:00,322.415,322.95,322.11,322.74,52248
2026-02-04 20:10:00,322.73,323.106,322.38,323.04,32527
2026-02-04 20:15:00,323.1,323.15,322.6025,322.63,39364
2026-02-04 20:20:00,322.665,322.79,322.27,322.685,37982
2026-02-04 20:25:00,322.68,322.845,322.56,322.73,29587
2026-02-04 20:30:00,322.7,323.01,322.7,322.9,40509
2026-02-04 20:35:00,322.9,323.11,322.8149,322.955,46133
2026-02-04 20:40:00,322.955,322.96,322.7,322.85,37004
2026-02-04 20:45:00,322.85,323.2355,322.8,323.07,77144
2026-02-04 20:50:00,323.11,323.3,322.76,322.81,96502
2026-02-04 20:55:00,322.83,323.64,322.73,323.49,285515
2026-02-05 14:30:00,325.08,327.56,324.905,326.75,339661
2026-02-05 14:35:00,326.7899,326.83,324.16,324.175,80096
2026-02-05 14:40:00,324.1593,324.93,323.7,323.71,72056
2026-02-05 14:45:00,323.87,324.4,323.7,324.0575,44452
2026-02-05 14:50:00,324.24,325.1,324.175,325.02,24597
2026-02-05 14:55:00,324.94,325.39,324.655,325.235,29537
2026-02-05 15:00:00,325.38,326.444,325.09,326.1837,37774
2026-02-05 15:05:00,326.11,326.46,325.811,325.955,40326
2026-02-05 15:10:00,326.09,327.4,326.09,327.25,34309
2026-02-05 15:15:00,327.33,327.56,326.78,327.375,78667
2026-02-05 15:20:00,327.375,327.465,326.735,326.82,41373
2026-02-05 15:25:00,326.9,327.55,326.81,327.395,56379
2026-02-05 15:30:00,327.52,328.06,327.2764,327.425,63120
2026-02-05 15:35:00,327.425,327.75,327.08,327.12,29046
2026-02-05 15:40:00,327.135,327.45,326.455,326.455,59413
2026-02-05 15:45:00,326.37,326.75,326.05,326.55,20711
2026-02-05 15:50:00,326.69,326.77,326.21,326.315,25827
2026-02-05 15:55:00,326.295,326.51,325.36,325.405,34433
2026-02-05 16:00:00,325.39,325.78,325.22,325.605,30065
2026-02-05 16:05:00,325.645,325.84,325.19,325.77,21804
2026-02-05 16:10:00,325.695,325.705,325.14,325.415,24630
2026-02-05 16:15:00,325.405,325.62,324.81,324.845,29578
2026-02-05 16:20:00,324.885,325.11,324.79,325.0,16993
2026-02-05 16:25:00,325.035,325.23,324.94,324.95,26876
2026-02-05 16:30:00,325.11,325.345,324.75,324.75,26586
2026-02-05 16:35:00,324.8,324.96,324.65,324.96,14205
2026-02-05 16:40:00,324.97,325.0433,324.62,324.78,10116
2026-02-05 16:45:00,324.88,325.44,324.88,325.41,13823
2026-02-05 16:50:00,325.38,325.42,324.955,325.18,23209
2026-02-05 16:55:00,325.13,325.4,324.94,325.21,14396
2026-02-05 17:00:00,325.21,325.3699,324.98,325.006,15664
2026-02-05 17:05:00,324.99,325.0399,324.715,324.985,19498
2026-02-05 17:10:00,324.99,325.19,324.81,324.89,35584
2026-02-05 17:15:00,324.91,325.3,324.91,325.27,9641
2026-02-05 17:20:00,325.27,325.34,325.2001,325.34,18148
2026-02-05 17:25:00,325.33,325.51,325.23,325.41,17742
2026-02-05 17:30:00,325.425,325.87,325.36,325.74,14109
2026-02-05 17:35:00,325.74,325.815,325.4701,325.655,15467
2026-02-05 17:40:00,325.6,326.23,325.6,326.09,29969
2026-02-05 17:45:00,326.08,326.18,325.73,325.73,71736
2026-02-05 17:50:00,325.825,325.93,325.52,325.74,26149
2026-02-05 17:55:00,325.7576,325.8,325.1,325.155,20586
2026-02-05 18:00:00,325.11,325.62,324.8601,325.09,48974
2026-02-05 18:05:00,325.09,325.31,324.95,325.115,33278
2026-02-05 18:10:00,325.115,325.46,324.6,324.825,40727
2026-02-05 18:15:00,324.8251,324.94,324.71,324.85,20151
2026-02-05 18:20:00,324.85,324.85,324.63,324.755,17879
2026-02-05 18:25:00,324.755,324.855,324.35,324.455,18700
2026-02-05 18:30:00,324.45,324.59,324.41,324.5,15116
2026-02-05 18:35:00,324.5,324.56,324.2501,324.43,14348
2026-02-05 18:40:00,324.43,324.59,324.3,324.35,17056
2026-02-05 18:45:00,324.35,324.4585,324.16,324.17,12362
2026-02-05 18:50:00,324.205,324.32,324.01,324.01,19033
2026-02-05 18:55:00,324.05,324.16,323.885,324.0,14414
2026-02-05 19:00:00,323.995,324.18,323.91,323.91,21639
2026-02-05 19:05:00,323.91,324.18,323.85,324.015,34767
2026-02-05 19:10:00,324.02,324.405,324.02,324.31,17364
2026-02-05 19:15:00,324.3,324.44,324.2,324.4,18941
2026-02-05 19:20:00,324.42,324.67,324.39,324.59,15653
2026-02-05 19:25:00,324.63,324.91,324.6,324.91,16169
2026-02-05 19:30:00,324.95,325.19,324.71,324.88,49893
2026-02-05 19:35:00,324.8711,324.88,324.17,324.19,24020
2026-02-05 19:40:00,324.19,324.785,324.16,324.71,39032
2026-02-05 19:45:00,324.66,324.875,324.63,324.69,26910
2026-02-05 19:50:00,324.69,325.08,324.44,325.0,74258
2026-02-05 19:55:00,324.995,325.1,324.6,324.6,46466
2026-02-05 20:00:00,324.63,324.725,324.35,324.39,19866
2026-02-05 20:05:00,324.39,324.54,323.8,323.875,50812
2026-02-05 20:10:00,323.88,323.8899,323.51,323.71,21718
2026-02-05 20:15:00,323.7,324.04,323.57,324.04,42320
2026-02-05 20:20:00,324.04,324.1604,323.82,323.925,23028
2026-02-05 20:25:00,323.92,324.0507,323.67,323.94,43349
2026-02-05 20:30:00,324.005,324.09,323.73,323.775,42027
2026-02-05 20:35:00,323.75,324.005,323.7,323.86,62794
2026-02-05 20:40:00,323.86,323.935,323.415,323.48,35624
2026-02-05 20:45:00,323.45,323.7799,323.31,323.6474,47064
2026-02-05 20:50:00,323.64,323.7383,322.95,323.6,80190
2026-02-05 20:55:00,323.605,323.94,323.32,323.43,224240
2026-02-06 14:30:00,323.14,323.98,321.24,322.205,124790
2026-02-06 14:35:00,322.4399,323.95,322.23,323.625,32056
2026-02-06 14:40:00,323.6076,325.06,323.52,323.84,40216
2026-02-06 14:45:00,323.9,324.395,323.45,324.1,48404
2026-02-06 14:50:00,324.115,325.0,323.91,324.9454,30210
2026-02-06 14:55:00,325.0,326.045,324.55,325.815,64520
2026-02-06 15:00:00,325.81,326.37,325.39,325.555,30559
2026-02-06 15:05:00,325.68,326.49,325.58,326.15,22411
2026-02-06 15:10:00,326.15,326.7,325.95,326.14,26392
2026-02-06 15:15:00,326.04,326.21,325.49,325.49,22392
2026-02-06 15:20:00,325.44,325.69,324.73,325.405,30062
2026-02-06 15:25:00,325.21,325.31,324.84,325.05,14271
2026-02-06 15:40:00,324.925,324.99,324.35,324.4164,66726
2026-02-06 15:45:00,324.31,324.9981,324.2,324.9981,22664
2026-02-06 15:50:00,324.96,325.03,324.885,324.945,11603
2026-02-06 15:55:00,325.655,325.655,325.5701,325.645,36685
2026-02-06 16:00:00,325.485,325.59,325.485,325.59,34311
2026-02-06 16:05:00,325.51,325.82,325.41,325.82,35531
2026-02-06 16:10:00,325.86,325.86,325.49,325.6,18344
2026-02-06 16:15:00,325.66,325.7,325.48,325.65,17856
2026-02-06 16:20:00,325.625,325.92,325.56,325.775,25916
2026-02-06 16:25:00,325.775,326.02,325.7475,325.7748,23221
2026-02-06 16:30:00,325.82,326.44,325.76,326.39,27258
2026-02-06 16:35:00,326.35,326.575,326.24,326.42,21735
2026-02-06 16:40:00,326.39,326.93,326.37,326.825,24275
2026-02-06 16:45:00,326.88,326.96,326.595,326.71,23860
2026-02-06 16:50:00,326.705,326.78,326.46,326.46,22736
2026-02-06 16:55:00,326.45,326.508,325.86,326.03,43375
2026-02-06 17:00:00,326.09,326.5,325.86,326.185,28973
2026-02-06 17:05:00,326.12,326.625,326.05,326.5675,23872
2026-02-06 17:10:00,326.58,326.69,326.13,326.245,26372
2026-02-06 17:15:00,326.2022,326.358,326.01,326.12,12418
2026-02-06 17:20:00,326.085,326.18,325.98,325.98,19025
2026-02-06 17:25:00,325.97,326.18,325.91,326.11,23174
2026-02-06 17:30:00,326.12,326.23,325.8125,325.99,37235
2026-02-06 17:35:00,325.965,326.255,325.86,326.16,11490
2026-02-06 17:40:00,326.145,326.1975,325.81,326.0,18799
2026-02-06 17:45:00,326.06,326.44,326.06,326.36,47270
2026-02-06 17:50:00,326.36,326.68,326.22,326.3,12059
2026-02-06 17:55:00,326.21,326.25,326.095,326.11,15560
2026-02-06 18:00:00,326.05,326.11,325.74,325.88,16506
2026-02-06 18:05:00,325.85,326.08,325.5371,326.03,19972
2026-02-06 18:10:00,325.99,326.15,325.84,326.105,12251
2026-02-06 18:15:00,326.0925,326.31,326.04,326.29,11863
2026-02-06 18:20:00,326.19,326.345,326.11,326.3,19955
2026-02-06 18:25:00,326.2775,326.66,326.23,326.63,13335
2026-02-06 18:30:00,326.58,326.94,326.57,326.88,19824
2026-02-06 18:35:00,326.89,326.94,326.485,326.59,14157
2026-02-06 18:40:00,326.6091,326.64,326.44,326.46,9068
2026-02-06 18:45:00,326.47,326.6874,326.46,326.68,10666
2026-02-06 18:50:00,326.67,326.72,326.48,326.51,12253
2026-02-06 18:55:00,326.515,326.515,326.27,326.38,17889
2026-02-06 19:00:00,326.45,326.6,326.4219,326.4822,16764
2026-02-06 19:05:00,326.45,326.67,326.1597,326.59,27290
2026-02-06 19:10:00,326.59,326.6199,326.345,326.485,14346
2026-02-06 19:15:00,326.4107,326.48,326.3,326.34,20297
2026-02-06 19:20:00,326.315,326.65,326.305,326.4,13624
2026-02-06 19:25:00,326.37,326.46,326.3,326.415,8132
2026-02-06 19:30:00,326.4394,326.48,326.12,326.24,14994
2026-02-06 19:35:00,326.24,326.37,326.13,326.185,16434
2026-02-06 19:40:00,326.15,326.29,326.01,326.12,23892
2026-02-06 19:45:00,326.13,326.43,326.13,326.39,18307
2026-02-06 19:50:00,326.35,326.39,326.21,326.34,14009
2026-02-06 19:55:00,326.37,326.5,326.31,326.465,14551
2026-02-06 20:00:00,326.465,326.6,326.43,326.55,11085
2026-02-06 20:05:00,326.55,326.5599,326.03,326.03,15974
2026-02-06 20:10:00,326.1097,326.1199,325.86,325.86,14234
2026-02-06 20:15:00,325.86,325.91,325.61,325.68,24035
2026-02-06 20:20:00,325.68,326.11,325.675,325.98,35384
2026-02-06 20:25:00,326.0,326.27,325.8501,326.22,25845
2026-02-06 20:30:00,326.3,326.59,326.28,326.4799,32789
2026-02-06 20:35:00,326.5,326.75,326.23,326.5525,55608
2026-02-06 20:40:00,326.615,326.699,326.44,326.699,37103
2026-02-06 20:45:00,326.6879,326.83,326.55,326.8,55565
2026-02-06 20:50:00,326.8,327.5,326.8,327.41,112447
2026-02-06 20:55:00,327.45,327.54,327.04,327.05,243571
2026-02-09 14:30:00,325.94,327.32,325.32,326.64,98436
2026-02-09 14:35:00,326.64,327.24,325.02,325.1,36787
2026-02-09 14:40:00,325.165,325.26,324.01,324.34,51679
2026-02-09 14:45:00,324.285,324.715,323.18,323.815,41317
2026-02-09 14:50:00,323.815,324.4424,323.65,324.34,23616
2026-02-09 14:55:00,324.23,325.28,323.89,325.0,22819
2026-02-09 15:00:00,325.03,325.33,324.86,325.25,26894
2026-02-09 15:05:00,325.15,325.19,324.5,324.73,29506
2026-02-09 15:10:00,324.68,324.87,324.26,324.69,34911
2026-02-09 15:15:00,324.76,325.555,324.66,325.25,25827
2026-02-09 15:20:00,325.315,325.665,325.18,325.52,21764
2026-02-09 15:25:00,325.585,325.96,325.52,325.905,16932
2026-02-09 15:30:00,325.885,326.0,325.55,325.7,29723
2026-02-09 15:35:00,325.765,326.1,325.7,325.93,25716
2026-02-09 15:40:00,325.935,326.02,325.51,325.56,15386
2026-02-09 15:45:00,325.585,325.585,324.9349,325.07,18546
2026-02-09 15:50:00,325.085,325.39,325.0,325.06,15863
2026-02-09 15:55:00,325.06,325.22,324.86,325.14,29180
2026-02-09 16:00:00,325.1942,325.36,324.8601,324.87,18387
2026-02-09 16:05:00,324.8,324.99,324.765,324.86,21085
2026-02-09 16:10:00,324.905,325.05,324.3101,324.44,21102
2026-02-09 16:15:00,324.43,324.62,324.2809,324.61,21490
2026-02-09 16:20:00,324.61,324.89,324.59,324.845,25571
2026-02-09 16:25:00,324.89,325.0,324.485,324.8,29367
2026-02-09 16:30:00,324.86,324.86,324.4417,324.685,14644
2026-02-09 16:35:00,324.69,324.78,324.54,324.715,13403
2026-02-09 16:40:00,324.72,324.98,324.68,324.875,18648
2026-02-09 16:45:00,324.87,324.96,324.55,324.6,20492
2026-02-09 16:50:00,324.5,324.65,324.34,324.58,15979
2026-02-09 16:55:00,324.59,324.655,324.3,324.36,21419
2026-02-09 17:00:00,324.34,324.6,324.17,324.31,21009
2026-02-09 17:05:00,324.29,324.31,323.7,323.815,16370
2026-02-09 17:10:00,323.78,323.93,323.69,323.91,18806
2026-02-09 17:15:00,323.91,323.9475,323.65,323.705,22687
2026-02-09 17:20:00,323.725,324.16,323.725,324.12,22630
2026-02-09 17:25:00,324.1,324.89,324.02,324.725,55072
2026-02-09 17:30:00,324.725,324.8225,324.51,324.8225,37907
2026-02-09 17:35:00,324.78,324.895,324.62,324.62,28188
2026-02-09 17:40:00,324.705,324.97,324.705,324.94,10542
2026-02-09 17:45:00,324.94,325.08,324.94,324.996,21758
2026-02-09 17:50:00,324.99,325.17,324.8975,325.09,21500
2026-02-09 17:55:00,325.15,325.1875,324.91,324.92,17841
2026-02-09 18:00:00,324.95,325.19,324.92,325.12,27867
2026-02-09 18:05:00,325.1,325.21,325.07,325.115,17586
2026-02-09 18:10:00,325.13,325.13,324.79,325.0,20108
2026-02-09 18:15:00,325.0,325.09,324.91,325.06,35360
2026-02-09 18:20:00,325.055,325.29,324.94,325.26,29520
2026-02-09 18:25:00,325.235,325.3,325.07,325.1,17437
2026-02-09 18:30:00,325.11,325.41,325.06,325.32,25880
2026-02-09 18:35:00,325.32,325.38,324.875,325.1,18438
2026-02-09 18:40:00,325.15,325.175,324.76,324.78,14941
2026-02-09 18:45:00,324.805,324.95,324.75,324.905,19416
2026-02-09 18:50:00,324.8863,324.97,324.85,324.85,17603
2026-02-09 18:55:00,324.8,324.9,324.47,324.56,18413
2026-02-09 19:00:00,324.595,324.595,324.05,324.38,22441
2026-02-09 19:05:00,324.39,324.39,323.86,324.205,15904
2026-02-09 19:10:00,324.205,324.49,324.16,324.378,23185
2026-02-09 19:15:00,324.41,324.72,324.41,324.64,14028
2026-02-09 19:20:00,324.61,324.785,324.55,324.6,16876
2026-02-09 19:25:00,324.63,324.72,324.49,324.535,9453
2026-02-09 19:30:00,324.535,324.645,324.3,324.515,17624
2026-02-09 19:35:00,324.5847,324.5847,324.36,324.49,11701
2026-02-09 19:40:00,324.48,324.66,324.4501,324.5751,47999
2026-02-09 19:45:00,324.58,324.665,324.52,324.66,11927
2026-02-09 19:50:00,324.645,324.69,324.57,324.615,24849
2026-02-09 19:55:00,324.6,324.69,324.44,324.67,24567
2026-02-09 20:00:00,324.68,324.74,324.565,324.635,28473
2026-02-09 20:05:00,324.61,324.76,324.49,324.545,21946
2026-02-09 20:10:00,324.59,324.71,324.49,324.55,18494
2026-02-09 20:15:00,324.55,324.625,324.34,324.53,24568
2026-02-09 20:20:00,324.52,324.78,324.4201,324.78,28244
2026-02-09 20:25:00,324.78,324.86,324.61,324.66,28366
2026-02-09 20:30:00,324.63,324.7493,324.42,324.47,37768
2026-02-09 20:35:00,324.45,324.71,324.41,324.71,45011
2026-02-09 20:40:00,324.72,324.88,324.63,324.835,35637
2026-02-09 20:45:00,324.83,325.26,324.83,325.21,50051
2026-02-09 20:50:00,325.18,325.58,325.15,325.505,68363
2026-02-09 20:55:00,325.48,325.92,325.42,325.54,171025
2026-02-10 14:30:00,325.43,325.97,324.27,324.27,119698
2026-02-10 14:35:00,324.45,325.65,323.505,325.14,55503
2026-02-10 14:40:00,325.065,326.25,325.065,325.43,26538
2026-02-10 14:45:00,325.66,326.51,325.52,326.34,16112
2026-02-10 14:50:00,326.35,326.64,325.76,326.565,17199
2026-02-10 14:55:00,326.565,326.76,326.175,326.59,26365
2026-02-10 15:00:00,326.66,326.66,325.72,326.18,23603
2026-02-10 15:05:00,326.235,326.235,325.36,325.55,14146
2026-02-10 15:10:00,325.47,325.93,325.37,325.68,16290
2026-02-10 15:15:00,325.685,325.87,325.41,325.77,14109
2026-02-10 15:20:00,325.85,325.85,325.56,325.67,24207
2026-02-10 15:25:00,325.7,325.7,325.13,325.5267,38245
2026-02-10 15:30:00,325.525,325.7201,325.1601,325.28,29935
2026-02-10 15:35:00,325.315,325.315,324.695,324.885,27944
2026-02-10 15:40:00,324.82,325.18,324.75,325.115,17456
2026-02-10 15:45:00,325.125,325.2,324.86,325.165,19228
2026-02-10 15:50:00,325.21,325.9322,325.019,325.9322,18489
2026-02-10 15:55:00,325.83,326.2963,325.61,325.87,20878
2026-02-10 16:00:00,325.81,325.8848,325.46,325.82,20848
2026-02-10 16:05:00,325.81,326.05,325.74,325.885,20473
2026-02-10 16:10:00,325.885,325.895,325.44,325.45,26432
2026-02-10 16:15:00,325.495,325.92,325.495,325.75,28662
2026-02-10 16:20:00,325.72,325.95,325.6,325.835,22904
2026-02-10 16:25:00,325.8,326.45,325.8,326.4107,39878
2026-02-10 16:30:00,326.46,326.74,326.15,326.25,17960
2026-02-10 16:35:00,326.29,326.41,326.2314,326.3905,14310
2026-02-10 16:40:00,326.36,326.565,326.305,326.3951,11538
2026-02-10 16:45:00,326.395,326.4399,326.17,326.21,11363
2026-02-10 16:50:00,326.12,326.27,325.99,326.27,19486
2026-02-10 16:55:00,326.2001,326.36,325.97,325.98,12588
2026-02-10 17:00:00,325.95,326.12,325.77,325.8062,18633
2026-02-10 17:05:00,325.75,325.86,325.46,325.805,23712
2026-02-10 17:10:00,325.815,325.93,325.71,325.76,15116
2026-02-10 17:15:00,325.76,325.95,325.51,325.555,21012
2026-02-10 17:20:00,325.555,325.64,325.24,325.31,25588
2026-02-10 17:25:00,325.35,325.505,325.1,325.3,36840
2026-02-10 17:30:00,325.28,325.3984,325.1,325.1111,14594
2026-02-10 17:35:00,325.11,325.28,325.07,325.25,34987
2026-02-10 17:40:00,325.21,325.55,325.21,325.52,18971
2026-02-10 17:45:00,325.495,325.7,325.46,325.56,20494
2026-02-10 17:50:00,325.53,325.68,325.435,325.55,13535
2026-02-10 17:55:00,325.575,325.755,325.55,325.68,18401
2026-02-10 18:00:00,325.66,325.73,325.4,325.49,17845
2026-02-10 18:05:00,325.495,325.62,325.4,325.5,12316
2026-02-10 18:10:00,325.51,325.76,325.49,325.75,20362
2026-02-10 18:15:00,325.73,326.0,325.7185,325.92,17528
2026-02-10 18:20:00,325.93,326.15,325.93,326.08,18304
2026-02-10 18:25:00,326.1,326.55,326.1,326.49,29536
2026-02-10 18:30:00,326.49,326.75,326.49,326.695,26174
2026-02-10 18:35:00,326.7,327.1594,326.68,327.12,55667
2026-02-10 18:40:00,327.105,327.26,327.03,327.18,72670
2026-02-10 18:45:00,327.27,327.53,327.135,327.15,41581
2026-02-10 18:50:00,327.1,327.66,327.1,327.63,29655
2026-02-10 18:55:00,327.605,327.61,327.42,327.58,25406
2026-02-10 19:00:00,327.54,327.61,327.27,327.42,45859
2026-02-10 19:05:00,327.4,327.54,327.27,327.52,28071
2026-02-10 19:10:00,327.48,327.48,327.3248,327.3248,17069
2026-02-10 19:15:00,327.31,328.0,327.17,327.37,27047
2026-02-10 19:20:00,327.37,327.63,327.35,327.54,22752
2026-02-10 19:25:00,327.57,327.71,327.46,327.71,26378
2026-02-10 19:30:00,327.69,327.74,327.475,327.52,31435
2026-02-10 19:35:00,327.49,327.57,327.395,327.435,17895
2026-02-10 19:40:00,327.425,327.52,327.38,327.49,36928
2026-02-10 19:45:00,327.5,327.555,327.37,327.4,25349
2026-02-10 19:50:00,327.4328,327.54,327.17,327.23,34954
2026-02-10 19:55:00,327.225,327.275,326.97,327.085,21071
2026-02-10 20:00:00,327.075,327.15,326.795,326.84,22107
2026-02-10 20:05:00,326.88,327.02,326.77,327.01,27820
2026-02-10 20:10:00,326.995,327.06,326.88,326.96,33313
2026-02-10 20:15:00,326.985,327.0999,326.76,326.87,55788
2026-02-10 20:20:00,326.86,326.96,326.4549,326.62,42748
2026-02-10 20:25:00,326.6,326.71,326.51,326.665,27625
2026-02-10 20:30:00,326.67,326.76,326.39,326.47,50064
2026-02-10 20:35:00,326.44,326.71,326.36,326.68,45170
2026-02-10 20:40:00,326.655,326.72,326.38,326.54,78171
2026-02-10 20:45:00,326.54,327.0,326.51,326.895,87408
2026-02-10 20:50:00,326.93,326.95,326.28,326.37,122279
2026-02-10 20:55:00,326.33,326.4,325.82,325.89,177794
2026-02-11 14:30:00,323.58,324.9999,322.52,323.12,144223
2026-02-11 14:35:00,323.0328,323.96,320.81,323.63,110876
2026-02-11 14:40:00,323.6869,324.32,323.24,323.53,59476
2026-02-11 14:45:00,323.465,324.1,323.04,323.27,55718
2026-02-11 14:50:00,323.26,324.46,322.97,323.46,39541
2026-02-11 14:55:00,323.455,324.11,323.2701,323.495,27544
2026-02-11 15:00:00,323.56,323.85,322.8,322.8,42566
2026-02-11 15:05:00,322.905,323.7,322.84,323.22,63812
2026-02-11 15:10:00,323.33,323.92,323.24,323.26,40303
2026-02-11 15:15:00,323.36,323.45,322.81,323.115,41419
2026-02-11 15:20:00,323.11,323.42,322.64,322.77,40775
2026-02-11 15:25:00,322.91,323.23,322.58,322.705,26110
2026-02-11 15:30:00,322.83,322.95,322.365,322.55,40880
2026-02-11 15:35:00,322.505,323.1,322.41,323.01,44188
2026-02-11 15:40:00,322.99,323.33,322.6,322.705,34936
2026-02-11 15:45:00,322.705,323.035,322.705,322.795,27145
2026-02-11 15:50:00,322.795,323.07,322.135,322.25,28503
2026-02-11 15:55:00,322.1101,322.37,322.1101,322.245,33892
2026-02-11 16:00:00,322.2,322.84,322.145,322.6261,33597
2026-02-11 16:05:00,322.66,323.22,322.6,322.945,21197
2026-02-11 16:10:00,322.935,323.34,322.81,322.895,42708
2026-02-11 16:15:00,322.895,322.99,322.65,322.92,41396
2026-02-11 16:20:00,322.93,323.3299,322.9,323.255,17639
2026-02-11 16:25:00,323.255,324.0,323.24,323.795,39333
2026-02-11 16:30:00,323.815,324.18,323.46,324.14,32743
2026-02-11 16:35:00,324.14,324.55,324.0501,324.36,23261
2026-02-11 16:40:00,324.395,324.74,324.28,324.565,22843
2026-02-11 16:45:00,324.565,324.86,324.38,324.595,27606
2026-02-11 16:50:00,324.62,324.78,324.5,324.665,25341
2026-02-11 16:55:00,324.7,324.86,324.5,324.67,32763
2026-02-11 17:00:00,324.61,324.77,324.48,324.56,39780
2026-02-11 17:05:00,324.49,324.62,324.3,324.3,31714
2026-02-11 17:10:00,324.32,324.34,323.91,323.91,26451
2026-02-11 17:15:00,323.935,324.365,323.825,324.22,35086
2026-02-11 17:20:00,324.31,324.895,324.1875,324.49,41785
2026-02-11 17:25:00,324.55,324.62,324.35,324.395,26535
2026-02-11 17:30:00,324.35,324.56,324.145,324.56,16189
2026-02-11 17:35:00,324.555,324.62,324.3502,324.38,23109
2026-02-11 17:40:00,324.38,324.5,324.115,324.29,24139
2026-02-11 17:45:00,324.26,324.35,324.02,324.065,27746
2026-02-11 17:50:00,324.065,324.41,324.065,324.41,20748
2026-02-11 17:55:00,324.38,324.58,324.35,324.43,31177
2026-02-11 18:00:00,324.43,324.81,324.225,324.59,26877
2026-02-11 18:05:00,324.54,324.75,324.505,324.715,18052
2026-02-11 18:10:00,324.715,324.94,324.715,324.85,30721
2026-02-11 18:15:00,324.85,325.17,324.6425,324.76,76569
2026-02-11 18:20:00,324.74,325.2,324.47,324.79,44577
2026-02-11 18:25:00,324.79,324.99,324.5501,324.66,17924
2026-02-11 18:30:00,324.665,325.01,324.5,324.65,42214
2026-02-11 18:35:00,324.66,325.13,324.66,325.0,19926
2026-02-11 18:40:00,324.96,325.11,324.8075,324.857,16447
2026-02-11 18:45:00,324.835,324.91,324.525,324.66,22596
2026-02-11 18:50:00,324.66,324.84,324.03,324.595,66159
2026-02-11 18:55:00,324.52,324.63,324.1,324.3175,23887
2026-02-11 19:00:00,324.325,324.325,323.9411,324.085,24306
2026-02-11 19:05:00,324.07,324.465,324.03,324.44,31354
2026-02-11 19:10:00,324.4548,324.52,324.215,324.4,19707
2026-02-11 19:15:00,324.4,324.47,324.045,324.21,116069
2026-02-11 19:20:00,324.2,324.36,323.985,324.02,33990
2026-02-11 19:25:00,324.06,324.2,324.0,324.09,22435
2026-02-11 19:30:00,324.075,324.09,323.445,323.67,42364
2026-02-11 19:35:00,323.67,323.78,323.2501,323.2501,36219
2026-02-11 19:40:00,323.29,323.475,323.15,323.22,34277
2026-02-11 19:45:00,323.185,323.49,322.955,323.075,36077
2026-02-11 19:50:00,323.1,323.37,322.72,323.275,40558
2026-02-11 19:55:00,323.1801,323.3699,322.981,323.12,36047
2026-02-11 20:00:00,323.11,323.32,322.96,323.03,30091
2026-02-11 20:05:00,323.0308,323.43,323.0,323.385,29669
2026-02-11 20:10:00,323.395,323.65,323.255,323.565,31474
2026-02-11 20:15:00,323.56,323.77,323.425,323.59,32256
2026-02-11 20:20:00,323.61,323.94,323.59,323.78,28638
2026-02-11 20:25:00,323.81,324.0,323.61,323.69,44180
2026-02-11 20:30:00,323.72,324.5,323.65,323.85,113149
2026-02-11 20:35:00,323.91,324.03,323.18,323.345,60673
2026-02-11 20:40:00,323.4,323.56,323.12,323.17,97871
2026-02-11 20:45:00,323.13,323.205,322.405,323.03,127051
2026-02-11 20:50:00,323.01,323.09,322.15,322.7,177271
2026-02-11 20:55:00,322.67,323.48,322.61,323.25,312300
2026-02-12 14:30:00,329.83,333.38,326.47,328.24,431587
2026-02-12 14:35:00,327.75,328.03,324.739,324.739,102391
2026-02-12 14:40:00,324.96,324.96,321.455,321.885,117044
2026-02-12 14:45:00,321.52,322.99,320.36,321.12,110014
2026-02-12 14:50:00,321.195,321.89,320.15,320.79,164525
2026-02-12 14:55:00,320.785,324.25,320.785,324.16,160468
2026-02-12 15:00:00,323.88,324.86,322.68,323.705,65411
2026-02-12 15:05:00,323.695,323.7428,322.12,323.125,49704
2026-02-12 15:10:00,323.0201,324.12,322.5,323.9001,51316
2026-02-12 15:15:00,324.12,326.24,323.52,326.145,61483
2026-02-12 15:20:00,326.2248,327.0,325.89,326.13,85822
2026-02-12 15:25:00,325.97,326.6699,325.82,326.56,62695
2026-02-12 15:30:00,326.5,327.86,325.79,327.69,101851
2026-02-12 15:35:00,327.695,327.87,326.769,327.8099,86902
2026-02-12 15:40:00,327.81,328.11,327.09,327.425,46323
2026-02-12 15:45:00,327.48,329.1,327.255,328.87,77745
2026-02-12 15:50:00,328.82,330.73,328.525,330.44,142268
2026-02-12 15:55:00,330.215,330.51,328.69,330.51,80634
2026-02-12 16:00:00,330.6,330.74,329.2,329.835,72067
2026-02-12 16:05:00,329.835,330.85,329.53,330.386,58451
2026-02-12 16:10:00,330.54,330.54,329.16,329.7,68546
2026-02-12 16:15:00,329.67,329.67,328.685,328.69,56096
2026-02-12 16:20:00,328.685,328.9,327.97,328.665,124611
2026-02-12 16:25:00,328.665,329.89,328.41,329.72,107723
2026-02-12 16:30:00,329.72,331.4399,329.6001,330.88,100778
2026-02-12 16:35:00,330.79,330.885,329.48,329.635,67121
2026-02-12 16:40:00,329.64,329.99,329.13,329.815,47769
2026-02-12 16:45:00,329.8,329.87,329.32,329.47,34919
2026-02-12 16:50:00,329.46,330.15,329.37,330.045,37627
2026-02-12 16:55:00,329.97,330.72,329.81,330.34,37918
2026-02-12 17:00:00,330.29,331.15,330.02,331.0,45305
2026-02-12 17:05:00,331.005,331.99,330.91,331.775,52477
2026-02-12 17:10:00,331.775,332.65,331.56,332.65,88599
2026-02-12 17:15:00,332.585,332.64,331.58,331.59,49316
2026-02-12 17:20:00,331.595,332.18,330.9,331.485,59589
2026-02-12 17:25:00,331.55,332.76,331.4651,332.28,106542
2026-02-12 17:30:00,332.28,332.3,331.275,331.4356,48714
2026-02-12 17:35:00,331.5,332.0,331.05,331.605,69511
2026-02-12 17:40:00,331.605,331.77,330.15,330.2,27441
2026-02-12 17:45:00,330.33,330.64,329.64,329.7001,30285
2026-02-12 17:50:00,329.84,331.0,329.38,330.95,47324
2026-02-12 17:55:00,330.94,331.03,330.4601,330.685,44353
2026-02-12 18:00:00,330.77,330.891,330.23,330.3,51303
2026-02-12 18:05:00,330.4,330.85,329.95,330.755,38552
2026-02-12 18:10:00,330.755,331.48,330.57,331.445,47504
2026-02-12 18:15:00,331.39,331.72,331.26,331.43,34867
2026-02-12 18:20:00,331.43,331.55,330.9,331.005,28467
2026-02-12 18:25:00,330.97,331.32,330.52,330.98,47665
2026-02-12 18:30:00,330.97,331.339,330.255,330.54,42531
2026-02-12 18:35:00,330.57,330.78,329.8713,330.7,34328
2026-02-12 18:40:00,330.695,331.09,330.37,330.985,34762
2026-02-12 18:45:00,330.985,330.985,330.33,330.475,29097
2026-02-12 18:50:00,330.475,330.625,328.99,329.71,45392
2026-02-12 18:55:00,329.63,330.855,329.39,330.345,36283
2026-02-12 19:00:00,330.5499,330.76,329.79,329.93,32175
2026-02-12 19:05:00,329.79,330.005,329.3,329.33,33079
2026-02-12 19:10:00,329.305,329.46,328.86,329.14,34223
2026-02-12 19:15:00,329.18,329.57,329.0521,329.395,48414
2026-02-12 19:20:00,329.395,329.8194,329.17,329.42,41674
2026-02-12 19:25:00,329.42,329.64,329.19,329.4,21866
2026-02-12 19:30:00,329.36,329.695,329.13,329.69,50619
2026-02-12 19:35:00,329.69,329.86,329.52,329.72,46769
2026-02-12 19:40:00,329.77,330.95,329.71,330.57,58656
2026-02-12 19:45:00,330.57,331.0999,330.5,331.01,29058
2026-02-12 19:50:00,331.04,331.63,331.04,331.4,40221
2026-02-12 19:55:00,331.435,331.98,331.27,331.45,83545
2026-02-12 20:00:00,331.415,332.0,331.12,331.89,72732
2026-02-12 20:05:00,331.89,332.03,331.61,331.94,57846
2026-02-12 20:10:00,331.94,332.17,331.34,331.945,57212
2026-02-12 20:15:00,331.94,332.01,331.24,331.405,54841
2026-02-12 20:20:00,331.405,331.57,331.02,331.1,45993
2026-02-12 20:25:00,331.04,331.245,330.56,330.635,46289
2026-02-12 20:30:00,330.64,330.87,330.46,330.55,47451
2026-02-12 20:35:00,330.48,330.48,329.58,330.2399,74528
2026-02-12 20:40:00,330.359,330.435,330.09,330.09,65632
2026-02-12 20:45:00,330.12,330.54,329.98,330.5,76302
2026-02-12 20:50:00,330.515,330.64,330.1,330.46,134659
2026-02-12 20:55:00,330.445,332.13,330.445,332.12,417613
2026-02-13 14:30:00,332.5,335.67,332.2,334.9,254481
2026-02-13 14:35:00,335.26,335.67,333.05,334.8,65429
2026-02-13 14:40:00,334.7671,335.25,333.39,333.53,49265
2026-02-13 14:45:00,333.7099,333.7099,332.1401,333.29,54806
2026-02-13 14:50:00,333.29,333.88,332.5501,333.37,63505
2026-02-13 14:55:00,333.185,333.2608,331.68,332.07,54736
2026-02-13 15:00:00,332.19,332.56,331.05,331.33,50537
2026-02-13 15:05:00,331.424,332.01,330.575,331.035,46172
2026-02-13 15:10:00,331.035,331.66,330.8628,331.165,34200
2026-02-13 15:15:00,331.19,331.51,330.9,331.245,35062
2026-02-13 15:20:00,331.245,331.99,331.01,331.835,30213
2026-02-13 15:25:00,331.835,331.92,331.17,331.49,34376
2026-02-13 15:30:00,331.53,331.82,331.3,331.675,36295
2026-02-13 15:35:00,331.77,332.77,331.625,332.49,20773
2026-02-13 15:40:00,332.6,333.0,332.2402,332.45,28034
2026-02-13 15:45:00,332.385,332.77,331.965,332.575,29525
2026-02-13 15:50:00,332.55,332.88,331.65,331.65,67504
2026-02-13 15:55:00,331.6722,332.08,331.3009,331.56,27913
2026-02-13 16:00:00,331.46,331.64,330.0,330.57,51817
2026-02-13 16:05:00,330.55,331.1302,330.24,330.82,29557
2026-02-13 16:10:00,330.93,331.2699,330.66,330.745,28347
2026-02-13 16:15:00,330.73,331.71,330.73,331.71,21628
2026-02-13 16:20:00,331.71,331.71,330.79,331.06,28806
2026-02-13 16:25:00,331.24,331.37,331.03,331.185,18384
2026-02-13 16:30:00,331.1,331.55,331.09,331.115,38035
2026-02-13 16:35:00,331.06,331.17,330.58,330.745,31979
2026-02-13 16:40:00,330.745,331.04,330.49,330.85,28598
2026-02-13 16:45:00,330.85,331.02,330.24,330.65,30722
2026-02-13 16:50:00,330.75,330.82,330.17,330.64,17001
2026-02-13 16:55:00,330.61,330.69,330.15,330.205,37690
2026-02-13 17:00:00,330.25,331.1,330.14,330.8,22979
2026-02-13 17:05:00,330.88,331.145,330.73,331.08,31301
2026-02-13 17:10:00,331.0854,331.55,330.9401,331.07,26546
2026-02-13 17:15:00,331.075,331.25,330.6141,330.6925,32492
2026-02-13 17:20:00,330.69,330.87,330.35,330.755,27391
2026-02-13 17:25:00,330.755,330.96,330.6,330.745,24377
2026-02-13 17:30:00,330.88,331.0,330.1201,330.33,26837
2026-02-13 17:35:00,330.245,330.38,329.7,329.89,24713
2026-02-13 17:40:00,329.845,330.4,329.835,330.3675,20566
2026-02-13 17:45:00,330.35,331.02,330.16,330.66,25048
2026-02-13 17:50:00,330.54,331.14,330.53,330.93,15539
2026-02-13 17:55:00,330.945,331.32,330.94,331.14,15829
2026-02-13 18:00:00,331.145,331.19,330.78,330.85,17697
2026-02-13 18:05:00,330.85,331.1663,330.4601,330.58,14919
2026-02-13 18:10:00,330.58,330.69,330.3,330.335,15472
2026-02-13 18:15:00,330.3775,330.42,330.13,330.37,18067
2026-02-13 18:20:00,330.36,330.36,330.1,330.22,15291
2026-02-13 18:25:00,330.2201,330.61,330.03,330.42,25727
2026-02-13 18:30:00,330.53,330.53,329.91,329.975,12212
2026-02-13 18:35:00,329.975,330.04,329.81,330.005,11363
2026-02-13 18:40:00,330.05,330.09,329.745,329.82,16195
2026-02-13 18:45:00,329.7801,329.915,329.41,329.575,26608
2026-02-13 18:50:00,329.57,329.75,329.53,329.5975,14797
2026-02-13 18:55:00,329.58,329.67,329.18,329.555,47786
2026-02-13 19:00:00,329.585,329.92,329.18,329.92,19773
2026-02-13 19:05:00,329.94,330.03,329.61,330.0199,22734
2026-02-13 19:10:00,330.02,330.06,329.64,329.83,19610
2026-02-13 19:15:00,329.7701,329.9181,329.54,329.6,27237
2026-02-13 19:20:00,329.565,329.565,329.0625,329.23,23486
2026-02-13 19:25:00,329.2301,329.33,328.8,329.15,23769
2026-02-13 19:30:00,329.145,329.23,328.78,329.025,21087
2026-02-13 19:35:00,329.0251,329.1875,328.825,328.825,25555
2026-02-13 19:40:00,328.8699,328.8699,328.26,328.33,26751
2026-02-13 19:45:00,328.37,328.45,328.2,328.31,21261
2026-02-13 19:50:00,328.28,328.33,327.92,327.998,14293
2026-02-13 19:55:00,328.01,328.425,327.76,328.18,24386
2026-02-13 20:00:00,328.155,328.59,328.09,328.5,19546
2026-02-13 20:05:00,328.51,328.71,328.46,328.56,19912
2026-02-13 20:10:00,328.56,328.56,328.26,328.3,20073
2026-02-13 20:15:00,328.23,328.41,327.81,327.925,32590
2026-02-13 20:20:00,327.9,327.96,327.48,327.495,34614
2026-02-13 20:25:00,327.55,327.64,327.24,327.308,32214
2026-02-13 20:30:00,327.33,327.45,327.17,327.2,41694
2026-02-13 20:35:00,327.2,327.56,327.05,327.44,46586
2026-02-13 20:40:00,327.39,327.51,327.21,327.29,39823
2026-02-13 20:45:00,327.3175,327.49,327.09,327.29,100818
2026-02-13 20:50:00,327.24,327.27,326.53,327.26,87762
2026-02-13 20:55:00,327.24,327.74,327.22,327.55,230215
2026-02-17 14:30:00,330.0,332.08,328.63,328.665,171113
2026-02-17 14:35:00,328.61,329.77,328.425,329.07,42503
2026-02-17 14:40:00,328.956,330.38,328.87,329.68,52803
2026-02-17 14:45:00,329.4584,331.095,329.4584,329.97,60489
2026-02-17 14:50:00,329.895,331.32,329.84,331.14,50173
2026-02-17 14:55:00,331.14,331.22,328.65,329.1,69100
2026-02-17 15:00:00,328.855,328.9475,327.27,327.945,40652
2026-02-17 15:05:00,327.945,328.0293,327.11,327.32,33585
2026-02-17 15:10:00,327.39,327.7,327.25,327.48,48202
2026-02-17 15:15:00,327.36,327.7099,326.68,327.49,39249
2026-02-17 15:20:00,327.5,328.82,327.42,327.93,35213
2026-02-17 15:25:00,327.93,328.4,327.28,327.8,30692
2026-02-17 15:30:00,327.8,327.845,327.25,327.7,20211
2026-02-17 15:35:00,327.64,327.72,327.23,327.39,22777
2026-02-17 15:40:00,327.38,327.38,326.81,326.89,19157
2026-02-17 15:45:00,326.95,327.19,326.5001,326.805,43201
2026-02-17 15:50:00,326.74,327.46,326.3,327.32,33107
2026-02-17 15:55:00,327.22,327.55,326.99,327.095,16546
2026-02-17 16:00:00,327.095,327.095,326.5,326.7851,29663
2026-02-17 16:05:00,326.91,327.075,326.77,326.88,13329
2026-02-17 16:10:00,326.88,327.44,326.87,327.39,18538
2026-02-17 16:15:00,327.41,327.55,327.17,327.4,17932
2026-02-17 16:20:00,327.4,328.15,327.4,327.88,21959
2026-02-17 16:25:00,327.88,328.28,327.435,327.435,14492
2026-02-17 16:30:00,327.53,327.5399,326.85,327.0,19651
2026-02-17 16:35:00,326.97,326.97,326.39,326.435,29779
2026-02-17 16:40:00,326.435,327.0,326.435,326.87,16814
2026-02-17 16:45:00,326.98,326.99,326.37,326.67,18991
2026-02-17 16:50:00,326.62,326.7899,326.44,326.695,14896
2026-02-17 16:55:00,326.64,326.72,326.13,326.36,28961
2026-02-17 17:00:00,326.345,326.535,326.11,326.335,17301
2026-02-17 17:05:00,326.3,326.55,326.24,326.285,16864
2026-02-17 17:10:00,326.35,326.39,325.82,326.13,35712
2026-02-17 17:15:00,326.13,326.39,326.1001,326.39,19222
2026-02-17 17:20:00,326.31,326.71,326.31,326.6,21670
2026-02-17 17:25:00,326.7399,326.79,326.52,326.6,13811
2026-02-17 17:30:00,326.58,327.24,326.52,326.87,22013
2026-02-17 17:35:00,326.81,326.87,326.3743,326.445,15559
2026-02-17 17:40:00,326.495,326.65,325.6815,325.835,14467
2026-02-17 17:45:00,325.83,326.235,325.75,326.03,35568
2026-02-17 17:50:00,326.03,326.465,325.5,325.575,54898
2026-02-17 17:55:00,325.555,325.78,325.32,325.705,61971
2026-02-17 18:00:00,325.705,325.76,325.5,325.625,13380
2026-02-17 18:05:00,325.62,325.7,325.5,325.5,22751
2026-02-17 18:10:00,325.5,325.565,325.0,325.1,46390
2026-02-17 18:15:00,325.1841,325.5499,325.155,325.39,24844
2026-02-17 18:20:00,325.34,325.67,325.25,325.28,20625
2026-02-17 18:25:00,325.28,326.39,325.25,326.25,16634
2026-02-17 18:30:00,326.255,326.85,326.1,326.8,36887
2026-02-17 18:35:00,326.83,327.1,326.57,326.58,15178
2026-02-17 18:40:00,326.57,326.67,326.39,326.45,17894
2026-02-17 18:45:00,326.44,326.97,326.38,326.82,23397
2026-02-17 18:50:00,326.8069,327.17,326.36,326.36,33077
2026-02-17 18:55:00,326.36,326.47,326.16,326.16,14811
2026-02-17 19:00:00,326.1,326.64,326.0,326.63,26267
2026-02-17 19:05:00,326.64,326.64,325.94,326.035,15629
2026-02-17 19:10:00,326.035,326.2899,325.9,325.93,15386
2026-02-17 19:15:00,325.95,326.04,325.63,325.665,14972
2026-02-17 19:20:00,325.6306,326.03,325.6306,325.96,15193
2026-02-17 19:25:00,325.97,326.44,325.85,326.28,16097
2026-02-17 19:30:00,326.27,326.28,325.8809,325.98,15949
2026-02-17 19:35:00,325.989,326.14,325.8,325.89,16980
2026-02-17 19:40:00,325.91,326.35,325.855,326.295,16621
2026-02-17 19:45:00,326.295,326.52,326.295,326.4,21019
2026-02-17 19:50:00,326.4,326.58,326.3,326.58,16661
2026-02-17 19:55:00,326.6,326.6,326.21,326.32,25931
2026-02-17 20:00:00,326.36,326.49,326.16,326.49,17155
2026-02-17 20:05:00,326.6099,326.6099,326.21,326.43,19694
2026-02-17 20:10:00,326.425,326.46,326.235,326.34,17488
2026-02-17 20:15:00,326.39,326.7,326.3423,326.54,15870
2026-02-17 20:20:00,326.54,326.72,326.51,326.53,21003
2026-02-17 20:25:00,326.5591,326.7,326.39,326.62,24499
2026-02-17 20:30:00,326.62,326.63,326.2001,326.525,38215
2026-02-17 20:35:00,326.53,326.8,326.37,326.66,36917
2026-02-17 20:40:00,326.67,327.36,326.655,327.27,59061
2026-02-17 20:45:00,327.3,327.44,327.2,327.29,50414
2026-02-17 20:50:00,327.27,327.6,327.21,327.445,80486
2026-02-17 20:55:00,327.47,327.85,327.37,327.67,222036
2026-02-18 14:30:00,327.27,327.27,325.0,325.74,101126
2026-02-18 14:35:00,326.0,326.125,323.83,324.982,55638
2026-02-18 14:40:00,325.0248,326.12,324.65,325.89,36668
2026-02-18 14:45:00,325.83,326.25,325.45,325.906,37273
2026-02-18 14:50:00,326.13,326.5,325.11,325.11,20618
2026-02-18 14:55:00,325.11,325.98,325.11,325.76,24988
2026-02-18 15:00:00,325.75,326.75,325.53,326.2,27209
2026-02-18 15:05:00,326.2001,327.04,325.98,327.04,35757
2026-02-18 15:10:00,327.07,327.3343,326.66,327.14,24869
2026-02-18 15:15:00,327.095,327.41,327.04,327.165,32215
2026-02-18 15:20:00,327.25,327.34,326.8075,327.11,26717
2026-02-18 15:25:00,327.04,327.26,326.82,326.97,32448
2026-02-18 15:30:00,326.99,327.375,326.83,327.085,38889
2026-02-18 15:35:00,327.16,327.26,327.0,327.185,26464
2026-02-18 15:40:00,327.21,327.37,326.72,326.775,33494
2026-02-18 15:45:00,326.82,327.125,326.68,327.11,28350
2026-02-18 15:50:00,327.09,327.36,326.91,326.96,19773
2026-02-18 15:55:00,326.94,327.16,326.83,327.11,45184
2026-02-18 16:00:00,327.125,327.3,326.5,327.2625,37262
2026-02-18 16:05:00,327.255,327.85,327.02,327.8,46184
2026-02-18 16:10:00,327.8,328.24,327.59,327.6,38155
2026-02-18 16:15:00,327.69,327.88,327.19,327.37,15314
2026-02-18 16:20:00,327.36,327.7,327.34,327.34,12781
2026-02-18 16:25:00,327.3019,327.625,327.27,327.3049,17117
2026-02-18 16:30:00,327.305,327.43,327.0,327.14,17861
2026-02-18 16:35:00,327.13,327.28,326.92,327.1,16537
2026-02-18 16:40:00,327.14,327.2682,327.0,327.04,23585
2026-02-18 16:45:00,327.035,327.4,327.0,327.3,35573
2026-02-18 16:50:00,327.2995,327.7805,327.27,327.6092,32681
2026-02-18 16:55:00,327.59,327.74,327.4501,327.69,26413
2026-02-18 17:00:00,327.75,327.98,327.37,327.96,22254
2026-02-18 17:05:00,328.0,328.625,327.94,328.625,49103
2026-02-18 17:10:00,328.625,328.8,328.37,328.41,42922
2026-02-18 17:15:00,328.455,328.455,327.9,328.0,30689
2026-02-18 17:20:00,328.0,328.06,327.575,327.865,19327
2026-02-18 17:25:00,327.89,328.11,327.85,327.93,16835
2026-02-18 17:30:00,327.9141,327.92,327.52,327.57,15559
2026-02-18 17:35:00,327.55,327.62,327.43,327.4878,11200
2026-02-18 17:40:00,327.465,327.69,327.3,327.595,17853
2026-02-18 17:45:00,327.6253,327.99,327.55,327.65,21930
2026-02-18 17:50:00,327.6375,327.75,327.4902,327.63,14161
2026-02-18 17:55:00,327.625,327.625,327.28,327.3125,13859
2026-02-18 18:00:00,327.315,327.46,327.1857,327.31,23071
2026-02-18 18:05:00,327.2654,327.36,327.1,327.205,14318
2026-02-18 18:10:00,327.25,327.59,327.25,327.295,14733
2026-02-18 18:15:00,327.235,327.38,327.16,327.285,20457
2026-02-18 18:20:00,327.285,327.4,327.18,327.235,15795
2026-02-18 18:25:00,327.1803,327.28,327.0,327.25,56758
2026-02-18 18:30:00,327.25,327.28,327.0525,327.085,22844
2026-02-18 18:35:00,327.08,327.24,327.05,327.145,18014
2026-02-18 18:40:00,327.15,327.285,326.94,327.17,69777
2026-02-18 18:45:00,327.165,327.21,326.64,326.64,27130
2026-02-18 18:50:00,326.67,326.75,326.405,326.66,24617
2026-02-18 18:55:00,326.68,326.6909,326.32,326.34,18135
2026-02-18 19:00:00,326.34,326.87,326.3,326.815,59435
2026-02-18 19:05:00,326.82,326.8254,325.73,325.8,19134
2026-02-18 19:10:00,325.83,325.98,325.28,325.335,45917
2026-02-18 19:15:00,325.335,325.885,325.335,325.86,44775
2026-02-18 19:20:00,325.9,326.27,325.78,326.1598,57746
2026-02-18 19:25:00,326.205,326.445,326.015,326.17,22443
2026-02-18 19:30:00,326.1,326.4151,325.74,326.2,36895
2026-02-18 19:35:00,326.22,326.32,325.9535,326.32,18752
2026-02-18 19:40:00,326.33,326.565,326.295,326.295,19133
2026-02-18 19:45:00,326.255,326.31,326.0,326.135,15216
2026-02-18 19:50:00,326.16,326.31,326.05,326.18,16300
2026-02-18 19:55:00,326.12,326.52,326.08,326.46,38010
2026-02-18 20:00:00,326.41,326.58,326.14,326.255,27306
2026-02-18 20:05:00,326.31,326.81,326.21,326.535,41816
2026-02-18 20:10:00,326.58,326.69,326.41,326.54,21013
2026-02-18 20:15:00,326.54,326.779,326.5,326.58,27019
2026-02-18 20:20:00,326.59,326.67,326.53,326.53,25229
2026-02-18 20:25:00,326.555,326.77,326.4951,326.7,32893
2026-02-18 20:30:00,326.75,327.03,326.65,327.01,52230
2026-02-18 20:35:00,327.01,327.16,326.91,327.16,48246
2026-02-18 20:40:00,327.17,327.19,326.9701,327.0,41731
2026-02-18 20:45:00,326.98,327.53,326.87,327.505,64108
2026-02-18 20:50:00,327.47,328.72,327.47,328.615,116986
2026-02-18 20:55:00,328.69,328.7,327.72,327.8,348370
2026-02-19 14:30:00,328.46,329.97,326.95,329.235,101986
2026-02-19 14:35:00,329.235,330.22,328.1,329.58,42787
2026-02-19 14:40:00,329.77,331.98,329.77,331.645,58232
2026-02-19 14:45:00,331.51,332.22,331.07,331.685,50657
2026-02-19 14:50:00,331.685,332.36,330.92,331.94,34523
2026-02-19 14:55:00,331.795,332.2,331.59,331.795,49974
2026-02-19 15:00:00,331.795,332.2,331.3,331.32,30208
2026-02-19 15:05:00,331.41,331.6799,331.19,331.41,25349
2026-02-19 15:10:00,331.275,331.8399,331.12,331.56,55566
2026-02-19 15:15:00,331.51,332.06,331.5,331.81,52180
2026-02-19 15:20:00,331.81,333.0,331.215,332.79,73614
2026-02-19 15:25:00,332.86,332.935,332.1,332.1,58796
2026-02-19 15:30:00,332.1,332.44,332.01,332.11,27871
2026-02-19 15:35:00,332.18,332.18,331.6,331.62,27358
2026-02-19 15:40:00,331.71,331.82,331.39,331.57,27819
2026-02-19 15:45:00,331.57,331.57,331.24,331.385,22849
2026-02-19 15:50:00,331.375,331.76,330.765,330.765,44652
2026-02-19 15:55:00,330.755,331.11,330.65,330.9,21185
2026-02-19 16:00:00,330.815,330.86,330.49,330.81,27071
2026-02-19 16:05:00,330.755,330.765,330.38,330.47,24227
2026-02-19 16:10:00,330.51,330.62,330.25,330.55,26837
2026-02-19 16:15:00,330.55,330.71,330.265,330.465,49335
2026-02-19 16:20:00,330.425,330.485,330.11,330.485,24329
2026-02-19 16:25:00,330.47,330.72,329.95,330.08,25100
2026-02-19 16:30:00,330.0926,330.49,330.0926,330.43,38239
2026-02-19 16:35:00,330.425,330.7032,330.37,330.56,23976
2026-02-19 16:40:00,330.6,330.805,330.41,330.62,20834
2026-02-19 16:45:00,330.57,330.73,330.44,330.47,16630
2026-02-19 16:50:00,330.46,330.6215,330.29,330.605,16040
2026-02-19 16:55:00,330.55,330.8,330.35,330.35,24436
2026-02-19 17:00:00,330.38,330.48,329.985,330.04,24320
2026-02-19 17:05:00,330.03,330.15,329.9413,330.15,24415
2026-02-19 17:10:00,330.0659,330.455,330.0659,330.32,18079
2026-02-19 17:15:00,330.345,330.68,330.21,330.63,38205
2026-02-19 17:20:00,330.7,330.775,330.42,330.68,20665
2026-02-19 17:25:00,330.68,330.86,330.4501,330.585,16131
2026-02-19 17:30:00,330.6293,330.6293,330.12,330.2,10696
2026-02-19 17:35:00,330.2,330.26,329.94,330.0536,11394
2026-02-19 17:40:00,330.13,330.4438,330.04,330.4438,20235
2026-02-19 17:45:00,330.44,330.53,330.195,330.485,30560
2026-02-19 17:50:00,330.485,330.485,330.04,330.04,11546
2026-02-19 17:55:00,330.03,330.6,329.93,330.565,25553
2026-02-19 18:00:00,330.57,330.57,330.0865,330.2,18353
2026-02-19 18:05:00,330.2,330.31,330.04,330.2,30513
2026-02-19 18:10:00,330.18,330.39,330.1,330.34,31586
2026-02-19 18:15:00,330.39,330.405,330.195,330.285,21199
2026-02-19 18:20:00,330.27,330.52,330.2101,330.465,13681
2026-02-19 18:25:00,330.4473,330.59,330.4,330.47,24451
2026-02-19 18:30:00,330.485,330.8499,330.47,330.7149,25173
2026-02-19 18:35:00,330.76,330.9,330.64,330.78,17038
2026-02-19 18:40:00,330.76,330.79,330.6,330.73,31903
2026-02-19 18:45:00,330.725,331.17,330.68,330.855,31291
2026-02-19 18:50:00,330.855,331.0,330.576,330.72,22649
2026-02-19 18:55:00,330.69,330.69,330.41,330.43,15637
2026-02-19 19:00:00,330.4119,330.78,330.4119,330.615,22660
2026-02-19 19:05:00,330.66,330.66,330.53,330.5704,25666
2026-02-19 19:10:00,330.605,330.68,330.17,330.28,26004
2026-02-19 19:15:00,330.28,330.43,330.195,330.32,31475
2026-02-19 19:20:00,330.28,330.34,330.0,330.05,36590
2026-02-19 19:25:00,330.085,330.36,329.99,330.115,28459
2026-02-19 19:30:00,330.115,330.115,329.92,329.975,22903
2026-02-19 19:35:00,329.975,330.01,329.78,329.8,46776
2026-02-19 19:40:00,329.8,330.2,329.77,330.15,46416
2026-02-19 19:45:00,330.11,330.38,330.11,330.25,34139
2026-02-19 19:50:00,330.245,330.27,329.785,329.83,51035
2026-02-19 19:55:00,329.84,330.025,329.385,329.49,27645
2026-02-19 20:00:00,329.48,329.52,329.0,329.21,29368
2026-02-19 20:05:00,329.18,329.515,328.98,329.25,48083
2026-02-19 20:10:00,329.29,329.51,328.86,328.995,51308
2026-02-19 20:15:00,329.01,329.02,328.625,328.68,35996
2026-02-19 20:20:00,328.61,328.77,328.21,328.22,39482
2026-02-19 20:25:00,328.22,328.27,327.51,327.68,60790
2026-02-19 20:30:00,327.72,328.12,327.6,327.72,54953
2026-02-19 20:35:00,327.72,327.83,327.36,327.42,80920
2026-02-19 20:40:00,327.445,327.52,327.11,327.25,70064
2026-02-19 20:45:00,327.32,327.47,327.11,327.35,64702
2026-02-19 20:50:00,327.32,327.7025,327.2,327.53,109706
2026-02-19 20:55:00,327.565,327.69,327.0,327.09,269716
2026-02-20 14:30:00,326.74,328.5,325.957,326.855,130039
2026-02-20 14:35:00,326.84,328.2574,326.64,328.19,64118
2026-02-20 14:40:00,328.1373,328.99,327.84,328.37,33487
2026-02-20 14:45:00,328.62,329.14,327.88,329.085,36705
2026-02-20 14:50:00,329.19,330.1725,329.085,329.51,51335
2026-02-20 14:55:00,329.39,329.99,328.7843,329.93,47578
2026-02-20 15:00:00,329.88,330.28,328.62,328.62,50959
2026-02-20 15:05:00,328.7415,328.87,328.21,328.66,25702
2026-02-20 15:10:00,328.58,328.82,327.9401,328.4325,34381
2026-02-20 15:15:00,328.405,329.49,328.32,329.47,31363
2026-02-20 15:20:00,329.49,329.8293,329.18,329.375,17967
2026-02-20 15:25:00,329.375,329.4438,328.985,329.4438,21749
2026-02-20 15:30:00,329.42,329.6,328.6425,328.65,31501
2026-02-20 15:35:00,328.78,329.61,328.49,329.455,28293
2026-02-20 15:40:00,329.52,329.67,329.15,329.435,19532
2026-02-20 15:45:00,329.475,329.53,329.16,329.5,21772
2026-02-20 15:50:00,329.38,329.39,329.0,329.25,21700
2026-02-20 15:55:00,329.28,329.34,328.815,328.9,14512
2026-02-20 16:00:00,328.82,328.95,328.68,328.735,16610
2026-02-20 16:05:00,328.8,329.13,328.735,328.96,15834
2026-02-20 16:10:00,329.05,329.22,328.92,329.145,15564
2026-02-20 16:15:00,329.2,329.224,328.85,328.9304,12625
2026-02-20 16:20:00,328.8746,329.145,328.83,329.004,14493
2026-02-20 16:25:00,328.98,329.15,328.68,328.77,13512
2026-02-20 16:30:00,328.67,328.715,328.375,328.6,13621
2026-02-20 16:35:00,328.6,328.85,328.46,328.65,17031
2026-02-20 16:40:00,328.69,329.17,328.69,329.17,12711
2026-02-20 16:45:00,329.21,329.215,328.83,329.04,10393
2026-02-20 16:50:00,329.095,329.215,329.02,329.125,9006
2026-02-20 16:55:00,329.1925,329.2099,328.68,328.84,11649
2026-02-20 17:00:00,328.84,328.93,328.39,328.51,9661
2026-02-20 17:05:00,328.45,328.55,327.64,327.75,14117
2026-02-20 17:10:00,327.735,328.23,327.52,328.23,26363
2026-02-20 17:15:00,328.22,328.35,328.0,328.06,34246
2026-02-20 17:20:00,328.06,328.16,327.6,327.78,22382
2026-02-20 17:25:00,327.825,327.87,327.45,327.625,20941
2026-02-20 17:30:00,327.625,327.63,327.09,327.24,70224
2026-02-20 17:35:00,327.29,327.35,326.78,326.8994,13533
2026-02-20 17:40:00,326.83,327.21,326.83,327.21,28675
2026-02-20 17:45:00,327.165,327.455,327.165,327.37,17970
2026-02-20 17:50:00,327.32,327.65,327.255,327.61,17351
2026-02-20 17:55:00,327.565,327.63,327.25,327.32,12812
2026-02-20 18:00:00,327.33,327.59,327.33,327.49,9843
2026-02-20 18:05:00,327.495,327.59,327.39,327.39,11008
2026-02-20 18:10:00,327.38,327.56,327.24,327.4712,10919
2026-02-20 18:15:00,327.495,327.63,327.2481,327.61,17116
2026-02-20 18:20:00,327.595,327.94,327.5614,327.845,19214
2026-02-20 18:25:00,327.8224,328.26,327.8224,328.17,13311
2026-02-20 18:30:00,328.19,328.33,327.95,328.08,15686
2026-02-20 18:35:00,328.09,328.39,327.9,328.21,19239
2026-02-20 18:40:00,328.245,328.37,327.85,328.1549,15344
2026-02-20 18:45:00,328.16,328.32,328.0767,328.235,10676
2026-02-20 18:50:00,328.235,328.26,327.82,328.0131,13422
2026-02-20 18:55:00,327.915,327.915,327.5727,327.605,15739
2026-02-20 19:00:00,327.66,327.94,327.66,327.88,12022
2026-02-20 19:05:00,327.88,328.24,327.7,328.24,25586
2026-02-20 19:10:00,328.1601,328.33,327.835,327.92,8282
2026-02-20 19:15:00,327.88,328.208,327.87,327.97,11774
2026-02-20 19:20:00,327.99,328.56,327.98,328.39,15937
2026-02-20 19:25:00,328.3701,328.92,328.37,328.91,12547
2026-02-20 19:30:00,328.98,329.18,328.89,329.15,20384
2026-02-20 19:35:00,329.115,329.32,329.08,329.26,16445
2026-02-20 19:40:00,329.2,329.31,329.075,329.16,13268
2026-02-20 19:45:00,329.11,329.24,328.88,328.885,11290
2026-02-20 19:50:00,328.885,329.18,328.87,329.045,18802
2026-02-20 19:55:00,329.1099,329.57,329.035,329.54,19047
2026-02-20 20:00:00,329.54,329.7198,329.51,329.53,23384
2026-02-20 20:05:00,329.5424,329.5863,329.26,329.495,17997
2026-02-20 20:10:00,329.47,329.65,329.35,329.5099,16307
2026-02-20 20:15:00,329.41,329.54,329.315,329.32,16337
2026-02-20 20:20:00,329.31,329.64,329.31,329.54,47411
2026-02-20 20:25:00,329.51,329.52,329.1394,329.24,23038
2026-02-20 20:30:00,329.27,329.28,329.035,329.24,28080
2026-02-20 20:35:00,329.25,329.255,328.85,328.895,24023
2026-02-20 20:40:00,328.8853,329.18,328.8853,329.18,35086
2026-02-20 20:45:00,329.165,329.28,329.02,329.25,33963
2026-02-20 20:50:00,329.25,329.545,328.96,329.255,75406
2026-02-20 20:55:00,329.2525,329.34,328.77,329.31,190428
2026-02-23 14:30:00,330.43,332.77,330.25,331.72,122642
2026-02-23 14:35:00,331.72,333.09,330.9851,333.09,47898
2026-02-23 14:40:00,332.9608,333.62,331.83,332.345,44912
2026-02-23 14:45:00,332.47,332.75,331.75,331.91,30362
2026-02-23 14:50:00,331.915,333.55,331.915,333.55,38187
2026-02-23 14:55:00,333.45,334.51,333.43,334.37,141862
2026-02-23 15:00:00,334.28,334.61,333.55,333.815,54951
2026-02-23 15:05:00,333.825,334.25,333.49,333.731,38610
2026-02-23 15:10:00,333.74,334.1,333.18,333.87,33600
2026-02-23 15:15:00,333.83,333.87,332.78,332.84,45397
2026-02-23 15:20:00,332.91,333.16,332.13,332.465,70809
2026-02-23 15:25:00,332.46,332.55,331.795,332.285,64891
2026-02-23 15:30:00,332.27,332.44,331.18,332.235,43218
2026-02-23 15:35:00,332.235,333.28,332.11,332.71,26508
2026-02-23 15:40:00,332.6,333.095,332.57,332.91,25500
2026-02-23 15:45:00,332.94,333.15,332.6,332.71,24784
2026-02-23 15:50:00,332.71,333.18,332.64,333.1,29687
2026-02-23 15:55:00,333.095,333.49,332.7,332.78,34772
2026-02-23 16:00:00,332.81,333.0299,332.445,332.59,28857
2026-02-23 16:05:00,332.6,333.15,332.6,333.08,28486
2026-02-23 16:10:00,332.97,333.0,332.53,332.745,25798
2026-02-23 16:15:00,332.735,332.87,332.3937,332.71,19953
2026-02-23 16:20:00,332.715,333.07,332.415,332.58,30698
2026-02-23 16:25:00,332.67,332.68,332.23,332.44,21851
2026-02-23 16:30:00,332.38,332.705,332.15,332.6,28224
2026-02-23 16:35:00,332.6,332.76,332.595,332.71,15083
2026-02-23 16:40:00,332.68,333.38,332.68,333.235,40384
2026-02-23 16:45:00,333.28,333.62,333.15,333.305,37336
2026-02-23 16:50:00,333.35,333.46,333.0,333.18,28457
2026-02-23 16:55:00,333.13,333.16,332.81,332.9,23954
2026-02-23 17:00:00,332.82,332.83,332.34,332.34,42153
2026-02-23 17:05:00,332.34,332.6977,332.04,332.6,59153
2026-02-23 17:10:00,332.575,332.83,332.44,332.56,19881
2026-02-23 17:15:00,332.66,332.78,332.39,332.73,13574
2026-02-23 17:20:00,332.72,332.93,332.433,332.485,12769
2026-02-23 17:25:00,332.485,332.53,332.31,332.445,14878
2026-02-23 17:30:00,332.46,332.6099,332.295,332.57,25659
2026-02-23 17:35:00,332.55,332.855,332.55,332.64,15985
2026-02-23 17:40:00,332.67,332.76,332.54,332.64,17159
2026-02-23 17:45:00,332.645,332.84,332.55,332.64,12683
2026-02-23 17:50:00,332.64,332.65,332.3,332.405,45009
2026-02-23 17:55:00,332.39,332.65,332.36,332.62,22837
2026-02-23 18:00:00,332.625,332.96,332.47,332.77,25375
2026-02-23 18:05:00,332.82,333.52,332.8,333.51,24665
2026-02-23 18:10:00,333.51,333.96,333.46,333.9175,43040
2026-02-23 18:15:00,333.81,334.5,333.75,334.34,61323
2026-02-23 18:20:00,334.27,334.488,334.02,334.37,28930
2026-02-23 18:25:00,334.255,334.78,334.01,334.78,31047
2026-02-23 18:30:00,334.78,335.38,334.77,335.2755,79332
2026-02-23 18:35:00,335.2104,335.2104,334.72,334.79,27884
2026-02-23 18:40:00,334.8,335.24,334.71,335.21,40461
2026-02-23 18:45:00,335.1,335.325,334.8293,335.055,23691
2026-02-23 18:50:00,335.0,335.05,334.825,335.05,24370
2026-02-23 18:55:00,335.07,335.35,335.03,335.35,20594
2026-02-23 19:00:00,335.38,335.43,334.93,334.94,29185
2026-02-23 19:05:00,334.93,335.12,334.71,335.12,33214
2026-02-23 19:10:00,335.1175,335.58,335.115,335.37,37841
2026-02-23 19:15:00,335.335,335.335,335.075,335.29,34593
2026-02-23 19:20:00,335.34,335.385,335.04,335.05,33205
2026-02-23 19:25:00,335.01,335.26,334.82,334.96,33288
2026-02-23 19:30:00,334.96,334.96,334.71,334.905,28627
2026-02-23 19:35:00,334.87,334.905,334.63,334.69,27628
2026-02-23 19:40:00,334.7,335.1,334.67,335.07,32637
2026-02-23 19:45:00,335.07,335.38,335.0475,335.22,39281
2026-02-23 19:50:00,335.23,335.28,335.07,335.27,36211
2026-02-23 19:55:00,335.25,335.29,334.88,335.025,35859
2026-02-23 20:00:00,335.05,335.19,334.9,335.04,24765
2026-02-23 20:05:00,335.02,335.32,334.96,335.3,36150
2026-02-23 20:10:00,335.33,335.37,335.105,335.105,31865
2026-02-23 20:15:00,335.12,335.4,334.9,334.98,31212
2026-02-23 20:20:00,334.98,335.04,334.78,334.78,29339
2026-02-23 20:25:00,334.77,334.97,334.6944,334.895,29979
2026-02-23 20:30:00,334.89,334.96,334.32,334.35,52682
2026-02-23 20:35:00,334.38,334.61,334.295,334.383,39333
2026-02-23 20:40:00,334.41,334.47,334.0,334.02,38732
2026-02-23 20:45:00,334.05,334.58,333.9,334.525,71077
2026-02-23 20:50:00,334.51,334.76,334.29,334.35,97706
2026-02-23 20:55:00,334.37,334.72,334.22,334.66,243624
2026-02-24 14:30:00,335.31,336.0,334.67,334.71,79272
2026-02-24 14:35:00,334.71,335.7,334.2301,335.195,42455
2026-02-24 14:40:00,335.23,335.38,333.5,333.98,47822
2026-02-24 14:45:00,333.96,335.76,333.9,335.17,20884
2026-02-24 14:50:00,335.195,335.88,334.9219,335.62,35287
2026-02-24 14:55:00,335.25,335.44,334.575,334.8,26840
2026-02-24 15:00:00,334.78,335.14,334.44,334.5,28194
2026-02-24 15:05:00,334.39,335.2,334.39,334.95,19508
2026-02-24 15:10:00,334.98,335.1,334.63,334.67,14137
2026-02-24 15:15:00,334.73,334.76,334.3,334.45,27207
2026-02-24 15:20:00,334.445,335.36,334.195,335.36,38701
2026-02-24 15:25:00,335.38,335.5,335.15,335.36,31248
2026-02-24 15:30:00,335.4,335.46,334.87,335.13,31103
2026-02-24 15:35:00,335.14,335.28,334.8401,335.015,25183
2026-02-24 15:40:00,335.015,335.18,334.94,335.075,13984
2026-02-24 15:45:00,335.12,335.43,334.995,335.3,19835
2026-02-24 15:50:00,335.36,335.42,335.125,335.22,10304
2026-02-24 15:55:00,335.23,335.23,334.88,335.1299,24271
2026-02-24 16:00:00,335.04,335.18,334.69,334.86,46625
2026-02-24 16:05:00,334.855,335.05,334.73,334.73,11048
2026-02-24 16:10:00,334.795,335.12,334.5,335.105,18614
2026-02-24 16:15:00,335.06,335.16,334.51,334.51,11044
2026-02-24 16:20:00,334.51,334.87,334.3,334.56,16064
2026-02-24 16:25:00,334.58,334.62,334.35,334.385,13911
2026-02-24 16:30:00,334.38,334.65,334.1,334.55,29523
2026-02-24 16:35:00,334.545,334.94,334.545,334.68,16865
2026-02-24 16:40:00,334.6,334.6699,334.25,334.25,15025
2026-02-24 16:45:00,334.32,334.51,334.11,334.225,10627
2026-02-24 16:50:00,334.22,334.36,333.86,333.86,9330
2026-02-24 16:55:00,333.855,334.06,333.5,333.65,27425
2026-02-24 17:00:00,333.7,333.86,333.45,333.75,15536
2026-02-24 17:05:00,333.68,333.9,333.41,333.85,35563
2026-02-24 17:10:00,333.78,333.95,333.5101,333.561,18160
2026-02-24 17:15:00,333.595,333.68,333.3,333.475,14729
2026-02-24 17:20:00,333.475,333.475,332.84,332.99,52597
2026-02-24 17:25:00,332.97,333.19,332.78,333.085,14042
2026-02-24 17:30:00,333.085,333.18,332.7,332.81,12563
2026-02-24 17:35:00,332.77,332.84,332.52,332.72,9109
2026-02-24 17:40:00,332.74,332.89,332.51,332.615,13977
2026-02-24 17:45:00,332.64,332.81,332.465,332.7499,18893
2026-02-24 17:50:00,332.7,332.75,332.58,332.675,9670
2026-02-24 17:55:00,332.72,332.87,332.62,332.675,23232
2026-02-24 18:00:00,332.675,332.97,332.67,332.9696,11544
2026-02-24 18:05:00,332.97,333.1,332.94,333.05,9861
2026-02-24 18:10:00,333.01,333.23,332.96,333.215,9773
2026-02-24 18:15:00,333.19,333.19,333.04,333.04,10592
2026-02-24 18:20:00,333.09,333.29,333.04,333.27,11326
2026-02-24 18:25:00,333.275,333.5,333.275,333.45,6648
2026-02-24 18:30:00,333.47,333.56,333.25,333.35,20913
2026-02-24 18:35:00,333.355,333.43,333.2312,333.345,14065
2026-02-24 18:40:00,333.38,333.4938,333.2701,333.37,10983
2026-02-24 18:45:00,333.37,333.55,333.37,333.4753,12349
2026-02-24 18:50:00,333.425,333.61,333.3,333.32,10159
2026-02-24 18:55:00,333.32,333.54,333.01,333.31,13261
2026-02-24 19:00:00,333.29,333.435,332.59,332.685,17450
2026-02-24 19:05:00,332.69,332.77,332.33,332.51,12506
2026-02-24 19:10:00,332.505,332.8668,332.45,332.83,15105
2026-02-24 19:15:00,332.84,332.935,332.66,332.7183,11037
2026-02-24 19:20:00,332.715,332.9199,332.5151,332.8469,16127
2026-02-24 19:25:00,332.8025,332.8025,332.4021,332.585,12647
2026-02-24 19:30:00,332.585,332.74,332.46,332.62,16886
2026-02-24 19:35:00,332.62,332.825,332.53,332.75,11093
2026-02-24 19:40:00,332.78,332.86,332.65,332.81,11199
2026-02-24 19:45:00,332.82,332.98,332.775,332.91,11882
2026-02-24 19:50:00,332.91,333.02,332.79,332.98,20938
2026-02-24 19:55:00,333.02,333.23,333.02,333.17,17711
2026-02-24 20:00:00,333.155,333.23,333.07,333.14,17755
2026-02-24 20:05:00,333.13,333.21,333.0,333.12,26150
2026-02-24 20:10:00,333.09,333.375,333.065,333.205,22912
2026-02-24 20:15:00,333.205,333.25,333.08,333.18,15578
2026-02-24 20:20:00,333.2,333.25,333.06,333.085,18801
2026-02-24 20:25:00,333.085,333.18,332.9001,332.9399,22267
2026-02-24 20:30:00,332.91,332.94,332.64,332.8,26498
2026-02-24 20:35:00,332.815,332.98,332.77,332.86,33502
2026-02-24 20:40:00,332.88,333.16,332.88,333.13,30782
2026-02-24 20:45:00,333.15,333.56,333.15,333.53,39980
2026-02-24 20:50:00,333.56,333.95,333.21,333.23,89160
2026-02-24 20:55:00,333.2,333.6,332.945,333.23,252572
2026-02-25 14:30:00,332.0,333.085,331.67,332.51,108071
2026-02-25 14:35:00,332.515,332.9,331.76,331.995,32170
2026-02-25 14:40:00,331.9658,332.13,330.8,331.1,52622
2026-02-25 14:45:00,331.1,331.62,330.976,331.13,18876
2026-02-25 14:50:00,331.28,331.3415,330.82,330.9,18608
2026-02-25 14:55:00,330.9,330.9,330.0,330.3825,30744
2026-02-25 15:00:00,330.41,330.52,330.01,330.31,33654
2026-02-25 15:05:00,330.21,331.12,330.08,330.9825,21141
2026-02-25 15:10:00,330.995,331.6981,330.9137,331.4932,29250
2026-02-25 15:15:00,331.46,332.055,331.27,331.99,12050
2026-02-25 15:20:00,331.99,332.1,331.83,331.83,14892
2026-02-25 15:25:00,331.93,332.37,331.85,332.23,17529
2026-02-25 15:30:00,332.22,332.56,332.22,332.41,16820
2026-02-25 15:35:00,332.41,332.45,332.14,332.45,8643
2026-02-25 15:40:00,332.39,332.44,332.02,332.14,6617
2026-02-25 15:45:00,332.195,332.315,332.095,332.195,11016
2026-02-25 15:50:00,332.195,332.58,332.1201,332.36,11343
2026-02-25 15:55:00,332.4,332.48,332.27,332.395,10115
2026-02-25 16:00:00,332.425,332.65,332.2801,332.2801,17409
2026-02-25 16:05:00,332.32,332.64,332.195,332.605,16292
2026-02-25 16:10:00,332.62,332.9609,332.33,332.35,9810
2026-02-25 16:15:00,332.39,332.51,332.18,332.28,6313
2026-02-25 16:20:00,332.221,332.525,332.19,332.32,17929
2026-02-25 16:25:00,332.315,332.7305,332.315,332.51,11559
2026-02-25 16:30:00,332.51,332.765,332.48,332.745,15784
2026-02-25 16:35:00,332.795,332.86,332.6,332.66,11948
2026-02-25 16:40:00,332.68,333.15,332.4975,333.065,21926
2026-02-25 16:45:00,333.065,333.3,333.0,333.26,15936
2026-02-25 16:50:00,333.26,333.32,333.0507,333.22,19777
2026-02-25 16:55:00,333.29,333.62,333.29,333.505,18010
2026-02-25 17:00:00,333.59,333.695,333.45,333.45,10006
2026-02-25 17:05:00,333.39,333.48,333.33,333.42,6791
2026-02-25 17:10:00,333.33,333.36,333.17,333.32,8299
2026-02-25 17:15:00,333.36,333.5,333.24,333.475,8284
2026-02-25 17:20:00,333.475,333.6799,333.475,333.545,10595
2026-02-25 17:25:00,333.54,333.6164,333.43,333.57,9086
2026-02-25 17:30:00,333.57,334.15,333.41,333.9,27744
2026-02-25 17:35:00,333.86,333.935,333.6475,333.76,18299
2026-02-25 17:40:00,333.765,334.0,333.765,333.865,18301
2026-02-25 17:45:00,333.86,333.93,333.61,333.765,17059
2026-02-25 17:50:00,333.76,333.815,333.61,333.65,6644
2026-02-25 17:55:00,333.64,333.79,333.43,333.43,7691
2026-02-25 18:00:00,333.465,333.465,333.18,333.18,7709
2026-02-25 18:05:00,333.13,333.195,332.88,332.88,9558
2026-02-25 18:10:00,332.95,333.0,332.75,332.98,7425
2026-02-25 18:15:00,333.0125,333.255,332.9,333.13,8141
2026-02-25 18:20:00,333.15,333.2,332.92,332.92,7515
2026-02-25 18:25:00,332.9899,333.02,332.82,332.8501,8409
2026-02-25 18:30:00,332.9,332.935,332.685,332.75,6129
2026-02-25 18:35:00,332.745,332.765,332.555,332.555,7652
2026-02-25 18:40:00,332.61,332.66,332.51,332.5811,10286
2026-02-25 18:45:00,332.615,332.74,332.555,332.5999,258030
2026-02-25 18:50:00,332.55,332.78,332.5,332.54,17586
2026-02-25 18:55:00,332.45,332.53,332.3,332.395,6627
2026-02-25 19:00:00,332.38,332.665,332.35,332.415,24278
2026-02-25 19:05:00,332.415,332.61,332.3601,332.48,11519
2026-02-25 19:10:00,332.48,332.48,332.35,332.38,7168
2026-02-25 19:15:00,332.42,332.46,332.232,332.28,11241
2026-02-25 19:20:00,332.27,332.335,332.2,332.2599,5739
2026-02-25 19:25:00,332.25,332.28,332.14,332.24,10271
2026-02-25 19:30:00,332.24,332.51,332.23,332.51,13645
2026-02-25 19:35:00,332.54,332.59,332.325,332.425,11369
2026-02-25 19:40:00,332.46,332.47,332.22,332.22,10085
2026-02-25 19:45:00,332.2899,332.43,332.2214,332.2885,8417
2026-02-25 19:50:00,332.32,332.33,332.085,332.32,17878
2026-02-25 19:55:00,332.35,332.49,332.35,332.44,10219
2026-02-25 20:00:00,332.46,332.69,332.33,332.37,28871
2026-02-25 20:05:00,332.4,332.48,332.13,332.15,27580
2026-02-25 20:10:00,332.19,332.465,332.155,332.3909,18468
2026-02-25 20:15:00,332.3915,332.48,332.25,332.3,16797
2026-02-25 20:20:00,332.38,333.125,332.35,333.11,56211
2026-02-25 20:25:00,333.205,333.225,332.96,333.1486,24772
2026-02-25 20:30:00,333.09,333.09,332.7743,332.82,21047
2026-02-25 20:35:00,332.825,333.05,332.81,332.98,17566
2026-02-25 20:40:00,332.995,333.14,332.88,333.005,35836
2026-02-25 20:45:00,333.01,333.295,332.82,332.9,50796
2026-02-25 20:50:00,332.93,333.3,332.84,333.09,39703
2026-02-25 20:55:00,333.11,333.25,332.94,333.01,113892
2026-02-26 14:30:00,334.87,335.32,333.11,334.69,77956
2026-02-26 14:35:00,334.4,336.3,334.35,335.015,53540
2026-02-26 14:40:00,334.9838,336.02,334.9838,335.71,28983
2026-02-26 14:45:00,335.82,336.75,335.55,336.75,23962
2026-02-26 14:50:00,336.695,336.94,336.0,336.162,32999
2026-02-26 14:55:00,336.02,336.62,335.34,335.47,21685
2026-02-26 15:00:00,335.34,336.1,335.19,335.68,22102
2026-02-26 15:05:00,335.84,335.93,335.11,335.305,16288
2026-02-26 15:10:00,335.29,335.42,335.0185,335.13,10682
2026-02-26 15:15:00,335.13,335.4,334.8701,335.125,16160
2026-02-26 15:20:00,335.04,335.25,334.5,334.8955,20363
2026-02-26 15:25:00,334.82,334.94,334.54,334.69,66077
2026-02-26 15:30:00,334.69,334.88,334.52,334.7975,39103
2026-02-26 15:35:00,334.72,334.78,334.13,334.35,18396
2026-02-26 15:40:00,334.35,334.42,333.8,333.84,17988
2026-02-26 15:45:00,333.89,334.385,333.88,334.26,21734
2026-02-26 15:50:00,334.29,334.655,334.29,334.47,11534
2026-02-26 15:55:00,334.54,334.8463,334.49,334.7751,15543
2026-02-26 16:00:00,334.65,334.93,334.5101,334.56,16032
2026-02-26 16:05:00,334.49,334.85,334.4231,334.7491,26956
2026-02-26 16:10:00,334.79,334.803,334.33,334.755,11454
2026-02-26 16:15:00,334.71,334.7355,333.99,334.12,25034
2026-02-26 16:20:00,334.2,334.4578,334.1,334.255,13268
2026-02-26 16:25:00,334.28,334.365,334.04,334.19,22223
2026-02-26 16:30:00,334.2,334.25,333.85,333.855,13883
2026-02-26 16:35:00,333.9099,333.9099,333.58,333.73,15090
2026-02-26 16:40:00,333.725,333.9,333.525,333.82,8505
2026-02-26 16:45:00,333.78,333.78,333.49,333.7,13279
2026-02-26 16:50:00,333.71,334.1059,333.7,334.1059,19883
2026-02-26 16:55:00,334.06,334.44,334.025,334.325,25435
2026-02-26 17:00:00,334.35,334.38,333.67,333.8,13500
2026-02-26 17:05:00,333.8,333.9,333.56,333.62,12626
2026-02-26 17:10:00,333.62,333.9,333.6,333.8,10276
2026-02-26 17:15:00,333.8,333.94,333.66,333.865,8625
2026-02-26 17:20:00,333.9025,334.15,333.88,334.06,248757
2026-02-26 17:25:00,334.08,334.08,333.76,333.86,8383
2026-02-26 17:30:00,333.8061,333.8061,333.565,333.67,10477
2026-02-26 17:35:00,333.67,333.8,333.57,333.581,9370
2026-02-26 17:40:00,333.635,333.68,333.49,333.49,9023
2026-02-26 17:45:00,333.4676,333.685,333.4676,333.65,7263
2026-02-26 17:50:00,333.63,333.96,333.53,333.94,9122
2026-02-26 17:55:00,333.9658,333.99,333.61,333.655,6945
2026-02-26 18:00:00,333.655,333.9,333.634,333.9,11082
2026-02-26 18:05:00,333.945,334.24,333.945,334.21,14732
2026-02-26 18:10:00,334.18,334.55,334.17,334.4386,11566
2026-02-26 18:15:00,334.45,334.495,334.27,334.27,9763
2026-02-26 18:20:00,334.22,334.35,334.12,334.13,7315
2026-02-26 18:25:00,334.14,334.17,333.9701,334.1,17526
2026-02-26 18:30:00,334.1,334.45,334.09,334.45,20783
2026-02-26 18:35:00,334.46,334.71,334.35,334.44,14506
2026-02-26 18:40:00,334.49,334.65,334.3901,334.53,7984
2026-02-26 18:45:00,334.58,334.825,334.56,334.69,10265
2026-02-26 18:50:00,334.66,334.73,334.625,334.67,9114
2026-02-26 18:55:00,334.67,334.67,334.54,334.61,14594
2026-02-26 19:00:00,334.59,334.65,334.4,334.61,18390
2026-02-26 19:05:00,334.63,334.78,334.59,334.625,18296
2026-02-26 19:10:00,334.58,334.91,334.57,334.71,12251
2026-02-26 19:15:00,334.77,335.04,334.745,335.015,24008
2026-02-26 19:20:00,334.9701,335.0788,334.61,334.78,13597
2026-02-26 19:25:00,334.78,335.23,334.7338,335.19,16623
2026-02-26 19:30:00,335.1752,335.4,334.9628,335.14,23533
2026-02-26 19:35:00,335.16,335.43,335.16,335.33,14440
2026-02-26 19:40:00,335.32,335.795,335.3,335.77,25995
2026-02-26 19:45:00,335.76,335.86,335.42,335.835,14204
2026-02-26 19:50:00,335.865,335.91,335.3,335.325,27922
2026-02-26 19:55:00,335.325,335.54,335.0186,335.43,31280
2026-02-26 20:00:00,335.42,335.8,335.42,335.8,12088
2026-02-26 20:05:00,335.8,336.045,335.735,335.965,17805
2026-02-26 20:10:00,335.965,336.06,335.65,335.7,25767
2026-02-26 20:15:00,335.7,336.065,335.68,336.01,42686
2026-02-26 20:20:00,336.03,336.16,335.96,335.98,22347
2026-02-26 20:25:00,335.98,335.99,335.33,335.36,24026
2026-02-26 20:30:00,335.35,335.36,334.92,335.21,23814
2026-02-26 20:35:00,335.22,335.26,334.97,335.0,20630
2026-02-26 20:40:00,335.0,335.19,334.865,334.941,37557
2026-02-26 20:45:00,334.99,335.02,334.57,334.625,47944
2026-02-26 20:50:00,334.56,334.61,334.1,334.495,81274
2026-02-26 20:55:00,334.51,335.29,334.44,334.54,185222
2026-02-27 14:30:00,335.57,338.8999,335.57,337.92,165157
2026-02-27 14:35:00,337.91,338.94,337.57,338.58,62106
2026-02-27 14:40:00,338.6227,339.7,338.6001,339.39,80052
2026-02-27 14:45:00,339.36,339.62,337.77,337.86,64630
2026-02-27 14:50:00,338.04,338.95,337.72,338.79,41148
2026-02-27 14:55:00,338.81,339.7,338.79,339.62,93894
2026-02-27 15:00:00,339.61,339.95,339.22,339.2495,73044
2026-02-27 15:05:00,339.26,339.29,338.8,338.8351,58782
2026-02-27 15:10:00,338.8,339.05,338.31,338.53,55264
2026-02-27 15:15:00,338.62,339.37,338.5101,339.26,44923
2026-02-27 15:20:00,339.2,339.67,339.12,339.56,38057
2026-02-27 15:25:00,339.6,339.87,339.49,339.56,39940
2026-02-27 15:30:00,339.59,339.72,339.15,339.63,31699
2026-02-27 15:35:00,339.69,340.4,339.44,340.4,48335
2026-02-27 15:40:00,340.35,340.85,340.33,340.71,44942
2026-02-27 15:45:00,340.72,340.77,340.3,340.54,57858
2026-02-27 15:50:00,340.535,340.83,340.35,340.67,43432
2026-02-27 15:55:00,340.725,341.09,340.545,340.815,51659
2026-02-27 16:00:00,340.81,341.0025,340.38,340.47,38359
2026-02-27 16:05:00,340.53,341.2,340.51,341.025,26567
2026-02-27 16:10:00,341.04,341.08,340.5,340.66,46357
2026-02-27 16:15:00,340.65,340.65,340.11,340.345,37276
2026-02-27 16:20:00,340.27,340.43,340.2,340.27,47201
2026-02-27 16:25:00,340.22,340.53,339.93,339.97,40375
2026-02-27 16:30:00,339.99,340.1,339.4,339.64,32288
2026-02-27 16:35:00,339.7,339.77,339.34,339.39,13203
2026-02-27 16:40:00,339.44,339.73,339.29,339.515,15602
2026-02-27 16:45:00,339.515,339.535,339.03,339.1401,20776
2026-02-27 16:50:00,339.24,339.3594,339.12,339.28,14664
2026-02-27 16:55:00,339.27,339.68,339.115,339.295,18237
2026-02-27 17:00:00,339.27,339.52,339.19,339.215,15934
2026-02-27 17:05:00,339.17,339.52,339.0201,339.43,11832
2026-02-27 17:10:00,339.42,339.6999,339.32,339.6999,11060
2026-02-27 17:15:00,339.635,339.635,339.32,339.34,12128
2026-02-27 17:20:00,339.395,339.41,339.08,339.08,15636
2026-02-27 17:25:00,339.125,339.31,339.06,339.2901,10104
2026-02-27 17:30:00,339.29,339.675,339.29,339.5132,19831
2026-02-27 17:35:00,339.57,339.87,339.57,339.7201,13992
2026-02-27 17:40:00,339.73,339.88,339.63,339.63,9640
2026-02-27 17:45:00,339.655,339.76,339.52,339.71,9719
2026-02-27 17:50:00,339.77,339.87,339.46,339.46,20712
2026-02-27 17:55:00,339.51,339.72,339.465,339.72,20170
2026-02-27 18:00:00,339.75,339.84,339.5001,339.57,13359
2026-02-27 18:05:00,339.55,339.83,339.52,339.77,15066
2026-02-27 18:10:00,339.79,340.0,339.77,339.975,13022
2026-02-27 18:15:00,340.0,340.18,339.91,340.17,18806
2026-02-27 18:20:00,340.16,340.19,339.59,339.87,19264
2026-02-27 18:25:00,339.91,340.075,339.775,340.065,14607
2026-02-27 18:30:00,340.05,340.11,339.71,339.71,10626
2026-02-27 18:35:00,339.75,339.97,339.63,339.97,9219
2026-02-27 18:40:00,339.975,340.13,339.96,340.095,11339
2026-02-27 18:45:00,340.07,340.27,339.98,339.995,12862
2026-02-27 18:50:00,339.925,339.9999,339.66,339.67,7226
2026-02-27 18:55:00,339.67,339.925,339.6483,339.91,31493
2026-02-27 19:00:00,339.915,339.96,339.695,339.8401,19334
2026-02-27 19:05:00,339.838,339.94,339.62,339.76,14784
2026-02-27 19:10:00,339.77,340.11,339.65,339.99,15499
2026-02-27 19:15:00,339.98,340.305,339.98,340.195,26203
2026-02-27 19:20:00,340.195,340.25,339.93,340.05,28622
2026-02-27 19:25:00,340.14,340.31,340.05,340.28,16401
2026-02-27 19:30:00,340.265,340.32,339.355,339.505,35140
2026-02-27 19:35:00,339.495,339.84,339.495,339.605,25328
2026-02-27 19:40:00,339.61,340.0699,339.61,339.83,19618
2026-02-27 19:45:00,339.85,340.695,339.8248,340.626,25103
2026-02-27 19:50:00,340.65,340.71,340.3509,340.38,27701
2026-02-27 19:55:00,340.4,340.41,340.05,340.2901,21625
2026-02-27 20:00:00,340.38,340.61,340.25,340.61,22747
2026-02-27 20:05:00,340.65,340.65,340.39,340.425,76848
2026-02-27 20:10:00,340.375,340.9,340.375,340.734,24495
2026-02-27 20:15:00,340.7,340.75,340.4175,340.68,26419
2026-02-27 20:20:00,340.665,340.69,340.32,340.355,31337
2026-02-27 20:25:00,340.39,340.79,340.39,340.675,25014
2026-02-27 20:30:00,340.71,340.87,340.66,340.695,37115
2026-02-27 20:35:00,340.69,340.94,340.45,340.61,34855
2026-02-27 20:40:00,340.58,340.7,340.4,340.625,31554
2026-02-27 20:45:00,340.65,341.1,340.62,340.89,74227
2026-02-27 20:50:00,340.93,341.35,340.43,340.47,95525
2026-02-27 20:55:00,340.52,341.08,340.46,341.0,221266
2026-03-02 14:30:00,341.06,341.75,338.31,339.045,129293
2026-03-02 14:35:00,339.27,340.62,339.24,340.31,75586
2026-03-02 14:40:00,340.3414,341.53,339.895,340.87,82556
2026-03-02 14:45:00,340.87,341.284,340.23,341.284,67904
2026-03-02 14:50:00,341.28,341.74,340.46,340.87,35583
2026-03-02 14:55:00,340.87,340.91,339.4,340.17,39583
2026-03-02 15:00:00,340.155,341.22,339.86,340.94,56260
2026-03-02 15:05:00,340.92,340.98,340.32,340.328,49963
2026-03-02 15:10:00,340.365,341.51,340.32,341.07,43007
2026-03-02 15:15:00,341.07,341.205,340.15,340.68,105586
2026-03-02 15:20:00,340.74,340.786,339.7,340.05,53861
2026-03-02 15:25:00,339.94,339.96,339.3951,339.63,27615
2026-03-02 15:30:00,339.65,340.35,339.54,339.54,26275
2026-03-02 15:35:00,339.5,339.56,338.6,339.085,20878
2026-03-02 15:40:00,339.08,339.28,338.22,338.36,38573
2026-03-02 15:45:00,338.41,338.79,338.18,338.79,42980
2026-03-02 15:50:00,338.715,338.87,338.17,338.17,33979
2026-03-02 15:55:00,338.2,338.93,338.1,338.77,29730
2026-03-02 16:00:00,338.83,338.91,338.16,338.38,58353
2026-03-02 16:05:00,338.375,338.6,338.085,338.21,50601
2026-03-02 16:10:00,338.21,338.21,337.62,337.69,49634
2026-03-02 16:15:00,337.76,337.8,337.17,337.57,28453
2026-03-02 16:20:00,337.51,337.8,337.36,337.485,24775
2026-03-02 16:25:00,337.485,337.8,337.265,337.265,27419
2026-03-02 16:30:00,337.265,337.35,336.65,336.99,37429
2026-03-02 16:35:00,336.985,337.07,336.75,336.955,21444
2026-03-02 16:40:00,336.955,337.28,336.73,337.14,24698
2026-03-02 16:45:00,337.16,337.43,336.79,336.83,26955
2026-03-02 16:50:00,336.815,336.89,336.15,336.255,33054
2026-03-02 16:55:00,336.28,336.61,336.18,336.54,29218
2026-03-02 17:00:00,336.58,336.74,336.25,336.34,23566
2026-03-02 17:05:00,336.34,336.46,336.11,336.295,27165
2026-03-02 17:10:00,336.29,336.3,335.88,336.15,21572
2026-03-02 17:15:00,336.15,336.58,336.05,336.29,17426
2026-03-02 17:20:00,336.305,336.59,336.11,336.545,12935
2026-03-02 17:25:00,336.54,336.77,336.2101,336.3025,28931
2026-03-02 17:30:00,336.37,336.39,335.66,335.68,18331
2026-03-02 17:35:00,335.745,335.83,334.87,334.93,39051
2026-03-02 17:40:00,334.95,335.44,334.92,335.33,36542
2026-03-02 17:45:00,335.33,335.56,335.25,335.43,25100
2026-03-02 17:50:00,335.48,335.91,335.46,335.78,25558
2026-03-02 17:55:00,335.83,335.89,335.56,335.77,15500
2026-03-02 18:00:00,335.76,335.8,335.562,335.57,12306
2026-03-02 18:05:00,335.53,335.71,335.33,335.64,16394
2026-03-02 18:10:00,335.585,335.7,335.21,335.26,40938
2026-03-02 18:15:00,335.2475,335.36,335.042,335.13,24849
2026-03-02 18:20:00,335.28,335.57,334.94,335.55,35395
2026-03-02 18:25:00,335.58,336.225,335.54,336.225,18368
2026-03-02 18:30:00,336.23,336.24,335.36,335.47,23005
2026-03-02 18:35:00,335.5081,335.82,335.47,335.639,28635
2026-03-02 18:40:00,335.59,335.8,335.505,335.79,18427
2026-03-02 18:45:00,335.795,335.94,335.625,335.77,14257
2026-03-02 18:50:00,335.79,335.79,335.1,335.27,15382
2026-03-02 18:55:00,335.28,335.28,334.84,334.85,22318
2026-03-02 19:00:00,334.84,334.89,334.4101,334.62,27548
2026-03-02 19:05:00,334.66,335.5995,334.63,335.535,26143
2026-03-02 19:10:00,335.47,335.53,334.8401,334.995,23882
2026-03-02 19:15:00,334.995,335.69,334.99,335.64,30499
2026-03-02 19:20:00,335.7,336.02,335.7,335.8,23458
2026-03-02 19:25:00,335.73,336.57,335.72,336.545,29606
2026-03-02 19:30:00,336.545,336.82,336.255,336.2875,44473
2026-03-02 19:35:00,336.255,336.59,336.135,336.135,16779
2026-03-02 19:40:00,336.2,336.35,335.96,336.33,20364
2026-03-02 19:45:00,336.275,336.5399,336.185,336.39,16726
2026-03-02 19:50:00,336.32,336.43,336.12,336.2,17354
2026-03-02 19:55:00,336.21,336.36,336.14,336.255,22784
2026-03-02 20:00:00,336.255,336.6,336.24,336.5,21927
2026-03-02 20:05:00,336.55,336.72,335.81,335.93,27097
2026-03-02 20:10:00,335.905,335.96,335.511,335.52,27931
2026-03-02 20:15:00,335.5,336.01,335.42,335.57,38874
2026-03-02 20:20:00,335.62,335.725,335.44,335.61,23211
2026-03-02 20:25:00,335.61,335.77,335.45,335.505,25049
2026-03-02 20:30:00,335.55,335.925,335.35,335.825,35129
2026-03-02 20:35:00,335.85,336.03,335.74,335.935,21933
2026-03-02 20:40:00,335.97,336.08,335.83,336.01,35524
2026-03-02 20:45:00,336.035,336.135,335.2,335.31,55856
2026-03-02 20:50:00,335.35,335.35,334.96,335.045,75561
2026-03-02 20:55:00,335.1,335.38,334.7,334.77,221174
2026-03-03 14:30:00,330.09,331.3,328.8,330.42,103502
2026-03-03 14:35:00,330.2,331.96,329.4377,331.32,42937
2026-03-03 14:40:00,331.3643,331.84,330.82,331.19,33897
2026-03-03 14:45:00,331.44,331.67,330.2954,330.67,28664
2026-03-03 14:50:00,330.525,331.41,330.485,331.205,32201
2026-03-03 14:55:00,331.13,331.49,330.21,330.63,35198
2026-03-03 15:00:00,330.53,331.1,330.0,330.08,31882
2026-03-03 15:05:00,329.9,330.41,328.88,328.88,30368
2026-03-03 15:10:00,329.06,329.71,328.14,329.384,50958
2026-03-03 15:15:00,329.36,329.66,329.1421,329.1421,22025
2026-03-03 15:20:00,329.175,329.92,329.0,329.92,25713
2026-03-03 15:25:00,329.93,330.35,329.89,329.93,19229
2026-03-03 15:30:00,329.87,330.03,329.07,329.305,30359
2026-03-03 15:35:00,329.27,329.48,328.67,328.76,16850
2026-03-03 15:40:00,328.8,329.27,328.7401,329.01,38523
2026-03-03 15:45:00,329.0,329.0,328.33,328.69,20293
2026-03-03 15:50:00,328.69,329.24,328.4151,329.055,22173
2026-03-03 15:55:00,329.135,329.63,328.99,328.995,21902
2026-03-03 16:00:00,328.995,329.08,328.63,329.03,21138
2026-03-03 16:05:00,328.9,329.07,328.68,328.855,13944
2026-03-03 16:10:00,328.98,329.48,328.95,329.42,28690
2026-03-03 16:15:00,329.335,329.41,328.765,328.88,27554
2026-03-03 16:20:00,328.84,329.1,328.46,328.9,24808
2026-03-03 16:25:00,328.9,329.05,328.56,328.83,32642
2026-03-03 16:30:00,328.83,328.93,327.7,327.75,64262
2026-03-03 16:35:00,327.81,328.31,327.81,328.25,58674
2026-03-03 16:40:00,328.23,328.73,328.22,328.57,34756
2026-03-03 16:45:00,328.54,329.02,328.52,329.02,21687
2026-03-03 16:50:00,329.005,329.19,328.82,328.89,20706
2026-03-03 16:55:00,329.0,329.26,328.81,328.955,21720
2026-03-03 17:00:00,328.955,329.09,328.54,328.54,17246
2026-03-03 17:05:00,328.62,328.77,328.26,328.531,34170
2026-03-03 17:10:00,328.53,329.14,328.5,329.14,21140
2026-03-03 17:15:00,329.14,329.34,328.9,328.98,16247
2026-03-03 17:20:00,328.975,329.26,328.9,329.25,9720
2026-03-03 17:25:00,329.23,329.28,328.92,329.25,19759
2026-03-03 17:30:00,329.23,329.53,328.8,329.05,23170
2026-03-03 17:35:00,328.98,329.1,328.7524,329.05,10030
2026-03-03 17:40:00,329.13,329.5,328.95,329.47,13618
2026-03-03 17:45:00,329.4641,329.61,329.13,329.53,20941
2026-03-03 17:50:00,329.53,329.61,329.2701,329.311,26264
2026-03-03 17:55:00,329.335,329.6875,329.29,329.49,12075
2026-03-03 18:00:00,329.465,329.5,329.1601,329.41,14014
2026-03-03 18:05:00,329.42,329.55,329.34,329.45,9984
2026-03-03 18:10:00,329.48,329.5399,329.2,329.265,12180
2026-03-03 18:15:00,329.265,329.63,329.265,329.5,11221
2026-03-03 18:20:00,329.5,329.77,329.5,329.745,17531
2026-03-03 18:25:00,329.7542,330.175,329.7542,329.92,15207
2026-03-03 18:30:00,329.885,330.27,329.865,330.235,11909
2026-03-03 18:35:00,330.225,330.47,330.2164,330.4,12212
2026-03-03 18:40:00,330.47,330.5,330.24,330.295,14535
2026-03-03 18:45:00,330.295,330.69,330.26,330.655,15548
2026-03-03 18:50:00,330.63,330.82,330.63,330.71,12410
2026-03-03 18:55:00,330.6815,330.7699,330.54,330.54,9484
2026-03-03 19:00:00,330.595,330.82,330.56,330.765,16197
2026-03-03 19:05:00,330.82,330.88,330.64,330.705,15614
2026-03-03 19:10:00,330.76,330.85,330.57,330.825,13158
2026-03-03 19:15:00,330.825,330.85,330.65,330.67,13026
2026-03-03 19:20:00,330.67,330.93,330.62,330.64,13995
2026-03-03 19:25:00,330.64,330.86,330.64,330.64,17161
2026-03-03 19:30:00,330.54,330.6,330.41,330.5192,21016
2026-03-03 19:35:00,330.495,330.96,330.4,330.81,22587
2026-03-03 19:40:00,330.875,331.455,330.87,331.25,17731
2026-03-03 19:45:00,331.27,331.3495,331.001,331.0301,19474
2026-03-03 19:50:00,331.065,331.21,330.89,331.04,17470
2026-03-03 19:55:00,331.02,331.02,330.7301,330.9,11743
2026-03-03 20:00:00,330.94,331.1,330.88,331.04,12164
2026-03-03 20:05:00,330.97,331.28,330.91,331.28,15418
2026-03-03 20:10:00,331.28,331.39,331.16,331.215,20535
2026-03-03 20:15:00,331.215,331.37,331.03,331.22,29991
2026-03-03 20:20:00,331.22,331.32,331.21,331.26,23469
2026-03-03 20:25:00,331.245,331.47,331.145,331.38,22906
2026-03-03 20:30:00,331.39,331.54,331.19,331.51,31673
2026-03-03 20:35:00,331.475,331.6299,331.405,331.44,34278
2026-03-03 20:40:00,331.4799,331.49,331.01,331.03,24430
2026-03-03 20:45:00,331.04,331.32,331.04,331.21,37435
2026-03-03 20:50:00,331.22,331.5,331.025,331.225,60593
2026-03-03 20:55:00,331.18,332.17,331.14,332.17,230388
2026-03-04 14:30:00,331.74,332.11,329.66,331.26,154516
2026-03-04 14:35:00,331.115,331.27,329.605,330.5,32374
2026-03-04 14:40:00,330.4166,331.24,330.315,331.11,16780
2026-03-04 14:45:00,331.12,331.56,330.51,331.15,16529
2026-03-04 14:50:00,331.11,331.11,330.15,330.76,18533
2026-03-04 14:55:00,330.65,331.45,330.27,331.45,14468
2026-03-04 15:00:00,331.45,331.45,330.36,331.02,33516
2026-03-04 15:05:00,331.02,332.35,330.84,332.35,23414
2026-03-04 15:10:00,332.35,332.57,332.16,332.52,33999
2026-03-04 15:15:00,332.56,332.73,332.08,332.7,19124
2026-03-04 15:20:00,332.7,332.83,332.41,332.54,15829
2026-03-04 15:25:00,332.5301,332.5975,332.17,332.275,23401
2026-03-04 15:30:00,332.285,332.39,332.0,332.0,11484
2026-03-04 15:35:00,332.03,332.12,331.3,331.375,19562
2026-03-04 15:40:00,331.45,331.5,331.165,331.42,11079
2026-03-04 15:45:00,331.4,331.57,331.2,331.345,15587
2026-03-04 15:50:00,331.48,331.61,331.085,331.28,16413
2026-03-04 15:55:00,331.32,331.36,330.96,331.035,21011
2026-03-04 16:00:00,331.07,331.23,330.9,331.125,35066
2026-03-04 16:05:00,331.185,331.43,331.16,331.35,24846
2026-03-04 16:10:00,331.38,331.44,330.9,331.1,16677
2026-03-04 16:15:00,331.14,331.28,330.84,330.855,15055
2026-03-04 16:20:00,330.86,331.32,330.71,331.32,14255
2026-03-04 16:25:00,331.32,331.4,330.85,330.8701,12390
2026-03-04 16:30:00,331.04,331.71,330.89,331.48,11631
2026-03-04 16:35:00,331.49,331.64,331.39,331.4699,8840
2026-03-04 16:40:00,331.365,331.71,331.29,331.71,12333
2026-03-04 16:45:00,331.76,331.83,331.56,331.63,11693
2026-03-04 16:50:00,331.64,331.8,331.46,331.735,12213
2026-03-04 16:55:00,331.79,331.8,331.49,331.5194,9135
2026-03-04 17:00:00,331.5,331.7435,331.49,331.585,12285
2026-03-04 17:05:00,331.585,331.63,331.37,331.47,10040
2026-03-04 17:10:00,331.46,331.51,331.22,331.22,12333
2026-03-04 17:15:00,331.255,331.48,331.08,331.11,9010
2026-03-04 17:20:00,331.13,331.13,330.565,330.565,8816
2026-03-04 17:25:00,330.655,330.92,330.61,330.86,10681
2026-03-04 17:30:00,330.91,331.11,330.7068,331.07,8703
2026-03-04 17:35:00,331.13,331.265,330.93,331.1666,7109
2026-03-04 17:40:00,331.205,331.265,330.93,331.14,7139
2026-03-04 17:45:00,331.14,331.2899,330.9301,331.14,7956
2026-03-04 17:50:00,331.13,331.69,331.1,331.6675,10102
2026-03-04 17:55:00,331.66,331.71,331.37,331.43,6292
2026-03-04 18:00:00,331.48,331.66,331.45,331.47,6309
2026-03-04 18:05:00,331.43,331.54,331.315,331.54,7604
2026-03-04 18:10:00,331.56,331.81,331.56,331.65,7704
2026-03-04 18:15:00,331.62,331.71,331.29,331.335,8459
2026-03-04 18:20:00,331.36,331.41,331.0601,331.185,8898
2026-03-04 18:25:00,331.16,331.36,331.1,331.17,10243
2026-03-04 18:30:00,331.21,331.32,331.14,331.26,9943
2026-03-04 18:35:00,331.29,331.38,331.19,331.255,11554
2026-03-04 18:40:00,331.265,331.34,331.115,331.22,9204
2026-03-04 18:45:00,331.24,331.43,331.095,331.375,12981
2026-03-04 18:50:00,331.35,331.38,331.19,331.19,18101
2026-03-04 18:55:00,331.15,331.15,330.68,330.74,15219
2026-03-04 19:00:00,330.71,330.95,330.64,330.66,15817
2026-03-04 19:05:00,330.66,330.66,330.285,330.43,23371
2026-03-04 19:10:00,330.445,330.445,330.225,330.335,13309
2026-03-04 19:15:00,330.3401,330.51,330.23,330.2983,17422
2026-03-04 19:20:00,330.36,330.485,330.29,330.45,12365
2026-03-04 19:25:00,330.455,330.485,330.3,330.445,23931
2026-03-04 19:30:00,330.445,330.53,330.23,330.41,15324
2026-03-04 19:35:00,330.425,330.53,330.24,330.365,15304
2026-03-04 19:40:00,330.365,330.545,330.3,330.41,24919
2026-03-04 19:45:00,330.41,330.7,330.39,330.66,26362
2026-03-04 19:50:00,330.66,331.1,330.66,331.01,30624
2026-03-04 19:55:00,331.0132,331.075,330.87,331.0463,18351
2026-03-04 20:00:00,331.09,331.34,331.065,331.165,20584
2026-03-04 20:05:00,331.185,331.32,331.11,331.29,16155
2026-03-04 20:10:00,331.3,331.32,330.94,331.17,19006
2026-03-04 20:15:00,331.12,331.33,330.935,331.11,31086
2026-03-04 20:20:00,331.115,331.4,331.01,331.4,25582
2026-03-04 20:25:00,331.4,331.58,331.28,331.45,26428
2026-03-04 20:30:00,331.45,331.59,331.41,331.525,30600
2026-03-04 20:35:00,331.53,331.765,331.5,331.72,40063
2026-03-04 20:40:00,331.715,331.77,331.56,331.67,36627
2026-03-04 20:45:00,331.655,331.73,331.385,331.43,50112
2026-03-04 20:50:00,331.43,331.43,330.81,331.23,89130
2026-03-04 20:55:00,331.26,332.16,331.2,331.67,275858
2026-03-05 14:30:00,329.8,330.81,328.8,329.285,560334
2026-03-05 14:35:00,329.3,329.3,327.89,328.255,45302
2026-03-05 14:40:00,328.25,328.45,327.57,327.9725,60032
2026-03-05 14:45:00,327.83,328.34,327.67,327.935,30288
2026-03-05 14:50:00,327.935,328.28,326.7,326.74,55389
2026-03-05 14:55:00,326.74,327.24,326.32,327.055,60768
2026-03-05 15:00:00,327.055,327.9,327.045,327.81,34754
2026-03-05 15:05:00,327.71,327.71,326.64,326.76,37266
2026-03-05 15:10:00,326.76,327.02,325.9028,326.5,51741
2026-03-05 15:15:00,326.39,326.43,325.79,326.075,34678
2026-03-05 15:20:00,326.0751,326.51,325.68,325.75,41898
2026-03-05 15:25:00,325.71,326.26,325.71,326.19,21687
2026-03-05 15:30:00,326.085,326.46,325.78,326.23,25996
2026-03-05 15:35:00,326.31,326.38,325.635,325.635,65076
2026-03-05 15:40:00,325.6294,326.12,325.495,325.9,38454
2026-03-05 15:45:00,325.87,326.02,325.63,325.7,16263
2026-03-05 15:50:00,325.7,326.05,325.5001,325.835,23849
2026-03-05 15:55:00,325.92,326.04,325.6368,325.68,18658
2026-03-05 16:00:00,325.73,325.87,325.19,325.23,27536
2026-03-05 16:05:00,325.22,325.72,324.935,325.595,33353
2026-03-05 16:10:00,325.6,325.83,325.28,325.4025,55954
2026-03-05 16:15:00,325.38,325.59,325.115,325.44,22180
2026-03-05 16:20:00,325.48,326.07,325.365,326.005,25248
2026-03-05 16:25:00,326.005,326.4,325.95,326.15,36010
2026-03-05 16:30:00,326.08,326.12,325.59,325.99,23631
2026-03-05 16:35:00,325.867,326.05,325.74,325.945,21359
2026-03-05 16:40:00,326.0,326.4,325.955,326.4,34748
2026-03-05 16:45:00,326.4,326.61,326.25,326.58,16977
2026-03-05 16:50:00,326.52,326.53,325.92,326.025,26751
2026-03-05 16:55:00,326.025,326.15,325.6801,325.85,30351
2026-03-05 17:00:00,325.805,325.93,325.38,325.58,33746
2026-03-05 17:05:00,325.49,325.49,324.6994,325.165,43704
2026-03-05 17:10:00,325.165,325.255,324.85,325.19,31329
2026-03-05 17:15:00,325.215,325.85,325.215,325.78,22621
2026-03-05 17:20:00,325.785,325.95,325.69,325.72,16977
2026-03-05 17:25:00,325.72,325.765,325.41,325.505,40176
2026-03-05 17:30:00,325.5245,325.97,325.49,325.97,15359
2026-03-05 17:35:00,325.875,326.36,325.8,325.86,15962
2026-03-05 17:40:00,325.865,326.16,325.73,326.02,20349
2026-03-05 17:45:00,326.045,326.25,325.8,326.205,15037
2026-03-05 17:50:00,326.195,326.53,326.08,326.3414,23167
2026-03-05 17:55:00,326.39,326.66,326.28,326.56,18207
2026-03-05 18:00:00,326.59,326.65,326.39,326.52,12022
2026-03-05 18:05:00,326.4575,326.51,325.965,326.105,18688
2026-03-05 18:10:00,326.105,326.42,325.96,326.005,21418
2026-03-05 18:15:00,325.93,325.93,325.39,325.41,14873
2026-03-05 18:20:00,325.36,325.84,325.36,325.52,20633
2026-03-05 18:25:00,325.515,325.76,325.47,325.62,21848
2026-03-05 18:30:00,325.64,325.89,325.53,325.825,22840
2026-03-05 18:35:00,325.82,325.94,325.63,325.915,15506
2026-03-05 18:40:00,325.94,326.11,325.74,326.01,21611
2026-03-05 18:45:00,325.96,326.11,325.73,325.81,27650
2026-03-05 18:50:00,325.82,325.98,325.73,325.91,18758
2026-03-05 18:55:00,325.92,326.14,325.865,326.04,17718
2026-03-05 19:00:00,326.0,326.0,325.23,325.305,21532
2026-03-05 19:05:00,325.35,325.44,325.145,325.145,18840
2026-03-05 19:10:00,325.19,325.38,325.04,325.04,17042
2026-03-05 19:15:00,325.035,325.23,324.91,325.2,28599
2026-03-05 19:20:00,325.2,325.3,324.542,324.545,65685
2026-03-05 19:25:00,324.545,324.82,324.12,324.75,87881
2026-03-05 19:30:00,324.75,325.26,324.52,325.21,26626
2026-03-05 19:35:00,325.215,325.35,325.05,325.26,17649
2026-03-05 19:40:00,325.265,325.6,325.22,325.46,24005
2026-03-05 19:45:00,325.42,325.92,325.42,325.83,15230
2026-03-05 19:50:00,325.83,326.145,325.81,326.08,22281
2026-03-05 19:55:00,326.09,326.14,325.9,325.96,16178
2026-03-05 20:00:00,326.0,326.38,325.88,326.38,27870
2026-03-05 20:05:00,326.3,326.58,326.01,326.58,18011
2026-03-05 20:10:00,326.535,326.91,326.5,326.85,21984
2026-03-05 20:15:00,326.83,327.24,326.72,327.18,26380
2026-03-05 20:20:00,327.12,327.33,326.99,327.25,19771
2026-03-05 20:25:00,327.29,327.57,327.29,327.48,26261
2026-03-05 20:30:00,327.44,327.52,327.0825,327.3,30810
2026-03-05 20:35:00,327.3,327.34,327.17,327.2575,17914
2026-03-05 20:40:00,327.18,327.23,326.92,327.065,27971
2026-03-05 20:45:00,327.09,327.64,326.93,327.61,45518
2026-03-05 20:50:00,327.68,327.73,327.52,327.555,59229
2026-03-05 20:55:00,327.52,327.74,327.16,327.42,200216
2026-03-06 14:30:00,326.29,326.29,323.14,323.78,203675
2026-03-06 14:35:00,323.87,324.51,323.685,324.42,42787
2026-03-06 14:40:00,324.42,324.44,323.6,324.245,30178
2026-03-06 14:45:00,323.9,323.9,322.72,322.84,46621
2026-03-06 14:50:00,322.9,323.3,322.58,322.74,50630
2026-03-06 14:55:00,322.705,323.4,322.52,323.27,36428
2026-03-06 15:00:00,323.27,323.27,322.27,322.45,42003
2026-03-06 15:05:00,322.405,322.72,321.43,321.45,29608
2026-03-06 15:10:00,321.625,322.63,321.32,322.385,35040
2026-03-06 15:15:00,322.4103,322.5,321.73,322.15,16879
2026-03-06 15:20:00,321.92,323.08,321.92,322.87,23537
2026-03-06 15:25:00,322.94,323.65,322.78,323.535,27677
2026-03-06 15:30:00,323.535,324.445,323.465,323.85,54919
2026-03-06 15:35:00,323.94,324.18,323.44,324.08,16356
2026-03-06 15:40:00,324.125,324.125,323.495,323.62,23380
2026-03-06 15:45:00,323.62,323.79,321.91,323.5001,31515
2026-03-06 15:50:00,323.6,324.24,323.52,324.24,15484
2026-03-06 15:55:00,324.335,325.1199,324.24,325.03,20002
2026-03-06 16:00:00,324.985,325.7,324.95,325.67,17567
2026-03-06 16:05:00,325.675,325.84,325.29,325.395,13180
2026-03-06 16:10:00,325.3637,325.5,325.12,325.3,15741
2026-03-06 16:15:00,325.26,325.5,325.16,325.375,14109
2026-03-06 16:20:00,325.375,325.375,324.92,325.245,19749
2026-03-06 16:25:00,325.245,325.42,325.17,325.38,14563
2026-03-06 16:30:00,325.365,325.44,324.74,324.76,13757
2026-03-06 16:35:00,324.82,325.05,324.79,324.8647,12043
2026-03-06 16:40:00,324.835,325.16,324.585,324.59,16845
2026-03-06 16:45:00,324.59,324.87,324.528,324.705,12131
2026-03-06 16:50:00,324.705,324.87,324.34,324.34,11481
2026-03-06 16:55:00,324.47,324.47,324.115,324.235,121372
2026-03-06 17:00:00,324.185,324.23,323.5775,324.1,30198
2026-03-06 17:05:00,324.02,324.095,323.86,324.01,19763
2026-03-06 17:10:00,323.99,324.47,323.99,324.43,13288
2026-03-06 17:15:00,324.395,324.595,324.2501,324.595,12866
2026-03-06 17:20:00,324.66,325.24,324.6275,325.12,10355
2026-03-06 17:25:00,325.06,325.085,324.35,324.35,10276
2026-03-06 17:30:00,324.44,324.94,324.405,324.94,12355
2026-03-06 17:35:00,324.8564,325.13,324.76,325.07,15094
2026-03-06 17:40:00,325.02,325.105,324.71,324.88,8733
2026-03-06 17:45:00,324.93,325.02,324.83,324.83,11938
2026-03-06 17:50:00,324.89,325.17,324.8815,325.04,10373
2026-03-06 17:55:00,325.065,325.0725,324.77,324.84,10687
2026-03-06 18:00:00,324.84,325.29,324.84,325.1201,14944
2026-03-06 18:05:00,325.205,325.42,325.135,325.25,14218
2026-03-06 18:10:00,325.31,325.96,325.29,325.9,15271
2026-03-06 18:15:00,325.885,326.05,325.54,325.565,22248
2026-03-06 18:20:00,325.56,325.58,325.175,325.25,18190
2026-03-06 18:25:00,325.24,325.45,325.0,325.385,16773
2026-03-06 18:30:00,325.37,325.37,324.62,324.815,18697
2026-03-06 18:35:00,324.87,324.92,324.51,324.9125,13734
2026-03-06 18:40:00,324.88,324.98,324.73,324.825,15294
2026-03-06 18:45:00,324.795,324.81,324.56,324.64,17998
2026-03-06 18:50:00,324.65,324.9,324.52,324.84,19801
2026-03-06 18:55:00,324.875,325.38,324.86,325.275,10672
2026-03-06 19:00:00,325.275,325.435,325.025,325.025,10508
2026-03-06 19:05:00,324.995,325.415,324.995,325.295,18426
2026-03-06 19:10:00,325.345,325.35,325.195,325.23,13628
2026-03-06 19:15:00,325.25,325.405,325.15,325.35,12785
2026-03-06 19:20:00,325.345,325.43,324.94,325.08,39167
2026-03-06 19:25:00,325.21,325.56,324.945,325.4,24335
2026-03-06 19:30:00,325.569,325.85,325.15,325.225,130404
2026-03-06 19:35:00,325.1939,325.25,325.0201,325.22,23046
2026-03-06 19:40:00,325.21,325.515,325.1701,325.435,14469
2026-03-06 19:45:00,325.46,325.545,325.235,325.315,22126
2026-03-06 19:50:00,325.29,325.5,325.255,325.36,22018
2026-03-06 19:55:00,325.39,325.48,325.32,325.38,15707
2026-03-06 20:00:00,325.38,326.0,325.32,325.68,79301
2026-03-06 20:05:00,325.68,326.185,325.68,326.11,24978
2026-03-06 20:10:00,326.14,326.69,326.1,326.62,42144
2026-03-06 20:15:00,326.565,326.98,326.5,326.9225,24533
2026-03-06 20:20:00,326.97,327.4,326.89,327.385,33044
2026-03-06 20:25:00,327.385,327.865,327.33,327.75,30035
2026-03-06 20:30:00,327.78,327.88,327.54,327.73,26942
2026-03-06 20:35:00,327.72,327.93,327.62,327.88,41857
2026-03-06 20:40:00,327.91,328.0,327.67,327.815,30832
2026-03-06 20:45:00,327.83,328.31,327.83,328.285,46744
2026-03-06 20:50:00,328.32,328.33,327.315,327.55,66095
2026-03-06 20:55:00,327.56,328.3,327.54,327.98,217971
2026-03-09 13:30:00,325.8,326.545,324.74,325.76,111179
2026-03-09 13:35:00,325.31,327.5,325.19,326.4,33190
2026-03-09 13:40:00,326.5257,326.73,325.77,326.195,63190
2026-03-09 13:45:00,326.16,326.79,325.83,326.58,29041
