timestamp,Open,High,Low,Close,Volume
2026-02-02 18:45:00,316.69000244140625,316.8085021972656,316.6499938964844,316.7799987792969,5318
2026-02-02 18:50:00,316.75,316.81988525390625,316.67999267578125,316.7699890136719,13043
2026-02-02 18:55:00,316.7300109863281,316.739990234375,316.5799865722656,316.5799865722656,10996
2026-02-02 19:00:00,316.5799865722656,316.6400146484375,316.3900146484375,316.5799865722656,11820
2026-02-02 19:05:00,316.6400146484375,316.8299865722656,316.6000061035156,316.80499267578125,10555
2026-02-02 19:10:00,316.760009765625,316.9339904785156,316.69000244140625,316.69000244140625,9695
2026-02-02 19:15:00,316.7099914550781,316.75,316.6000061035156,316.6062927246094,8453
2026-02-02 19:20:00,316.5599975585937,316.6499938964844,316.5199890136719,316.6449890136719,14143
2026-02-02 19:25:00,316.6404113769531,317.1300048828125,316.5599975585937,317.1300048828125,20824
2026-02-02 19:30:00,317.1300048828125,317.4599914550781,316.8099975585937,317.42999267578125,25494
2026-02-02 19:35:00,317.4349975585937,317.82000732421875,317.32720947265625,317.4599914550781,47458
2026-02-02 19:40:00,317.4599914550781,317.8800048828125,317.4301147460937,317.8800048828125,15479
2026-02-02 19:45:00,317.9200134277344,318.2049865722656,317.8800048828125,318.19000244140625,21641
2026-02-02 19:50:00,318.1700134277344,318.3999938964844,318.1099853515625,318.125,35750
2026-02-02 19:55:00,318.114990234375,318.6600036621094,318.0599975585937,318.62750244140625,25677
2026-02-02 20:00:00,318.5899963378906,319.1000061035156,318.5299987792969,318.5599975585937,127578
2026-02-02 20:05:00,318.5599975585937,318.5599975585937,318.1000061035156,318.1449890136719,19887
2026-02-02 20:10:00,318.1499938964844,318.389892578125,318.0599975585937,318.389892578125,21570
2026-02-02 20:15:00,318.389892578125,318.389892578125,318.1000061035156,318.32000732421875,18088
2026-02-02 20:20:00,318.31500244140625,318.4800109863281,318.2200012207031,318.42999267578125,19429
2026-02-02 20:25:00,318.44000244140625,319.010009765625,318.44000244140625,318.9700012207031,25321
2026-02-02 20:30:00,319.0199890136719,319.1199951171875,318.69000244140625,318.9800109863281,51406
2026-02-02 20:35:00,318.9674987792969,318.9898986816406,318.7300109863281,318.8399963378906,28087
2026-02-02 20:40:00,318.8399963378906,318.89990234375,318.6600036621094,318.7049865722656,32404
2026-02-02 20:45:00,318.70001220703125,319.0199890136719,318.69000244140625,318.8099975585937,48917
2026-02-02 20:50:00,318.8099975585937,318.8099975585937,317.8599853515625,318.0899963378906,96557
2026-02-02 20:55:00,318.07000732421875,318.56500244140625,318.010009765625,318.489990234375,233991
2026-02-03 14:30:00,315.510009765625,319.0,315.510009765625,317.7049865722656,94392
2026-02-03 14:35:00,317.7099914550781,318.2749938964844,317.1199951171875,317.94000244140625,24153
2026-02-03 14:40:00,318.1400146484375,319.20001220703125,317.9549865722656,318.86248779296875,57251
2026-02-03 14:45:00,318.8699951171875,319.3999938964844,318.7300109863281,319.3399963378906,81943
2026-02-03 14:50:00,319.3324890136719,320.3099975585937,319.3041076660156,320.0299987792969,105463
2026-02-03 14:55:00,320.17999267578125,321.3999938964844,320.17999267578125,321.2950134277344,77369
2026-02-03 15:00:00,321.19000244140625,321.6000061035156,320.6600036621094,320.760009765625,113726
2026-02-03 15:05:00,320.75,321.8699951171875,320.3399963378906,321.7900085449219,56954
2026-02-03 15:10:00,321.7449951171875,322.17999267578125,321.5899963378906,322.1199951171875,75654
2026-02-03 15:15:00,322.1499938964844,322.639892578125,321.9695129394531,322.5400085449219,93506
2026-02-03 15:20:00,322.5400085449219,322.8800048828125,322.510009765625,322.7892150878906,48373
2026-02-03 15:25:00,322.8399963378906,322.8900146484375,322.3200988769531,322.82501220703125,45208
2026-02-03 15:30:00,322.82000732421875,322.8599853515625,321.885009765625,322.42999267578125,32373
2026-02-03 15:35:00,322.42498779296875,322.7099914550781,322.4100036621094,322.5,26562
2026-02-03 15:40:00,322.5299987792969,322.739990234375,322.30499267578125,322.30499267578125,24427
2026-02-03 15:45:00,322.2950134277344,322.6199951171875,322.04998779296875,322.04998779296875,31249
2026-02-03 15:50:00,322.04998779296875,322.2300109863281,321.5450134277344,321.5450134277344,34683
2026-02-03 15:55:00,321.5199890136719,321.79998779296875,321.1199951171875,321.42498779296875,73815
2026-02-03 16:00:00,321.5,321.9599914550781,321.4144897460937,321.7300109863281,30000
2026-02-03 16:05:00,321.8900146484375,322.1300048828125,321.75,322.010009765625,27350
2026-02-03 16:10:00,322.010009765625,322.19000244140625,321.82000732421875,322.0199890136719,16233
2026-02-03 16:15:00,322.0201110839844,322.17999267578125,321.60009765625,321.7200927734375,19484
2026-02-03 16:20:00,321.75,321.8450012207031,321.4612121582031,321.5404052734375,18649
2026-02-03 16:25:00,321.5,321.8999938964844,321.3800048828125,321.79998779296875,37707
2026-02-03 16:30:00,321.8599853515625,321.94989013671875,321.5599975585937,321.6300048828125,22726
2026-02-03 16:35:00,321.6199951171875,321.7033996582031,321.1300048828125,321.1499938964844,32186
2026-02-03 16:40:00,321.1449890136719,321.32000732421875,320.9599914550781,321.32000732421875,15596
2026-02-03 16:45:00,321.239990234375,321.5799865722656,320.92999267578125,321.510009765625,21544
2026-02-03 16:50:00,321.44000244140625,321.5899963378906,321.30010986328125,321.3599853515625,20926
2026-02-03 16:55:00,321.364990234375,321.58990478515625,321.2900085449219,321.44000244140625,16213
2026-02-03 17:00:00,321.4549865722656,321.5,320.7200012207031,321.25,73131
2026-02-03 17:05:00,321.260009765625,321.30499267578125,320.6099853515625,320.8800048828125,18425
2026-02-03 17:10:00,320.8399963378906,321.3800048828125,320.8399963378906,321.114990234375,53786
2026-02-03 17:15:00,321.114990234375,321.489990234375,321.06500244140625,321.4800109863281,18264
2026-02-03 17:20:00,321.4349975585937,322.0,321.42999267578125,321.8699951171875,31974
2026-02-03 17:25:00,321.875,322.3800048828125,321.875,322.2799987792969,19108
2026-02-03 17:30:00,322.2900085449219,322.364990234375,322.0400085449219,322.0599975585937,15977
2026-02-03 17:35:00,322.1700134277344,322.7099914550781,322.1199951171875,322.5299987792969,28847
2026-02-03 17:40:00,322.5199890136719,322.6199951171875,322.3699951171875,322.4200134277344,29128
2026-02-03 17:45:00,322.44500732421875,322.44500732421875,321.8363037109375,322.0299987792969,14801
2026-02-03 17:50:00,322.0249938964844,322.07000732421875,321.8399963378906,321.9599914550781,15571
2026-02-03 17:55:00,321.9700012207031,322.3099975585937,321.9599914550781,322.2300109863281,15903
2026-02-03 18:00:00,322.25,322.6789855957031,322.2049865722656,322.6300048828125,28345
2026-02-03 18:05:00,322.6300048828125,322.79998779296875,322.2449951171875,322.2449951171875,27211
2026-02-03 18:10:00,322.2449951171875,322.32000732421875,321.7900085449219,321.9410095214844,40114
2026-02-03 18:15:00,322.0050048828125,322.0599975585937,321.3699951171875,321.4800109863281,15273
2026-02-03 18:20:00,321.4800109863281,321.5899963378906,321.1700134277344,321.239990234375,24509
2026-02-03 18:25:00,321.2900085449219,321.489990234375,321.17999267578125,321.2250061035156,22540
2026-02-03 18:30:00,321.20001220703125,321.3599853515625,321.010009765625,321.0299987792969,26260
2026-02-03 18:35:00,321.010009765625,321.20001220703125,320.8117980957031,320.9200134277344,19835
2026-02-03 18:40:00,320.8900146484375,321.20001220703125,320.8399963378906,321.17999267578125,19343
2026-02-03 18:45:00,321.1499938964844,321.19000244140625,320.70001220703125,321.010009765625,39570
2026-02-03 18:50:00,321.0050048828125,321.0799865722656,320.2799987792969,320.6000061035156,39866
2026-02-03 18:55:00,320.55499267578125,320.5599975585937,319.5,319.94000244140625,46686
2026-02-03 19:00:00,319.989990234375,320.4700012207031,319.6400146484375,319.6639099121094,26287
2026-02-03 19:05:00,319.6300048828125,320.19000244140625,319.54998779296875,319.6099853515625,42208
2026-02-03 19:10:00,319.6400146484375,319.8598937988281,319.4700012207031,319.5400085449219,19650
2026-02-03 19:15:00,319.5050048828125,319.77349853515625,319.33160400390625,319.5899963378906,37159
2026-02-03 19:20:00,319.5487060546875,319.9700012207031,319.4527893066406,319.8099975585937,19547
2026-02-03 19:25:00,319.8099975585937,320.1300048828125,319.8099975585937,320.0849914550781,20569
2026-02-03 19:30:00,320.0599975585937,320.4100036621094,319.9649963378906,319.9649963378906,21041
2026-02-03 19:35:00,319.9892883300781,320.2099914550781,319.7099914550781,319.8800048828125,17074
2026-02-03 19:40:00,319.94000244140625,320.20001220703125,319.8800048828125,319.989990234375,18432
2026-02-03 19:45:00,319.989990234375,320.07000732421875,319.8399963378906,319.9599914550781,22619
2026-02-03 19:50:00,319.9700012207031,320.0599975585937,319.80499267578125,319.9150085449219,21761
2026-02-03 19:55:00,319.9100036621094,320.0,319.6600036621094,319.9100036621094,24037
2026-02-03 20:00:00,319.9100036621094,320.1300048828125,319.760009765625,320.00152587890625,25462
2026-02-03 20:05:00,320.0199890136719,320.2799987792969,319.95001220703125,320.17999267578125,19256
2026-02-03 20:10:00,320.17999267578125,320.3500061035156,320.1300048828125,320.1300048828125,17260
2026-02-03 20:15:00,320.04998779296875,320.239990234375,319.8099975585937,319.9800109863281,26738
2026-02-03 20:20:00,319.9849853515625,320.0599975585937,319.8099975585937,320.0299987792969,24588
2026-02-03 20:25:00,320.0599975585937,320.2200012207031,319.92999267578125,320.07501220703125,25374
2026-02-03 20:30:00,320.07000732421875,320.5899963378906,320.07000732421875,320.5899963378906,45535
2026-02-03 20:35:00,320.6300048828125,320.760009765625,320.57000732421875,320.739990234375,44702
2026-02-03 20:40:00,320.7099914550781,320.79998779296875,320.489990234375,320.6400146484375,41408
2026-02-03 20:45:00,320.6700134277344,320.70001220703125,320.3500061035156,320.510009765625,81203
2026-02-03 20:50:00,320.489990234375,320.7900085449219,320.1549987792969,320.2300109863281,75671
2026-02-03 20:55:00,320.2300109863281,320.239990234375,319.3399963378906,319.3800048828125,290599
2026-02-04 14:30:00,321.1099853515625,322.29998779296875,319.760009765625,319.8599853515625,65465
2026-02-04 14:35:00,319.7200012207031,320.8500061035156,319.7001037597656,320.20001220703125,41442
2026-02-04 14:40:00,320.21929931640625,321.9800109863281,320.1000061035156,320.8500061035156,47543
2026-02-04 14:45:00,321.07000732421875,321.70001220703125,320.625,321.57000732421875,68416
2026-02-04 14:50:00,321.44000244140625,322.8680114746094,321.260009765625,322.6000061035156,35620
2026-02-04 14:55:00,322.6199951171875,322.9100036621094,321.6700134277344,321.6700134277344,68936
2026-02-04 15:00:00,321.57501220703125,322.0899963378906,321.4800109863281,321.8500061035156,60455
2026-02-04 15:05:00,321.75,322.3548889160156,321.4200134277344,321.4949951171875,53531
2026-02-04 15:10:00,321.5199890136719,321.69000244140625,321.07000732421875,321.50201416015625,61058
2026-02-04 15:15:00,321.5057067871094,322.4599914550781,320.94000244140625,322.3500061035156,41243
2026-02-04 15:20:00,322.17999267578125,323.0668029785156,322.17999267578125,322.6499938964844,37769
2026-02-04 15:25:00,322.6499938964844,323.0899963378906,322.0950012207031,323.0,35253
2026-02-04 15:30:00,323.04998779296875,323.69000244140625,322.8699951171875,323.4549865722656,38086
2026-02-04 15:35:00,323.3900146484375,323.70001220703125,322.9224853515625,323.0899963378906,62788
2026-02-04 15:40:00,323.1700134277344,323.2452087402344,322.3800048828125,322.5599975585937,41072
2026-02-04 15:45:00,322.5799865722656,322.8900146484375,322.4700012207031,322.8349914550781,33159
2026-02-04 15:50:00,322.9100036621094,323.1300048828125,322.55499267578125,323.0299987792969,21343
2026-02-04 15:55:00,323.0799865722656,323.8800048828125,323.0799865722656,323.8699951171875,33205
2026-02-04 16:00:00,323.8599853515625,324.3999938964844,323.8399963378906,324.25,57472
2026-02-04 16:05:00,324.2699890136719,324.4200134277344,323.7049865722656,323.9349975585937,49699
2026-02-04 16:10:00,323.9700012207031,324.5,323.8399963378906,324.4349975585937,47035
2026-02-04 16:15:00,324.4349975585937,324.9200134277344,324.340087890625,324.7601013183594,47047
2026-02-04 16:20:00,324.75,324.8599853515625,324.4211120605469,324.80499267578125,37712
2026-02-04 16:25:00,324.8099975585937,325.32000732421875,324.70001220703125,325.1499938964844,74050
2026-02-04 16:30:00,325.1400146484375,325.614990234375,325.0799865722656,325.4306030273437,28594
2026-02-04 16:35:00,325.5299987792969,325.7349853515625,325.39129638671875,325.7349853515625,31873
2026-02-04 16:40:00,325.7265930175781,326.1700134277344,325.5199890136719,326.0599975585937,64729
2026-02-04 16:45:00,326.0599975585937,326.57501220703125,326.0299987792969,326.3500061035156,51204
2026-02-04 16:50:00,326.3710021972656,326.4649963378906,325.92999267578125,326.00469970703125,44776
2026-02-04 16:55:00,326.0299987792969,326.0849914550781,325.3500061035156,325.6849975585937,38802
2026-02-04 17:00:00,325.6849975585937,325.739990234375,325.3399963378906,325.4750061035156,43924
2026-02-04 17:05:00,325.4974975585937,325.8099975585937,325.4750061035156,325.7449951171875,24865
2026-02-04 17:10:00,325.7449951171875,325.885009765625,325.6000061035156,325.70001220703125,26208
2026-02-04 17:15:00,325.739990234375,325.95001220703125,325.6300964355469,325.760009765625,18081
2026-02-04 17:20:00,325.7900085449219,326.3550109863281,325.69000244140625,326.3550109863281,38713
2026-02-04 17:25:00,326.2850036621094,326.5400085449219,326.0,326.1000061035156,54090
2026-02-04 17:30:00,326.06500244140625,326.3399963378906,325.8800048828125,325.92498779296875,30211
2026-02-04 17:35:00,325.8800048828125,326.2200012207031,325.739990234375,326.0599975585937,28851
2026-02-04 17:40:00,326.0599975585937,326.19500732421875,325.7200012207031,326.19500732421875,25508
2026-02-04 17:45:00,326.20001220703125,326.94500732421875,326.1000061035156,326.8399963378906,34726
2026-02-04 17:50:00,326.8349914550781,326.8349914550781,326.25,326.3399963378906,23443
2026-02-04 17:55:00,326.3900146484375,326.4700012207031,326.0799865722656,326.1600036621094,26532
2026-02-04 18:00:00,326.1000061035156,326.17999267578125,325.7699890136719,325.8349914550781,49925
2026-02-04 18:05:00,325.8299865722656,325.92999267578125,325.5249938964844,325.7300109863281,68387
2026-02-04 18:10:00,325.7349853515625,325.7799987792969,325.42498779296875,325.6549987792969,26833
2026-02-04 18:15:00,325.69000244140625,325.82000732421875,325.45001220703125,325.4949951171875,33165
2026-02-04 18:20:00,325.4949951171875,325.79998779296875,325.4949951171875,325.7196044921875,22127
2026-02-04 18:25:00,325.75,325.95001220703125,325.1199951171875,325.3550109863281,44459
2026-02-04 18:30:00,325.3699951171875,325.489990234375,324.9700012207031,325.04998779296875,25557
2026-02-04 18:35:00,325.05499267578125,325.1199951171875,324.5950012207031,325.05499267578125,37875
2026-02-04 18:40:00,325.1400146484375,325.2674865722656,324.5799865722656,324.6000061035156,35048
2026-02-04 18:45:00,324.69000244140625,325.0799865722656,324.4599914550781,325.0050048828125,38957
2026-02-04 18:50:00,324.94000244140625,324.94989013671875,324.67999267578125,324.739990234375,22090
2026-02-04 18:55:00,324.7900085449219,325.0400085449219,324.45001220703125,324.6400146484375,38388
2026-02-04 19:00:00,324.82501220703125,324.8500061035156,324.45001220703125,324.6199951171875,32714
2026-02-04 19:05:00,324.6000061035156,324.6499938964844,323.9349975585937,324.57000732421875,47429
2026-02-04 19:10:00,324.510009765625,324.6449890136719,324.3500061035156,324.3949890136719,34101
2026-02-04 19:15:00,324.42999267578125,324.42999267578125,323.9100036621094,323.9150085449219,29385
2026-02-04 19:20:00,323.8800048828125,324.17999267578125,323.8099975585937,324.1199035644531,19878
2026-02-04 19:25:00,324.010009765625,324.1098937988281,323.75,323.7749938964844,26278
2026-02-04 19:30:00,323.7749938964844,323.7749938964844,323.0375061035156,323.114990234375,34139
2026-02-04 19:35:00,323.1099853515625,323.6600036621094,322.94000244140625,323.4599914550781,42289
2026-02-04 19:40:00,323.5799865722656,323.6199951171875,323.01251220703125,323.3500061035156,67749
2026-02-04 19:45:00,323.3500061035156,323.7300109863281,323.1000061035156,323.385009765625,47411
2026-02-04 19:50:00,323.4100036621094,323.4100036621094,323.1199951171875,323.17498779296875,31841
2026-02-04 19:55:00,323.1099853515625,323.1700134277344,322.45001220703125,322.4599914550781,43395
2026-02-04 20:00:00,322.4649963378906,322.4800109863281,322.07000732421875,322.44000244140625,38586
2026-02-04 20:05:00,322.4150085449219,322.95001220703125,322.1099853515625,322.739990234375,52248
2026-02-04 20:10:00,322.7300109863281,323.1059875488281,322.3800048828125,323.0400085449219,32527
2026-02-04 20:15:00,323.1000061035156,323.1499938964844,322.6025085449219,322.6300048828125,39364
2026-02-04 20:20:00,322.6650085449219,322.7900085449219,322.2699890136719,322.6849975585937,37982
2026-02-04 20:25:00,322.67999267578125,322.8450012207031,322.5599975585937,322.7300109863281,29587
2026-02-04 20:30:00,322.70001220703125,323.010009765625,322.70001220703125,322.8999938964844,40509
2026-02-04 20:35:00,322.8999938964844,323.1099853515625,322.8149108886719,322.9549865722656,46133
2026-02-04 20:40:00,322.9549865722656,322.9599914550781,322.70001220703125,322.8500061035156,37004
2026-02-04 20:45:00,322.8500061035156,323.2355041503906,322.79998779296875,323.07000732421875,77144
2026-02-04 20:50:00,323.1099853515625,323.29998779296875,322.760009765625,322.8099975585937,96502
2026-02-04 20:55:00,322.8299865722656,323.6400146484375,322.7300109863281,323.489990234375,285515
2026-02-05 14:30:00,325.0799865722656,327.5599975585937,324.9049987792969,326.75,339661
2026-02-05 14:35:00,326.7898864746094,326.8299865722656,324.1600036621094,324.17498779296875,80096
2026-02-05 14:40:00,324.1593017578125,324.92999267578125,323.70001220703125,323.7099914550781,72056
2026-02-05 14:45:00,323.8699951171875,324.3999938964844,323.70001220703125,324.0574951171875,44452
2026-02-05 14:50:00,324.239990234375,325.1000061035156,324.17498779296875,325.0199890136719,24597
2026-02-05 14:55:00,324.94000244140625,325.3900146484375,324.6549987792969,325.2349853515625,29537
2026-02-05 15:00:00,325.3800048828125,326.4440002441406,325.0899963378906,326.1836853027344,37774
2026-02-05 15:05:00,326.1099853515625,326.4599914550781,325.8110046386719,325.9549865722656,40326
2026-02-05 15:10:00,326.0899963378906,327.3999938964844,326.0899963378906,327.25,34309
2026-02-05 15:15:00,327.3299865722656,327.5599975585937,326.7799987792969,327.375,78667
2026-02-05 15:20:00,327.375,327.4649963378906,326.7349853515625,326.82000732421875,41373
2026-02-05 15:25:00,326.8999938964844,327.54998779296875,326.8099975585937,327.3949890136719,56379
2026-02-05 15:30:00,327.5199890136719,328.0599975585937,327.2763977050781,327.42498779296875,63120
2026-02-05 15:35:00,327.42498779296875,327.75,327.0799865722656,327.1199951171875,29046
2026-02-05 15:40:00,327.135009765625,327.45001220703125,326.4549865722656,326.4549865722656,59413
2026-02-05 15:45:00,326.3699951171875,326.75,326.04998779296875,326.54998779296875,20711
2026-02-05 15:50:00,326.69000244140625,326.7699890136719,326.2099914550781,326.31500244140625,25827
2026-02-05 15:55:00,326.2950134277344,326.510009765625,325.3599853515625,325.4049987792969,34433
2026-02-05 16:00:00,325.3900146484375,325.7799987792969,325.2200012207031,325.6050109863281,30065
2026-02-05 16:05:00,325.6449890136719,325.8399963378906,325.19000244140625,325.7699890136719,21804
2026-02-05 16:10:00,325.69500732421875,325.7049865722656,325.1400146484375,325.4150085449219,24630
2026-02-05 16:15:00,325.4049987792969,325.6199951171875,324.8099975585937,324.8450012207031,29578
2026-02-05 16:20:00,324.885009765625,325.1099853515625,324.7900085449219,325.0,16993
2026-02-05 16:25:00,325.0350036621094,325.2300109863281,324.94000244140625,324.95001220703125,26876
2026-02-05 16:30:00,325.1099853515625,325.3450012207031,324.75,324.75,26586
2026-02-05 16:35:00,324.79998779296875,324.9599914550781,324.6499938964844,324.9599914550781,14205
2026-02-05 16:40:00,324.9700012207031,325.0433044433594,324.6199951171875,324.7799987792969,10116
2026-02-05 16:45:00,324.8800048828125,325.44000244140625,324.8800048828125,325.4100036621094,13823
2026-02-05 16:50:00,325.3800048828125,325.4200134277344,324.9549865722656,325.17999267578125,23209
2026-02-05 16:55:00,325.1300048828125,325.3999938964844,324.94000244140625,325.2099914550781,14396
2026-02-05 17:00:00,325.2099914550781,325.3699035644531,324.9800109863281,325.0060119628906,15664
2026-02-05 17:05:00,324.989990234375,325.0398864746094,324.7149963378906,324.9849853515625,19498
2026-02-05 17:10:00,324.989990234375,325.19000244140625,324.8099975585937,324.8900146484375,35584
2026-02-05 17:15:00,324.9100036621094,325.29998779296875,324.9100036621094,325.2699890136719,9641
2026-02-05 17:20:00,325.2699890136719,325.3399963378906,325.2001037597656,325.3399963378906,18148
2026-02-05 17:25:00,325.3299865722656,325.510009765625,325.2300109863281,325.4100036621094,17742
2026-02-05 17:30:00,325.42498779296875,325.8699951171875,325.3599853515625,325.739990234375,14109
2026-02-05 17:35:00,325.739990234375,325.81500244140625,325.4700927734375,325.6549987792969,15467
2026-02-05 17:40:00,325.6000061035156,326.2300109863281,325.6000061035156,326.0899963378906,29969
2026-02-05 17:45:00,326.0799865722656,326.17999267578125,325.7300109863281,325.7300109863281,71736
2026-02-05 17:50:00,325.82501220703125,325.92999267578125,325.5199890136719,325.739990234375,26149
2026-02-05 17:55:00,325.7575988769531,325.79998779296875,325.1000061035156,325.1549987792969,20586
2026-02-05 18:00:00,325.1099853515625,325.6199951171875,324.860107421875,325.0899963378906,48974
2026-02-05 18:05:00,325.0899963378906,325.3099975585937,324.95001220703125,325.114990234375,33278
2026-02-05 18:10:00,325.114990234375,325.4599914550781,324.6000061035156,324.82501220703125,40727
2026-02-05 18:15:00,324.8251037597656,324.94000244140625,324.7099914550781,324.8500061035156,20151
2026-02-05 18:20:00,324.8500061035156,324.8500061035156,324.6300048828125,324.7550048828125,17879
2026-02-05 18:25:00,324.7550048828125,324.8550109863281,324.3500061035156,324.4549865722656,18700
2026-02-05 18:30:00,324.45001220703125,324.5899963378906,324.4100036621094,324.5,15116
2026-02-05 18:35:00,324.5,324.5599975585937,324.2500915527344,324.42999267578125,14348
2026-02-05 18:40:00,324.42999267578125,324.5899963378906,324.29998779296875,324.3500061035156,17056
2026-02-05 18:45:00,324.3500061035156,324.45849609375,324.1600036621094,324.1700134277344,12362
2026-02-05 18:50:00,324.2049865722656,324.32000732421875,324.010009765625,324.010009765625,19033
2026-02-05 18:55:00,324.04998779296875,324.1600036621094,323.885009765625,324.0,14414
2026-02-05 19:00:00,323.9949951171875,324.17999267578125,323.9100036621094,323.9100036621094,21639
2026-02-05 19:05:00,323.9100036621094,324.17999267578125,323.8500061035156,324.0150146484375,34767
2026-02-05 19:10:00,324.0199890136719,324.4049987792969,324.0199890136719,324.3099975585937,17364
2026-02-05 19:15:00,324.29998779296875,324.44000244140625,324.20001220703125,324.3999938964844,18941
2026-02-05 19:20:00,324.4200134277344,324.6700134277344,324.3900146484375,324.5899963378906,15653
2026-02-05 19:25:00,324.6300048828125,324.9100036621094,324.6000061035156,324.9100036621094,16169
2026-02-05 19:30:00,324.95001220703125,325.19000244140625,324.7099914550781,324.8800048828125,49893
2026-02-05 19:35:00,324.87109375,324.8800048828125,324.1700134277344,324.19000244140625,24020
2026-02-05 19:40:00,324.19000244140625,324.7850036621094,324.1600036621094,324.7099914550781,39032
2026-02-05 19:45:00,324.6600036621094,324.875,324.6300048828125,324.69000244140625,26910
2026-02-05 19:50:00,324.69000244140625,325.0799865722656,324.44000244140625,325.0,74258
2026-02-05 19:55:00,324.9949951171875,325.1000061035156,324.6000061035156,324.6000061035156,46466
2026-02-05 20:00:00,324.6300048828125,324.7250061035156,324.3500061035156,324.3900146484375,19866
2026-02-05 20:05:00,324.3900146484375,324.5400085449219,323.79998779296875,323.875,50812
2026-02-05 20:10:00,323.8800048828125,323.889892578125,323.510009765625,323.7099914550781,21718
2026-02-05 20:15:00,323.70001220703125,324.0400085449219,323.57000732421875,324.0400085449219,42320
2026-02-05 20:20:00,324.0400085449219,324.160400390625,323.82000732421875,323.92498779296875,23028
2026-02-05 20:25:00,323.9200134277344,324.0506896972656,323.6700134277344,323.94000244140625,43349
2026-02-05 20:30:00,324.0050048828125,324.0899963378906,323.7300109863281,323.7749938964844,42027
2026-02-05 20:35:00,323.75,324.0050048828125,323.70001220703125,323.8599853515625,62794
2026-02-05 20:40:00,323.8599853515625,323.9349975585937,323.4150085449219,323.4800109863281,35624
2026-02-05 20:45:00,323.45001220703125,323.7799072265625,323.3099975585937,323.6473999023437,47064
2026-02-05 20:50:00,323.6400146484375,323.7383117675781,322.95001220703125,323.6000061035156,80190
2026-02-05 20:55:00,323.6050109863281,323.94000244140625,323.32000732421875,323.42999267578125,224240
2026-02-06 14:30:00,323.1400146484375,323.9800109863281,321.239990234375,322.2049865722656,124790
2026-02-06 14:35:00,322.4399108886719,323.95001220703125,322.2300109863281,323.625,32056
2026-02-06 14:40:00,323.60760498046875,325.0599975585937,323.5199890136719,323.8399963378906,40216
2026-02-06 14:45:00,323.8999938964844,324.3949890136719,323.45001220703125,324.1000061035156,48404
2026-02-06 14:50:00,324.114990234375,325.0,323.9100036621094,324.9454040527344,30210
2026-02-06 14:55:00,325.0,326.0450134277344,324.54998779296875,325.81500244140625,64520
2026-02-06 15:00:00,325.8099975585937,326.3699951171875,325.3900146484375,325.55499267578125,30559
2026-02-06 15:05:00,325.67999267578125,326.489990234375,325.5799865722656,326.1499938964844,22411
2026-02-06 15:10:00,326.1499938964844,326.70001220703125,325.95001220703125,326.1400146484375,26392
2026-02-06 15:15:00,326.0400085449219,326.2099914550781,325.489990234375,325.489990234375,22392
2026-02-06 15:20:00,325.44000244140625,325.69000244140625,324.7300109863281,325.4049987792969,30062
2026-02-06 15:25:00,325.2099914550781,325.3099975585937,324.8399963378906,325.04998779296875,14271
2026-02-06 15:40:00,324.92498779296875,324.989990234375,324.3500061035156,324.4164123535156,66726
2026-02-06 15:45:00,324.3099975585937,324.99810791015625,324.20001220703125,324.99810791015625,22664
2026-02-06 15:50:00,324.9599914550781,325.0299987792969,324.885009765625,324.94500732421875,11603
2026-02-06 15:55:00,325.6549987792969,325.6549987792969,325.5700988769531,325.6449890136719,36685
2026-02-06 16:00:00,325.4849853515625,325.5899963378906,325.4849853515625,325.5899963378906,34311
2026-02-06 16:05:00,325.510009765625,325.82000732421875,325.4100036621094,325.82000732421875,35531
2026-02-06 16:10:00,325.8599853515625,325.8599853515625,325.489990234375,325.6000061035156,18344
2026-02-06 16:15:00,325.6600036621094,325.70001220703125,325.4800109863281,325.6499938964844,17856
2026-02-06 16:20:00,325.625,325.9200134277344,325.5599975585937,325.7749938964844,25916
2026-02-06 16:25:00,325.7749938964844,326.0199890136719,325.7474975585937,325.7748107910156,23221
2026-02-06 16:30:00,325.82000732421875,326.44000244140625,325.760009765625,326.3900146484375,27258
2026-02-06 16:35:00,326.3500061035156,326.57501220703125,326.239990234375,326.4200134277344,21735
2026-02-06 16:40:00,326.3900146484375,326.92999267578125,326.3699951171875,326.82501220703125,24275
2026-02-06 16:45:00,326.8800048828125,326.9599914550781,326.5950012207031,326.7099914550781,23860
2026-02-06 16:50:00,326.7049865722656,326.7799987792969,326.4599914550781,326.4599914550781,22736
2026-02-06 16:55:00,326.45001220703125,326.50799560546875,325.8599853515625,326.0299987792969,43375
2026-02-06 17:00:00,326.0899963378906,326.5,325.8599853515625,326.1849975585937,28973
2026-02-06 17:05:00,326.1199951171875,326.625,326.04998779296875,326.5675048828125,23872
2026-02-06 17:10:00,326.5799865722656,326.69000244140625,326.1300048828125,326.2449951171875,26372
2026-02-06 17:15:00,326.20220947265625,326.3580017089844,326.010009765625,326.1199951171875,12418
2026-02-06 17:20:00,326.0849914550781,326.17999267578125,325.9800109863281,325.9800109863281,19025
2026-02-06 17:25:00,325.9700012207031,326.17999267578125,325.9100036621094,326.1099853515625,23174
2026-02-06 17:30:00,326.1199951171875,326.2300109863281,325.8125,325.989990234375,37235
2026-02-06 17:35:00,325.9649963378906,326.2550048828125,325.8599853515625,326.1600036621094,11490
2026-02-06 17:40:00,326.1449890136719,326.197509765625,325.8099975585937,326.0,18799
2026-02-06 17:45:00,326.0599975585937,326.44000244140625,326.0599975585937,326.3599853515625,47270
2026-02-06 17:50:00,326.3599853515625,326.67999267578125,326.2200012207031,326.29998779296875,12059
2026-02-06 17:55:00,326.2099914550781,326.25,326.0950012207031,326.1099853515625,15560
2026-02-06 18:00:00,326.04998779296875,326.1099853515625,325.739990234375,325.8800048828125,16506
2026-02-06 18:05:00,325.8500061035156,326.0799865722656,325.537109375,326.0299987792969,19972
2026-02-06 18:10:00,325.989990234375,326.1499938964844,325.8399963378906,326.1050109863281,12251
2026-02-06 18:15:00,326.0924987792969,326.3099975585937,326.0400085449219,326.2900085449219,11863
2026-02-06 18:20:00,326.19000244140625,326.3450012207031,326.1099853515625,326.29998779296875,19955
2026-02-06 18:25:00,326.2774963378906,326.6600036621094,326.2300109863281,326.6300048828125,13335
2026-02-06 18:30:00,326.5799865722656,326.94000244140625,326.57000732421875,326.8800048828125,19824
2026-02-06 18:35:00,326.8900146484375,326.94000244140625,326.4849853515625,326.5899963378906,14157
2026-02-06 18:40:00,326.609130859375,326.6400146484375,326.44000244140625,326.4599914550781,9068
2026-02-06 18:45:00,326.4700012207031,326.6874084472656,326.4599914550781,326.67999267578125,10666
2026-02-06 18:50:00,326.6700134277344,326.7200012207031,326.4800109863281,326.510009765625,12253
2026-02-06 18:55:00,326.5150146484375,326.5150146484375,326.2699890136719,326.3800048828125,17889
2026-02-06 19:00:00,326.45001220703125,326.6000061035156,326.4219055175781,326.4822082519531,16764
2026-02-06 19:05:00,326.45001220703125,326.6700134277344,326.1596984863281,326.5899963378906,27290
2026-02-06 19:10:00,326.5899963378906,326.6199035644531,326.3450012207031,326.4849853515625,14346
2026-02-06 19:15:00,326.41070556640625,326.4800109863281,326.29998779296875,326.3399963378906,20297
2026-02-06 19:20:00,326.31500244140625,326.6499938964844,326.30499267578125,326.3999938964844,13624
2026-02-06 19:25:00,326.3699951171875,326.4599914550781,326.29998779296875,326.4150085449219,8132
2026-02-06 19:30:00,326.4393920898437,326.4800109863281,326.1199951171875,326.239990234375,14994
2026-02-06 19:35:00,326.239990234375,326.3699951171875,326.1300048828125,326.1849975585937,16434
2026-02-06 19:40:00,326.1499938964844,326.2900085449219,326.010009765625,326.1199951171875,23892
2026-02-06 19:45:00,326.1300048828125,326.42999267578125,326.1300048828125,326.3900146484375,18307
2026-02-06 19:50:00,326.3500061035156,326.3900146484375,326.2099914550781,326.3399963378906,14009
2026-02-06 19:55:00,326.3699951171875,326.5,326.3099975585937,326.4649963378906,14551
2026-02-06 20:00:00,326.4649963378906,326.6000061035156,326.42999267578125,326.54998779296875,11085
2026-02-06 20:05:00,326.54998779296875,326.5599060058594,326.0299987792969,326.0299987792969,15974
2026-02-06 20:10:00,326.1097106933594,326.1199035644531,325.8599853515625,325.8599853515625,14234
2026-02-06 20:15:00,325.8599853515625,325.9100036621094,325.6099853515625,325.67999267578125,24035
2026-02-06 20:20:00,325.67999267578125,326.1099853515625,325.67498779296875,325.9800109863281,35384
2026-02-06 20:25:00,326.0,326.2699890136719,325.85009765625,326.2200012207031,25845
2026-02-06 20:30:00,326.29998779296875,326.5899963378906,326.2799987792969,326.4798889160156,32789
2026-02-06 20:35:00,326.5,326.75,326.2300109863281,326.552490234375,55608
2026-02-06 20:40:00,326.614990234375,326.6990051269531,326.44000244140625,326.6990051269531,37103
2026-02-06 20:45:00,326.6878967285156,326.8299865722656,326.54998779296875,326.79998779296875,55565
2026-02-06 20:50:00,326.79998779296875,327.5,326.79998779296875,327.4100036621094,112447
2026-02-06 20:55:00,327.45001220703125,327.5400085449219,327.0400085449219,327.04998779296875,243571
2026-02-09 14:30:00,325.94000244140625,327.32000732421875,325.32000732421875,326.6400146484375,98436
2026-02-09 14:35:00,326.6400146484375,327.239990234375,325.0199890136719,325.1000061035156,36787
2026-02-09 14:40:00,325.1650085449219,325.260009765625,324.010009765625,324.3399963378906,51679
2026-02-09 14:45:00,324.2850036621094,324.7149963378906,323.17999267578125,323.81500244140625,41317
2026-02-09 14:50:00,323.81500244140625,324.4424133300781,323.6499938964844,324.3399963378906,23616
2026-02-09 14:55:00,324.2300109863281,325.2799987792969,323.8900146484375,325.0,22819
2026-02-09 15:00:00,325.0299987792969,325.3299865722656,324.8599853515625,325.25,26894
2026-02-09 15:05:00,325.1499938964844,325.19000244140625,324.5,324.7300109863281,29506
2026-02-09 15:10:00,324.67999267578125,324.8699951171875,324.260009765625,324.69000244140625,34911
2026-02-09 15:15:00,324.760009765625,325.55499267578125,324.6600036621094,325.25,25827
2026-02-09 15:20:00,325.31500244140625,325.6650085449219,325.17999267578125,325.5199890136719,21764
2026-02-09 15:25:00,325.5849914550781,325.9599914550781,325.5199890136719,325.9049987792969,16932
2026-02-09 15:30:00,325.885009765625,326.0,325.54998779296875,325.70001220703125,29723
2026-02-09 15:35:00,325.7650146484375,326.1000061035156,325.70001220703125,325.92999267578125,25716
2026-02-09 15:40:00,325.9349975585937,326.0199890136719,325.510009765625,325.5599975585937,15386
2026-02-09 15:45:00,325.5849914550781,325.5849914550781,324.9349060058594,325.07000732421875,18546
2026-02-09 15:50:00,325.0849914550781,325.3900146484375,325.0,325.0599975585937,15863
2026-02-09 15:55:00,325.0599975585937,325.2200012207031,324.8599853515625,325.1400146484375,29180
2026-02-09 16:00:00,325.1942138671875,325.3599853515625,324.860107421875,324.8699951171875,18387
2026-02-09 16:05:00,324.79998779296875,324.989990234375,324.7650146484375,324.8599853515625,21085
2026-02-09 16:10:00,324.9049987792969,325.04998779296875,324.3100891113281,324.44000244140625,21102
2026-02-09 16:15:00,324.42999267578125,324.6199951171875,324.2809143066406,324.6099853515625,21490
2026-02-09 16:20:00,324.6099853515625,324.8900146484375,324.5899963378906,324.8450012207031,25571
2026-02-09 16:25:00,324.8900146484375,325.0,324.4849853515625,324.79998779296875,29367
2026-02-09 16:30:00,324.8599853515625,324.8599853515625,324.44171142578125,324.6849975585937,14644
2026-02-09 16:35:00,324.69000244140625,324.7799987792969,324.5400085449219,324.7149963378906,13403
2026-02-09 16:40:00,324.7200012207031,324.9800109863281,324.67999267578125,324.875,18648
2026-02-09 16:45:00,324.8699951171875,324.9599914550781,324.54998779296875,324.6000061035156,20492
2026-02-09 16:50:00,324.5,324.6499938964844,324.3399963378906,324.5799865722656,15979
2026-02-09 16:55:00,324.5899963378906,324.6549987792969,324.29998779296875,324.3599853515625,21419
2026-02-09 17:00:00,324.3399963378906,324.6000061035156,324.1700134277344,324.3099975585937,21009
2026-02-09 17:05:00,324.2900085449219,324.3099975585937,323.70001220703125,323.81500244140625,16370
2026-02-09 17:10:00,323.7799987792969,323.92999267578125,323.69000244140625,323.9100036621094,18806
2026-02-09 17:15:00,323.9100036621094,323.947509765625,323.6499938964844,323.7049865722656,22687
2026-02-09 17:20:00,323.7250061035156,324.1600036621094,323.7250061035156,324.1199951171875,22630
2026-02-09 17:25:00,324.1000061035156,324.8900146484375,324.0199890136719,324.7250061035156,55072
2026-02-09 17:30:00,324.7250061035156,324.822509765625,324.510009765625,324.822509765625,37907
2026-02-09 17:35:00,324.7799987792969,324.8949890136719,324.6199951171875,324.6199951171875,28188
2026-02-09 17:40:00,324.7049865722656,324.9700012207031,324.7049865722656,324.94000244140625,10542
2026-02-09 17:45:00,324.94000244140625,325.0799865722656,324.94000244140625,324.9960021972656,21758
2026-02-09 17:50:00,324.989990234375,325.1700134277344,324.8974914550781,325.0899963378906,21500
2026-02-09 17:55:00,325.1499938964844,325.1875,324.9100036621094,324.9200134277344,17841
2026-02-09 18:00:00,324.95001220703125,325.19000244140625,324.9200134277344,325.1199951171875,27867
2026-02-09 18:05:00,325.1000061035156,325.2099914550781,325.07000732421875,325.114990234375,17586
2026-02-09 18:10:00,325.1300048828125,325.1300048828125,324.7900085449219,325.0,20108
2026-02-09 18:15:00,325.0,325.0899963378906,324.9100036621094,325.0599975585937,35360
2026-02-09 18:20:00,325.05499267578125,325.2900085449219,324.94000244140625,325.260009765625,29520
2026-02-09 18:25:00,325.2349853515625,325.29998779296875,325.07000732421875,325.1000061035156,17437
2026-02-09 18:30:00,325.1099853515625,325.4100036621094,325.0599975585937,325.32000732421875,25880
2026-02-09 18:35:00,325.32000732421875,325.3800048828125,324.875,325.1000061035156,18438
2026-02-09 18:40:00,325.1499938964844,325.17498779296875,324.760009765625,324.7799987792969,14941
2026-02-09 18:45:00,324.80499267578125,324.95001220703125,324.75,324.9049987792969,19416
2026-02-09 18:50:00,324.88629150390625,324.9700012207031,324.8500061035156,324.8500061035156,17603
2026-02-09 18:55:00,324.79998779296875,324.8999938964844,324.4700012207031,324.5599975585937,18413
2026-02-09 19:00:00,324.5950012207031,324.5950012207031,324.04998779296875,324.3800048828125,22441
2026-02-09 19:05:00,324.3900146484375,324.3900146484375,323.8599853515625,324.2049865722656,15904
2026-02-09 19:10:00,324.2049865722656,324.489990234375,324.1600036621094,324.37799072265625,23185
2026-02-09 19:15:00,324.4100036621094,324.7200012207031,324.4100036621094,324.6400146484375,14028
2026-02-09 19:20:00,324.6099853515625,324.7850036621094,324.54998779296875,324.6000061035156,16876
2026-02-09 19:25:00,324.6300048828125,324.7200012207031,324.489990234375,324.5350036621094,9453
2026-02-09 19:30:00,324.5350036621094,324.6449890136719,324.29998779296875,324.5150146484375,17624
2026-02-09 19:35:00,324.5846862792969,324.5846862792969,324.3599853515625,324.489990234375,11701
2026-02-09 19:40:00,324.4800109863281,324.6600036621094,324.4501037597656,324.5751037597656,47999
2026-02-09 19:45:00,324.5799865722656,324.6650085449219,324.5199890136719,324.6600036621094,11927
2026-02-09 19:50:00,324.6449890136719,324.69000244140625,324.57000732421875,324.614990234375,24849
2026-02-09 19:55:00,324.6000061035156,324.69000244140625,324.44000244140625,324.6700134277344,24567
2026-02-09 20:00:00,324.67999267578125,324.739990234375,324.56500244140625,324.635009765625,28473
2026-02-09 20:05:00,324.6099853515625,324.760009765625,324.489990234375,324.5450134277344,21946
2026-02-09 20:10:00,324.5899963378906,324.7099914550781,324.489990234375,324.54998779296875,18494
2026-02-09 20:15:00,324.54998779296875,324.625,324.3399963378906,324.5299987792969,24568
2026-02-09 20:20:00,324.5199890136719,324.7799987792969,324.42010498046875,324.7799987792969,28244
2026-02-09 20:25:00,324.7799987792969,324.8599853515625,324.6099853515625,324.6600036621094,28366
2026-02-09 20:30:00,324.6300048828125,324.7492980957031,324.4200134277344,324.4700012207031,37768
2026-02-09 20:35:00,324.45001220703125,324.7099914550781,324.4100036621094,324.7099914550781,45011
2026-02-09 20:40:00,324.7200012207031,324.8800048828125,324.6300048828125,324.8349914550781,35637
2026-02-09 20:45:00,324.8299865722656,325.260009765625,324.8299865722656,325.2099914550781,50051
2026-02-09 20:50:00,325.17999267578125,325.5799865722656,325.1499938964844,325.5050048828125,68363
2026-02-09 20:55:00,325.4800109863281,325.9200134277344,325.4200134277344,325.5400085449219,171025
2026-02-10 14:30:00,325.42999267578125,325.9700012207031,324.2699890136719,324.2699890136719,119698
2026-02-10 14:35:00,324.45001220703125,325.6499938964844,323.5050048828125,325.1400146484375,55503
2026-02-10 14:40:00,325.06500244140625,326.25,325.06500244140625,325.42999267578125,26538
2026-02-10 14:45:00,325.6600036621094,326.510009765625,325.5199890136719,326.3399963378906,16112
2026-02-10 14:50:00,326.3500061035156,326.6400146484375,325.760009765625,326.56500244140625,17199
2026-02-10 14:55:00,326.56500244140625,326.760009765625,326.17498779296875,326.5899963378906,26365
2026-02-10 15:00:00,326.6600036621094,326.6600036621094,325.7200012207031,326.17999267578125,23603
2026-02-10 15:05:00,326.2349853515625,326.2349853515625,325.3599853515625,325.54998779296875,14146
2026-02-10 15:10:00,325.4700012207031,325.92999267578125,325.3699951171875,325.67999267578125,16290
2026-02-10 15:15:00,325.6849975585937,325.8699951171875,325.4100036621094,325.7699890136719,14109
2026-02-10 15:20:00,325.8500061035156,325.8500061035156,325.5599975585937,325.6700134277344,24207
2026-02-10 15:25:00,325.70001220703125,325.70001220703125,325.1300048828125,325.5267028808594,38245
2026-02-10 15:30:00,325.5249938964844,325.7200927734375,325.1600952148437,325.2799987792969,29935
2026-02-10 15:35:00,325.31500244140625,325.31500244140625,324.69500732421875,324.885009765625,27944
2026-02-10 15:40:00,324.82000732421875,325.17999267578125,324.75,325.114990234375,17456
2026-02-10 15:45:00,325.125,325.20001220703125,324.8599853515625,325.1650085449219,19228
2026-02-10 15:50:00,325.2099914550781,325.93218994140625,325.0190124511719,325.93218994140625,18489
2026-02-10 15:55:00,325.8299865722656,326.2962951660156,325.6099853515625,325.8699951171875,20878
2026-02-10 16:00:00,325.8099975585937,325.8847961425781,325.4599914550781,325.82000732421875,20848
2026-02-10 16:05:00,325.8099975585937,326.04998779296875,325.739990234375,325.885009765625,20473
2026-02-10 16:10:00,325.885009765625,325.8949890136719,325.44000244140625,325.45001220703125,26432
2026-02-10 16:15:00,325.4949951171875,325.9200134277344,325.4949951171875,325.75,28662
2026-02-10 16:20:00,325.7200012207031,325.95001220703125,325.6000061035156,325.8349914550781,22904
2026-02-10 16:25:00,325.79998779296875,326.45001220703125,325.79998779296875,326.41070556640625,39878
2026-02-10 16:30:00,326.4599914550781,326.739990234375,326.1499938964844,326.25,17960
2026-02-10 16:35:00,326.2900085449219,326.4100036621094,326.2314147949219,326.3905029296875,14310
2026-02-10 16:40:00,326.3599853515625,326.56500244140625,326.30499267578125,326.3951110839844,11538
2026-02-10 16:45:00,326.3949890136719,326.4399108886719,326.1700134277344,326.2099914550781,11363
2026-02-10 16:50:00,326.1199951171875,326.2699890136719,325.989990234375,326.2699890136719,19486
2026-02-10 16:55:00,326.2001037597656,326.3599853515625,325.9700012207031,325.9800109863281,12588
2026-02-10 17:00:00,325.95001220703125,326.1199951171875,325.7699890136719,325.80621337890625,18633
2026-02-10 17:05:00,325.75,325.8599853515625,325.4599914550781,325.80499267578125,23712
2026-02-10 17:10:00,325.81500244140625,325.92999267578125,325.7099914550781,325.760009765625,15116
2026-02-10 17:15:00,325.760009765625,325.95001220703125,325.510009765625,325.55499267578125,21012
2026-02-10 17:20:00,325.55499267578125,325.6400146484375,325.239990234375,325.3099975585937,25588
2026-02-10 17:25:00,325.3500061035156,325.5050048828125,325.1000061035156,325.29998779296875,36840
2026-02-10 17:30:00,325.2799987792969,325.3984069824219,325.1000061035156,325.1111145019531,14594
2026-02-10 17:35:00,325.1099853515625,325.2799987792969,325.07000732421875,325.25,34987
2026-02-10 17:40:00,325.2099914550781,325.54998779296875,325.2099914550781,325.5199890136719,18971
2026-02-10 17:45:00,325.4949951171875,325.70001220703125,325.4599914550781,325.5599975585937,20494
2026-02-10 17:50:00,325.5299987792969,325.67999267578125,325.4349975585937,325.54998779296875,13535
2026-02-10 17:55:00,325.57501220703125,325.7550048828125,325.54998779296875,325.67999267578125,18401
2026-02-10 18:00:00,325.6600036621094,325.7300109863281,325.3999938964844,325.489990234375,17845
2026-02-10 18:05:00,325.4949951171875,325.6199951171875,325.3999938964844,325.5,12316
2026-02-10 18:10:00,325.510009765625,325.760009765625,325.489990234375,325.75,20362
2026-02-10 18:15:00,325.7300109863281,326.0,325.718505859375,325.9200134277344,17528
2026-02-10 18:20:00,325.92999267578125,326.1499938964844,325.92999267578125,326.0799865722656,18304
2026-02-10 18:25:00,326.1000061035156,326.54998779296875,326.1000061035156,326.489990234375,29536
2026-02-10 18:30:00,326.489990234375,326.75,326.489990234375,326.69500732421875,26174
2026-02-10 18:35:00,326.70001220703125,327.1593933105469,326.67999267578125,327.1199951171875,55667
2026-02-10 18:40:00,327.1050109863281,327.260009765625,327.0299987792969,327.17999267578125,72670
2026-02-10 18:45:00,327.2699890136719,327.5299987792969,327.135009765625,327.1499938964844,41581
2026-02-10 18:50:00,327.1000061035156,327.6600036621094,327.1000061035156,327.6300048828125,29655
2026-02-10 18:55:00,327.6050109863281,327.6099853515625,327.4200134277344,327.5799865722656,25406
2026-02-10 19:00:00,327.5400085449219,327.6099853515625,327.2699890136719,327.4200134277344,45859
2026-02-10 19:05:00,327.3999938964844,327.5400085449219,327.2699890136719,327.5199890136719,28071
2026-02-10 19:10:00,327.4800109863281,327.4800109863281,327.3247985839844,327.3247985839844,17069
2026-02-10 19:15:00,327.3099975585937,328.0,327.1700134277344,327.3699951171875,27047
2026-02-10 19:20:00,327.3699951171875,327.6300048828125,327.3500061035156,327.5400085449219,22752
2026-02-10 19:25:00,327.57000732421875,327.7099914550781,327.4599914550781,327.7099914550781,26378
2026-02-10 19:30:00,327.69000244140625,327.739990234375,327.4750061035156,327.5199890136719,31435
2026-02-10 19:35:00,327.489990234375,327.57000732421875,327.3949890136719,327.4349975585937,17895
2026-02-10 19:40:00,327.42498779296875,327.5199890136719,327.3800048828125,327.489990234375,36928
2026-02-10 19:45:00,327.5,327.55499267578125,327.3699951171875,327.3999938964844,25349
2026-02-10 19:50:00,327.43280029296875,327.5400085449219,327.1700134277344,327.2300109863281,34954
2026-02-10 19:55:00,327.2250061035156,327.2749938964844,326.9700012207031,327.0849914550781,21071
2026-02-10 20:00:00,327.07501220703125,327.1499938964844,326.7950134277344,326.8399963378906,22107
2026-02-10 20:05:00,326.8800048828125,327.0199890136719,326.7699890136719,327.010009765625,27820
2026-02-10 20:10:00,326.9949951171875,327.0599975585937,326.8800048828125,326.9599914550781,33313
2026-02-10 20:15:00,326.9849853515625,327.09991455078125,326.760009765625,326.8699951171875,55788
2026-02-10 20:20:00,326.8599853515625,326.9599914550781,326.45489501953125,326.6199951171875,42748
2026-02-10 20:25:00,326.6000061035156,326.7099914550781,326.510009765625,326.6650085449219,27625
2026-02-10 20:30:00,326.6700134277344,326.760009765625,326.3900146484375,326.4700012207031,50064
2026-02-10 20:35:00,326.44000244140625,326.7099914550781,326.3599853515625,326.67999267578125,45170
2026-02-10 20:40:00,326.6549987792969,326.7200012207031,326.3800048828125,326.5400085449219,78171
2026-02-10 20:45:00,326.5400085449219,327.0,326.510009765625,326.8949890136719,87408
2026-02-10 20:50:00,326.92999267578125,326.95001220703125,326.2799987792969,326.3699951171875,122279
2026-02-10 20:55:00,326.3299865722656,326.3999938964844,325.82000732421875,325.8900146484375,177794
2026-02-11 14:30:00,323.5799865722656,324.9999084472656,322.5199890136719,323.1199951171875,144223
2026-02-11 14:35:00,323.0328063964844,323.9599914550781,320.8099975585937,323.6300048828125,110876
2026-02-11 14:40:00,323.6868896484375,324.32000732421875,323.239990234375,323.5299987792969,59476
2026-02-11 14:45:00,323.4649963378906,324.1000061035156,323.0400085449219,323.2699890136719,55718
2026-02-11 14:50:00,323.260009765625,324.4599914550781,322.9700012207031,323.4599914550781,39541
2026-02-11 14:55:00,323.4549865722656,324.1099853515625,323.2701110839844,323.4949951171875,27544
2026-02-11 15:00:00,323.5599975585937,323.8500061035156,322.79998779296875,322.79998779296875,42566
2026-02-11 15:05:00,322.9049987792969,323.70001220703125,322.8399963378906,323.2200012207031,63812
2026-02-11 15:10:00,323.3299865722656,323.9200134277344,323.239990234375,323.260009765625,40303
2026-02-11 15:15:00,323.3599853515625,323.45001220703125,322.8099975585937,323.114990234375,41419
2026-02-11 15:20:00,323.1099853515625,323.4200134277344,322.6400146484375,322.7699890136719,40775
2026-02-11 15:25:00,322.9100036621094,323.2300109863281,322.5799865722656,322.7049865722656,26110
2026-02-11 15:30:00,322.8299865722656,322.95001220703125,322.364990234375,322.54998779296875,40880
2026-02-11 15:35:00,322.5050048828125,323.1000061035156,322.4100036621094,323.010009765625,44188
2026-02-11 15:40:00,322.989990234375,323.3299865722656,322.6000061035156,322.7049865722656,34936
2026-02-11 15:45:00,322.7049865722656,323.0350036621094,322.7049865722656,322.7950134277344,27145
2026-02-11 15:50:00,322.7950134277344,323.07000732421875,322.135009765625,322.25,28503
2026-02-11 15:55:00,322.110107421875,322.3699951171875,322.110107421875,322.2449951171875,33892
2026-02-11 16:00:00,322.20001220703125,322.8399963378906,322.1449890136719,322.6260986328125,33597
2026-02-11 16:05:00,322.6600036621094,323.2200012207031,322.6000061035156,322.94500732421875,21197
2026-02-11 16:10:00,322.9349975585937,323.3399963378906,322.8099975585937,322.8949890136719,42708
2026-02-11 16:15:00,322.8949890136719,322.989990234375,322.6499938964844,322.9200134277344,41396
2026-02-11 16:20:00,322.92999267578125,323.32989501953125,322.8999938964844,323.2550048828125,17639
2026-02-11 16:25:00,323.2550048828125,324.0,323.239990234375,323.7950134277344,39333
2026-02-11 16:30:00,323.81500244140625,324.17999267578125,323.4599914550781,324.1400146484375,32743
2026-02-11 16:35:00,324.1400146484375,324.54998779296875,324.05010986328125,324.3599853515625,23261
2026-02-11 16:40:00,324.3949890136719,324.739990234375,324.2799987792969,324.56500244140625,22843
2026-02-11 16:45:00,324.56500244140625,324.8599853515625,324.3800048828125,324.5950012207031,27606
2026-02-11 16:50:00,324.6199951171875,324.7799987792969,324.5,324.6650085449219,25341
2026-02-11 16:55:00,324.70001220703125,324.8599853515625,324.5,324.6700134277344,32763
2026-02-11 17:00:00,324.6099853515625,324.7699890136719,324.4800109863281,324.5599975585937,39780
2026-02-11 17:05:00,324.489990234375,324.6199951171875,324.29998779296875,324.29998779296875,31714
2026-02-11 17:10:00,324.32000732421875,324.3399963378906,323.9100036621094,323.9100036621094,26451
2026-02-11 17:15:00,323.9349975585937,324.364990234375,323.82501220703125,324.2200012207031,35086
2026-02-11 17:20:00,324.3099975585937,324.8949890136719,324.1875,324.489990234375,41785
2026-02-11 17:25:00,324.54998779296875,324.6199951171875,324.3500061035156,324.3949890136719,26535
2026-02-11 17:30:00,324.3500061035156,324.5599975585937,324.1449890136719,324.5599975585937,16189
2026-02-11 17:35:00,324.55499267578125,324.6199951171875,324.3501892089844,324.3800048828125,23109
2026-02-11 17:40:00,324.3800048828125,324.5,324.114990234375,324.2900085449219,24139
2026-02-11 17:45:00,324.260009765625,324.3500061035156,324.0199890136719,324.06500244140625,27746
2026-02-11 17:50:00,324.06500244140625,324.4100036621094,324.06500244140625,324.4100036621094,20748
2026-02-11 17:55:00,324.3800048828125,324.5799865722656,324.3500061035156,324.42999267578125,31177
2026-02-11 18:00:00,324.42999267578125,324.8099975585937,324.2250061035156,324.5899963378906,26877
2026-02-11 18:05:00,324.5400085449219,324.75,324.5050048828125,324.7149963378906,18052
2026-02-11 18:10:00,324.7149963378906,324.94000244140625,324.7149963378906,324.8500061035156,30721
2026-02-11 18:15:00,324.8500061035156,325.1700134277344,324.6424865722656,324.760009765625,76569
2026-02-11 18:20:00,324.739990234375,325.20001220703125,324.4700012207031,324.7900085449219,44577
2026-02-11 18:25:00,324.7900085449219,324.989990234375,324.55010986328125,324.6600036621094,17924
2026-02-11 18:30:00,324.6650085449219,325.010009765625,324.5,324.6499938964844,42214
2026-02-11 18:35:00,324.6600036621094,325.1300048828125,324.6600036621094,325.0,19926
2026-02-11 18:40:00,324.9599914550781,325.1099853515625,324.8074951171875,324.85699462890625,16447
2026-02-11 18:45:00,324.8349914550781,324.9100036621094,324.5249938964844,324.6600036621094,22596
2026-02-11 18:50:00,324.6600036621094,324.8399963378906,324.0299987792969,324.5950012207031,66159
2026-02-11 18:55:00,324.5199890136719,324.6300048828125,324.1000061035156,324.3175048828125,23887
2026-02-11 19:00:00,324.32501220703125,324.32501220703125,323.94110107421875,324.0849914550781,24306
2026-02-11 19:05:00,324.07000732421875,324.4649963378906,324.0299987792969,324.44000244140625,31354
2026-02-11 19:10:00,324.4548034667969,324.5199890136719,324.2149963378906,324.3999938964844,19707
2026-02-11 19:15:00,324.3999938964844,324.4700012207031,324.0450134277344,324.2099914550781,116069
2026-02-11 19:20:00,324.20001220703125,324.3599853515625,323.9849853515625,324.0199890136719,33990
2026-02-11 19:25:00,324.0599975585937,324.20001220703125,324.0,324.0899963378906,22435
2026-02-11 19:30:00,324.07501220703125,324.0899963378906,323.44500732421875,323.6700134277344,42364
2026-02-11 19:35:00,323.6700134277344,323.7799987792969,323.2500915527344,323.2500915527344,36219
2026-02-11 19:40:00,323.2900085449219,323.4750061035156,323.1499938964844,323.2200012207031,34277
2026-02-11 19:45:00,323.1849975585937,323.489990234375,322.9549865722656,323.07501220703125,36077
2026-02-11 19:50:00,323.1000061035156,323.3699951171875,322.7200012207031,323.2749938964844,40558
2026-02-11 19:55:00,323.1801147460937,323.3699035644531,322.9809875488281,323.1199951171875,36047
2026-02-11 20:00:00,323.1099853515625,323.32000732421875,322.9599914550781,323.0299987792969,30091
2026-02-11 20:05:00,323.0307922363281,323.42999267578125,323.0,323.385009765625,29669
2026-02-11 20:10:00,323.3949890136719,323.6499938964844,323.2550048828125,323.56500244140625,31474
2026-02-11 20:15:00,323.5599975585937,323.7699890136719,323.42498779296875,323.5899963378906,32256
2026-02-11 20:20:00,323.6099853515625,323.94000244140625,323.5899963378906,323.7799987792969,28638
2026-02-11 20:25:00,323.8099975585937,324.0,323.6099853515625,323.69000244140625,44180
2026-02-11 20:30:00,323.7200012207031,324.5,323.6499938964844,323.8500061035156,113149
2026-02-11 20:35:00,323.9100036621094,324.0299987792969,323.17999267578125,323.3450012207031,60673
2026-02-11 20:40:00,323.3999938964844,323.5599975585937,323.1199951171875,323.1700134277344,97871
2026-02-11 20:45:00,323.1300048828125,323.2049865722656,322.4049987792969,323.0299987792969,127051
2026-02-11 20:50:00,323.010009765625,323.0899963378906,322.1499938964844,322.70001220703125,177271
2026-02-11 20:55:00,322.6700134277344,323.4800109863281,322.6099853515625,323.25,312300
2026-02-12 14:30:00,329.8299865722656,333.3800048828125,326.4700012207031,328.239990234375,431587
2026-02-12 14:35:00,327.75,328.0299987792969,324.739013671875,324.739013671875,102391
2026-02-12 14:40:00,324.9599914550781,324.9599914550781,321.4549865722656,321.885009765625,117044
2026-02-12 14:45:00,321.5199890136719,322.989990234375,320.3599853515625,321.1199951171875,110014
2026-02-12 14:50:00,321.19500732421875,321.8900146484375,320.1499938964844,320.7900085449219,164525
2026-02-12 14:55:00,320.7850036621094,324.25,320.7850036621094,324.1600036621094,160468
2026-02-12 15:00:00,323.8800048828125,324.8599853515625,322.67999267578125,323.7049865722656,65411
2026-02-12 15:05:00,323.69500732421875,323.7427978515625,322.1199951171875,323.125,49704
2026-02-12 15:10:00,323.0201110839844,324.1199951171875,322.5,323.90008544921875,51316
2026-02-12 15:15:00,324.1199951171875,326.239990234375,323.5199890136719,326.1449890136719,61483
2026-02-12 15:20:00,326.22479248046875,327.0,325.8900146484375,326.1300048828125,85822
2026-02-12 15:25:00,325.9700012207031,326.6698913574219,325.82000732421875,326.5599975585937,62695
2026-02-12 15:30:00,326.5,327.8599853515625,325.7900085449219,327.69000244140625,101851
2026-02-12 15:35:00,327.69500732421875,327.8699951171875,326.7690124511719,327.8099060058594,86902
2026-02-12 15:40:00,327.8099975585937,328.1099853515625,327.0899963378906,327.42498779296875,46323
2026-02-12 15:45:00,327.4800109863281,329.1000061035156,327.2550048828125,328.8699951171875,77745
2026-02-12 15:50:00,328.82000732421875,330.7300109863281,328.5249938964844,330.44000244140625,142268
2026-02-12 15:55:00,330.2149963378906,330.510009765625,328.69000244140625,330.510009765625,80634
2026-02-12 16:00:00,330.6000061035156,330.739990234375,329.20001220703125,329.8349914550781,72067
2026-02-12 16:05:00,329.8349914550781,330.8500061035156,329.5299987792969,330.385986328125,58451
2026-02-12 16:10:00,330.5400085449219,330.5400085449219,329.1600036621094,329.70001220703125,68546
2026-02-12 16:15:00,329.6700134277344,329.6700134277344,328.6849975585937,328.69000244140625,56096
2026-02-12 16:20:00,328.6849975585937,328.8999938964844,327.9700012207031,328.6650085449219,124611
2026-02-12 16:25:00,328.6650085449219,329.8900146484375,328.4100036621094,329.7200012207031,107723
2026-02-12 16:30:00,329.7200012207031,331.4399108886719,329.60009765625,330.8800048828125,100778
2026-02-12 16:35:00,330.7900085449219,330.885009765625,329.4800109863281,329.635009765625,67121
2026-02-12 16:40:00,329.6400146484375,329.989990234375,329.1300048828125,329.81500244140625,47769
2026-02-12 16:45:00,329.79998779296875,329.8699951171875,329.32000732421875,329.4700012207031,34919
2026-02-12 16:50:00,329.4599914550781,330.1499938964844,329.3699951171875,330.0450134277344,37627
2026-02-12 16:55:00,329.9700012207031,330.7200012207031,329.8099975585937,330.3399963378906,37918
2026-02-12 17:00:00,330.2900085449219,331.1499938964844,330.0199890136719,331.0,45305
2026-02-12 17:05:00,331.0050048828125,331.989990234375,330.9100036621094,331.7749938964844,52477
2026-02-12 17:10:00,331.7749938964844,332.6499938964844,331.5599975585937,332.6499938964844,88599
2026-02-12 17:15:00,332.5849914550781,332.6400146484375,331.5799865722656,331.5899963378906,49316
2026-02-12 17:20:00,331.5950012207031,332.17999267578125,330.8999938964844,331.4849853515625,59589
2026-02-12 17:25:00,331.54998779296875,332.760009765625,331.465087890625,332.2799987792969,106542
2026-02-12 17:30:00,332.2799987792969,332.29998779296875,331.2749938964844,331.43560791015625,48714
2026-02-12 17:35:00,331.5,332.0,331.04998779296875,331.6050109863281,69511
2026-02-12 17:40:00,331.6050109863281,331.7699890136719,330.1499938964844,330.20001220703125,27441
2026-02-12 17:45:00,330.3299865722656,330.6400146484375,329.6400146484375,329.7001037597656,30285
2026-02-12 17:50:00,329.8399963378906,331.0,329.3800048828125,330.95001220703125,47324
2026-02-12 17:55:00,330.94000244140625,331.0299987792969,330.4601135253906,330.6849975585937,44353
2026-02-12 18:00:00,330.7699890136719,330.8909912109375,330.2300109863281,330.29998779296875,51303
2026-02-12 18:05:00,330.3999938964844,330.8500061035156,329.95001220703125,330.7550048828125,38552
2026-02-12 18:10:00,330.7550048828125,331.4800109863281,330.57000732421875,331.44500732421875,47504
2026-02-12 18:15:00,331.3900146484375,331.7200012207031,331.260009765625,331.42999267578125,34867
2026-02-12 18:20:00,331.42999267578125,331.54998779296875,330.8999938964844,331.0050048828125,28467
2026-02-12 18:25:00,330.9700012207031,331.32000732421875,330.5199890136719,330.9800109863281,47665
2026-02-12 18:30:00,330.9700012207031,331.3389892578125,330.2550048828125,330.5400085449219,42531
2026-02-12 18:35:00,330.57000732421875,330.7799987792969,329.8713073730469,330.70001220703125,34328
2026-02-12 18:40:00,330.69500732421875,331.0899963378906,330.3699951171875,330.9849853515625,34762
2026-02-12 18:45:00,330.9849853515625,330.9849853515625,330.3299865722656,330.4750061035156,29097
2026-02-12 18:50:00,330.4750061035156,330.625,328.989990234375,329.7099914550781,45392
2026-02-12 18:55:00,329.6300048828125,330.8550109863281,329.3900146484375,330.3450012207031,36283
2026-02-12 19:00:00,330.5498962402344,330.760009765625,329.7900085449219,329.92999267578125,32175
2026-02-12 19:05:00,329.7900085449219,330.0050048828125,329.29998779296875,329.3299865722656,33079
2026-02-12 19:10:00,329.30499267578125,329.4599914550781,328.8599853515625,329.1400146484375,34223
2026-02-12 19:15:00,329.17999267578125,329.57000732421875,329.0520935058594,329.3949890136719,48414
2026-02-12 19:20:00,329.3949890136719,329.81939697265625,329.1700134277344,329.4200134277344,41674
2026-02-12 19:25:00,329.4200134277344,329.6400146484375,329.19000244140625,329.3999938964844,21866
2026-02-12 19:30:00,329.3599853515625,329.69500732421875,329.1300048828125,329.69000244140625,50619
2026-02-12 19:35:00,329.69000244140625,329.8599853515625,329.5199890136719,329.7200012207031,46769
2026-02-12 19:40:00,329.7699890136719,330.95001220703125,329.7099914550781,330.57000732421875,58656
2026-02-12 19:45:00,330.57000732421875,331.09991455078125,330.5,331.010009765625,29058
2026-02-12 19:50:00,331.0400085449219,331.6300048828125,331.0400085449219,331.3999938964844,40221
2026-02-12 19:55:00,331.4349975585937,331.9800109863281,331.2699890136719,331.45001220703125,83545
2026-02-12 20:00:00,331.4150085449219,332.0,331.1199951171875,331.8900146484375,72732
2026-02-12 20:05:00,331.8900146484375,332.0299987792969,331.6099853515625,331.94000244140625,57846
2026-02-12 20:10:00,331.94000244140625,332.1700134277344,331.3399963378906,331.94500732421875,57212
2026-02-12 20:15:00,331.94000244140625,332.010009765625,331.239990234375,331.4049987792969,54841
2026-02-12 20:20:00,331.4049987792969,331.57000732421875,331.0199890136719,331.1000061035156,45993
2026-02-12 20:25:00,331.0400085449219,331.2449951171875,330.5599975585937,330.635009765625,46289
2026-02-12 20:30:00,330.6400146484375,330.8699951171875,330.4599914550781,330.54998779296875,47451
2026-02-12 20:35:00,330.4800109863281,330.4800109863281,329.5799865722656,330.2398986816406,74528
2026-02-12 20:40:00,330.3590087890625,330.4349975585937,330.0899963378906,330.0899963378906,65632
2026-02-12 20:45:00,330.1199951171875,330.5400085449219,329.9800109863281,330.5,76302
2026-02-12 20:50:00,330.5150146484375,330.6400146484375,330.1000061035156,330.4599914550781,134659
2026-02-12 20:55:00,330.44500732421875,332.1300048828125,330.44500732421875,332.1199951171875,417613
2026-02-13 14:30:00,332.5,335.6700134277344,332.20001220703125,334.8999938964844,254481
2026-02-13 14:35:00,335.260009765625,335.6700134277344,333.04998779296875,334.79998779296875,65429
2026-02-13 14:40:00,334.76708984375,335.25,333.3900146484375,333.5299987792969,49265
2026-02-13 14:45:00,333.7098999023437,333.7098999023437,332.1401062011719,333.2900085449219,54806
2026-02-13 14:50:00,333.2900085449219,333.8800048828125,332.55010986328125,333.3699951171875,63505
2026-02-13 14:55:00,333.1849975585937,333.26080322265625,331.67999267578125,332.07000732421875,54736
2026-02-13 15:00:00,332.19000244140625,332.5599975585937,331.04998779296875,331.3299865722656,50537
2026-02-13 15:05:00,331.42401123046875,332.010009765625,330.57501220703125,331.0350036621094,46172
2026-02-13 15:10:00,331.0350036621094,331.6600036621094,330.86279296875,331.1650085449219,34200
2026-02-13 15:15:00,331.19000244140625,331.510009765625,330.8999938964844,331.2449951171875,35062
2026-02-13 15:20:00,331.2449951171875,331.989990234375,331.010009765625,331.8349914550781,30213
2026-02-13 15:25:00,331.8349914550781,331.9200134277344,331.1700134277344,331.489990234375,34376
2026-02-13 15:30:00,331.5299987792969,331.82000732421875,331.29998779296875,331.67498779296875,36295
2026-02-13 15:35:00,331.7699890136719,332.7699890136719,331.625,332.489990234375,20773
2026-02-13 15:40:00,332.6000061035156,333.0,332.2402038574219,332.45001220703125,28034
2026-02-13 15:45:00,332.385009765625,332.7699890136719,331.9649963378906,332.57501220703125,29525
2026-02-13 15:50:00,332.54998779296875,332.8800048828125,331.6499938964844,331.6499938964844,67504
2026-02-13 15:55:00,331.6722106933594,332.0799865722656,331.3009033203125,331.5599975585937,27913
2026-02-13 16:00:00,331.4599914550781,331.6400146484375,330.0,330.57000732421875,51817
2026-02-13 16:05:00,330.54998779296875,331.13018798828125,330.239990234375,330.82000732421875,29557
2026-02-13 16:10:00,330.92999267578125,331.2698974609375,330.6600036621094,330.7449951171875,28347
2026-02-13 16:15:00,330.7300109863281,331.7099914550781,330.7300109863281,331.7099914550781,21628
2026-02-13 16:20:00,331.7099914550781,331.7099914550781,330.7900085449219,331.0599975585937,28806
2026-02-13 16:25:00,331.239990234375,331.3699951171875,331.0299987792969,331.1849975585937,18384
2026-02-13 16:30:00,331.1000061035156,331.54998779296875,331.0899963378906,331.114990234375,38035
2026-02-13 16:35:00,331.0599975585937,331.1700134277344,330.5799865722656,330.7449951171875,31979
2026-02-13 16:40:00,330.7449951171875,331.0400085449219,330.489990234375,330.8500061035156,28598
2026-02-13 16:45:00,330.8500061035156,331.0199890136719,330.239990234375,330.6499938964844,30722
2026-02-13 16:50:00,330.75,330.82000732421875,330.1700134277344,330.6400146484375,17001
2026-02-13 16:55:00,330.6099853515625,330.69000244140625,330.1499938964844,330.2049865722656,37690
2026-02-13 17:00:00,330.25,331.1000061035156,330.1400146484375,330.79998779296875,22979
2026-02-13 17:05:00,330.8800048828125,331.1449890136719,330.7300109863281,331.0799865722656,31301
2026-02-13 17:10:00,331.0853881835937,331.54998779296875,330.9400939941406,331.07000732421875,26546
2026-02-13 17:15:00,331.07501220703125,331.25,330.6141052246094,330.6925048828125,32492
2026-02-13 17:20:00,330.69000244140625,330.8699951171875,330.3500061035156,330.7550048828125,27391
2026-02-13 17:25:00,330.7550048828125,330.9599914550781,330.6000061035156,330.7449951171875,24377
2026-02-13 17:30:00,330.8800048828125,331.0,330.1200866699219,330.3299865722656,26837
2026-02-13 17:35:00,330.2449951171875,330.3800048828125,329.70001220703125,329.8900146484375,24713
2026-02-13 17:40:00,329.8450012207031,330.3999938964844,329.8349914550781,330.36749267578125,20566
2026-02-13 17:45:00,330.3500061035156,331.0199890136719,330.1600036621094,330.6600036621094,25048
2026-02-13 17:50:00,330.5400085449219,331.1400146484375,330.5299987792969,330.92999267578125,15539
2026-02-13 17:55:00,330.94500732421875,331.32000732421875,330.94000244140625,331.1400146484375,15829
2026-02-13 18:00:00,331.1449890136719,331.19000244140625,330.7799987792969,330.8500061035156,17697
2026-02-13 18:05:00,330.8500061035156,331.1662902832031,330.4601135253906,330.5799865722656,14919
2026-02-13 18:10:00,330.5799865722656,330.69000244140625,330.29998779296875,330.3349914550781,15472
2026-02-13 18:15:00,330.37750244140625,330.4200134277344,330.1300048828125,330.3699951171875,18067
2026-02-13 18:20:00,330.3599853515625,330.3599853515625,330.1000061035156,330.2200012207031,15291
2026-02-13 18:25:00,330.2200927734375,330.6099853515625,330.0299987792969,330.4200134277344,25727
2026-02-13 18:30:00,330.5299987792969,330.5299987792969,329.9100036621094,329.9750061035156,12212
2026-02-13 18:35:00,329.9750061035156,330.0400085449219,329.8099975585937,330.0050048828125,11363
2026-02-13 18:40:00,330.04998779296875,330.0899963378906,329.7449951171875,329.82000732421875,16195
2026-02-13 18:45:00,329.78009033203125,329.9150085449219,329.4100036621094,329.57501220703125,26608
2026-02-13 18:50:00,329.57000732421875,329.75,329.5299987792969,329.5975036621094,14797
2026-02-13 18:55:00,329.5799865722656,329.6700134277344,329.17999267578125,329.55499267578125,47786
2026-02-13 19:00:00,329.5849914550781,329.9200134277344,329.17999267578125,329.9200134277344,19773
2026-02-13 19:05:00,329.94000244140625,330.0299987792969,329.6099853515625,330.0198974609375,22734
2026-02-13 19:10:00,330.0199890136719,330.0599975585937,329.6400146484375,329.8299865722656,19610
2026-02-13 19:15:00,329.7701110839844,329.9180908203125,329.5400085449219,329.6000061035156,27237
2026-02-13 19:20:00,329.56500244140625,329.56500244140625,329.0625,329.2300109863281,23486
2026-02-13 19:25:00,329.2301025390625,329.3299865722656,328.79998779296875,329.1499938964844,23769
2026-02-13 19:30:00,329.1449890136719,329.2300109863281,328.7799987792969,329.0249938964844,21087
2026-02-13 19:35:00,329.02508544921875,329.1875,328.82501220703125,328.82501220703125,25555
2026-02-13 19:40:00,328.8699035644531,328.8699035644531,328.260009765625,328.3299865722656,26751
2026-02-13 19:45:00,328.3699951171875,328.45001220703125,328.20001220703125,328.3099975585937,21261
2026-02-13 19:50:00,328.2799987792969,328.3299865722656,327.9200134277344,327.9979858398437,14293
2026-02-13 19:55:00,328.010009765625,328.42498779296875,327.760009765625,328.17999267578125,24386
2026-02-13 20:00:00,328.1549987792969,328.5899963378906,328.0899963378906,328.5,19546
2026-02-13 20:05:00,328.510009765625,328.7099914550781,328.4599914550781,328.5599975585937,19912
2026-02-13 20:10:00,328.5599975585937,328.5599975585937,328.260009765625,328.29998779296875,20073
2026-02-13 20:15:00,328.2300109863281,328.4100036621094,327.8099975585937,327.92498779296875,32590
2026-02-13 20:20:00,327.8999938964844,327.9599914550781,327.4800109863281,327.4949951171875,34614
2026-02-13 20:25:00,327.54998779296875,327.6400146484375,327.239990234375,327.3080139160156,32214
2026-02-13 20:30:00,327.3299865722656,327.45001220703125,327.1700134277344,327.20001220703125,41694
2026-02-13 20:35:00,327.20001220703125,327.5599975585937,327.04998779296875,327.44000244140625,46586
2026-02-13 20:40:00,327.3900146484375,327.510009765625,327.2099914550781,327.2900085449219,39823
2026-02-13 20:45:00,327.3175048828125,327.489990234375,327.0899963378906,327.2900085449219,100818
2026-02-13 20:50:00,327.239990234375,327.2699890136719,326.5299987792969,327.260009765625,87762
2026-02-13 20:55:00,327.239990234375,327.739990234375,327.2200012207031,327.54998779296875,230215
2026-02-17 14:30:00,330.0,332.0799865722656,328.6300048828125,328.6650085449219,171113
2026-02-17 14:35:00,328.6099853515625,329.7699890136719,328.42498779296875,329.07000732421875,42503
2026-02-17 14:40:00,328.9559936523437,330.3800048828125,328.8699951171875,329.67999267578125,52803
2026-02-17 14:45:00,329.4584350585937,331.0950012207031,329.4584350585937,329.9700012207031,60489
2026-02-17 14:50:00,329.8949890136719,331.32000732421875,329.8399963378906,331.1400146484375,50173
2026-02-17 14:55:00,331.1400146484375,331.2200012207031,328.6499938964844,329.1000061035156,69100
2026-02-17 15:00:00,328.8550109863281,328.947509765625,327.2699890136719,327.94500732421875,40652
2026-02-17 15:05:00,327.94500732421875,328.029296875,327.1099853515625,327.32000732421875,33585
2026-02-17 15:10:00,327.3900146484375,327.70001220703125,327.25,327.4800109863281,48202
2026-02-17 15:15:00,327.3599853515625,327.7098999023437,326.67999267578125,327.489990234375,39249
2026-02-17 15:20:00,327.5,328.82000732421875,327.4200134277344,327.92999267578125,35213
2026-02-17 15:25:00,327.92999267578125,328.3999938964844,327.2799987792969,327.79998779296875,30692
2026-02-17 15:30:00,327.79998779296875,327.8450012207031,327.25,327.70001220703125,20211
2026-02-17 15:35:00,327.6400146484375,327.7200012207031,327.2300109863281,327.3900146484375,22777
2026-02-17 15:40:00,327.3800048828125,327.3800048828125,326.8099975585937,326.8900146484375,19157
2026-02-17 15:45:00,326.95001220703125,327.19000244140625,326.5000915527344,326.80499267578125,43201
2026-02-17 15:50:00,326.739990234375,327.4599914550781,326.29998779296875,327.32000732421875,33107
2026-02-17 15:55:00,327.2200012207031,327.54998779296875,326.989990234375,327.0950012207031,16546
2026-02-17 16:00:00,327.0950012207031,327.0950012207031,326.5,326.7850952148437,29663
2026-02-17 16:05:00,326.9100036621094,327.07501220703125,326.7699890136719,326.8800048828125,13329
2026-02-17 16:10:00,326.8800048828125,327.44000244140625,326.8699951171875,327.3900146484375,18538
2026-02-17 16:15:00,327.4100036621094,327.54998779296875,327.1700134277344,327.3999938964844,17932
2026-02-17 16:20:00,327.3999938964844,328.1499938964844,327.3999938964844,327.8800048828125,21959
2026-02-17 16:25:00,327.8800048828125,328.2799987792969,327.4349975585937,327.4349975585937,14492
2026-02-17 16:30:00,327.5299987792969,327.5398864746094,326.8500061035156,327.0,19651
2026-02-17 16:35:00,326.9700012207031,326.9700012207031,326.3900146484375,326.4349975585937,29779
2026-02-17 16:40:00,326.4349975585937,327.0,326.4349975585937,326.8699951171875,16814
2026-02-17 16:45:00,326.9800109863281,326.989990234375,326.3699951171875,326.6700134277344,18991
2026-02-17 16:50:00,326.6199951171875,326.7898864746094,326.44000244140625,326.69500732421875,14896
2026-02-17 16:55:00,326.6400146484375,326.7200012207031,326.1300048828125,326.3599853515625,28961
2026-02-17 17:00:00,326.3450012207031,326.5350036621094,326.1099853515625,326.3349914550781,17301
2026-02-17 17:05:00,326.29998779296875,326.54998779296875,326.239990234375,326.2850036621094,16864
2026-02-17 17:10:00,326.3500061035156,326.3900146484375,325.82000732421875,326.1300048828125,35712
2026-02-17 17:15:00,326.1300048828125,326.3900146484375,326.10009765625,326.3900146484375,19222
2026-02-17 17:20:00,326.3099975585937,326.7099914550781,326.3099975585937,326.6000061035156,21670
2026-02-17 17:25:00,326.7398986816406,326.7900085449219,326.5199890136719,326.6000061035156,13811
2026-02-17 17:30:00,326.5799865722656,327.239990234375,326.5199890136719,326.8699951171875,22013
2026-02-17 17:35:00,326.8099975585937,326.8699951171875,326.3742980957031,326.44500732421875,15559
2026-02-17 17:40:00,326.4949951171875,326.6499938964844,325.6814880371094,325.8349914550781,14467
2026-02-17 17:45:00,325.8299865722656,326.2349853515625,325.75,326.0299987792969,35568
2026-02-17 17:50:00,326.0299987792969,326.4649963378906,325.5,325.57501220703125,54898
2026-02-17 17:55:00,325.55499267578125,325.7799987792969,325.32000732421875,325.7049865722656,61971
2026-02-17 18:00:00,325.7049865722656,325.760009765625,325.5,325.625,13380
2026-02-17 18:05:00,325.6199951171875,325.70001220703125,325.5,325.5,22751
2026-02-17 18:10:00,325.5,325.56500244140625,325.0,325.1000061035156,46390
2026-02-17 18:15:00,325.1841125488281,325.5498962402344,325.1549987792969,325.3900146484375,24844
2026-02-17 18:20:00,325.3399963378906,325.6700134277344,325.25,325.2799987792969,20625
2026-02-17 18:25:00,325.2799987792969,326.3900146484375,325.25,326.25,16634
2026-02-17 18:30:00,326.2550048828125,326.8500061035156,326.1000061035156,326.79998779296875,36887
2026-02-17 18:35:00,326.8299865722656,327.1000061035156,326.57000732421875,326.5799865722656,15178
2026-02-17 18:40:00,326.57000732421875,326.6700134277344,326.3900146484375,326.45001220703125,17894
2026-02-17 18:45:00,326.44000244140625,326.9700012207031,326.3800048828125,326.82000732421875,23397
2026-02-17 18:50:00,326.806884765625,327.1700134277344,326.3599853515625,326.3599853515625,33077
2026-02-17 18:55:00,326.3599853515625,326.4700012207031,326.1600036621094,326.1600036621094,14811
2026-02-17 19:00:00,326.1000061035156,326.6400146484375,326.0,326.6300048828125,26267
2026-02-17 19:05:00,326.6400146484375,326.6400146484375,325.94000244140625,326.0350036621094,15629
2026-02-17 19:10:00,326.0350036621094,326.2898864746094,325.8999938964844,325.92999267578125,15386
2026-02-17 19:15:00,325.95001220703125,326.0400085449219,325.6300048828125,325.6650085449219,14972
2026-02-17 19:20:00,325.630615234375,326.0299987792969,325.630615234375,325.9599914550781,15193
2026-02-17 19:25:00,325.9700012207031,326.44000244140625,325.8500061035156,326.2799987792969,16097
2026-02-17 19:30:00,326.2699890136719,326.2799987792969,325.8808898925781,325.9800109863281,15949
2026-02-17 19:35:00,325.989013671875,326.1400146484375,325.79998779296875,325.8900146484375,16980
2026-02-17 19:40:00,325.9100036621094,326.3500061035156,325.8550109863281,326.2950134277344,16621
2026-02-17 19:45:00,326.2950134277344,326.5199890136719,326.2950134277344,326.3999938964844,21019
2026-02-17 19:50:00,326.3999938964844,326.5799865722656,326.29998779296875,326.5799865722656,16661
2026-02-17 19:55:00,326.6000061035156,326.6000061035156,326.2099914550781,326.32000732421875,25931
2026-02-17 20:00:00,326.3599853515625,326.489990234375,326.1600036621094,326.489990234375,17155
2026-02-17 20:05:00,326.6098937988281,326.6098937988281,326.2099914550781,326.42999267578125,19694
2026-02-17 20:10:00,326.42498779296875,326.4599914550781,326.2349853515625,326.3399963378906,17488
2026-02-17 20:15:00,326.3900146484375,326.70001220703125,326.34228515625,326.5400085449219,15870
2026-02-17 20:20:00,326.5400085449219,326.7200012207031,326.510009765625,326.5299987792969,21003
2026-02-17 20:25:00,326.5591125488281,326.70001220703125,326.3900146484375,326.6199951171875,24499
2026-02-17 20:30:00,326.6199951171875,326.6300048828125,326.2001037597656,326.5249938964844,38215
2026-02-17 20:35:00,326.5299987792969,326.79998779296875,326.3699951171875,326.6600036621094,36917
2026-02-17 20:40:00,326.6700134277344,327.3599853515625,326.6549987792969,327.2699890136719,59061
2026-02-17 20:45:00,327.29998779296875,327.44000244140625,327.20001220703125,327.2900085449219,50414
2026-02-17 20:50:00,327.2699890136719,327.6000061035156,327.2099914550781,327.44500732421875,80486
2026-02-17 20:55:00,327.4700012207031,327.8500061035156,327.3699951171875,327.6700134277344,222036
2026-02-18 14:30:00,327.2699890136719,327.2699890136719,325.0,325.739990234375,101126
2026-02-18 14:35:00,326.0,326.125,323.8299865722656,324.98199462890625,55638
2026-02-18 14:40:00,325.0248107910156,326.1199951171875,324.6499938964844,325.8900146484375,36668
2026-02-18 14:45:00,325.8299865722656,326.25,325.45001220703125,325.906005859375,37273
2026-02-18 14:50:00,326.1300048828125,326.5,325.1099853515625,325.1099853515625,20618
2026-02-18 14:55:00,325.1099853515625,325.9800109863281,325.1099853515625,325.760009765625,24988
2026-02-18 15:00:00,325.75,326.75,325.5299987792969,326.20001220703125,27209
2026-02-18 15:05:00,326.2001037597656,327.0400085449219,325.9800109863281,327.0400085449219,35757
2026-02-18 15:10:00,327.07000732421875,327.33428955078125,326.6600036621094,327.1400146484375,24869
2026-02-18 15:15:00,327.0950012207031,327.4100036621094,327.0400085449219,327.1650085449219,32215
2026-02-18 15:20:00,327.25,327.3399963378906,326.8074951171875,327.1099853515625,26717
2026-02-18 15:25:00,327.0400085449219,327.260009765625,326.82000732421875,326.9700012207031,32448
2026-02-18 15:30:00,326.989990234375,327.375,326.8299865722656,327.0849914550781,38889
2026-02-18 15:35:00,327.1600036621094,327.260009765625,327.0,327.1849975585937,26464
2026-02-18 15:40:00,327.2099914550781,327.3699951171875,326.7200012207031,326.7749938964844,33494
2026-02-18 15:45:00,326.82000732421875,327.125,326.67999267578125,327.1099853515625,28350
2026-02-18 15:50:00,327.0899963378906,327.3599853515625,326.9100036621094,326.9599914550781,19773
2026-02-18 15:55:00,326.94000244140625,327.1600036621094,326.8299865722656,327.1099853515625,45184
2026-02-18 16:00:00,327.125,327.29998779296875,326.5,327.26251220703125,37262
2026-02-18 16:05:00,327.2550048828125,327.8500061035156,327.0199890136719,327.79998779296875,46184
2026-02-18 16:10:00,327.79998779296875,328.239990234375,327.5899963378906,327.6000061035156,38155
2026-02-18 16:15:00,327.69000244140625,327.8800048828125,327.19000244140625,327.3699951171875,15314
2026-02-18 16:20:00,327.3599853515625,327.70001220703125,327.3399963378906,327.3399963378906,12781
2026-02-18 16:25:00,327.3019104003906,327.625,327.2699890136719,327.3049011230469,17117
2026-02-18 16:30:00,327.30499267578125,327.42999267578125,327.0,327.1400146484375,17861
2026-02-18 16:35:00,327.1300048828125,327.2799987792969,326.9200134277344,327.1000061035156,16537
2026-02-18 16:40:00,327.1400146484375,327.2681884765625,327.0,327.0400085449219,23585
2026-02-18 16:45:00,327.0350036621094,327.3999938964844,327.0,327.29998779296875,35573
2026-02-18 16:50:00,327.29949951171875,327.7804870605469,327.2699890136719,327.60919189453125,32681
2026-02-18 16:55:00,327.5899963378906,327.739990234375,327.4501037597656,327.69000244140625,26413
2026-02-18 17:00:00,327.75,327.9800109863281,327.3699951171875,327.9599914550781,22254
2026-02-18 17:05:00,328.0,328.625,327.94000244140625,328.625,49103
2026-02-18 17:10:00,328.625,328.79998779296875,328.3699951171875,328.4100036621094,42922
2026-02-18 17:15:00,328.4549865722656,328.4549865722656,327.8999938964844,328.0,30689
2026-02-18 17:20:00,328.0,328.0599975585937,327.57501220703125,327.864990234375,19327
2026-02-18 17:25:00,327.8900146484375,328.1099853515625,327.8500061035156,327.92999267578125,16835
2026-02-18 17:30:00,327.9140930175781,327.9200134277344,327.5199890136719,327.57000732421875,15559
2026-02-18 17:35:00,327.54998779296875,327.6199951171875,327.42999267578125,327.48779296875,11200
2026-02-18 17:40:00,327.4649963378906,327.69000244140625,327.29998779296875,327.5950012207031,17853
2026-02-18 17:45:00,327.62530517578125,327.989990234375,327.54998779296875,327.6499938964844,21930
2026-02-18 17:50:00,327.63751220703125,327.75,327.4902038574219,327.6300048828125,14161
2026-02-18 17:55:00,327.625,327.625,327.2799987792969,327.3125,13859
2026-02-18 18:00:00,327.31500244140625,327.4599914550781,327.1856994628906,327.3099975585937,23071
2026-02-18 18:05:00,327.2654113769531,327.3599853515625,327.1000061035156,327.2049865722656,14318
2026-02-18 18:10:00,327.25,327.5899963378906,327.25,327.2950134277344,14733
2026-02-18 18:15:00,327.2349853515625,327.3800048828125,327.1600036621094,327.2850036621094,20457
2026-02-18 18:20:00,327.2850036621094,327.3999938964844,327.17999267578125,327.2349853515625,15795
2026-02-18 18:25:00,327.1802978515625,327.2799987792969,327.0,327.25,56758
2026-02-18 18:30:00,327.25,327.2799987792969,327.052490234375,327.0849914550781,22844
2026-02-18 18:35:00,327.0799865722656,327.239990234375,327.04998779296875,327.1449890136719,18014
2026-02-18 18:40:00,327.1499938964844,327.2850036621094,326.94000244140625,327.1700134277344,69777
2026-02-18 18:45:00,327.1650085449219,327.2099914550781,326.6400146484375,326.6400146484375,27130
2026-02-18 18:50:00,326.6700134277344,326.75,326.4049987792969,326.6600036621094,24617
2026-02-18 18:55:00,326.67999267578125,326.6908874511719,326.32000732421875,326.3399963378906,18135
2026-02-18 19:00:00,326.3399963378906,326.8699951171875,326.29998779296875,326.81500244140625,59435
2026-02-18 19:05:00,326.82000732421875,326.8254089355469,325.7300109863281,325.79998779296875,19134
2026-02-18 19:10:00,325.8299865722656,325.9800109863281,325.2799987792969,325.3349914550781,45917
2026-02-18 19:15:00,325.3349914550781,325.885009765625,325.3349914550781,325.8599853515625,44775
2026-02-18 19:20:00,325.8999938964844,326.2699890136719,325.7799987792969,326.1597900390625,57746
2026-02-18 19:25:00,326.2049865722656,326.44500732421875,326.0150146484375,326.1700134277344,22443
2026-02-18 19:30:00,326.1000061035156,326.41510009765625,325.739990234375,326.20001220703125,36895
2026-02-18 19:35:00,326.2200012207031,326.32000732421875,325.9534912109375,326.32000732421875,18752
2026-02-18 19:40:00,326.3299865722656,326.56500244140625,326.2950134277344,326.2950134277344,19133
2026-02-18 19:45:00,326.2550048828125,326.3099975585937,326.0,326.135009765625,15216
2026-02-18 19:50:00,326.1600036621094,326.3099975585937,326.04998779296875,326.17999267578125,16300
2026-02-18 19:55:00,326.1199951171875,326.5199890136719,326.0799865722656,326.4599914550781,38010
2026-02-18 20:00:00,326.4100036621094,326.5799865722656,326.1400146484375,326.2550048828125,27306
2026-02-18 20:05:00,326.3099975585937,326.8099975585937,326.2099914550781,326.5350036621094,41816
2026-02-18 20:10:00,326.5799865722656,326.69000244140625,326.4100036621094,326.5400085449219,21013
2026-02-18 20:15:00,326.5400085449219,326.77899169921875,326.5,326.5799865722656,27019
2026-02-18 20:20:00,326.5899963378906,326.6700134277344,326.5299987792969,326.5299987792969,25229
2026-02-18 20:25:00,326.55499267578125,326.7699890136719,326.4950866699219,326.70001220703125,32893
2026-02-18 20:30:00,326.75,327.0299987792969,326.6499938964844,327.010009765625,52230
2026-02-18 20:35:00,327.010009765625,327.1600036621094,326.9100036621094,327.1600036621094,48246
2026-02-18 20:40:00,327.1700134277344,327.19000244140625,326.9700927734375,327.0,41731
2026-02-18 20:45:00,326.9800109863281,327.5299987792969,326.8699951171875,327.5050048828125,64108
2026-02-18 20:50:00,327.4700012207031,328.7200012207031,327.4700012207031,328.614990234375,116986
2026-02-18 20:55:00,328.69000244140625,328.70001220703125,327.7200012207031,327.79998779296875,348370
2026-02-19 14:30:00,328.4599914550781,329.9700012207031,326.95001220703125,329.2349853515625,101986
2026-02-19 14:35:00,329.2349853515625,330.2200012207031,328.1000061035156,329.5799865722656,42787
2026-02-19 14:40:00,329.7699890136719,331.9800109863281,329.7699890136719,331.6449890136719,58232
2026-02-19 14:45:00,331.510009765625,332.2200012207031,331.07000732421875,331.6849975585937,50657
2026-02-19 14:50:00,331.6849975585937,332.3599853515625,330.9200134277344,331.94000244140625,34523
2026-02-19 14:55:00,331.7950134277344,332.20001220703125,331.5899963378906,331.7950134277344,49974
2026-02-19 15:00:00,331.7950134277344,332.20001220703125,331.29998779296875,331.32000732421875,30208
2026-02-19 15:05:00,331.4100036621094,331.6799011230469,331.19000244140625,331.4100036621094,25349
2026-02-19 15:10:00,331.2749938964844,331.83990478515625,331.1199951171875,331.5599975585937,55566
2026-02-19 15:15:00,331.510009765625,332.0599975585937,331.5,331.8099975585937,52180
2026-02-19 15:20:00,331.8099975585937,333.0,331.2149963378906,332.7900085449219,73614
2026-02-19 15:25:00,332.8599853515625,332.9349975585937,332.1000061035156,332.1000061035156,58796
2026-02-19 15:30:00,332.1000061035156,332.44000244140625,332.010009765625,332.1099853515625,27871
2026-02-19 15:35:00,332.17999267578125,332.17999267578125,331.6000061035156,331.6199951171875,27358
2026-02-19 15:40:00,331.7099914550781,331.82000732421875,331.3900146484375,331.57000732421875,27819
2026-02-19 15:45:00,331.57000732421875,331.57000732421875,331.239990234375,331.385009765625,22849
2026-02-19 15:50:00,331.375,331.760009765625,330.7650146484375,330.7650146484375,44652
2026-02-19 15:55:00,330.7550048828125,331.1099853515625,330.6499938964844,330.8999938964844,21185
2026-02-19 16:00:00,330.81500244140625,330.8599853515625,330.489990234375,330.8099975585937,27071
2026-02-19 16:05:00,330.7550048828125,330.7650146484375,330.3800048828125,330.4700012207031,24227
2026-02-19 16:10:00,330.510009765625,330.6199951171875,330.25,330.54998779296875,26837
2026-02-19 16:15:00,330.54998779296875,330.7099914550781,330.2650146484375,330.4649963378906,49335
2026-02-19 16:20:00,330.42498779296875,330.4849853515625,330.1099853515625,330.4849853515625,24329
2026-02-19 16:25:00,330.4700012207031,330.7200012207031,329.95001220703125,330.0799865722656,25100
2026-02-19 16:30:00,330.09259033203125,330.489990234375,330.09259033203125,330.42999267578125,38239
2026-02-19 16:35:00,330.42498779296875,330.70318603515625,330.3699951171875,330.5599975585937,23976
2026-02-19 16:40:00,330.6000061035156,330.80499267578125,330.4100036621094,330.6199951171875,20834
2026-02-19 16:45:00,330.57000732421875,330.7300109863281,330.44000244140625,330.4700012207031,16630
2026-02-19 16:50:00,330.4599914550781,330.6214904785156,330.2900085449219,330.6050109863281,16040
2026-02-19 16:55:00,330.54998779296875,330.79998779296875,330.3500061035156,330.3500061035156,24436
2026-02-19 17:00:00,330.3800048828125,330.4800109863281,329.9849853515625,330.0400085449219,24320
2026-02-19 17:05:00,330.0299987792969,330.1499938964844,329.9413146972656,330.1499938964844,24415
2026-02-19 17:10:00,330.0658874511719,330.4549865722656,330.0658874511719,330.32000732421875,18079
2026-02-19 17:15:00,330.3450012207031,330.67999267578125,330.2099914550781,330.6300048828125,38205
2026-02-19 17:20:00,330.70001220703125,330.7749938964844,330.4200134277344,330.67999267578125,20665
2026-02-19 17:25:00,330.67999267578125,330.8599853515625,330.4501037597656,330.5849914550781,16131
2026-02-19 17:30:00,330.6293029785156,330.6293029785156,330.1199951171875,330.20001220703125,10696
2026-02-19 17:35:00,330.20001220703125,330.260009765625,329.94000244140625,330.0535888671875,11394
2026-02-19 17:40:00,330.1300048828125,330.4437866210937,330.0400085449219,330.4437866210937,20235
2026-02-19 17:45:00,330.44000244140625,330.5299987792969,330.19500732421875,330.4849853515625,30560
2026-02-19 17:50:00,330.4849853515625,330.4849853515625,330.0400085449219,330.0400085449219,11546
2026-02-19 17:55:00,330.0299987792969,330.6000061035156,329.92999267578125,330.56500244140625,25553
2026-02-19 18:00:00,330.57000732421875,330.57000732421875,330.08648681640625,330.20001220703125,18353
2026-02-19 18:05:00,330.20001220703125,330.3099975585937,330.0400085449219,330.20001220703125,30513
2026-02-19 18:10:00,330.17999267578125,330.3900146484375,330.1000061035156,330.3399963378906,31586
2026-02-19 18:15:00,330.3900146484375,330.4049987792969,330.19500732421875,330.2850036621094,21199
2026-02-19 18:20:00,330.2699890136719,330.5199890136719,330.2101135253906,330.4649963378906,13681
2026-02-19 18:25:00,330.4472961425781,330.5899963378906,330.3999938964844,330.4700012207031,24451
2026-02-19 18:30:00,330.4849853515625,330.84991455078125,330.4700012207031,330.7149353027344,25173
2026-02-19 18:35:00,330.760009765625,330.8999938964844,330.6400146484375,330.7799987792969,17038
2026-02-19 18:40:00,330.760009765625,330.7900085449219,330.6000061035156,330.7300109863281,31903
2026-02-19 18:45:00,330.7250061035156,331.1700134277344,330.67999267578125,330.8550109863281,31291
2026-02-19 18:50:00,330.8550109863281,331.0,330.57598876953125,330.7200012207031,22649
2026-02-19 18:55:00,330.69000244140625,330.69000244140625,330.4100036621094,330.42999267578125,15637
2026-02-19 19:00:00,330.4118957519531,330.7799987792969,330.4118957519531,330.614990234375,22660
2026-02-19 19:05:00,330.6600036621094,330.6600036621094,330.5299987792969,330.5704040527344,25666
2026-02-19 19:10:00,330.6050109863281,330.67999267578125,330.1700134277344,330.2799987792969,26004
2026-02-19 19:15:00,330.2799987792969,330.42999267578125,330.19500732421875,330.32000732421875,31475
2026-02-19 19:20:00,330.2799987792969,330.3399963378906,330.0,330.04998779296875,36590
2026-02-19 19:25:00,330.0849914550781,330.3599853515625,329.989990234375,330.114990234375,28459
2026-02-19 19:30:00,330.114990234375,330.114990234375,329.9200134277344,329.9750061035156,22903
2026-02-19 19:35:00,329.9750061035156,330.010009765625,329.7799987792969,329.79998779296875,46776
2026-02-19 19:40:00,329.79998779296875,330.20001220703125,329.7699890136719,330.1499938964844,46416
2026-02-19 19:45:00,330.1099853515625,330.3800048828125,330.1099853515625,330.25,34139
2026-02-19 19:50:00,330.2449951171875,330.2699890136719,329.7850036621094,329.8299865722656,51035
2026-02-19 19:55:00,329.8399963378906,330.0249938964844,329.385009765625,329.489990234375,27645
2026-02-19 20:00:00,329.4800109863281,329.5199890136719,329.0,329.2099914550781,29368
2026-02-19 20:05:00,329.17999267578125,329.5150146484375,328.9800109863281,329.25,48083
2026-02-19 20:10:00,329.2900085449219,329.510009765625,328.8599853515625,328.9949951171875,51308
2026-02-19 20:15:00,329.010009765625,329.0199890136719,328.625,328.67999267578125,35996
2026-02-19 20:20:00,328.6099853515625,328.7699890136719,328.2099914550781,328.2200012207031,39482
2026-02-19 20:25:00,328.2200012207031,328.2699890136719,327.510009765625,327.67999267578125,60790
2026-02-19 20:30:00,327.7200012207031,328.1199951171875,327.6000061035156,327.7200012207031,54953
2026-02-19 20:35:00,327.7200012207031,327.8299865722656,327.3599853515625,327.4200134277344,80920
2026-02-19 20:40:00,327.44500732421875,327.5199890136719,327.1099853515625,327.25,70064
2026-02-19 20:45:00,327.32000732421875,327.4700012207031,327.1099853515625,327.3500061035156,64702
2026-02-19 20:50:00,327.32000732421875,327.7025146484375,327.20001220703125,327.5299987792969,109706
2026-02-19 20:55:00,327.56500244140625,327.69000244140625,327.0,327.0899963378906,269716
2026-02-20 14:30:00,326.739990234375,328.5,325.9570007324219,326.8550109863281,130039
2026-02-20 14:35:00,326.8399963378906,328.25738525390625,326.6400146484375,328.19000244140625,64118
2026-02-20 14:40:00,328.1372985839844,328.989990234375,327.8399963378906,328.3699951171875,33487
2026-02-20 14:45:00,328.6199951171875,329.1400146484375,327.8800048828125,329.0849914550781,36705
2026-02-20 14:50:00,329.19000244140625,330.1724853515625,329.0849914550781,329.510009765625,51335
2026-02-20 14:55:00,329.3900146484375,329.989990234375,328.7843322753906,329.92999267578125,47578
2026-02-20 15:00:00,329.8800048828125,330.2799987792969,328.6199951171875,328.6199951171875,50959
2026-02-20 15:05:00,328.7414855957031,328.8699951171875,328.2099914550781,328.6600036621094,25702
2026-02-20 15:10:00,328.5799865722656,328.82000732421875,327.9400939941406,328.4324951171875,34381
2026-02-20 15:15:00,328.4049987792969,329.489990234375,328.32000732421875,329.4700012207031,31363
2026-02-20 15:20:00,329.489990234375,329.8293151855469,329.17999267578125,329.375,17967
2026-02-20 15:25:00,329.375,329.4437866210937,328.9849853515625,329.4437866210937,21749
2026-02-20 15:30:00,329.4200134277344,329.6000061035156,328.6424865722656,328.6499938964844,31501
2026-02-20 15:35:00,328.7799987792969,329.6099853515625,328.489990234375,329.4549865722656,28293
2026-02-20 15:40:00,329.5199890136719,329.6700134277344,329.1499938964844,329.4349975585937,19532
2026-02-20 15:45:00,329.4750061035156,329.5299987792969,329.1600036621094,329.5,21772
2026-02-20 15:50:00,329.3800048828125,329.3900146484375,329.0,329.25,21700
2026-02-20 15:55:00,329.2799987792969,329.3399963378906,328.81500244140625,328.8999938964844,14512
2026-02-20 16:00:00,328.82000732421875,328.95001220703125,328.67999267578125,328.7349853515625,16610
2026-02-20 16:05:00,328.79998779296875,329.1300048828125,328.7349853515625,328.9599914550781,15834
2026-02-20 16:10:00,329.04998779296875,329.2200012207031,328.9200134277344,329.1449890136719,15564
2026-02-20 16:15:00,329.20001220703125,329.2239990234375,328.8500061035156,328.9303894042969,12625
2026-02-20 16:20:00,328.8746032714844,329.1449890136719,328.8299865722656,329.0039978027344,14493
2026-02-20 16:25:00,328.9800109863281,329.1499938964844,328.67999267578125,328.7699890136719,13512
2026-02-20 16:30:00,328.6700134277344,328.7149963378906,328.375,328.6000061035156,13621
2026-02-20 16:35:00,328.6000061035156,328.8500061035156,328.4599914550781,328.6499938964844,17031
2026-02-20 16:40:00,328.69000244140625,329.1700134277344,328.69000244140625,329.1700134277344,12711
2026-02-20 16:45:00,329.2099914550781,329.2149963378906,328.8299865722656,329.0400085449219,10393
2026-02-20 16:50:00,329.0950012207031,329.2149963378906,329.0199890136719,329.125,9006
2026-02-20 16:55:00,329.1925048828125,329.2098999023437,328.67999267578125,328.8399963378906,11649
2026-02-20 17:00:00,328.8399963378906,328.92999267578125,328.3900146484375,328.510009765625,9661
2026-02-20 17:05:00,328.45001220703125,328.54998779296875,327.6400146484375,327.75,14117
2026-02-20 17:10:00,327.7349853515625,328.2300109863281,327.5199890136719,328.2300109863281,26363
2026-02-20 17:15:00,328.2200012207031,328.3500061035156,328.0,328.0599975585937,34246
2026-02-20 17:20:00,328.0599975585937,328.1600036621094,327.6000061035156,327.7799987792969,22382
2026-02-20 17:25:00,327.82501220703125,327.8699951171875,327.45001220703125,327.625,20941
2026-02-20 17:30:00,327.625,327.6300048828125,327.0899963378906,327.239990234375,70224
2026-02-20 17:35:00,327.2900085449219,327.3500061035156,326.7799987792969,326.8994140625,13533
2026-02-20 17:40:00,326.8299865722656,327.2099914550781,326.8299865722656,327.2099914550781,28675
2026-02-20 17:45:00,327.1650085449219,327.4549865722656,327.1650085449219,327.3699951171875,17970
2026-02-20 17:50:00,327.32000732421875,327.6499938964844,327.2550048828125,327.6099853515625,17351
2026-02-20 17:55:00,327.56500244140625,327.6300048828125,327.25,327.32000732421875,12812
2026-02-20 18:00:00,327.3299865722656,327.5899963378906,327.3299865722656,327.489990234375,9843
2026-02-20 18:05:00,327.4949951171875,327.5899963378906,327.3900146484375,327.3900146484375,11008
2026-02-20 18:10:00,327.3800048828125,327.5599975585937,327.239990234375,327.47119140625,10919
2026-02-20 18:15:00,327.4949951171875,327.6300048828125,327.24810791015625,327.6099853515625,17116
2026-02-20 18:20:00,327.5950012207031,327.94000244140625,327.5614013671875,327.8450012207031,19214
2026-02-20 18:25:00,327.8223876953125,328.260009765625,327.8223876953125,328.1700134277344,13311
2026-02-20 18:30:00,328.19000244140625,328.3299865722656,327.95001220703125,328.0799865722656,15686
2026-02-20 18:35:00,328.0899963378906,328.3900146484375,327.8999938964844,328.2099914550781,19239
2026-02-20 18:40:00,328.2449951171875,328.3699951171875,327.8500061035156,328.1549072265625,15344
2026-02-20 18:45:00,328.1600036621094,328.32000732421875,328.0766906738281,328.2349853515625,10676
2026-02-20 18:50:00,328.2349853515625,328.260009765625,327.82000732421875,328.0130920410156,13422
2026-02-20 18:55:00,327.9150085449219,327.9150085449219,327.5726928710937,327.6050109863281,15739
2026-02-20 19:00:00,327.6600036621094,327.94000244140625,327.6600036621094,327.8800048828125,12022
2026-02-20 19:05:00,327.8800048828125,328.239990234375,327.70001220703125,328.239990234375,25586
2026-02-20 19:10:00,328.1600952148437,328.3299865722656,327.8349914550781,327.9200134277344,8282
2026-02-20 19:15:00,327.8800048828125,328.2080078125,327.8699951171875,327.9700012207031,11774
2026-02-20 19:20:00,327.989990234375,328.5599975585937,327.9800109863281,328.3900146484375,15937
2026-02-20 19:25:00,328.3700866699219,328.9200134277344,328.3699951171875,328.9100036621094,12547
2026-02-20 19:30:00,328.9800109863281,329.17999267578125,328.8900146484375,329.1499938964844,20384
2026-02-20 19:35:00,329.114990234375,329.32000732421875,329.0799865722656,329.260009765625,16445
2026-02-20 19:40:00,329.20001220703125,329.3099975585937,329.07501220703125,329.1600036621094,13268
2026-02-20 19:45:00,329.1099853515625,329.239990234375,328.8800048828125,328.885009765625,11290
2026-02-20 19:50:00,328.885009765625,329.17999267578125,328.8699951171875,329.0450134277344,18802
2026-02-20 19:55:00,329.1098937988281,329.57000732421875,329.0350036621094,329.5400085449219,19047
2026-02-20 20:00:00,329.5400085449219,329.71978759765625,329.510009765625,329.5299987792969,23384
2026-02-20 20:05:00,329.5423889160156,329.5863037109375,329.260009765625,329.4949951171875,17997
2026-02-20 20:10:00,329.4700012207031,329.6499938964844,329.3500061035156,329.5098876953125,16307
2026-02-20 20:15:00,329.4100036621094,329.5400085449219,329.31500244140625,329.32000732421875,16337
2026-02-20 20:20:00,329.3099975585937,329.6400146484375,329.3099975585937,329.5400085449219,47411
2026-02-20 20:25:00,329.510009765625,329.5199890136719,329.139404296875,329.239990234375,23038
2026-02-20 20:30:00,329.2699890136719,329.2799987792969,329.0350036621094,329.239990234375,28080
2026-02-20 20:35:00,329.25,329.2550048828125,328.8500061035156,328.8949890136719,24023
2026-02-20 20:40:00,328.88531494140625,329.17999267578125,328.88531494140625,329.17999267578125,35086
2026-02-20 20:45:00,329.1650085449219,329.2799987792969,329.0199890136719,329.25,33963
2026-02-20 20:50:00,329.25,329.5450134277344,328.9599914550781,329.2550048828125,75406
2026-02-20 20:55:00,329.25250244140625,329.3399963378906,328.7699890136719,329.3099975585937,190428
2026-02-23 14:30:00,330.42999267578125,332.7699890136719,330.25,331.7200012207031,122642
2026-02-23 14:35:00,331.7200012207031,333.0899963378906,330.985107421875,333.0899963378906,47898
2026-02-23 14:40:00,332.9607849121094,333.6199951171875,331.8299865722656,332.3450012207031,44912
2026-02-23 14:45:00,332.4700012207031,332.75,331.75,331.9100036621094,30362
2026-02-23 14:50:00,331.9150085449219,333.54998779296875,331.9150085449219,333.54998779296875,38187
2026-02-23 14:55:00,333.45001220703125,334.510009765625,333.42999267578125,334.3699951171875,141862
2026-02-23 15:00:00,334.2799987792969,334.6099853515625,333.54998779296875,333.81500244140625,54951
2026-02-23 15:05:00,333.82501220703125,334.25,333.489990234375,333.7309875488281,38610
2026-02-23 15:10:00,333.739990234375,334.1000061035156,333.17999267578125,333.8699951171875,33600
2026-02-23 15:15:00,333.8299865722656,333.8699951171875,332.7799987792969,332.8399963378906,45397
2026-02-23 15:20:00,332.9100036621094,333.1600036621094,332.1300048828125,332.4649963378906,70809
2026-02-23 15:25:00,332.4599914550781,332.54998779296875,331.7950134277344,332.2850036621094,64891
2026-02-23 15:30:00,332.2699890136719,332.44000244140625,331.17999267578125,332.2349853515625,43218
2026-02-23 15:35:00,332.2349853515625,333.2799987792969,332.1099853515625,332.7099914550781,26508
2026-02-23 15:40:00,332.6000061035156,333.0950012207031,332.57000732421875,332.9100036621094,25500
2026-02-23 15:45:00,332.94000244140625,333.1499938964844,332.6000061035156,332.7099914550781,24784
2026-02-23 15:50:00,332.7099914550781,333.17999267578125,332.6400146484375,333.1000061035156,29687
2026-02-23 15:55:00,333.0950012207031,333.489990234375,332.70001220703125,332.7799987792969,34772
2026-02-23 16:00:00,332.8099975585937,333.0299072265625,332.44500732421875,332.5899963378906,28857
2026-02-23 16:05:00,332.6000061035156,333.1499938964844,332.6000061035156,333.0799865722656,28486
2026-02-23 16:10:00,332.9700012207031,333.0,332.5299987792969,332.7449951171875,25798
2026-02-23 16:15:00,332.7349853515625,332.8699951171875,332.3937072753906,332.7099914550781,19953
2026-02-23 16:20:00,332.7149963378906,333.07000732421875,332.4150085449219,332.5799865722656,30698
2026-02-23 16:25:00,332.6700134277344,332.67999267578125,332.2300109863281,332.44000244140625,21851
2026-02-23 16:30:00,332.3800048828125,332.7049865722656,332.1499938964844,332.6000061035156,28224
2026-02-23 16:35:00,332.6000061035156,332.760009765625,332.5950012207031,332.7099914550781,15083
2026-02-23 16:40:00,332.67999267578125,333.3800048828125,332.67999267578125,333.2349853515625,40384
2026-02-23 16:45:00,333.2799987792969,333.6199951171875,333.1499938964844,333.30499267578125,37336
2026-02-23 16:50:00,333.3500061035156,333.4599914550781,333.0,333.17999267578125,28457
2026-02-23 16:55:00,333.1300048828125,333.1600036621094,332.8099975585937,332.8999938964844,23954
2026-02-23 17:00:00,332.82000732421875,332.8299865722656,332.3399963378906,332.3399963378906,42153
2026-02-23 17:05:00,332.3399963378906,332.6976928710937,332.0400085449219,332.6000061035156,59153
2026-02-23 17:10:00,332.57501220703125,332.8299865722656,332.44000244140625,332.5599975585937,19881
2026-02-23 17:15:00,332.6600036621094,332.7799987792969,332.3900146484375,332.7300109863281,13574
2026-02-23 17:20:00,332.7200012207031,332.92999267578125,332.4330139160156,332.4849853515625,12769
2026-02-23 17:25:00,332.4849853515625,332.5299987792969,332.3099975585937,332.44500732421875,14878
2026-02-23 17:30:00,332.4599914550781,332.6098937988281,332.2950134277344,332.57000732421875,25659
2026-02-23 17:35:00,332.54998779296875,332.8550109863281,332.54998779296875,332.6400146484375,15985
2026-02-23 17:40:00,332.6700134277344,332.760009765625,332.5400085449219,332.6400146484375,17159
2026-02-23 17:45:00,332.6449890136719,332.8399963378906,332.54998779296875,332.6400146484375,12683
2026-02-23 17:50:00,332.6400146484375,332.6499938964844,332.29998779296875,332.4049987792969,45009
2026-02-23 17:55:00,332.3900146484375,332.6499938964844,332.3599853515625,332.6199951171875,22837
2026-02-23 18:00:00,332.625,332.9599914550781,332.4700012207031,332.7699890136719,25375
2026-02-23 18:05:00,332.82000732421875,333.5199890136719,332.79998779296875,333.510009765625,24665
2026-02-23 18:10:00,333.510009765625,333.9599914550781,333.4599914550781,333.9175109863281,43040
2026-02-23 18:15:00,333.8099975585937,334.5,333.75,334.3399963378906,61323
2026-02-23 18:20:00,334.2699890136719,334.4880065917969,334.0199890136719,334.3699951171875,28930
2026-02-23 18:25:00,334.2550048828125,334.7799987792969,334.010009765625,334.7799987792969,31047
2026-02-23 18:30:00,334.7799987792969,335.3800048828125,334.7699890136719,335.2755126953125,79332
2026-02-23 18:35:00,335.2104187011719,335.2104187011719,334.7200012207031,334.7900085449219,27884
2026-02-23 18:40:00,334.79998779296875,335.239990234375,334.7099914550781,335.2099914550781,40461
2026-02-23 18:45:00,335.1000061035156,335.32501220703125,334.8293151855469,335.05499267578125,23691
2026-02-23 18:50:00,335.0,335.04998779296875,334.82501220703125,335.04998779296875,24370
2026-02-23 18:55:00,335.07000732421875,335.3500061035156,335.0299987792969,335.3500061035156,20594
2026-02-23 19:00:00,335.3800048828125,335.42999267578125,334.92999267578125,334.94000244140625,29185
2026-02-23 19:05:00,334.92999267578125,335.1199951171875,334.7099914550781,335.1199951171875,33214
2026-02-23 19:10:00,335.11749267578125,335.5799865722656,335.114990234375,335.3699951171875,37841
2026-02-23 19:15:00,335.3349914550781,335.3349914550781,335.07501220703125,335.2900085449219,34593
2026-02-23 19:20:00,335.3399963378906,335.385009765625,335.0400085449219,335.04998779296875,33205
2026-02-23 19:25:00,335.010009765625,335.260009765625,334.82000732421875,334.9599914550781,33288
2026-02-23 19:30:00,334.9599914550781,334.9599914550781,334.7099914550781,334.9049987792969,28627
2026-02-23 19:35:00,334.8699951171875,334.9049987792969,334.6300048828125,334.69000244140625,27628
2026-02-23 19:40:00,334.70001220703125,335.1000061035156,334.6700134277344,335.07000732421875,32637
2026-02-23 19:45:00,335.07000732421875,335.3800048828125,335.0474853515625,335.2200012207031,39281
2026-02-23 19:50:00,335.2300109863281,335.2799987792969,335.07000732421875,335.2699890136719,36211
2026-02-23 19:55:00,335.25,335.2900085449219,334.8800048828125,335.0249938964844,35859
2026-02-23 20:00:00,335.04998779296875,335.19000244140625,334.8999938964844,335.0400085449219,24765
2026-02-23 20:05:00,335.0199890136719,335.32000732421875,334.9599914550781,335.29998779296875,36150
2026-02-23 20:10:00,335.3299865722656,335.3699951171875,335.1050109863281,335.1050109863281,31865
2026-02-23 20:15:00,335.1199951171875,335.3999938964844,334.8999938964844,334.9800109863281,31212
2026-02-23 20:20:00,334.9800109863281,335.0400085449219,334.7799987792969,334.7799987792969,29339
2026-02-23 20:25:00,334.7699890136719,334.9700012207031,334.69439697265625,334.8949890136719,29979
2026-02-23 20:30:00,334.8900146484375,334.9599914550781,334.32000732421875,334.3500061035156,52682
2026-02-23 20:35:00,334.3800048828125,334.6099853515625,334.2950134277344,334.38299560546875,39333
2026-02-23 20:40:00,334.4100036621094,334.4700012207031,334.0,334.0199890136719,38732
2026-02-23 20:45:00,334.04998779296875,334.5799865722656,333.8999938964844,334.5249938964844,71077
2026-02-23 20:50:00,334.510009765625,334.760009765625,334.2900085449219,334.3500061035156,97706
2026-02-23 20:55:00,334.3699951171875,334.7200012207031,334.2200012207031,334.6600036621094,243624
2026-02-24 14:30:00,335.3099975585937,336.0,334.6700134277344,334.7099914550781,79272
2026-02-24 14:35:00,334.7099914550781,335.70001220703125,334.2301025390625,335.19500732421875,42455
2026-02-24 14:40:00,335.2300109863281,335.3800048828125,333.5,333.9800109863281,47822
2026-02-24 14:45:00,333.9599914550781,335.760009765625,333.8999938964844,335.1700134277344,20884
2026-02-24 14:50:00,335.19500732421875,335.8800048828125,334.9219055175781,335.6199951171875,35287
2026-02-24 14:55:00,335.25,335.44000244140625,334.57501220703125,334.79998779296875,26840
2026-02-24 15:00:00,334.7799987792969,335.1400146484375,334.44000244140625,334.5,28194
2026-02-24 15:05:00,334.3900146484375,335.20001220703125,334.3900146484375,334.95001220703125,19508
2026-02-24 15:10:00,334.9800109863281,335.1000061035156,334.6300048828125,334.6700134277344,14137
2026-02-24 15:15:00,334.7300109863281,334.760009765625,334.29998779296875,334.45001220703125,27207
2026-02-24 15:20:00,334.44500732421875,335.3599853515625,334.19500732421875,335.3599853515625,38701
2026-02-24 15:25:00,335.3800048828125,335.5,335.1499938964844,335.3599853515625,31248
2026-02-24 15:30:00,335.3999938964844,335.4599914550781,334.8699951171875,335.1300048828125,31103
2026-02-24 15:35:00,335.1400146484375,335.2799987792969,334.840087890625,335.0150146484375,25183
2026-02-24 15:40:00,335.0150146484375,335.17999267578125,334.94000244140625,335.07501220703125,13984
2026-02-24 15:45:00,335.1199951171875,335.42999267578125,334.9949951171875,335.29998779296875,19835
2026-02-24 15:50:00,335.3599853515625,335.4200134277344,335.125,335.2200012207031,10304
2026-02-24 15:55:00,335.2300109863281,335.2300109863281,334.8800048828125,335.1299133300781,24271
2026-02-24 16:00:00,335.0400085449219,335.17999267578125,334.69000244140625,334.8599853515625,46625
2026-02-24 16:05:00,334.8550109863281,335.04998779296875,334.7300109863281,334.7300109863281,11048
2026-02-24 16:10:00,334.7950134277344,335.1199951171875,334.5,335.1050109863281,18614
2026-02-24 16:15:00,335.0599975585937,335.1600036621094,334.510009765625,334.510009765625,11044
2026-02-24 16:20:00,334.510009765625,334.8699951171875,334.29998779296875,334.5599975585937,16064
2026-02-24 16:25:00,334.5799865722656,334.6199951171875,334.3500061035156,334.385009765625,13911
2026-02-24 16:30:00,334.3800048828125,334.6499938964844,334.1000061035156,334.54998779296875,29523
2026-02-24 16:35:00,334.5450134277344,334.94000244140625,334.5450134277344,334.67999267578125,16865
2026-02-24 16:40:00,334.6000061035156,334.6698913574219,334.25,334.25,15025
2026-02-24 16:45:00,334.32000732421875,334.510009765625,334.1099853515625,334.2250061035156,10627
2026-02-24 16:50:00,334.2200012207031,334.3599853515625,333.8599853515625,333.8599853515625,9330
2026-02-24 16:55:00,333.8550109863281,334.0599975585937,333.5,333.6499938964844,27425
2026-02-24 17:00:00,333.70001220703125,333.8599853515625,333.45001220703125,333.75,15536
2026-02-24 17:05:00,333.67999267578125,333.8999938964844,333.4100036621094,333.8500061035156,35563
2026-02-24 17:10:00,333.7799987792969,333.95001220703125,333.5101013183594,333.5610046386719,18160
2026-02-24 17:15:00,333.5950012207031,333.67999267578125,333.29998779296875,333.4750061035156,14729
2026-02-24 17:20:00,333.4750061035156,333.4750061035156,332.8399963378906,332.989990234375,52597
2026-02-24 17:25:00,332.9700012207031,333.19000244140625,332.7799987792969,333.0849914550781,14042
2026-02-24 17:30:00,333.0849914550781,333.17999267578125,332.70001220703125,332.8099975585937,12563
2026-02-24 17:35:00,332.7699890136719,332.8399963378906,332.5199890136719,332.7200012207031,9109
2026-02-24 17:40:00,332.739990234375,332.8900146484375,332.510009765625,332.614990234375,13977
2026-02-24 17:45:00,332.6400146484375,332.8099975585937,332.4649963378906,332.7499084472656,18893
2026-02-24 17:50:00,332.70001220703125,332.75,332.5799865722656,332.67498779296875,9670
2026-02-24 17:55:00,332.7200012207031,332.8699951171875,332.6199951171875,332.67498779296875,23232
2026-02-24 18:00:00,332.67498779296875,332.9700012207031,332.6700134277344,332.9696044921875,11544
2026-02-24 18:05:00,332.9700012207031,333.1000061035156,332.94000244140625,333.04998779296875,9861
2026-02-24 18:10:00,333.010009765625,333.2300109863281,332.9599914550781,333.2149963378906,9773
2026-02-24 18:15:00,333.19000244140625,333.19000244140625,333.0400085449219,333.0400085449219,10592
2026-02-24 18:20:00,333.0899963378906,333.2900085449219,333.0400085449219,333.2699890136719,11326
2026-02-24 18:25:00,333.2749938964844,333.5,333.2749938964844,333.45001220703125,6648
2026-02-24 18:30:00,333.4700012207031,333.5599975585937,333.25,333.3500061035156,20913
2026-02-24 18:35:00,333.3550109863281,333.42999267578125,333.231201171875,333.3450012207031,14065
2026-02-24 18:40:00,333.3800048828125,333.4938049316406,333.2701110839844,333.3699951171875,10983
2026-02-24 18:45:00,333.3699951171875,333.54998779296875,333.3699951171875,333.4753112792969,12349
2026-02-24 18:50:00,333.42498779296875,333.6099853515625,333.29998779296875,333.32000732421875,10159
2026-02-24 18:55:00,333.32000732421875,333.5400085449219,333.010009765625,333.3099975585937,13261
2026-02-24 19:00:00,333.2900085449219,333.4349975585937,332.5899963378906,332.6849975585937,17450
2026-02-24 19:05:00,332.69000244140625,332.7699890136719,332.3299865722656,332.510009765625,12506
2026-02-24 19:10:00,332.5050048828125,332.8667907714844,332.45001220703125,332.8299865722656,15105
2026-02-24 19:15:00,332.8399963378906,332.9349975585937,332.6600036621094,332.7182922363281,11037
2026-02-24 19:20:00,332.7149963378906,332.9198913574219,332.5151062011719,332.8468933105469,16127
2026-02-24 19:25:00,332.802490234375,332.802490234375,332.402099609375,332.5849914550781,12647
2026-02-24 19:30:00,332.5849914550781,332.739990234375,332.4599914550781,332.6199951171875,16886
2026-02-24 19:35:00,332.6199951171875,332.82501220703125,332.5299987792969,332.75,11093
2026-02-24 19:40:00,332.7799987792969,332.8599853515625,332.6499938964844,332.8099975585937,11199
2026-02-24 19:45:00,332.82000732421875,332.9800109863281,332.7749938964844,332.9100036621094,11882
2026-02-24 19:50:00,332.9100036621094,333.0199890136719,332.7900085449219,332.9800109863281,20938
2026-02-24 19:55:00,333.0199890136719,333.2300109863281,333.0199890136719,333.1700134277344,17711
2026-02-24 20:00:00,333.1549987792969,333.2300109863281,333.07000732421875,333.1400146484375,17755
2026-02-24 20:05:00,333.1300048828125,333.2099914550781,333.0,333.1199951171875,26150
2026-02-24 20:10:00,333.0899963378906,333.375,333.06500244140625,333.2049865722656,22912
2026-02-24 20:15:00,333.2049865722656,333.25,333.0799865722656,333.17999267578125,15578
2026-02-24 20:20:00,333.20001220703125,333.25,333.0599975585937,333.0849914550781,18801
2026-02-24 20:25:00,333.0849914550781,333.17999267578125,332.90008544921875,332.9399108886719,22267
2026-02-24 20:30:00,332.9100036621094,332.94000244140625,332.6400146484375,332.79998779296875,26498
2026-02-24 20:35:00,332.81500244140625,332.9800109863281,332.7699890136719,332.8599853515625,33502
2026-02-24 20:40:00,332.8800048828125,333.1600036621094,332.8800048828125,333.1300048828125,30782
2026-02-24 20:45:00,333.1499938964844,333.5599975585937,333.1499938964844,333.5299987792969,39980
2026-02-24 20:50:00,333.5599975585937,333.95001220703125,333.2099914550781,333.2300109863281,89160
2026-02-24 20:55:00,333.20001220703125,333.6000061035156,332.94500732421875,333.2300109863281,252572
2026-02-25 14:30:00,332.0,333.0849914550781,331.6700134277344,332.510009765625,108071
2026-02-25 14:35:00,332.5150146484375,332.8999938964844,331.760009765625,331.9949951171875,32170
2026-02-25 14:40:00,331.9657897949219,332.1300048828125,330.79998779296875,331.1000061035156,52622
2026-02-25 14:45:00,331.1000061035156,331.6199951171875,330.9760131835937,331.1300048828125,18876
2026-02-25 14:50:00,331.2799987792969,331.34149169921875,330.82000732421875,330.8999938964844,18608
2026-02-25 14:55:00,330.8999938964844,330.8999938964844,330.0,330.38250732421875,30744
2026-02-25 15:00:00,330.4100036621094,330.5199890136719,330.010009765625,330.3099975585937,33654
2026-02-25 15:05:00,330.2099914550781,331.1199951171875,330.0799865722656,330.9825134277344,21141
2026-02-25 15:10:00,330.9949951171875,331.6980895996094,330.9136962890625,331.4931945800781,29250
2026-02-25 15:15:00,331.4599914550781,332.05499267578125,331.2699890136719,331.989990234375,12050
2026-02-25 15:20:00,331.989990234375,332.1000061035156,331.8299865722656,331.8299865722656,14892
2026-02-25 15:25:00,331.92999267578125,332.3699951171875,331.8500061035156,332.2300109863281,17529
2026-02-25 15:30:00,332.2200012207031,332.5599975585937,332.2200012207031,332.4100036621094,16820
2026-02-25 15:35:00,332.4100036621094,332.45001220703125,332.1400146484375,332.45001220703125,8643
2026-02-25 15:40:00,332.3900146484375,332.44000244140625,332.0199890136719,332.1400146484375,6617
2026-02-25 15:45:00,332.19500732421875,332.31500244140625,332.0950012207031,332.19500732421875,11016
2026-02-25 15:50:00,332.19500732421875,332.5799865722656,332.1200866699219,332.3599853515625,11343
2026-02-25 15:55:00,332.3999938964844,332.4800109863281,332.2699890136719,332.3949890136719,10115
2026-02-25 16:00:00,332.42498779296875,332.6499938964844,332.28009033203125,332.28009033203125,17409
2026-02-25 16:05:00,332.32000732421875,332.6400146484375,332.19500732421875,332.6050109863281,16292
2026-02-25 16:10:00,332.6199951171875,332.9609069824219,332.3299865722656,332.3500061035156,9810
2026-02-25 16:15:00,332.3900146484375,332.510009765625,332.17999267578125,332.2799987792969,6313
2026-02-25 16:20:00,332.22100830078125,332.5249938964844,332.19000244140625,332.32000732421875,17929
2026-02-25 16:25:00,332.31500244140625,332.7304992675781,332.31500244140625,332.510009765625,11559
2026-02-25 16:30:00,332.510009765625,332.7650146484375,332.4800109863281,332.7449951171875,15784
2026-02-25 16:35:00,332.7950134277344,332.8599853515625,332.6000061035156,332.6600036621094,11948
2026-02-25 16:40:00,332.67999267578125,333.1499938964844,332.4974975585937,333.06500244140625,21926
2026-02-25 16:45:00,333.06500244140625,333.29998779296875,333.0,333.260009765625,15936
2026-02-25 16:50:00,333.260009765625,333.32000732421875,333.0506896972656,333.2200012207031,19777
2026-02-25 16:55:00,333.2900085449219,333.6199951171875,333.2900085449219,333.5050048828125,18010
2026-02-25 17:00:00,333.5899963378906,333.69500732421875,333.45001220703125,333.45001220703125,10006
2026-02-25 17:05:00,333.3900146484375,333.4800109863281,333.3299865722656,333.4200134277344,6791
2026-02-25 17:10:00,333.3299865722656,333.3599853515625,333.1700134277344,333.32000732421875,8299
2026-02-25 17:15:00,333.3599853515625,333.5,333.239990234375,333.4750061035156,8284
2026-02-25 17:20:00,333.4750061035156,333.6799011230469,333.4750061035156,333.5450134277344,10595
2026-02-25 17:25:00,333.5400085449219,333.61639404296875,333.42999267578125,333.57000732421875,9086
2026-02-25 17:30:00,333.57000732421875,334.1499938964844,333.4100036621094,333.8999938964844,27744
2026-02-25 17:35:00,333.8599853515625,333.9349975585937,333.6474914550781,333.760009765625,18299
2026-02-25 17:40:00,333.7650146484375,334.0,333.7650146484375,333.864990234375,18301
2026-02-25 17:45:00,333.8599853515625,333.92999267578125,333.6099853515625,333.7650146484375,17059
2026-02-25 17:50:00,333.760009765625,333.81500244140625,333.6099853515625,333.6499938964844,6644
2026-02-25 17:55:00,333.6400146484375,333.7900085449219,333.42999267578125,333.42999267578125,7691
2026-02-25 18:00:00,333.4649963378906,333.4649963378906,333.17999267578125,333.17999267578125,7709
2026-02-25 18:05:00,333.1300048828125,333.19500732421875,332.8800048828125,332.8800048828125,9558
2026-02-25 18:10:00,332.95001220703125,333.0,332.75,332.9800109863281,7425
2026-02-25 18:15:00,333.01251220703125,333.2550048828125,332.8999938964844,333.1300048828125,8141
2026-02-25 18:20:00,333.1499938964844,333.20001220703125,332.9200134277344,332.9200134277344,7515
2026-02-25 18:25:00,332.9898986816406,333.0199890136719,332.82000732421875,332.85009765625,8409
2026-02-25 18:30:00,332.8999938964844,332.9349975585937,332.6849975585937,332.75,6129
2026-02-25 18:35:00,332.7449951171875,332.7650146484375,332.55499267578125,332.55499267578125,7652
2026-02-25 18:40:00,332.6099853515625,332.6600036621094,332.510009765625,332.5810852050781,10286
2026-02-25 18:45:00,332.614990234375,332.739990234375,332.55499267578125,332.59991455078125,258030
2026-02-25 18:50:00,332.54998779296875,332.7799987792969,332.5,332.5400085449219,17586
2026-02-25 18:55:00,332.45001220703125,332.5299987792969,332.29998779296875,332.3949890136719,6627
2026-02-25 19:00:00,332.3800048828125,332.6650085449219,332.3500061035156,332.4150085449219,24278
2026-02-25 19:05:00,332.4150085449219,332.6099853515625,332.360107421875,332.4800109863281,11519
2026-02-25 19:10:00,332.4800109863281,332.4800109863281,332.3500061035156,332.3800048828125,7168
2026-02-25 19:15:00,332.4200134277344,332.4599914550781,332.23199462890625,332.2799987792969,11241
2026-02-25 19:20:00,332.2699890136719,332.3349914550781,332.20001220703125,332.2598876953125,5739
2026-02-25 19:25:00,332.25,332.2799987792969,332.1400146484375,332.239990234375,10271
2026-02-25 19:30:00,332.239990234375,332.510009765625,332.2300109863281,332.510009765625,13645
2026-02-25 19:35:00,332.5400085449219,332.5899963378906,332.32501220703125,332.42498779296875,11369
2026-02-25 19:40:00,332.4599914550781,332.4700012207031,332.2200012207031,332.2200012207031,10085
2026-02-25 19:45:00,332.2898864746094,332.42999267578125,332.2214050292969,332.2885131835937,8417
2026-02-25 19:50:00,332.32000732421875,332.3299865722656,332.0849914550781,332.32000732421875,17878
2026-02-25 19:55:00,332.3500061035156,332.489990234375,332.3500061035156,332.44000244140625,10219
2026-02-25 20:00:00,332.4599914550781,332.69000244140625,332.3299865722656,332.3699951171875,28871
2026-02-25 20:05:00,332.3999938964844,332.4800109863281,332.1300048828125,332.1499938964844,27580
2026-02-25 20:10:00,332.19000244140625,332.4649963378906,332.1549987792969,332.3908996582031,18468
2026-02-25 20:15:00,332.3915100097656,332.4800109863281,332.25,332.29998779296875,16797
2026-02-25 20:20:00,332.3800048828125,333.125,332.3500061035156,333.1099853515625,56211
2026-02-25 20:25:00,333.2049865722656,333.2250061035156,332.9599914550781,333.1485900878906,24772
2026-02-25 20:30:00,333.0899963378906,333.0899963378906,332.7742919921875,332.82000732421875,21047
2026-02-25 20:35:00,332.82501220703125,333.04998779296875,332.8099975585937,332.9800109863281,17566
2026-02-25 20:40:00,332.9949951171875,333.1400146484375,332.8800048828125,333.0050048828125,35836
2026-02-25 20:45:00,333.010009765625,333.2950134277344,332.82000732421875,332.8999938964844,50796
2026-02-25 20:50:00,332.92999267578125,333.29998779296875,332.8399963378906,333.0899963378906,39703
2026-02-25 20:55:00,333.1099853515625,333.25,332.94000244140625,333.010009765625,113892
2026-02-26 14:30:00,334.8699951171875,335.32000732421875,333.1099853515625,334.69000244140625,77956
2026-02-26 14:35:00,334.3999938964844,336.29998779296875,334.3500061035156,335.0150146484375,53540
2026-02-26 14:40:00,334.9837951660156,336.0199890136719,334.9837951660156,335.7099914550781,28983
2026-02-26 14:45:00,335.82000732421875,336.75,335.54998779296875,336.75,23962
2026-02-26 14:50:00,336.69500732421875,336.94000244140625,336.0,336.1619873046875,32999
2026-02-26 14:55:00,336.0199890136719,336.6199951171875,335.3399963378906,335.4700012207031,21685
2026-02-26 15:00:00,335.3399963378906,336.1000061035156,335.19000244140625,335.67999267578125,22102
2026-02-26 15:05:00,335.8399963378906,335.92999267578125,335.1099853515625,335.30499267578125,16288
2026-02-26 15:10:00,335.2900085449219,335.4200134277344,335.0184936523437,335.1300048828125,10682
2026-02-26 15:15:00,335.1300048828125,335.3999938964844,334.8700866699219,335.125,16160
2026-02-26 15:20:00,335.0400085449219,335.25,334.5,334.8955078125,20363
2026-02-26 15:25:00,334.82000732421875,334.94000244140625,334.5400085449219,334.69000244140625,66077
2026-02-26 15:30:00,334.69000244140625,334.8800048828125,334.5199890136719,334.7974853515625,39103
2026-02-26 15:35:00,334.7200012207031,334.7799987792969,334.1300048828125,334.3500061035156,18396
2026-02-26 15:40:00,334.3500061035156,334.4200134277344,333.79998779296875,333.8399963378906,17988
2026-02-26 15:45:00,333.8900146484375,334.385009765625,333.8800048828125,334.260009765625,21734
2026-02-26 15:50:00,334.2900085449219,334.6549987792969,334.2900085449219,334.4700012207031,11534
2026-02-26 15:55:00,334.5400085449219,334.8463134765625,334.489990234375,334.77508544921875,15543
2026-02-26 16:00:00,334.6499938964844,334.92999267578125,334.5101013183594,334.5599975585937,16032
2026-02-26 16:05:00,334.489990234375,334.8500061035156,334.423095703125,334.7491149902344,26956
2026-02-26 16:10:00,334.7900085449219,334.8030090332031,334.3299865722656,334.7550048828125,11454
2026-02-26 16:15:00,334.7099914550781,334.7355041503906,333.989990234375,334.1199951171875,25034
2026-02-26 16:20:00,334.20001220703125,334.4577941894531,334.1000061035156,334.2550048828125,13268
2026-02-26 16:25:00,334.2799987792969,334.364990234375,334.0400085449219,334.19000244140625,22223
2026-02-26 16:30:00,334.20001220703125,334.25,333.8500061035156,333.8550109863281,13883
2026-02-26 16:35:00,333.909912109375,333.909912109375,333.5799865722656,333.7300109863281,15090
2026-02-26 16:40:00,333.7250061035156,333.8999938964844,333.5249938964844,333.82000732421875,8505
2026-02-26 16:45:00,333.7799987792969,333.7799987792969,333.489990234375,333.70001220703125,13279
2026-02-26 16:50:00,333.7099914550781,334.1058959960937,333.70001220703125,334.1058959960937,19883
2026-02-26 16:55:00,334.0599975585937,334.44000244140625,334.0249938964844,334.32501220703125,25435
2026-02-26 17:00:00,334.3500061035156,334.3800048828125,333.6700134277344,333.79998779296875,13500
2026-02-26 17:05:00,333.79998779296875,333.8999938964844,333.5599975585937,333.6199951171875,12626
2026-02-26 17:10:00,333.6199951171875,333.8999938964844,333.6000061035156,333.79998779296875,10276
2026-02-26 17:15:00,333.79998779296875,333.94000244140625,333.6600036621094,333.864990234375,8625
2026-02-26 17:20:00,333.9024963378906,334.1499938964844,333.8800048828125,334.0599975585937,248757
2026-02-26 17:25:00,334.0799865722656,334.0799865722656,333.760009765625,333.8599853515625,8383
2026-02-26 17:30:00,333.8060913085937,333.8060913085937,333.56500244140625,333.6700134277344,10477
2026-02-26 17:35:00,333.6700134277344,333.79998779296875,333.57000732421875,333.5809936523437,9370
2026-02-26 17:40:00,333.635009765625,333.67999267578125,333.489990234375,333.489990234375,9023
2026-02-26 17:45:00,333.46759033203125,333.6849975585937,333.46759033203125,333.6499938964844,7263
2026-02-26 17:50:00,333.6300048828125,333.9599914550781,333.5299987792969,333.94000244140625,9122
2026-02-26 17:55:00,333.9657897949219,333.989990234375,333.6099853515625,333.6549987792969,6945
2026-02-26 18:00:00,333.6549987792969,333.8999938964844,333.6340026855469,333.8999938964844,11082
2026-02-26 18:05:00,333.94500732421875,334.239990234375,333.94500732421875,334.2099914550781,14732
2026-02-26 18:10:00,334.17999267578125,334.54998779296875,334.1700134277344,334.4385986328125,11566
2026-02-26 18:15:00,334.45001220703125,334.4949951171875,334.2699890136719,334.2699890136719,9763
2026-02-26 18:20:00,334.2200012207031,334.3500061035156,334.1199951171875,334.1300048828125,7315
2026-02-26 18:25:00,334.1400146484375,334.1700134277344,333.9700927734375,334.1000061035156,17526
2026-02-26 18:30:00,334.1000061035156,334.45001220703125,334.0899963378906,334.45001220703125,20783
2026-02-26 18:35:00,334.4599914550781,334.7099914550781,334.3500061035156,334.44000244140625,14506
2026-02-26 18:40:00,334.489990234375,334.6499938964844,334.3901062011719,334.5299987792969,7984
2026-02-26 18:45:00,334.5799865722656,334.82501220703125,334.5599975585937,334.69000244140625,10265
2026-02-26 18:50:00,334.6600036621094,334.7300109863281,334.625,334.6700134277344,9114
2026-02-26 18:55:00,334.6700134277344,334.6700134277344,334.5400085449219,334.6099853515625,14594
2026-02-26 19:00:00,334.5899963378906,334.6499938964844,334.3999938964844,334.6099853515625,18390
2026-02-26 19:05:00,334.6300048828125,334.7799987792969,334.5899963378906,334.625,18296
2026-02-26 19:10:00,334.5799865722656,334.9100036621094,334.57000732421875,334.7099914550781,12251
2026-02-26 19:15:00,334.7699890136719,335.0400085449219,334.7449951171875,335.0150146484375,24008
2026-02-26 19:20:00,334.9700927734375,335.07879638671875,334.6099853515625,334.7799987792969,13597
2026-02-26 19:25:00,334.7799987792969,335.2300109863281,334.7337951660156,335.19000244140625,16623
2026-02-26 19:30:00,335.1752014160156,335.3999938964844,334.9627990722656,335.1400146484375,23533
2026-02-26 19:35:00,335.1600036621094,335.42999267578125,335.1600036621094,335.3299865722656,14440
2026-02-26 19:40:00,335.32000732421875,335.7950134277344,335.29998779296875,335.7699890136719,25995
2026-02-26 19:45:00,335.760009765625,335.8599853515625,335.4200134277344,335.8349914550781,14204
2026-02-26 19:50:00,335.864990234375,335.9100036621094,335.29998779296875,335.32501220703125,27922
2026-02-26 19:55:00,335.32501220703125,335.5400085449219,335.0185852050781,335.42999267578125,31280
2026-02-26 20:00:00,335.4200134277344,335.79998779296875,335.4200134277344,335.79998779296875,12088
2026-02-26 20:05:00,335.79998779296875,336.0450134277344,335.7349853515625,335.9649963378906,17805
2026-02-26 20:10:00,335.9649963378906,336.0599975585937,335.6499938964844,335.70001220703125,25767
2026-02-26 20:15:00,335.70001220703125,336.06500244140625,335.67999267578125,336.010009765625,42686
2026-02-26 20:20:00,336.0299987792969,336.1600036621094,335.9599914550781,335.9800109863281,22347
2026-02-26 20:25:00,335.9800109863281,335.989990234375,335.3299865722656,335.3599853515625,24026
2026-02-26 20:30:00,335.3500061035156,335.3599853515625,334.9200134277344,335.2099914550781,23814
2026-02-26 20:35:00,335.2200012207031,335.260009765625,334.9700012207031,335.0,20630
2026-02-26 20:40:00,335.0,335.19000244140625,334.864990234375,334.9410095214844,37557
2026-02-26 20:45:00,334.989990234375,335.0199890136719,334.57000732421875,334.625,47944
2026-02-26 20:50:00,334.5599975585937,334.6099853515625,334.1000061035156,334.4949951171875,81274
2026-02-26 20:55:00,334.510009765625,335.2900085449219,334.44000244140625,334.5400085449219,185222
2026-02-27 14:30:00,335.57000732421875,338.89990234375,335.57000732421875,337.9200134277344,165157
2026-02-27 14:35:00,337.9100036621094,338.94000244140625,337.57000732421875,338.5799865722656,62106
2026-02-27 14:40:00,338.6227111816406,339.70001220703125,338.60009765625,339.3900146484375,80052
2026-02-27 14:45:00,339.3599853515625,339.6199951171875,337.7699890136719,337.8599853515625,64630
2026-02-27 14:50:00,338.0400085449219,338.95001220703125,337.7200012207031,338.7900085449219,41148
2026-02-27 14:55:00,338.8099975585937,339.70001220703125,338.7900085449219,339.6199951171875,93894
2026-02-27 15:00:00,339.6099853515625,339.95001220703125,339.2200012207031,339.24951171875,73044
2026-02-27 15:05:00,339.260009765625,339.2900085449219,338.79998779296875,338.8351135253906,58782
2026-02-27 15:10:00,338.79998779296875,339.04998779296875,338.3099975585937,338.5299987792969,55264
2026-02-27 15:15:00,338.6199951171875,339.3699951171875,338.5101013183594,339.260009765625,44923
2026-02-27 15:20:00,339.20001220703125,339.6700134277344,339.1199951171875,339.5599975585937,38057
2026-02-27 15:25:00,339.6000061035156,339.8699951171875,339.489990234375,339.5599975585937,39940
2026-02-27 15:30:00,339.5899963378906,339.7200012207031,339.1499938964844,339.6300048828125,31699
2026-02-27 15:35:00,339.69000244140625,340.3999938964844,339.44000244140625,340.3999938964844,48335
2026-02-27 15:40:00,340.3500061035156,340.8500061035156,340.3299865722656,340.7099914550781,44942
2026-02-27 15:45:00,340.7200012207031,340.7699890136719,340.29998779296875,340.5400085449219,57858
2026-02-27 15:50:00,340.5350036621094,340.8299865722656,340.3500061035156,340.6700134277344,43432
2026-02-27 15:55:00,340.7250061035156,341.0899963378906,340.5450134277344,340.81500244140625,51659
2026-02-27 16:00:00,340.8099975585937,341.00250244140625,340.3800048828125,340.4700012207031,38359
2026-02-27 16:05:00,340.5299987792969,341.20001220703125,340.510009765625,341.0249938964844,26567
2026-02-27 16:10:00,341.0400085449219,341.0799865722656,340.5,340.6600036621094,46357
2026-02-27 16:15:00,340.6499938964844,340.6499938964844,340.1099853515625,340.3450012207031,37276
2026-02-27 16:20:00,340.2699890136719,340.42999267578125,340.20001220703125,340.2699890136719,47201
2026-02-27 16:25:00,340.2200012207031,340.5299987792969,339.92999267578125,339.9700012207031,40375
2026-02-27 16:30:00,339.989990234375,340.1000061035156,339.3999938964844,339.6400146484375,32288
2026-02-27 16:35:00,339.70001220703125,339.7699890136719,339.3399963378906,339.3900146484375,13203
2026-02-27 16:40:00,339.44000244140625,339.7300109863281,339.2900085449219,339.5150146484375,15602
2026-02-27 16:45:00,339.5150146484375,339.5350036621094,339.0299987792969,339.1401062011719,20776
2026-02-27 16:50:00,339.239990234375,339.3594055175781,339.1199951171875,339.2799987792969,14664
2026-02-27 16:55:00,339.2699890136719,339.67999267578125,339.114990234375,339.2950134277344,18237
2026-02-27 17:00:00,339.2699890136719,339.5199890136719,339.19000244140625,339.2149963378906,15934
2026-02-27 17:05:00,339.1700134277344,339.5199890136719,339.0201110839844,339.42999267578125,11832
2026-02-27 17:10:00,339.4200134277344,339.69989013671875,339.32000732421875,339.69989013671875,11060
2026-02-27 17:15:00,339.635009765625,339.635009765625,339.32000732421875,339.3399963378906,12128
2026-02-27 17:20:00,339.3949890136719,339.4100036621094,339.0799865722656,339.0799865722656,15636
2026-02-27 17:25:00,339.125,339.3099975585937,339.0599975585937,339.29010009765625,10104
2026-02-27 17:30:00,339.2900085449219,339.67498779296875,339.2900085449219,339.5132141113281,19831
2026-02-27 17:35:00,339.57000732421875,339.8699951171875,339.57000732421875,339.7200927734375,13992
2026-02-27 17:40:00,339.7300109863281,339.8800048828125,339.6300048828125,339.6300048828125,9640
2026-02-27 17:45:00,339.6549987792969,339.760009765625,339.5199890136719,339.7099914550781,9719
2026-02-27 17:50:00,339.7699890136719,339.8699951171875,339.4599914550781,339.4599914550781,20712
2026-02-27 17:55:00,339.510009765625,339.7200012207031,339.4649963378906,339.7200012207031,20170
2026-02-27 18:00:00,339.75,339.8399963378906,339.5000915527344,339.57000732421875,13359
2026-02-27 18:05:00,339.54998779296875,339.8299865722656,339.5199890136719,339.7699890136719,15066
2026-02-27 18:10:00,339.7900085449219,340.0,339.7699890136719,339.9750061035156,13022
2026-02-27 18:15:00,340.0,340.17999267578125,339.9100036621094,340.1700134277344,18806
2026-02-27 18:20:00,340.1600036621094,340.19000244140625,339.5899963378906,339.8699951171875,19264
2026-02-27 18:25:00,339.9100036621094,340.07501220703125,339.7749938964844,340.06500244140625,14607
2026-02-27 18:30:00,340.04998779296875,340.1099853515625,339.7099914550781,339.7099914550781,10626
2026-02-27 18:35:00,339.75,339.9700012207031,339.6300048828125,339.9700012207031,9219
2026-02-27 18:40:00,339.9750061035156,340.1300048828125,339.9599914550781,340.0950012207031,11339
2026-02-27 18:45:00,340.07000732421875,340.2699890136719,339.9800109863281,339.9949951171875,12862
2026-02-27 18:50:00,339.92498779296875,339.9999084472656,339.6600036621094,339.6700134277344,7226
2026-02-27 18:55:00,339.6700134277344,339.92498779296875,339.6482849121094,339.9100036621094,31493
2026-02-27 19:00:00,339.9150085449219,339.9599914550781,339.69500732421875,339.840087890625,19334
2026-02-27 19:05:00,339.8380126953125,339.94000244140625,339.6199951171875,339.760009765625,14784
2026-02-27 19:10:00,339.7699890136719,340.1099853515625,339.6499938964844,339.989990234375,15499
2026-02-27 19:15:00,339.9800109863281,340.30499267578125,339.9800109863281,340.19500732421875,26203
2026-02-27 19:20:00,340.19500732421875,340.25,339.92999267578125,340.04998779296875,28622
2026-02-27 19:25:00,340.1400146484375,340.3099975585937,340.04998779296875,340.2799987792969,16401
2026-02-27 19:30:00,340.2650146484375,340.32000732421875,339.3550109863281,339.5050048828125,35140
2026-02-27 19:35:00,339.4949951171875,339.8399963378906,339.4949951171875,339.6050109863281,25328
2026-02-27 19:40:00,339.6099853515625,340.06988525390625,339.6099853515625,339.8299865722656,19618
2026-02-27 19:45:00,339.8500061035156,340.69500732421875,339.8247985839844,340.6260070800781,25103
2026-02-27 19:50:00,340.6499938964844,340.7099914550781,340.35089111328125,340.3800048828125,27701
2026-02-27 19:55:00,340.3999938964844,340.4100036621094,340.04998779296875,340.29010009765625,21625
2026-02-27 20:00:00,340.3800048828125,340.6099853515625,340.25,340.6099853515625,22747
2026-02-27 20:05:00,340.6499938964844,340.6499938964844,340.3900146484375,340.42498779296875,76848
2026-02-27 20:10:00,340.375,340.8999938964844,340.375,340.7340087890625,24495
2026-02-27 20:15:00,340.70001220703125,340.75,340.4175109863281,340.67999267578125,26419
2026-02-27 20:20:00,340.6650085449219,340.69000244140625,340.32000732421875,340.3550109863281,31337
2026-02-27 20:25:00,340.3900146484375,340.7900085449219,340.3900146484375,340.67498779296875,25014
2026-02-27 20:30:00,340.7099914550781,340.8699951171875,340.6600036621094,340.69500732421875,37115
2026-02-27 20:35:00,340.69000244140625,340.94000244140625,340.45001220703125,340.6099853515625,34855
2026-02-27 20:40:00,340.5799865722656,340.70001220703125,340.3999938964844,340.625,31554
2026-02-27 20:45:00,340.6499938964844,341.1000061035156,340.6199951171875,340.8900146484375,74227
2026-02-27 20:50:00,340.92999267578125,341.3500061035156,340.42999267578125,340.4700012207031,95525
2026-02-27 20:55:00,340.5199890136719,341.0799865722656,340.4599914550781,341.0,221266
