timestamp,Open,High,Low,Close,Volume
2026-01-08 14:30:00,136.61000061035156,137.1300048828125,136.00999450683594,137.09800720214844,433567
2026-01-08 14:35:00,137.08999633789062,137.6300048828125,137.0399932861328,137.32000732421875,95697
2026-01-08 14:40:00,137.3000030517578,137.69500732421875,137.2449951171875,137.69500732421875,268548
2026-01-08 14:45:00,137.67999267578125,138.22999572753906,137.6300048828125,137.9499969482422,114942
2026-01-08 14:50:00,137.9499053955078,138.5,137.91000366210938,138.3000030517578,103110
2026-01-08 14:55:00,138.3699951171875,138.8000030517578,138.3699951171875,138.69000244140625,86919
2026-01-08 15:00:00,138.75,139.00999450683594,138.48500061035156,138.50999450683594,73734
2026-01-08 15:05:00,138.55999755859375,138.75,138.3820037841797,138.60000610351562,105667
2026-01-08 15:10:00,138.5850067138672,138.66000366210938,138.4080047607422,138.44500732421875,74570
2026-01-08 15:15:00,138.44500732421875,138.66799926757812,138.44000244140625,138.61000061035156,64582
2026-01-08 15:20:00,138.55999755859375,138.67349243164062,138.47000122070312,138.52499389648438,34955
2026-01-08 15:25:00,138.50999450683594,138.60000610351562,138.4199981689453,138.4199981689453,30923
2026-01-08 15:30:00,138.39999389648438,138.6999969482422,138.3800048828125,138.6699981689453,74033
2026-01-08 15:35:00,138.6999969482422,138.8300018310547,138.55999755859375,138.80999755859375,156161
2026-01-08 15:40:00,138.8300018310547,138.8300018310547,138.27999877929688,138.3300018310547,82450
2026-01-08 15:45:00,138.27999877929688,138.38999938964844,138.08999633789062,138.1999969482422,50497
2026-01-08 15:50:00,138.1699981689453,138.17999267578125,138.0,138.05999755859375,68924
2026-01-08 15:55:00,138.0399932861328,138.25999450683594,138.00999450683594,138.1436004638672,31834
2026-01-08 16:00:00,138.11480712890625,138.27999877929688,138.0449981689453,138.1699981689453,63436
2026-01-08 16:05:00,138.22999572753906,138.25999450683594,138.00999450683594,138.03990173339844,22728
2026-01-08 16:10:00,138.00999450683594,138.11000061035156,137.97000122070312,138.00999450683594,30133
2026-01-08 16:15:00,138.0,138.02999877929688,137.88999938964844,137.9600067138672,50578
2026-01-08 16:20:00,137.97000122070312,138.00050354003906,137.82000732421875,137.8300018310547,33550
2026-01-08 16:25:00,137.82000732421875,138.17999267578125,137.7926025390625,138.14999389648438,54997
2026-01-08 16:30:00,138.14999389648438,138.30999755859375,138.0749969482422,138.1999969482422,40113
2026-01-08 16:35:00,138.1999969482422,138.47000122070312,138.1999969482422,138.47000122070312,51285
2026-01-08 16:40:00,138.4571075439453,138.50999450683594,138.2449951171875,138.27000427246094,30542
2026-01-08 16:45:00,138.2449951171875,138.3000030517578,138.17999267578125,138.25,23261
2026-01-08 16:50:00,138.19000244140625,138.2899932861328,138.1699981689453,138.27499389648438,21278
2026-01-08 16:55:00,138.27000427246094,138.39999389648438,138.24000549316406,138.36000061035156,43521
2026-01-08 17:00:00,138.35000610351562,138.36749267578125,138.19000244140625,138.28500366210938,31872
2026-01-08 17:05:00,138.27000427246094,138.41000366210938,138.27000427246094,138.2949981689453,38804
2026-01-08 17:10:00,138.30999755859375,138.32000732421875,138.17999267578125,138.17999267578125,34287
2026-01-08 17:15:00,138.1999969482422,138.24000549316406,138.13999938964844,138.1699981689453,23161
2026-01-08 17:20:00,138.16000366210938,138.25,138.07000732421875,138.17999267578125,25242
2026-01-08 17:25:00,138.16000366210938,138.3800048828125,138.16000366210938,138.32000732421875,26061
2026-01-08 17:30:00,138.3350067138672,138.47999572753906,138.32000732421875,138.4199981689453,34601
2026-01-08 17:35:00,138.41000366210938,138.42999267578125,138.30999755859375,138.41000366210938,30337
2026-01-08 17:40:00,138.4199981689453,138.47079467773438,138.39149475097656,138.42799377441406,40409
2026-01-08 17:45:00,138.42999267578125,138.52999877929688,138.39500427246094,138.49000549316406,22770
2026-01-08 17:50:00,138.47000122070312,138.50379943847656,138.3800048828125,138.47000122070312,22081
2026-01-08 17:55:00,138.47000122070312,138.60000610351562,138.42999267578125,138.60000610351562,34033
2026-01-08 18:00:00,138.58999633789062,138.64700317382812,138.5500030517578,138.61000061035156,24952
2026-01-08 18:05:00,138.6199951171875,138.6199951171875,138.52000427246094,138.53500366210938,35822
2026-01-08 18:10:00,138.53500366210938,138.57000732421875,138.49000549316406,138.5399932861328,36537
2026-01-08 18:15:00,138.52999877929688,138.60000610351562,138.4833984375,138.60000610351562,30357
2026-01-08 18:20:00,138.57000732421875,138.57000732421875,138.49000549316406,138.5449981689453,46143
2026-01-08 18:25:00,138.55990600585938,138.61000061035156,138.50250244140625,138.5800018310547,31168
2026-01-08 18:30:00,138.5800018310547,138.77000427246094,138.57000732421875,138.77000427246094,31954
2026-01-08 18:35:00,138.77000427246094,138.7949981689453,138.63999938964844,138.63999938964844,61828
2026-01-08 18:40:00,138.66000366210938,138.75990295410156,138.66000366210938,138.73500061035156,21986
2026-01-08 18:45:00,138.7303009033203,138.88999938964844,138.71499633789062,138.88499450683594,20670
2026-01-08 18:50:00,138.88499450683594,139.0500030517578,138.86000061035156,139.02499389648438,33332
2026-01-08 18:55:00,139.02999877929688,139.10499572753906,138.9199981689453,138.9250030517578,32579
2026-01-08 19:00:00,138.94000244140625,139.25840759277344,138.90499877929688,139.25840759277344,46738
2026-01-08 19:05:00,139.25,139.27000427246094,139.07000732421875,139.0850067138672,47247
2026-01-08 19:10:00,139.07000732421875,139.1999969482422,139.0399932861328,139.1699981689453,34732
2026-01-08 19:15:00,139.1699981689453,139.17999267578125,139.11000061035156,139.13999938964844,32802
2026-01-08 19:20:00,139.14999389648438,139.31500244140625,139.14999389648438,139.1750030517578,44736
2026-01-08 19:25:00,139.17999267578125,139.29100036621094,139.17599487304688,139.17999267578125,24922
2026-01-08 19:30:00,139.16000366210938,139.19000244140625,139.0749969482422,139.11000061035156,41852
2026-01-08 19:35:00,139.1201934814453,139.19000244140625,139.08999633789062,139.17999267578125,33367
2026-01-08 19:40:00,139.1699981689453,139.28500366210938,139.14999389648438,139.17999267578125,48587
2026-01-08 19:45:00,139.19000244140625,139.25,139.16000366210938,139.1999053955078,33596
2026-01-08 19:50:00,139.18499755859375,139.25999450683594,139.14500427246094,139.17999267578125,31536
2026-01-08 19:55:00,139.19000244140625,139.35000610351562,139.19000244140625,139.30999755859375,41679
2026-01-08 20:00:00,139.3000030517578,139.35000610351562,139.17999267578125,139.19500732421875,68097
2026-01-08 20:05:00,139.2100067138672,139.21499633789062,139.05999755859375,139.11500549316406,75206
2026-01-08 20:10:00,139.1199951171875,139.18499755859375,139.10499572753906,139.1199951171875,70816
2026-01-08 20:15:00,139.12100219726562,139.16000366210938,138.99000549316406,138.9949951171875,94739
2026-01-08 20:20:00,138.97999572753906,139.10000610351562,138.91000366210938,139.07000732421875,79617
2026-01-08 20:25:00,139.07000732421875,139.19000244140625,139.0399932861328,139.1699981689453,115067
2026-01-08 20:30:00,139.14010620117188,139.17999267578125,138.97500610351562,138.99000549316406,72111
2026-01-08 20:35:00,139.0050048828125,139.02000427246094,138.85000610351562,138.91000366210938,85680
2026-01-08 20:40:00,138.9199981689453,139.25,138.9149932861328,139.22999572753906,101308
2026-01-08 20:45:00,139.22999572753906,139.38999938964844,139.19500732421875,139.35000610351562,132403
2026-01-08 20:50:00,139.33999633789062,139.47999572753906,139.1999969482422,139.42469787597656,195961
2026-01-08 20:55:00,139.41000366210938,139.44500732421875,139.2899932861328,139.375,366644
2026-01-09 14:30:00,139.83999633789062,140.0500030517578,139.50999450683594,139.74000549316406,176897
2026-01-09 14:35:00,139.74000549316406,139.74000549316406,138.91000366210938,139.0673065185547,59624
2026-01-09 14:40:00,139.04769897460938,139.12989807128906,138.6999969482422,138.99000549316406,54559
2026-01-09 14:45:00,138.97999572753906,139.05999755859375,138.8000030517578,138.86500549316406,51899
2026-01-09 14:50:00,138.86000061035156,139.3000030517578,138.75,139.22999572753906,28580
2026-01-09 14:55:00,139.2899932861328,139.3699951171875,139.0500030517578,139.25,24545
2026-01-09 15:00:00,139.2550048828125,139.5,139.0399932861328,139.4600067138672,45057
2026-01-09 15:05:00,139.46499633789062,139.6999969482422,139.4199981689453,139.56500244140625,44098
2026-01-09 15:10:00,139.52999877929688,139.5500030517578,139.33999633789062,139.44000244140625,40158
2026-01-09 15:15:00,139.47500610351562,139.69000244140625,139.3699951171875,139.69000244140625,33409
2026-01-09 15:20:00,139.67999267578125,139.97999572753906,139.66000366210938,139.82009887695312,37087
2026-01-09 15:25:00,139.82000732421875,139.9600067138672,139.75,139.9600067138672,33332
2026-01-09 15:30:00,139.97999572753906,140.07000732421875,139.8925018310547,139.8925018310547,28072
2026-01-09 15:35:00,139.9398956298828,139.9600067138672,139.83999633789062,139.875,19208
2026-01-09 15:40:00,139.8704071044922,139.9499969482422,139.85000610351562,139.89500427246094,29772
2026-01-09 15:45:00,139.8699951171875,139.9600067138672,139.8300018310547,139.8800048828125,40907
2026-01-09 15:50:00,139.875,139.94000244140625,139.81300354003906,139.9250030517578,20526
2026-01-09 15:55:00,139.96499633789062,139.97999572753906,139.77999877929688,139.80999755859375,25426
2026-01-09 16:00:00,139.81500244140625,139.8800048828125,139.76010131835938,139.83999633789062,25190
2026-01-09 16:05:00,139.85000610351562,139.8800048828125,139.70010375976562,139.76499938964844,32681
2026-01-09 16:10:00,139.75,140.08999633789062,139.75,139.83999633789062,97951
2026-01-09 16:15:00,139.8699951171875,139.9499969482422,139.84010314941406,139.9250030517578,30772
2026-01-09 16:20:00,139.9250030517578,139.9949951171875,139.8699951171875,139.90499877929688,32575
2026-01-09 16:25:00,139.88009643554688,139.88999938964844,139.7949981689453,139.8350067138672,26133
2026-01-09 16:30:00,139.82000732421875,139.94000244140625,139.8000030517578,139.89500427246094,24921
2026-01-09 16:35:00,139.90499877929688,140.0500030517578,139.90499877929688,139.9600067138672,21294
2026-01-09 16:40:00,139.94500732421875,140.14500427246094,139.8699951171875,140.13999938964844,27793
2026-01-09 16:45:00,140.10000610351562,140.3000030517578,140.0399932861328,140.27999877929688,24087
2026-01-09 16:50:00,140.30999755859375,140.36500549316406,140.30499267578125,140.30999755859375,25103
2026-01-09 16:55:00,140.33990478515625,140.47999572753906,140.30999755859375,140.44500732421875,45048
2026-01-09 17:00:00,140.4499969482422,140.72000122070312,140.4199981689453,140.63690185546875,38014
2026-01-09 17:05:00,140.65499877929688,140.74000549316406,140.62010192871094,140.72500610351562,21187
2026-01-09 17:10:00,140.72500610351562,140.75999450683594,140.66000366210938,140.72999572753906,26003
2026-01-09 17:15:00,140.72999572753906,140.7899932861328,140.64999389648438,140.6999969482422,18382
2026-01-09 17:20:00,140.6584014892578,140.67999267578125,140.47999572753906,140.61000061035156,24895
2026-01-09 17:25:00,140.6300048828125,140.6999969482422,140.42999267578125,140.4499969482422,55073
2026-01-09 17:30:00,140.4600067138672,140.52000427246094,140.42999267578125,140.50999450683594,51769
2026-01-09 17:35:00,140.50999450683594,140.58999633789062,140.47000122070312,140.49000549316406,420509
2026-01-09 17:40:00,140.49000549316406,140.6999969482422,140.49000549316406,140.67999267578125,17339
2026-01-09 17:45:00,140.6999969482422,140.7550048828125,140.6501007080078,140.74000549316406,23701
2026-01-09 17:50:00,140.73089599609375,140.7799072265625,140.68499755859375,140.68499755859375,16157
2026-01-09 17:55:00,140.6999969482422,140.77000427246094,140.69000244140625,140.69500732421875,22523
2026-01-09 18:00:00,140.66000366210938,140.66600036621094,140.4600067138672,140.46499633789062,22847
2026-01-09 18:05:00,140.4499969482422,140.47999572753906,140.32000732421875,140.32000732421875,45092
2026-01-09 18:10:00,140.3000030517578,140.42999267578125,140.29010009765625,140.3699951171875,24370
2026-01-09 18:15:00,140.36000061035156,140.39999389648438,140.32000732421875,140.3350067138672,16257
2026-01-09 18:20:00,140.3350067138672,140.33999633789062,140.21499633789062,140.2899932861328,35465
2026-01-09 18:25:00,140.25,140.27999877929688,140.1999969482422,140.27000427246094,15046
2026-01-09 18:30:00,140.2899932861328,140.36000061035156,140.27000427246094,140.33999633789062,18909
2026-01-09 18:35:00,140.33999633789062,140.38999938964844,140.2899932861328,140.35000610351562,19694
2026-01-09 18:40:00,140.36000061035156,140.4600067138672,140.35009765625,140.41000366210938,15310
2026-01-09 18:45:00,140.42999267578125,140.42999267578125,140.25,140.29559326171875,60386
2026-01-09 18:50:00,140.28500366210938,140.29310607910156,140.1699981689453,140.1699981689453,53062
2026-01-09 18:55:00,140.15499877929688,140.17999267578125,140.0989990234375,140.1199951171875,54558
2026-01-09 19:00:00,140.1165008544922,140.1300048828125,139.99000549316406,139.9907989501953,45342
2026-01-09 19:05:00,140.0050048828125,140.07000732421875,139.9199981689453,140.07000732421875,19423
2026-01-09 19:10:00,140.09500122070312,140.14999389648438,140.0500030517578,140.0800018310547,24826
2026-01-09 19:15:00,140.0800018310547,140.0800018310547,139.94000244140625,139.94500732421875,23955
2026-01-09 19:20:00,139.9199981689453,139.97000122070312,139.88499450683594,139.92999267578125,46164
2026-01-09 19:25:00,139.91510009765625,139.99000549316406,139.89999389648438,139.95509338378906,33406
2026-01-09 19:30:00,139.9600067138672,140.0850067138672,139.9600067138672,140.00999450683594,23337
2026-01-09 19:35:00,140.00999450683594,140.01010131835938,139.90420532226562,139.9199981689453,25156
2026-01-09 19:40:00,139.9199981689453,139.94000244140625,139.88499450683594,139.88999938964844,17758
2026-01-09 19:45:00,139.90499877929688,140.07000732421875,139.89999389648438,140.0258026123047,35847
2026-01-09 19:50:00,140.05999755859375,140.08999633789062,139.8800048828125,139.8800048828125,25030
2026-01-09 19:55:00,139.875,139.875,139.75,139.82000732421875,61369
2026-01-09 20:00:00,139.8300018310547,139.83999633789062,139.72999572753906,139.8000030517578,31319
2026-01-09 20:05:00,139.82000732421875,139.86500549316406,139.74000549316406,139.77000427246094,21909
2026-01-09 20:10:00,139.77000427246094,139.8000030517578,139.7100067138672,139.7100067138672,30179
2026-01-09 20:15:00,139.72999572753906,139.74630737304688,139.64830017089844,139.73500061035156,33306
2026-01-09 20:20:00,139.72000122070312,139.85000610351562,139.65499877929688,139.77000427246094,53332
2026-01-09 20:25:00,139.7899932861328,139.83999633789062,139.76499938964844,139.81500244140625,45980
2026-01-09 20:30:00,139.80999755859375,140.02999877929688,139.75999450683594,139.97999572753906,60992
2026-01-09 20:35:00,140.0,140.0,139.77999877929688,139.77999877929688,62443
2026-01-09 20:40:00,139.7899932861328,139.80999755859375,139.5500030517578,139.66000366210938,79534
2026-01-09 20:45:00,139.67999267578125,139.75999450683594,139.5800018310547,139.75999450683594,72853
2026-01-09 20:50:00,139.75,139.97999572753906,139.6999969482422,139.97000122070312,101118
2026-01-09 20:55:00,139.88999938964844,139.92999267578125,139.7899932861328,139.8800048828125,275676
2026-01-12 14:30:00,139.6300048828125,139.91000366210938,139.1190948486328,139.4600067138672,336886
2026-01-12 14:35:00,139.39999389648438,139.39999389648438,138.55999755859375,139.1300048828125,116477
2026-01-12 14:40:00,139.1759033203125,139.57000732421875,139.11000061035156,139.5399932861328,146958
2026-01-12 14:45:00,139.5500030517578,140.02499389648438,139.5399932861328,139.8000030517578,69713
2026-01-12 14:50:00,139.85000610351562,139.875,139.4949951171875,139.63999938964844,54937
2026-01-12 14:55:00,139.63510131835938,139.75,139.53500366210938,139.6300048828125,44620
2026-01-12 15:00:00,139.61000061035156,139.72500610351562,139.46499633789062,139.69500732421875,62846
2026-01-12 15:05:00,139.69500732421875,139.83999633789062,139.65750122070312,139.69000244140625,64721
2026-01-12 15:10:00,139.72999572753906,139.92999267578125,139.69000244140625,139.92999267578125,55462
2026-01-12 15:15:00,139.94000244140625,139.97999572753906,139.6999969482422,139.72999572753906,57147
2026-01-12 15:20:00,139.72999572753906,139.82000732421875,139.60000610351562,139.69500732421875,46252
2026-01-12 15:25:00,139.6999969482422,139.90989685058594,139.5500946044922,139.8699951171875,68516
2026-01-12 15:30:00,139.85499572753906,139.93499755859375,139.77999877929688,139.93499755859375,44901
2026-01-12 15:35:00,139.9600067138672,140.0,139.80999755859375,139.8699951171875,53460
2026-01-12 15:40:00,139.89500427246094,139.97999572753906,139.75,139.84500122070312,68652
2026-01-12 15:45:00,139.8699951171875,139.9199981689453,139.77499389648438,139.82000732421875,66578
2026-01-12 15:50:00,139.7899932861328,139.83999633789062,139.49000549316406,139.80999755859375,47755
2026-01-12 15:55:00,139.7949981689453,139.9199981689453,139.77000427246094,139.8699951171875,45949
2026-01-12 16:00:00,139.88999938964844,140.17999267578125,139.7100067138672,140.1649932861328,771683
2026-01-12 16:05:00,140.16000366210938,140.25999450683594,140.11500549316406,140.25,54172
2026-01-12 16:10:00,140.25,140.3300018310547,140.1699981689453,140.30999755859375,48726
2026-01-12 16:15:00,140.3300018310547,140.36000061035156,140.1750030517578,140.19000244140625,65632
2026-01-12 16:20:00,140.19000244140625,140.47000122070312,140.16000366210938,140.44000244140625,52898
2026-01-12 16:25:00,140.43499755859375,140.5,140.3000030517578,140.3699951171875,40019
2026-01-12 16:30:00,140.38999938964844,140.85000610351562,140.38499450683594,140.85000610351562,62367
2026-01-12 16:35:00,140.8350067138672,140.8800048828125,140.52000427246094,140.5399932861328,138273
2026-01-12 16:40:00,140.52549743652344,140.53500366210938,140.38450622558594,140.47000122070312,25554
2026-01-12 16:45:00,140.47500610351562,140.64999389648438,140.35000610351562,140.36500549316406,72235
2026-01-12 16:50:00,140.36000061035156,140.38999938964844,140.05099487304688,140.22000122070312,44862
2026-01-12 16:55:00,140.22000122070312,140.32000732421875,140.13499450683594,140.32000732421875,37338
2026-01-12 17:00:00,140.3000030517578,140.3000030517578,140.2100067138672,140.22000122070312,26463
2026-01-12 17:05:00,140.1999969482422,140.1999969482422,140.0,140.17999267578125,36170
2026-01-12 17:10:00,140.14999389648438,140.25999450683594,140.11000061035156,140.11000061035156,22532
2026-01-12 17:15:00,140.10000610351562,140.2449951171875,140.10000610351562,140.2220001220703,20977
2026-01-12 17:20:00,140.2100067138672,140.25,140.1699981689453,140.24000549316406,26556
2026-01-12 17:25:00,140.2100067138672,140.25999450683594,140.14500427246094,140.19500732421875,21648
2026-01-12 17:30:00,140.1999969482422,140.33999633789062,140.1300048828125,140.2899932861328,37923
2026-01-12 17:35:00,140.2899932861328,140.4550018310547,140.2899932861328,140.40499877929688,52177
2026-01-12 17:40:00,140.41000366210938,140.5135040283203,140.40499877929688,140.4949951171875,29306
2026-01-12 17:45:00,140.4949951171875,140.5399932861328,140.44500732421875,140.5,27788
2026-01-12 17:50:00,140.49000549316406,140.52000427246094,140.47999572753906,140.47999572753906,35793
2026-01-12 17:55:00,140.47999572753906,140.52000427246094,140.47000122070312,140.49000549316406,31345
2026-01-12 18:00:00,140.5,140.52000427246094,140.44000244140625,140.4600067138672,40249
2026-01-12 18:05:00,140.47000122070312,140.52000427246094,140.3300018310547,140.38999938964844,40956
2026-01-12 18:10:00,140.3699951171875,140.47039794921875,140.3300018310547,140.35499572753906,26885
2026-01-12 18:15:00,140.3699951171875,140.50999450683594,140.3350067138672,140.47450256347656,51697
2026-01-12 18:20:00,140.48500061035156,140.5050048828125,140.44000244140625,140.47000122070312,59871
2026-01-12 18:25:00,140.47000122070312,140.47999572753906,140.3699951171875,140.38999938964844,45088
2026-01-12 18:30:00,140.38999938964844,140.4199981689453,140.35499572753906,140.41000366210938,43176
2026-01-12 18:35:00,140.41000366210938,140.42999267578125,140.2100067138672,140.22500610351562,24808
2026-01-12 18:40:00,140.24000549316406,140.2949981689453,140.17999267578125,140.1999969482422,19916
2026-01-12 18:45:00,140.17999267578125,140.46499633789062,140.1728057861328,140.44000244140625,57705
2026-01-12 18:50:00,140.4499969482422,140.55999755859375,140.42999267578125,140.5399932861328,29774
2026-01-12 18:55:00,140.5399932861328,140.55499267578125,140.47000122070312,140.52999877929688,32364
2026-01-12 19:00:00,140.50999450683594,140.60000610351562,140.49000549316406,140.57000732421875,29142
2026-01-12 19:05:00,140.5500030517578,140.72500610351562,140.5500030517578,140.6999969482422,36185
2026-01-12 19:10:00,140.69500732421875,140.7100067138672,140.61019897460938,140.6750030517578,30063
2026-01-12 19:15:00,140.6750030517578,140.7050018310547,140.6300048828125,140.64500427246094,34258
2026-01-12 19:20:00,140.64999389648438,140.72999572753906,140.64999389648438,140.7008056640625,46424
2026-01-12 19:25:00,140.6999969482422,140.8249969482422,140.64999389648438,140.64999389648438,54985
2026-01-12 19:30:00,140.64999389648438,140.72000122070312,140.57000732421875,140.6699981689453,42337
2026-01-12 19:35:00,140.6699981689453,140.67999267578125,140.61000061035156,140.63499450683594,52915
2026-01-12 19:40:00,140.63499450683594,140.75,140.52999877929688,140.71499633789062,114793
2026-01-12 19:45:00,140.72000122070312,140.77999877929688,140.6999969482422,140.7449951171875,37840
2026-01-12 19:50:00,140.75999450683594,140.97000122070312,140.75999450683594,140.94000244140625,87319
2026-01-12 19:55:00,140.9499969482422,140.97000122070312,140.88999938964844,140.9600067138672,107250
2026-01-12 20:00:00,140.9600067138672,141.3000030517578,140.94009399414062,141.05140686035156,791409
2026-01-12 20:05:00,141.05999755859375,141.1699981689453,140.99000549316406,140.99000549316406,49093
2026-01-12 20:10:00,140.9727020263672,140.9727020263672,140.82000732421875,140.85000610351562,34633
2026-01-12 20:15:00,140.86000061035156,140.86000061035156,140.6199951171875,140.6649932861328,59894
2026-01-12 20:20:00,140.64999389648438,140.66000366210938,140.5500030517578,140.5500030517578,36720
2026-01-12 20:25:00,140.5399932861328,140.60000610351562,140.4600067138672,140.4844970703125,39276
2026-01-12 20:30:00,140.4801025390625,140.6898956298828,140.4600067138672,140.6898956298828,55115
2026-01-12 20:35:00,140.67999267578125,140.81500244140625,140.67999267578125,140.72999572753906,56489
2026-01-12 20:40:00,140.72999572753906,140.9949951171875,140.72999572753906,140.9949951171875,60555
2026-01-12 20:45:00,140.99000549316406,141.13999938964844,140.9499969482422,141.1300048828125,61568
2026-01-12 20:50:00,141.1300048828125,141.33999633789062,141.0800018310547,141.3300018310547,254733
2026-01-12 20:55:00,141.32000732421875,141.50999450683594,141.2449951171875,141.35000610351562,404924
2026-01-13 14:30:00,141.10000610351562,141.57000732421875,141.0399932861328,141.33999633789062,142711
2026-01-13 14:35:00,141.35000610351562,141.66000366210938,141.27999877929688,141.57000732421875,116098
2026-01-13 14:40:00,141.5596923828125,141.8300018310547,141.52999877929688,141.60000610351562,58931
2026-01-13 14:45:00,141.50999450683594,141.6699981689453,141.3249969482422,141.63999938964844,38001
2026-01-13 14:50:00,141.64999389648438,142.23500061035156,141.61219787597656,142.10000610351562,98378
2026-01-13 14:55:00,142.125,142.34500122070312,141.77000427246094,141.77999877929688,65941
2026-01-13 15:00:00,141.80999755859375,141.94000244140625,141.47999572753906,141.6217041015625,31281
2026-01-13 15:05:00,141.625,141.97999572753906,141.5800018310547,141.91000366210938,24422
2026-01-13 15:10:00,141.94500732421875,142.14999389648438,141.82000732421875,142.14999389648438,35222
2026-01-13 15:15:00,142.1649932861328,142.22999572753906,142.0800018310547,142.14500427246094,28567
2026-01-13 15:20:00,142.11000061035156,142.36000061035156,142.07000732421875,142.3300018310547,71738
2026-01-13 15:25:00,142.3300018310547,142.39999389648438,142.27000427246094,142.33999633789062,33088
2026-01-13 15:30:00,142.33999633789062,142.38499450683594,142.00999450683594,142.07000732421875,66344
2026-01-13 15:35:00,142.0800018310547,142.1750030517578,141.98919677734375,142.0,53230
2026-01-13 15:40:00,141.99000549316406,142.4199981689453,141.99000549316406,142.23779296875,64911
2026-01-13 15:45:00,142.22999572753906,142.25,142.07000732421875,142.10499572753906,59289
2026-01-13 15:50:00,142.1199951171875,142.33999633789062,141.97999572753906,142.27499389648438,136575
2026-01-13 15:55:00,142.26600646972656,142.69000244140625,142.0399932861328,142.07000732421875,813420
2026-01-13 16:00:00,142.02499389648438,142.38999938964844,141.9927978515625,142.3625030517578,82025
2026-01-13 16:05:00,142.35000610351562,142.5399932861328,142.24000549316406,142.52999877929688,60214
2026-01-13 16:10:00,142.50999450683594,142.64999389648438,142.3699951171875,142.4949951171875,48851
2026-01-13 16:15:00,142.48500061035156,142.59500122070312,142.44500732421875,142.50999450683594,34032
2026-01-13 16:20:00,142.47000122070312,142.52000427246094,142.39999389648438,142.44000244140625,28152
2026-01-13 16:25:00,142.44000244140625,142.55999755859375,142.43499755859375,142.43499755859375,51067
2026-01-13 16:30:00,142.42999267578125,142.4600067138672,142.0800018310547,142.0800018310547,54651
2026-01-13 16:35:00,142.08999633789062,142.11000061035156,141.77000427246094,141.89500427246094,49623
2026-01-13 16:40:00,141.89999389648438,142.0,141.76499938964844,141.9250030517578,22946
2026-01-13 16:45:00,141.91000366210938,142.135498046875,141.8300018310547,142.07510375976562,38468
2026-01-13 16:50:00,142.10499572753906,142.24000549316406,142.08999633789062,142.1699981689453,59190
2026-01-13 16:55:00,142.17999267578125,142.1999969482422,141.97000122070312,141.97500610351562,43050
2026-01-13 17:00:00,141.99000549316406,141.9949951171875,141.75,141.86500549316406,29815
2026-01-13 17:05:00,141.86000061035156,141.86000061035156,141.6300048828125,141.6300048828125,32455
2026-01-13 17:10:00,141.625,141.86000061035156,141.625,141.86000061035156,26054
2026-01-13 17:15:00,141.9199981689453,142.16000366210938,141.80499267578125,142.0500030517578,47620
2026-01-13 17:20:00,142.06500244140625,142.0800018310547,142.0,142.05999755859375,21748
2026-01-13 17:25:00,142.0500030517578,142.11000061035156,142.0,142.11000061035156,20258
2026-01-13 17:30:00,142.08999633789062,142.22500610351562,142.02000427246094,142.17999267578125,65867
2026-01-13 17:35:00,142.17999267578125,142.32000732421875,142.14999389648438,142.27000427246094,49895
2026-01-13 17:40:00,142.25999450683594,142.27999877929688,142.1999969482422,142.27999877929688,38282
2026-01-13 17:45:00,142.28500366210938,142.3300018310547,142.27000427246094,142.3300018310547,24663
2026-01-13 17:50:00,142.33999633789062,142.55999755859375,142.28250122070312,142.531005859375,26020
2026-01-13 17:55:00,142.5500030517578,142.60499572753906,142.5,142.5500030517578,28227
2026-01-13 18:00:00,142.52000427246094,142.6750030517578,142.49009704589844,142.58999633789062,77913
2026-01-13 18:05:00,142.60000610351562,142.6300048828125,142.25999450683594,142.26699829101562,50629
2026-01-13 18:10:00,142.26499938964844,142.5124053955078,142.14999389648438,142.45750427246094,49272
2026-01-13 18:15:00,142.47999572753906,142.5399932861328,142.22999572753906,142.22999572753906,72641
2026-01-13 18:20:00,142.22999572753906,142.35000610351562,142.05999755859375,142.1699981689453,40934
2026-01-13 18:25:00,142.19000244140625,142.5,142.1699981689453,142.47999572753906,64479
2026-01-13 18:30:00,142.49000549316406,142.60000610351562,142.47000122070312,142.57000732421875,93858
2026-01-13 18:35:00,142.57000732421875,142.80999755859375,142.47000122070312,142.8000030517578,130893
2026-01-13 18:40:00,142.76010131835938,142.80999755859375,142.63499450683594,142.7899932861328,81512
2026-01-13 18:45:00,142.7899932861328,142.92999267578125,142.6199951171875,142.8699951171875,60573
2026-01-13 18:50:00,142.8699951171875,142.97000122070312,142.8699951171875,142.97000122070312,74807
2026-01-13 18:55:00,142.9600067138672,143.0399932861328,142.92999267578125,142.9600067138672,81660
2026-01-13 19:00:00,142.97000122070312,143.25999450683594,142.97000122070312,143.125,69545
2026-01-13 19:05:00,143.14999389648438,143.27999877929688,143.08999633789062,143.2449951171875,47474
2026-01-13 19:10:00,143.2449951171875,143.3249969482422,143.24000549316406,143.31500244140625,41183
2026-01-13 19:15:00,143.30999755859375,143.3800048828125,143.22999572753906,143.27999877929688,57087
2026-01-13 19:20:00,143.27499389648438,143.4499969482422,143.25999450683594,143.39999389648438,52351
2026-01-13 19:25:00,143.39999389648438,143.42999267578125,143.27000427246094,143.28500366210938,57682
2026-01-13 19:30:00,143.28500366210938,143.39999389648438,143.19000244140625,143.27499389648438,61508
2026-01-13 19:35:00,143.25999450683594,143.30999755859375,143.19000244140625,143.2100067138672,45550
2026-01-13 19:40:00,143.2100067138672,143.22999572753906,143.02369689941406,143.02369689941406,46062
2026-01-13 19:45:00,143.02499389648438,143.17999267578125,142.82000732421875,143.16000366210938,46551
2026-01-13 19:50:00,143.1699981689453,143.2899932861328,143.07000732421875,143.10000610351562,60587
2026-01-13 19:55:00,143.11000061035156,143.26499938964844,143.02000427246094,143.17349243164062,63706
2026-01-13 20:00:00,143.1699981689453,143.2799072265625,143.1199951171875,143.19000244140625,59409
2026-01-13 20:05:00,143.1999969482422,143.27000427246094,143.1699981689453,143.2100067138672,40971
2026-01-13 20:10:00,143.2100067138672,143.25999450683594,143.14999389648438,143.22230529785156,32785
2026-01-13 20:15:00,143.235107421875,143.33180236816406,143.1699981689453,143.2550048828125,61186
2026-01-13 20:20:00,143.27000427246094,143.27499389648438,143.1300048828125,143.22000122070312,48817
2026-01-13 20:25:00,143.21499633789062,143.30999755859375,143.11000061035156,143.125,43057
2026-01-13 20:30:00,143.1300048828125,143.1999969482422,143.05999755859375,143.13999938964844,50656
2026-01-13 20:35:00,143.13999938964844,143.33999633789062,143.1199951171875,143.33999633789062,66739
2026-01-13 20:40:00,143.36500549316406,143.51499938964844,143.3000030517578,143.38999938964844,185655
2026-01-13 20:45:00,143.41000366210938,143.5489959716797,143.3300018310547,143.42999267578125,124294
2026-01-13 20:50:00,143.42999267578125,143.64999389648438,143.41000366210938,143.51499938964844,151217
2026-01-13 20:55:00,143.5050048828125,143.55490112304688,143.33999633789062,143.4499969482422,296933
2026-01-14 14:30:00,143.60499572753906,143.8000030517578,143.33999633789062,143.4949951171875,170415
2026-01-14 14:35:00,143.55999755859375,144.33999633789062,143.4250030517578,144.2899932861328,45481
2026-01-14 14:40:00,144.32000732421875,145.09500122070312,144.32000732421875,144.6999969482422,239441
2026-01-14 14:45:00,144.7050018310547,145.2100067138672,144.6300048828125,145.13999938964844,80161
2026-01-14 14:50:00,145.08999633789062,145.72999572753906,145.07000732421875,145.55499267578125,181764
2026-01-14 14:55:00,145.55499267578125,146.0,145.50999450683594,145.8699951171875,108486
2026-01-14 15:00:00,145.88999938964844,146.2899932861328,145.69149780273438,145.8459930419922,125301
2026-01-14 15:05:00,145.85499572753906,145.99000549316406,145.67999267578125,145.72500610351562,67219
2026-01-14 15:10:00,145.73500061035156,145.91000366210938,145.2899932861328,145.4250030517578,90519
2026-01-14 15:15:00,145.38999938964844,145.5,145.30999755859375,145.42999267578125,55297
2026-01-14 15:20:00,145.41000366210938,145.58999633789062,145.35000610351562,145.51319885253906,84541
2026-01-14 15:25:00,145.4600067138672,145.49000549316406,145.2718963623047,145.44479370117188,56979
2026-01-14 15:30:00,145.4199981689453,145.6999969482422,145.3000030517578,145.61000061035156,96612
2026-01-14 15:35:00,145.61000061035156,145.72000122070312,145.47999572753906,145.625,50743
2026-01-14 15:40:00,145.63999938964844,145.8800048828125,145.5500030517578,145.57569885253906,50432
2026-01-14 15:45:00,145.5749969482422,145.65499877929688,145.42999267578125,145.42999267578125,41312
2026-01-14 15:50:00,145.42999267578125,145.50999450683594,145.30999755859375,145.3800048828125,39390
2026-01-14 15:55:00,145.35000610351562,145.6199951171875,145.35000610351562,145.57000732421875,53881
2026-01-14 16:00:00,145.58599853515625,145.58999633789062,145.25999450683594,145.41000366210938,36614
2026-01-14 16:05:00,145.4199981689453,145.50999450683594,145.33999633789062,145.50999450683594,32367
2026-01-14 16:10:00,145.49000549316406,145.72000122070312,145.4600067138672,145.57000732421875,60641
2026-01-14 16:15:00,145.59500122070312,145.61000061035156,145.47999572753906,145.52000427246094,44691
2026-01-14 16:20:00,145.5449981689453,145.66000366210938,145.39010620117188,145.66000366210938,45744
2026-01-14 16:25:00,145.64559936523438,145.6999969482422,145.5399932861328,145.5653076171875,39050
2026-01-14 16:30:00,145.56199645996094,145.69000244140625,145.52999877929688,145.63499450683594,31772
2026-01-14 16:35:00,145.66000366210938,145.83990478515625,145.5500030517578,145.75,108966
2026-01-14 16:40:00,145.77000427246094,145.83099365234375,145.6699981689453,145.80999755859375,67241
2026-01-14 16:45:00,145.82000732421875,145.9499969482422,145.6300048828125,145.69000244140625,80392
2026-01-14 16:50:00,145.67999267578125,145.67999267578125,145.49000549316406,145.5399932861328,41587
2026-01-14 16:55:00,145.5399932861328,145.6300048828125,145.49000549316406,145.52000427246094,43595
2026-01-14 17:00:00,145.53500366210938,145.55999755859375,145.3699951171875,145.40060424804688,41183
2026-01-14 17:05:00,145.41000366210938,145.5679931640625,145.27499389648438,145.27999877929688,28975
2026-01-14 17:10:00,145.2899932861328,145.4199981689453,145.28500366210938,145.41000366210938,39340
2026-01-14 17:15:00,145.4199981689453,145.58999633789062,145.375,145.58999633789062,26916
2026-01-14 17:20:00,145.58999633789062,145.6699981689453,145.52000427246094,145.53500366210938,32476
2026-01-14 17:25:00,145.5500030517578,145.64999389648438,145.5500030517578,145.60000610351562,27338
2026-01-14 17:30:00,145.61000061035156,145.6300048828125,145.49000549316406,145.54010009765625,21901
2026-01-14 17:35:00,145.56500244140625,145.6300048828125,145.5,145.55499267578125,42919
2026-01-14 17:40:00,145.52999877929688,145.61000061035156,145.5,145.52000427246094,28979
2026-01-14 17:45:00,145.57000732421875,145.64999389648438,145.57000732421875,145.5850067138672,28848
2026-01-14 17:50:00,145.5850067138672,145.5850067138672,145.41009521484375,145.47999572753906,25096
2026-01-14 17:55:00,145.48500061035156,145.5399932861328,145.360107421875,145.5399932861328,25175
2026-01-14 18:00:00,145.5500030517578,145.63999938964844,145.5500030517578,145.61000061035156,24192
2026-01-14 18:05:00,145.60000610351562,145.65040588378906,145.52499389648438,145.5399932861328,29108
2026-01-14 18:10:00,145.5500030517578,145.5800018310547,145.52000427246094,145.57000732421875,20729
2026-01-14 18:15:00,145.55999755859375,145.55999755859375,145.41000366210938,145.47500610351562,26911
2026-01-14 18:20:00,145.49000549316406,145.55999755859375,145.41000366210938,145.52999877929688,26854
2026-01-14 18:25:00,145.52000427246094,145.6199951171875,145.49000549316406,145.5500030517578,25767
2026-01-14 18:30:00,145.55999755859375,145.66990661621094,145.55999755859375,145.65499877929688,34440
2026-01-14 18:35:00,145.6699981689453,145.6699981689453,145.42999267578125,145.47999572753906,29731
2026-01-14 18:40:00,145.47999572753906,145.50999450683594,145.44009399414062,145.4499969482422,19480
2026-01-14 18:45:00,145.4582977294922,145.69000244140625,145.4582977294922,145.67999267578125,20562
2026-01-14 18:50:00,145.69000244140625,145.7899932861328,145.69000244140625,145.7550048828125,31213
2026-01-14 18:55:00,145.7550048828125,145.8000030517578,145.6649932861328,145.71499633789062,39275
2026-01-14 19:00:00,145.72999572753906,146.0,145.71499633789062,145.89999389648438,38052
2026-01-14 19:05:00,145.88999938964844,145.9499969482422,145.8000946044922,145.83999633789062,26402
2026-01-14 19:10:00,145.86000061035156,145.94700622558594,145.83999633789062,145.9199981689453,26231
2026-01-14 19:15:00,145.92999267578125,146.0,145.89999389648438,145.9600067138672,32454
2026-01-14 19:20:00,145.9600067138672,146.0,145.75999450683594,145.78619384765625,54293
2026-01-14 19:25:00,145.7899932861328,145.81520080566406,145.7100067138672,145.72000122070312,45347
2026-01-14 19:30:00,145.72000122070312,145.8074951171875,145.72000122070312,145.7449951171875,37730
2026-01-14 19:35:00,145.7449951171875,145.75999450683594,145.61000061035156,145.7480010986328,46522
2026-01-14 19:40:00,145.75,145.88999938964844,145.75,145.889892578125,31524
2026-01-14 19:45:00,145.8699951171875,145.97000122070312,145.82000732421875,145.91000366210938,40829
2026-01-14 19:50:00,145.914794921875,145.970703125,145.85000610351562,145.88009643554688,42537
2026-01-14 19:55:00,145.90499877929688,145.9250030517578,145.7534942626953,145.86000061035156,34368
2026-01-14 20:00:00,145.85000610351562,145.85000610351562,145.60499572753906,145.6699981689453,59146
2026-01-14 20:05:00,145.67999267578125,145.7899932861328,145.6199951171875,145.67660522460938,48460
2026-01-14 20:10:00,145.67999267578125,145.74000549316406,145.58999633789062,145.58999633789062,49640
2026-01-14 20:15:00,145.5800018310547,145.6107940673828,145.47000122070312,145.47999572753906,39810
2026-01-14 20:20:00,145.49000549316406,145.60000610351562,145.4600067138672,145.57000732421875,41612
2026-01-14 20:25:00,145.57000732421875,145.6199951171875,145.4600067138672,145.5399932861328,57970
2026-01-14 20:30:00,145.5500030517578,145.71499633789062,145.5500030517578,145.71499633789062,63991
2026-01-14 20:35:00,145.72999572753906,145.8300018310547,145.7100067138672,145.8300018310547,64320
2026-01-14 20:40:00,145.82000732421875,145.91700744628906,145.7899932861328,145.8699951171875,119102
2026-01-14 20:45:00,145.86000061035156,145.89990234375,145.63999938964844,145.86000061035156,95951
2026-01-14 20:50:00,145.83999633789062,146.07000732421875,145.77999877929688,145.85000610351562,236205
2026-01-14 20:55:00,145.8699951171875,145.9499969482422,145.80999755859375,145.92999267578125,391319
2026-01-15 14:30:00,145.72000122070312,146.3000030517578,145.72000122070312,146.2449951171875,149157
2026-01-15 14:35:00,146.1999969482422,146.41000366210938,145.77000427246094,145.9613037109375,59141
2026-01-15 14:40:00,145.96890258789062,146.125,145.52999877929688,145.63499450683594,41226
2026-01-15 14:45:00,145.58999633789062,145.91000366210938,145.58999633789062,145.85000610351562,21722
2026-01-15 14:50:00,145.80999755859375,145.94500732421875,145.75,145.89999389648438,23704
2026-01-15 14:55:00,145.90499877929688,145.92999267578125,145.75,145.8249969482422,22012
2026-01-15 15:00:00,145.8699951171875,145.9600067138672,145.74000549316406,145.89999389648438,36792
2026-01-15 15:05:00,145.86000061035156,145.91000366210938,145.77000427246094,145.88999938964844,27374
2026-01-15 15:10:00,145.9499969482422,146.0,145.80999755859375,145.89500427246094,33217
2026-01-15 15:15:00,145.89500427246094,145.9199981689453,145.78500366210938,145.86000061035156,32591
2026-01-15 15:20:00,145.86000061035156,145.98800659179688,145.80999755859375,145.89999389648438,33865
2026-01-15 15:25:00,145.92999267578125,145.94000244140625,145.77000427246094,145.80850219726562,29834
2026-01-15 15:30:00,145.80999755859375,145.86500549316406,145.7100067138672,145.83999633789062,31313
2026-01-15 15:35:00,145.8300018310547,145.9199981689453,145.72999572753906,145.88999938964844,30449
2026-01-15 15:40:00,145.89999389648438,145.96499633789062,145.75,145.75999450683594,35845
2026-01-15 15:45:00,145.74000549316406,145.88999938964844,145.67999267578125,145.7899932861328,32171
2026-01-15 15:50:00,145.8000030517578,145.85000610351562,145.7100067138672,145.72999572753906,27651
2026-01-15 15:55:00,145.7200927734375,145.7899932861328,145.65480041503906,145.66000366210938,72041
2026-01-15 16:00:00,145.64999389648438,145.8800048828125,145.643798828125,145.83999633789062,36499
2026-01-15 16:05:00,145.8300018310547,145.8800048828125,145.60000610351562,145.66000366210938,33907
2026-01-15 16:10:00,145.66000366210938,145.99000549316406,145.63999938964844,145.9499969482422,28878
2026-01-15 16:15:00,145.9499969482422,146.10000610351562,145.93519592285156,145.99000549316406,48946
2026-01-15 16:20:00,145.97950744628906,146.05999755859375,145.91000366210938,145.99000549316406,38285
2026-01-15 16:25:00,145.97079467773438,146.1300048828125,145.9600067138672,146.02000427246094,32194
2026-01-15 16:30:00,146.02000427246094,146.10499572753906,145.9550018310547,146.08999633789062,46770
2026-01-15 16:35:00,146.09300231933594,146.1199951171875,145.97000122070312,146.00999450683594,25820
2026-01-15 16:40:00,146.0,146.02000427246094,145.92010498046875,145.9499969482422,16649
2026-01-15 16:45:00,145.96279907226562,145.97000122070312,145.83999633789062,145.94000244140625,30088
2026-01-15 16:50:00,145.9499969482422,145.98500061035156,145.9199981689453,145.94000244140625,20890
2026-01-15 16:55:00,145.94000244140625,145.94000244140625,145.83799743652344,145.90249633789062,29413
2026-01-15 17:00:00,145.8800048828125,145.92990112304688,145.8350067138672,145.9149932861328,20998
2026-01-15 17:05:00,145.9199981689453,145.9499969482422,145.86000061035156,145.94000244140625,17095
2026-01-15 17:10:00,145.9499969482422,146.11000061035156,145.9499969482422,146.08999633789062,22314
2026-01-15 17:15:00,146.0850067138672,146.22999572753906,145.99000549316406,146.22999572753906,32477
2026-01-15 17:20:00,146.24000549316406,146.27000427246094,146.13999938964844,146.1649932861328,19382
2026-01-15 17:25:00,146.16000366210938,146.1999969482422,146.0399932861328,146.0399932861328,26191
2026-01-15 17:30:00,146.07000732421875,146.25,146.05499267578125,146.22000122070312,25881
2026-01-15 17:35:00,146.22999572753906,146.3000030517578,146.21170043945312,146.25010681152344,22922
2026-01-15 17:40:00,146.26499938964844,146.42999267578125,146.26499938964844,146.38999938964844,22695
2026-01-15 17:45:00,146.3800048828125,146.4199981689453,146.33999633789062,146.3892059326172,21973
2026-01-15 17:50:00,146.38999938964844,146.464599609375,146.36000061035156,146.3800048828125,17540
2026-01-15 17:55:00,146.3800048828125,146.47999572753906,146.27000427246094,146.35000610351562,64329
2026-01-15 18:00:00,146.35000610351562,146.60000610351562,146.35000610351562,146.60000610351562,33323
2026-01-15 18:05:00,146.5800018310547,146.6699981689453,146.5800018310547,146.6501007080078,18501
2026-01-15 18:10:00,146.6999969482422,146.80999755859375,146.6699981689453,146.80999755859375,35357
2026-01-15 18:15:00,146.82000732421875,146.89999389648438,146.75,146.77000427246094,28698
2026-01-15 18:20:00,146.77000427246094,146.80999755859375,146.716796875,146.716796875,21825
2026-01-15 18:25:00,146.72500610351562,146.80499267578125,146.7100067138672,146.80499267578125,23254
2026-01-15 18:30:00,146.7899932861328,146.80099487304688,146.6699981689453,146.6750030517578,39151
2026-01-15 18:35:00,146.67999267578125,146.7100067138672,146.61000061035156,146.66029357910156,33248
2026-01-15 18:40:00,146.64999389648438,146.67660522460938,146.5399932861328,146.67660522460938,24421
2026-01-15 18:45:00,146.6999969482422,146.72999572753906,146.6300048828125,146.6649932861328,26496
2026-01-15 18:50:00,146.6699981689453,146.69000244140625,146.63999938964844,146.67999267578125,30629
2026-01-15 18:55:00,146.68499755859375,146.72000122070312,146.66000366210938,146.6699981689453,32311
2026-01-15 19:00:00,146.66000366210938,146.72000122070312,146.5850067138672,146.59500122070312,30381
2026-01-15 19:05:00,146.58999633789062,146.77000427246094,146.58999633789062,146.72500610351562,33783
2026-01-15 19:10:00,146.72500610351562,146.77999877929688,146.70010375976562,146.7100067138672,24533
2026-01-15 19:15:00,146.7100067138672,146.8699951171875,146.7100067138672,146.84500122070312,20872
2026-01-15 19:20:00,146.85000610351562,146.9550018310547,146.8437957763672,146.8800048828125,26523
2026-01-15 19:25:00,146.85000610351562,147.01699829101562,146.83999633789062,146.9600067138672,28701
2026-01-15 19:30:00,146.9499969482422,146.9550018310547,146.8300018310547,146.83999633789062,55810
2026-01-15 19:35:00,146.83099365234375,146.89500427246094,146.8000030517578,146.83999633789062,25951
2026-01-15 19:40:00,146.8300018310547,146.85000610351562,146.72000122070312,146.72500610351562,35919
2026-01-15 19:45:00,146.74000549316406,146.75,146.60760498046875,146.67999267578125,38586
2026-01-15 19:50:00,146.6699981689453,146.67999267578125,146.60009765625,146.63499450683594,41682
2026-01-15 19:55:00,146.6300048828125,146.64999389648438,146.56500244140625,146.56500244140625,37453
2026-01-15 20:00:00,146.5800018310547,146.6199951171875,146.47999572753906,146.5500030517578,33479
2026-01-15 20:05:00,146.5500030517578,146.60000610351562,146.47000122070312,146.47000122070312,22897
2026-01-15 20:10:00,146.4499969482422,146.4499969482422,146.36000061035156,146.4199981689453,37033
2026-01-15 20:15:00,146.42999267578125,146.4550018310547,146.30499267578125,146.33169555664062,38670
2026-01-15 20:20:00,146.30999755859375,146.35000610351562,146.22999572753906,146.26499938964844,34953
2026-01-15 20:25:00,146.27999877929688,146.3300018310547,146.22000122070312,146.27000427246094,36334
2026-01-15 20:30:00,146.2899932861328,146.2899932861328,146.17999267578125,146.24330139160156,52673
2026-01-15 20:35:00,146.24000549316406,146.30499267578125,146.21499633789062,146.2899932861328,46078
2026-01-15 20:40:00,146.30999755859375,146.39999389648438,146.2899932861328,146.3000030517578,48576
2026-01-15 20:45:00,146.30999755859375,146.4499969482422,146.20010375976562,146.2949981689453,118275
2026-01-15 20:50:00,146.27999877929688,146.47999572753906,146.2100067138672,146.4600067138672,153143
2026-01-15 20:55:00,146.47000122070312,146.57000732421875,146.27999877929688,146.5500030517578,289923
2026-01-16 14:30:00,147.1999969482422,147.5500030517578,146.63999938964844,147.05499267578125,843066
2026-01-16 14:35:00,147.02000427246094,147.11000061035156,146.11000061035156,146.25,39255
2026-01-16 14:40:00,146.24000549316406,146.41000366210938,146.1027069091797,146.38499450683594,33936
2026-01-16 14:45:00,146.42999267578125,146.7050018310547,146.34500122070312,146.52999877929688,39692
2026-01-16 14:50:00,146.52499389648438,146.63999938964844,146.26870727539062,146.26870727539062,25856
2026-01-16 14:55:00,146.32000732421875,146.63999938964844,146.30999755859375,146.5800018310547,39396
2026-01-16 15:00:00,146.5,146.6999969482422,146.4499969482422,146.5299072265625,49107
2026-01-16 15:05:00,146.52999877929688,146.52999877929688,146.24000549316406,146.27999877929688,58967
2026-01-16 15:10:00,146.27999877929688,146.4499969482422,146.08999633789062,146.08999633789062,38796
2026-01-16 15:15:00,146.11000061035156,146.13999938964844,145.85000610351562,146.03709411621094,44088
2026-01-16 15:20:00,146.03500366210938,146.2550048828125,145.9949951171875,146.1199951171875,51071
2026-01-16 15:25:00,146.14999389648438,146.35000610351562,146.1199951171875,146.27999877929688,31302
2026-01-16 15:30:00,146.27999877929688,146.35000610351562,146.16000366210938,146.19000244140625,63825
2026-01-16 15:35:00,146.19000244140625,146.7100067138672,146.19000244140625,146.41000366210938,113831
2026-01-16 15:40:00,146.4199981689453,146.5,146.31719970703125,146.47000122070312,56627
2026-01-16 15:45:00,146.4600067138672,146.543701171875,146.36500549316406,146.4600067138672,37980
2026-01-16 15:50:00,146.4499969482422,146.5500030517578,146.35000610351562,146.39999389648438,46186
2026-01-16 15:55:00,146.4199981689453,146.42999267578125,146.1199951171875,146.13999938964844,27952
2026-01-16 16:00:00,146.13999938964844,146.3699951171875,146.07000732421875,146.3699951171875,23746
2026-01-16 16:05:00,146.36500549316406,146.5,146.27000427246094,146.41000366210938,43765
2026-01-16 16:10:00,146.38999938964844,146.39999389648438,146.05999755859375,146.1300048828125,27160
2026-01-16 16:15:00,146.1649932861328,146.1916046142578,146.0500030517578,146.19000244140625,20911
2026-01-16 16:20:00,146.1999969482422,146.2550048828125,146.14999389648438,146.2100067138672,15676
2026-01-16 16:25:00,146.21499633789062,146.27499389648438,146.16000366210938,146.2449951171875,30125
2026-01-16 16:30:00,146.25,146.2899932861328,146.11000061035156,146.11000061035156,31136
2026-01-16 16:35:00,146.11500549316406,146.22999572753906,146.10009765625,146.2050018310547,27147
2026-01-16 16:40:00,146.2050018310547,146.32000732421875,146.2050018310547,146.23500061035156,22308
2026-01-16 16:45:00,146.25999450683594,146.30999755859375,146.1999969482422,146.21499633789062,17041
2026-01-16 16:50:00,146.24000549316406,146.35000610351562,146.19500732421875,146.22999572753906,32384
2026-01-16 16:55:00,146.22000122070312,146.25450134277344,146.05999755859375,146.1999969482422,20961
2026-01-16 17:00:00,146.2100067138672,146.27999877929688,146.14500427246094,146.24000549316406,22216
2026-01-16 17:05:00,146.25999450683594,146.41000366210938,146.24000549316406,146.39500427246094,28634
2026-01-16 17:10:00,146.3800048828125,146.41000366210938,146.28500366210938,146.30499267578125,16114
2026-01-16 17:15:00,146.27000427246094,146.3300018310547,146.25,146.3000030517578,18578
2026-01-16 17:20:00,146.3000030517578,146.35000610351562,146.22000122070312,146.22000122070312,14614
2026-01-16 17:25:00,146.22500610351562,146.24659729003906,146.0906982421875,146.10499572753906,23138
2026-01-16 17:30:00,146.11000061035156,146.1199951171875,146.0500030517578,146.0894012451172,17159
2026-01-16 17:35:00,146.10000610351562,146.13999938964844,146.0500030517578,146.12319946289062,15119
2026-01-16 17:40:00,146.13499450683594,146.16000366210938,146.09010314941406,146.14999389648438,16855
2026-01-16 17:45:00,146.1468048095703,146.1699981689453,146.06500244140625,146.110107421875,19212
2026-01-16 17:50:00,146.1199951171875,146.15499877929688,146.07249450683594,146.15499877929688,27016
2026-01-16 17:55:00,146.16000366210938,146.24009704589844,146.13999938964844,146.22000122070312,17291
2026-01-16 18:00:00,146.1999969482422,146.24000549316406,146.10879516601562,146.23500061035156,16827
2026-01-16 18:05:00,146.24000549316406,146.3209991455078,146.22500610351562,146.3000030517578,18135
2026-01-16 18:10:00,146.3000030517578,146.3699951171875,146.29249572753906,146.33999633789062,16066
2026-01-16 18:15:00,146.35000610351562,146.39999389648438,146.30999755859375,146.36000061035156,17310
2026-01-16 18:20:00,146.3800048828125,146.39999389648438,146.2700958251953,146.2899932861328,18243
2026-01-16 18:25:00,146.2899932861328,146.30999755859375,146.17999267578125,146.20350646972656,14629
2026-01-16 18:30:00,146.1999969482422,146.25,146.1699981689453,146.25,16000
2026-01-16 18:35:00,146.27000427246094,146.3350067138672,146.19500732421875,146.19500732421875,12821
2026-01-16 18:40:00,146.1699981689453,146.2100067138672,146.1300048828125,146.1300048828125,15962
2026-01-16 18:45:00,146.1300048828125,146.1300048828125,146.0449981689453,146.08999633789062,15873
2026-01-16 18:50:00,146.10499572753906,146.125,146.02000427246094,146.0482940673828,13145
2026-01-16 18:55:00,146.0399932861328,146.08999633789062,146.02999877929688,146.0800018310547,13154
2026-01-16 19:00:00,146.05999755859375,146.27999877929688,146.05999755859375,146.27999877929688,23433
2026-01-16 19:05:00,146.24000549316406,146.2899932861328,146.18319702148438,146.24000549316406,25607
2026-01-16 19:10:00,146.24009704589844,146.25999450683594,146.13999938964844,146.20460510253906,16411
2026-01-16 19:15:00,146.2050018310547,146.2100067138672,146.1300048828125,146.16000366210938,21285
2026-01-16 19:20:00,146.17999267578125,146.1999969482422,146.10000610351562,146.16000366210938,14723
2026-01-16 19:25:00,146.15499877929688,146.1699981689453,145.92010498046875,145.92010498046875,37316
2026-01-16 19:30:00,145.9499969482422,146.0500030517578,145.9499969482422,146.00999450683594,21500
2026-01-16 19:35:00,146.01499938964844,146.07000732421875,145.99310302734375,145.99749755859375,38400
2026-01-16 19:40:00,146.0050048828125,146.0500030517578,146.0050048828125,146.02000427246094,17122
2026-01-16 19:45:00,146.02999877929688,146.0496063232422,145.9199981689453,145.96499633789062,26980
2026-01-16 19:50:00,145.99159240722656,145.99159240722656,145.86000061035156,145.8800048828125,27391
2026-01-16 19:55:00,145.8800048828125,145.8800048828125,145.7949981689453,145.82000732421875,24161
2026-01-16 20:00:00,145.81500244140625,145.81500244140625,145.56500244140625,145.6300048828125,27651
2026-01-16 20:05:00,145.63499450683594,145.69000244140625,145.5800018310547,145.67250061035156,25335
2026-01-16 20:10:00,145.64999389648438,145.66619873046875,145.60000610351562,145.60000610351562,19569
2026-01-16 20:15:00,145.61000061035156,145.6199951171875,145.51089477539062,145.5500030517578,51066
2026-01-16 20:20:00,145.5330047607422,145.6876983642578,145.52499389648438,145.63999938964844,33404
2026-01-16 20:25:00,145.63999938964844,145.64999389648438,145.5850067138672,145.5850067138672,45431
2026-01-16 20:30:00,145.5800018310547,145.69000244140625,145.50999450683594,145.65499877929688,51608
2026-01-16 20:35:00,145.6699981689453,145.72000122070312,145.58999633789062,145.69000244140625,56139
2026-01-16 20:40:00,145.67999267578125,145.74000549316406,145.66000366210938,145.72000122070312,41153
2026-01-16 20:45:00,145.7100067138672,145.75,145.6300048828125,145.72999572753906,73527
2026-01-16 20:50:00,145.74000549316406,146.1300048828125,145.74000549316406,146.08999633789062,197895
2026-01-16 20:55:00,146.08999633789062,146.3800048828125,146.08999633789062,146.30999755859375,351642
2026-01-20 14:30:00,146.39999389648438,146.39999389648438,144.32000732421875,144.5749969482422,341031
2026-01-20 14:35:00,144.47999572753906,145.14999389648438,144.47999572753906,145.02000427246094,79007
2026-01-20 14:40:00,144.9550018310547,145.25999450683594,144.8300018310547,145.01499938964844,66687
2026-01-20 14:45:00,145.01499938964844,145.3032989501953,144.75999450683594,145.3032989501953,78123
2026-01-20 14:50:00,145.2550048828125,145.4149932861328,144.86199951171875,145.08999633789062,50982
2026-01-20 14:55:00,144.9499969482422,144.97999572753906,144.52999877929688,144.61500549316406,86387
2026-01-20 15:00:00,144.6699981689453,144.8498992919922,144.42999267578125,144.65499877929688,52231
2026-01-20 15:05:00,144.7550048828125,144.8000030517578,144.58999633789062,144.6699981689453,72951
2026-01-20 15:10:00,144.68499755859375,144.8000030517578,144.57000732421875,144.7449951171875,45762
2026-01-20 15:15:00,144.7449951171875,144.8800048828125,144.41000366210938,144.71800231933594,57381
2026-01-20 15:20:00,144.72999572753906,145.24000549316406,144.6199951171875,145.08999633789062,62404
2026-01-20 15:25:00,145.1649932861328,145.47999572753906,145.1649932861328,145.30999755859375,49249
2026-01-20 15:30:00,145.35000610351562,145.38999938964844,145.11000061035156,145.1750030517578,57874
2026-01-20 15:35:00,145.17999267578125,145.22500610351562,145.0500030517578,145.09300231933594,40952
2026-01-20 15:40:00,145.1199951171875,145.3300018310547,145.08999633789062,145.25999450683594,9693
2026-01-20 15:50:00,144.9149932861328,144.9149932861328,144.88999938964844,144.88999938964844,151172
2026-01-20 15:55:00,144.97999572753906,144.97999572753906,144.97999572753906,144.97999572753906,64776
2026-01-20 16:00:00,144.9600067138672,145.53500366210938,144.9199981689453,145.4199981689453,64354
2026-01-20 16:05:00,145.4499969482422,145.47999572753906,145.24000549316406,145.39999389648438,45666
2026-01-20 16:10:00,145.44500732421875,145.8000030517578,145.44000244140625,145.72999572753906,28197
2026-01-20 16:15:00,145.67999267578125,145.80999755859375,145.64999389648438,145.67999267578125,28893
2026-01-20 16:20:00,145.74000549316406,146.0,145.71600341796875,145.99000549316406,44934
2026-01-20 16:25:00,145.99000549316406,146.08999633789062,145.84500122070312,146.07000732421875,50781
2026-01-20 16:30:00,146.08999633789062,146.22000122070312,146.04100036621094,146.14999389648438,54884
2026-01-20 16:35:00,146.14500427246094,146.19000244140625,146.02999877929688,146.11399841308594,54107
2026-01-20 16:40:00,146.10499572753906,146.23500061035156,146.06500244140625,146.08999633789062,42536
2026-01-20 16:45:00,146.07000732421875,146.1300048828125,145.92999267578125,145.99099731445312,50717
2026-01-20 16:50:00,145.99899291992188,146.1199951171875,145.94500732421875,145.9759979248047,109234
2026-01-20 16:55:00,145.97999572753906,146.3000030517578,145.97999572753906,146.2899932861328,63388
2026-01-20 17:00:00,146.27999877929688,146.7100067138672,146.27000427246094,146.50999450683594,58972
2026-01-20 17:05:00,146.50999450683594,146.69500732421875,146.48500061035156,146.50999450683594,52680
2026-01-20 17:10:00,146.49000549316406,146.60000610351562,146.3350067138672,146.3800048828125,31838
2026-01-20 17:15:00,146.36000061035156,146.4600067138672,146.32000732421875,146.35000610351562,36241
2026-01-20 17:20:00,146.3300018310547,146.3800048828125,146.0926971435547,146.0926971435547,55894
2026-01-20 17:25:00,146.1125030517578,146.3000030517578,146.10000610351562,146.2899932861328,29169
2026-01-20 17:30:00,146.25999450683594,146.3000030517578,146.19000244140625,146.2899932861328,28569
2026-01-20 17:35:00,146.3000030517578,146.50509643554688,146.2899932861328,146.50509643554688,41884
2026-01-20 17:40:00,146.5050048828125,146.56500244140625,146.36500549316406,146.36500549316406,59630
2026-01-20 17:45:00,146.36500549316406,146.3699951171875,146.24000549316406,146.32000732421875,50890
2026-01-20 17:50:00,146.30999755859375,146.44000244140625,146.27239990234375,146.4199981689453,45200
2026-01-20 17:55:00,146.41000366210938,146.57000732421875,146.38999938964844,146.38999938964844,54703
2026-01-20 18:00:00,146.375,146.50999450683594,146.33999633789062,146.5,38189
2026-01-20 18:05:00,146.5,146.6999969482422,146.47500610351562,146.63999938964844,48901
2026-01-20 18:10:00,146.58999633789062,146.88999938964844,146.5800018310547,146.72000122070312,73093
2026-01-20 18:15:00,146.6999969482422,146.72500610351562,146.52000427246094,146.58999633789062,27295
2026-01-20 18:20:00,146.58999633789062,146.58999633789062,146.3249969482422,146.3699951171875,39638
2026-01-20 18:25:00,146.36990356445312,146.43899536132812,146.2949981689453,146.3822021484375,27654
2026-01-20 18:30:00,146.3800048828125,146.5500030517578,146.3101043701172,146.4949951171875,33809
2026-01-20 18:35:00,146.50999450683594,146.58999633789062,146.47999572753906,146.5500030517578,32898
2026-01-20 18:40:00,146.55999755859375,146.56500244140625,146.44500732421875,146.50999450683594,37901
2026-01-20 18:45:00,146.49000549316406,146.55999755859375,146.3800048828125,146.38999938964844,124606
2026-01-20 18:50:00,146.39999389648438,146.39999389648438,146.25999450683594,146.38499450683594,55596
2026-01-20 18:55:00,146.38499450683594,146.7100067138672,146.36000061035156,146.52000427246094,254291
2026-01-20 19:00:00,146.53799438476562,147.1199951171875,146.53799438476562,146.88999938964844,88049
2026-01-20 19:05:00,146.86000061035156,146.89500427246094,146.61380004882812,146.61500549316406,30221
2026-01-20 19:10:00,146.60000610351562,146.63999938964844,146.47000122070312,146.51499938964844,32310
2026-01-20 19:15:00,146.52999877929688,146.67999267578125,146.5050048828125,146.66000366210938,33067
2026-01-20 19:20:00,146.66000366210938,146.89999389648438,146.66000366210938,146.8800048828125,22749
2026-01-20 19:25:00,146.9199981689453,146.9199981689453,146.72000122070312,146.8000030517578,32646
2026-01-20 19:30:00,146.80169677734375,146.88999938964844,146.74000549316406,146.83990478515625,31648
2026-01-20 19:35:00,146.8300018310547,146.9600067138672,146.81500244140625,146.8800048828125,40022
2026-01-20 19:40:00,146.89999389648438,146.97999572753906,146.83999633789062,146.83999633789062,39154
2026-01-20 19:45:00,146.83999633789062,146.875,146.72999572753906,146.75999450683594,33153
2026-01-20 19:50:00,146.7550048828125,146.7899932861328,146.5800018310547,146.6300048828125,32037
2026-01-20 19:55:00,146.63999938964844,146.6999969482422,146.51499938964844,146.5500030517578,40385
2026-01-20 20:00:00,146.54010009765625,146.6649932861328,146.42999267578125,146.5832061767578,44882
2026-01-20 20:05:00,146.60000610351562,146.75619506835938,146.5800018310547,146.65499877929688,41647
2026-01-20 20:10:00,146.6562042236328,146.82000732421875,146.6199951171875,146.75999450683594,43939
2026-01-20 20:15:00,146.7550048828125,147.1199951171875,146.72000122070312,146.9600067138672,93714
2026-01-20 20:20:00,146.97999572753906,147.05999755859375,146.86000061035156,146.97999572753906,58911
2026-01-20 20:25:00,146.97000122070312,147.2899932861328,146.97000122070312,147.2550048828125,57562
2026-01-20 20:30:00,147.25,147.30999755859375,147.13999938964844,147.18499755859375,90384
2026-01-20 20:35:00,147.19000244140625,147.3300018310547,147.05999755859375,147.1699981689453,291296
2026-01-20 20:40:00,147.19000244140625,147.41000366210938,147.19000244140625,147.27999877929688,125925
2026-01-20 20:45:00,147.2899932861328,147.42999267578125,147.27999877929688,147.41000366210938,85984
2026-01-20 20:50:00,147.42999267578125,147.55999755859375,147.27999877929688,147.3000030517578,161226
2026-01-20 20:55:00,147.27999877929688,147.66000366210938,147.27999877929688,147.64999389648438,441258
2026-01-21 14:30:00,147.0500030517578,147.9600067138672,147.00999450683594,147.86500549316406,152764
2026-01-21 14:35:00,147.8699951171875,148.00999450683594,146.75999450683594,146.8249969482422,124723
2026-01-21 14:40:00,146.7899932861328,146.88999938964844,146.33999633789062,146.63999938964844,34878
2026-01-21 14:45:00,146.69000244140625,146.77000427246094,146.2899932861328,146.44500732421875,40989
2026-01-21 14:50:00,146.44500732421875,146.7949981689453,146.08999633789062,146.375,60890
2026-01-21 14:55:00,146.40499877929688,146.47000122070312,145.77999877929688,145.8249969482422,263573
2026-01-21 15:00:00,145.7899932861328,145.83999633789062,145.5,145.66000366210938,74480
2026-01-21 15:05:00,145.66000366210938,145.69000244140625,145.27000427246094,145.5050048828125,64249
2026-01-21 15:10:00,145.5399932861328,145.70989990234375,145.25,145.25,66827
2026-01-21 15:15:00,145.24000549316406,145.2899932861328,144.9499969482422,145.0850067138672,40622
2026-01-21 15:20:00,145.1999969482422,145.44000244140625,145.1199951171875,145.30999755859375,53828
2026-01-21 15:25:00,145.30499267578125,145.55999755859375,145.13499450683594,145.5399932861328,49887
2026-01-21 15:30:00,145.52000427246094,145.8699951171875,145.52000427246094,145.82000732421875,63801
2026-01-21 15:35:00,145.7899932861328,145.99000549316406,145.72000122070312,145.78500366210938,55856
2026-01-21 15:40:00,145.75149536132812,145.9199981689453,145.74000549316406,145.7899932861328,29969
2026-01-21 15:45:00,145.8000030517578,145.92999267578125,145.75999450683594,145.7899932861328,33108
2026-01-21 15:50:00,145.7949981689453,145.8300018310547,145.61000061035156,145.6199951171875,50996
2026-01-21 15:55:00,145.66000366210938,145.77000427246094,145.5800018310547,145.72999572753906,38424
2026-01-21 16:00:00,145.72500610351562,145.80499267578125,145.67999267578125,145.75,35891
2026-01-21 16:05:00,145.74000549316406,145.88999938964844,145.67999267578125,145.88999938964844,39895
2026-01-21 16:10:00,145.89999389648438,145.98500061035156,145.72999572753906,145.7698974609375,40325
2026-01-21 16:15:00,145.80999755859375,146.02000427246094,145.75999450683594,145.8865966796875,91914
2026-01-21 16:20:00,145.9199981689453,146.0500030517578,145.8300018310547,145.92999267578125,59793
2026-01-21 16:25:00,145.9250030517578,146.06500244140625,145.88999938964844,145.97999572753906,30690
2026-01-21 16:30:00,145.99000549316406,146.0850067138672,145.96499633789062,146.0399932861328,32906
2026-01-21 16:35:00,146.02999877929688,146.043701171875,145.8699951171875,145.89999389648438,23471
2026-01-21 16:40:00,145.9550018310547,146.17999267578125,145.9250030517578,146.13999938964844,26549
2026-01-21 16:45:00,146.13999938964844,146.19000244140625,146.07000732421875,146.17999267578125,25811
2026-01-21 16:50:00,146.17010498046875,146.18649291992188,145.9550018310547,146.0500030517578,29091
2026-01-21 16:55:00,146.07000732421875,146.19000244140625,146.0238037109375,146.02999877929688,22820
2026-01-21 17:00:00,146.05999755859375,146.1699981689453,145.94000244140625,145.95010375976562,28625
2026-01-21 17:05:00,145.9499969482422,146.10499572753906,145.92999267578125,146.02499389648438,40411
2026-01-21 17:10:00,146.02999877929688,146.13999938964844,145.94500732421875,146.02000427246094,23204
2026-01-21 17:15:00,146.02999877929688,146.15499877929688,145.99000549316406,146.11000061035156,23282
2026-01-21 17:20:00,146.11000061035156,146.22000122070312,146.05999755859375,146.1699981689453,19248
2026-01-21 17:25:00,146.17999267578125,146.24000549316406,146.07000732421875,146.16000366210938,31038
2026-01-21 17:30:00,146.16000366210938,146.25999450683594,146.0850067138672,146.21499633789062,34382
2026-01-21 17:35:00,146.2100067138672,146.27999877929688,146.18499755859375,146.22999572753906,30566
2026-01-21 17:40:00,146.22999572753906,146.3699951171875,146.22999572753906,146.3350067138672,25632
2026-01-21 17:45:00,146.33999633789062,146.5,146.30999755859375,146.4149932861328,34609
2026-01-21 17:50:00,146.39999389648438,146.39999389648438,146.25,146.2899932861328,21769
2026-01-21 17:55:00,146.30999755859375,146.32069396972656,145.97500610351562,145.97500610351562,31577
2026-01-21 18:00:00,145.91000366210938,145.97000122070312,145.83999633789062,145.8699951171875,27735
2026-01-21 18:05:00,145.86000061035156,146.05999755859375,145.86000061035156,146.05999755859375,23309
2026-01-21 18:10:00,146.05999755859375,146.22999572753906,146.05999755859375,146.1750030517578,17965
2026-01-21 18:15:00,146.2100067138672,146.22000122070312,146.0540008544922,146.18589782714844,21335
2026-01-21 18:20:00,146.1750030517578,146.1999969482422,146.08999633789062,146.1020050048828,19068
2026-01-21 18:25:00,146.11000061035156,146.19949340820312,146.10000610351562,146.16000366210938,12876
2026-01-21 18:30:00,146.16000366210938,146.22000122070312,146.13999938964844,146.17999267578125,15246
2026-01-21 18:35:00,146.16000366210938,146.2100067138672,146.11000061035156,146.125,17889
2026-01-21 18:45:00,146.02999877929688,146.10000610351562,146.01060485839844,146.0800018310547,37488
2026-01-21 18:50:00,146.0800018310547,146.14999389648438,145.97999572753906,146.02000427246094,16969
2026-01-21 18:55:00,146.0,146.0,145.77000427246094,145.77999877929688,19171
2026-01-21 19:00:00,145.77000427246094,145.80999755859375,145.5850067138672,145.60000610351562,49373
2026-01-21 19:05:00,145.61599731445312,145.8126983642578,145.61000061035156,145.80999755859375,29522
2026-01-21 19:10:00,145.8249969482422,145.8699951171875,145.77999877929688,145.8300018310547,15786
2026-01-21 19:15:00,145.8300018310547,145.99620056152344,145.82000732421875,145.9499969482422,24422
2026-01-21 19:20:00,145.97000122070312,146.05999755859375,145.9499969482422,146.0399932861328,22135
2026-01-21 19:25:00,146.03990173339844,146.2989959716797,145.96499633789062,146.19000244140625,81978
2026-01-21 19:30:00,146.22000122070312,146.25,146.0399932861328,146.2050018310547,34421
2026-01-21 19:35:00,146.1999969482422,146.28500366210938,146.05999755859375,146.28500366210938,36251
2026-01-21 19:40:00,146.3000030517578,146.47999572753906,146.26010131835938,146.35000610351562,41818
2026-01-21 19:45:00,146.36000061035156,146.5749969482422,146.30999755859375,146.57000732421875,51912
2026-01-21 19:50:00,146.57000732421875,146.74000549316406,146.5449981689453,146.7100067138672,39997
2026-01-21 19:55:00,146.6199951171875,146.7100067138672,146.5800018310547,146.5800018310547,59213
2026-01-21 20:00:00,146.6300048828125,146.74000549316406,146.6199951171875,146.72999572753906,26253
2026-01-21 20:05:00,146.7299041748047,146.74000549316406,146.55999755859375,146.5800018310547,38933
2026-01-21 20:10:00,146.5850067138672,146.6699981689453,146.57000732421875,146.6199951171875,39039
2026-01-21 20:15:00,146.63099670410156,146.6699981689453,146.4539031982422,146.50999450683594,36703
2026-01-21 20:20:00,146.5399932861328,146.63999938964844,146.47000122070312,146.47999572753906,31553
2026-01-21 20:25:00,146.49000549316406,146.67010498046875,146.49000549316406,146.67010498046875,31375
2026-01-21 20:30:00,146.6510009765625,146.72999572753906,146.5399932861328,146.71499633789062,50486
2026-01-21 20:35:00,146.74000549316406,146.88499450683594,146.72999572753906,146.87010192871094,43776
2026-01-21 20:40:00,146.88999938964844,147.00999450683594,146.8300018310547,146.86000061035156,57298
2026-01-21 20:45:00,146.8699951171875,147.0500030517578,146.8000030517578,147.02000427246094,72786
2026-01-21 20:50:00,147.00999450683594,147.24000549316406,146.8300018310547,146.86000061035156,147464
2026-01-21 20:55:00,146.8699951171875,146.8699951171875,146.63499450683594,146.72999572753906,314938
2026-01-22 14:30:00,146.56219482421875,147.0,146.25999450683594,146.90499877929688,143830
2026-01-22 14:35:00,146.9199981689453,147.1300048828125,146.63999938964844,146.72500610351562,63145
2026-01-22 14:40:00,146.7270050048828,147.1300048828125,146.63999938964844,146.85000610351562,55508
2026-01-22 14:45:00,147.0,147.0500030517578,146.58999633789062,146.72000122070312,57084
2026-01-22 14:50:00,146.72779846191406,146.7698974609375,146.0800018310547,146.08999633789062,35586
2026-01-22 14:55:00,146.07000732421875,146.29989624023438,146.07000732421875,146.19000244140625,42750
2026-01-22 15:00:00,146.16000366210938,146.22999572753906,145.75999450683594,145.75999450683594,69661
2026-01-22 15:05:00,145.74000549316406,145.77999877929688,145.4199981689453,145.6300048828125,61360
2026-01-22 15:10:00,145.63499450683594,145.77999877929688,145.32989501953125,145.7100067138672,80311
2026-01-22 15:15:00,145.6999969482422,146.0612030029297,145.52999877929688,146.0399932861328,74752
2026-01-22 15:20:00,146.0399932861328,146.375,146.0399932861328,146.2957000732422,39024
2026-01-22 15:25:00,146.22999572753906,146.33999633789062,145.85000610351562,146.21499633789062,51614
2026-01-22 15:30:00,146.25,146.41510009765625,146.1999969482422,146.22500610351562,40763
2026-01-22 15:35:00,146.22999572753906,146.3000030517578,146.1051025390625,146.2100067138672,40976
2026-01-22 15:40:00,146.24000549316406,146.3000030517578,146.02999877929688,146.16000366210938,33954
2026-01-22 15:45:00,146.16000366210938,146.47000122070312,146.10499572753906,146.47000122070312,53793
2026-01-22 15:50:00,146.4600067138672,146.46499633789062,146.30999755859375,146.43499755859375,27674
2026-01-22 15:55:00,146.41000366210938,146.41000366210938,146.27999877929688,146.31500244140625,32611
2026-01-22 16:00:00,146.32000732421875,146.50999450683594,146.32000732421875,146.48500061035156,76238
2026-01-22 16:05:00,146.4600067138672,146.66000366210938,146.40640258789062,146.60609436035156,31504
2026-01-22 16:10:00,146.61000061035156,146.61500549316406,146.4600067138672,146.47000122070312,23540
2026-01-22 16:15:00,146.50999450683594,146.55450439453125,146.22999572753906,146.3300018310547,32238
2026-01-22 16:20:00,146.3000030517578,146.43499755859375,146.22500610351562,146.38499450683594,37291
2026-01-22 16:25:00,146.40499877929688,146.40499877929688,146.0,146.0399932861328,85882
2026-01-22 16:30:00,146.0449981689453,146.16610717773438,145.9250030517578,146.14500427246094,88293
2026-01-22 16:35:00,146.1199951171875,146.16000366210938,146.0399932861328,146.125,34728
2026-01-22 16:40:00,146.11000061035156,146.14999389648438,145.89999389648438,145.97500610351562,50503
2026-01-22 16:45:00,145.9600067138672,146.27000427246094,145.88999938964844,146.19000244140625,21999
2026-01-22 16:50:00,146.22000122070312,146.33999633789062,146.16000366210938,146.3249969482422,28540
2026-01-22 16:55:00,146.3249969482422,146.33999633789062,146.13999938964844,146.24000549316406,25298
2026-01-22 17:00:00,146.2100067138672,146.32000732421875,146.11000061035156,146.30999755859375,23113
2026-01-22 17:05:00,146.2899932861328,146.2899932861328,146.0937042236328,146.17999267578125,30134
2026-01-22 17:10:00,146.17999267578125,146.2362060546875,146.14999389648438,146.2100067138672,16850
2026-01-22 17:15:00,146.19119262695312,146.2100067138672,146.0399932861328,146.0749969482422,34519
2026-01-22 17:20:00,146.07000732421875,146.1199951171875,146.0,146.08799743652344,17875
2026-01-22 17:25:00,146.10000610351562,146.1199951171875,145.9199981689453,146.02499389648438,20672
2026-01-22 17:30:00,146.00999450683594,146.0904998779297,145.96009826660156,146.02999877929688,14731
2026-01-22 17:35:00,146.0399932861328,146.1300048828125,146.02059936523438,146.05499267578125,21291
2026-01-22 17:40:00,146.06820678710938,146.11000061035156,146.02999877929688,146.0399932861328,15327
2026-01-22 17:45:00,146.0399932861328,146.0800018310547,146.02000427246094,146.07000732421875,14642
2026-01-22 17:50:00,146.08999633789062,146.10000610351562,146.0399932861328,146.05999755859375,14348
2026-01-22 17:55:00,146.0561981201172,146.0561981201172,145.97500610351562,146.02000427246094,21827
2026-01-22 18:00:00,146.02000427246094,146.0399932861328,145.8300018310547,145.89999389648438,36779
2026-01-22 18:05:00,145.88999938964844,145.9250030517578,145.8300018310547,145.86000061035156,18043
2026-01-22 18:10:00,145.77999877929688,145.80999755859375,145.6699981689453,145.67999267578125,16265
2026-01-22 18:15:00,145.6699981689453,145.69000244140625,145.560302734375,145.66000366210938,22177
2026-01-22 18:20:00,145.63999938964844,145.6699981689453,145.5,145.52999877929688,15422
2026-01-22 18:25:00,145.5,145.51510620117188,145.41000366210938,145.46499633789062,23029
2026-01-22 18:30:00,145.47000122070312,145.63900756835938,145.4499969482422,145.5749969482422,34580
2026-01-22 18:35:00,145.5850067138672,145.63999938964844,145.55999755859375,145.58999633789062,24296
2026-01-22 18:40:00,145.60000610351562,145.61000061035156,145.5301055908203,145.5478973388672,16376
2026-01-22 18:45:00,145.5399932861328,145.64500427246094,145.4416046142578,145.5399932861328,34843
2026-01-22 18:50:00,145.4949951171875,145.6199951171875,145.4499969482422,145.47000122070312,24242
2026-01-22 18:55:00,145.47000122070312,145.5124053955078,145.42999267578125,145.4600067138672,30474
2026-01-22 19:00:00,145.4600067138672,145.49000549316406,145.16000366210938,145.1649932861328,46746
2026-01-22 19:05:00,145.16200256347656,145.22999572753906,145.11500549316406,145.17999267578125,36464
2026-01-22 19:10:00,145.1999969482422,145.25,145.19000244140625,145.1999969482422,18865
2026-01-22 19:15:00,145.19509887695312,145.25,145.14500427246094,145.1999969482422,26915
2026-01-22 19:20:00,145.1999969482422,145.3800048828125,145.19500732421875,145.3699951171875,25439
2026-01-22 19:25:00,145.3800048828125,145.42999267578125,145.32000732421875,145.33009338378906,34188
2026-01-22 19:30:00,145.33999633789062,145.33999633789062,145.10000610351562,145.13999938964844,26359
2026-01-22 19:35:00,145.13999938964844,145.1999969482422,144.9600067138672,144.99000549316406,36913
2026-01-22 19:40:00,144.98500061035156,145.02000427246094,144.77999877929688,144.85499572753906,37915
2026-01-22 19:45:00,144.8699951171875,145.0059051513672,144.85499572753906,144.97000122070312,26056
2026-01-22 19:50:00,144.97000122070312,144.99400329589844,144.90499877929688,144.94000244140625,30756
2026-01-22 19:55:00,144.931396484375,144.9499969482422,144.77000427246094,144.8300018310547,33713
2026-01-22 20:00:00,144.8300018310547,144.83999633789062,144.61000061035156,144.73680114746094,58022
2026-01-22 20:05:00,144.73500061035156,144.8000030517578,144.6999969482422,144.77000427246094,39503
2026-01-22 20:10:00,144.77999877929688,145.00999450683594,144.77999877929688,144.9199981689453,37002
2026-01-22 20:15:00,144.9199981689453,145.02749633789062,144.8800048828125,144.92999267578125,56186
2026-01-22 20:20:00,144.94000244140625,144.97000122070312,144.5850067138672,144.5850067138672,66057
2026-01-22 20:25:00,144.6300048828125,144.66000366210938,144.46499633789062,144.50039672851562,53058
2026-01-22 20:30:00,144.52000427246094,144.5399932861328,144.38999938964844,144.44000244140625,61738
2026-01-22 20:35:00,144.44000244140625,144.47000122070312,144.3251953125,144.36000061035156,54247
2026-01-22 20:40:00,144.3699951171875,144.57249450683594,144.28050231933594,144.5399932861328,65443
2026-01-22 20:45:00,144.5399932861328,144.58999633789062,144.375,144.38999938964844,74547
2026-01-22 20:50:00,144.4199981689453,144.46600341796875,144.19000244140625,144.4250030517578,168460
2026-01-22 20:55:00,144.42999267578125,144.47999572753906,144.3300018310547,144.3800048828125,345440
2026-01-23 14:30:00,143.99000549316406,144.14999389648438,143.6699981689453,144.14999389648438,136972
2026-01-23 14:35:00,144.17999267578125,144.83999633789062,144.17999267578125,144.77999877929688,55290
2026-01-23 14:40:00,144.75320434570312,144.75320434570312,144.3800048828125,144.5399932861328,46481
2026-01-23 14:45:00,144.5399932861328,144.6199951171875,144.35000610351562,144.3699951171875,42442
2026-01-23 14:50:00,144.2801055908203,144.41000366210938,144.0399932861328,144.41000366210938,35267
2026-01-23 14:55:00,144.5050048828125,144.69000244140625,144.27999877929688,144.69000244140625,34352
2026-01-23 15:00:00,144.7100067138672,144.72999572753906,144.22000122070312,144.35989379882812,33152
2026-01-23 15:05:00,144.32000732421875,144.4600067138672,144.25999450683594,144.3000030517578,26750
2026-01-23 15:10:00,144.2989959716797,144.44000244140625,144.25999450683594,144.25999450683594,20788
2026-01-23 15:15:00,144.25999450683594,144.25999450683594,143.97000122070312,144.1199951171875,43672
2026-01-23 15:20:00,144.1199951171875,144.27999877929688,144.05999755859375,144.27000427246094,36431
2026-01-23 15:25:00,144.25999450683594,144.27999877929688,144.00999450683594,144.00999450683594,49410
2026-01-23 15:30:00,144.00999450683594,144.05999755859375,143.91000366210938,143.9949951171875,64250
2026-01-23 15:35:00,144.0,144.08999633789062,143.92999267578125,144.07000732421875,44858
2026-01-23 15:40:00,144.05499267578125,144.24000549316406,144.02999877929688,144.13009643554688,31187
2026-01-23 15:45:00,144.14500427246094,144.1699981689453,144.10049438476562,144.125,25144
2026-01-23 15:50:00,144.11000061035156,144.16990661621094,143.89999389648438,143.94000244140625,27502
2026-01-23 15:55:00,143.9600067138672,143.9600067138672,143.63999938964844,143.72999572753906,59889
2026-01-23 16:00:00,143.72000122070312,143.75999450683594,143.53750610351562,143.55999755859375,49617
2026-01-23 16:05:00,143.57000732421875,143.75,143.50999450683594,143.57000732421875,70005
2026-01-23 16:10:00,143.5399932861328,143.55499267578125,143.3009033203125,143.53500366210938,89565
2026-01-23 16:15:00,143.52000427246094,143.75,143.50999450683594,143.5850067138672,38198
2026-01-23 16:20:00,143.60000610351562,143.82000732421875,143.5970001220703,143.77999877929688,32681
2026-01-23 16:25:00,143.77999877929688,143.92999267578125,143.74000549316406,143.74000549316406,42757
2026-01-23 16:30:00,143.76499938964844,143.77999877929688,143.1699981689453,143.38999938964844,59426
2026-01-23 16:35:00,143.3800048828125,143.44000244140625,143.24000549316406,143.44000244140625,57598
2026-01-23 16:40:00,143.43499755859375,143.55999755859375,143.35000610351562,143.49000549316406,42138
2026-01-23 16:45:00,143.50999450683594,143.52000427246094,143.4199981689453,143.47999572753906,29266
2026-01-23 16:50:00,143.47999572753906,143.66000366210938,143.44000244140625,143.47000122070312,40029
2026-01-23 16:55:00,143.47999572753906,143.60000610351562,143.44000244140625,143.47999572753906,33506
2026-01-23 17:00:00,143.50999450683594,143.52999877929688,143.39999389648438,143.48500061035156,28871
2026-01-23 17:05:00,143.48500061035156,143.58009338378906,143.4499969482422,143.5500030517578,25909
2026-01-23 17:10:00,143.5500030517578,143.5800018310547,143.5050048828125,143.52000427246094,27940
2026-01-23 17:15:00,143.52999877929688,143.57009887695312,143.5,143.52999877929688,21103
2026-01-23 17:20:00,143.52999877929688,143.6300048828125,143.50999450683594,143.5500030517578,25009
2026-01-23 17:25:00,143.5500030517578,143.7899932861328,143.49000549316406,143.77000427246094,38081
2026-01-23 17:30:00,143.75,143.8699951171875,143.72999572753906,143.77999877929688,36930
2026-01-23 17:35:00,143.77999877929688,143.94000244140625,143.73500061035156,143.92999267578125,37791
2026-01-23 17:40:00,143.91000366210938,144.19000244140625,143.91000366210938,144.0749969482422,31924
2026-01-23 17:45:00,144.0800018310547,144.0800018310547,143.85000610351562,143.8699951171875,34016
2026-01-23 17:50:00,143.86000061035156,143.97000122070312,143.84500122070312,143.87750244140625,24309
2026-01-23 17:55:00,143.88999938964844,143.91000366210938,143.7050018310547,143.7550048828125,24666
2026-01-23 18:00:00,143.75,143.75999450683594,143.67999267578125,143.75999450683594,23345
2026-01-23 18:05:00,143.75,143.82000732421875,143.6999969482422,143.82000732421875,22325
2026-01-23 18:10:00,143.82000732421875,143.86000061035156,143.6699981689453,143.69000244140625,26426
2026-01-23 18:15:00,143.67999267578125,143.67999267578125,143.50999450683594,143.58999633789062,21830
2026-01-23 18:20:00,143.5800018310547,143.74000549316406,143.56739807128906,143.72000122070312,19061
2026-01-23 18:25:00,143.72000122070312,143.9499969482422,143.72000122070312,143.9199981689453,20004
2026-01-23 18:30:00,143.94000244140625,144.14500427246094,143.94000244140625,144.07000732421875,49073
2026-01-23 18:35:00,144.05999755859375,144.09500122070312,143.99000549316406,144.0800018310547,27414
2026-01-23 18:40:00,144.0850067138672,144.0850067138672,143.98500061035156,144.02000427246094,29640
2026-01-23 18:45:00,144.02000427246094,144.02000427246094,143.88999938964844,143.96499633789062,21206
2026-01-23 18:50:00,143.97999572753906,144.02999877929688,143.92300415039062,143.97500610351562,21527
2026-01-23 18:55:00,143.97999572753906,143.97999572753906,143.82000732421875,143.85000610351562,25166
2026-01-23 19:00:00,143.86000061035156,144.0800018310547,143.85000610351562,144.06680297851562,19365
2026-01-23 19:05:00,144.08999633789062,144.10000610351562,143.94000244140625,144.00999450683594,25664
2026-01-23 19:10:00,144.00999450683594,144.10000610351562,143.97000122070312,143.97000122070312,30944
2026-01-23 19:15:00,143.97000122070312,144.0399932861328,143.92999267578125,144.01499938964844,28259
2026-01-23 19:20:00,144.00999450683594,144.1699981689453,144.00999450683594,144.10000610351562,37067
2026-01-23 19:25:00,144.10000610351562,144.22000122070312,144.0800018310547,144.17999267578125,31719
2026-01-23 19:30:00,144.1699981689453,144.1999969482422,144.00999450683594,144.010498046875,29601
2026-01-23 19:35:00,143.9925994873047,144.07000732421875,143.89500427246094,143.9199981689453,26547
2026-01-23 19:40:00,143.92999267578125,143.9600067138672,143.8699951171875,143.9600067138672,23964
2026-01-23 19:45:00,143.99000549316406,144.0,143.91000366210938,143.97999572753906,27655
2026-01-23 19:50:00,143.97000122070312,144.13999938964844,143.97000122070312,144.00999450683594,28622
2026-01-23 19:55:00,144.00999450683594,144.11000061035156,144.00999450683594,144.07009887695312,28037
2026-01-23 20:00:00,144.07000732421875,144.07000732421875,143.97999572753906,144.02000427246094,29754
2026-01-23 20:05:00,144.00999450683594,144.10000610351562,143.97999572753906,144.10000610351562,22479
2026-01-23 20:10:00,144.12989807128906,144.14999389648438,144.07000732421875,144.14999389648438,26741
2026-01-23 20:15:00,144.14999389648438,144.24000549316406,144.12440490722656,144.1699981689453,33989
2026-01-23 20:20:00,144.1699981689453,144.2100067138672,144.08009338378906,144.16000366210938,41457
2026-01-23 20:25:00,144.14999389648438,144.22999572753906,144.0800018310547,144.19000244140625,33364
2026-01-23 20:30:00,144.19000244140625,144.22500610351562,144.1199951171875,144.1699981689453,48382
2026-01-23 20:35:00,144.15750122070312,144.15750122070312,144.0,144.10499572753906,50014
2026-01-23 20:40:00,144.10499572753906,144.1649932861328,143.97000122070312,143.99000549316406,66212
2026-01-23 20:45:00,143.9705047607422,144.1199951171875,143.9705047607422,144.0,68518
2026-01-23 20:50:00,144.0,144.3699951171875,143.99000549316406,144.27000427246094,140552
2026-01-23 20:55:00,144.27000427246094,144.63499450683594,144.25,144.57000732421875,455153
2026-01-26 14:30:00,144.8175048828125,144.8175048828125,144.22000122070312,144.52999877929688,146188
2026-01-26 14:35:00,144.69000244140625,144.8699951171875,144.5800018310547,144.6999969482422,46483
2026-01-26 14:40:00,144.72320556640625,144.9324951171875,144.58999633789062,144.60009765625,83461
2026-01-26 14:45:00,144.57000732421875,144.72999572753906,144.36000061035156,144.60000610351562,99366
2026-01-26 14:50:00,144.61000061035156,144.8300018310547,144.57000732421875,144.72999572753906,45664
2026-01-26 14:55:00,144.69000244140625,144.92999267578125,144.5449981689453,144.8300018310547,102698
2026-01-26 15:00:00,144.875,145.14990234375,144.75999450683594,144.9949951171875,82026
2026-01-26 15:05:00,144.97999572753906,145.02999877929688,144.82000732421875,144.96499633789062,44080
2026-01-26 15:10:00,144.98500061035156,145.1999969482422,144.97000122070312,145.02999877929688,53406
2026-01-26 15:15:00,145.02999877929688,145.22000122070312,145.02999877929688,145.21499633789062,53698
2026-01-26 15:20:00,145.24000549316406,145.3800048828125,145.14999389648438,145.2949981689453,72285
2026-01-26 15:25:00,145.32000732421875,145.3350067138672,145.1300048828125,145.17999267578125,54030
2026-01-26 15:30:00,145.19000244140625,145.31500244140625,145.15499877929688,145.24110412597656,67932
2026-01-26 15:35:00,145.22999572753906,145.2899932861328,145.14999389648438,145.1999969482422,52942
2026-01-26 15:40:00,145.24989318847656,145.33999633789062,145.19000244140625,145.29010009765625,54538
2026-01-26 15:45:00,145.2899932861328,145.40499877929688,145.22999572753906,145.28919982910156,35505
2026-01-26 15:50:00,145.2899932861328,145.34500122070312,145.24000549316406,145.27000427246094,28995
2026-01-26 15:55:00,145.25999450683594,145.34500122070312,144.9600067138672,145.0,87083
2026-01-26 16:00:00,145.00999450683594,145.19500732421875,145.00999450683594,145.02999877929688,44850
2026-01-26 16:05:00,145.0399932861328,145.0800018310547,144.8800048828125,144.94000244140625,40841
2026-01-26 16:10:00,144.9199981689453,144.92660522460938,144.66000366210938,144.6999053955078,30260
2026-01-26 16:15:00,144.68260192871094,144.76499938964844,144.64089965820312,144.72000122070312,36883
2026-01-26 16:20:00,144.7100067138672,144.7899932861328,144.6300048828125,144.75999450683594,33186
2026-01-26 16:25:00,144.77000427246094,144.8800048828125,144.5803985595703,144.5803985595703,29887
2026-01-26 16:30:00,144.58999633789062,144.6300048828125,144.4949951171875,144.5399932861328,29458
2026-01-26 16:35:00,144.52999877929688,144.5500030517578,144.41000366210938,144.42999267578125,26008
2026-01-26 16:40:00,144.42999267578125,144.4499969482422,144.35000610351562,144.41000366210938,21298
2026-01-26 16:45:00,144.41000366210938,144.42999267578125,144.32899475097656,144.36000061035156,25534
2026-01-26 16:50:00,144.35000610351562,144.3800048828125,144.32000732421875,144.32000732421875,25636
2026-01-26 16:55:00,144.30999755859375,144.30999755859375,144.22999572753906,144.24000549316406,22311
2026-01-26 17:00:00,144.22500610351562,144.27000427246094,144.13999938964844,144.27000427246094,34534
2026-01-26 17:05:00,144.27000427246094,144.38999938964844,144.27000427246094,144.33999633789062,30464
2026-01-26 17:10:00,144.36000061035156,144.4499969482422,144.36000061035156,144.44000244140625,18484
2026-01-26 17:15:00,144.44000244140625,144.5749969482422,144.44000244140625,144.5399932861328,23219
2026-01-26 17:20:00,144.5500030517578,144.5800018310547,144.47999572753906,144.5,36630
2026-01-26 17:25:00,144.49000549316406,144.61000061035156,144.49000549316406,144.55999755859375,18905
2026-01-26 17:30:00,144.57000732421875,144.625,144.5301055908203,144.57899475097656,24181
2026-01-26 17:35:00,144.58999633789062,144.67779541015625,144.58450317382812,144.6300048828125,35419
2026-01-26 17:40:00,144.6300048828125,144.77000427246094,144.6300048828125,144.77000427246094,18936
2026-01-26 17:45:00,144.8000030517578,144.8000030517578,144.75010681152344,144.77499389648438,23565
2026-01-26 17:50:00,144.77999877929688,144.86000061035156,144.75999450683594,144.83999633789062,17802
2026-01-26 17:55:00,144.85000610351562,144.86000061035156,144.8000030517578,144.82000732421875,24400
2026-01-26 18:00:00,144.80999755859375,144.85000610351562,144.69500732421875,144.85000610351562,21752
2026-01-26 18:05:00,144.85000610351562,145.0,144.85000610351562,144.91000366210938,25286
2026-01-26 18:10:00,144.91099548339844,144.9499969482422,144.88999938964844,144.9499969482422,18013
2026-01-26 18:15:00,144.94000244140625,144.95159912109375,144.8699951171875,144.93130493164062,22301
2026-01-26 18:20:00,144.92999267578125,144.92999267578125,144.86500549316406,144.88999938964844,13324
2026-01-26 18:25:00,144.89999389648438,144.97000122070312,144.89999389648438,144.9499969482422,16562
2026-01-26 18:30:00,144.94000244140625,144.9698944091797,144.92919921875,144.94000244140625,17825
2026-01-26 18:35:00,144.92999267578125,144.9499969482422,144.83999633789062,144.83999633789062,19182
2026-01-26 18:40:00,144.82000732421875,144.9499969482422,144.7899932861328,144.87460327148438,25039
2026-01-26 18:45:00,144.8800048828125,144.93060302734375,144.86500549316406,144.92999267578125,17164
2026-01-26 18:50:00,144.93519592285156,145.27000427246094,144.9208984375,145.27000427246094,64281
2026-01-26 18:55:00,145.27000427246094,145.3000030517578,145.125,145.125,28604
2026-01-26 19:00:00,145.1199951171875,145.4355010986328,145.11000061035156,145.3000030517578,67763
2026-01-26 19:05:00,145.32000732421875,145.5850067138672,145.32000732421875,145.55999755859375,43811
2026-01-26 19:10:00,145.55999755859375,145.7449951171875,145.4199981689453,145.6300048828125,82280
2026-01-26 19:15:00,145.6300048828125,145.7100067138672,145.55999755859375,145.5850067138672,34990
2026-01-26 19:20:00,145.57000732421875,145.5800018310547,145.42999267578125,145.4499969482422,25490
2026-01-26 19:25:00,145.41000366210938,145.5,145.41000366210938,145.4250030517578,19364
2026-01-26 19:30:00,145.41000366210938,145.4600067138672,145.24000549316406,145.2899932861328,36152
2026-01-26 19:35:00,145.3000030517578,145.3000030517578,145.1800994873047,145.25,19884
2026-01-26 19:40:00,145.25,145.2899932861328,145.19000244140625,145.25999450683594,22528
2026-01-26 19:45:00,145.25999450683594,145.41000366210938,145.22500610351562,145.3800048828125,69747
2026-01-26 19:50:00,145.38499450683594,145.38499450683594,145.30999755859375,145.3300018310547,28331
2026-01-26 19:55:00,145.32000732421875,145.5,145.30999755859375,145.36000061035156,57030
2026-01-26 20:00:00,145.36000061035156,145.41000366210938,145.33009338378906,145.33009338378906,26318
2026-01-26 20:05:00,145.3300018310547,145.5,145.2801971435547,145.4199981689453,40046
2026-01-26 20:10:00,145.41000366210938,145.5850067138672,145.3800048828125,145.39999389648438,55778
2026-01-26 20:15:00,145.39999389648438,145.4499969482422,145.3000030517578,145.4149932861328,51550
2026-01-26 20:20:00,145.4250030517578,145.5157928466797,145.38999938964844,145.39999389648438,48086
2026-01-26 20:25:00,145.38999938964844,145.39999389648438,145.3249969482422,145.35000610351562,27908
2026-01-26 20:30:00,145.34519958496094,145.4949951171875,145.33999633789062,145.47000122070312,41378
2026-01-26 20:35:00,145.46690368652344,145.6199951171875,145.4600067138672,145.52000427246094,70568
2026-01-26 20:40:00,145.52000427246094,145.72000122070312,145.50999450683594,145.6999969482422,36884
2026-01-26 20:45:00,145.6999969482422,145.6999969482422,145.4600067138672,145.52999877929688,67996
2026-01-26 20:50:00,145.5399932861328,145.8800048828125,145.5,145.86000061035156,109136
2026-01-26 20:55:00,145.85000610351562,145.9199981689453,145.7899932861328,145.8699951171875,297462
2026-01-27 14:30:00,145.7899932861328,146.39999389648438,145.3300018310547,146.3000030517578,144849
2026-01-27 14:35:00,146.32000732421875,146.39999389648438,145.9499969482422,146.16000366210938,45894
2026-01-27 14:40:00,146.160400390625,146.61000061035156,146.1199951171875,146.55999755859375,33233
2026-01-27 14:45:00,146.55999755859375,146.85800170898438,146.50999450683594,146.6699981689453,39884
2026-01-27 14:50:00,146.6750030517578,146.85000610351562,146.5399932861328,146.69000244140625,31296
2026-01-27 14:55:00,146.77000427246094,146.7899932861328,146.49000549316406,146.65499877929688,27547
2026-01-27 15:00:00,146.69000244140625,147.0449981689453,146.6199951171875,146.8350067138672,72280
2026-01-27 15:05:00,146.86500549316406,146.8800048828125,146.36000061035156,146.42999267578125,49778
2026-01-27 15:10:00,146.4499969482422,146.63499450683594,146.2949981689453,146.35000610351562,134808
2026-01-27 15:15:00,146.3780059814453,146.3780059814453,146.18499755859375,146.27000427246094,28834
2026-01-27 15:20:00,146.32000732421875,146.32000732421875,146.10000610351562,146.18960571289062,33138
2026-01-27 15:25:00,146.17999267578125,146.1970977783203,146.05999755859375,146.05999755859375,31125
2026-01-27 15:30:00,146.0850067138672,146.38999938964844,146.0850067138672,146.38999938964844,17019
2026-01-27 15:35:00,146.41000366210938,146.57000732421875,146.3000030517578,146.47000122070312,23325
2026-01-27 15:40:00,146.45010375976562,146.55999755859375,146.3000030517578,146.55999755859375,47289
2026-01-27 15:45:00,146.57000732421875,146.60000610351562,146.42999267578125,146.5,62052
2026-01-27 15:50:00,146.52499389648438,146.7949981689453,146.4600067138672,146.7550048828125,39259
2026-01-27 15:55:00,146.75,146.99000549316406,146.6699981689453,146.69000244140625,54619
2026-01-27 16:00:00,146.69000244140625,146.85000610351562,146.64999389648438,146.72000122070312,30601
2026-01-27 16:05:00,146.7100067138672,146.72000122070312,146.55850219726562,146.5749969482422,24838
2026-01-27 16:10:00,146.5800018310547,146.5800018310547,146.4613037109375,146.52000427246094,32427
2026-01-27 16:15:00,146.52999877929688,146.68499755859375,146.5030059814453,146.68499755859375,25072
2026-01-27 16:20:00,146.7100067138672,146.8699951171875,146.63670349121094,146.8300018310547,22453
2026-01-27 16:25:00,146.85000610351562,147.0399932861328,146.8300018310547,146.97000122070312,32940
2026-01-27 16:30:00,146.9499969482422,147.17999267578125,146.94000244140625,147.16000366210938,24101
2026-01-27 16:35:00,147.1699981689453,147.36000061035156,147.1699981689453,147.22999572753906,23391
2026-01-27 16:40:00,147.22000122070312,147.22999572753906,147.0800018310547,147.11000061035156,17831
2026-01-27 16:45:00,147.10000610351562,147.14999389648438,146.93499755859375,147.05499267578125,26181
2026-01-27 16:50:00,147.0800018310547,147.1300048828125,147.00669860839844,147.0500030517578,18298
2026-01-27 16:55:00,147.04510498046875,147.1199951171875,146.9949951171875,147.0500030517578,23193
2026-01-27 17:00:00,147.0800018310547,147.1999969482422,147.00999450683594,147.0850067138672,35272
2026-01-27 17:05:00,147.07000732421875,147.17999267578125,147.0500030517578,147.1649932861328,21432
2026-01-27 17:10:00,147.16000366210938,147.24000549316406,147.14999389648438,147.1699981689453,18290
2026-01-27 17:15:00,147.16000366210938,147.1699981689453,147.0399932861328,147.125,21220
2026-01-27 17:20:00,147.11500549316406,147.25,147.09719848632812,147.19009399414062,20127
2026-01-27 17:25:00,147.2050018310547,147.22999572753906,147.14999389648438,147.22000122070312,14675
2026-01-27 17:30:00,147.22000122070312,147.27000427246094,147.11000061035156,147.11000061035156,18932
2026-01-27 17:35:00,147.11990356445312,147.2100067138672,147.11000061035156,147.19000244140625,29437
2026-01-27 17:40:00,147.1999969482422,147.3000030517578,147.13499450683594,147.25,17078
2026-01-27 17:45:00,147.25,147.32000732421875,147.22999572753906,147.2899932861328,22031
2026-01-27 17:50:00,147.2899932861328,147.39999389648438,147.2899932861328,147.38999938964844,22020
2026-01-27 17:55:00,147.38999938964844,147.41000366210938,147.2617950439453,147.35000610351562,18440
2026-01-27 18:00:00,147.35519409179688,147.4499969482422,147.27000427246094,147.42999267578125,26051
2026-01-27 18:05:00,147.4199981689453,147.52999877929688,147.39999389648438,147.39999389648438,24115
2026-01-27 18:10:00,147.39999389648438,147.5500030517578,147.3800048828125,147.5500030517578,27068
2026-01-27 18:15:00,147.5399932861328,147.60499572753906,147.4600067138672,147.50999450683594,25044
2026-01-27 18:20:00,147.52000427246094,147.52999877929688,147.42999267578125,147.50999450683594,19283
2026-01-27 18:25:00,147.5198974609375,147.61000061035156,147.4691925048828,147.52000427246094,33236
2026-01-27 18:30:00,147.52000427246094,147.64999389648438,147.52000427246094,147.6199951171875,24513
2026-01-27 18:35:00,147.6300048828125,147.71499633789062,147.59500122070312,147.61000061035156,25597
2026-01-27 18:40:00,147.6103057861328,147.63999938964844,147.44000244140625,147.47000122070312,23043
2026-01-27 18:45:00,147.4600067138672,147.61000061035156,147.4600067138672,147.5399932861328,25788
2026-01-27 18:50:00,147.53500366210938,147.74000549316406,147.52999877929688,147.74000549316406,23728
2026-01-27 18:55:00,147.7449951171875,147.97999572753906,147.72999572753906,147.97999572753906,44676
2026-01-27 19:00:00,147.97999572753906,148.17999267578125,147.92999267578125,148.1300048828125,75497
2026-01-27 19:05:00,148.13499450683594,148.17999267578125,147.92999267578125,147.9499969482422,137077
2026-01-27 19:10:00,147.97999572753906,148.0500030517578,147.80999755859375,147.83999633789062,76374
2026-01-27 19:15:00,147.84080505371094,147.97000122070312,147.83999633789062,147.94000244140625,36127
2026-01-27 19:20:00,147.9499969482422,148.1300048828125,147.92999267578125,147.95849609375,70427
2026-01-27 19:25:00,147.96499633789062,148.10000610351562,147.93499755859375,148.10000610351562,45108
2026-01-27 19:30:00,148.11000061035156,148.3300018310547,148.02999877929688,148.27999877929688,56083
2026-01-27 19:35:00,148.2899932861328,148.38999938964844,148.24000549316406,148.25,43620
2026-01-27 19:40:00,148.22999572753906,148.25999450683594,148.17999267578125,148.17999267578125,39536
2026-01-27 19:45:00,148.17999267578125,148.17999267578125,148.00999450683594,148.00999450683594,33912
2026-01-27 19:50:00,148.02000427246094,148.08999633789062,147.9499969482422,147.97999572753906,40507
2026-01-27 19:55:00,147.99000549316406,148.05999755859375,147.94000244140625,148.05999755859375,34985
2026-01-27 20:00:00,148.05999755859375,148.14999389648438,147.9949951171875,148.0800018310547,38747
2026-01-27 20:05:00,148.07000732421875,148.22999572753906,148.0142059326172,148.10000610351562,77499
2026-01-27 20:10:00,148.10000610351562,148.11000061035156,147.8699951171875,147.97999572753906,43520
2026-01-27 20:15:00,147.97000122070312,148.05999755859375,147.91009521484375,148.00999450683594,50148
2026-01-27 20:20:00,148.00999450683594,148.02000427246094,147.86000061035156,147.89500427246094,47344
2026-01-27 20:25:00,147.88999938964844,147.97869873046875,147.8000030517578,147.88999938964844,40466
2026-01-27 20:30:00,147.8800048828125,148.05499267578125,147.75,148.0500030517578,78133
2026-01-27 20:35:00,148.07000732421875,148.27999877929688,148.04840087890625,148.24000549316406,51934
2026-01-27 20:40:00,148.25,148.30999755859375,148.14999389648438,148.30999755859375,77762
2026-01-27 20:45:00,148.30999755859375,148.48989868164062,148.30999755859375,148.47999572753906,85902
2026-01-27 20:50:00,148.49000549316406,148.8000030517578,148.3699951171875,148.6699981689453,332870
2026-01-27 20:55:00,148.66000366210938,148.82000732421875,148.625,148.77000427246094,388703
2026-01-28 14:30:00,148.24679565429688,149.97999572753906,148.24000549316406,149.80499267578125,180996
2026-01-28 14:35:00,149.75,150.0399932861328,149.28500366210938,149.5500030517578,101358
2026-01-28 14:40:00,149.52169799804688,149.64999389648438,149.02000427246094,149.17999267578125,35338
2026-01-28 14:45:00,149.26010131835938,149.6699981689453,149.25619506835938,149.5449981689453,50043
2026-01-28 14:50:00,149.52999877929688,149.52999877929688,149.0500030517578,149.10000610351562,64878
2026-01-28 14:55:00,149.1300048828125,149.1300048828125,148.82000732421875,148.92999267578125,60984
2026-01-28 15:00:00,148.9199981689453,149.22000122070312,148.81500244140625,149.1699981689453,37946
2026-01-28 15:05:00,149.1300048828125,149.24000549316406,149.02999877929688,149.1300048828125,34899
2026-01-28 15:10:00,149.16000366210938,149.3542022705078,149.16000366210938,149.30999755859375,32747
2026-01-28 15:15:00,149.33999633789062,149.4199981689453,149.14649963378906,149.21060180664062,48286
2026-01-28 15:20:00,149.24000549316406,149.32000732421875,149.0,149.0,25785
2026-01-28 15:25:00,149.06500244140625,149.3000030517578,149.0500030517578,149.0800018310547,23717
2026-01-28 15:30:00,149.14999389648438,149.42999267578125,149.1300048828125,149.42999267578125,34502
2026-01-28 15:35:00,149.39999389648438,149.42999267578125,149.16000366210938,149.16000366210938,21562
2026-01-28 15:40:00,149.17999267578125,149.36000061035156,149.08999633789062,149.35499572753906,25794
2026-01-28 15:45:00,149.3300018310547,149.53500366210938,149.30999755859375,149.4499969482422,21235
2026-01-28 15:50:00,149.4600067138672,149.52000427246094,149.3350067138672,149.4600067138672,19360
2026-01-28 15:55:00,149.47999572753906,149.52000427246094,149.3300018310547,149.38999938964844,27965
2026-01-28 16:00:00,149.375,149.38999938964844,149.11000061035156,149.11000061035156,27608
2026-01-28 16:05:00,149.0800018310547,149.25,148.9683074951172,149.1199951171875,32469
2026-01-28 16:10:00,149.110107421875,149.25,149.00999450683594,149.0565948486328,43128
2026-01-28 16:15:00,149.05999755859375,149.05999755859375,148.99000549316406,148.99000549316406,13654
2026-01-28 16:20:00,148.9600067138672,148.99000549316406,148.80999755859375,148.97000122070312,26949
2026-01-28 16:25:00,148.96499633789062,149.06500244140625,148.85000610351562,149.0449981689453,26035
2026-01-28 16:30:00,149.04220581054688,149.04220581054688,148.82000732421875,148.92999267578125,19813
2026-01-28 16:35:00,148.94000244140625,148.97000122070312,148.83999633789062,148.83999633789062,24095
2026-01-28 16:40:00,148.8300018310547,149.13999938964844,148.82000732421875,149.13499450683594,29598
2026-01-28 16:45:00,149.13999938964844,149.2100067138672,149.02999877929688,149.02999877929688,42454
2026-01-28 16:50:00,149.00999450683594,149.02999877929688,148.93499755859375,148.9499969482422,39137
2026-01-28 16:55:00,148.94000244140625,148.97999572753906,148.82000732421875,148.85499572753906,35560
2026-01-28 17:00:00,148.8800048828125,148.9199981689453,148.6999969482422,148.72000122070312,33206
2026-01-28 17:05:00,148.69500732421875,148.701904296875,148.60000610351562,148.63999938964844,19300
2026-01-28 17:10:00,148.63999938964844,148.75,148.6199951171875,148.6300048828125,17938
2026-01-28 17:15:00,148.63900756835938,148.72000122070312,148.56680297851562,148.6699981689453,17312
2026-01-28 17:20:00,148.7100067138672,148.8300018310547,148.7100067138672,148.81500244140625,11727
2026-01-28 17:25:00,148.8300018310547,148.88999938964844,148.73899841308594,148.8699951171875,18855
2026-01-28 17:30:00,148.82179260253906,148.82179260253906,148.6199951171875,148.6999969482422,18084
2026-01-28 17:35:00,148.69000244140625,148.7050018310547,148.5883026123047,148.60000610351562,31249
2026-01-28 17:40:00,148.58999633789062,148.6199951171875,148.44000244140625,148.45249938964844,34327
2026-01-28 17:45:00,148.4600067138672,148.5500030517578,148.44000244140625,148.44000244140625,21657
2026-01-28 17:50:00,148.44000244140625,148.5,148.36500549316406,148.3699951171875,11543
2026-01-28 17:55:00,148.36500549316406,148.3800048828125,148.13999938964844,148.13999938964844,15741
2026-01-28 18:00:00,148.13999938964844,148.14500427246094,147.8800048828125,147.89999389648438,61224
2026-01-28 18:05:00,147.88999938964844,148.11000061035156,147.85000610351562,148.11000061035156,42212
2026-01-28 18:10:00,148.1300048828125,148.22999572753906,148.0800018310547,148.10000610351562,19893
2026-01-28 18:15:00,148.08999633789062,148.1999969482422,148.0399932861328,148.1199951171875,33849
2026-01-28 18:20:00,148.10000610351562,148.10000610351562,148.01510620117188,148.08999633789062,15026
2026-01-28 18:25:00,148.08999633789062,148.17999267578125,148.0500030517578,148.13499450683594,17521
2026-01-28 18:30:00,148.14999389648438,148.14999389648438,148.0399932861328,148.05999755859375,18029
2026-01-28 18:35:00,148.07000732421875,148.27999877929688,148.05999755859375,148.22999572753906,24885
2026-01-28 18:40:00,148.24000549316406,148.2946014404297,148.19000244140625,148.2899932861328,16110
2026-01-28 18:45:00,148.2899932861328,148.30999755859375,148.22999572753906,148.28500366210938,14847
2026-01-28 18:50:00,148.27999877929688,148.2899932861328,148.1699981689453,148.19000244140625,17540
2026-01-28 18:55:00,148.2100067138672,148.3699951171875,148.13499450683594,148.36000061035156,16618
2026-01-28 19:00:00,148.3800048828125,148.3800048828125,148.22999572753906,148.24000549316406,18472
2026-01-28 19:05:00,148.24000549316406,148.2899932861328,148.1999969482422,148.22999572753906,21919
2026-01-28 19:10:00,148.25,148.25999450683594,148.10000610351562,148.14999389648438,19138
2026-01-28 19:15:00,148.16000366210938,148.16000366210938,147.9770050048828,148.0500030517578,25839
2026-01-28 19:20:00,148.1199951171875,148.1999969482422,148.09500122070312,148.09500122070312,18014
2026-01-28 19:25:00,148.06500244140625,148.10499572753906,147.93499755859375,148.06500244140625,32675
2026-01-28 19:30:00,148.0800018310547,148.25,147.8800048828125,148.1649932861328,91625
2026-01-28 19:35:00,148.17999267578125,148.24000549316406,147.8800048828125,147.98500061035156,28579
2026-01-28 19:40:00,147.9600067138672,148.0500030517578,147.85000610351562,147.91000366210938,35985
2026-01-28 19:45:00,147.89999389648438,148.02999877929688,147.86000061035156,148.02000427246094,26237
2026-01-28 19:50:00,148.02000427246094,148.0850067138672,147.8300018310547,147.8300018310547,29405
2026-01-28 19:55:00,147.82000732421875,147.9199981689453,147.75999450683594,147.9149932861328,26212
2026-01-28 20:00:00,147.92999267578125,148.22000122070312,147.9199981689453,147.9550018310547,51979
2026-01-28 20:05:00,147.96499633789062,148.27000427246094,147.9600067138672,148.2050018310547,50269
2026-01-28 20:10:00,148.2050018310547,148.32000732421875,148.17999267578125,148.25,48662
2026-01-28 20:15:00,148.24000549316406,148.24000549316406,147.99000549316406,148.03500366210938,39759
2026-01-28 20:20:00,148.03750610351562,148.1300048828125,147.99000549316406,148.08999633789062,36092
2026-01-28 20:25:00,148.0399932861328,148.0399932861328,147.92999267578125,147.94500732421875,36890
2026-01-28 20:30:00,147.9550018310547,148.25,147.9199981689453,148.14999389648438,103474
2026-01-28 20:35:00,148.1300048828125,148.18499755859375,148.0800018310547,148.10000610351562,43347
2026-01-28 20:40:00,148.10000610351562,148.10000610351562,147.99000549316406,148.0399932861328,59311
2026-01-28 20:45:00,148.0399932861328,148.2550048828125,148.0399932861328,148.0800018310547,84850
2026-01-28 20:50:00,148.11000061035156,148.52000427246094,148.11000061035156,148.49000549316406,157916
2026-01-28 20:55:00,148.5,148.66000366210938,148.4499969482422,148.47999572753906,282261
2026-01-29 14:30:00,148.89999389648438,149.83999633789062,148.8249969482422,149.5225067138672,146319
2026-01-29 14:35:00,149.67999267578125,150.0800018310547,149.5,150.0800018310547,94938
2026-01-29 14:40:00,150.08999633789062,150.1300048828125,149.17999267578125,149.19000244140625,59019
2026-01-29 14:45:00,149.21499633789062,149.39999389648438,148.60000610351562,148.83999633789062,55465
2026-01-29 14:50:00,148.8300018310547,149.32000732421875,148.72999572753906,149.3000030517578,56953
2026-01-29 14:55:00,149.3000030517578,149.39999389648438,149.0570068359375,149.0850067138672,53116
2026-01-29 15:00:00,149.0500030517578,149.36000061035156,149.0,149.24000549316406,92338
2026-01-29 15:05:00,149.25,149.3699951171875,148.97999572753906,149.0749969482422,54431
2026-01-29 15:10:00,149.0749969482422,149.27000427246094,148.93499755859375,149.0399932861328,52961
2026-01-29 15:15:00,148.99000549316406,149.4199981689453,148.99000549316406,149.36000061035156,65781
2026-01-29 15:20:00,149.3800048828125,149.42999267578125,149.06500244140625,149.14500427246094,45360
2026-01-29 15:25:00,149.1699981689453,149.2899932861328,149.08999633789062,149.1300048828125,39770
2026-01-29 15:30:00,149.10000610351562,149.55999755859375,149.08999633789062,149.44000244140625,46852
2026-01-29 15:35:00,149.42999267578125,149.97000122070312,149.39500427246094,149.94749450683594,38647
2026-01-29 15:40:00,149.94000244140625,150.14999389648438,149.91000366210938,149.99000549316406,61943
2026-01-29 15:45:00,149.97000122070312,150.2899932861328,149.93499755859375,150.02999877929688,46816
2026-01-29 15:50:00,149.9949951171875,150.4250030517578,149.9949951171875,150.39999389648438,47189
2026-01-29 15:55:00,150.39999389648438,150.5,150.22000122070312,150.49000549316406,46096
2026-01-29 16:00:00,150.50999450683594,150.7100067138672,150.50999450683594,150.61000061035156,73745
2026-01-29 16:05:00,150.6199951171875,150.86000061035156,150.42999267578125,150.85000610351562,67025
2026-01-29 16:10:00,150.83999633789062,150.86000061035156,150.41000366210938,150.63999938964844,61573
2026-01-29 16:15:00,150.63499450683594,150.63499450683594,150.07000732421875,150.30999755859375,49218
2026-01-29 16:20:00,150.32000732421875,150.32000732421875,150.0,150.02000427246094,54126
2026-01-29 16:25:00,150.02000427246094,150.2899932861328,149.97000122070312,150.0749969482422,41087
2026-01-29 16:30:00,150.10000610351562,150.27000427246094,150.07400512695312,150.10499572753906,72983
2026-01-29 16:35:00,150.10000610351562,150.25999450683594,150.02000427246094,150.22999572753906,56288
2026-01-29 16:40:00,150.22500610351562,150.25,149.77999877929688,149.77999877929688,46602
2026-01-29 16:45:00,149.82000732421875,149.91000366210938,149.5,149.91000366210938,43923
2026-01-29 16:50:00,149.8800048828125,149.8800048828125,149.4600067138672,149.6793975830078,51301
2026-01-29 16:55:00,149.67999267578125,149.77999877929688,149.60000610351562,149.77999877929688,32717
2026-01-29 17:00:00,149.80599975585938,149.83990478515625,149.7550048828125,149.8260955810547,20533
2026-01-29 17:05:00,149.80999755859375,149.83999633789062,149.5800018310547,149.6699981689453,30298
2026-01-29 17:10:00,149.6699981689453,149.8000030517578,149.5399932861328,149.6699981689453,36162
2026-01-29 17:15:00,149.66990661621094,149.74989318847656,149.44009399414062,149.50999450683594,36332
2026-01-29 17:20:00,149.55999755859375,149.69000244140625,149.55999755859375,149.66000366210938,31888
2026-01-29 17:25:00,149.66000366210938,149.83999633789062,149.63499450683594,149.75,37068
2026-01-29 17:30:00,149.6699981689453,149.91490173339844,149.66000366210938,149.8699951171875,20758
2026-01-29 17:35:00,149.8489990234375,150.05999755859375,149.83250427246094,149.9199981689453,27566
2026-01-29 17:40:00,149.9199981689453,150.0500030517578,149.8800048828125,150.02000427246094,17785
2026-01-29 17:45:00,150.0500030517578,150.05999755859375,149.8000030517578,149.8699951171875,20229
2026-01-29 17:50:00,149.89999389648438,149.89999389648438,149.52499389648438,149.60000610351562,23983
2026-01-29 17:55:00,149.61000061035156,149.7899932861328,149.57000732421875,149.66000366210938,30204
2026-01-29 18:00:00,149.66000366210938,149.7696075439453,149.50999450683594,149.6699981689453,20525
2026-01-29 18:05:00,149.7100067138672,149.85800170898438,149.6649932861328,149.7012939453125,23743
2026-01-29 18:10:00,149.69000244140625,149.8699951171875,149.6750030517578,149.82000732421875,19276
2026-01-29 18:15:00,149.77999877929688,149.9010009765625,149.72999572753906,149.8699951171875,38793
2026-01-29 18:20:00,149.89999389648438,149.99000549316406,149.8800048828125,149.9499969482422,20513
2026-01-29 18:25:00,149.9499969482422,150.0,149.67999267578125,149.9600067138672,23833
2026-01-29 18:30:00,149.97000122070312,150.08999633789062,149.86000061035156,150.0800018310547,28752
2026-01-29 18:35:00,150.06500244140625,150.27000427246094,150.05999755859375,150.1199951171875,40532
2026-01-29 18:40:00,150.13999938964844,150.2899932861328,150.05499267578125,150.24009704589844,25207
2026-01-29 18:45:00,150.2593994140625,150.38499450683594,150.25,150.25990295410156,20196
2026-01-29 18:50:00,150.24000549316406,150.24000549316406,150.15499877929688,150.21969604492188,18332
2026-01-29 18:55:00,150.1999969482422,150.22999572753906,149.9199981689453,149.9199981689453,25606
2026-01-29 19:00:00,149.92999267578125,150.18899536132812,149.72999572753906,150.10000610351562,43201
2026-01-29 19:05:00,150.1199951171875,150.14999389648438,149.9499969482422,149.99000549316406,20419
2026-01-29 19:10:00,149.99000549316406,150.1300048828125,149.99000549316406,150.0500030517578,23045
2026-01-29 19:15:00,150.02499389648438,150.14999389648438,150.02000427246094,150.11000061035156,30898
2026-01-29 19:20:00,150.08999633789062,150.27000427246094,150.05999755859375,150.2550048828125,30894
2026-01-29 19:25:00,150.27000427246094,150.41000366210938,150.2550048828125,150.30999755859375,33625
2026-01-29 19:30:00,150.3249969482422,150.4199981689453,150.11000061035156,150.11000061035156,50839
2026-01-29 19:35:00,150.10000610351562,150.25999450683594,150.05999755859375,150.22999572753906,32979
2026-01-29 19:40:00,150.16000366210938,150.24000549316406,150.11000061035156,150.23500061035156,27080
2026-01-29 19:45:00,150.25,150.2899932861328,150.22999572753906,150.22999572753906,25023
2026-01-29 19:50:00,150.22999572753906,150.25999450683594,149.9600067138672,150.09100341796875,34805
2026-01-29 19:55:00,150.10000610351562,150.11219787597656,149.77000427246094,149.7899932861328,54095
2026-01-29 20:00:00,149.77999877929688,150.0,149.77999877929688,149.94000244140625,32230
2026-01-29 20:05:00,149.94000244140625,150.10000610351562,149.9199981689453,149.99000549316406,40440
2026-01-29 20:10:00,149.99000549316406,149.99000549316406,149.7899932861328,149.82000732421875,29907
2026-01-29 20:15:00,149.80999755859375,149.80999755859375,149.5800018310547,149.75999450683594,60105
2026-01-29 20:20:00,149.77000427246094,149.9499053955078,149.75900268554688,149.86000061035156,44437
2026-01-29 20:25:00,149.86500549316406,150.02000427246094,149.86500549316406,149.9499969482422,39559
2026-01-29 20:30:00,149.9600067138672,149.99000549316406,149.82000732421875,149.89999389648438,52555
2026-01-29 20:35:00,149.90699768066406,149.90699768066406,149.4199981689453,149.5,84187
2026-01-29 20:40:00,149.5,149.5,149.2550048828125,149.3800048828125,74276
2026-01-29 20:45:00,149.3701934814453,149.3701934814453,148.96499633789062,149.06979370117188,158742
2026-01-29 20:50:00,149.07000732421875,149.19000244140625,148.44000244140625,148.69000244140625,184048
2026-01-29 20:55:00,148.7100067138672,148.7899932861328,148.58999633789062,148.66000366210938,1881302
2026-01-30 14:30:00,149.0,149.2899932861328,148.6999969482422,149.02000427246094,389161
2026-01-30 14:35:00,148.9949951171875,149.44500732421875,148.99249267578125,149.1999969482422,51477
2026-01-30 14:40:00,149.19790649414062,149.19790649414062,148.77999877929688,148.9199981689453,28465
2026-01-30 14:45:00,148.82000732421875,149.031494140625,148.6699981689453,148.75999450683594,23887
2026-01-30 14:50:00,148.73699951171875,148.82000732421875,148.66000366210938,148.72999572753906,36752
2026-01-30 14:55:00,148.7100067138672,149.08999633789062,148.58999633789062,149.0500030517578,30787
2026-01-30 15:00:00,149.0449981689453,149.0800018310547,148.75,148.81500244140625,40674
2026-01-30 15:05:00,148.81500244140625,149.05999755859375,148.64999389648438,149.05999755859375,30109
2026-01-30 15:10:00,149.0500030517578,149.1300048828125,148.8551025390625,148.9250030517578,31809
2026-01-30 15:15:00,148.9250030517578,149.14500427246094,148.89999389648438,148.89999389648438,53780
2026-01-30 15:20:00,148.8800048828125,149.07000732421875,148.8699951171875,148.98989868164062,29744
2026-01-30 15:25:00,148.92999267578125,149.1199951171875,148.75999450683594,149.07000732421875,27585
2026-01-30 15:30:00,149.0500030517578,149.25,149.02999877929688,149.2183074951172,24941
2026-02-02 19:00:00,156.13999938964844,156.1699981689453,156.0800018310547,156.13999938964844,23276
2026-02-02 19:05:00,156.14999389648438,156.17999267578125,155.99000549316406,156.0399932861328,107573
2026-02-02 19:10:00,156.0449981689453,156.10000610351562,155.8800048828125,155.97000122070312,100279
2026-02-02 19:15:00,155.96499633789062,155.97000122070312,155.67999267578125,155.8000030517578,62548
2026-02-02 19:20:00,155.8000030517578,155.91000366210938,155.72000122070312,155.77000427246094,59389
2026-02-02 19:25:00,155.77999877929688,156.07000732421875,155.67999267578125,156.06100463867188,72791
2026-02-02 19:30:00,156.0625,156.0800018310547,155.65499877929688,155.9600067138672,86675
2026-02-02 19:35:00,155.96499633789062,156.02000427246094,155.86000061035156,155.8719940185547,78366
2026-02-02 19:40:00,155.875,156.0800018310547,155.8300018310547,156.0,66541
2026-02-02 19:45:00,156.0050048828125,156.19000244140625,156.0,156.02000427246094,58207
2026-02-02 19:50:00,156.02000427246094,156.125,155.99000549316406,156.0,63820
2026-02-02 19:55:00,156.01499938964844,156.02000427246094,155.7899932861328,155.9600067138672,94486
2026-02-02 20:00:00,155.9499969482422,156.1649932861328,155.82000732421875,155.88499450683594,142340
2026-02-02 20:05:00,155.88499450683594,156.02000427246094,155.77999877929688,155.83999633789062,66962
2026-02-02 20:10:00,155.8800048828125,156.16000366210938,155.8699951171875,156.16000366210938,127844
2026-02-02 20:15:00,156.16000366210938,156.17999267578125,156.07000732421875,156.14999389648438,96252
2026-02-02 20:20:00,156.16000366210938,156.24000549316406,156.10000610351562,156.15499877929688,95702
2026-02-02 20:25:00,156.16000366210938,156.47000122070312,156.1199951171875,156.47000122070312,98769
2026-02-02 20:30:00,156.4600067138672,156.4600067138672,156.1300048828125,156.14999389648438,125740
2026-02-02 20:35:00,156.14999389648438,156.39999389648438,156.1199951171875,156.22000122070312,143584
2026-02-02 20:40:00,156.22000122070312,156.6199951171875,156.1699981689453,156.3800048828125,166478
2026-02-02 20:45:00,156.3800048828125,156.47500610351562,156.00999450683594,156.05999755859375,202013
2026-02-02 20:50:00,156.05999755859375,156.22000122070312,155.65499877929688,155.72000122070312,320668
2026-02-02 20:55:00,155.69000244140625,155.7100067138672,155.02999877929688,155.19000244140625,715238
2026-02-03 14:30:00,156.60000610351562,159.50999450683594,155.94000244140625,158.0,666074
2026-02-03 14:35:00,157.96009826660156,159.25,156.6300048828125,159.19000244140625,299625
2026-02-03 14:40:00,159.3000030517578,160.92999267578125,159.0,160.5800018310547,316069
2026-02-03 14:45:00,160.55999755859375,160.6300048828125,159.5050048828125,159.58999633789062,146430
2026-02-03 14:50:00,159.55999755859375,160.64500427246094,159.5399932861328,160.49000549316406,169343
2026-02-03 14:55:00,160.5800018310547,161.4499969482422,160.5800018310547,161.39999389648438,152372
2026-02-03 15:00:00,161.33999633789062,161.33999633789062,160.1300048828125,160.63999938964844,176806
2026-02-03 15:05:00,160.72500610351562,161.9499969482422,160.63009643554688,161.74000549316406,229129
2026-02-03 15:10:00,161.75,162.85000610351562,161.38999938964844,162.38999938964844,250510
2026-02-03 15:15:00,162.40280151367188,163.19000244140625,162.33999633789062,163.1750030517578,204444
2026-02-03 15:20:00,163.20150756835938,163.3300018310547,162.55999755859375,162.6999969482422,219597
2026-02-03 15:25:00,162.6699981689453,162.94000244140625,162.2353973388672,162.27999877929688,252024
2026-02-03 15:30:00,162.30499267578125,162.30999755859375,161.35000610351562,161.6999969482422,212877
2026-02-03 15:35:00,161.72000122070312,162.0,160.94000244140625,160.9499969482422,149046
2026-02-03 15:40:00,160.9499969482422,161.00999450683594,160.2100067138672,160.56500244140625,105329
2026-02-03 15:45:00,160.49000549316406,160.91000366210938,160.39999389648438,160.5050048828125,96737
2026-02-03 15:50:00,160.50950622558594,160.57000732421875,159.910400390625,160.0050048828125,172899
2026-02-03 15:55:00,159.92999267578125,159.92999267578125,159.11000061035156,159.1199951171875,156886
2026-02-03 16:00:00,159.1999969482422,159.6343994140625,158.85000610351562,159.52499389648438,189808
2026-02-03 16:05:00,159.59500122070312,160.1999969482422,159.49630737304688,160.02000427246094,174488
2026-02-03 16:10:00,160.03500366210938,160.22000122070312,159.80999755859375,159.88999938964844,187707
2026-02-03 16:15:00,159.82000732421875,160.44000244140625,159.7899932861328,160.28500366210938,328592
2026-02-03 16:20:00,160.28500366210938,161.0,160.19000244140625,160.93499755859375,240868
2026-02-03 16:25:00,160.9149932861328,161.0500030517578,160.5531005859375,160.63999938964844,141103
2026-02-03 16:30:00,160.6750030517578,160.77000427246094,160.38999938964844,160.52000427246094,90077
2026-02-03 16:35:00,160.52499389648438,161.1300048828125,160.44000244140625,160.86000061035156,162954
2026-02-03 16:40:00,160.80999755859375,161.16000366210938,160.69000244140625,161.16000366210938,91218
2026-02-03 16:45:00,161.13259887695312,161.47999572753906,161.08999633789062,161.13999938964844,128739
2026-02-03 16:50:00,161.14999389648438,161.14999389648438,160.14500427246094,160.22000122070312,84369
2026-02-03 16:55:00,160.3300018310547,160.8292999267578,160.1999969482422,160.50999450683594,65587
2026-02-03 17:00:00,160.35000610351562,160.5399932861328,160.1300048828125,160.47999572753906,55671
2026-02-03 17:05:00,160.44000244140625,160.47000122070312,160.10000610351562,160.10000610351562,73226
2026-02-03 17:10:00,160.14999389648438,160.32000732421875,159.50999450683594,159.5800018310547,132412
2026-02-03 17:15:00,159.5800018310547,160.44580078125,159.55999755859375,160.3699951171875,116243
2026-02-03 17:20:00,160.3699951171875,161.0800018310547,160.2100067138672,161.06500244140625,83818
2026-02-03 17:25:00,161.06500244140625,161.32000732421875,160.96670532226562,161.13499450683594,48480
2026-02-03 17:30:00,161.125,161.63999938964844,161.125,161.5800018310547,58416
2026-02-03 17:35:00,161.5449981689453,162.25999450683594,161.52999877929688,162.07000732421875,197181
2026-02-03 17:40:00,162.0500030517578,162.22000122070312,161.56100463867188,161.67999267578125,105176
2026-02-03 17:45:00,161.6699981689453,162.1199951171875,161.6699981689453,162.07000732421875,108206
2026-02-03 17:50:00,162.0738983154297,162.11000061035156,161.75,161.9949951171875,58840
2026-02-03 17:55:00,162.0500030517578,162.3070068359375,161.99000549316406,162.0800018310547,96102
2026-02-03 18:00:00,162.08999633789062,162.3300018310547,161.86000061035156,161.89500427246094,72850
2026-02-03 18:05:00,161.9199981689453,161.9600067138672,161.56500244140625,161.69000244140625,70288
2026-02-03 18:10:00,161.72000122070312,161.72999572753906,161.39999389648438,161.6999969482422,68215
2026-02-03 18:15:00,161.69000244140625,161.8699951171875,161.52999877929688,161.83999633789062,91234
2026-02-03 18:20:00,161.8800048828125,162.13999938964844,161.57000732421875,161.64999389648438,73704
2026-02-03 18:25:00,161.74000549316406,161.92999267578125,161.3699951171875,161.3699951171875,84824
2026-02-03 18:30:00,161.3800048828125,161.58999633789062,161.33999633789062,161.36000061035156,49927
2026-02-03 18:35:00,161.35000610351562,161.3800048828125,160.9705047607422,161.0399932861328,74488
2026-02-03 18:40:00,161.03500366210938,161.03500366210938,160.74000549316406,160.83999633789062,67431
2026-02-03 18:45:00,160.84500122070312,160.97999572753906,160.75,160.86000061035156,40489
2026-02-03 18:50:00,160.8300018310547,160.83999633789062,160.7100067138672,160.75,50363
2026-02-03 18:55:00,160.75,160.98800659179688,160.16000366210938,160.98800659179688,78594
2026-02-03 19:00:00,160.99000549316406,161.1999969482422,160.5,160.7375030517578,166281
2026-02-03 19:05:00,160.75999450683594,160.99000549316406,160.61000061035156,160.75999450683594,61613
2026-02-03 19:10:00,160.7100067138672,161.47000122070312,160.7050018310547,161.25,230041
2026-02-03 19:15:00,161.1699981689453,161.7899932861328,161.08999633789062,161.67999267578125,149878
2026-02-03 19:20:00,161.69500732421875,161.8350067138672,161.0,161.69500732421875,110818
2026-02-03 19:25:00,161.72999572753906,162.19000244140625,161.66000366210938,162.19000244140625,51616
2026-02-03 19:30:00,162.2198944091797,162.55999755859375,162.1999969482422,162.39500427246094,100133
2026-02-03 19:35:00,162.38999938964844,162.57000732421875,162.19639587402344,162.52000427246094,59669
2026-02-03 19:40:00,162.5800018310547,162.92999267578125,162.47000122070312,162.5399932861328,193256
2026-02-03 19:45:00,162.6199951171875,162.75999450683594,162.33999633789062,162.69000244140625,67168
2026-02-03 19:50:00,162.69000244140625,162.74000549316406,162.33999633789062,162.40499877929688,92309
2026-02-03 19:55:00,162.3300018310547,162.4499969482422,161.83999633789062,162.3800048828125,89841
2026-02-03 20:00:00,162.36000061035156,163.0800018310547,162.3000030517578,163.01499938964844,116716
2026-02-03 20:05:00,163.01499938964844,163.25,163.01499938964844,163.1999969482422,101992
2026-02-03 20:10:00,163.22999572753906,163.23989868164062,162.9199981689453,163.07000732421875,135529
2026-02-03 20:15:00,163.07000732421875,163.11500549316406,162.91000366210938,163.00250244140625,138756
2026-02-03 20:20:00,163.0399932861328,163.44000244140625,163.02999877929688,163.10000610351562,149954
2026-02-03 20:25:00,163.0959930419922,163.30990600585938,162.97999572753906,163.27000427246094,189420
2026-02-03 20:30:00,163.22999572753906,163.27999877929688,162.9600067138672,163.00999450683594,120480
2026-02-03 20:35:00,162.99000549316406,163.02999877929688,162.6300048828125,162.72999572753906,136600
2026-02-03 20:40:00,162.71499633789062,162.94000244140625,162.61000061035156,162.75,130676
2026-02-03 20:45:00,162.76499938964844,162.99000549316406,162.5500030517578,162.86000061035156,226422
2026-02-03 20:50:00,162.85000610351562,163.0800018310547,162.55850219726562,162.75,407655
2026-02-03 20:55:00,162.75,163.0800018310547,162.5500030517578,162.88499450683594,970720
2026-02-04 14:30:00,164.88999938964844,167.83999633789062,164.4600067138672,167.47000122070312,487092
2026-02-04 14:35:00,167.47999572753906,167.58999633789062,166.00999450683594,166.22500610351562,220478
2026-02-04 14:40:00,166.20379638671875,166.60000610351562,166.0,166.13999938964844,239429
2026-02-04 14:45:00,166.1699981689453,167.3699951171875,166.14999389648438,167.02499389648438,190097
2026-02-04 14:50:00,167.01499938964844,167.625,166.89349365234375,167.25,155559
2026-02-04 14:55:00,167.2100067138672,167.67999267578125,167.14999389648438,167.36000061035156,185409
2026-02-04 15:00:00,167.5,167.94000244140625,166.92999267578125,167.27999877929688,174783
2026-02-04 15:05:00,167.3300018310547,167.64999389648438,166.6999969482422,166.75999450683594,119258
2026-02-04 15:10:00,166.74000549316406,166.9250030517578,165.9949951171875,166.10499572753906,146379
2026-02-04 15:15:00,166.10499572753906,167.22000122070312,165.8300018310547,167.0399932861328,211605
2026-02-04 15:20:00,167.08999633789062,167.1699981689453,165.74099731445312,165.89999389648438,85568
2026-02-04 15:25:00,165.8699951171875,166.0399932861328,165.30999755859375,165.9550018310547,76325
2026-02-04 15:30:00,165.9550018310547,166.5,165.50999450683594,165.74000549316406,70333
2026-02-04 15:35:00,165.5800018310547,166.25,165.08999633789062,165.3679962158203,79034
2026-02-04 15:40:00,165.4199981689453,165.5399932861328,164.52999877929688,164.6300048828125,108664
2026-02-04 15:45:00,164.60000610351562,164.94500732421875,164.3000030517578,164.35000610351562,87778
2026-02-04 15:50:00,164.3000030517578,164.62660217285156,164.1699981689453,164.4949951171875,68368
2026-02-04 15:55:00,164.38999938964844,165.77999877929688,164.27000427246094,165.75,175427
2026-02-04 16:00:00,165.66000366210938,166.55999755859375,165.4499969482422,166.5,118688
2026-02-04 16:05:00,166.47999572753906,166.60499572753906,165.75,165.91000366210938,126250
2026-02-04 16:10:00,165.91000366210938,166.22000122070312,165.30999755859375,166.1999969482422,76964
2026-02-04 16:15:00,166.16000366210938,166.59500122070312,165.99000549316406,166.38499450683594,111331
2026-02-04 16:20:00,166.41000366210938,166.58999633789062,166.22000122070312,166.22999572753906,91262
2026-02-04 16:25:00,166.27999877929688,167.0,166.24000549316406,166.80999755859375,73266
2026-02-04 16:30:00,166.8699951171875,167.02999877929688,166.80999755859375,166.86000061035156,39658
2026-02-04 16:35:00,166.8800048828125,166.97999572753906,166.52999877929688,166.8000030517578,70619
2026-02-04 16:40:00,166.8000030517578,166.98500061035156,166.6699981689453,166.9499969482422,190446
2026-02-04 16:45:00,166.92999267578125,167.5399932861328,166.82000732421875,167.52000427246094,86147
2026-02-04 16:50:00,167.5500030517578,167.6199951171875,166.99000549316406,166.99000549316406,61722
2026-02-04 16:55:00,167.0,167.02000427246094,166.52999877929688,166.66000366210938,61726
2026-02-04 17:00:00,166.6649932861328,166.72000122070312,166.3300018310547,166.3699951171875,61258
2026-02-04 17:05:00,166.3300018310547,166.57000732421875,166.3000030517578,166.42999267578125,36651
2026-02-04 17:10:00,166.42999267578125,166.7100067138672,166.0,166.22999572753906,92930
2026-02-04 17:15:00,166.24000549316406,166.49000549316406,166.24000549316406,166.4199981689453,38109
2026-02-04 17:20:00,166.4199981689453,166.44000244140625,166.25,166.3000030517578,115495
2026-02-04 17:25:00,166.27499389648438,166.67689514160156,166.25,166.44000244140625,153842
2026-02-04 17:30:00,166.36500549316406,166.9199981689453,166.36500549316406,166.72999572753906,64240
2026-02-04 17:35:00,166.63999938964844,167.02000427246094,166.6199951171875,167.02000427246094,39637
2026-02-04 17:40:00,167.0399932861328,167.33999633789062,166.9691925048828,167.02499389648438,69403
2026-02-04 17:45:00,167.0500030517578,167.47000122070312,166.9250030517578,167.35000610351562,52464
2026-02-04 17:50:00,167.38999938964844,167.45010375976562,167.01010131835938,167.16000366210938,52657
2026-02-04 17:55:00,167.17999267578125,167.27000427246094,166.38999938964844,166.38999938964844,70864
2026-02-04 18:00:00,166.35000610351562,166.50999450683594,166.17010498046875,166.27499389648438,79744
2026-02-04 18:05:00,166.27499389648438,166.35000610351562,166.02999877929688,166.11500549316406,42509
2026-02-04 18:10:00,166.0500030517578,166.2100067138672,165.86000061035156,166.09500122070312,55249
2026-02-04 18:15:00,166.1300048828125,166.24000549316406,165.88999938964844,166.02999877929688,40565
2026-02-04 18:20:00,165.99000549316406,166.25,165.99000549316406,166.11500549316406,36521
2026-02-04 18:25:00,166.11500549316406,166.1750030517578,165.5166015625,165.59500122070312,36593
2026-02-04 18:30:00,165.59500122070312,165.92999267578125,165.5800018310547,165.89500427246094,37256
2026-02-04 18:35:00,165.92999267578125,166.47000122070312,165.91000366210938,166.4250030517578,55453
2026-02-04 18:40:00,166.47000122070312,166.72000122070312,166.4425048828125,166.61000061035156,85795
2026-02-04 18:45:00,166.63499450683594,166.94000244140625,166.61000061035156,166.86000061035156,50389
2026-02-04 18:50:00,166.86000061035156,167.22000122070312,166.8300018310547,167.22000122070312,43103
2026-02-04 18:55:00,167.20599365234375,167.22000122070312,166.9600067138672,167.22000122070312,51933
2026-02-04 19:00:00,167.24000549316406,167.29989624023438,166.9600067138672,167.00999450683594,54640
2026-02-04 19:05:00,167.0,167.0800018310547,166.74000549316406,166.85000610351562,62068
2026-02-04 19:10:00,166.84500122070312,166.88999938964844,166.75,166.75,36098
2026-02-04 19:15:00,166.69000244140625,166.77000427246094,166.47000122070312,166.68499755859375,58011
2026-02-04 19:20:00,166.6999969482422,166.6999969482422,166.5500030517578,166.56500244140625,57886
2026-02-04 19:25:00,166.52999877929688,166.6602020263672,166.20010375976562,166.32000732421875,42981
2026-02-04 19:30:00,166.2949981689453,166.3300018310547,166.10110473632812,166.11000061035156,46251
2026-02-04 19:35:00,166.125,166.16000366210938,165.89999389648438,166.07000732421875,74897
2026-02-04 19:40:00,166.08999633789062,166.4499969482422,165.88999938964844,165.98500061035156,142918
2026-02-04 19:45:00,165.96499633789062,165.9774932861328,165.41000366210938,165.48500061035156,69365
2026-02-04 19:50:00,165.4199981689453,165.82000732421875,165.30499267578125,165.69500732421875,102847
2026-02-04 19:55:00,165.75,165.9250030517578,165.4499969482422,165.4600067138672,61676
2026-02-04 20:00:00,165.44000244140625,165.88999938964844,165.35499572753906,165.6699981689453,52254
2026-02-04 20:05:00,165.6999969482422,165.8350067138672,165.44000244140625,165.75999450683594,72565
2026-02-04 20:10:00,165.80999755859375,166.0,165.64500427246094,165.9250030517578,66915
2026-02-04 20:15:00,165.94500732421875,165.94500732421875,165.72999572753906,165.86500549316406,44136
2026-02-04 20:20:00,165.86500549316406,166.24000549316406,165.77000427246094,166.1999969482422,96923
2026-02-04 20:25:00,166.19000244140625,166.3800048828125,166.1649932861328,166.25999450683594,70551
2026-02-04 20:30:00,166.26499938964844,166.47000122070312,166.1199951171875,166.19000244140625,73198
2026-02-04 20:35:00,166.19000244140625,166.58999633789062,166.19000244140625,166.47999572753906,77327
2026-02-04 20:40:00,166.47999572753906,166.5,166.27999877929688,166.33999633789062,78053
2026-02-04 20:45:00,166.32000732421875,166.375,166.0500030517578,166.2100067138672,98487
2026-02-04 20:50:00,166.22999572753906,166.39999389648438,166.0,166.00999450683594,192944
2026-02-04 20:55:00,166.0399932861328,166.24000549316406,165.9499969482422,166.24000549316406,535029
2026-02-05 14:30:00,167.0,167.24000549316406,165.6699981689453,166.543701171875,590912
2026-02-05 14:35:00,166.33999633789062,166.52000427246094,165.8350067138672,166.0800018310547,188561
2026-02-05 14:40:00,166.07000732421875,166.1199951171875,165.3249969482422,165.35000610351562,105045
2026-02-05 14:45:00,165.4499969482422,166.64500427246094,165.38499450683594,166.13999938964844,78304
2026-02-05 14:50:00,166.1699981689453,166.3249969482422,165.50999450683594,166.25,97008
2026-02-05 14:55:00,166.19000244140625,166.52999877929688,165.96499633789062,166.51800537109375,80866
2026-02-05 15:00:00,166.50999450683594,167.15499877929688,166.44900512695312,166.91000366210938,186196
2026-02-05 15:05:00,166.92999267578125,167.3300018310547,166.4600067138672,166.4600067138672,122065
2026-02-05 15:10:00,166.48019409179688,167.5399932861328,166.39999389648438,167.25,233373
2026-02-05 15:15:00,167.25,167.7550048828125,167.13009643554688,167.57000732421875,147342
2026-02-05 15:20:00,167.6300048828125,167.77000427246094,167.0800018310547,167.48500061035156,152964
2026-02-05 15:25:00,167.5,167.82000732421875,167.30999755859375,167.69000244140625,89350
2026-02-05 15:30:00,167.67999267578125,168.0,167.42999267578125,167.875,101512
2026-02-05 15:35:00,167.875,167.88999938964844,167.41000366210938,167.4550018310547,76096
2026-02-05 15:40:00,167.4199981689453,167.6199951171875,166.94000244140625,166.97999572753906,78943
2026-02-05 15:45:00,167.0,167.6300048828125,167.0,167.60009765625,89925
2026-02-05 15:50:00,167.61000061035156,167.69000244140625,167.30999755859375,167.4550018310547,50080
2026-02-05 15:55:00,167.41000366210938,167.41000366210938,166.94500732421875,166.94500732421875,57475
2026-02-05 16:00:00,166.94000244140625,167.27000427246094,166.90499877929688,167.19500732421875,49014
2026-02-05 16:05:00,167.22999572753906,167.6750030517578,167.07000732421875,167.27499389648438,227559
2026-02-05 16:10:00,167.1999969482422,167.1999969482422,166.8800048828125,166.92999267578125,90792
2026-02-05 16:15:00,166.9149932861328,166.94500732421875,166.69500732421875,166.75999450683594,42643
2026-02-05 16:20:00,166.75,166.7899932861328,166.25,166.25,48300
2026-02-05 16:25:00,166.21009826660156,166.32000732421875,165.9550018310547,166.0,73326
2026-02-05 16:30:00,166.1300048828125,166.24000549316406,165.83999633789062,165.84500122070312,76019
2026-02-05 16:35:00,165.89999389648438,166.08999633789062,165.75,165.7899932861328,48603
2026-02-05 16:40:00,165.8000030517578,165.9199981689453,165.47000122070312,165.63999938964844,51033
2026-02-05 16:45:00,165.66000366210938,165.89500427246094,165.4499969482422,165.8249969482422,74793
2026-02-05 16:50:00,165.82000732421875,165.82000732421875,165.4199981689453,165.75,61262
2026-02-05 16:55:00,165.72000122070312,166.11000061035156,165.65499877929688,166.11000061035156,57533
2026-02-05 17:00:00,166.07000732421875,166.2949981689453,166.0,166.0050048828125,50084
2026-02-05 17:05:00,166.02000427246094,166.04989624023438,165.60499572753906,165.74000549316406,75134
2026-02-05 17:10:00,165.72999572753906,165.8300018310547,165.55999755859375,165.58999633789062,40999
2026-02-05 17:15:00,165.6199951171875,165.97500610351562,165.59500122070312,165.86000061035156,26866
2026-02-05 17:20:00,165.89500427246094,166.02999877929688,165.80999755859375,165.84500122070312,36139
2026-02-05 17:25:00,165.83999633789062,165.8800048828125,165.74000549316406,165.77999877929688,57959
2026-02-05 17:30:00,165.8300018310547,166.19000244140625,165.8300018310547,166.14999389648438,32600
2026-02-05 17:35:00,166.17999267578125,166.17999267578125,165.97999572753906,165.97999572753906,21381
2026-02-05 17:40:00,165.94000244140625,166.07000732421875,165.75,165.8300018310547,53887
2026-02-05 17:45:00,165.8699951171875,166.30999755859375,165.8699951171875,166.13999938964844,47990
2026-02-05 17:50:00,166.12600708007812,166.44000244140625,166.1199951171875,166.27000427246094,44775
2026-02-05 17:55:00,166.32000732421875,166.50999450683594,166.3000030517578,166.4499969482422,30546
2026-02-05 18:00:00,166.4199981689453,166.52000427246094,166.3157958984375,166.42999267578125,28451
2026-02-05 18:05:00,166.4600067138672,166.74000549316406,166.42999267578125,166.72000122070312,31093
2026-02-05 18:10:00,166.7100067138672,166.97000122070312,166.7100067138672,166.9199981689453,41462
2026-02-05 18:15:00,166.94509887695312,167.0,166.85000610351562,166.94000244140625,28829
2026-02-05 18:20:00,166.97999572753906,167.24000549316406,166.86000061035156,167.2100067138672,40684
2026-02-05 18:25:00,167.24139404296875,167.31500244140625,167.11000061035156,167.22999572753906,31282
2026-02-05 18:30:00,167.2100067138672,167.27999877929688,167.10000610351562,167.13999938964844,45773
2026-02-05 18:35:00,167.16000366210938,167.30999755859375,167.07000732421875,167.13999938964844,27458
2026-02-05 18:40:00,167.13999938964844,167.27000427246094,167.13999938964844,167.1699981689453,30843
2026-02-05 18:45:00,167.16000366210938,167.63999938964844,167.16000366210938,167.5399932861328,68869
2026-02-05 18:50:00,167.50999450683594,167.5500030517578,167.30999755859375,167.38999938964844,54013
2026-02-05 18:55:00,167.3957061767578,167.4949951171875,167.3000030517578,167.3300018310547,40171
2026-02-05 19:00:00,167.3699951171875,167.4499969482422,167.11000061035156,167.22999572753906,338543
2026-02-05 19:05:00,167.22999572753906,167.2899932861328,166.89999389648438,166.99000549316406,59532
2026-02-05 19:10:00,167.02999877929688,167.22500610351562,166.99000549316406,167.14999389648438,39944
2026-02-05 19:15:00,167.14999389648438,167.3300018310547,167.11500549316406,167.27499389648438,44207
2026-02-05 19:20:00,167.2899932861328,167.36000061035156,167.13999938964844,167.24000549316406,38219
2026-02-05 19:25:00,167.25,167.36000061035156,167.17010498046875,167.3300018310547,38223
2026-02-05 19:30:00,167.37989807128906,167.39999389648438,167.27999877929688,167.31500244140625,45384
2026-02-05 19:35:00,167.3000030517578,167.30999755859375,167.08999633789062,167.08999633789062,23955
2026-02-05 19:40:00,167.08999633789062,167.27999877929688,167.08999633789062,167.17979431152344,33467
2026-02-05 19:45:00,167.1999969482422,167.35000610351562,167.0399932861328,167.0399932861328,26101
2026-02-05 19:50:00,167.07989501953125,167.08999633789062,166.91000366210938,167.01499938964844,50951
2026-02-05 19:55:00,167.01499938964844,167.40499877929688,167.01499938964844,167.36000061035156,49625
2026-02-05 20:00:00,167.36500549316406,167.39999389648438,167.2100067138672,167.3300018310547,43645
2026-02-05 20:05:00,167.33999633789062,167.5,167.3000030517578,167.4199981689453,46137
2026-02-05 20:10:00,167.42999267578125,167.72259521484375,167.32000732421875,167.71080017089844,56230
2026-02-05 20:15:00,167.7100067138672,167.75999450683594,167.61000061035156,167.75999450683594,51823
2026-02-05 20:20:00,167.77000427246094,167.85000610351562,167.72999572753906,167.7899932861328,50625
2026-02-05 20:25:00,167.77000427246094,167.9600067138672,167.7100067138672,167.94000244140625,56710
2026-02-05 20:30:00,167.97000122070312,168.0,167.625,167.6699981689453,71545
2026-02-05 20:35:00,167.6699981689453,167.85000610351562,167.5500030517578,167.58999633789062,71628
2026-02-05 20:40:00,167.5850067138672,167.7100067138672,167.47000122070312,167.47669982910156,95421
2026-02-05 20:45:00,167.47000122070312,167.49000549316406,167.1999969482422,167.25,96789
2026-02-05 20:50:00,167.27000427246094,167.52999877929688,167.08999633789062,167.23500061035156,160053
2026-02-05 20:55:00,167.1999969482422,167.58999633789062,167.19000244140625,167.5,378459
2026-02-06 14:30:00,167.4499969482422,168.4499969482422,167.2550048828125,168.4499969482422,291758
2026-02-06 14:35:00,168.4232940673828,168.67999267578125,167.85499572753906,168.4600067138672,142606
2026-02-06 14:40:00,168.40109252929688,168.7949981689453,168.13499450683594,168.22000122070312,66963
2026-02-06 14:45:00,168.22000122070312,168.69000244140625,168.1300048828125,168.33999633789062,216715
2026-02-06 14:50:00,168.30999755859375,169.4600067138672,168.29200744628906,169.36000061035156,129589
2026-02-06 14:55:00,169.36000061035156,169.99000549316406,169.31500244140625,169.9438018798828,165586
2026-02-06 15:00:00,169.9199981689453,170.1300048828125,169.6699981689453,170.0399932861328,93846
2026-02-06 15:05:00,170.05499267578125,170.1699981689453,169.75,169.9250030517578,100082
2026-02-06 15:10:00,169.9149932861328,169.9149932861328,169.0500946044922,169.27999877929688,81377
2026-02-06 15:15:00,169.17999267578125,169.2899932861328,168.9199981689453,169.13999938964844,60225
2026-02-06 15:20:00,169.16000366210938,169.2899932861328,168.5850067138672,168.61000061035156,107479
2026-02-06 15:25:00,168.5399932861328,168.77999877929688,168.41000366210938,168.4600067138672,51680
2026-02-06 15:30:00,168.40499877929688,168.74000549316406,168.35009765625,168.58999633789062,40231
2026-02-06 15:35:00,168.5500030517578,168.65499877929688,168.48500061035156,168.53500366210938,28673
2026-02-06 15:40:00,168.5800018310547,168.75999450683594,168.5399932861328,168.6300048828125,23966
2026-02-06 15:55:00,168.6699981689453,168.74000549316406,168.52000427246094,168.5500030517578,147451
2026-02-06 16:00:00,168.50999450683594,168.67999267578125,168.4300994873047,168.66000366210938,213258
2026-02-06 16:05:00,168.6199951171875,168.75,168.44000244140625,168.46249389648438,24035
2026-02-06 16:10:00,168.39999389648438,168.5,168.3625030517578,168.4600067138672,71789
2026-02-06 16:15:00,168.52499389648438,168.61000061035156,168.52499389648438,168.60000610351562,30561
2026-02-06 16:20:00,168.5500030517578,168.61000061035156,168.39999389648438,168.5399932861328,51853
2026-02-06 16:25:00,168.5399932861328,168.5500030517578,167.9149932861328,168.05999755859375,46420
2026-02-06 16:30:00,168.01499938964844,168.3000030517578,167.97000122070312,168.2899932861328,41857
2026-02-06 16:35:00,168.2899932861328,168.5,168.2100067138672,168.375,60339
2026-02-06 16:40:00,168.4499969482422,168.52999877929688,168.3249969482422,168.41000366210938,34033
2026-02-06 16:45:00,168.4199981689453,168.59500122070312,168.38999938964844,168.55499267578125,50943
2026-02-06 16:50:00,168.57000732421875,168.8300018310547,168.5500030517578,168.71499633789062,115882
2026-02-06 16:55:00,168.73500061035156,168.96499633789062,168.6999969482422,168.78500366210938,39382
2026-02-06 17:00:00,168.78500366210938,168.90499877929688,168.69000244140625,168.6999969482422,36247
2026-02-06 17:05:00,168.7100067138672,168.78500366210938,168.64500427246094,168.64999389648438,31313
2026-02-06 17:10:00,168.63999938964844,168.63999938964844,168.49000549316406,168.5850067138672,29732
2026-02-06 17:15:00,168.58999633789062,168.6199951171875,168.4499969482422,168.5399932861328,56327
2026-02-06 17:20:00,168.52999877929688,168.5449981689453,168.41000366210938,168.4499969482422,19905
2026-02-06 17:25:00,168.4600067138672,168.52000427246094,168.3000030517578,168.36500549316406,29219
2026-02-06 17:30:00,168.3596954345703,168.4499969482422,168.19000244140625,168.24000549316406,54592
2026-02-06 17:35:00,168.25909423828125,168.56500244140625,168.19000244140625,168.5449981689453,75932
2026-02-06 17:40:00,168.5500030517578,168.6699981689453,168.5,168.5399932861328,42579
2026-02-06 17:45:00,168.5500030517578,168.75010681152344,168.5399932861328,168.75,95737
2026-02-06 17:50:00,168.77000427246094,168.82000732421875,168.7100067138672,168.7100067138672,35961
2026-02-06 17:55:00,168.69000244140625,168.7449951171875,168.52999877929688,168.5800018310547,29420
2026-02-06 18:00:00,168.58999633789062,168.58999633789062,168.2899932861328,168.5050048828125,62802
2026-02-06 18:05:00,168.5050048828125,168.50999450683594,168.33999633789062,168.44000244140625,23179
2026-02-06 18:10:00,168.61000061035156,168.61000061035156,168.55999755859375,168.58999633789062,9937
2026-02-06 18:15:00,168.52999877929688,168.70179748535156,168.52000427246094,168.64999389648438,48057
2026-02-06 18:20:00,168.6300048828125,168.64500427246094,168.52000427246094,168.610107421875,18709
2026-02-06 18:25:00,168.6699981689453,168.90499877929688,168.6699981689453,168.8350067138672,28250
2026-02-06 18:30:00,168.83999633789062,168.94000244140625,168.77999877929688,168.7899932861328,26591
2026-02-06 18:35:00,168.77000427246094,168.77000427246094,168.50999450683594,168.60000610351562,29825
2026-02-06 18:40:00,168.610107421875,168.610107421875,168.4600067138672,168.53179931640625,31302
2026-02-06 18:45:00,168.5399932861328,168.7100067138672,168.50999450683594,168.6750030517578,34083
2026-02-06 18:50:00,168.6699981689453,168.8300018310547,168.6699981689453,168.8300018310547,21878
2026-02-06 18:55:00,168.8300018310547,168.97000122070312,168.8249969482422,168.97000122070312,27319
2026-02-06 19:00:00,168.97000122070312,169.05999755859375,168.94000244140625,168.96499633789062,52941
2026-02-06 19:05:00,168.94000244140625,169.0800018310547,168.89500427246094,168.9600067138672,42973
2026-02-06 19:10:00,168.9600067138672,168.98289489746094,168.7949981689453,168.7949981689453,42102
2026-02-06 19:15:00,168.77999877929688,168.77999877929688,168.52999877929688,168.6699981689453,46197
2026-02-06 19:20:00,168.6649932861328,168.80999755859375,168.58009338378906,168.65499877929688,41825
2026-02-06 19:25:00,168.64500427246094,168.67999267578125,168.49000549316406,168.6699981689453,25180
2026-02-06 19:30:00,168.67999267578125,168.69500732421875,168.5500030517578,168.57000732421875,20847
2026-02-06 19:35:00,168.59500122070312,168.6071014404297,168.51010131835938,168.53500366210938,25573
2026-02-06 19:40:00,168.5301055908203,168.61000061035156,168.49000549316406,168.5800018310547,24877
2026-02-06 19:45:00,168.5800018310547,168.75999450683594,168.57000732421875,168.75999450683594,21869
2026-02-06 19:50:00,168.7899932861328,168.8000030517578,168.6999969482422,168.6999969482422,25214
2026-02-06 19:55:00,168.7100067138672,168.94000244140625,168.69500732421875,168.90499877929688,29246
2026-02-06 20:00:00,168.9199981689453,169.25,168.9199981689453,169.16000366210938,89107
2026-02-06 20:05:00,169.1649932861328,169.17999267578125,169.0500030517578,169.1199951171875,54759
2026-02-06 20:10:00,169.16000366210938,169.4199981689453,169.13999938964844,169.3800048828125,98863
2026-02-06 20:15:00,169.3699951171875,169.4499969482422,169.24209594726562,169.3699951171875,70309
2026-02-06 20:20:00,169.4199981689453,169.6699981689453,169.375,169.6699981689453,69838
2026-02-06 20:25:00,169.6750030517578,169.78500366210938,169.62289428710938,169.67999267578125,69896
2026-02-06 20:30:00,169.67999267578125,169.8249969482422,169.67999267578125,169.75,97001
2026-02-06 20:35:00,169.74400329589844,169.7899932861328,169.66000366210938,169.71499633789062,77908
2026-02-06 20:40:00,169.7100067138672,169.9199981689453,169.69500732421875,169.8699951171875,102293
2026-02-06 20:45:00,169.86000061035156,170.00999450683594,169.8350067138672,169.98500061035156,116091
2026-02-06 20:50:00,169.97000122070312,170.49000549316406,169.9499969482422,170.43499755859375,430375
2026-02-06 20:55:00,170.41000366210938,170.75,170.16000366210938,170.47000122070312,1029158
2026-02-09 14:30:00,169.50999450683594,169.92999267578125,168.30999755859375,168.4199981689453,460531
2026-02-09 14:35:00,168.49000549316406,168.75999450683594,168.07000732421875,168.19000244140625,60423
2026-02-09 14:40:00,168.19960021972656,168.30999755859375,167.50999450683594,167.8249969482422,180613
2026-02-09 14:45:00,167.85000610351562,167.94000244140625,167.05999755859375,167.2899932861328,178541
2026-02-09 14:50:00,167.3249969482422,168.08999633789062,167.28500366210938,168.02000427246094,86822
2026-02-09 14:55:00,168.07000732421875,168.60000610351562,167.98500061035156,168.4499969482422,105916
2026-02-09 15:00:00,168.4550018310547,168.47999572753906,168.1699981689453,168.24000549316406,66402
2026-02-09 15:05:00,168.19000244140625,168.22999572753906,167.62249755859375,167.85499572753906,166126
2026-02-09 15:10:00,167.91000366210938,168.1999969482422,167.85499572753906,168.08999633789062,79424
2026-02-09 15:15:00,168.125,168.2100067138672,167.9199981689453,167.97000122070312,84928
2026-02-09 15:20:00,167.93499755859375,168.29989624023438,167.91000366210938,168.1699981689453,50538
2026-02-09 15:25:00,168.17999267578125,168.3699951171875,168.13999938964844,168.32000732421875,56059
2026-02-09 15:30:00,168.3249969482422,168.5,168.25,168.3800048828125,62215
2026-02-09 15:35:00,168.4149932861328,168.66000366210938,168.32000732421875,168.5800018310547,69754
2026-02-09 15:40:00,168.5800018310547,168.60000610351562,168.32000732421875,168.32000732421875,60803
2026-02-09 15:45:00,168.32249450683594,168.4499969482422,168.27499389648438,168.39999389648438,76165
2026-02-09 15:50:00,168.4199981689453,168.4199981689453,167.8408966064453,167.85000610351562,75008
2026-02-09 15:55:00,167.83999633789062,167.89999389648438,167.5,167.5399932861328,145935
2026-02-09 16:00:00,167.60000610351562,167.8350067138672,167.0500030517578,167.05999755859375,120307
2026-02-09 16:05:00,167.0399932861328,167.22999572753906,166.76010131835938,166.8800048828125,84726
2026-02-09 16:10:00,166.97999572753906,167.02999877929688,166.5500030517578,166.67999267578125,191867
2026-02-09 16:15:00,166.6649932861328,166.72999572753906,166.25,166.30499267578125,81590
2026-02-09 16:20:00,166.33999633789062,166.47999572753906,166.1300048828125,166.27000427246094,64141
2026-02-09 16:25:00,166.22999572753906,166.27499389648438,165.92999267578125,165.9550018310547,45695
2026-02-09 16:30:00,165.9550018310547,166.10989379882812,165.7899932861328,165.82000732421875,66826
2026-02-09 16:35:00,165.8000030517578,166.08999633789062,165.75,166.00999450683594,109735
2026-02-09 16:40:00,166.02000427246094,166.24000549316406,165.88999938964844,165.97410583496094,59068
2026-02-09 16:45:00,165.97999572753906,166.00999450683594,165.6699981689453,165.68499755859375,49707
2026-02-09 16:50:00,165.67999267578125,165.75999450683594,165.57000732421875,165.69000244140625,71482
2026-02-09 16:55:00,165.6699981689453,165.8699951171875,165.55999755859375,165.8699951171875,73366
2026-02-09 17:00:00,165.875,166.11000061035156,165.5,165.5,66368
2026-02-09 17:05:00,165.5,165.52999877929688,165.1999969482422,165.22999572753906,63811
2026-02-09 17:10:00,165.22999572753906,165.2899932861328,165.02000427246094,165.08999633789062,56516
2026-02-09 17:15:00,165.05999755859375,165.36000061035156,164.94149780273438,165.2550048828125,168361
2026-02-09 17:20:00,165.25999450683594,165.72000122070312,165.19000244140625,165.6649932861328,64950
2026-02-09 17:25:00,165.6649932861328,166.19000244140625,165.6649932861328,166.0399932861328,65856
2026-02-09 17:30:00,166.02499389648438,166.47000122070312,166.02000427246094,166.38699340820312,45421
2026-02-09 17:35:00,166.39500427246094,166.49000549316406,166.27000427246094,166.36500549316406,47149
2026-02-09 17:40:00,166.36500549316406,166.52000427246094,166.33999633789062,166.4600067138672,46927
2026-02-09 17:45:00,166.47000122070312,166.5749969482422,166.4199981689453,166.42999267578125,38199
2026-02-09 17:50:00,166.4199981689453,166.66000366210938,166.39999389648438,166.66000366210938,39174
2026-02-09 17:55:00,166.67999267578125,166.67999267578125,166.46929931640625,166.48500061035156,56346
2026-02-09 18:00:00,166.48500061035156,166.49000549316406,166.3300018310547,166.3300018310547,31763
2026-02-09 18:05:00,166.3300018310547,166.4499969482422,166.28489685058594,166.35000610351562,34368
2026-02-09 18:10:00,166.35000610351562,166.42999267578125,166.1999969482422,166.3000030517578,26893
2026-02-09 18:15:00,166.30999755859375,166.4499969482422,166.30999755859375,166.34500122070312,29741
2026-02-09 18:20:00,166.3699951171875,166.66000366210938,166.35000610351562,166.66000366210938,36869
2026-02-09 18:25:00,166.6750030517578,166.80999755859375,166.63999938964844,166.6649932861328,38613
2026-02-09 18:30:00,166.6699981689453,166.80999755859375,166.6699981689453,166.80999755859375,25141
2026-02-09 18:35:00,166.80999755859375,166.8699951171875,166.60000610351562,166.65499877929688,24272
2026-02-09 18:40:00,166.64999389648438,166.67999267578125,166.5,166.5,23385
2026-02-09 18:45:00,166.4949951171875,166.5,166.3699951171875,166.47999572753906,28619
2026-02-09 18:50:00,166.47000122070312,166.49639892578125,166.22999572753906,166.24769592285156,80983
2026-02-09 18:55:00,166.27000427246094,166.36000061035156,166.16000366210938,166.36000061035156,36725
2026-02-09 19:00:00,166.33999633789062,166.35000610351562,166.1199951171875,166.35000610351562,30442
2026-02-09 19:05:00,166.34500122070312,166.57000732421875,166.3300018310547,166.57000732421875,36168
2026-02-09 19:10:00,166.58999633789062,166.6999969482422,166.47999572753906,166.6999969482422,42920
2026-02-09 19:15:00,166.6750030517578,166.82989501953125,166.60000610351562,166.71499633789062,31198
2026-02-09 19:20:00,166.71499633789062,166.8000030517578,166.5800018310547,166.66000366210938,29761
2026-02-09 19:25:00,166.66000366210938,166.77499389648438,166.60000610351562,166.6300048828125,39418
2026-02-09 19:30:00,166.625,166.66000366210938,166.41000366210938,166.52000427246094,43165
2026-02-09 19:35:00,166.5137939453125,166.5500030517578,166.42999267578125,166.5,27509
2026-02-09 19:40:00,166.52000427246094,166.6300048828125,166.4199981689453,166.57000732421875,33515
2026-02-09 19:45:00,166.59500122070312,166.75,166.59500122070312,166.69000244140625,23831
2026-02-09 19:50:00,166.69000244140625,166.7899932861328,166.63499450683594,166.75999450683594,35099
2026-02-09 19:55:00,166.75,166.77000427246094,166.55999755859375,166.57000732421875,71233
2026-02-09 20:00:00,166.5800018310547,166.84500122070312,166.5800018310547,166.69000244140625,41971
2026-02-09 20:05:00,166.6999969482422,166.7899932861328,166.33999633789062,166.375,42810
2026-02-09 20:10:00,166.3699951171875,166.38499450683594,166.1199951171875,166.13999938964844,35003
2026-02-09 20:15:00,166.1649932861328,166.27999877929688,166.08999633789062,166.14999389648438,39214
2026-02-09 20:20:00,166.15499877929688,166.52000427246094,166.00999450683594,166.4199981689453,70845
2026-02-09 20:25:00,166.44000244140625,167.0800018310547,166.44000244140625,167.02000427246094,69388
2026-02-09 20:30:00,167.00999450683594,167.07000732421875,166.47999572753906,166.51499938964844,65454
2026-02-09 20:35:00,166.51499938964844,166.5749969482422,166.33999633789062,166.39999389648438,44305
2026-02-09 20:40:00,166.38999938964844,166.52999877929688,166.30999755859375,166.47999572753906,53064
2026-02-09 20:45:00,166.4949951171875,166.52499389648438,166.25,166.4600067138672,76916
2026-02-09 20:50:00,166.4600067138672,166.82000732421875,166.44500732421875,166.4600067138672,139084
2026-02-09 20:55:00,166.4499969482422,166.7050018310547,166.41000366210938,166.47999572753906,446042
2026-02-10 14:30:00,165.75,166.13999938964844,164.7100067138672,164.7100067138672,295756
2026-02-10 14:35:00,164.8000030517578,166.14999389648438,163.74000549316406,166.03500366210938,105919
2026-02-10 14:40:00,166.0583038330078,166.84080505371094,165.97999572753906,166.84080505371094,82175
2026-02-10 14:45:00,166.8800048828125,167.13999938964844,166.5,167.0500030517578,52912
2026-02-10 14:50:00,167.11000061035156,167.11000061035156,166.6300048828125,166.8000030517578,42990
2026-02-10 14:55:00,166.8000030517578,167.1300048828125,166.7899932861328,167.10000610351562,40341
2026-02-10 15:00:00,167.02999877929688,167.02999877929688,166.44009399414062,166.44009399414062,53038
2026-02-10 15:05:00,166.44000244140625,166.69000244140625,166.27000427246094,166.34500122070312,58360
2026-02-10 15:10:00,166.34500122070312,166.3699951171875,165.89999389648438,166.0457000732422,44002
2026-02-10 15:15:00,165.99949645996094,166.3125,165.97999572753906,166.27999877929688,98377
2026-02-10 15:20:00,166.2899932861328,166.2899932861328,165.72999572753906,165.72999572753906,48487
2026-02-10 15:25:00,165.7100067138672,165.77000427246094,165.4499969482422,165.6300048828125,57952
2026-02-10 15:30:00,165.6300048828125,165.6300048828125,165.27000427246094,165.3800048828125,40055
2026-02-10 15:35:00,165.5,165.52000427246094,165.0800018310547,165.47999572753906,40440
2026-02-10 15:40:00,165.49000549316406,165.63999938964844,165.41000366210938,165.52000427246094,42350
2026-02-10 15:45:00,165.52999877929688,165.5800018310547,165.3249969482422,165.4499969482422,44115
2026-02-10 15:50:00,165.43499755859375,165.75999450683594,165.38999938964844,165.73489379882812,34441
2026-02-10 15:55:00,165.69000244140625,165.9499969482422,165.59500122070312,165.8249969482422,41453
2026-02-10 16:00:00,165.86000061035156,165.89500427246094,165.6199951171875,165.74899291992188,32434
2026-02-10 16:05:00,165.7082977294922,166.13999938964844,165.7082977294922,166.12010192871094,29926
2026-02-10 16:10:00,166.15499877929688,166.15499877929688,165.99000549316406,166.0500030517578,25385
2026-02-10 16:15:00,166.0500030517578,166.17999267578125,165.9600067138672,166.11000061035156,41812
2026-02-10 16:20:00,166.11500549316406,166.27499389648438,166.02000427246094,166.1300048828125,43066
2026-02-10 16:25:00,166.1300048828125,166.5196990966797,166.1300048828125,166.27999877929688,66672
2026-02-10 16:30:00,166.35000610351562,166.38999938964844,165.74000549316406,165.77000427246094,346487
2026-02-10 16:35:00,165.82000732421875,166.1999969482422,165.82000732421875,166.1300048828125,65530
2026-02-10 16:40:00,166.1300048828125,166.30990600585938,166.0800018310547,166.1699981689453,25878
2026-02-10 16:45:00,166.2050018310547,166.25999450683594,166.0,166.0,32255
2026-02-10 16:50:00,165.97000122070312,166.0,165.69000244140625,165.75,24800
2026-02-10 16:55:00,165.72999572753906,165.92010498046875,165.64999389648438,165.8800048828125,33503
2026-02-10 17:00:00,165.88499450683594,166.02000427246094,165.77999877929688,165.8249969482422,49164
2026-02-10 17:05:00,165.85000610351562,165.89999389648438,165.82000732421875,165.86500549316406,18178
2026-02-10 17:10:00,165.8300018310547,166.07000732421875,165.77000427246094,166.07000732421875,29707
2026-02-10 17:15:00,166.05999755859375,166.07510375976562,165.80499267578125,165.85989379882812,32563
2026-02-10 17:20:00,165.85499572753906,165.88499450683594,165.76910400390625,165.8699951171875,24558
2026-02-10 17:25:00,165.8699951171875,166.08419799804688,165.86000061035156,166.02999877929688,28531
2026-02-10 17:30:00,166.0399932861328,166.0500030517578,165.8800048828125,165.89999389648438,19581
2026-02-10 17:35:00,165.88499450683594,165.91000366210938,165.78500366210938,165.80999755859375,27824
2026-02-10 17:40:00,165.8300018310547,165.91000366210938,165.77999877929688,165.8699951171875,21232
2026-02-10 17:45:00,165.85000610351562,165.97000122070312,165.79010009765625,165.97000122070312,27505
2026-02-10 17:50:00,165.9499969482422,166.0,165.85000610351562,165.875,16377
2026-02-10 17:55:00,165.8800048828125,166.00999450683594,165.8800048828125,165.99000549316406,21297
2026-02-10 18:00:00,165.97000122070312,165.97999572753906,165.8177032470703,165.8300018310547,18434
2026-02-10 18:05:00,165.83009338378906,166.0,165.83009338378906,166.0,23414
2026-02-10 18:10:00,165.99000549316406,166.24000549316406,165.88999938964844,166.24000549316406,37853
2026-02-10 18:15:00,166.19500732421875,166.5919952392578,166.16000366210938,166.49000549316406,42757
2026-02-10 18:20:00,166.50999450683594,166.8300018310547,166.50999450683594,166.79100036621094,26737
2026-02-10 18:25:00,166.7949981689453,167.0,166.75999450683594,166.9949951171875,24192
2026-02-10 18:30:00,166.97999572753906,167.04949951171875,166.88999938964844,166.9799041748047,25804
2026-02-10 18:35:00,166.91000366210938,167.0500030517578,166.82260131835938,166.9499969482422,38222
2026-02-10 18:40:00,166.9600067138672,167.07949829101562,166.9600067138672,167.04010009765625,20763
2026-02-10 18:45:00,167.0500030517578,167.17999267578125,167.02000427246094,167.09750366210938,24252
2026-02-10 18:50:00,167.11500549316406,167.2100067138672,167.02000427246094,167.2100067138672,27246
2026-02-10 18:55:00,167.19000244140625,167.32000732421875,167.19000244140625,167.3000030517578,24570
2026-02-10 19:00:00,167.27999877929688,167.3350067138672,167.15499877929688,167.22999572753906,38811
2026-02-10 19:05:00,167.24000549316406,167.4073944091797,167.0399932861328,167.0800018310547,42969
2026-02-10 19:10:00,167.0800018310547,167.1699981689453,167.0500030517578,167.1199951171875,24665
2026-02-10 19:15:00,167.1199951171875,167.25999450683594,167.1199951171875,167.2200927734375,35211
2026-02-10 19:20:00,167.22999572753906,167.2899932861328,167.21499633789062,167.26499938964844,21493
2026-02-10 19:25:00,167.27999877929688,167.3300018310547,167.1750030517578,167.19000244140625,25673
2026-02-10 19:30:00,167.1999969482422,167.1999969482422,166.97999572753906,167.0399932861328,33612
2026-02-10 19:35:00,167.0500030517578,167.18499755859375,167.0500030517578,167.16000366210938,25074
2026-02-10 19:40:00,167.13999938964844,167.25999450683594,167.13999938964844,167.23500061035156,25375
2026-02-10 19:45:00,167.22999572753906,167.32000732421875,167.22999572753906,167.27000427246094,32251
2026-02-10 19:50:00,167.27000427246094,167.35000610351562,167.0500030517578,167.06500244140625,47573
2026-02-10 19:55:00,167.1300048828125,167.17999267578125,166.92999267578125,167.02000427246094,28664
2026-02-10 20:00:00,167.0399932861328,167.27000427246094,167.0399932861328,167.19500732421875,45049
2026-02-10 20:05:00,167.2100067138672,167.3300018310547,167.1699981689453,167.30499267578125,21973
2026-02-10 20:10:00,167.31500244140625,167.3300018310547,167.2100067138672,167.22999572753906,24099
2026-02-10 20:15:00,167.2100067138672,167.22000122070312,166.92999267578125,166.9499969482422,34432
2026-02-10 20:20:00,166.92999267578125,167.08999633789062,166.92999267578125,167.0800018310547,25712
2026-02-10 20:25:00,167.07000732421875,167.08509826660156,166.89999389648438,166.91000366210938,31576
2026-02-10 20:30:00,166.90499877929688,167.02000427246094,166.72999572753906,166.75,38764
2026-02-10 20:35:00,166.7698974609375,167.0500030517578,166.75,167.0,88235
2026-02-10 20:40:00,166.99000549316406,167.0,166.82000732421875,166.8800048828125,58101
2026-02-10 20:45:00,166.8800048828125,167.05499267578125,166.86000061035156,166.99000549316406,61641
2026-02-10 20:50:00,166.98500061035156,167.24000549316406,166.75,167.24000549316406,142295
2026-02-10 20:55:00,167.22500610351562,167.22500610351562,166.83999633789062,166.96499633789062,328986
2026-02-11 14:30:00,167.38999938964844,167.66000366210938,166.1699981689453,166.30999755859375,166881
2026-02-11 14:35:00,166.2100067138672,167.16000366210938,166.0500030517578,167.00999450683594,58433
2026-02-11 14:40:00,167.02499389648438,167.63999938964844,166.89999389648438,166.97999572753906,98226
2026-02-11 14:45:00,167.00999450683594,167.11000061035156,166.64999389648438,166.85499572753906,56875
2026-02-11 14:50:00,166.84500122070312,167.60000610351562,166.8000030517578,167.52499389648438,88482
2026-02-11 14:55:00,167.52000427246094,167.72999572753906,167.5,167.66000366210938,33960
2026-02-11 15:00:00,167.55999755859375,168.1199951171875,167.44000244140625,167.86000061035156,39895
2026-02-11 15:05:00,167.97000122070312,168.6199951171875,167.97000122070312,168.6199951171875,75393
2026-02-11 15:10:00,168.64999389648438,169.0399932861328,168.57000732421875,168.69000244140625,93384
2026-02-11 15:15:00,168.73500061035156,169.40969848632812,168.67999267578125,169.3350067138672,58040
2026-02-11 15:20:00,169.33999633789062,169.618896484375,169.2899932861328,169.5850067138672,49886
2026-02-11 15:25:00,169.55999755859375,169.8365936279297,169.13499450683594,169.25999450683594,86952
2026-02-11 15:30:00,169.22000122070312,169.4600067138672,168.99000549316406,169.42999267578125,72545
2026-02-11 15:35:00,169.42999267578125,169.63499450683594,169.3300018310547,169.63499450683594,45940
2026-02-11 15:40:00,169.60000610351562,169.67999267578125,169.10000610351562,169.24000549316406,73092
2026-02-11 15:45:00,169.25,169.70640563964844,169.22999572753906,169.68499755859375,29216
2026-02-11 15:50:00,169.72000122070312,169.7449951171875,169.30999755859375,169.30999755859375,37331
2026-02-11 15:55:00,169.27999877929688,169.44000244140625,169.1999969482422,169.35009765625,39891
2026-02-11 16:00:00,169.39999389648438,169.64999389648438,169.3000030517578,169.44000244140625,43001
2026-02-11 16:05:00,169.4149932861328,169.63999938964844,169.4149932861328,169.5399932861328,33365
2026-02-11 16:10:00,169.5749969482422,169.58999633789062,169.22000122070312,169.26499938964844,52484
2026-02-11 16:15:00,169.26499938964844,169.27000427246094,169.00999450683594,169.00999450683594,37655
2026-02-11 16:20:00,169.0500030517578,169.39999389648438,169.0,169.39500427246094,29640
2026-02-11 16:25:00,169.39999389648438,169.60000610351562,169.35499572753906,169.60000610351562,43742
2026-02-11 16:30:00,169.65199279785156,169.9600067138672,169.50999450683594,169.9499969482422,38569
2026-02-11 16:35:00,169.99000549316406,170.27000427246094,169.89999389648438,170.19000244140625,45724
2026-02-11 16:40:00,170.19000244140625,170.25,169.97000122070312,170.04750061035156,49880
2026-02-11 16:45:00,170.0800018310547,170.0800018310547,169.80999755859375,169.86599731445312,25749
2026-02-11 16:50:00,169.875,169.9199981689453,169.67999267578125,169.83999633789062,16171
2026-02-11 16:55:00,169.9199981689453,169.9199981689453,169.6699981689453,169.7100067138672,29325
2026-02-11 17:00:00,169.75999450683594,169.75999450683594,169.57000732421875,169.5800018310547,24622
2026-02-11 17:05:00,169.6300048828125,169.82000732421875,169.4600067138672,169.7899932861328,40588
2026-02-11 17:10:00,169.7899932861328,169.91000366210938,169.75,169.80999755859375,51029
2026-02-11 17:15:00,169.8300018310547,170.00509643554688,169.74000549316406,169.8300018310547,29921
2026-02-11 17:20:00,169.83999633789062,169.8697052001953,169.6300048828125,169.6699981689453,39060
2026-02-11 17:25:00,169.67999267578125,169.67999267578125,169.339599609375,169.36500549316406,22145
2026-02-11 17:30:00,169.33999633789062,169.39999389648438,169.22000122070312,169.38499450683594,32121
2026-02-11 17:35:00,169.36000061035156,169.4600067138672,169.32000732421875,169.32200622558594,19905
2026-02-11 17:40:00,169.3249969482422,169.4499969482422,169.24000549316406,169.24000549316406,25488
2026-02-11 17:45:00,169.27999877929688,169.30990600585938,169.07000732421875,169.07000732421875,35270
2026-02-11 17:50:00,169.07000732421875,169.17999267578125,168.9293975830078,168.9293975830078,57511
2026-02-11 17:55:00,168.93499755859375,169.08999633789062,168.90499877929688,169.0800018310547,33979
2026-02-11 18:00:00,169.0800018310547,169.3300018310547,168.97000122070312,168.97000122070312,33677
2026-02-11 18:05:00,168.97000122070312,169.05810546875,168.81019592285156,168.8350067138672,27361
2026-02-11 18:10:00,168.8300018310547,168.8300018310547,168.72000122070312,168.75,27932
2026-02-11 18:15:00,168.75,168.75999450683594,168.62010192871094,168.6999969482422,38725
2026-02-11 18:20:00,168.6649932861328,168.6649932861328,168.3699951171875,168.38999938964844,25570
2026-02-11 18:25:00,168.39500427246094,168.50999450683594,168.35000610351562,168.49000549316406,24909
2026-02-11 18:30:00,168.4600067138672,168.66000366210938,168.21499633789062,168.625,55509
2026-02-11 18:35:00,168.67999267578125,168.72000122070312,168.5749969482422,168.5749969482422,22757
2026-02-11 18:40:00,168.57000732421875,168.61000061035156,168.4600067138672,168.58999633789062,20539
2026-02-11 18:45:00,168.5800018310547,168.63999938964844,168.4199981689453,168.47540283203125,33020
2026-02-11 18:50:00,168.4600067138672,168.61000061035156,168.27999877929688,168.2899932861328,42920
2026-02-11 18:55:00,168.30499267578125,168.33999633789062,168.1300048828125,168.32000732421875,30545
2026-02-11 19:00:00,168.3300018310547,168.60499572753906,168.30999755859375,168.5399932861328,28043
2026-02-11 19:05:00,168.53500366210938,168.61000061035156,168.4199981689453,168.50999450683594,39916
2026-02-11 19:10:00,168.50999450683594,168.52999877929688,168.3699951171875,168.41580200195312,26817
2026-02-11 19:15:00,168.4199981689453,168.77000427246094,168.41000366210938,168.77000427246094,26055
2026-02-11 19:20:00,168.7449951171875,168.77000427246094,168.64999389648438,168.6699981689453,18006
2026-02-11 19:25:00,168.64999389648438,168.72000122070312,168.55999755859375,168.55999755859375,20362
2026-02-11 19:30:00,168.58999633789062,168.6649932861328,168.4499969482422,168.6199951171875,26093
2026-02-11 19:35:00,168.6199951171875,168.6699981689453,168.42999267578125,168.4499969482422,21751
2026-02-11 19:40:00,168.4199981689453,168.54010009765625,168.38999938964844,168.4499969482422,24836
2026-02-11 19:45:00,168.44000244140625,168.67999267578125,168.44000244140625,168.67999267578125,37910
2026-02-11 19:50:00,168.65499877929688,168.71499633789062,168.5500030517578,168.61000061035156,44772
2026-02-11 19:55:00,168.61000061035156,168.72999572753906,168.5399932861328,168.5800018310547,31833
2026-02-11 20:00:00,168.55499267578125,168.61000061035156,168.39999389648438,168.42999267578125,31050
2026-02-11 20:05:00,168.42999267578125,168.44000244140625,168.3300018310547,168.3699951171875,33052
2026-02-11 20:10:00,168.35499572753906,168.75999450683594,168.35499572753906,168.5800018310547,50934
2026-02-11 20:15:00,168.55999755859375,168.7899932861328,168.39999389648438,168.7100067138672,65940
2026-02-11 20:20:00,168.6999969482422,168.9600067138672,168.63999938964844,168.84500122070312,38213
2026-02-11 20:25:00,168.84500122070312,169.00990295410156,168.82000732421875,168.98899841308594,36206
2026-02-11 20:30:00,168.97239685058594,169.07000732421875,168.91000366210938,168.99000549316406,40505
2026-02-11 20:35:00,168.99000549316406,169.14500427246094,168.92999267578125,169.125,62589
2026-02-11 20:40:00,169.1300048828125,169.1999969482422,169.02999877929688,169.02999877929688,47589
2026-02-11 20:45:00,169.0500030517578,169.25999450683594,169.0399932861328,169.16000366210938,74095
2026-02-11 20:50:00,169.14999389648438,169.53500366210938,169.13999938964844,169.36500549316406,106060
2026-02-11 20:55:00,169.35000610351562,169.42999267578125,169.1199951171875,169.14999389648438,261645
2026-02-12 14:30:00,169.7550048828125,170.97000122070312,169.3699951171875,169.77000427246094,188105
2026-02-12 14:35:00,169.79249572753906,170.02999877929688,168.8000946044922,168.88999938964844,52571
2026-02-12 14:40:00,168.90260314941406,169.4698944091797,168.77999877929688,169.2899932861328,55783
2026-02-12 14:45:00,169.35000610351562,170.00999450683594,169.25999450683594,169.4199981689453,36136
2026-02-12 14:50:00,169.52999877929688,169.6699981689453,168.91000366210938,169.05999755859375,21423
2026-02-12 14:55:00,169.10000610351562,169.6699981689453,169.0800018310547,169.5399932861328,34787
2026-02-12 15:00:00,169.5800018310547,169.61000061035156,168.9499969482422,169.14999389648438,28823
2026-02-12 15:05:00,169.17999267578125,169.3800048828125,168.72999572753906,169.3699951171875,43544
2026-02-12 15:10:00,169.375,169.60000610351562,169.17999267578125,169.30999755859375,69149
2026-02-12 15:15:00,169.26499938964844,169.72000122070312,169.25,169.5449981689453,49091
2026-02-12 15:20:00,169.52999877929688,169.64990234375,169.19000244140625,169.36000061035156,62507
2026-02-12 15:25:00,169.39999389648438,169.8300018310547,169.16000366210938,169.8300018310547,45747
2026-02-12 15:30:00,169.76499938964844,170.03500366210938,169.64500427246094,169.92999267578125,42582
2026-02-12 15:35:00,169.875,170.3800048828125,169.8699951171875,170.27980041503906,32950
2026-02-12 15:40:00,170.24000549316406,170.86000061035156,170.24000549316406,170.81500244140625,54140
2026-02-12 15:45:00,170.81500244140625,171.1999969482422,170.75,170.8699951171875,55333
2026-02-12 15:50:00,170.94509887695312,171.36000061035156,170.67999267578125,171.26499938964844,47780
2026-02-12 15:55:00,171.25,171.35000610351562,170.97450256347656,171.25999450683594,48043
2026-02-12 16:00:00,171.30999755859375,171.47999572753906,171.08999633789062,171.1649932861328,55088
2026-02-12 16:05:00,171.1999969482422,171.4199981689453,170.92999267578125,170.99000549316406,94684
2026-02-12 16:10:00,170.8800048828125,171.0500030517578,170.7050018310547,170.85000610351562,34032
2026-02-12 16:15:00,170.8300018310547,170.9199981689453,170.6300048828125,170.77499389648438,49489
2026-02-12 16:20:00,170.77499389648438,170.92010498046875,170.7100067138672,170.74000549316406,57618
2026-02-12 16:25:00,170.74000549316406,171.0,170.74000549316406,170.9499969482422,41681
2026-02-12 16:30:00,171.0050048828125,171.14999389648438,170.7100067138672,170.7100067138672,79103
2026-02-12 16:35:00,170.67999267578125,170.7050018310547,170.00999450683594,170.2550048828125,59335
2026-02-12 16:40:00,170.2550048828125,170.27000427246094,169.9600067138672,170.2050018310547,30718
2026-02-12 16:45:00,170.1999969482422,170.1999969482422,169.77999877929688,169.77999877929688,45282
2026-02-12 16:50:00,169.80979919433594,170.11000061035156,169.75999450683594,169.77999877929688,44897
2026-02-12 16:55:00,169.77000427246094,169.91000366210938,169.66000366210938,169.72999572753906,43545
2026-02-12 17:00:00,169.6999969482422,169.9600067138672,169.66000366210938,169.8800048828125,44987
2026-02-12 17:05:00,169.89500427246094,170.02000427246094,169.5800018310547,169.63999938964844,106660
2026-02-12 17:10:00,169.63999938964844,170.0,169.62010192871094,169.85000610351562,37727
2026-02-12 17:15:00,169.91000366210938,170.0,169.7449951171875,169.7449951171875,34925
2026-02-12 17:20:00,169.74000549316406,169.77999877929688,169.55499267578125,169.6300048828125,28464
2026-02-12 17:25:00,169.6199951171875,169.67999267578125,169.22999572753906,169.32000732421875,32670
2026-02-12 17:30:00,169.2899932861328,169.32000732421875,169.0500030517578,169.14500427246094,32328
2026-02-12 17:35:00,169.13999938964844,169.39999389648438,169.0500030517578,169.39500427246094,52151
2026-02-12 17:40:00,169.4600067138672,169.6199951171875,169.24000549316406,169.31500244140625,59659
2026-02-12 17:45:00,169.32000732421875,169.50999450683594,169.32000732421875,169.46499633789062,45509
2026-02-12 17:50:00,169.41000366210938,169.46499633789062,169.25,169.41000366210938,100424
2026-02-12 17:55:00,169.3800048828125,169.64999389648438,169.3800048828125,169.61000061035156,86095
2026-02-12 18:00:00,169.61000061035156,169.92999267578125,169.58999633789062,169.7100067138672,106800
2026-02-12 18:05:00,169.7899932861328,169.8343963623047,169.4801025390625,169.69500732421875,25389
2026-02-12 18:10:00,169.7100067138672,169.74000549316406,169.3000030517578,169.42999267578125,23087
2026-02-12 18:15:00,169.44000244140625,169.5,169.32000732421875,169.44000244140625,43989
2026-02-12 18:20:00,169.42999267578125,169.42999267578125,168.8300018310547,169.00999450683594,38651
2026-02-12 18:25:00,169.0500030517578,169.23989868164062,168.860107421875,168.860107421875,25161
2026-02-12 18:30:00,168.92999267578125,169.14999389648438,168.83999633789062,169.14999389648438,34056
2026-02-12 18:35:00,169.17999267578125,169.19000244140625,168.71499633789062,168.77499389648438,48718
2026-02-12 18:40:00,168.76499938964844,169.3300018310547,168.7100067138672,169.27000427246094,35078
2026-02-12 18:45:00,169.22999572753906,169.50469970703125,169.22000122070312,169.4199981689453,41691
2026-02-12 18:50:00,169.4600067138672,169.5117950439453,168.99000549316406,169.02999877929688,26521
2026-02-12 18:55:00,169.07000732421875,169.48489379882812,168.99000549316406,169.25,47687
2026-02-12 19:00:00,169.32000732421875,169.3699951171875,169.17999267578125,169.19000244140625,29808
2026-02-12 19:05:00,169.14999389648438,169.1999969482422,168.99000549316406,169.00999450683594,22012
2026-02-12 19:10:00,169.00999450683594,169.19000244140625,169.00999450683594,169.08140563964844,25885
2026-02-12 19:15:00,169.0800018310547,169.0800018310547,168.85000610351562,169.0,33133
2026-02-12 19:20:00,168.9499969482422,168.99000549316406,168.75999450683594,168.83999633789062,24018
2026-02-12 19:25:00,168.8000030517578,168.95989990234375,168.75999450683594,168.8699951171875,26370
2026-02-12 19:30:00,168.8300018310547,169.0850067138672,168.8300018310547,169.0850067138672,27862
2026-02-12 19:35:00,169.10000610351562,169.16000366210938,168.86000061035156,168.86000061035156,23708
2026-02-12 19:40:00,168.83999633789062,168.89999389648438,168.6199951171875,168.8000030517578,53773
2026-02-12 19:45:00,168.75,169.03500366210938,168.72999572753906,168.9774932861328,48515
2026-02-12 19:50:00,168.9600067138672,169.07000732421875,168.92999267578125,168.97000122070312,34377
2026-02-12 19:55:00,168.9499969482422,169.27999877929688,168.89999389648438,169.1199951171875,52022
2026-02-12 20:00:00,169.1199951171875,169.1199951171875,168.88999938964844,168.98500061035156,60330
2026-02-12 20:05:00,168.9499969482422,169.07989501953125,168.80999755859375,168.94000244140625,52057
2026-02-12 20:10:00,168.94000244140625,168.94500732421875,168.63999938964844,168.66000366210938,46102
2026-02-12 20:15:00,168.63999938964844,168.66990661621094,168.3300018310547,168.47999572753906,53051
2026-02-12 20:20:00,168.47000122070312,168.5500030517578,168.33999633789062,168.5,55775
2026-02-12 20:25:00,168.52499389648438,168.55999755859375,168.39999389648438,168.5,59774
2026-02-12 20:30:00,168.50999450683594,168.59249877929688,168.3300018310547,168.52999877929688,95927
2026-02-12 20:35:00,168.5,168.5399932861328,168.0399932861328,168.13999938964844,121024
2026-02-12 20:40:00,168.14500427246094,168.14999389648438,167.8800048828125,167.90379333496094,104560
2026-02-12 20:45:00,167.91000366210938,167.94000244140625,167.62330627441406,167.72500610351562,94189
2026-02-12 20:50:00,167.72000122070312,167.72000122070312,167.08999633789062,167.19000244140625,232271
2026-02-12 20:55:00,167.1999969482422,167.3300018310547,167.08999633789062,167.24000549316406,422348
2026-02-13 14:30:00,167.38999938964844,167.73440551757812,166.3968963623047,166.86000061035156,464218
2026-02-13 14:35:00,167.1300048828125,167.1999969482422,166.13999938964844,166.5500030517578,157751
2026-02-13 14:40:00,166.60499572753906,166.7899932861328,165.35000610351562,165.4199981689453,221499
2026-02-13 14:45:00,165.4199981689453,165.6999969482422,164.9949951171875,165.1300048828125,162254
2026-02-13 14:50:00,165.16000366210938,166.2100067138672,165.16000366210938,165.8300018310547,169446
2026-02-13 14:55:00,165.8300018310547,166.00999450683594,165.1699981689453,165.97000122070312,128862
2026-02-13 15:00:00,165.97000122070312,166.38999938964844,165.69000244140625,165.86000061035156,87432
2026-02-13 15:05:00,165.8699951171875,166.10000610351562,165.77000427246094,166.0,50167
2026-02-13 15:10:00,165.89999389648438,165.91000366210938,165.5,165.83999633789062,59165
2026-02-13 15:15:00,165.8300018310547,165.86500549316406,165.2550048828125,165.5,75588
2026-02-13 15:20:00,165.5399932861328,165.6750030517578,165.24000549316406,165.625,35783
2026-02-13 15:25:00,165.625,165.83999633789062,165.49000549316406,165.83999633789062,45312
2026-02-13 15:30:00,165.82000732421875,165.97000122070312,165.63999938964844,165.97000122070312,62713
2026-02-13 15:35:00,165.9550018310547,166.3699951171875,165.8699951171875,166.34500122070312,58844
2026-02-13 15:40:00,166.35000610351562,166.74000549316406,166.33999633789062,166.6699981689453,80665
2026-02-13 15:45:00,166.6300048828125,166.7899932861328,166.50999450683594,166.756103515625,93136
2026-02-13 15:50:00,166.72500610351562,166.72999572753906,166.16000366210938,166.30499267578125,79574
2026-02-13 15:55:00,166.30499267578125,166.47000122070312,166.2100067138672,166.2449951171875,71920
2026-02-13 16:00:00,166.2449951171875,166.33999633789062,166.00999450683594,166.1699981689453,114005
2026-02-13 16:05:00,166.19000244140625,166.80999755859375,166.11000061035156,166.72999572753906,83487
2026-02-13 16:10:00,166.75,167.0,166.69000244140625,166.83999633789062,117520
2026-02-13 16:15:00,166.86500549316406,167.2794952392578,166.86500549316406,167.22000122070312,41001
2026-02-13 16:20:00,167.22000122070312,167.3000030517578,167.10000610351562,167.1750030517578,31676
2026-02-13 16:25:00,167.17999267578125,167.50999450683594,167.11000061035156,167.38499450683594,46975
2026-02-13 16:30:00,167.3800048828125,167.58999633789062,167.25,167.33999633789062,44594
2026-02-13 16:35:00,167.32000732421875,167.360107421875,166.88999938964844,166.97999572753906,27724
2026-02-13 16:40:00,166.97000122070312,167.25999450683594,166.97000122070312,166.9949951171875,31695
2026-02-13 16:45:00,167.0,167.33999633789062,166.99000549316406,167.11000061035156,45599
2026-02-13 16:50:00,167.14500427246094,167.17999267578125,166.97999572753906,167.11000061035156,20581
2026-02-13 16:55:00,167.1300048828125,167.25,166.9600067138672,167.25,30138
2026-02-13 17:00:00,167.22000122070312,167.22999572753906,167.02000427246094,167.1300048828125,26444
2026-02-13 17:05:00,167.1300048828125,167.3000030517578,167.10000610351562,167.1699981689453,36974
2026-02-13 17:10:00,167.1649932861328,167.27000427246094,167.11000061035156,167.22999572753906,18266
2026-02-13 17:15:00,167.21499633789062,167.21499633789062,166.97999572753906,166.9801025390625,18093
2026-02-13 17:20:00,167.0,167.24000549316406,167.0,167.13999938964844,26677
2026-02-13 17:25:00,167.0800018310547,167.26499938964844,167.0800018310547,167.2100067138672,16138
2026-02-13 17:30:00,167.2550048828125,167.3800048828125,167.2100067138672,167.30999755859375,35097
2026-02-13 17:35:00,167.3249969482422,167.52000427246094,167.2899932861328,167.35000610351562,18271
2026-02-13 17:40:00,167.39999389648438,167.66510009765625,167.39999389648438,167.5800018310547,35439
2026-02-13 17:45:00,167.61000061035156,167.8800048828125,167.57000732421875,167.74000549316406,34769
2026-02-13 17:50:00,167.70010375976562,167.7899932861328,167.4600067138672,167.5,20592
2026-02-13 17:55:00,167.47999572753906,167.61000061035156,167.22999572753906,167.5399932861328,37426
2026-02-13 18:00:00,167.49000549316406,167.7899932861328,167.3699951171875,167.5800018310547,26310
2026-02-13 18:05:00,167.5800018310547,167.625,167.46499633789062,167.46499633789062,17628
2026-02-13 18:10:00,167.49000549316406,167.50999450683594,167.24000549316406,167.2449951171875,40178
2026-02-13 18:15:00,167.25999450683594,167.25999450683594,167.08999633789062,167.1699981689453,34190
2026-02-13 18:20:00,167.1699981689453,167.1699981689453,167.07000732421875,167.1125030517578,12373
2026-02-13 18:25:00,167.1199951171875,167.22000122070312,166.8800048828125,167.07000732421875,44881
2026-02-13 18:30:00,167.03500366210938,167.05999755859375,166.72000122070312,166.73500061035156,22693
2026-02-13 18:35:00,166.73500061035156,166.82989501953125,166.67999267578125,166.7899932861328,41607
2026-02-13 18:40:00,166.7899932861328,166.9799041748047,166.77999877929688,166.88999938964844,37201
2026-02-13 18:45:00,166.88499450683594,167.12249755859375,166.88499450683594,167.07000732421875,32877
2026-02-13 18:50:00,167.07000732421875,167.11000061035156,166.92999267578125,166.96180725097656,23564
2026-02-13 18:55:00,166.9600067138672,166.9600067138672,166.5,166.77000427246094,54069
2026-02-13 19:00:00,166.75,166.9600067138672,166.6199951171875,166.93499755859375,24752
2026-02-13 19:05:00,166.94000244140625,167.05499267578125,166.88999938964844,166.92999267578125,16709
2026-02-13 19:10:00,166.89500427246094,167.02999877929688,166.86000061035156,166.9199981689453,36255
2026-02-13 19:15:00,166.88999938964844,166.92999267578125,166.5399932861328,166.58999633789062,32056
2026-02-13 19:20:00,166.60499572753906,166.66000366210938,166.4949951171875,166.66000366210938,20919
2026-02-13 19:25:00,166.69000244140625,166.8800048828125,166.64999389648438,166.82000732421875,24250
2026-02-13 19:30:00,166.82000732421875,166.89999389648438,166.55999755859375,166.5800018310547,37495
2026-02-13 19:35:00,166.5850067138672,166.5850067138672,166.38999938964844,166.47000122070312,23701
2026-02-13 19:40:00,166.48500061035156,166.50999450683594,166.2100067138672,166.32000732421875,31935
2026-02-13 19:45:00,166.31500244140625,166.5,166.27000427246094,166.44000244140625,22308
2026-02-13 19:50:00,166.44000244140625,166.5800018310547,166.35000610351562,166.35000610351562,25271
2026-02-13 19:55:00,166.3300018310547,166.4600067138672,166.19000244140625,166.2100067138672,38128
2026-02-13 20:00:00,166.22000122070312,166.22999572753906,165.94000244140625,165.9550018310547,54454
2026-02-13 20:05:00,165.9199981689453,165.9199981689453,165.77999877929688,165.80499267578125,39499
2026-02-13 20:10:00,165.80499267578125,165.91000366210938,165.80499267578125,165.85000610351562,43830
2026-02-13 20:15:00,165.8350067138672,166.11000061035156,165.8350067138672,165.9949951171875,48741
2026-02-13 20:20:00,165.9949951171875,166.02000427246094,165.84500122070312,165.94000244140625,60468
2026-02-13 20:25:00,165.9550018310547,165.97999572753906,165.8249969482422,165.8699951171875,49923
2026-02-13 20:30:00,165.86500549316406,165.9600067138672,165.6699981689453,165.71499633789062,67863
2026-02-13 20:35:00,165.7100067138672,165.8800048828125,165.6649932861328,165.8300018310547,81728
2026-02-13 20:40:00,165.8350067138672,165.85000610351562,165.4499969482422,165.47999572753906,73084
2026-02-13 20:45:00,165.4832000732422,165.60499572753906,165.3800048828125,165.5500030517578,107292
2026-02-13 20:50:00,165.56500244140625,165.89500427246094,165.38999938964844,165.83999633789062,176694
2026-02-13 20:55:00,165.80999755859375,166.0399932861328,165.7899932861328,165.92999267578125,448733
2026-02-17 14:30:00,166.19000244140625,167.5399932861328,165.74000549316406,165.85000610351562,174876
2026-02-17 14:35:00,165.85000610351562,165.99000549316406,164.22999572753906,164.38999938964844,81883
2026-02-17 14:40:00,164.42999267578125,165.0800018310547,164.3665008544922,164.8300018310547,70381
2026-02-17 14:45:00,164.80999755859375,165.02000427246094,164.1999969482422,164.24000549316406,187897
2026-02-17 14:50:00,164.27999877929688,164.9250030517578,163.89999389648438,164.35000610351562,84695
2026-02-17 14:55:00,164.2899932861328,164.61000061035156,164.2113037109375,164.22000122070312,61564
2026-02-17 15:00:00,164.22000122070312,164.2335968017578,163.51010131835938,163.77499389648438,60366
2026-02-17 15:05:00,163.77999877929688,163.8000030517578,163.52000427246094,163.6750030517578,51259
2026-02-17 15:10:00,163.7100067138672,163.72999572753906,163.2899932861328,163.38999938964844,70884
2026-02-17 15:15:00,163.36500549316406,163.39999389648438,162.8300018310547,163.2550048828125,75011
2026-02-17 15:20:00,163.2949981689453,163.77999877929688,163.2200927734375,163.55999755859375,50641
2026-02-17 15:25:00,163.55999755859375,163.72000122070312,163.0050048828125,163.18499755859375,56544
2026-02-17 15:30:00,163.1199951171875,163.25,162.875,163.08999633789062,62545
2026-02-17 15:35:00,163.05499267578125,163.1199951171875,162.82000732421875,162.94000244140625,53755
2026-02-17 15:40:00,162.89999389648438,162.91990661621094,162.50999450683594,162.5399932861328,66220
2026-02-17 15:45:00,162.5,162.6699981689453,162.2100067138672,162.4199981689453,112772
2026-02-17 15:50:00,162.4199981689453,162.49000549316406,162.22000122070312,162.39999389648438,57267
2026-02-17 15:55:00,162.42999267578125,162.9199981689453,162.32000732421875,162.33999633789062,101457
2026-02-17 16:00:00,162.30499267578125,162.3699951171875,162.14999389648438,162.18499755859375,58109
2026-02-17 16:05:00,162.18499755859375,162.2100067138672,161.84500122070312,161.91000366210938,64023
2026-02-17 16:10:00,161.910400390625,162.25,161.88999938964844,162.22030639648438,50363
2026-02-17 16:15:00,162.22999572753906,162.35000610351562,161.625,161.6649932861328,47118
2026-02-17 16:20:00,161.6999969482422,161.89089965820312,161.57000732421875,161.67999267578125,48603
2026-02-17 16:25:00,161.6649932861328,161.94000244140625,161.55999755859375,161.55999755859375,63450
2026-02-17 16:30:00,161.56500244140625,161.59500122070312,161.32000732421875,161.47999572753906,58372
2026-02-17 16:35:00,161.5,161.61500549316406,161.4600067138672,161.59500122070312,52313
2026-02-17 16:40:00,161.6199951171875,161.82000732421875,161.5500030517578,161.81100463867188,48099
2026-02-17 16:45:00,161.8000030517578,161.8300018310547,161.39999389648438,161.63999938964844,33108
2026-02-17 16:50:00,161.6300048828125,161.6300048828125,161.36000061035156,161.3800048828125,40905
2026-02-17 16:55:00,161.3800048828125,161.52499389648438,161.1699981689453,161.1999969482422,47657
2026-02-17 17:00:00,161.1999969482422,161.27999877929688,161.10000610351562,161.1199951171875,34033
2026-02-17 17:05:00,161.13499450683594,161.3800048828125,161.05880737304688,161.36000061035156,41599
2026-02-17 17:10:00,161.33999633789062,161.60989379882812,161.33999633789062,161.48500061035156,42660
2026-02-17 17:15:00,161.48500061035156,161.49000549316406,161.32000732421875,161.4199981689453,46286
2026-02-17 17:20:00,161.39999389648438,161.61000061035156,161.3300018310547,161.49000549316406,35174
2026-02-17 17:25:00,161.48500061035156,161.5,161.24000549316406,161.30999755859375,27626
2026-02-17 17:30:00,161.3000030517578,161.57000732421875,161.27000427246094,161.4499969482422,40642
2026-02-17 17:35:00,161.52000427246094,161.7050018310547,161.47999572753906,161.63999938964844,34169
2026-02-17 17:40:00,161.6649932861328,161.80999755859375,161.3800048828125,161.47999572753906,38301
2026-02-17 17:45:00,161.42999267578125,161.5500030517578,161.41000366210938,161.41000366210938,28127
2026-02-17 17:50:00,161.41000366210938,161.47500610351562,161.118896484375,161.17999267578125,42881
2026-02-17 17:55:00,161.16000366210938,161.19000244140625,160.83999633789062,161.02999877929688,50528
2026-02-17 18:00:00,161.02000427246094,161.02999877929688,160.85000610351562,161.0,34515
2026-02-17 18:05:00,160.99000549316406,161.02000427246094,160.80999755859375,160.98500061035156,32827
2026-02-17 18:10:00,161.0,161.11000061035156,160.9199981689453,161.10000610351562,41732
2026-02-17 18:15:00,161.1300048828125,161.2050018310547,161.02999877929688,161.1300048828125,21290
2026-02-17 18:20:00,161.07000732421875,161.22000122070312,161.02999877929688,161.0449981689453,36204
2026-02-17 18:25:00,161.0449981689453,161.22999572753906,161.0,161.05999755859375,33597
2026-02-17 18:30:00,161.0399932861328,161.17999267578125,160.9600067138672,161.14500427246094,40883
2026-02-17 18:35:00,161.14500427246094,161.39999389648438,161.13999938964844,161.1699981689453,35207
2026-02-17 18:40:00,161.14999389648438,161.14999389648438,160.89999389648438,160.89999389648438,33040
2026-02-17 18:45:00,160.90499877929688,161.36000061035156,160.89999389648438,161.32000732421875,31509
2026-02-17 18:50:00,161.35499572753906,161.49000549316406,161.2200927734375,161.3000030517578,28024
2026-02-17 18:55:00,161.28500366210938,161.35000610351562,161.07000732421875,161.08999633789062,32137
2026-02-17 19:00:00,161.07000732421875,161.1300048828125,160.9600067138672,161.10000610351562,34884
2026-02-17 19:05:00,161.11000061035156,161.1300048828125,160.9499969482422,161.11000061035156,28088
2026-02-17 19:10:00,161.11000061035156,161.3350067138672,161.10499572753906,161.1051025390625,31235
2026-02-17 19:15:00,161.0800018310547,161.1199951171875,160.97140502929688,160.97999572753906,29355
2026-02-17 19:20:00,161.0050048828125,161.25,160.97999572753906,161.1999969482422,25746
2026-02-17 19:25:00,161.21499633789062,161.47000122070312,161.1999969482422,161.375,48643
2026-02-17 19:30:00,161.33999633789062,161.33999633789062,161.0800018310547,161.14999389648438,28866
2026-02-17 19:35:00,161.14999389648438,161.27000427246094,161.11000061035156,161.1699981689453,24502
2026-02-17 19:40:00,161.13999938964844,161.35000610351562,161.05999755859375,161.34500122070312,25221
2026-02-17 19:45:00,161.3300018310547,161.44000244140625,161.25999450683594,161.25999450683594,27726
2026-02-17 19:50:00,161.27999877929688,161.39999389648438,161.15499877929688,161.3300018310547,26767
2026-02-17 19:55:00,161.33999633789062,161.33999633789062,160.99000549316406,161.00999450683594,48170
2026-02-17 20:00:00,161.0449981689453,161.25999450683594,160.9199981689453,161.1999969482422,31480
2026-02-17 20:05:00,161.2299041748047,161.3699951171875,161.16000366210938,161.27999877929688,32608
2026-02-17 20:10:00,161.22999572753906,161.24000549316406,161.14999389648438,161.17999267578125,28388
2026-02-17 20:15:00,161.19000244140625,161.27999877929688,161.1699981689453,161.18499755859375,46456
2026-02-17 20:20:00,161.16000366210938,161.3699951171875,161.14999389648438,161.22000122070312,57210
2026-02-17 20:25:00,161.23500061035156,161.4499969482422,161.2100067138672,161.33999633789062,50569
2026-02-17 20:30:00,161.39500427246094,161.6300048828125,161.36000061035156,161.6199951171875,72984
2026-02-17 20:35:00,161.63999938964844,161.63999938964844,161.3800048828125,161.4149932861328,74926
2026-02-17 20:40:00,161.4149932861328,161.46099853515625,161.30999755859375,161.38999938964844,138602
2026-02-17 20:45:00,161.4149932861328,161.51280212402344,161.36000061035156,161.41000366210938,130953
2026-02-17 20:50:00,161.42999267578125,162.0500030517578,161.41000366210938,161.6699981689453,185242
2026-02-17 20:55:00,161.6699981689453,161.92999267578125,161.6699981689453,161.8800048828125,479768
2026-02-18 14:30:00,161.7550048828125,161.9199981689453,160.63209533691406,161.6699981689453,202608
2026-02-18 14:35:00,161.77000427246094,162.32000732421875,161.4300994873047,161.8300018310547,60298
2026-02-18 14:40:00,161.7593994140625,162.67999267578125,161.7593994140625,161.89999389648438,57455
2026-02-18 14:45:00,161.9499969482422,162.03500366210938,161.61000061035156,161.96499633789062,53535
2026-02-18 14:50:00,161.97999572753906,162.08999633789062,161.77000427246094,161.79800415039062,39420
2026-02-18 14:55:00,161.83999633789062,162.3300018310547,161.7100067138672,162.24000549316406,37901
2026-02-18 15:00:00,162.2949981689453,162.8000030517578,162.22000122070312,162.42999267578125,64267
2026-02-18 15:05:00,162.3800048828125,162.86000061035156,162.32000732421875,162.61000061035156,30868
2026-02-18 15:10:00,162.67999267578125,162.91000366210938,162.61399841308594,162.69000244140625,48557
2026-02-18 15:15:00,162.69000244140625,162.875,162.60000610351562,162.82000732421875,49186
2026-02-18 15:20:00,162.8300018310547,162.89999389648438,162.1300048828125,162.17999267578125,76029
2026-02-18 15:25:00,162.18499755859375,162.44500732421875,161.9438018798828,162.44000244140625,47901
2026-02-18 15:30:00,162.57969665527344,162.63499450683594,162.35000610351562,162.41000366210938,29567
2026-02-18 15:35:00,162.41000366210938,162.55499267578125,162.3800048828125,162.42999267578125,22078
2026-02-18 15:40:00,162.4604034423828,162.52000427246094,162.2899932861328,162.3300018310547,25678
2026-02-18 15:45:00,162.33999633789062,162.58999633789062,162.29010009765625,162.47999572753906,29164
2026-02-18 15:50:00,162.5800018310547,162.83999633789062,162.5500030517578,162.58999633789062,57840
2026-02-18 15:55:00,162.5800018310547,162.81849670410156,162.5800018310547,162.71499633789062,28528
2026-02-18 16:00:00,162.72000122070312,162.72000122070312,162.49000549316406,162.61500549316406,43062
2026-02-18 16:05:00,162.5800018310547,162.77499389648438,162.4600067138672,162.77499389648438,57002
2026-02-18 16:10:00,162.77499389648438,162.95989990234375,162.7100067138672,162.95989990234375,21984
2026-02-18 16:15:00,162.97000122070312,163.1875,162.9499969482422,163.0850067138672,55147
2026-02-18 16:20:00,163.07000732421875,164.33999633789062,163.07000732421875,163.6699981689453,200000
2026-02-18 16:25:00,163.72000122070312,163.76499938964844,163.35000610351562,163.3695068359375,71306
2026-02-18 16:30:00,163.36000061035156,163.38499450683594,163.13999938964844,163.27999877929688,31167
2026-02-18 16:35:00,163.25,163.42999267578125,163.22000122070312,163.3800048828125,19325
2026-02-18 16:40:00,163.4250030517578,163.61090087890625,163.3699951171875,163.52999877929688,46650
2026-02-18 16:45:00,163.5,163.7899932861328,163.5,163.75999450683594,73109
2026-02-18 16:50:00,163.77000427246094,163.92999267578125,163.7449951171875,163.85499572753906,39700
2026-02-18 16:55:00,163.8300018310547,164.0050048828125,163.8000030517578,163.93499755859375,34864
2026-02-18 17:00:00,163.92999267578125,163.92999267578125,163.7274932861328,163.92990112304688,29992
2026-02-18 17:05:00,163.92999267578125,164.17999267578125,163.9199981689453,164.0800018310547,42925
2026-02-18 17:10:00,164.09500122070312,164.13600158691406,163.85000610351562,163.875,39062
2026-02-18 17:15:00,163.875,163.89999389648438,163.4600067138672,163.5399932861328,35739
2026-02-18 17:20:00,163.5500030517578,163.55999755859375,163.35000610351562,163.51499938964844,21980
2026-02-18 17:25:00,163.51499938964844,163.8300018310547,163.51499938964844,163.72000122070312,41829
2026-02-18 17:30:00,163.75,163.82000732421875,163.61000061035156,163.74000549316406,17564
2026-02-18 17:35:00,163.72000122070312,163.86219787597656,163.72000122070312,163.7899932861328,16437
2026-02-18 17:40:00,163.7949981689453,164.02999877929688,163.75,163.88999938964844,29694
2026-02-18 17:45:00,163.88999938964844,164.13999938964844,163.88999938964844,164.00999450683594,32001
2026-02-18 17:50:00,164.03500366210938,164.29229736328125,163.94500732421875,164.2100067138672,41072
2026-02-18 17:55:00,164.19000244140625,164.1999969482422,164.00999450683594,164.0399932861328,21229
2026-02-18 18:00:00,164.13999938964844,164.16000366210938,163.85000610351562,163.88999938964844,35234
2026-02-18 18:05:00,163.91000366210938,163.91000366210938,163.72999572753906,163.83999633789062,26032
2026-02-18 18:10:00,163.8699951171875,164.0800018310547,163.8350067138672,163.9600067138672,61618
2026-02-18 18:15:00,163.97500610351562,164.0500030517578,163.8699951171875,164.02000427246094,13465
2026-02-18 18:20:00,164.0449981689453,164.0800018310547,163.6999969482422,163.7949981689453,21148
2026-02-18 18:25:00,163.82000732421875,163.88999938964844,163.67999267578125,163.83999633789062,17052
2026-02-18 18:30:00,163.83999633789062,163.93499755859375,163.77999877929688,163.89199829101562,18442
2026-02-18 18:35:00,163.89999389648438,164.0,163.86000061035156,163.99000549316406,23603
2026-02-18 18:40:00,164.00999450683594,164.13999938964844,164.00999450683594,164.08999633789062,33387
2026-02-18 18:45:00,164.0800018310547,164.10000610351562,163.91000366210938,163.9499969482422,34321
2026-02-18 18:50:00,163.91000366210938,163.91000366210938,163.77999877929688,163.8699951171875,21137
2026-02-18 18:55:00,163.8699951171875,164.22999572753906,163.8699951171875,164.22999572753906,58847
2026-02-18 19:00:00,164.24000549316406,164.49000549316406,164.22000122070312,164.49000549316406,39811
2026-02-18 19:05:00,164.52999877929688,164.52999877929688,163.93679809570312,164.00999450683594,22300
2026-02-18 19:10:00,164.0,164.07000732421875,163.77389526367188,163.81500244140625,26545
2026-02-18 19:15:00,163.7899932861328,163.91000366210938,163.6300048828125,163.64999389648438,40958
2026-02-18 19:20:00,163.64999389648438,163.89649963378906,163.64999389648438,163.89649963378906,22012
2026-02-18 19:25:00,163.88499450683594,164.0399932861328,163.86000061035156,163.98500061035156,24816
2026-02-18 19:30:00,163.9499969482422,163.98500061035156,163.74000549316406,163.86000061035156,32276
2026-02-18 19:35:00,163.83999633789062,163.9199981689453,163.7100067138672,163.9199981689453,24165
2026-02-18 19:40:00,163.9499969482422,164.25990295410156,163.92999267578125,164.1199951171875,35826
2026-02-18 19:45:00,164.10040283203125,164.24000549316406,163.9199981689453,164.0,34578
2026-02-18 19:50:00,164.02000427246094,164.10000610351562,163.86500549316406,163.91000366210938,33792
2026-02-18 19:55:00,163.91000366210938,164.17999267578125,163.82479858398438,164.17999267578125,43254
2026-02-18 20:00:00,164.1750030517578,164.1750030517578,163.9499969482422,164.01499938964844,44861
2026-02-18 20:05:00,164.02999877929688,164.0399932861328,163.85000610351562,163.88999938964844,38362
2026-02-18 20:10:00,163.91000366210938,164.0,163.77999877929688,163.78750610351562,35042
2026-02-18 20:15:00,163.8000030517578,164.0,163.75999450683594,163.86000061035156,27950
2026-02-18 20:20:00,163.91000366210938,163.99000549316406,163.8699951171875,163.89999389648438,35156
2026-02-18 20:25:00,163.89500427246094,163.91000366210938,163.77999877929688,163.85000610351562,29790
2026-02-18 20:30:00,163.8699951171875,163.8800048828125,163.57000732421875,163.63999938964844,45438
2026-02-18 20:35:00,163.64500427246094,163.68499755859375,163.56500244140625,163.6199951171875,43253
2026-02-18 20:40:00,163.62750244140625,163.69500732421875,163.5670928955078,163.59500122070312,37373
2026-02-18 20:45:00,163.5850067138672,163.98500061035156,163.54469299316406,163.94500732421875,79347
2026-02-18 20:50:00,163.9199981689453,164.3800048828125,163.8300018310547,164.14999389648438,165179
2026-02-18 20:55:00,164.19000244140625,164.49000549316406,164.19000244140625,164.375,475950
2026-02-19 14:30:00,164.38999938964844,164.8800048828125,163.64999389648438,164.30999755859375,186977
2026-02-19 14:35:00,164.3000030517578,164.49000549316406,163.82000732421875,164.44000244140625,85135
2026-02-19 14:40:00,164.43930053710938,165.0500030517578,164.32000732421875,164.52999877929688,94571
2026-02-19 14:45:00,164.39999389648438,164.72999572753906,163.75999450683594,163.8699951171875,78856
2026-02-19 14:50:00,163.80999755859375,164.01499938964844,163.5449981689453,164.01499938964844,30673
2026-02-19 14:55:00,164.01499938964844,164.1699981689453,163.8800048828125,164.00509643554688,53359
2026-02-19 15:00:00,164.010498046875,164.24000549316406,163.7550048828125,163.7550048828125,44855
2026-02-19 15:05:00,163.75,163.88999938964844,163.52999877929688,163.52999877929688,24577
2026-02-19 15:10:00,163.59100341796875,163.86300659179688,163.5,163.63999938964844,30684
2026-02-19 15:15:00,163.63999938964844,163.89999389648438,163.59019470214844,163.82000732421875,23336
2026-02-19 15:20:00,163.84500122070312,163.92999267578125,163.57000732421875,163.76499938964844,60889
2026-02-19 15:25:00,163.7899932861328,164.0500030517578,163.66000366210938,163.8800048828125,41131
2026-02-19 15:30:00,163.86000061035156,164.0800018310547,163.8000030517578,163.97999572753906,38247
2026-02-19 15:35:00,163.9499969482422,164.26010131835938,163.86500549316406,164.2449951171875,33173
2026-02-19 15:40:00,164.32000732421875,164.37060546875,164.05999755859375,164.1300048828125,45034
2026-02-19 15:45:00,164.24000549316406,164.27000427246094,164.0200958251953,164.17999267578125,26188
2026-02-19 15:50:00,164.1999969482422,164.27000427246094,163.9001007080078,164.04750061035156,28929
2026-02-19 15:55:00,164.10000610351562,164.13499450683594,163.85000610351562,163.9600067138672,28420
2026-02-19 16:00:00,163.97999572753906,164.3000030517578,163.92999267578125,164.16000366210938,46583
2026-02-19 16:05:00,164.10499572753906,164.22000122070312,163.94500732421875,164.0,22542
2026-02-19 16:10:00,164.02000427246094,164.16000366210938,163.9600067138672,163.9600067138672,19266
2026-02-19 16:15:00,163.9949951171875,164.0699005126953,163.86000061035156,163.86500549316406,22923
2026-02-19 16:20:00,163.86000061035156,163.86000061035156,163.47500610351562,163.5500030517578,28393
2026-02-19 16:25:00,163.52499389648438,163.6199951171875,163.131103515625,163.24000549316406,31677
2026-02-19 16:30:00,163.2449951171875,163.52499389648438,163.19000244140625,163.50999450683594,16001
2026-02-19 16:35:00,163.50999450683594,163.51499938964844,163.33999633789062,163.4199981689453,42525
2026-02-19 16:40:00,163.38999938964844,163.64999389648438,163.3350067138672,163.64999389648438,29404
2026-02-19 16:45:00,163.60000610351562,163.7100067138672,163.47000122070312,163.5,26825
2026-02-19 16:50:00,163.50250244140625,163.60499572753906,163.43370056152344,163.5449981689453,22836
2026-02-19 16:55:00,163.50010681152344,163.89999389648438,163.50010681152344,163.86000061035156,22143
2026-02-19 17:00:00,163.8300018310547,163.9499969482422,163.5399932861328,163.5800018310547,20582
2026-02-19 17:05:00,163.6199951171875,163.66000366210938,163.35000610351562,163.4199981689453,26425
2026-02-19 17:10:00,163.4199981689453,163.60000610351562,163.39999389648438,163.5399932861328,17250
2026-02-19 17:15:00,163.5850067138672,163.69000244140625,163.57009887695312,163.57009887695312,16291
2026-02-19 17:20:00,163.59500122070312,163.86000061035156,163.59500122070312,163.83999633789062,11143
2026-02-19 17:25:00,163.88009643554688,163.89999389648438,163.73480224609375,163.86000061035156,11925
2026-02-19 17:30:00,163.80999755859375,163.85009765625,163.69200134277344,163.71499633789062,9349
2026-02-19 17:35:00,163.75999450683594,163.8000030517578,163.69000244140625,163.72000122070312,11691
2026-02-19 17:40:00,163.75999450683594,163.88690185546875,163.72000122070312,163.88690185546875,12719
2026-02-19 17:45:00,163.8699951171875,163.92930603027344,163.7301025390625,163.8699951171875,14042
2026-02-19 17:50:00,163.875,163.875,163.54730224609375,163.54730224609375,15665
2026-02-19 17:55:00,163.61000061035156,163.7480010986328,163.58999633789062,163.66000366210938,12586
2026-02-19 18:00:00,163.67999267578125,163.76499938964844,163.60000610351562,163.63499450683594,11830
2026-02-19 18:05:00,163.6699981689453,163.69000244140625,163.6300048828125,163.69000244140625,17477
2026-02-19 18:10:00,163.67999267578125,163.83999633789062,163.6085968017578,163.82009887695312,13626
2026-02-19 18:15:00,163.85000610351562,163.85000610351562,163.7100067138672,163.7100067138672,15002
2026-02-19 18:20:00,163.6999969482422,163.75999450683594,163.63999938964844,163.67999267578125,14974
2026-02-19 18:25:00,163.69000244140625,163.77999877929688,163.66000366210938,163.6999969482422,10601
2026-02-19 18:30:00,163.74000549316406,163.8887939453125,163.72000122070312,163.83999633789062,17464
2026-02-19 18:35:00,163.8249969482422,163.88999938964844,163.7899932861328,163.83999633789062,12765
2026-02-19 18:40:00,163.8000030517578,163.86500549316406,163.75,163.84500122070312,13157
2026-02-19 18:45:00,163.85000610351562,164.02000427246094,163.8300018310547,163.9700927734375,13276
2026-02-19 18:50:00,163.9600067138672,164.05999755859375,163.9499969482422,164.01089477539062,13686
2026-02-19 18:55:00,163.99000549316406,164.07000732421875,163.9600067138672,164.0399932861328,13023
2026-02-19 19:00:00,164.0800018310547,164.21499633789062,164.0800018310547,164.13999938964844,17850
2026-02-19 19:05:00,164.13999938964844,164.27000427246094,164.13499450683594,164.21499633789062,16833
2026-02-19 19:10:00,164.16299438476562,164.19000244140625,164.0625,164.08999633789062,15070
2026-02-19 19:15:00,164.1300048828125,164.13999938964844,163.86000061035156,163.86500549316406,14124
2026-02-19 19:20:00,163.82000732421875,163.82000732421875,163.69500732421875,163.69500732421875,13471
2026-02-19 19:25:00,163.66000366210938,163.81500244140625,163.60000610351562,163.74000549316406,22429
2026-02-19 19:30:00,163.72000122070312,163.72500610351562,163.47999572753906,163.5,22253
2026-02-19 19:35:00,163.5,163.55499267578125,163.4149932861328,163.52499389648438,16473
2026-02-19 19:40:00,163.52499389648438,163.8300018310547,163.50999450683594,163.7899932861328,32045
2026-02-19 19:45:00,163.8300018310547,164.09500122070312,163.8000030517578,163.97000122070312,24012
2026-02-19 19:50:00,163.97000122070312,164.05990600585938,163.75,163.75,20564
2026-02-19 19:55:00,163.7899932861328,163.95899963378906,163.72000122070312,163.95899963378906,34295
2026-02-19 20:00:00,164.01499938964844,164.22000122070312,163.97999572753906,164.17999267578125,36982
2026-02-19 20:05:00,164.1649932861328,164.32000732421875,164.14999389648438,164.3000030517578,26980
2026-02-19 20:10:00,164.2949981689453,164.60000610351562,164.22999572753906,164.57000732421875,27911
2026-02-19 20:15:00,164.5800018310547,164.6999969482422,164.4499969482422,164.60499572753906,36053
2026-02-19 20:20:00,164.60499572753906,164.60499572753906,164.44500732421875,164.5800018310547,43795
2026-02-19 20:25:00,164.57000732421875,164.6300048828125,164.5399932861328,164.56500244140625,80169
2026-02-19 20:30:00,164.56500244140625,164.66000366210938,164.52999877929688,164.5500030517578,29659
2026-02-19 20:35:00,164.5511016845703,164.67999267578125,164.5200958251953,164.5500030517578,31318
2026-02-19 20:40:00,164.55999755859375,164.60499572753906,164.44000244140625,164.56500244140625,40908
2026-02-19 20:45:00,164.5500030517578,164.5500030517578,164.4199981689453,164.47500610351562,51031
2026-02-19 20:50:00,164.4600067138672,164.47000122070312,164.2449951171875,164.4149932861328,73891
2026-02-19 20:55:00,164.5500030517578,164.6199951171875,164.44000244140625,164.60000610351562,192402
2026-02-20 14:30:00,164.63999938964844,164.75,163.02000427246094,163.9250030517578,319583
2026-02-20 14:35:00,163.89999389648438,164.18499755859375,163.6699981689453,164.08999633789062,51297
2026-02-20 14:40:00,164.01649475097656,164.7100067138672,164.01649475097656,164.22999572753906,21082
2026-02-20 14:45:00,163.97999572753906,164.49000549316406,163.9550018310547,164.14999389648438,29370
2026-02-20 14:50:00,164.125,164.2899932861328,163.8699951171875,164.2899932861328,16433
2026-02-20 14:55:00,164.2949981689453,164.5800018310547,164.14999389648438,164.4949951171875,26694
2026-02-20 15:00:00,164.4949951171875,164.8000030517578,164.27000427246094,164.44000244140625,35685
2026-02-20 15:05:00,164.3699951171875,164.9499969482422,164.11000061035156,164.74000549316406,37269
2026-02-20 15:10:00,164.67999267578125,164.89999389648438,164.2100067138672,164.31500244140625,21684
2026-02-20 15:15:00,164.3800048828125,164.71499633789062,164.30999755859375,164.71499633789062,40145
2026-02-20 15:20:00,164.71499633789062,164.80999755859375,164.49000549316406,164.6300048828125,33985
2026-02-20 15:25:00,164.64999389648438,164.64999389648438,164.25,164.52999877929688,25827
2026-02-20 15:30:00,164.51499938964844,164.66000366210938,164.3300018310547,164.3300018310547,18092
2026-02-20 15:35:00,164.32000732421875,164.49000549316406,164.27999877929688,164.3000030517578,18816
2026-02-20 15:40:00,164.42999267578125,164.5,164.02000427246094,164.02000427246094,30705
2026-02-20 15:45:00,164.00999450683594,164.23500061035156,163.9949951171875,163.9949951171875,35138
2026-02-20 15:50:00,163.9832000732422,164.30859375,163.9550018310547,164.2100067138672,39887
2026-02-20 15:55:00,164.1699981689453,164.2050018310547,163.8800048828125,163.88499450683594,28443
2026-02-20 16:00:00,163.82000732421875,163.85499572753906,163.6042938232422,163.78500366210938,22604
2026-02-20 16:05:00,163.7899932861328,164.0500030517578,163.71499633789062,163.99000549316406,17812
2026-02-20 16:10:00,163.9949951171875,164.1649932861328,163.9499969482422,164.13999938964844,29848
2026-02-20 16:15:00,164.12620544433594,164.19000244140625,163.88999938964844,163.9149932861328,11682
2026-02-20 16:20:00,163.97999572753906,164.10000610351562,163.90499877929688,164.10000610351562,21769
2026-02-20 16:25:00,164.0399932861328,164.22999572753906,163.88999938964844,163.90499877929688,30739
2026-02-20 16:30:00,163.89999389648438,164.02369689941406,163.7899932861328,163.99000549316406,27033
2026-02-20 16:35:00,164.02999877929688,164.07000732421875,163.83999633789062,163.85499572753906,16051
2026-02-20 16:40:00,163.89999389648438,164.1300048828125,163.80999755859375,164.11000061035156,19198
2026-02-20 16:45:00,164.11000061035156,164.139892578125,163.94000244140625,164.0,15938
2026-02-20 16:50:00,163.9949951171875,164.25,163.9949951171875,164.22000122070312,16274
2026-02-20 16:55:00,164.2100067138672,164.27999877929688,164.13009643554688,164.2449951171875,17298
2026-02-20 17:00:00,164.24000549316406,164.34170532226562,164.0449981689453,164.0449981689453,7635
2026-02-20 17:05:00,164.03500366210938,164.0749969482422,163.89999389648438,163.94000244140625,12384
2026-02-20 17:10:00,163.91000366210938,163.91000366210938,163.6999969482422,163.8300018310547,20087
2026-02-20 17:15:00,163.84500122070312,163.9199981689453,163.77000427246094,163.8542022705078,25526
2026-02-20 17:20:00,163.8300018310547,163.8699951171875,163.75750732421875,163.80999755859375,18281
2026-02-20 17:25:00,163.8300018310547,164.09500122070312,163.8300018310547,163.91000366210938,17830
2026-02-20 17:30:00,163.90499877929688,163.94000244140625,163.7899932861328,163.8800048828125,21922
2026-02-20 17:35:00,163.9550018310547,163.97999572753906,163.77000427246094,163.77999877929688,13634
2026-02-20 17:40:00,163.7949981689453,164.02999877929688,163.75,163.97999572753906,17814
2026-02-20 17:45:00,163.9600067138672,164.13499450683594,163.9600067138672,164.02499389648438,25408
2026-02-20 17:50:00,164.00999450683594,164.1699981689453,163.99000549316406,164.06849670410156,20579
2026-02-20 17:55:00,164.05499267578125,164.10000610351562,163.90199279785156,163.90199279785156,21297
2026-02-20 18:00:00,163.9149932861328,163.97999572753906,163.81790161132812,163.91000366210938,15660
2026-02-20 18:05:00,163.91000366210938,163.9499969482422,163.8350067138672,163.86500549316406,11013
2026-02-20 18:10:00,163.83999633789062,164.14999389648438,163.75,164.13999938964844,16415
2026-02-20 18:15:00,164.13999938964844,164.1999969482422,164.0500030517578,164.13999938964844,13225
2026-02-20 18:20:00,164.13499450683594,164.2899932861328,164.1199951171875,164.22000122070312,17701
2026-02-20 18:25:00,164.30999755859375,164.4600067138672,164.2781982421875,164.38009643554688,7993
2026-02-20 18:30:00,164.41000366210938,164.6300048828125,164.36500549316406,164.4550018310547,20963
2026-02-20 18:35:00,164.5,164.50999450683594,164.3800048828125,164.4250030517578,16805
2026-02-20 18:40:00,164.41000366210938,164.52999877929688,164.32000732421875,164.32000732421875,12348
2026-02-20 18:45:00,164.30999755859375,164.36000061035156,164.1540985107422,164.16000366210938,18048
2026-02-20 18:50:00,164.17999267578125,164.22999572753906,164.02499389648438,164.22000122070312,16556
2026-02-20 18:55:00,164.2050018310547,164.22999572753906,164.0800018310547,164.22000122070312,12929
2026-02-20 19:00:00,164.22500610351562,164.4149932861328,164.19000244140625,164.3699951171875,13506
2026-02-20 19:05:00,164.36000061035156,164.47999572753906,164.30999755859375,164.44000244140625,16572
2026-02-20 19:10:00,164.44000244140625,164.44500732421875,164.33999633789062,164.42999267578125,12517
2026-02-20 19:15:00,164.4149932861328,164.47000122070312,164.32000732421875,164.3800048828125,10621
2026-02-20 19:20:00,164.39999389648438,164.47000122070312,164.30999755859375,164.39999389648438,8163
2026-02-20 19:25:00,164.38999938964844,164.61000061035156,164.38999938964844,164.5749969482422,14410
2026-02-20 19:30:00,164.60000610351562,164.7899932861328,164.60000610351562,164.7100067138672,20128
2026-02-20 19:35:00,164.69000244140625,164.7593994140625,164.64999389648438,164.6649932861328,11195
2026-02-20 19:40:00,164.67019653320312,164.6999969482422,164.48500061035156,164.5,13908
2026-02-20 19:45:00,164.49000549316406,164.49000549316406,164.2899932861328,164.32000732421875,14472
2026-02-20 19:50:00,164.30499267578125,164.4600067138672,164.30499267578125,164.3800048828125,13889
2026-02-20 19:55:00,164.36000061035156,164.6699981689453,164.36000061035156,164.64999389648438,12258
2026-02-20 20:00:00,164.66000366210938,164.8699951171875,164.66000366210938,164.85499572753906,16166
2026-02-20 20:05:00,164.86500549316406,164.89999389648438,164.67010498046875,164.7725067138672,14898
2026-02-20 20:10:00,164.75999450683594,164.86000061035156,164.74000549316406,164.78500366210938,23208
2026-02-20 20:15:00,164.78500366210938,164.78500366210938,164.61000061035156,164.6300048828125,21999
2026-02-20 20:20:00,164.64999389648438,164.73500061035156,164.64500427246094,164.66000366210938,18843
2026-02-20 20:25:00,164.65499877929688,164.69500732421875,164.4698944091797,164.52499389648438,25328
2026-02-20 20:30:00,164.52499389648438,164.6199951171875,164.3300018310547,164.61500549316406,38972
2026-02-20 20:35:00,164.57000732421875,164.6199951171875,164.4499969482422,164.49000549316406,16198
2026-02-20 20:40:00,164.49000549316406,164.7899932861328,164.3874969482422,164.76499938964844,61291
2026-02-20 20:45:00,164.7899932861328,164.8300018310547,164.67999267578125,164.8000030517578,58287
2026-02-20 20:50:00,164.82000732421875,164.96249389648438,164.66000366210938,164.7899932861328,63971
2026-02-20 20:55:00,164.77999877929688,164.9499969482422,164.75999450683594,164.94000244140625,1204690
2026-02-23 14:30:00,164.5,166.24989318847656,164.24000549316406,166.05999755859375,133103
2026-02-23 14:35:00,165.8699951171875,167.24000549316406,165.8699951171875,167.11000061035156,81356
2026-02-23 14:40:00,167.11819458007812,167.36000061035156,166.57000732421875,167.08999633789062,72696
2026-02-23 14:45:00,167.17999267578125,167.22900390625,166.14999389648438,166.38499450683594,60335
2026-02-23 14:50:00,166.38499450683594,166.71499633789062,166.3800048828125,166.57000732421875,23401
2026-02-23 14:55:00,166.5850067138672,167.3699951171875,166.5780029296875,167.0399932861328,85893
2026-02-23 15:00:00,167.05999755859375,167.26499938964844,166.77999877929688,167.02000427246094,66635
2026-02-23 15:05:00,167.0,167.3300018310547,166.88999938964844,166.9499969482422,47690
2026-02-23 15:10:00,166.8699951171875,166.9499969482422,166.6699981689453,166.75,52426
2026-02-23 15:15:00,166.75999450683594,167.0850067138672,166.74000549316406,166.92999267578125,41564
2026-02-23 15:20:00,166.9250030517578,167.07760620117188,166.64999389648438,166.75999450683594,54405
2026-02-23 15:25:00,166.67999267578125,166.8800048828125,166.61000061035156,166.84500122070312,364627
2026-02-23 15:30:00,166.86000061035156,166.88999938964844,166.57000732421875,166.72000122070312,0
2026-02-23 15:35:00,166.72500610351562,166.9199981689453,166.53500366210938,166.53500366210938,37597
2026-02-23 15:40:00,166.5749969482422,166.7899932861328,166.43409729003906,166.7075958251953,31301
2026-02-23 15:45:00,166.75,166.80999755859375,166.5500030517578,166.71499633789062,22484
2026-02-23 15:50:00,166.71499633789062,167.0800018310547,166.69000244140625,167.0399932861328,68135
2026-02-23 15:55:00,167.04049682617188,167.44000244140625,166.99000549316406,167.35499572753906,60875
2026-02-23 16:00:00,167.34500122070312,167.35000610351562,166.83709716796875,167.0,36299
2026-02-23 16:05:00,167.02999877929688,167.27000427246094,166.9600067138672,167.018798828125,36554
2026-02-23 16:10:00,167.0,167.16000366210938,166.89999389648438,167.1112060546875,26788
2026-02-23 16:15:00,167.22000122070312,167.42999267578125,167.19500732421875,167.2899932861328,24117
2026-02-23 16:20:00,167.3350067138672,167.44000244140625,167.09010314941406,167.1999969482422,33640
2026-02-23 16:25:00,167.1999969482422,167.32000732421875,166.9600067138672,167.11000061035156,60634
2026-02-23 16:30:00,167.2050018310547,167.30499267578125,167.07000732421875,167.1999969482422,39088
2026-02-23 16:35:00,167.18499755859375,167.33999633789062,167.1699981689453,167.2100067138672,28196
2026-02-23 16:40:00,167.22000122070312,167.5399932861328,167.19000244140625,167.375,562018
2026-02-23 16:45:00,167.375,167.52000427246094,167.3000030517578,167.4199981689453,0
2026-02-23 16:50:00,167.42999267578125,167.63999938964844,167.4199981689453,167.5399932861328,587687
2026-02-23 16:55:00,167.52000427246094,167.52000427246094,167.27999877929688,167.47000122070312,0
2026-02-23 17:00:00,167.47000122070312,167.57000732421875,167.31500244140625,167.52999877929688,26015
2026-02-23 17:05:00,167.52000427246094,167.64999389648438,167.5,167.5500030517578,33703
2026-02-23 17:10:00,167.5500030517578,167.6300048828125,167.36000061035156,167.36000061035156,19238
2026-02-23 17:15:00,167.41000366210938,167.4600067138672,167.19000244140625,167.375,19130
2026-02-23 17:20:00,167.3699951171875,167.4199981689453,167.22999572753906,167.25999450683594,19920
2026-02-23 17:25:00,167.19500732421875,167.22999572753906,167.0500030517578,167.1739959716797,25219
2026-02-23 17:30:00,167.14999389648438,167.14999389648438,166.86000061035156,166.96240234375,20045
2026-02-23 17:35:00,167.0,167.02000427246094,166.85000610351562,166.91000366210938,37524
2026-02-23 17:40:00,166.89999389648438,166.9600067138672,166.85000610351562,166.86000061035156,12663
2026-02-23 17:45:00,166.8699951171875,166.89999389648438,166.75660705566406,166.7899932861328,12949
2026-02-23 17:50:00,166.7899932861328,166.8300018310547,166.72999572753906,166.8300018310547,9054
2026-02-23 17:55:00,166.7899932861328,166.9499969482422,166.7899932861328,166.9199981689453,12305
2026-02-23 18:00:00,166.89500427246094,167.0,166.88999938964844,166.9600067138672,16294
2026-02-23 18:05:00,166.93499755859375,167.10000610351562,166.93499755859375,167.0,67891
2026-02-23 18:10:00,167.02000427246094,167.0449981689453,166.88009643554688,166.98500061035156,50040
2026-02-23 18:15:00,166.94000244140625,167.2050018310547,166.94000244140625,167.1750030517578,97820
2026-02-23 18:20:00,167.1750030517578,167.25999450683594,167.00999450683594,167.02999877929688,40318
2026-02-23 18:25:00,167.01400756835938,167.22999572753906,167.01400756835938,167.22999572753906,12822
2026-02-23 18:30:00,167.22999572753906,167.5,167.19000244140625,167.4600067138672,26618
2026-02-23 18:35:00,167.4199981689453,167.5399932861328,167.39999389648438,167.5352020263672,18053
2026-02-23 18:40:00,167.55499267578125,167.63499450683594,167.50999450683594,167.52999877929688,32584
2026-02-23 18:45:00,167.5800018310547,167.60879516601562,167.51980590820312,167.5399932861328,28290
2026-02-23 18:50:00,167.53500366210938,167.64500427246094,167.5,167.6300048828125,33875
2026-02-23 18:55:00,167.63999938964844,168.02999877929688,167.61000061035156,167.9499969482422,32678
2026-02-23 19:00:00,167.98500061035156,168.00999450683594,167.46499633789062,167.46499633789062,28865
2026-02-23 19:05:00,167.44000244140625,167.59500122070312,167.3800048828125,167.59500122070312,23303
2026-02-23 19:10:00,167.52999877929688,167.75,167.52999877929688,167.5800018310547,834925
2026-02-23 19:15:00,167.59500122070312,167.75999450683594,167.59500122070312,167.73190307617188,0
2026-02-23 19:20:00,167.7100067138672,167.84500122070312,167.63999938964844,167.77499389648438,22485
2026-02-23 19:25:00,167.77499389648438,167.85000610351562,167.72999572753906,167.77999877929688,16638
2026-02-23 19:30:00,167.77999877929688,167.82000732421875,167.4925994873047,167.61000061035156,19216
2026-02-23 19:35:00,167.610107421875,167.75,167.53109741210938,167.61500549316406,47113
2026-02-23 19:40:00,167.61500549316406,167.9149932861328,167.61500549316406,167.9149932861328,40011
2026-02-23 19:45:00,167.93089294433594,168.0800018310547,167.82000732421875,167.97000122070312,32869
2026-02-23 19:50:00,168.02999877929688,168.0500030517578,167.8699951171875,168.0,950843
2026-02-23 19:55:00,167.99000549316406,168.07009887695312,167.718505859375,167.84500122070312,0
2026-02-23 20:00:00,167.85499572753906,168.05999755859375,167.85499572753906,168.0,27018
2026-02-23 20:05:00,167.99000549316406,168.1199951171875,167.9705047607422,168.0850067138672,33255
2026-02-23 20:10:00,168.0850067138672,168.25999450683594,168.0500030517578,168.19500732421875,35307
2026-02-23 20:15:00,168.19500732421875,168.3300018310547,168.14999389648438,168.30499267578125,41411
2026-02-23 20:20:00,168.27999877929688,168.4199981689453,168.25999450683594,168.39999389648438,56896
2026-02-23 20:25:00,168.38999938964844,168.69000244140625,168.38999938964844,168.6199951171875,48294
2026-02-23 20:30:00,168.6649932861328,168.6750030517578,168.3699951171875,168.4199981689453,56092
2026-02-23 20:35:00,168.39500427246094,168.572998046875,168.375,168.41000366210938,48375
2026-02-23 20:40:00,168.41000366210938,168.48500061035156,168.30999755859375,168.48500061035156,44807
2026-02-23 20:45:00,168.48500061035156,168.66000366210938,168.39999389648438,168.65499877929688,62911
2026-02-23 20:50:00,168.66000366210938,168.80999755859375,168.2449951171875,168.3300018310547,132312
2026-02-23 20:55:00,168.32000732421875,168.3800048828125,168.11000061035156,168.3300018310547,308943
2026-02-24 14:30:00,168.27999877929688,169.74000549316406,168.14999389648438,169.24000549316406,180490
2026-02-24 14:35:00,169.2100067138672,169.6199951171875,168.42999267578125,168.50999450683594,80475
2026-02-24 14:40:00,168.5800018310547,168.6999969482422,167.8699951171875,167.97000122070312,50031
2026-02-24 14:45:00,168.08009338378906,169.07000732421875,167.7700958251953,168.88999938964844,39434
2026-02-24 14:50:00,168.89500427246094,169.3800048828125,168.8699951171875,169.05999755859375,31461
2026-02-24 14:55:00,169.22000122070312,169.78500366210938,169.2100067138672,169.47000122070312,58291
2026-02-24 15:00:00,169.47000122070312,169.63999938964844,168.9199981689453,169.17999267578125,40017
2026-02-24 15:05:00,169.2899932861328,169.5500030517578,169.1300048828125,169.375,42142
2026-02-24 15:10:00,169.47000122070312,169.47000122070312,168.99000549316406,169.22500610351562,36374
2026-02-24 15:15:00,169.2899932861328,169.318603515625,168.33999633789062,168.33999633789062,39848
2026-02-24 15:20:00,168.33999633789062,168.57000732421875,168.22000122070312,168.31500244140625,22225
2026-02-24 15:25:00,168.31500244140625,168.42999267578125,168.24000549316406,168.3000030517578,24491
2026-02-24 15:30:00,168.25999450683594,168.69000244140625,168.22000122070312,168.41000366210938,44344
2026-02-24 15:35:00,168.47000122070312,168.5299072265625,168.22000122070312,168.22000122070312,46869
2026-02-24 15:40:00,168.22999572753906,168.5850067138672,168.19000244140625,168.24000549316406,53645
2026-02-24 15:45:00,168.27000427246094,168.3300018310547,168.1699981689453,168.25999450683594,46747
2026-02-24 15:50:00,168.26499938964844,168.41000366210938,168.02830505371094,168.11000061035156,33304
2026-02-24 15:55:00,168.1199951171875,168.44500732421875,168.02999877929688,168.4149932861328,56015
2026-02-24 16:00:00,168.38999938964844,168.42999267578125,168.08999633789062,168.32000732421875,34153
2026-02-24 16:05:00,168.32569885253906,168.91000366210938,168.2362060546875,168.8699951171875,25616
2026-02-24 16:10:00,168.91000366210938,168.97000122070312,168.4600067138672,168.74000549316406,444958
2026-02-24 16:15:00,168.77999877929688,168.8000030517578,168.4600067138672,168.56500244140625,0
2026-02-24 16:20:00,168.5399932861328,168.6699981689453,168.1999969482422,168.32000732421875,23116
2026-02-24 16:25:00,168.2899932861328,168.3800048828125,167.97000122070312,168.0850067138672,40749
2026-02-24 16:30:00,168.05499267578125,168.32000732421875,168.05499267578125,168.19500732421875,25947
2026-02-24 16:35:00,168.19500732421875,168.31500244140625,168.01499938964844,168.08999633789062,40739
2026-02-24 16:40:00,168.1999969482422,168.2050018310547,168.0,168.08999633789062,493426
2026-02-24 16:45:00,168.10499572753906,168.3800048828125,168.0800018310547,168.3800048828125,0
2026-02-24 16:50:00,168.36000061035156,168.647705078125,168.36000061035156,168.42999267578125,14489
2026-02-24 16:55:00,168.47500610351562,168.64999389648438,168.47000122070312,168.5800018310547,13284
2026-02-24 17:00:00,168.6199951171875,168.73500061035156,168.52999877929688,168.7050018310547,13784
2026-02-24 17:05:00,168.73500061035156,168.7899932861328,168.44000244140625,168.48500061035156,16792
2026-02-24 17:10:00,168.52999877929688,168.6199951171875,168.46009826660156,168.5500030517578,13909
2026-02-24 17:15:00,168.5500030517578,168.72000122070312,168.4199981689453,168.6750030517578,20606
2026-02-24 17:20:00,168.69000244140625,168.77639770507812,168.52999877929688,168.5500030517578,20366
2026-02-24 17:25:00,168.5500030517578,168.74029541015625,168.3699951171875,168.64999389648438,14105
2026-02-24 17:30:00,168.6750030517578,168.75,168.5500030517578,168.625,28641
2026-02-24 17:35:00,168.58999633789062,168.6475067138672,168.39999389648438,168.6475067138672,30225
2026-02-24 17:40:00,168.61000061035156,168.66000366210938,168.3300018310547,168.3300018310547,56598
2026-02-24 17:45:00,168.3699951171875,168.38999938964844,168.27999877929688,168.32000732421875,12739
2026-02-24 17:50:00,168.32000732421875,168.36500549316406,168.24000549316406,168.27000427246094,12047
2026-02-24 17:55:00,168.3000030517578,168.42999267578125,168.3000030517578,168.36000061035156,19139
2026-02-24 18:00:00,168.31500244140625,168.38999938964844,168.27000427246094,168.3300018310547,18017
2026-02-24 18:05:00,168.4387969970703,168.5,168.4199981689453,168.47000122070312,20696
2026-02-24 18:10:00,168.42999267578125,168.57000732421875,168.42999267578125,168.47999572753906,11446
2026-02-24 18:15:00,168.50999450683594,168.5500030517578,168.42999267578125,168.4550018310547,12385
2026-02-24 18:20:00,168.4499969482422,168.5500030517578,168.39999389648438,168.47000122070312,15392
2026-02-24 18:25:00,168.4550018310547,168.5500030517578,168.41000366210938,168.44000244140625,11805
2026-02-24 18:30:00,168.42999267578125,168.61500549316406,168.38999938964844,168.60499572753906,21419
2026-02-24 18:35:00,168.6300048828125,168.7100067138672,168.57009887695312,168.6199951171875,25520
2026-02-24 18:40:00,168.68380737304688,168.68380737304688,168.4600067138672,168.5050048828125,25104
2026-02-24 18:45:00,168.5,168.55999755859375,168.47000122070312,168.5,21420
2026-02-24 18:50:00,168.52499389648438,168.7050018310547,168.5050048828125,168.5749969482422,22825
2026-02-24 18:55:00,168.5749969482422,168.72999572753906,168.47830200195312,168.55999755859375,17555
2026-02-24 19:00:00,168.5500030517578,168.5850067138672,168.4600067138672,168.47000122070312,639825
2026-02-24 19:05:00,168.4550018310547,168.52000427246094,168.3800048828125,168.48500061035156,0
2026-02-24 19:10:00,168.48500061035156,168.84930419921875,168.47000122070312,168.8000030517578,681637
2026-02-24 19:15:00,168.8300018310547,168.83999633789062,168.57000732421875,168.61500549316406,0
2026-02-24 19:20:00,168.61500549316406,168.71499633789062,168.61500549316406,168.64999389648438,13691
2026-02-24 19:25:00,168.6999969482422,168.77999877929688,168.5850067138672,168.6199951171875,17696
2026-02-24 19:30:00,168.61500549316406,168.64999389648438,168.4600067138672,168.4600067138672,20616
2026-02-24 19:35:00,168.47500610351562,168.52999877929688,168.38999938964844,168.50999450683594,13714
2026-02-24 19:40:00,168.49000549316406,168.58900451660156,168.44000244140625,168.58900451660156,27965
2026-02-24 19:45:00,168.59500122070312,168.65989685058594,168.50999450683594,168.51010131835938,25362
2026-02-24 19:50:00,168.4700927734375,168.5749969482422,168.44000244140625,168.52000427246094,12218
2026-02-24 19:55:00,168.5,168.64999389648438,168.47000122070312,168.56759643554688,44869
2026-02-24 20:00:00,168.56500244140625,168.7100067138672,168.48500061035156,168.6699981689453,24187
2026-02-24 20:05:00,168.6699981689453,168.70779418945312,168.59019470214844,168.7050018310547,27163
2026-02-24 20:10:00,168.67999267578125,168.74000549316406,168.5800018310547,168.6699981689453,36921
2026-02-24 20:15:00,168.66000366210938,168.69000244140625,168.5800018310547,168.64500427246094,738055
2026-02-24 20:20:00,168.6199951171875,168.7899932861328,168.60000610351562,168.66119384765625,0
2026-02-24 20:25:00,168.66000366210938,168.8350067138672,168.64999389648438,168.7449951171875,27903
2026-02-24 20:30:00,168.75,168.7899932861328,168.66000366210938,168.72999572753906,31619
2026-02-24 20:35:00,168.75,168.92999267578125,168.7100067138672,168.88499450683594,49003
2026-02-24 20:40:00,168.91000366210938,169.02999877929688,168.91000366210938,168.97999572753906,34870
2026-02-24 20:45:00,168.97999572753906,169.2100067138672,168.97999572753906,169.14999389648438,34941
2026-02-24 20:50:00,169.13999938964844,169.55999755859375,169.13999938964844,169.32000732421875,82772
2026-02-24 20:55:00,169.27999877929688,169.5800018310547,169.19000244140625,169.5469970703125,205762
2026-02-25 14:30:00,168.61000061035156,169.0800018310547,167.9199981689453,168.548095703125,143610
2026-02-25 14:35:00,168.52000427246094,169.0,168.4199981689453,168.7899932861328,80063
2026-02-25 14:40:00,168.7689971923828,168.7899932861328,168.22999572753906,168.34500122070312,46691
2026-02-25 14:45:00,168.3249969482422,168.47000122070312,167.82000732421875,167.89999389648438,54206
2026-02-25 14:50:00,167.94000244140625,167.99000549316406,166.90179443359375,166.90179443359375,45903
2026-02-25 14:55:00,166.86000061035156,166.88499450683594,166.0,166.2050018310547,60633
2026-02-25 15:00:00,166.2050018310547,166.8699951171875,166.2050018310547,166.5,38952
2026-02-25 15:05:00,166.5399932861328,167.3300018310547,166.52999877929688,167.1999969482422,276609
2026-02-25 15:10:00,167.1999969482422,167.52999877929688,167.17999267578125,167.44000244140625,0
2026-02-25 15:15:00,167.39999389648438,167.57000732421875,167.3300018310547,167.5,285963
2026-02-25 15:20:00,167.5,167.57000732421875,167.02999877929688,167.27000427246094,84696
2026-02-25 15:25:00,167.3249969482422,167.4282989501953,167.11000061035156,167.21499633789062,0
2026-02-25 15:30:00,167.2100067138672,167.67990112304688,167.1199951171875,167.5500030517578,41559
2026-02-25 15:35:00,167.61000061035156,167.83999633789062,167.52999877929688,167.80499267578125,20420
2026-02-25 15:40:00,167.80499267578125,167.80999755859375,167.4600067138672,167.6199951171875,72211
2026-02-25 15:45:00,167.6699981689453,168.05999755859375,167.50999450683594,168.01499938964844,43282
2026-02-25 15:50:00,168.01499938964844,168.14419555664062,167.92999267578125,168.10000610351562,39844
2026-02-25 15:55:00,168.1699981689453,168.32000732421875,168.1300048828125,168.25999450683594,23657
2026-02-25 16:00:00,168.2550048828125,168.53990173339844,168.2550048828125,168.30999755859375,20838
2026-02-25 16:05:00,168.36000061035156,168.64999389648438,168.33999633789062,168.55999755859375,443960
2026-02-25 16:10:00,168.58999633789062,168.72000122070312,168.5500030517578,168.69000244140625,0
2026-02-25 16:15:00,168.72000122070312,168.80999755859375,168.52000427246094,168.6199951171875,45603
2026-02-25 16:20:00,168.6199951171875,168.6199951171875,168.22000122070312,168.35000610351562,508700
2026-02-25 16:25:00,168.3350067138672,168.8300018310547,168.2969970703125,168.61000061035156,0
2026-02-25 16:30:00,168.60499572753906,168.66000366210938,168.41000366210938,168.64999389648438,516570
2026-02-25 16:35:00,168.66000366210938,168.77000427246094,168.5500030517578,168.6614990234375,0
2026-02-25 16:40:00,168.66000366210938,168.6699981689453,168.5,168.5850067138672,46632
2026-02-25 16:45:00,168.5850067138672,168.75,168.52000427246094,168.64500427246094,23809
2026-02-25 16:50:00,168.6999053955078,168.6999053955078,168.3699951171875,168.5500030517578,25440
2026-02-25 16:55:00,168.54010009765625,168.6699981689453,168.5,168.6300048828125,23743
2026-02-25 17:00:00,168.63999938964844,168.79100036621094,168.52999877929688,168.63909912109375,31625
2026-02-25 17:05:00,168.625,168.64999389648438,168.50999450683594,168.50999450683594,23524
2026-02-25 17:10:00,168.5,168.6199951171875,168.47000122070312,168.48500061035156,20507
2026-02-25 17:15:00,168.53500366210938,168.6199951171875,168.47000122070312,168.61500549316406,15929
2026-02-25 17:20:00,168.61500549316406,168.72999572753906,168.57000732421875,168.63499450683594,16257
2026-02-25 17:25:00,168.6199951171875,168.67889404296875,168.57000732421875,168.64999389648438,10418
2026-02-25 17:30:00,168.67999267578125,168.72999572753906,168.6300048828125,168.64500427246094,21087
2026-02-25 17:35:00,168.6199951171875,168.63999938964844,168.55999755859375,168.60670471191406,15104
2026-02-25 17:40:00,168.60000610351562,168.68499755859375,168.58999633789062,168.66000366210938,11936
2026-02-25 17:45:00,168.63999938964844,168.6999969482422,168.57000732421875,168.57510375976562,17143
2026-02-25 17:50:00,168.5749969482422,168.72000122070312,168.5,168.6699981689453,18152
2026-02-25 17:55:00,168.7100067138672,168.86000061035156,168.64999389648438,168.6649932861328,24254
2026-02-25 18:00:00,168.66000366210938,168.7100067138672,168.63999938964844,168.66000366210938,21722
2026-02-25 18:05:00,168.66000366210938,168.80499267578125,168.66000366210938,168.72000122070312,24821
2026-02-25 18:10:00,168.72000122070312,168.7364959716797,168.58999633789062,168.68719482421875,31193
2026-02-25 18:15:00,168.75999450683594,168.75999450683594,168.5500030517578,168.60499572753906,15684
2026-02-25 18:20:00,168.60000610351562,168.64999389648438,168.5399932861328,168.58999633789062,19673
2026-02-25 18:25:00,168.59500122070312,168.63999938964844,168.55999755859375,168.60499572753906,18443
2026-02-25 18:30:00,168.60499572753906,168.6199951171875,168.4403076171875,168.50750732421875,24111
2026-02-25 18:35:00,168.50509643554688,168.50509643554688,168.35000610351562,168.35000610351562,23093
2026-02-25 18:40:00,168.35000610351562,168.35000610351562,168.1300048828125,168.1343994140625,17460
2026-02-25 18:45:00,168.1699981689453,168.2100067138672,168.131103515625,168.13999938964844,17509
2026-02-25 18:50:00,168.22000122070312,168.35499572753906,168.1699981689453,168.3101043701172,13946
2026-02-25 18:55:00,168.30999755859375,168.35000610351562,168.25,168.27999877929688,16674
2026-02-25 19:00:00,168.25999450683594,168.41000366210938,168.25999450683594,168.38999938964844,12792
2026-02-25 19:05:00,168.3800048828125,168.4499053955078,168.31100463867188,168.38999938964844,19890
2026-02-25 19:10:00,168.3300018310547,168.35000610351562,168.1999969482422,168.2100067138672,31417
2026-02-25 19:15:00,168.2100067138672,168.25,168.0399932861328,168.0399932861328,25400
2026-02-25 19:20:00,168.0050048828125,168.2198944091797,167.98500061035156,168.13999938964844,25892
2026-02-25 19:25:00,168.13999938964844,168.32000732421875,168.110107421875,168.32000732421875,17308
2026-02-25 19:30:00,168.3000030517578,168.41000366210938,168.25999450683594,168.3800048828125,65232
2026-02-25 19:35:00,168.35699462890625,168.4949951171875,168.35699462890625,168.4949951171875,33920
2026-02-25 19:40:00,168.52000427246094,168.5850067138672,168.36839294433594,168.50999450683594,827454
2026-02-25 19:45:00,168.5399932861328,168.63999938964844,168.50999450683594,168.56500244140625,0
2026-02-25 19:50:00,168.58999633789062,168.75999450683594,168.5749969482422,168.72000122070312,32049
2026-02-25 19:55:00,168.71499633789062,168.85000610351562,168.71499633789062,168.83999633789062,35791
2026-02-25 20:00:00,168.82000732421875,168.89999389648438,168.6699981689453,168.74000549316406,31989
2026-02-25 20:05:00,168.75,168.89669799804688,168.71499633789062,168.74349975585938,34395
2026-02-25 20:10:00,168.72000122070312,168.78500366210938,168.52999877929688,168.55999755859375,50903
2026-02-25 20:15:00,168.55999755859375,168.9199981689453,168.5,168.88999938964844,71547
2026-02-25 20:20:00,168.88999938964844,169.02999877929688,168.77499389648438,168.91000366210938,987826
2026-02-25 20:25:00,168.92999267578125,168.9499969482422,168.52000427246094,168.58999633789062,0
2026-02-25 20:30:00,168.58999633789062,168.6999969482422,168.47999572753906,168.6999969482422,41377
2026-02-25 20:35:00,168.72500610351562,168.88999938964844,168.67999267578125,168.77000427246094,34586
2026-02-25 20:40:00,168.77499389648438,169.13999938964844,168.77499389648438,169.0399932861328,44042
2026-02-25 20:45:00,169.05999755859375,169.32000732421875,169.05999755859375,169.3000030517578,61275
2026-02-25 20:50:00,169.27999877929688,169.5,169.14999389648438,169.18499755859375,110715
2026-02-25 20:55:00,169.16000366210938,169.22000122070312,169.0,169.19000244140625,193567
2026-02-26 14:30:00,169.50999450683594,169.9499969482422,169.3000030517578,169.4550018310547,706782
2026-02-26 14:35:00,169.4499969482422,170.05999755859375,169.25,169.39999389648438,52359
2026-02-26 14:40:00,169.43820190429688,169.5399932861328,168.88999938964844,169.1300048828125,37728
2026-02-26 14:45:00,169.24000549316406,169.6199951171875,169.22000122070312,169.47999572753906,37870
2026-02-26 14:50:00,169.44000244140625,169.52000427246094,169.1199951171875,169.2949981689453,26702
2026-02-26 14:55:00,169.31129455566406,169.47999572753906,168.91000366210938,168.9199981689453,138398
2026-02-26 15:00:00,169.0050048828125,169.25,168.8300018310547,169.05999755859375,0
2026-02-26 15:05:00,169.11000061035156,169.15499877929688,168.6199951171875,168.7449951171875,33053
2026-02-26 15:10:00,168.7550048828125,168.89999389648438,168.64999389648438,168.69000244140625,27525
2026-02-26 15:15:00,168.7100067138672,168.9250030517578,168.50999450683594,168.84500122070312,27043
2026-02-26 15:20:00,168.84500122070312,169.14999389648438,168.77000427246094,169.09500122070312,47561
2026-02-26 15:25:00,169.14999389648438,169.17999267578125,169.02499389648438,169.0749969482422,23264
2026-02-26 15:30:00,169.0399932861328,169.19000244140625,168.77000427246094,169.18499755859375,24974
2026-02-26 15:35:00,169.18499755859375,169.18499755859375,168.39999389648438,168.49000549316406,25544
2026-02-26 15:40:00,168.50999450683594,168.58999633789062,168.27000427246094,168.27000427246094,255062
2026-02-26 15:45:00,168.31500244140625,168.73500061035156,168.22000122070312,168.4499969482422,0
2026-02-26 15:50:00,168.4499969482422,168.7550048828125,168.38999938964844,168.41000366210938,25781
2026-02-26 15:55:00,168.41000366210938,168.61500549316406,168.35000610351562,168.41000366210938,19432
2026-02-26 16:00:00,168.3300018310547,168.48500061035156,168.14999389648438,168.14999389648438,45291
2026-02-26 16:05:00,168.0500030517578,168.13999938964844,167.91000366210938,167.97999572753906,34366
2026-02-26 16:10:00,167.97000122070312,168.125,167.7899932861328,168.02999877929688,29627
2026-02-26 16:15:00,168.07000732421875,168.0800018310547,167.82000732421875,167.92999267578125,28924
2026-02-26 16:20:00,167.92999267578125,168.1300048828125,167.8699951171875,168.01499938964844,34775
2026-02-26 16:25:00,168.08999633789062,168.2899932861328,168.08749389648438,168.22999572753906,30765
2026-02-26 16:30:00,168.22000122070312,168.39999389648438,168.1199951171875,168.16000366210938,27364
2026-02-26 16:35:00,168.13499450683594,168.36000061035156,168.07000732421875,168.07000732421875,19017
2026-02-26 16:40:00,168.07000732421875,168.2100067138672,167.97000122070312,168.08999633789062,24725
2026-02-26 16:45:00,168.0449981689453,168.10000610351562,167.88999938964844,168.0749969482422,24932
2026-02-26 16:50:00,168.0749969482422,168.2100067138672,167.97000122070312,168.14149475097656,35551
2026-02-26 16:55:00,168.22000122070312,168.4499969482422,168.17999267578125,168.44000244140625,25606
2026-02-26 17:00:00,168.5399932861328,168.5399932861328,168.30999755859375,168.375,26382
2026-02-26 17:05:00,168.4149932861328,168.55999755859375,168.36000061035156,168.4250030517578,26577
2026-02-26 17:10:00,168.47000122070312,168.6199951171875,168.47000122070312,168.57000732421875,437841
2026-02-26 17:15:00,168.52000427246094,168.61000061035156,168.19000244140625,168.32000732421875,0
2026-02-26 17:20:00,168.35000610351562,168.38999938964844,168.08999633789062,168.125,16711
2026-02-26 17:25:00,168.13499450683594,168.1855926513672,168.0500030517578,168.17999267578125,14047
2026-02-26 17:30:00,168.22500610351562,168.22500610351562,168.0,168.1750030517578,25880
2026-02-26 17:35:00,168.17999267578125,168.30499267578125,168.1199951171875,168.1999969482422,19964
2026-02-26 17:40:00,168.2042999267578,168.2550048828125,168.11000061035156,168.22999572753906,25690
2026-02-26 17:45:00,168.2550048828125,168.3000030517578,168.19000244140625,168.19000244140625,12727
2026-02-26 17:50:00,168.17999267578125,168.375,168.11000061035156,168.3699951171875,20748
2026-02-26 17:55:00,168.39999389648438,168.49000549316406,168.30999755859375,168.32000732421875,16475
2026-02-26 18:00:00,168.35000610351562,168.47000122070312,168.3300018310547,168.46499633789062,21679
2026-02-26 18:05:00,168.51400756835938,168.52000427246094,168.41000366210938,168.4499969482422,16251
2026-02-26 18:10:00,168.42999267578125,168.67999267578125,168.42999267578125,168.6699981689453,34700
2026-02-26 18:15:00,168.66000366210938,168.6699981689453,168.36000061035156,168.36000061035156,20082
2026-02-26 18:20:00,168.3800048828125,168.49000549316406,168.3800048828125,168.38999938964844,16113
2026-02-26 18:25:00,168.3699951171875,168.4949951171875,168.3000030517578,168.48500061035156,15506
2026-02-26 18:30:00,168.4199981689453,168.44000244140625,168.32000732421875,168.39500427246094,16740
2026-02-26 18:35:00,168.39999389648438,168.49000549316406,168.35000610351562,168.35000610351562,17807
2026-02-26 18:40:00,168.2899932861328,168.5070037841797,168.22999572753906,168.47500610351562,16432
2026-02-26 18:45:00,168.44000244140625,168.5,168.38999938964844,168.47000122070312,11652
2026-02-26 18:50:00,168.4752960205078,168.5500030517578,168.42999267578125,168.5500030517578,12884
2026-02-26 18:55:00,168.57960510253906,168.65750122070312,168.50999450683594,168.6300048828125,39926
2026-02-26 19:00:00,168.64999389648438,168.7050018310547,168.52999877929688,168.6750030517578,111760
2026-02-26 19:05:00,168.6750030517578,168.6750030517578,168.49000549316406,168.49000549316406,44149
2026-02-26 19:10:00,168.47999572753906,168.47999572753906,168.28500366210938,168.35000610351562,15957
2026-02-26 19:15:00,168.35499572753906,168.54409790039062,168.30999755859375,168.52999877929688,19829
2026-02-26 19:20:00,168.57000732421875,168.57000732421875,168.2899932861328,168.4499969482422,20245
2026-02-26 19:25:00,168.38999938964844,168.61000061035156,168.3699951171875,168.52999877929688,28800
2026-02-26 19:30:00,168.5200958251953,168.5200958251953,168.2899932861328,168.39500427246094,13746
2026-02-26 19:35:00,168.41000366210938,168.5,168.38499450683594,168.38499450683594,15889
2026-02-26 19:40:00,168.39999389648438,168.39999389648438,168.1999969482422,168.3300018310547,25388
2026-02-26 19:45:00,168.3695068359375,168.4199981689453,168.25,168.4199981689453,21641
2026-02-26 19:50:00,168.4600067138672,168.4600067138672,168.13999938964844,168.13999938964844,14877
2026-02-26 19:55:00,168.13999938964844,168.22500610351562,168.08999633789062,168.19000244140625,34982
2026-02-26 20:00:00,168.22999572753906,168.26499938964844,168.19000244140625,168.23500061035156,18697
2026-02-26 20:05:00,168.25,168.30999755859375,168.19000244140625,168.2100067138672,23090
2026-02-26 20:10:00,168.17999267578125,168.2010040283203,167.74000549316406,167.8300018310547,49809
2026-02-26 20:15:00,167.86000061035156,167.86000061035156,167.55999755859375,167.58999633789062,34004
2026-02-26 20:20:00,167.64999389648438,167.6999969482422,167.50999450683594,167.55999755859375,66483
2026-02-26 20:25:00,167.57000732421875,167.62640380859375,167.47000122070312,167.53500366210938,52853
2026-02-26 20:30:00,167.53500366210938,167.60000610351562,167.39999389648438,167.5,66560
2026-02-26 20:35:00,167.50999450683594,167.50999450683594,167.3000030517578,167.3000030517578,56653
2026-02-26 20:40:00,167.3000030517578,167.47999572753906,167.27000427246094,167.4600067138672,55351
2026-02-26 20:45:00,167.46429443359375,167.5399932861328,167.35000610351562,167.375,54610
2026-02-26 20:50:00,167.35000610351562,167.4499969482422,167.16000366210938,167.41000366210938,142760
2026-02-26 20:55:00,167.38999938964844,167.6300048828125,167.35000610351562,167.55999755859375,238876
2026-02-27 14:30:00,168.36000061035156,168.72999572753906,167.82000732421875,168.19500732421875,190611
2026-02-27 14:35:00,168.19500732421875,168.77999877929688,168.19500732421875,168.4499969482422,41086
2026-02-27 14:40:00,168.47300720214844,169.39999389648438,168.4499969482422,169.3699951171875,46208
2026-02-27 14:45:00,169.27999877929688,169.30999755859375,168.6300048828125,168.66000366210938,45725
2026-02-27 14:50:00,168.6699981689453,169.0,168.47000122070312,168.8000030517578,54217
2026-02-27 14:55:00,168.80999755859375,168.8800048828125,168.60000610351562,168.75,16457
2026-02-27 15:00:00,168.7050018310547,168.8800048828125,168.4875946044922,168.52000427246094,43244
2026-02-27 15:05:00,168.52499389648438,168.6300048828125,168.32000732421875,168.44000244140625,50147
2026-02-27 15:10:00,168.32049560546875,168.48500061035156,167.9600067138672,168.27499389648438,52283
2026-02-27 15:15:00,168.35000610351562,168.61500549316406,168.2100067138672,168.38999938964844,272954
2026-02-27 15:20:00,168.4199981689453,168.57000732421875,168.14999389648438,168.1999969482422,0
2026-02-27 15:25:00,168.3300018310547,168.49000549316406,168.22999572753906,168.46499633789062,30485
2026-02-27 15:30:00,168.4199981689453,168.57989501953125,168.22000122070312,168.33999633789062,26178
2026-02-27 15:35:00,168.3800048828125,168.47000122070312,168.27999877929688,168.47000122070312,25279
2026-02-27 15:40:00,168.5,168.83999633789062,168.5,168.6300048828125,348883
2026-02-27 15:45:00,168.6300048828125,168.7100067138672,168.50999450683594,168.55499267578125,0
2026-02-27 15:50:00,168.5800018310547,168.75999450683594,168.52999877929688,168.69500732421875,29544
2026-02-27 15:55:00,168.72999572753906,168.8699951171875,168.67999267578125,168.7449951171875,19020
2026-02-27 16:00:00,168.83999633789062,168.83999633789062,168.5800018310547,168.5800018310547,13388
2026-02-27 16:05:00,168.61000061035156,168.86000061035156,168.55999755859375,168.77999877929688,55954
2026-02-27 16:10:00,168.82000732421875,168.94000244140625,168.6999969482422,168.75,33914
2026-02-27 16:15:00,168.7899932861328,168.9550018310547,168.610107421875,168.9550018310547,20816
2026-02-27 16:20:00,169.0,169.1699981689453,169.0,169.0,29313
2026-02-27 16:25:00,168.92999267578125,169.0,168.80999755859375,168.82879638671875,20170
2026-02-27 16:30:00,168.8000030517578,168.80499267578125,168.66000366210938,168.72000122070312,24184
2026-02-27 16:35:00,168.74000549316406,168.76499938964844,168.6699981689453,168.71499633789062,20928
2026-02-27 16:40:00,168.697998046875,168.8300018310547,168.6199951171875,168.80999755859375,26886
2026-02-27 16:45:00,168.77999877929688,168.89999389648438,168.77999877929688,168.8800048828125,30379
2026-02-27 16:50:00,168.85009765625,169.2050018310547,168.85009765625,169.2050018310547,69361
2026-02-27 16:55:00,169.14999389648438,169.1999969482422,169.02999877929688,169.0500030517578,36556
2026-02-27 17:00:00,169.1300048828125,169.15499877929688,168.99000549316406,169.0399932861328,25107
2026-02-27 17:05:00,169.0800018310547,169.36500549316406,169.0800018310547,169.35499572753906,15593
2026-02-27 17:10:00,169.35499572753906,169.55999755859375,169.35499572753906,169.52000427246094,49599
2026-02-27 17:15:00,169.52000427246094,169.52499389648438,169.25999450683594,169.28500366210938,23349
2026-02-27 17:20:00,169.27000427246094,169.32980346679688,169.22030639648438,169.27000427246094,14525
2026-02-27 17:25:00,169.27499389648438,169.32000732421875,169.1699981689453,169.2899932861328,16450
2026-02-27 17:30:00,169.25999450683594,169.3699951171875,169.20010375976562,169.3300018310547,68222
2026-02-27 17:35:00,169.36000061035156,169.52999877929688,169.36000061035156,169.47500610351562,28943
2026-02-27 17:40:00,169.4600067138672,169.50999450683594,169.24000549316406,169.2449951171875,14542
2026-02-27 17:45:00,169.22500610351562,169.27859497070312,169.1199951171875,169.1199951171875,17959
2026-02-27 17:50:00,169.1750030517578,169.31500244140625,169.1199951171875,169.31500244140625,646308
2026-02-27 17:55:00,169.3249969482422,169.3300018310547,169.19000244140625,169.22999572753906,0
2026-02-27 18:00:00,169.22250366210938,169.2899932861328,169.13999938964844,169.16000366210938,14802
2026-02-27 18:05:00,169.19500732421875,169.2100067138672,169.0399932861328,169.16000366210938,15680
2026-02-27 18:10:00,169.1699981689453,169.49000549316406,169.1699981689453,169.41000366210938,36221
2026-02-27 18:15:00,169.43499755859375,169.52999877929688,169.43499755859375,169.50999450683594,14430
2026-02-27 18:20:00,169.50999450683594,169.5749969482422,169.4199981689453,169.48500061035156,13642
2026-02-27 18:25:00,169.57989501953125,169.6999969482422,169.4600067138672,169.66000366210938,27674
2026-02-27 18:30:00,169.66000366210938,169.69000244140625,169.47000122070312,169.5,9407
2026-02-27 18:35:00,169.49000549316406,169.63999938964844,169.38999938964844,169.5399932861328,11755
2026-02-27 18:40:00,169.5399932861328,169.55999755859375,169.5,169.55499267578125,17974
2026-02-27 18:45:00,169.5500030517578,169.72999572753906,169.50999450683594,169.6199951171875,11581
2026-02-27 18:50:00,169.57000732421875,169.86990356445312,169.5500946044922,169.75999450683594,34850
2026-02-27 18:55:00,169.7799072265625,169.8000030517578,169.38999938964844,169.47869873046875,16481
2026-02-27 19:00:00,169.4199981689453,169.60000610351562,169.38999938964844,169.5800018310547,19074
2026-02-27 19:05:00,169.5800018310547,169.69000244140625,169.5800018310547,169.6199951171875,18017
2026-02-27 19:10:00,169.59500122070312,169.66940307617188,169.57000732421875,169.6199951171875,16092
2026-02-27 19:15:00,169.6199951171875,169.6199951171875,169.4199981689453,169.4499969482422,18801
2026-02-27 19:20:00,169.5,169.61500549316406,169.4499969482422,169.49000549316406,12969
2026-02-27 19:25:00,169.48500061035156,169.60499572753906,169.44000244140625,169.5399932861328,19454
2026-02-27 19:30:00,169.53640747070312,169.56500244140625,169.29010009765625,169.3350067138672,21029
2026-02-27 19:35:00,169.3699951171875,169.5,169.3249969482422,169.4600067138672,19426
2026-02-27 19:40:00,169.49000549316406,169.5399932861328,169.34010314941406,169.42999267578125,25963
2026-02-27 19:45:00,169.44000244140625,169.47000122070312,169.3800048828125,169.43490600585938,17388
2026-02-27 19:50:00,169.44000244140625,169.44000244140625,169.2899932861328,169.2899932861328,19660
2026-02-27 19:55:00,169.2899932861328,169.3300018310547,169.08999633789062,169.19000244140625,32898
2026-02-27 20:00:00,169.19000244140625,169.30999755859375,169.19000244140625,169.27499389648438,36009
2026-02-27 20:05:00,169.27499389648438,169.35499572753906,169.19000244140625,169.31500244140625,24387
2026-02-27 20:10:00,169.31500244140625,169.49000549316406,169.31500244140625,169.32000732421875,21457
2026-02-27 20:15:00,169.31500244140625,169.39999389648438,169.25,169.39999389648438,28204
2026-02-27 20:20:00,169.39999389648438,169.58999633789062,169.39999389648438,169.56500244140625,38107
2026-02-27 20:25:00,169.5800018310547,169.85009765625,169.5800018310547,169.76499938964844,40974
2026-02-27 20:30:00,169.75,169.86000061035156,169.69000244140625,169.76499938964844,40168
2026-02-27 20:35:00,169.77999877929688,169.7949981689453,169.44000244140625,169.61000061035156,40667
2026-02-27 20:40:00,169.58999633789062,169.86000061035156,169.53500366210938,169.86000061035156,50049
2026-02-27 20:45:00,169.86500549316406,170.0,169.77999877929688,169.8350067138672,107955
2026-02-27 20:50:00,169.85000610351562,170.27999877929688,169.4600067138672,169.5500030517578,204170
2026-02-27 20:55:00,169.58999633789062,169.8300018310547,169.38999938964844,169.72999572753906,308417
2026-03-02 14:30:00,169.10000610351562,169.5399932861328,168.44740295410156,168.44740295410156,196873
2026-03-02 14:35:00,168.55499267578125,168.8699951171875,167.75,168.30999755859375,53887
2026-03-02 14:40:00,168.32949829101562,168.5399932861328,167.92999267578125,168.44500732421875,41440
2026-03-02 14:45:00,168.5399932861328,168.92999267578125,168.39529418945312,168.61500549316406,47407
2026-03-02 14:50:00,168.64999389648438,168.8614044189453,168.19000244140625,168.55499267578125,32734
2026-03-02 14:55:00,168.5800018310547,168.97000122070312,168.34500122070312,168.8699951171875,31196
2026-03-02 15:00:00,168.90499877929688,169.35000610351562,168.77499389648438,169.02499389648438,42244
2026-03-02 15:05:00,169.0,169.0,168.38999938964844,168.41000366210938,31702
2026-03-02 15:10:00,168.4600067138672,168.61920166015625,168.19500732421875,168.5500030517578,36637
2026-03-02 15:15:00,168.61000061035156,169.1999969482422,168.57000732421875,169.1199951171875,37735
2026-03-02 15:20:00,169.1199951171875,169.25999450683594,168.80999755859375,169.21499633789062,64635
2026-03-02 15:25:00,169.22000122070312,169.22000122070312,168.52000427246094,168.8699951171875,65499
2026-03-02 15:30:00,168.875,169.1300048828125,168.72000122070312,169.07000732421875,28502
2026-03-02 15:35:00,169.07000732421875,169.3300018310547,169.02000427246094,169.1300048828125,33715
2026-03-02 15:40:00,169.18499755859375,169.1999969482422,168.51010131835938,168.60000610351562,19574
2026-03-02 15:45:00,168.60499572753906,168.8000030517578,168.50999450683594,168.64999389648438,28893
2026-03-02 15:50:00,168.69000244140625,168.7100067138672,168.24000549316406,168.24000549316406,32960
2026-03-02 15:55:00,168.25999450683594,168.27999877929688,168.0500030517578,168.1300048828125,32558
2026-03-02 16:00:00,168.11500549316406,168.25999450683594,168.0449981689453,168.16000366210938,35519
2026-03-02 16:05:00,168.1649932861328,168.38510131835938,167.92999267578125,168.07000732421875,436620
2026-03-02 16:10:00,168.0749969482422,168.30999755859375,167.92999267578125,168.22999572753906,0
2026-03-02 16:15:00,168.24000549316406,168.24000549316406,167.86000061035156,167.96499633789062,26672
2026-03-02 16:20:00,167.97999572753906,168.1999969482422,167.89999389648438,168.02999877929688,27524
2026-03-02 16:25:00,168.02259826660156,168.07000732421875,167.88999938964844,167.90499877929688,19788
2026-03-02 16:30:00,167.90499877929688,167.9499969482422,167.58009338378906,167.64999389648438,513644
2026-03-02 16:35:00,167.6649932861328,167.6649932861328,167.3300018310547,167.3300018310547,0
2026-03-02 16:40:00,167.3699951171875,167.6699981689453,167.3603973388672,167.50999450683594,26252
2026-03-02 16:45:00,167.5605010986328,167.5800018310547,167.41000366210938,167.47000122070312,28627
2026-03-02 16:50:00,167.47999572753906,167.75,167.3000030517578,167.4250030517578,28055
2026-03-02 16:55:00,167.49000549316406,167.55999755859375,167.24000549316406,167.3350067138672,13077
2026-03-02 17:00:00,167.3699951171875,167.6300048828125,167.3699951171875,167.58999633789062,57732
2026-03-02 17:05:00,167.63259887695312,167.66990661621094,167.3699951171875,167.3699951171875,588315
2026-03-02 17:10:00,167.3699951171875,167.52999877929688,167.2899932861328,167.44000244140625,0
2026-03-02 17:15:00,167.43499755859375,167.61500549316406,167.3800048828125,167.47999572753906,21814
2026-03-02 17:20:00,167.51499938964844,167.57000732421875,167.36000061035156,167.55999755859375,19745
2026-03-02 17:25:00,167.5800018310547,167.7100067138672,167.55999755859375,167.61000061035156,13589
2026-03-02 17:30:00,167.64999389648438,167.6999969482422,167.5500030517578,167.5500030517578,17639
2026-03-02 17:35:00,167.58999633789062,167.80999755859375,167.5500030517578,167.7050018310547,17614
2026-03-02 17:40:00,167.7449951171875,167.94920349121094,167.7449951171875,167.9199981689453,14720
2026-03-02 17:45:00,167.91000366210938,168.02999877929688,167.82009887695312,167.86500549316406,43507
2026-03-02 17:50:00,167.875,168.02999877929688,167.83999633789062,168.02000427246094,17939
2026-03-02 17:55:00,168.02000427246094,168.05999755859375,167.8300018310547,167.94000244140625,18532
2026-03-02 18:00:00,167.94000244140625,168.0,167.75999450683594,167.78500366210938,22700
2026-03-02 18:05:00,167.78500366210938,167.80999755859375,167.52999877929688,167.55999755859375,18031
2026-03-02 18:10:00,167.55999755859375,167.61000061035156,167.41000366210938,167.52999877929688,17689
2026-03-02 18:15:00,167.53700256347656,167.65989685058594,167.4250030517578,167.5500030517578,16993
2026-03-02 18:20:00,167.5,167.5800018310547,167.45179748535156,167.52999877929688,11057
2026-03-02 18:25:00,167.5500030517578,167.72000122070312,167.5500030517578,167.7100067138672,691401
2026-03-02 18:30:00,167.67999267578125,167.71180725097656,167.38999938964844,167.52999877929688,0
2026-03-02 18:35:00,167.5500030517578,167.55999755859375,167.41000366210938,167.55999755859375,15310
2026-03-02 18:40:00,167.5800018310547,167.58999633789062,167.34010314941406,167.38999938964844,12291
2026-03-02 18:45:00,167.40499877929688,167.47000122070312,167.27999877929688,167.40499877929688,20267
2026-03-02 18:50:00,167.43499755859375,167.4600067138672,167.2819061279297,167.375,18478
2026-03-02 18:55:00,167.375,167.41000366210938,167.2899932861328,167.38499450683594,26092
2026-03-02 19:00:00,167.35000610351562,167.3699951171875,167.13999938964844,167.25999450683594,20602
2026-03-02 19:05:00,167.27000427246094,167.47000122070312,167.25999450683594,167.42999267578125,29879
2026-03-02 19:10:00,167.41000366210938,167.72000122070312,167.41000366210938,167.67010498046875,20748
2026-03-02 19:15:00,167.72000122070312,167.8699951171875,167.64999389648438,167.84500122070312,14408
2026-03-02 19:20:00,167.8300018310547,167.97999572753906,167.8300018310547,167.93499755859375,13099
2026-03-02 19:25:00,167.9355926513672,168.10000610351562,167.91000366210938,168.07000732421875,15854
2026-03-02 19:30:00,168.08999633789062,168.3000030517578,168.08999633789062,168.3000030517578,14633
2026-03-02 19:35:00,168.25,168.32000732421875,168.0800018310547,168.1374969482422,28742
2026-03-02 19:40:00,168.11000061035156,168.1300048828125,168.0399932861328,168.0706024169922,15620
2026-03-02 19:45:00,168.1300048828125,168.20700073242188,168.0500030517578,168.0500030517578,15989
2026-03-02 19:50:00,168.06500244140625,168.2949981689453,168.06500244140625,168.27000427246094,18590
2026-03-02 19:55:00,168.27499389648438,168.36000061035156,168.19000244140625,168.19000244140625,24220
2026-03-02 20:00:00,168.1999969482422,168.49000549316406,168.1999969482422,168.38999938964844,1265744
2026-03-02 20:05:00,168.35000610351562,168.4199981689453,167.80999755859375,167.83999633789062,175687
2026-03-02 20:10:00,167.7899932861328,167.85000610351562,167.47000122070312,167.5050048828125,44158
2026-03-02 20:15:00,167.50509643554688,167.73500061035156,167.41000366210938,167.53829956054688,47318
2026-03-02 20:20:00,167.4550018310547,167.65499877929688,167.36000061035156,167.5500030517578,39627
2026-03-02 20:25:00,167.5850067138672,167.75250244140625,167.47000122070312,167.66000366210938,40635
2026-03-02 20:30:00,167.66000366210938,167.72000122070312,167.5500030517578,167.72000122070312,42735
2026-03-02 20:35:00,167.6999969482422,167.9499969482422,167.6999969482422,167.91000366210938,36745
2026-03-02 20:40:00,167.9149932861328,168.05999755859375,167.9149932861328,168.03500366210938,52278
2026-03-02 20:45:00,168.02999877929688,168.2050018310547,168.00999450683594,168.02000427246094,80282
2026-03-02 20:50:00,168.02000427246094,168.02000427246094,167.64999389648438,167.69000244140625,126739
2026-03-02 20:55:00,167.66000366210938,167.68499755859375,167.16000366210938,167.25999450683594,426020
2026-03-03 14:30:00,166.5399932861328,166.6300048828125,165.63999938964844,166.47999572753906,360179
2026-03-03 14:35:00,166.4199981689453,167.22000122070312,166.2301025390625,166.74000549316406,84808
2026-03-03 14:40:00,166.84840393066406,166.84840393066406,166.0800018310547,166.11000061035156,41023
2026-03-03 14:45:00,166.3000030517578,166.69000244140625,166.0800018310547,166.19500732421875,57065
2026-03-03 14:50:00,166.19500732421875,166.72000122070312,165.94000244140625,166.08999633789062,109751
2026-03-03 14:55:00,166.16000366210938,166.47999572753906,165.14830017089844,165.42999267578125,98348
2026-03-03 15:00:00,165.47000122070312,165.72999572753906,165.0,165.14500427246094,79070
2026-03-03 15:05:00,165.1374969482422,165.5399932861328,165.11000061035156,165.16000366210938,45430
2026-03-03 15:10:00,165.32000732421875,165.60000610351562,165.00999450683594,165.1699981689453,50595
2026-03-03 15:15:00,165.1699981689453,165.235107421875,164.75,164.9499969482422,42546
2026-03-03 15:20:00,164.94000244140625,165.69000244140625,164.94000244140625,165.6199951171875,33097
2026-03-03 15:25:00,165.64999389648438,165.97999572753906,165.61000061035156,165.97999572753906,42106
2026-03-03 15:30:00,165.9550018310547,166.02000427246094,165.4499969482422,165.5,61251
2026-03-03 15:35:00,165.55999755859375,165.75999450683594,165.44000244140625,165.51499938964844,41369
2026-03-03 15:40:00,165.47000122070312,166.0449981689453,165.4499969482422,165.69000244140625,31741
2026-03-03 15:45:00,165.77000427246094,165.7949981689453,165.3350067138672,165.57000732421875,42646
2026-03-03 15:50:00,165.5,165.77999877929688,165.42999267578125,165.76499938964844,32528
2026-03-03 15:55:00,165.76499938964844,165.9199981689453,165.64999389648438,165.64999389648438,42104
2026-03-03 16:00:00,165.65499877929688,165.7863006591797,165.49000549316406,165.66000366210938,53714
2026-03-03 16:05:00,165.7100067138672,165.75,165.3000030517578,165.3000030517578,56141
2026-03-03 16:10:00,165.47000122070312,165.82000732421875,165.35000610351562,165.63499450683594,33502
2026-03-03 16:15:00,165.6999969482422,165.88999938964844,165.39999389648438,165.39999389648438,43304
2026-03-03 16:20:00,165.3000030517578,165.39500427246094,164.8800048828125,164.98500061035156,53002
2026-03-03 16:25:00,164.98500061035156,165.0500030517578,164.58999633789062,164.6999969482422,61569
2026-03-03 16:30:00,164.6699981689453,164.73500061035156,164.11000061035156,164.1300048828125,54365
2026-03-03 16:35:00,164.16000366210938,164.39999389648438,163.94039916992188,164.17990112304688,94721
2026-03-03 16:40:00,164.0850067138672,164.16000366210938,163.6699981689453,163.76499938964844,92807
2026-03-03 16:45:00,163.7550048828125,164.07000732421875,163.6699981689453,163.93499755859375,46449
2026-03-03 16:50:00,163.97999572753906,164.0800018310547,163.8699951171875,163.96499633789062,46365
2026-03-03 16:55:00,163.92999267578125,164.1999969482422,163.88499450683594,164.09500122070312,46745
2026-03-03 17:00:00,164.09500122070312,164.50999450683594,164.09500122070312,164.3699951171875,76597
2026-03-03 17:05:00,164.41000366210938,164.58999633789062,164.25,164.52000427246094,50458
2026-03-03 17:10:00,164.5,165.0,164.5,164.91000366210938,36930
2026-03-03 17:15:00,164.97999572753906,165.1300048828125,164.7899932861328,165.0800018310547,50171
2026-03-03 17:20:00,165.09500122070312,165.34039306640625,165.0399932861328,165.25,25439
2026-03-03 17:25:00,165.19500732421875,165.22999572753906,164.89999389648438,165.1649932861328,50907
2026-03-03 17:30:00,165.20700073242188,165.2899932861328,164.89999389648438,164.97000122070312,31404
2026-03-03 17:35:00,164.89999389648438,165.1199951171875,164.8350067138672,165.00999450683594,47472
2026-03-03 17:40:00,165.0449981689453,165.25999450683594,164.9199981689453,165.22000122070312,28752
2026-03-03 17:45:00,165.2050018310547,165.24000549316406,165.0500030517578,165.10000610351562,24574
2026-03-03 17:50:00,165.07479858398438,165.13999938964844,164.63999938964844,164.64999389648438,29220
2026-03-03 17:55:00,164.6199951171875,164.72000122070312,164.53500366210938,164.5800018310547,29941
2026-03-03 18:00:00,164.5500030517578,164.6699981689453,164.4199981689453,164.52000427246094,25115
2026-03-03 18:05:00,164.57000732421875,164.7949981689453,164.57000732421875,164.66299438476562,27135
2026-03-03 18:10:00,164.71499633789062,164.77000427246094,164.47500610351562,164.52499389648438,24106
2026-03-03 18:15:00,164.52999877929688,164.69500732421875,164.47999572753906,164.59500122070312,28369
2026-03-03 18:20:00,164.59500122070312,164.8000030517578,164.5500030517578,164.8000030517578,33451
2026-03-03 18:25:00,164.80999755859375,165.0800018310547,164.80999755859375,164.94000244140625,28644
2026-03-03 18:30:00,164.9300994873047,165.02999877929688,164.67999267578125,164.89999389648438,54310
2026-03-03 18:35:00,164.92999267578125,165.08999633789062,164.8699951171875,165.0500030517578,27414
2026-03-03 18:40:00,165.0800018310547,165.22999572753906,165.05020141601562,165.22000122070312,27020
2026-03-03 18:45:00,165.17999267578125,165.30999755859375,165.14999389648438,165.3000030517578,24469
2026-03-03 18:50:00,165.30999755859375,165.56900024414062,165.30999755859375,165.50999450683594,24935
2026-03-03 18:55:00,165.53500366210938,165.65499877929688,165.5,165.58999633789062,45255
2026-03-03 19:00:00,165.61000061035156,165.61000061035156,165.25999450683594,165.25999450683594,34285
2026-03-03 19:05:00,165.28500366210938,165.32000732421875,165.07000732421875,165.2899932861328,40015
2026-03-03 19:10:00,165.27000427246094,165.44000244140625,165.27000427246094,165.40499877929688,23933
2026-03-03 19:15:00,165.4199981689453,165.5399932861328,165.3159942626953,165.5399932861328,23796
2026-03-03 19:20:00,165.5399932861328,165.6999969482422,165.47999572753906,165.50999450683594,28152
2026-03-03 19:25:00,165.5800018310547,165.64999389648438,165.47239685058594,165.52000427246094,22057
2026-03-03 19:30:00,165.50999450683594,165.6300048828125,165.22000122070312,165.2238006591797,30520
2026-03-03 19:35:00,165.1699981689453,165.35000610351562,165.11000061035156,165.2550048828125,46578
2026-03-03 19:40:00,165.30999755859375,165.56500244140625,165.22000122070312,165.4199981689453,35531
2026-03-03 19:45:00,165.41000366210938,165.60000610351562,165.3000030517578,165.50999450683594,44774
2026-03-03 19:50:00,165.47000122070312,165.6649932861328,165.36500549316406,165.4949951171875,30021
2026-03-03 19:55:00,165.4499969482422,165.49000549316406,165.1199951171875,165.1699981689453,31309
2026-03-03 20:00:00,165.1199951171875,165.3000030517578,165.10000610351562,165.13999938964844,28883
2026-03-03 20:05:00,165.11000061035156,165.2698974609375,165.10000610351562,165.22999572753906,32412
2026-03-03 20:10:00,165.22000122070312,165.22000122070312,165.05999755859375,165.10000610351562,53756
2026-03-03 20:15:00,165.10000610351562,165.6199951171875,165.07000732421875,165.61000061035156,53475
2026-03-03 20:20:00,165.58999633789062,165.80999755859375,165.58999633789062,165.71499633789062,83221
2026-03-03 20:25:00,165.6699981689453,165.8800048828125,165.66000366210938,165.8000030517578,50980
2026-03-03 20:30:00,165.80999755859375,166.13999938964844,165.8054962158203,166.07000732421875,55418
2026-03-03 20:35:00,166.10000610351562,166.22999572753906,166.05999755859375,166.10000610351562,51118
2026-03-03 20:40:00,166.05999755859375,166.07000732421875,165.85000610351562,165.85499572753906,35848
2026-03-03 20:45:00,165.86000061035156,165.97999572753906,165.5,165.53500366210938,53412
2026-03-03 20:50:00,165.38999938964844,165.52999877929688,165.00999450683594,165.0500030517578,123573
2026-03-03 20:55:00,164.99000549316406,165.0749969482422,164.8000030517578,164.89999389648438,317399
2026-03-04 14:30:00,165.0399932861328,165.92999267578125,164.85000610351562,165.4199981689453,175866
2026-03-04 14:35:00,165.42999267578125,165.44000244140625,164.5,164.75999450683594,80357
2026-03-04 14:40:00,164.7967071533203,164.86000061035156,164.0800018310547,164.53500366210938,83675
2026-03-04 14:45:00,164.5500030517578,164.63999938964844,164.16000366210938,164.4499969482422,61447
2026-03-04 14:50:00,164.44500732421875,164.4600067138672,163.97999572753906,164.35000610351562,47079
2026-03-04 14:55:00,164.3699951171875,164.3699951171875,163.88999938964844,164.25,37451
2026-03-04 15:00:00,164.25,164.25999450683594,163.83999633789062,163.83999633789062,46400
2026-03-04 15:05:00,163.83999633789062,164.31500244140625,163.8000030517578,164.2100067138672,44107
2026-03-04 15:10:00,164.25999450683594,164.4842987060547,163.8699951171875,163.9600067138672,37543
2026-03-04 15:15:00,163.9600067138672,164.39500427246094,163.91000366210938,164.39500427246094,41952
2026-03-04 15:20:00,164.3800048828125,164.45249938964844,164.0800018310547,164.1199951171875,28877
2026-03-04 15:25:00,164.07000732421875,164.1199951171875,163.9499969482422,164.03500366210938,26010
2026-03-04 15:30:00,164.0800018310547,164.14999389648438,163.66000366210938,163.73500061035156,44341
2026-03-04 15:35:00,163.73500061035156,163.91000366210938,163.38999938964844,163.38999938964844,76563
2026-03-04 15:40:00,163.3699951171875,163.81500244140625,163.3699951171875,163.81500244140625,29221
2026-03-04 15:45:00,163.82000732421875,163.9600067138672,163.60000610351562,163.60000610351562,73056
2026-03-04 15:50:00,163.5399932861328,164.1750030517578,163.52000427246094,164.14999389648438,43680
2026-03-04 15:55:00,164.13999938964844,164.27999877929688,163.9600067138672,164.02000427246094,39003
2026-03-04 16:00:00,164.02000427246094,164.1649932861328,163.9199981689453,164.0800018310547,34596
2026-03-04 16:05:00,164.1999969482422,164.41000366210938,164.1999969482422,164.3699951171875,36059
2026-03-04 16:10:00,164.42999267578125,164.44000244140625,164.22000122070312,164.32000732421875,46165
2026-03-04 16:15:00,164.33999633789062,164.42770385742188,164.14999389648438,164.1999969482422,32823
2026-03-04 16:20:00,164.19000244140625,164.19000244140625,163.77000427246094,163.88999938964844,63067
2026-03-04 16:25:00,164.02000427246094,164.02999877929688,163.55999755859375,163.58999633789062,53977
2026-03-04 16:30:00,163.6199951171875,164.2899932861328,163.6199951171875,164.18499755859375,54741
2026-03-04 16:35:00,164.22999572753906,164.52999877929688,164.1999969482422,164.3699951171875,52011
2026-03-04 16:40:00,164.3699951171875,164.55999755859375,164.35000610351562,164.5,33376
2026-03-04 16:45:00,164.47999572753906,164.5050048828125,164.14999389648438,164.1649932861328,29215
2026-03-04 16:50:00,164.16000366210938,164.16000366210938,163.9199981689453,164.08999633789062,36792
2026-03-04 16:55:00,164.1300048828125,164.24000549316406,164.10000610351562,164.24000549316406,24922
2026-03-04 17:00:00,164.3000030517578,164.39990234375,164.1699981689453,164.31500244140625,22243
2026-03-04 17:05:00,164.35000610351562,164.40170288085938,164.22999572753906,164.3300018310547,32182
2026-03-04 17:10:00,164.33999633789062,164.49000549316406,164.22999572753906,164.47500610351562,37551
2026-03-04 17:15:00,164.4499969482422,164.58999633789062,164.17999267578125,164.17999267578125,34398
2026-03-04 17:20:00,164.1199951171875,164.14999389648438,164.02999877929688,164.1300048828125,21552
2026-03-04 17:25:00,164.14999389648438,164.4499969482422,164.14999389648438,164.30499267578125,27827
2026-03-04 17:30:00,164.27999877929688,164.47999572753906,164.17999267578125,164.47999572753906,28528
2026-03-04 17:35:00,164.47999572753906,164.5800018310547,164.4199981689453,164.52999877929688,22701
2026-03-04 17:40:00,164.55499267578125,164.66000366210938,164.49000549316406,164.66000366210938,17840
2026-03-04 17:45:00,164.63999938964844,164.65499877929688,164.50999450683594,164.56500244140625,30530
2026-03-04 17:50:00,164.60000610351562,164.6699981689453,164.50999450683594,164.6699981689453,18781
2026-03-04 17:55:00,164.63999938964844,164.67999267578125,164.44000244140625,164.44000244140625,21001
2026-03-04 18:00:00,164.4949951171875,164.6894989013672,164.4949951171875,164.5399932861328,14012
2026-03-04 18:05:00,164.47999572753906,164.6300048828125,164.47999572753906,164.6199951171875,21852
2026-03-04 18:10:00,164.5800018310547,164.66000366210938,164.55499267578125,164.60000610351562,12205
2026-03-04 18:15:00,164.61000061035156,164.7050018310547,164.55999755859375,164.69000244140625,18079
2026-03-04 18:20:00,164.7100067138672,164.80999755859375,164.69000244140625,164.75,16715
2026-03-04 18:25:00,164.75,164.89500427246094,164.7050018310547,164.77999877929688,16358
2026-03-04 18:30:00,164.77999877929688,164.86000061035156,164.77000427246094,164.82009887695312,16687
2026-03-04 18:35:00,164.88699340820312,164.97999572753906,164.86000061035156,164.89500427246094,31637
2026-03-04 18:40:00,164.8800048828125,164.93499755859375,164.7899932861328,164.83999633789062,25815
2026-03-04 18:45:00,164.80999755859375,164.84060668945312,164.54100036621094,164.625,44197
2026-03-04 18:50:00,164.625,164.63999938964844,164.41000366210938,164.4600067138672,19187
2026-03-04 18:55:00,164.42999267578125,164.44000244140625,164.07000732421875,164.16000366210938,38341
2026-03-04 19:00:00,164.14999389648438,164.18499755859375,163.97000122070312,164.18499755859375,29791
2026-03-04 19:05:00,164.17999267578125,164.36000061035156,164.125,164.25,56246
2026-03-04 19:10:00,164.23500061035156,164.36000061035156,164.13009643554688,164.32000732421875,26418
2026-03-04 19:15:00,164.36000061035156,164.49000549316406,164.32000732421875,164.3699951171875,25471
2026-03-04 19:20:00,164.42999267578125,164.52999877929688,164.40499877929688,164.47000122070312,24341
2026-03-04 19:25:00,164.47000122070312,164.5399932861328,164.4499969482422,164.5399932861328,18872
2026-03-04 19:30:00,164.5399932861328,164.69500732421875,164.5399932861328,164.69000244140625,24360
2026-03-04 19:35:00,164.6999969482422,164.8000030517578,164.69000244140625,164.72000122070312,20700
2026-03-04 19:40:00,164.77999877929688,164.85000610351562,164.75,164.77999877929688,23624
2026-03-04 19:45:00,164.80999755859375,164.8444061279297,164.625,164.6649932861328,20430
2026-03-04 19:50:00,164.6199951171875,164.69650268554688,164.59500122070312,164.60000610351562,19073
2026-03-04 19:55:00,164.60000610351562,164.60000610351562,164.34500122070312,164.3699951171875,26258
2026-03-04 20:00:00,164.39999389648438,164.52999877929688,164.35000610351562,164.35000610351562,24532
2026-03-04 20:05:00,164.3800048828125,164.4250030517578,164.27999877929688,164.30999755859375,26501
2026-03-04 20:10:00,164.27999877929688,164.27999877929688,164.08999633789062,164.18499755859375,27099
2026-03-04 20:15:00,164.18499755859375,164.2550048828125,164.14999389648438,164.2550048828125,35180
2026-03-04 20:20:00,164.26510620117188,164.2899932861328,164.13999938964844,164.2899932861328,44434
2026-03-04 20:25:00,164.3000030517578,164.3699951171875,164.1699981689453,164.34500122070312,32970
2026-03-04 20:30:00,164.3249969482422,164.49000549316406,164.3000030517578,164.4600067138672,36935
2026-03-04 20:35:00,164.4600067138672,164.5399932861328,164.4199981689453,164.44500732421875,49338
2026-03-04 20:40:00,164.47000122070312,164.47000122070312,164.22479248046875,164.22999572753906,41055
2026-03-04 20:45:00,164.22000122070312,164.25,163.89999389648438,163.89999389648438,52214
2026-03-04 20:50:00,163.88999938964844,164.0500030517578,163.57000732421875,163.92999267578125,141237
2026-03-04 20:55:00,163.92999267578125,164.07000732421875,163.8699951171875,163.89999389648438,522300
2026-03-05 14:30:00,162.16000366210938,162.7949981689453,162.11000061035156,162.75999450683594,161796
2026-03-05 14:35:00,162.7449951171875,162.7449951171875,161.8300018310547,162.35499572753906,83000
2026-03-05 14:40:00,162.30419921875,162.83999633789062,162.22000122070312,162.6199951171875,70217
2026-03-05 14:45:00,162.6699981689453,163.11000061035156,162.55999755859375,163.0,78706
2026-03-05 14:50:00,162.88999938964844,163.0780029296875,162.67100524902344,162.72000122070312,39299
2026-03-05 14:55:00,162.73500061035156,162.85000610351562,162.1699981689453,162.32000732421875,66569
2026-03-05 15:00:00,162.3699951171875,162.6699981689453,162.22999572753906,162.61000061035156,90121
2026-03-05 15:05:00,162.57000732421875,162.73500061035156,162.38999938964844,162.6649932861328,92629
2026-03-05 15:10:00,162.68499755859375,162.8300018310547,161.60000610351562,161.77000427246094,119813
2026-03-05 15:15:00,161.75,161.8000030517578,161.32000732421875,161.6750030517578,74126
2026-03-05 15:20:00,161.6750030517578,162.02499389648438,161.6750030517578,161.75999450683594,69539
2026-03-05 15:25:00,161.73500061035156,162.0500030517578,161.72000122070312,162.00999450683594,95220
2026-03-05 15:30:00,162.00999450683594,162.44000244140625,161.76010131835938,162.25,69257
2026-03-05 15:35:00,162.27999877929688,162.7899932861328,162.27999877929688,162.60000610351562,54577
2026-03-05 15:40:00,162.60499572753906,162.75,162.41000366210938,162.41000366210938,46064
2026-03-05 15:45:00,162.3800048828125,162.71499633789062,162.3800048828125,162.63499450683594,46008
2026-03-05 15:50:00,162.63999938964844,162.8699951171875,162.4149932861328,162.8498992919922,50030
2026-03-05 15:55:00,162.74000549316406,162.89999389648438,162.66099548339844,162.85000610351562,55567
2026-03-05 16:00:00,162.86000061035156,163.07839965820312,162.58999633789062,162.64999389648438,42577
2026-03-05 16:05:00,162.64999389648438,162.8699951171875,162.44000244140625,162.8300018310547,46303
2026-03-05 16:10:00,162.82000732421875,162.82000732421875,162.39999389648438,162.53500366210938,39055
2026-03-05 16:15:00,162.52999877929688,162.74000549316406,162.4199981689453,162.6300048828125,92019
2026-03-05 16:20:00,162.60000610351562,162.8800048828125,162.60000610351562,162.85000610351562,38122
2026-03-05 16:25:00,162.82000732421875,163.01499938964844,162.77999877929688,162.9550018310547,38216
2026-03-05 16:30:00,162.91000366210938,163.1199951171875,162.6999969482422,162.73500061035156,55642
2026-03-05 16:35:00,162.67999267578125,162.80499267578125,162.42999267578125,162.57110595703125,28629
2026-03-05 16:40:00,162.63999938964844,162.84500122070312,162.52999877929688,162.84500122070312,25143
2026-03-05 16:45:00,162.84500122070312,162.84500122070312,162.52999877929688,162.5850067138672,41265
2026-03-05 16:50:00,162.5800018310547,162.66000366210938,162.4600067138672,162.57000732421875,25513
2026-03-05 16:55:00,162.55999755859375,162.74000549316406,162.50999450683594,162.50999450683594,23848
2026-03-05 17:00:00,162.49000549316406,162.62989807128906,162.36000061035156,162.5500030517578,41984
2026-03-05 17:05:00,162.5449981689453,162.61000061035156,162.3094024658203,162.38499450683594,32790
2026-03-05 17:10:00,162.35000610351562,162.47999572753906,162.14999389648438,162.27000427246094,26289
2026-03-05 17:15:00,162.33749389648438,162.85989379882812,162.2899932861328,162.85000610351562,26764
2026-03-05 17:20:00,162.81500244140625,162.8800048828125,162.75,162.77999877929688,28818
2026-03-05 17:25:00,162.75999450683594,162.8000030517578,162.5,162.55999755859375,46816
2026-03-05 17:30:00,162.49000549316406,162.59500122070312,162.3699951171875,162.59500122070312,60898
2026-03-05 17:35:00,162.59500122070312,162.81500244140625,162.5800018310547,162.71499633789062,33793
2026-03-05 17:40:00,162.6699981689453,162.8699951171875,162.61000061035156,162.77999877929688,40954
2026-03-05 17:45:00,162.77000427246094,163.22999572753906,162.66000366210938,163.14999389648438,38054
2026-03-05 17:50:00,163.13999938964844,163.32000732421875,163.07000732421875,163.17999267578125,27223
2026-03-05 17:55:00,163.17999267578125,163.38999938964844,163.02499389648438,163.13999938964844,26971
2026-03-05 18:00:00,163.14010620117188,163.2949981689453,163.0399932861328,163.1300048828125,31116
2026-03-05 18:05:00,163.13499450683594,163.25999450683594,162.94000244140625,163.02000427246094,28425
2026-03-05 18:10:00,162.97999572753906,163.0500030517578,162.86000061035156,162.91000366210938,24138
2026-03-05 18:15:00,162.86000061035156,162.86000061035156,162.6699981689453,162.6750030517578,21688
2026-03-05 18:20:00,162.6750030517578,162.8249969482422,162.50999450683594,162.53399658203125,77275
2026-03-05 18:25:00,162.52000427246094,162.7100067138672,162.3300018310547,162.7100067138672,57358
2026-03-05 18:30:00,162.72999572753906,162.8000030517578,162.1999969482422,162.25,27835
2026-03-05 18:35:00,162.25999450683594,162.41000366210938,162.2100067138672,162.41000366210938,24531
2026-03-05 18:40:00,162.39500427246094,162.4600067138672,162.1999969482422,162.35000610351562,23963
2026-03-05 18:45:00,162.35000610351562,162.39500427246094,161.92999267578125,161.9550018310547,40476
2026-03-05 18:50:00,161.92999267578125,161.92999267578125,161.66000366210938,161.8000030517578,28842
2026-03-05 18:55:00,161.8300018310547,162.11000061035156,161.6699981689453,161.8249969482422,44082
2026-03-05 19:00:00,161.8249969482422,161.8249969482422,161.47000122070312,161.5500030517578,28925
2026-03-05 19:05:00,161.52999877929688,161.5399932861328,161.22999572753906,161.2550048828125,24668
2026-03-05 19:10:00,161.22999572753906,161.39999389648438,161.19000244140625,161.2550048828125,28691
2026-03-05 19:15:00,161.2550048828125,161.2550048828125,160.86000061035156,160.94000244140625,49625
2026-03-05 19:20:00,160.97999572753906,160.97999572753906,160.6999969482422,160.74000549316406,41086
2026-03-05 19:25:00,160.7100067138672,160.875,160.4600067138672,160.47000122070312,76620
2026-03-05 19:30:00,160.50999450683594,160.88999938964844,160.39999389648438,160.69000244140625,68482
2026-03-05 19:35:00,160.69000244140625,160.80999755859375,160.52000427246094,160.52999877929688,32818
2026-03-05 19:40:00,160.6199951171875,160.9499969482422,160.58749389648438,160.8800048828125,39086
2026-03-05 19:45:00,160.8800048828125,161.05999755859375,160.86000061035156,160.90499877929688,39663
2026-03-05 19:50:00,160.88999938964844,161.0800018310547,160.86000061035156,160.8800048828125,50586
2026-03-05 19:55:00,160.9199981689453,161.00999450683594,160.72999572753906,160.79100036621094,53793
2026-03-05 20:00:00,160.8249969482422,161.0,160.72000122070312,160.91610717773438,78129
2026-03-05 20:05:00,160.91000366210938,161.0500030517578,160.74000549316406,160.80499267578125,87214
2026-03-05 20:10:00,160.8000030517578,160.86000061035156,160.47000122070312,160.47999572753906,89599
2026-03-05 20:15:00,160.47000122070312,160.47000122070312,160.16000366210938,160.41000366210938,149631
2026-03-05 20:20:00,160.36000061035156,160.66000366210938,160.19000244140625,160.58999633789062,75685
2026-03-05 20:25:00,160.61000061035156,160.7899932861328,160.60000610351562,160.6300048828125,55231
2026-03-05 20:30:00,160.6300048828125,160.8800048828125,160.60000610351562,160.82000732421875,77363
2026-03-05 20:35:00,160.82000732421875,160.83999633789062,160.67999267578125,160.72999572753906,76656
2026-03-05 20:40:00,160.74000549316406,160.7949981689453,160.6199951171875,160.77000427246094,110718
2026-03-05 20:45:00,160.7899932861328,160.8000030517578,160.55999755859375,160.67999267578125,106819
2026-03-05 20:50:00,160.7100067138672,160.89999389648438,160.6999969482422,160.6999969482422,164268
2026-03-05 20:55:00,160.75999450683594,160.91000366210938,160.57000732421875,160.69000244140625,571535
2026-03-06 14:30:00,158.25,158.60000610351562,157.08180236816406,157.08180236816406,176393
2026-03-06 14:35:00,157.0800018310547,157.28500366210938,156.75,157.11500549316406,134661
2026-03-06 14:40:00,157.0,157.11500549316406,156.0850067138672,156.875,100480
2026-03-06 14:45:00,156.875,156.97999572753906,156.4600067138672,156.875,71193
2026-03-06 14:50:00,156.8300018310547,157.1968994140625,156.72000122070312,156.88499450683594,46276
2026-03-06 14:55:00,156.84249877929688,157.07000732421875,156.5399932861328,156.9199981689453,74649
2026-03-06 15:00:00,156.89999389648438,157.1199951171875,156.7100067138672,156.73500061035156,108894
2026-03-06 15:05:00,156.7449951171875,156.9199981689453,156.55999755859375,156.81500244140625,46266
2026-03-06 15:10:00,156.77000427246094,157.13999938964844,156.63499450683594,156.9499969482422,62566
2026-03-06 15:15:00,156.96249389648438,157.14999389648438,156.77999877929688,156.80999755859375,46347
2026-03-06 15:20:00,156.88999938964844,157.1199951171875,156.7100067138672,156.97000122070312,49399
2026-03-06 15:25:00,156.9499969482422,157.1199951171875,156.8300018310547,157.04750061035156,59593
2026-03-06 15:30:00,157.05999755859375,157.32000732421875,157.02999877929688,157.15049743652344,67645
2026-03-06 15:35:00,157.14999389648438,157.26499938964844,156.99000549316406,157.06500244140625,65744
2026-03-06 15:40:00,157.0850067138672,157.3800048828125,156.93499755859375,157.26499938964844,49394
2026-03-06 15:45:00,157.26499938964844,157.26499938964844,156.72999572753906,157.10499572753906,58163
2026-03-06 15:50:00,157.10499572753906,157.3350067138672,157.02000427246094,157.1750030517578,39666
2026-03-06 15:55:00,157.2021942138672,157.3300018310547,157.1300048828125,157.16000366210938,37627
2026-03-06 16:00:00,157.13499450683594,157.44000244140625,157.13499450683594,157.3249969482422,53163
2026-03-06 16:05:00,157.31500244140625,157.38499450683594,157.08999633789062,157.08999633789062,50303
2026-03-06 16:10:00,157.08999633789062,157.1999969482422,156.9550018310547,157.18499755859375,42717
2026-03-06 16:15:00,157.14999389648438,157.27059936523438,157.08999633789062,157.17999267578125,51664
2026-03-06 16:20:00,157.25,157.4499969482422,156.97000122070312,157.38999938964844,58039
2026-03-06 16:25:00,157.40499877929688,157.49000549316406,157.27999877929688,157.44000244140625,46395
2026-03-06 16:30:00,157.44000244140625,157.47999572753906,157.07000732421875,157.16000366210938,32089
2026-03-06 16:35:00,157.14999389648438,157.2808074951172,157.1300048828125,157.19000244140625,24179
2026-03-06 16:40:00,157.1800994873047,157.32000732421875,157.05999755859375,157.05999755859375,24493
2026-03-06 16:45:00,157.1300048828125,157.1898956298828,157.00999450683594,157.0500030517578,222889
2026-03-06 16:50:00,157.0800018310547,157.25,156.94000244140625,156.98350524902344,28753
2026-03-06 16:55:00,156.9866943359375,157.11000061035156,156.92999267578125,157.0500030517578,26980
2026-03-06 17:00:00,157.02999877929688,157.27000427246094,156.88999938964844,157.2375030517578,33116
2026-03-06 17:05:00,157.22999572753906,157.42999267578125,157.21499633789062,157.39500427246094,51831
2026-03-06 17:10:00,157.4600067138672,157.5800018310547,157.41000366210938,157.52000427246094,20244
2026-03-06 17:15:00,157.52499389648438,157.72999572753906,157.47999572753906,157.64999389648438,36111
2026-03-06 17:20:00,157.6649932861328,157.85000610351562,157.60000610351562,157.71499633789062,27650
2026-03-06 17:25:00,157.67999267578125,157.69000244140625,157.50999450683594,157.52999877929688,22950
2026-03-06 17:30:00,157.5399932861328,157.75999450683594,157.5,157.75999450683594,19710
2026-03-06 17:35:00,157.74000549316406,157.7550048828125,157.55999755859375,157.69000244140625,24509
2026-03-06 17:40:00,157.6999969482422,157.80999755859375,157.44000244140625,157.52999877929688,23968
2026-03-06 17:45:00,157.61000061035156,157.61549377441406,157.4499969482422,157.4600067138672,20393
2026-03-06 17:50:00,157.4499969482422,157.64999389648438,157.4499969482422,157.5800018310547,17818
2026-03-06 17:55:00,157.59500122070312,157.6300048828125,157.50999450683594,157.5449981689453,19825
2026-03-06 18:00:00,157.5500030517578,157.85989379882812,157.5500030517578,157.74000549316406,25614
2026-03-06 18:05:00,157.75999450683594,157.84500122070312,157.74000549316406,157.8300018310547,13135
2026-03-06 18:10:00,157.82000732421875,158.0469970703125,157.82000732421875,157.8699951171875,23515
2026-03-06 18:15:00,157.91329956054688,157.97999572753906,157.8699951171875,157.9499969482422,14971
2026-03-06 18:20:00,157.92999267578125,157.9499969482422,157.69500732421875,157.74000549316406,22050
2026-03-06 18:25:00,157.72000122070312,157.75999450683594,157.61000061035156,157.70440673828125,23035
2026-03-06 18:30:00,157.71499633789062,157.77000427246094,157.6199951171875,157.6999969482422,20951
2026-03-06 18:35:00,157.75,157.8800048828125,157.69000244140625,157.8800048828125,20355
2026-03-06 18:40:00,157.8699951171875,157.94000244140625,157.77000427246094,157.8300018310547,24721
2026-03-06 18:45:00,157.82009887695312,157.82009887695312,157.63999938964844,157.72000122070312,20292
2026-03-06 18:50:00,157.74000549316406,157.86000061035156,157.74000549316406,157.80999755859375,22811
2026-03-06 18:55:00,157.89999389648438,157.9499969482422,157.74000549316406,157.74000549316406,21317
2026-03-06 19:00:00,157.74000549316406,157.83819580078125,157.6699981689453,157.6699981689453,21310
2026-03-06 19:05:00,157.69500732421875,157.73300170898438,157.6300048828125,157.73300170898438,21819
2026-03-06 19:10:00,157.72999572753906,157.9344024658203,157.6999969482422,157.85000610351562,24263
2026-03-06 19:15:00,157.91000366210938,157.92999267578125,157.80499267578125,157.88999938964844,34935
2026-03-06 19:20:00,157.89010620117188,157.89999389648438,157.73500061035156,157.77000427246094,24437
2026-03-06 19:25:00,157.75,157.9969024658203,157.6999969482422,157.94500732421875,26998
2026-03-06 19:30:00,157.97999572753906,158.0500030517578,157.8800048828125,157.9600067138672,24262
2026-03-06 19:35:00,157.92999267578125,158.22999572753906,157.8699951171875,158.22999572753906,38720
2026-03-06 19:40:00,158.25,158.33999633789062,158.19000244140625,158.2449951171875,27612
2026-03-06 19:45:00,158.22000122070312,158.32000732421875,158.2100067138672,158.32000732421875,26823
2026-03-06 19:50:00,158.27999877929688,158.3800048828125,158.2100067138672,158.35000610351562,33921
2026-03-06 19:55:00,158.33999633789062,158.38499450683594,158.24000549316406,158.27499389648438,26274
2026-03-06 20:00:00,158.3000030517578,158.5,158.3000030517578,158.5,22450
2026-03-06 20:05:00,158.48500061035156,158.4949951171875,158.42010498046875,158.44000244140625,25486
2026-03-06 20:10:00,158.42030334472656,158.69000244140625,158.42030334472656,158.5800018310547,29925
2026-03-06 20:15:00,158.57000732421875,158.64999389648438,158.52000427246094,158.52999877929688,34762
2026-03-06 20:20:00,158.54100036621094,158.72000122070312,158.52999877929688,158.72000122070312,24854
2026-03-06 20:25:00,158.7050018310547,158.8699951171875,158.60000610351562,158.8249969482422,33708
2026-03-06 20:30:00,158.83999633789062,158.92999267578125,158.63999938964844,158.91000366210938,59762
2026-03-06 20:35:00,158.91000366210938,158.92999267578125,158.8000030517578,158.91000366210938,49594
2026-03-06 20:40:00,158.91000366210938,159.0399932861328,158.67999267578125,158.6999969482422,84134
2026-03-06 20:45:00,158.7292938232422,158.8699951171875,158.7292938232422,158.72999572753906,46451
2026-03-06 20:50:00,158.83999633789062,158.9199981689453,158.47000122070312,158.91000366210938,123107
2026-03-06 20:55:00,158.89999389648438,159.52999877929688,158.89999389648438,159.41000366210938,604245
