timestamp,Open,High,Low,Close,Volume
2026-01-08 14:30:00,72.05000305175781,72.48999786376953,71.8499984741211,72.40499877929688,62078
2026-01-08 14:35:00,72.5,73.04000091552734,72.5,72.93000030517578,13704
2026-01-08 14:40:00,72.89009857177734,73.27999877929688,72.89009857177734,73.26000213623047,21865
2026-01-08 14:45:00,73.26000213623047,73.47000122070312,73.22000122070312,73.37000274658203,33145
2026-01-08 14:50:00,73.3499984741211,73.87000274658203,73.3499984741211,73.7699966430664,30702
2026-01-08 14:55:00,73.7750015258789,74.36000061035156,73.7750015258789,74.1500015258789,62947
2026-01-08 15:00:00,74.2249984741211,74.47000122070312,74.21499633789062,74.36499786376953,38298
2026-01-08 15:05:00,74.38999938964844,74.5,74.30000305175781,74.31500244140625,63529
2026-01-08 15:10:00,74.31500244140625,74.42990112304688,74.30000305175781,74.30000305175781,48973
2026-01-08 15:15:00,74.33000183105469,74.45359802246094,74.25499725341797,74.30999755859375,26643
2026-01-08 15:20:00,74.30999755859375,74.30999755859375,74.08000183105469,74.0999984741211,33664
2026-01-08 15:25:00,74.1050033569336,74.11499786376953,74.05000305175781,74.11499786376953,18958
2026-01-08 15:30:00,74.12000274658203,74.18000030517578,74.06999969482422,74.0999984741211,25417
2026-01-08 15:35:00,74.12000274658203,74.33499908447266,74.12000274658203,74.33000183105469,25739
2026-01-08 15:40:00,74.33000183105469,74.37000274658203,74.13999938964844,74.16999816894531,31443
2026-01-08 15:45:00,74.19000244140625,74.22000122070312,74.08000183105469,74.0999984741211,17966
2026-01-08 15:50:00,74.08000183105469,74.10990142822266,73.94999694824219,73.98500061035156,14646
2026-01-08 15:55:00,73.98999786376953,74.24500274658203,73.94999694824219,74.18000030517578,32447
2026-01-08 16:00:00,74.18000030517578,74.43000030517578,74.18000030517578,74.32499694824219,59238
2026-01-08 16:05:00,74.32499694824219,74.33000183105469,74.12010192871094,74.19000244140625,22669
2026-01-08 16:10:00,74.18000030517578,74.2300033569336,74.12999725341797,74.15499877929688,16499
2026-01-08 16:15:00,74.16000366210938,74.25,74.10369873046875,74.2249984741211,14086
2026-01-08 16:20:00,74.19999694824219,74.22000122070312,74.1500015258789,74.19000244140625,11233
2026-01-08 16:25:00,74.18000030517578,74.29989624023438,74.15499877929688,74.27999877929688,33569
2026-01-08 16:30:00,74.27999877929688,74.48999786376953,74.2750015258789,74.37000274658203,21580
2026-01-08 16:35:00,74.3499984741211,74.47000122070312,74.3499984741211,74.43499755859375,34614
2026-01-08 16:40:00,74.42500305175781,74.4800033569336,74.29000091552734,74.30500030517578,23534
2026-01-08 16:45:00,74.26499938964844,74.30999755859375,74.19999694824219,74.30999755859375,21419
2026-01-08 16:50:00,74.30999755859375,74.32499694824219,74.27999877929688,74.28500366210938,10157
2026-01-08 16:55:00,74.29000091552734,74.40499877929688,74.2699966430664,74.38999938964844,39794
2026-01-08 17:00:00,74.38999938964844,74.52330017089844,74.3499984741211,74.48999786376953,36751
2026-01-08 17:05:00,74.48999786376953,74.51000213623047,74.37999725341797,74.37999725341797,16284
2026-01-08 17:10:00,74.37000274658203,74.37999725341797,74.2300033569336,74.2750015258789,24365
2026-01-08 17:15:00,74.2750015258789,74.33000183105469,74.17500305175781,74.20500183105469,14710
2026-01-08 17:20:00,74.20500183105469,74.20500183105469,74.125,74.12999725341797,7166
2026-01-08 17:25:00,74.13999938964844,74.29000091552734,74.13999938964844,74.25,16374
2026-01-08 17:30:00,74.27999877929688,74.44999694824219,74.2750015258789,74.43000030517578,14700
2026-01-08 17:35:00,74.42500305175781,74.44999694824219,74.4000015258789,74.43000030517578,9335
2026-01-08 17:40:00,74.41999816894531,74.5,74.41999816894531,74.4800033569336,17033
2026-01-08 17:45:00,74.46499633789062,74.47660064697266,74.45999908447266,74.47660064697266,12183
2026-01-08 17:50:00,74.4800033569336,74.52999877929688,74.43000030517578,74.5250015258789,15228
2026-01-08 17:55:00,74.5,74.58000183105469,74.4800033569336,74.58000183105469,32049
2026-01-08 18:00:00,74.58000183105469,74.71499633789062,74.57499694824219,74.58999633789062,43469
2026-01-08 18:05:00,74.59500122070312,74.62999725341797,74.5602035522461,74.59500122070312,19869
2026-01-08 18:10:00,74.59500122070312,74.59500122070312,74.50499725341797,74.5199966430664,9670
2026-01-08 18:15:00,74.5199966430664,74.55000305175781,74.4800033569336,74.55000305175781,11392
2026-01-08 18:20:00,74.54000091552734,74.55500030517578,74.4800033569336,74.51499938964844,9818
2026-01-08 18:25:00,74.52999877929688,74.56500244140625,74.51300048828125,74.54499816894531,10840
2026-01-08 18:30:00,74.54000091552734,74.5999984741211,74.51000213623047,74.58499908447266,32745
2026-01-08 18:35:00,74.58999633789062,74.59200286865234,74.44000244140625,74.44999694824219,35657
2026-01-08 18:40:00,74.4209976196289,74.47000122070312,74.41999816894531,74.44999694824219,9430
2026-01-08 18:45:00,74.46499633789062,74.4800033569336,74.41999816894531,74.43299865722656,16102
2026-01-08 18:50:00,74.44499969482422,74.5,74.39540100097656,74.44000244140625,30932
2026-01-08 18:55:00,74.41000366210938,74.5,74.41000366210938,74.4800033569336,16391
2026-01-08 19:00:00,74.48368835449219,74.52999877929688,74.44999694824219,74.52999877929688,34178
2026-01-08 19:05:00,74.54000091552734,74.65840148925781,74.52999877929688,74.56500244140625,20397
2026-01-08 19:10:00,74.55000305175781,74.69200134277344,74.54499816894531,74.64990234375,21604
2026-01-08 19:15:00,74.6500015258789,74.7699966430664,74.63999938964844,74.76000213623047,20510
2026-01-08 19:20:00,74.76000213623047,74.7699966430664,74.66999816894531,74.68000030517578,29536
2026-01-08 19:25:00,74.66999816894531,74.69999694824219,74.62999725341797,74.63999938964844,29294
2026-01-08 19:30:00,74.63999938964844,74.70999908447266,74.6155014038086,74.69999694824219,16130
2026-01-08 19:35:00,74.70999908447266,74.71532440185547,74.6500015258789,74.69000244140625,26853
2026-01-08 19:40:00,74.69999694824219,74.71499633789062,74.6500015258789,74.6500015258789,24594
2026-01-08 19:45:00,74.66000366210938,74.69000244140625,74.625,74.625,20916
2026-01-08 19:50:00,74.6500015258789,74.6500015258789,74.54000091552734,74.6050033569336,57920
2026-01-08 19:55:00,74.58000183105469,74.62310028076172,74.58000183105469,74.58499908447266,17605
2026-01-08 20:00:00,74.58000183105469,74.68000030517578,74.58000183105469,74.66999816894531,19076
2026-01-08 20:05:00,74.66999816894531,74.69999694824219,74.5999984741211,74.5999984741211,21224
2026-01-08 20:10:00,74.5999984741211,74.5999984741211,74.5199966430664,74.55999755859375,24392
2026-01-08 20:15:00,74.56500244140625,74.56500244140625,74.45999908447266,74.49500274658203,18148
2026-01-08 20:20:00,74.5,74.55000305175781,74.45500183105469,74.54499816894531,32286
2026-01-08 20:25:00,74.52999877929688,74.55989837646484,74.44000244140625,74.50499725341797,29598
2026-01-08 20:30:00,74.50499725341797,74.52999877929688,74.4749984741211,74.4749984741211,42612
2026-01-08 20:35:00,74.4749984741211,74.5,74.37999725341797,74.38999938964844,25415
2026-01-08 20:40:00,74.40499877929688,74.43000030517578,74.37000274658203,74.38999938964844,44448
2026-01-08 20:45:00,74.38999938964844,74.43000030517578,74.31999969482422,74.33000183105469,54953
2026-01-08 20:50:00,74.30999755859375,74.36000061035156,74.19999694824219,74.2699966430664,96737
2026-01-08 20:55:00,74.27999877929688,74.32499694824219,74.2300033569336,74.2750015258789,259917
2026-01-09 14:30:00,74.23999786376953,74.52999877929688,74.04000091552734,74.2750015258789,49465
2026-01-09 14:35:00,74.2750015258789,74.29499816894531,74.01000213623047,74.0999984741211,24928
2026-01-09 14:40:00,74.08999633789062,74.19000244140625,74.00499725341797,74.10749816894531,20362
2026-01-09 14:45:00,74.06999969482422,74.06999969482422,73.83000183105469,73.875,20257
2026-01-09 14:50:00,73.875,73.9000015258789,73.5199966430664,73.56999969482422,33580
2026-01-09 14:55:00,73.56999969482422,73.75,73.56999969482422,73.75,25874
2026-01-09 15:00:00,73.76000213623047,73.79000091552734,73.62000274658203,73.76499938964844,20698
2026-01-09 15:05:00,73.76000213623047,73.94999694824219,73.72000122070312,73.87000274658203,26237
2026-01-09 15:10:00,73.83000183105469,73.93990325927734,73.79000091552734,73.83999633789062,12044
2026-01-09 15:15:00,73.80000305175781,73.8499984741211,73.75,73.84500122070312,27229
2026-01-09 15:20:00,73.84750366210938,74.03500366210938,73.81999969482422,73.98500061035156,15456
2026-01-09 15:25:00,73.97000122070312,74.01499938964844,73.93000030517578,73.94999694824219,21627
2026-01-09 15:30:00,73.94999694824219,74.04000091552734,73.87999725341797,74.00499725341797,13718
2026-01-09 15:35:00,73.98999786376953,74.06500244140625,73.9749984741211,74.03500366210938,14357
2026-01-09 15:40:00,74.05999755859375,74.17500305175781,74.04000091552734,74.07499694824219,20465
2026-01-09 15:45:00,74.07499694824219,74.1449966430664,74.06500244140625,74.06999969482422,12325
2026-01-09 15:50:00,74.07499694824219,74.16999816894531,73.94999694824219,74.16999816894531,17495
2026-01-09 15:55:00,74.16999816894531,74.16999816894531,73.97000122070312,74.0199966430664,16027
2026-01-09 16:00:00,74.0,74.0999984741211,73.9800033569336,74.06999969482422,15194
2026-01-09 16:05:00,74.05999755859375,74.05999755859375,73.94499969482422,74.0199966430664,19956
2026-01-09 16:10:00,74.04000091552734,74.11000061035156,74.0,74.05999755859375,14876
2026-01-09 16:15:00,74.08000183105469,74.16999816894531,74.08000183105469,74.12000274658203,13459
2026-01-09 16:20:00,74.0999984741211,74.11499786376953,74.052001953125,74.08000183105469,13389
2026-01-09 16:25:00,74.06500244140625,74.0999984741211,74.04010009765625,74.07360076904297,14733
2026-01-09 16:30:00,74.05999755859375,74.16000366210938,74.05999755859375,74.05999755859375,16164
2026-01-09 16:35:00,74.05999755859375,74.25,74.05999755859375,74.20999908447266,12825
2026-01-09 16:40:00,74.20500183105469,74.2300033569336,74.1500015258789,74.20500183105469,19454
2026-01-09 16:45:00,74.16999816894531,74.25,74.07499694824219,74.24500274658203,12949
2026-01-09 16:50:00,74.25060272216797,74.29000091552734,74.20500183105469,74.23500061035156,9988
2026-01-09 16:55:00,74.22000122070312,74.23999786376953,74.18499755859375,74.22949981689453,12247
2026-01-09 17:00:00,74.2300033569336,74.27999877929688,74.2300033569336,74.2699966430664,10911
2026-01-09 17:05:00,74.30000305175781,74.3499984741211,74.29000091552734,74.30500030517578,14024
2026-01-09 17:10:00,74.30500030517578,74.38999938964844,74.30500030517578,74.38999938964844,10879
2026-01-09 17:15:00,74.38999938964844,74.38999938964844,74.33999633789062,74.37000274658203,12663
2026-01-09 17:20:00,74.37000274658203,74.37000274658203,74.29000091552734,74.3499984741211,17400
2026-01-09 17:25:00,74.3499984741211,74.37999725341797,74.33000183105469,74.36000061035156,12484
2026-01-09 17:30:00,74.36499786376953,74.38999938964844,74.3499984741211,74.38999938964844,7363
2026-01-09 17:35:00,74.37999725341797,74.43000030517578,74.3499984741211,74.3499984741211,14407
2026-01-09 17:40:00,74.3499984741211,74.41000366210938,74.3499984741211,74.38999938964844,18258
2026-01-09 17:45:00,74.4000015258789,74.41999816894531,74.375,74.38999938964844,16057
2026-01-09 17:50:00,74.38999938964844,74.41999816894531,74.33000183105469,74.36000061035156,19124
2026-01-09 17:55:00,74.33999633789062,74.38500213623047,74.32499694824219,74.33000183105469,12609
2026-01-09 18:00:00,74.30500030517578,74.30500030517578,74.23500061035156,74.24500274658203,13820
2026-01-09 18:05:00,74.25499725341797,74.2699966430664,74.20999908447266,74.25,10769
2026-01-09 18:10:00,74.25499725341797,74.28990173339844,74.23999786376953,74.26709747314453,9377
2026-01-09 18:15:00,74.29000091552734,74.30500030517578,74.26000213623047,74.26000213623047,7936
2026-01-09 18:20:00,74.26000213623047,74.31999969482422,74.22000122070312,74.2249984741211,17948
2026-01-09 18:25:00,74.2249984741211,74.23069763183594,74.19869995117188,74.20500183105469,5889
2026-01-09 18:30:00,74.19499969482422,74.26000213623047,74.16999816894531,74.2300033569336,22231
2026-01-09 18:35:00,74.22000122070312,74.26499938964844,74.22000122070312,74.23500061035156,8861
2026-01-09 18:40:00,74.24500274658203,74.31999969482422,74.24500274658203,74.28500366210938,14730
2026-01-09 18:45:00,74.28500366210938,74.31500244140625,74.2300033569336,74.26499938964844,12888
2026-01-09 18:50:00,74.26499938964844,74.34500122070312,74.23999786376953,74.34500122070312,34903
2026-01-09 18:55:00,74.33000183105469,74.33999633789062,74.16000366210938,74.22440338134766,25985
2026-01-09 19:00:00,74.21499633789062,74.29000091552734,74.21160125732422,74.2750015258789,20553
2026-01-09 19:05:00,74.26000213623047,74.31999969482422,74.20999908447266,74.31999969482422,41911
2026-01-09 19:10:00,74.32369995117188,74.37999725341797,74.29000091552734,74.30000305175781,14978
2026-01-09 19:15:00,74.29000091552734,74.356201171875,74.29000091552734,74.29000091552734,15996
2026-01-09 19:20:00,74.30000305175781,74.33000183105469,74.2300033569336,74.23999786376953,23528
2026-01-09 19:25:00,74.25499725341797,74.33000183105469,74.25499725341797,74.30999755859375,30545
2026-01-09 19:30:00,74.30999755859375,74.375,74.30999755859375,74.31999969482422,10379
2026-01-09 19:35:00,74.31999969482422,74.31999969482422,74.21009826660156,74.2699966430664,15208
2026-01-09 19:40:00,74.26499938964844,74.26499938964844,74.19000244140625,74.19000244140625,17311
2026-01-09 19:45:00,74.19999694824219,74.25,74.16999816894531,74.22000122070312,20168
2026-01-09 19:50:00,74.2300033569336,74.252197265625,74.19000244140625,74.19499969482422,15763
2026-01-09 19:55:00,74.20999908447266,74.2300033569336,74.16000366210938,74.16000366210938,15218
2026-01-09 20:00:00,74.16000366210938,74.18000030517578,74.1449966430664,74.18000030517578,18719
2026-01-09 20:05:00,74.17500305175781,74.19000244140625,74.12000274658203,74.13999938964844,17262
2026-01-09 20:10:00,74.1500015258789,74.16999816894531,74.1050033569336,74.12000274658203,23315
2026-01-09 20:15:00,74.125,74.13999938964844,74.06999969482422,74.08000183105469,20467
2026-01-09 20:20:00,74.07009887695312,74.12999725341797,74.07009887695312,74.12000274658203,27472
2026-01-09 20:25:00,74.12000274658203,74.15499877929688,74.12000274658203,74.13999938964844,29881
2026-01-09 20:30:00,74.12999725341797,74.17500305175781,74.02999877929688,74.15499877929688,114706
2026-01-09 20:35:00,74.15750122070312,74.2300033569336,74.15499877929688,74.20500183105469,36480
2026-01-09 20:40:00,74.19999694824219,74.22000122070312,74.16999816894531,74.19999694824219,45170
2026-01-09 20:45:00,74.19499969482422,74.26000213623047,74.17659759521484,74.22000122070312,54507
2026-01-09 20:50:00,74.20999908447266,74.33000183105469,74.20999908447266,74.33000183105469,82898
2026-01-09 20:55:00,74.33000183105469,74.33499908447266,74.25499725341797,74.2699966430664,193558
2026-01-12 14:30:00,74.68000030517578,74.68000030517578,74.12999725341797,74.20999908447266,67372
2026-01-12 14:35:00,74.04000091552734,74.25,73.98999786376953,74.23999786376953,19787
2026-01-12 14:40:00,74.26470184326172,74.58999633789062,74.26470184326172,74.56500244140625,28970
2026-01-12 14:45:00,74.62999725341797,74.88999938964844,74.62999725341797,74.69499969482422,50522
2026-01-12 14:50:00,74.72000122070312,74.87000274658203,74.61000061035156,74.83000183105469,23653
2026-01-12 14:55:00,74.83000183105469,74.87000274658203,74.76499938964844,74.83000183105469,20762
2026-01-12 15:00:00,74.80999755859375,74.86000061035156,74.76499938964844,74.86000061035156,27460
2026-01-12 15:05:00,74.87999725341797,75.08409881591797,74.87000274658203,74.94999694824219,32941
2026-01-12 15:10:00,74.94999694824219,75.04000091552734,74.85099792480469,74.87000274658203,30049
2026-01-12 15:15:00,74.875,74.90059661865234,74.7437973022461,74.79000091552734,46407
2026-01-12 15:20:00,74.79000091552734,74.80000305175781,74.63999938964844,74.73999786376953,62182
2026-01-12 15:25:00,74.73999786376953,74.73999786376953,74.55000305175781,74.55999755859375,19640
2026-01-12 15:30:00,74.55000305175781,74.6500015258789,74.45999908447266,74.51499938964844,24845
2026-01-12 15:35:00,74.5199966430664,74.5199966430664,74.37999725341797,74.47000122070312,17234
2026-01-12 15:40:00,74.48999786376953,74.55999755859375,74.44999694824219,74.55000305175781,12024
2026-01-12 15:45:00,74.56999969482422,74.56999969482422,74.48999786376953,74.48999786376953,12851
2026-01-12 15:50:00,74.47000122070312,74.63500213623047,74.44000244140625,74.62249755859375,18346
2026-01-12 15:55:00,74.62999725341797,74.7300033569336,74.62000274658203,74.72000122070312,18204
2026-01-12 16:00:00,74.7300033569336,74.87000274658203,74.7300033569336,74.78399658203125,21224
2026-01-12 16:05:00,74.77999877929688,74.80500030517578,74.69999694824219,74.70500183105469,25520
2026-01-12 16:10:00,74.72000122070312,74.75,74.6863021850586,74.71499633789062,22987
2026-01-12 16:15:00,74.71499633789062,74.83000183105469,74.69010162353516,74.79000091552734,19820
2026-01-12 16:20:00,74.79000091552734,74.94999694824219,74.7699966430664,74.91999816894531,20674
2026-01-12 16:25:00,74.94000244140625,74.97000122070312,74.91999816894531,74.93000030517578,22441
2026-01-12 16:30:00,74.94000244140625,74.97000122070312,74.87100219726562,74.94000244140625,17411
2026-01-12 16:35:00,74.94999694824219,74.97000122070312,74.9000015258789,74.9000015258789,15589
2026-01-12 16:40:00,74.91000366210938,74.91000366210938,74.87000274658203,74.90499877929688,16644
2026-01-12 16:45:00,74.91999816894531,75.01499938964844,74.91000366210938,74.94000244140625,69133
2026-01-12 16:50:00,74.94999694824219,74.96959686279297,74.78500366210938,74.81500244140625,23268
2026-01-12 16:55:00,74.81500244140625,74.87000274658203,74.7699966430664,74.7960205078125,24467
2026-01-12 17:00:00,74.80000305175781,74.98999786376953,74.79000091552734,74.95500183105469,25678
2026-01-12 17:05:00,74.95999908447266,75.04499816894531,74.91999816894531,75.00499725341797,38609
2026-01-12 17:10:00,74.98999786376953,75.08000183105469,74.98500061035156,75.05000305175781,24593
2026-01-12 17:15:00,75.05000305175781,75.08999633789062,74.9800033569336,74.98999786376953,18359
2026-01-12 17:20:00,74.98500061035156,74.98500061035156,74.9302978515625,74.96499633789062,14653
2026-01-12 17:25:00,74.96499633789062,74.97000122070312,74.93000030517578,74.93000030517578,18943
2026-01-12 17:30:00,74.93499755859375,74.95999908447266,74.89700317382812,74.9000015258789,12594
2026-01-12 17:35:00,74.91000366210938,74.98999786376953,74.91000366210938,74.95999908447266,20756
2026-01-12 17:40:00,75.01280212402344,75.07499694824219,75.01000213623047,75.01000213623047,21344
2026-01-12 17:45:00,74.98999786376953,75.01249694824219,74.94000244140625,74.9800033569336,7907
2026-01-12 17:50:00,74.97000122070312,75.0199966430664,74.91999816894531,74.98999786376953,19975
2026-01-12 17:55:00,74.9800033569336,74.9999008178711,74.94000244140625,74.9583969116211,9259
2026-01-12 18:00:00,74.95500183105469,74.95999908447266,74.91999816894531,74.94999694824219,11194
2026-01-12 18:05:00,74.94999694824219,74.97000122070312,74.91010284423828,74.91010284423828,15075
2026-01-12 18:10:00,74.94499969482422,74.95999908447266,74.86070251464844,74.87999725341797,17428
2026-01-12 18:15:00,74.91000366210938,74.94000244140625,74.91000366210938,74.94000244140625,8017
2026-01-12 18:20:00,74.94999694824219,74.95999908447266,74.91999816894531,74.92500305175781,9155
2026-01-12 18:25:00,74.94000244140625,74.97000122070312,74.81500244140625,74.81500244140625,69468
2026-01-12 18:30:00,74.81500244140625,74.81999969482422,74.77100372314453,74.80999755859375,15819
2026-01-12 18:35:00,74.80999755859375,74.80999755859375,74.6500015258789,74.66500091552734,25568
2026-01-12 18:40:00,74.66999816894531,74.70999908447266,74.62000274658203,74.66000366210938,24543
2026-01-12 18:45:00,74.6449966430664,74.69000244140625,74.6449966430664,74.66000366210938,16117
2026-01-12 18:50:00,74.65619659423828,74.69999694824219,74.65619659423828,74.68499755859375,10296
2026-01-12 18:55:00,74.68499755859375,74.68499755859375,74.63089752197266,74.6500015258789,16460
2026-01-12 19:00:00,74.6500015258789,74.79080200195312,74.62000274658203,74.79000091552734,66334
2026-01-12 19:05:00,74.80000305175781,74.81999969482422,74.73999786376953,74.7699966430664,30495
2026-01-12 19:10:00,74.7699966430664,74.7699966430664,74.66999816894531,74.68000030517578,16431
2026-01-12 19:15:00,74.67459869384766,74.68000030517578,74.62999725341797,74.66000366210938,17581
2026-01-12 19:20:00,74.66999816894531,74.69000244140625,74.61000061035156,74.61000061035156,20548
2026-01-12 19:25:00,74.62000274658203,74.62000274658203,74.41999816894531,74.49500274658203,63255
2026-01-12 19:30:00,74.48500061035156,74.5011978149414,74.37999725341797,74.43419647216797,40874
2026-01-12 19:35:00,74.43000030517578,74.45999908447266,74.4000015258789,74.44509887695312,20481
2026-01-12 19:40:00,74.43000030517578,74.45999908447266,74.41500091552734,74.43000030517578,27705
2026-01-12 19:45:00,74.41999816894531,74.47000122070312,74.3499984741211,74.4000015258789,24916
2026-01-12 19:50:00,74.41999816894531,74.44999694824219,74.38999938964844,74.44999694824219,26276
2026-01-12 19:55:00,74.44000244140625,74.44999694824219,74.33149719238281,74.37000274658203,25437
2026-01-12 20:00:00,74.3499984741211,74.45999908447266,74.3499984741211,74.45999908447266,23625
2026-01-12 20:05:00,74.45038604736328,74.52999877929688,74.45038604736328,74.5199966430664,14330
2026-01-12 20:10:00,74.5199966430664,74.56999969482422,74.48500061035156,74.5199966430664,32184
2026-01-12 20:15:00,74.51000213623047,74.51000213623047,74.4000015258789,74.44000244140625,17417
2026-01-12 20:20:00,74.43000030517578,74.47000122070312,74.40499877929688,74.41000366210938,24376
2026-01-12 20:25:00,74.40499877929688,74.4800033569336,74.4000015258789,74.44999694824219,29051
2026-01-12 20:30:00,74.44000244140625,74.4800033569336,74.44000244140625,74.47000122070312,21695
2026-01-12 20:35:00,74.46499633789062,74.55000305175781,74.46499633789062,74.5,36665
2026-01-12 20:40:00,74.51000213623047,74.56999969482422,74.48999786376953,74.56999969482422,42186
2026-01-12 20:45:00,74.56999969482422,74.61499786376953,74.44999694824219,74.44999694824219,101981
2026-01-12 20:50:00,74.44999694824219,74.58000183105469,74.37000274658203,74.4000015258789,187082
2026-01-12 20:55:00,74.41000366210938,74.41000366210938,74.31999969482422,74.3290023803711,293984
2026-01-13 14:30:00,74.4000015258789,74.91999816894531,74.4000015258789,74.8499984741211,56140
2026-01-13 14:35:00,74.80000305175781,74.91999816894531,74.6500015258789,74.91000366210938,19557
2026-01-13 14:40:00,74.92310333251953,75.04000091552734,74.87999725341797,74.93000030517578,21691
2026-01-13 14:45:00,74.89700317382812,75.08499908447266,74.89700317382812,75.0,50262
2026-01-13 14:50:00,75.0,75.45999908447266,74.94000244140625,75.44000244140625,71769
2026-01-13 14:55:00,75.44000244140625,75.45999908447266,75.3550033569336,75.38500213623047,38596
2026-01-13 15:00:00,75.41000366210938,75.41999816894531,75.16999816894531,75.20999908447266,32544
2026-01-13 15:05:00,75.1500015258789,75.2300033569336,75.08499908447266,75.20999908447266,29933
2026-01-13 15:10:00,75.20999908447266,75.29000091552734,75.12999725341797,75.21499633789062,30391
2026-01-13 15:15:00,75.21499633789062,75.3499984741211,75.21499633789062,75.33999633789062,32464
2026-01-13 15:20:00,75.31999969482422,75.50499725341797,75.31999969482422,75.46499633789062,57950
2026-01-13 15:25:00,75.44000244140625,75.5,75.3550033569336,75.4625015258789,41348
2026-01-13 15:30:00,75.47000122070312,75.62000274658203,75.4010009765625,75.62000274658203,62940
2026-01-13 15:35:00,75.62000274658203,75.68000030517578,75.43000030517578,75.43000030517578,112457
2026-01-13 15:40:00,75.4000015258789,75.5999984741211,75.4000015258789,75.55000305175781,24086
2026-01-13 15:45:00,75.56999969482422,75.65160369873047,75.5199966430664,75.5999984741211,23831
2026-01-13 15:50:00,75.59500122070312,75.59500122070312,75.33999633789062,75.3550033569336,82056
2026-01-13 15:55:00,75.3550033569336,75.3550033569336,75.19999694824219,75.20500183105469,27287
2026-01-13 16:00:00,75.18599700927734,75.2699966430664,75.16999816894531,75.25,85851
2026-01-13 16:05:00,75.2699966430664,75.5,75.25299835205078,75.36499786376953,50586
2026-01-13 16:10:00,75.36499786376953,75.47000122070312,75.30999755859375,75.41000366210938,51504
2026-01-13 16:15:00,75.4000015258789,75.51000213623047,75.37999725341797,75.44999694824219,38694
2026-01-13 16:20:00,75.43000030517578,75.56999969482422,75.41500091552734,75.42500305175781,174066
2026-01-13 16:25:00,75.43499755859375,75.52999877929688,75.3499984741211,75.45500183105469,58024
2026-01-13 16:30:00,75.44000244140625,75.4749984741211,75.38999938964844,75.43000030517578,203889
2026-01-13 16:35:00,75.41999816894531,75.55000305175781,75.30999755859375,75.5,58510
2026-01-13 16:40:00,75.55000305175781,75.68000030517578,75.51499938964844,75.63500213623047,30686
2026-01-13 16:45:00,75.62999725341797,75.6449966430664,75.38999938964844,75.41999816894531,34535
2026-01-13 16:50:00,75.41999816894531,75.61499786376953,75.41999816894531,75.55000305175781,85261
2026-01-13 16:55:00,75.54000091552734,75.54000091552734,75.28500366210938,75.37000274658203,95139
2026-01-13 17:00:00,75.38999938964844,75.54000091552734,75.38999938964844,75.54000091552734,28803
2026-01-13 17:05:00,75.55999755859375,75.61000061035156,75.4800033569336,75.48500061035156,39694
2026-01-13 17:10:00,75.48500061035156,75.51499938964844,75.41500091552734,75.51499938964844,46201
2026-01-13 17:15:00,75.50499725341797,75.55999755859375,75.5,75.54000091552734,22643
2026-01-13 17:20:00,75.54000091552734,75.55500030517578,75.51000213623047,75.5250015258789,26769
2026-01-13 17:25:00,75.5250015258789,75.625,75.51000213623047,75.6050033569336,32307
2026-01-13 17:30:00,75.6050033569336,75.62999725341797,75.51100158691406,75.56999969482422,26131
2026-01-13 17:35:00,75.58499908447266,75.58499908447266,75.44000244140625,75.44000244140625,27008
2026-01-13 17:40:00,75.45999908447266,75.55000305175781,75.43000030517578,75.55000305175781,35886
2026-01-13 17:45:00,75.54499816894531,75.54499816894531,75.4800033569336,75.4800033569336,29233
2026-01-13 17:50:00,75.47000122070312,75.47000122070312,75.41000366210938,75.41000366210938,37077
2026-01-13 17:55:00,75.41000366210938,75.4800033569336,75.40499877929688,75.45999908447266,40798
2026-01-13 18:00:00,75.46499633789062,75.4800033569336,75.41500091552734,75.45999908447266,26825
2026-01-13 18:05:00,75.45500183105469,75.47000122070312,75.40499877929688,75.40499877929688,22778
2026-01-13 18:10:00,75.38999938964844,75.47000122070312,75.33000183105469,75.33999633789062,36301
2026-01-13 18:15:00,75.33999633789062,75.37000274658203,75.31999969482422,75.33499908447266,18055
2026-01-13 18:20:00,75.3499984741211,75.44000244140625,75.3499984741211,75.42500305175781,20590
2026-01-13 18:25:00,75.44000244140625,75.45999908447266,75.41000366210938,75.44499969482422,25057
2026-01-13 18:30:00,75.44499969482422,75.54989624023438,75.44000244140625,75.49500274658203,37815
2026-01-13 18:35:00,75.49500274658203,75.55000305175781,75.44000244140625,75.53500366210938,26575
2026-01-13 18:40:00,75.55000305175781,75.61000061035156,75.51499938964844,75.5999984741211,28396
2026-01-13 18:45:00,75.5999984741211,75.69000244140625,75.5999984741211,75.61499786376953,45106
2026-01-13 18:50:00,75.61499786376953,75.72000122070312,75.61499786376953,75.72000122070312,31735
2026-01-13 18:55:00,75.71499633789062,75.77999877929688,75.68000030517578,75.73100280761719,42553
2026-01-13 19:00:00,75.7300033569336,75.7699966430664,75.68000030517578,75.68000030517578,36227
2026-01-13 19:05:00,75.66999816894531,75.78500366210938,75.66000366210938,75.7300033569336,29287
2026-01-13 19:10:00,75.7300033569336,75.74500274658203,75.69000244140625,75.73999786376953,18947
2026-01-13 19:15:00,75.73999786376953,75.76499938964844,75.63999938964844,75.66999816894531,43639
2026-01-13 19:20:00,75.66500091552734,75.76499938964844,75.66500091552734,75.73500061035156,31659
2026-01-13 19:25:00,75.73999786376953,75.81500244140625,75.73999786376953,75.80000305175781,24335
2026-01-13 19:30:00,75.80999755859375,75.8499984741211,75.79000091552734,75.80999755859375,40825
2026-01-13 19:35:00,75.81999969482422,75.88999938964844,75.81999969482422,75.88999938964844,29109
2026-01-13 19:40:00,75.89800262451172,75.94499969482422,75.80000305175781,75.8499984741211,48843
2026-01-13 19:45:00,75.84500122070312,75.8550033569336,75.7750015258789,75.8499984741211,44318
2026-01-13 19:50:00,75.83999633789062,75.83999633789062,75.66000366210938,75.72000122070312,52097
2026-01-13 19:55:00,75.7300033569336,75.86499786376953,75.70999908447266,75.86000061035156,58055
2026-01-13 20:00:00,75.86000061035156,75.86499786376953,75.81999969482422,75.86000061035156,35092
2026-01-13 20:05:00,75.86000061035156,75.9000015258789,75.79000091552734,75.84500122070312,41161
2026-01-13 20:10:00,75.84500122070312,75.93000030517578,75.82499694824219,75.93000030517578,110796
2026-01-13 20:15:00,75.91000366210938,75.93000030517578,75.74009704589844,75.83999633789062,55817
2026-01-13 20:20:00,75.84500122070312,75.92500305175781,75.81999969482422,75.92500305175781,36392
2026-01-13 20:25:00,75.93000030517578,75.97000122070312,75.8949966430664,75.97000122070312,48605
2026-01-13 20:30:00,75.95999908447266,75.98999786376953,75.8499984741211,75.93000030517578,76224
2026-01-13 20:35:00,75.94000244140625,75.94999694824219,75.83499908447266,75.91999816894531,99000
2026-01-13 20:40:00,75.90499877929688,76.04000091552734,75.90499877929688,75.99500274658203,111580
2026-01-13 20:45:00,75.99500274658203,76.1500015258789,75.9800033569336,76.11000061035156,170626
2026-01-13 20:50:00,76.12000274658203,76.26499938964844,76.1050033569336,76.20500183105469,210528
2026-01-13 20:55:00,76.20999908447266,76.20999908447266,76.01499938964844,76.06999969482422,475101
2026-01-14 14:30:00,76.22000122070312,77.1500015258789,76.22000122070312,77.06999969482422,68054
2026-01-14 14:35:00,77.0999984741211,77.11000061035156,76.91000366210938,76.98999786376953,23294
2026-01-14 14:40:00,76.95960235595703,77.27999877929688,76.95960235595703,77.0199966430664,38759
2026-01-14 14:45:00,77.0,77.2699966430664,76.94999694824219,77.13999938964844,73575
2026-01-14 14:50:00,77.16000366210938,77.33999633789062,77.12999725341797,77.32620239257812,42590
2026-01-14 14:55:00,77.30999755859375,77.375,77.26000213623047,77.33999633789062,68596
2026-01-14 15:00:00,77.33000183105469,77.41999816894531,77.27999877929688,77.38999938964844,70951
2026-01-14 15:05:00,77.36499786376953,77.45999908447266,77.30999755859375,77.38500213623047,23948
2026-01-14 15:10:00,77.37999725341797,77.45500183105469,77.31999969482422,77.37999725341797,28910
2026-01-14 15:15:00,77.37999725341797,77.48999786376953,77.33000183105469,77.4749984741211,52707
2026-01-14 15:20:00,77.5,77.56999969482422,77.43000030517578,77.5,31048
2026-01-14 15:25:00,77.5,77.54000091552734,77.41840362548828,77.44000244140625,20560
2026-01-14 15:30:00,77.41999816894531,77.44000244140625,77.30999755859375,77.30999755859375,36028
2026-01-14 15:35:00,77.29499816894531,77.33000183105469,77.19999694824219,77.27999877929688,33410
2026-01-14 15:40:00,77.27999877929688,77.30000305175781,77.1500015258789,77.1500015258789,27101
2026-01-14 15:45:00,77.16000366210938,77.16999816894531,77.01000213623047,77.01000213623047,23708
2026-01-14 15:50:00,76.9800033569336,77.05999755859375,76.92500305175781,77.01000213623047,20267
2026-01-14 15:55:00,77.03500366210938,77.08000183105469,76.95999908447266,76.98500061035156,64273
2026-01-14 16:00:00,76.97000122070312,77.00920104980469,76.87000274658203,76.91999816894531,30087
2026-01-14 16:05:00,76.91000366210938,76.93699645996094,76.87999725341797,76.9000015258789,27693
2026-01-14 16:10:00,76.9000015258789,77.01000213623047,76.87999725341797,76.97000122070312,30270
2026-01-14 16:15:00,76.94999694824219,76.94999694824219,76.87999725341797,76.8949966430664,18800
2026-01-14 16:20:00,76.87999725341797,76.9749984741211,76.87999725341797,76.9749984741211,20097
2026-01-14 16:25:00,76.9749984741211,77.16000366210938,76.9749984741211,77.16000366210938,86280
2026-01-14 16:30:00,77.16000366210938,77.2699966430664,77.16000366210938,77.16999816894531,30024
2026-01-14 16:35:00,77.19000244140625,77.30000305175781,77.19000244140625,77.29499816894531,26610
2026-01-14 16:40:00,77.29499816894531,77.37000274658203,77.24500274658203,77.25499725341797,44476
2026-01-14 16:45:00,77.25499725341797,77.33499908447266,77.25,77.26499938964844,21754
2026-01-14 16:50:00,77.26499938964844,77.30999755859375,77.16000366210938,77.19499969482422,71323
2026-01-14 16:55:00,77.20999908447266,77.33999633789062,77.20999908447266,77.33000183105469,35412
2026-01-14 17:00:00,77.32499694824219,77.36499786376953,77.29000091552734,77.30999755859375,23783
2026-01-14 17:05:00,77.31999969482422,77.38999938964844,77.08409881591797,77.08409881591797,58089
2026-01-14 17:10:00,77.12000274658203,77.2300033569336,77.06999969482422,77.13999938964844,27650
2026-01-14 17:15:00,77.13999938964844,77.22000122070312,77.12999725341797,77.1500015258789,17285
2026-01-14 17:20:00,77.1449966430664,77.18000030517578,77.08999633789062,77.16999816894531,35969
2026-01-14 17:25:00,77.16999816894531,77.25,77.16500091552734,77.20999908447266,27430
2026-01-14 17:30:00,77.21499633789062,77.36499786376953,77.20999908447266,77.36499786376953,26592
2026-01-14 17:35:00,77.36000061035156,77.38999938964844,77.31500244140625,77.38999938964844,29516
2026-01-14 17:40:00,77.38999938964844,77.4000015258789,77.36000061035156,77.4000015258789,19849
2026-01-14 17:45:00,77.38500213623047,77.44000244140625,77.33000183105469,77.33000183105469,35138
2026-01-14 17:50:00,77.33000183105469,77.38999938964844,77.30999755859375,77.3550033569336,25339
2026-01-14 17:55:00,77.3550033569336,77.41000366210938,77.23999786376953,77.26000213623047,39747
2026-01-14 18:00:00,77.25,77.31999969482422,77.23999786376953,77.30000305175781,21003
2026-01-14 18:05:00,77.29000091552734,77.38999938964844,77.29000091552734,77.33000183105469,27355
2026-01-14 18:10:00,77.33000183105469,77.3499984741211,77.24500274658203,77.29000091552734,23998
2026-01-14 18:15:00,77.26000213623047,77.26499938964844,77.11000061035156,77.1500015258789,43970
2026-01-14 18:20:00,77.16999816894531,77.24040222167969,77.16999816894531,77.23500061035156,31838
2026-01-14 18:25:00,77.23999786376953,77.24500274658203,77.18000030517578,77.19999694824219,26588
2026-01-14 18:30:00,77.19999694824219,77.30999755859375,77.19999694824219,77.29000091552734,23220
2026-01-14 18:35:00,77.30000305175781,77.30999755859375,77.19499969482422,77.22949981689453,27224
2026-01-14 18:40:00,77.2300033569336,77.25499725341797,77.18000030517578,77.20999908447266,30319
2026-01-14 18:45:00,77.20999908447266,77.40499877929688,77.20999908447266,77.40499877929688,37610
2026-01-14 18:50:00,77.40499877929688,77.58999633789062,77.40499877929688,77.58999633789062,27013
2026-01-14 18:55:00,77.57499694824219,77.62000274658203,77.54000091552734,77.56999969482422,36481
2026-01-14 19:00:00,77.58999633789062,77.70500183105469,77.55000305175781,77.55999755859375,32475
2026-01-14 19:05:00,77.57499694824219,77.5999984741211,77.45999908447266,77.48999786376953,19348
2026-01-14 19:10:00,77.48999786376953,77.55999755859375,77.45999908447266,77.55500030517578,42964
2026-01-14 19:15:00,77.54000091552734,77.5999984741211,77.51000213623047,77.55999755859375,37254
2026-01-14 19:20:00,77.52999877929688,77.61000061035156,77.51499938964844,77.55000305175781,24435
2026-01-14 19:25:00,77.52010345458984,77.56999969482422,77.45999908447266,77.48500061035156,46818
2026-01-14 19:30:00,77.48500061035156,77.48500061035156,77.37000274658203,77.41999816894531,39232
2026-01-14 19:35:00,77.41999816894531,77.41999816894531,77.33000183105469,77.37000274658203,29811
2026-01-14 19:40:00,77.37000274658203,77.375,77.30000305175781,77.30999755859375,26064
2026-01-14 19:45:00,77.30000305175781,77.37000274658203,77.27999877929688,77.35310363769531,26777
2026-01-14 19:50:00,77.36000061035156,77.4000015258789,77.33000183105469,77.4000015258789,28240
2026-01-14 19:55:00,77.4000015258789,77.4009780883789,77.27999877929688,77.36000061035156,60239
2026-01-14 20:00:00,77.33999633789062,77.33999633789062,77.26000213623047,77.27999877929688,42367
2026-01-14 20:05:00,77.29000091552734,77.33000183105469,77.13999938964844,77.20999908447266,68349
2026-01-14 20:10:00,77.22000122070312,77.23999786376953,77.18000030517578,77.18000030517578,60722
2026-01-14 20:15:00,77.19000244140625,77.27999877929688,77.0999984741211,77.0999984741211,201887
2026-01-14 20:20:00,77.0999984741211,77.18460083007812,77.03500366210938,77.16000366210938,267176
2026-01-14 20:25:00,77.16000366210938,77.19999694824219,77.11000061035156,77.18000030517578,49279
2026-01-14 20:30:00,77.18499755859375,77.2300033569336,77.13999938964844,77.1500015258789,66354
2026-01-14 20:35:00,77.1500015258789,77.19999694824219,77.08999633789062,77.11000061035156,67585
2026-01-14 20:40:00,77.11000061035156,77.2300033569336,77.08000183105469,77.16999816894531,85903
2026-01-14 20:45:00,77.1500015258789,77.15499877929688,77.0,77.02999877929688,112757
2026-01-14 20:50:00,77.04000091552734,77.08999633789062,76.97000122070312,77.02999877929688,188263
2026-01-14 20:55:00,77.03500366210938,77.12999725341797,77.0,77.12999725341797,396489
2026-01-15 14:30:00,77.1500015258789,77.61000061035156,77.05999755859375,77.53500366210938,77134
2026-01-15 14:35:00,77.4800033569336,77.58499908447266,77.13999938964844,77.19999694824219,19205
2026-01-15 14:40:00,77.19999694824219,77.41000366210938,77.04000091552734,77.05000305175781,28269
2026-01-15 14:45:00,77.01000213623047,77.31999969482422,77.0,77.20500183105469,16024
2026-01-15 14:50:00,77.19000244140625,77.25900268554688,76.93000030517578,76.96499633789062,33473
2026-01-15 14:55:00,76.95999908447266,76.99500274658203,76.86499786376953,76.9000015258789,19364
2026-01-15 15:00:00,76.93000030517578,77.0,76.87999725341797,76.91000366210938,32771
2026-01-15 15:05:00,76.9000015258789,77.04989624023438,76.86000061035156,77.0199966430664,46749
2026-01-15 15:10:00,77.05999755859375,77.13999938964844,76.98500061035156,77.10009765625,32523
2026-01-15 15:15:00,77.11000061035156,77.25,77.01000213623047,77.2300033569336,47635
2026-01-15 15:20:00,77.20999908447266,77.2699966430664,77.16000366210938,77.18000030517578,26396
2026-01-15 15:25:00,77.19999694824219,77.37000274658203,77.19999694824219,77.30999755859375,27110
2026-01-15 15:30:00,77.29000091552734,77.4198989868164,77.29000091552734,77.3949966430664,16906
2026-01-15 15:35:00,77.38500213623047,77.4000015258789,77.31999969482422,77.37999725341797,42577
2026-01-15 15:40:00,77.36009979248047,77.51000213623047,77.36009979248047,77.48999786376953,28197
2026-01-15 15:45:00,77.50749969482422,77.51000213623047,77.41999816894531,77.47000122070312,34273
2026-01-15 15:50:00,77.46499633789062,77.5199966430664,77.33999633789062,77.34500122070312,97236
2026-01-15 15:55:00,77.3499984741211,77.44999694824219,77.34500122070312,77.37999725341797,42248
2026-01-15 16:00:00,77.37999725341797,77.45999908447266,77.30999755859375,77.43000030517578,68431
2026-01-15 16:05:00,77.43000030517578,77.5,77.37000274658203,77.38999938964844,32108
2026-01-15 16:10:00,77.3949966430664,77.4800033569336,77.36000061035156,77.4800033569336,31729
2026-01-15 16:15:00,77.45999908447266,77.51000213623047,77.41999816894531,77.45500183105469,23487
2026-01-15 16:20:00,77.44999694824219,77.47000122070312,77.37999725341797,77.44999694824219,25638
2026-01-15 16:25:00,77.45999908447266,77.51000213623047,77.44999694824219,77.4800033569336,29267
2026-01-15 16:30:00,77.4800033569336,77.52999877929688,77.45999908447266,77.4800033569336,17349
2026-01-15 16:35:00,77.47000122070312,77.55000305175781,77.47000122070312,77.4800033569336,31805
2026-01-15 16:40:00,77.47789764404297,77.4800033569336,77.43000030517578,77.44499969482422,13728
2026-01-15 16:45:00,77.44499969482422,77.48999786376953,77.41000366210938,77.4749984741211,25835
2026-01-15 16:50:00,77.4749984741211,77.52249908447266,77.4000015258789,77.4000015258789,24692
2026-01-15 16:55:00,77.41500091552734,77.4800033569336,77.41000366210938,77.45999908447266,30182
2026-01-15 17:00:00,77.46499633789062,77.48999786376953,77.42500305175781,77.43499755859375,35746
2026-01-15 17:05:00,77.42500305175781,77.4800033569336,77.42500305175781,77.44000244140625,17590
2026-01-15 17:10:00,77.44999694824219,77.5,77.44000244140625,77.4800033569336,22753
2026-01-15 17:15:00,77.47740173339844,77.5199966430664,77.46499633789062,77.47000122070312,47721
2026-01-15 17:20:00,77.48999786376953,77.54000091552734,77.46499633789062,77.48999786376953,93491
2026-01-15 17:25:00,77.45999908447266,77.48500061035156,77.41000366210938,77.41999816894531,26410
2026-01-15 17:30:00,77.41999816894531,77.45999908447266,77.38999938964844,77.38999938964844,22360
2026-01-15 17:35:00,77.3949966430664,77.6449966430664,77.37999725341797,77.63500213623047,74071
2026-01-15 17:40:00,77.6500015258789,77.75499725341797,77.62999725341797,77.68499755859375,27902
2026-01-15 17:45:00,77.68000030517578,77.69000244140625,77.56999969482422,77.5999984741211,27607
2026-01-15 17:50:00,77.61000061035156,77.68000030517578,77.5999984741211,77.66999816894531,26620
2026-01-15 17:55:00,77.6719970703125,77.72000122070312,77.6500015258789,77.6500015258789,23314
2026-01-15 18:00:00,77.6500015258789,77.79000091552734,77.625,77.77999877929688,28181
2026-01-15 18:05:00,77.77999877929688,77.80000305175781,77.75,77.7699966430664,15873
2026-01-15 18:10:00,77.7699966430664,77.91000366210938,77.76000213623047,77.90499877929688,25146
2026-01-15 18:15:00,77.91000366210938,77.98500061035156,77.9000015258789,77.93000030517578,29524
2026-01-15 18:20:00,77.93000030517578,77.94000244140625,77.88999938964844,77.92500305175781,30515
2026-01-15 18:25:00,77.92500305175781,78.0199966430664,77.8499984741211,78.01000213623047,52772
2026-01-15 18:30:00,78.01000213623047,78.04499816894531,77.9800033569336,78.01000213623047,36044
2026-01-15 18:35:00,78.01000213623047,78.02999877929688,77.91500091552734,77.93000030517578,52748
2026-01-15 18:40:00,77.91999816894531,78.05500030517578,77.9000015258789,78.05000305175781,27704
2026-01-15 18:45:00,78.06999969482422,78.12999725341797,78.04000091552734,78.07499694824219,79467
2026-01-15 18:50:00,78.08000183105469,78.2300033569336,78.07499694824219,78.16000366210938,63025
2026-01-15 18:55:00,78.16000366210938,78.26000213623047,78.1500015258789,78.23999786376953,42976
2026-01-15 19:00:00,78.23999786376953,78.38999938964844,78.19999694824219,78.3550033569336,31593
2026-01-15 19:05:00,78.3499984741211,78.36000061035156,78.25,78.25,25287
2026-01-15 19:10:00,78.2699966430664,78.38999938964844,78.25499725341797,78.375,32666
2026-01-15 19:15:00,78.375,78.44000244140625,78.375,78.44000244140625,29776
2026-01-15 19:20:00,78.44000244140625,78.52999877929688,78.44000244140625,78.52999877929688,47352
2026-01-15 19:25:00,78.55000305175781,78.55000305175781,78.46499633789062,78.47000122070312,34300
2026-01-15 19:30:00,78.47000122070312,78.54000091552734,78.44000244140625,78.52999877929688,29403
2026-01-15 19:35:00,78.52999877929688,78.54000091552734,78.44999694824219,78.5199966430664,31801
2026-01-15 19:40:00,78.5199966430664,78.52999877929688,78.5,78.51000213623047,39542
2026-01-15 19:45:00,78.5199966430664,78.58000183105469,78.51000213623047,78.58000183105469,38921
2026-01-15 19:50:00,78.55999755859375,78.58000183105469,78.5,78.51000213623047,27742
2026-01-15 19:55:00,78.51000213623047,78.6500015258789,78.51000213623047,78.61000061035156,94962
2026-01-15 20:00:00,78.61000061035156,78.6500015258789,78.56500244140625,78.58999633789062,56066
2026-01-15 20:05:00,78.58499908447266,78.63999938964844,78.58499908447266,78.61000061035156,52212
2026-01-15 20:10:00,78.62000274658203,78.73999786376953,78.62000274658203,78.68000030517578,23687
2026-01-15 20:15:00,78.68000030517578,78.68000030517578,78.61000061035156,78.66000366210938,58440
2026-01-15 20:20:00,78.66999816894531,78.75,78.66999816894531,78.72000122070312,34962
2026-01-15 20:25:00,78.72000122070312,78.75,78.66999816894531,78.72000122070312,53821
2026-01-15 20:30:00,78.7300033569336,78.7699966430664,78.69000244140625,78.72000122070312,63344
2026-01-15 20:35:00,78.72000122070312,78.79000091552734,78.66000366210938,78.79000091552734,103736
2026-01-15 20:40:00,78.79000091552734,78.9000015258789,78.77999877929688,78.86499786376953,132120
2026-01-15 20:45:00,78.8499984741211,79.01000213623047,78.79499816894531,78.97000122070312,244661
2026-01-15 20:50:00,78.95999908447266,79.08999633789062,78.94999694824219,79.08999633789062,174326
2026-01-15 20:55:00,79.08999633789062,79.24500274658203,79.05000305175781,79.19000244140625,577772
2026-01-16 14:30:00,78.66999816894531,78.94000244140625,78.66000366210938,78.70999908447266,245474
2026-01-16 14:35:00,78.82160186767578,78.82160186767578,78.44499969482422,78.48999786376953,17283
2026-01-16 14:40:00,78.43009948730469,78.5282974243164,78.30000305175781,78.44999694824219,11599
2026-01-16 14:45:00,78.40499877929688,78.48999786376953,78.31999969482422,78.43499755859375,18636
2026-01-16 14:50:00,78.43499755859375,78.5199966430664,78.43499755859375,78.47000122070312,24581
2026-01-16 14:55:00,78.44999694824219,78.52999877929688,78.32499694824219,78.32499694824219,37022
2026-01-16 15:00:00,78.33999633789062,78.44499969482422,78.13500213623047,78.21499633789062,54908
2026-01-16 15:05:00,78.21499633789062,78.375,78.16999816894531,78.31999969482422,27613
2026-01-16 15:10:00,78.30000305175781,78.375,78.2300033569336,78.3499984741211,26083
2026-01-16 15:15:00,78.33999633789062,78.3550033569336,78.19999694824219,78.26000213623047,18535
2026-01-16 15:20:00,78.25499725341797,78.29000091552734,78.16000366210938,78.18000030517578,36511
2026-01-16 15:25:00,78.18000030517578,78.37999725341797,78.17500305175781,78.36499786376953,24541
2026-01-16 15:30:00,78.36499786376953,78.38999938964844,78.18000030517578,78.18000030517578,15812
2026-01-16 15:35:00,78.18000030517578,78.25,78.18000030517578,78.19999694824219,15933
2026-01-16 15:40:00,78.19499969482422,78.27989959716797,78.19000244140625,78.21499633789062,41858
2026-01-16 15:45:00,78.19999694824219,78.24500274658203,78.18000030517578,78.20999908447266,25443
2026-01-16 15:50:00,78.19000244140625,78.2300033569336,77.97000122070312,78.01499938964844,36730
2026-01-16 15:55:00,78.02999877929688,78.06999969482422,77.99500274658203,77.99500274658203,22886
2026-01-16 16:00:00,77.99500274658203,78.16999816894531,77.99500274658203,78.13999938964844,20461
2026-01-16 16:05:00,78.12999725341797,78.12999725341797,77.99500274658203,78.01000213623047,23346
2026-01-16 16:10:00,77.98999786376953,78.07109832763672,77.9000015258789,77.95999908447266,39338
2026-01-16 16:15:00,77.95999908447266,78.01000213623047,77.94000244140625,77.97000122070312,17237
2026-01-16 16:20:00,77.97000122070312,78.04399871826172,77.95999908447266,78.04399871826172,11623
2026-01-16 16:25:00,78.0322036743164,78.06403350830078,77.97000122070312,77.9800033569336,14724
2026-01-16 16:30:00,77.9749984741211,77.9749984741211,77.79000091552734,77.79000091552734,18673
2026-01-16 16:35:00,77.79000091552734,77.81999969482422,77.75,77.75,12920
2026-01-16 16:40:00,77.75,77.77999877929688,77.70999908447266,77.75,14865
2026-01-16 16:45:00,77.75,77.79000091552734,77.72000122070312,77.7750015258789,15821
2026-01-16 16:50:00,77.76000213623047,77.98999786376953,77.76000213623047,77.97000122070312,34316
2026-01-16 16:55:00,77.97000122070312,78.22000122070312,77.97000122070312,78.03009796142578,38737
2026-01-16 17:00:00,78.04499816894531,78.05999755859375,77.98999786376953,78.00499725341797,8305
2026-01-16 17:05:00,78.02999877929688,78.06999969482422,77.94499969482422,78.06999969482422,26530
2026-01-16 17:10:00,78.08000183105469,78.08499908447266,77.94000244140625,77.98999786376953,36817
2026-01-16 17:15:00,77.97000122070312,78.01799774169922,77.94000244140625,77.94999694824219,17315
2026-01-16 17:20:00,77.97000122070312,78.0199966430664,77.94000244140625,77.94000244140625,17091
2026-01-16 17:25:00,77.94999694824219,77.94999694824219,77.87000274658203,77.91999816894531,15660
2026-01-16 17:30:00,77.95950317382812,77.95950317382812,77.88999938964844,77.88999938964844,8440
2026-01-16 17:35:00,77.87999725341797,77.87999725341797,77.80999755859375,77.83000183105469,13110
2026-01-16 17:40:00,77.82499694824219,77.82499694824219,77.69999694824219,77.70500183105469,17066
2026-01-16 17:45:00,77.70500183105469,77.7300033569336,77.69499969482422,77.70500183105469,22006
2026-01-16 17:50:00,77.70500183105469,77.74250030517578,77.69000244140625,77.7249984741211,21819
2026-01-16 17:55:00,77.7249984741211,77.75,77.69000244140625,77.7300033569336,33594
2026-01-16 18:00:00,77.7300033569336,77.80500030517578,77.70999908447266,77.80159759521484,13043
2026-01-16 18:05:00,77.80999755859375,77.83000183105469,77.7249984741211,77.81500244140625,41772
2026-01-16 18:10:00,77.80999755859375,77.93499755859375,77.80999755859375,77.93499755859375,36653
2026-01-16 18:15:00,77.93499755859375,77.99500274658203,77.90499877929688,77.95999908447266,45490
2026-01-16 18:20:00,77.95500183105469,78.0,77.91000366210938,77.95999908447266,48446
2026-01-16 18:25:00,77.95999908447266,78.01499938964844,77.95999908447266,78.01499938964844,27797
2026-01-16 18:30:00,78.02249908447266,78.02249908447266,77.9800033569336,77.98999786376953,21856
2026-01-16 18:35:00,77.98999786376953,78.06999969482422,77.9800033569336,78.0199966430664,32585
2026-01-16 18:40:00,78.0199966430664,78.05000305175781,77.9800033569336,77.98999786376953,20830
2026-01-16 18:45:00,77.98999786376953,78.05999755859375,77.97000122070312,78.01000213623047,53770
2026-01-16 18:50:00,78.01499938964844,78.05000305175781,77.9800033569336,78.01000213623047,25080
2026-01-16 18:55:00,78.0,78.05999755859375,77.98500061035156,78.04000091552734,20746
2026-01-16 19:00:00,78.04000091552734,78.23999786376953,78.04000091552734,78.23999786376953,23850
2026-01-16 19:05:00,78.26000213623047,78.33499908447266,78.2249984741211,78.29000091552734,24632
2026-01-16 19:10:00,78.30999755859375,78.33999633789062,78.22000122070312,78.33000183105469,21061
2026-01-16 19:15:00,78.33000183105469,78.37000274658203,78.33000183105469,78.36990356445312,10282
2026-01-16 19:20:00,78.36000061035156,78.37000274658203,78.28500366210938,78.36000061035156,22381
2026-01-16 19:25:00,78.37000274658203,78.38999938964844,78.34500122070312,78.36000061035156,16370
2026-01-16 19:30:00,78.3499984741211,78.3499984741211,78.28500366210938,78.30000305175781,12631
2026-01-16 19:35:00,78.30000305175781,78.4000015258789,78.30000305175781,78.33999633789062,16697
2026-01-16 19:40:00,78.34500122070312,78.37999725341797,78.31999969482422,78.37999725341797,17690
2026-01-16 19:45:00,78.375,78.41999816894531,78.36000061035156,78.37200164794922,18306
2026-01-16 19:50:00,78.37000274658203,78.38999938964844,78.33000183105469,78.33000183105469,17345
2026-01-16 19:55:00,78.33499908447266,78.33999633789062,78.27249908447266,78.2750015258789,20071
2026-01-16 20:00:00,78.26000213623047,78.26000213623047,78.19999694824219,78.2300033569336,13867
2026-01-16 20:05:00,78.23999786376953,78.27999877929688,78.19999694824219,78.2300033569336,18041
2026-01-16 20:10:00,78.22000122070312,78.23999786376953,78.19000244140625,78.2300033569336,18337
2026-01-16 20:15:00,78.22000122070312,78.27999877929688,78.20970153808594,78.25,15752
2026-01-16 20:20:00,78.25,78.31999969482422,78.22000122070312,78.28500366210938,16504
2026-01-16 20:25:00,78.27999877929688,78.30999755859375,78.2425537109375,78.26000213623047,27369
2026-01-16 20:30:00,78.25499725341797,78.30000305175781,78.24500274658203,78.28500366210938,25690
2026-01-16 20:35:00,78.27220153808594,78.37999725341797,78.2699966430664,78.33000183105469,28438
2026-01-16 20:40:00,78.30999755859375,78.52999877929688,78.30999755859375,78.5199966430664,51151
2026-01-16 20:45:00,78.5199966430664,78.69999694824219,78.5199966430664,78.69999694824219,62915
2026-01-16 20:50:00,78.73999786376953,78.9749984741211,78.72000122070312,78.86000061035156,126717
2026-01-16 20:55:00,78.8499984741211,78.8550033569336,78.66999816894531,78.80000305175781,288189
2026-01-20 14:30:00,78.44999694824219,78.55000305175781,77.99500274658203,77.9977035522461,87432
2026-01-20 14:35:00,77.93000030517578,78.16999816894531,77.77999877929688,78.1500015258789,47818
2026-01-20 14:40:00,78.16000366210938,78.22940063476562,77.91000366210938,77.95999908447266,17126
2026-01-20 14:45:00,77.98999786376953,78.04000091552734,77.81999969482422,77.9749984741211,25846
2026-01-20 14:50:00,78.00499725341797,78.01000213623047,77.70999908447266,77.73999786376953,32156
2026-01-20 14:55:00,77.73999786376953,77.73999786376953,77.37000274658203,77.43000030517578,24631
2026-01-20 15:00:00,77.41999816894531,77.56500244140625,77.27999877929688,77.44999694824219,66537
2026-01-20 15:05:00,77.44999694824219,77.5,77.33999633789062,77.36000061035156,31263
2026-01-20 15:10:00,77.36000061035156,77.48500061035156,77.3499984741211,77.47000122070312,46615
2026-01-20 15:15:00,77.43000030517578,77.54000091552734,77.4000015258789,77.48999786376953,21530
2026-01-20 15:20:00,77.47000122070312,77.52999877929688,77.38500213623047,77.52999877929688,24929
2026-01-20 15:25:00,77.5,77.55000305175781,77.4749984741211,77.52999877929688,22294
2026-01-20 15:30:00,77.54000091552734,77.6500015258789,77.47049713134766,77.6500015258789,24930
2026-01-20 15:35:00,77.65499877929688,77.76000213623047,77.56999969482422,77.56999969482422,41187
2026-01-20 15:40:00,77.58000183105469,77.58000183105469,77.56999969482422,77.56999969482422,164774
2026-01-20 15:45:00,77.56999969482422,77.58000183105469,77.44999694824219,77.4800033569336,67737
2026-01-20 15:50:00,77.45999908447266,77.55000305175781,77.4000015258789,77.47000122070312,86583
2026-01-20 15:55:00,77.47000122070312,77.55000305175781,77.45999908447266,77.50499725341797,58887
2026-01-20 16:00:00,77.50499725341797,77.52999877929688,77.4000015258789,77.5,35447
2026-01-20 16:05:00,77.48500061035156,77.50749969482422,77.37000274658203,77.41000366210938,64379
2026-01-20 16:10:00,77.41500091552734,77.66000366210938,77.4000015258789,77.59500122070312,40395
2026-01-20 16:15:00,77.58000183105469,77.61990356445312,77.5199966430664,77.57499694824219,53430
2026-01-20 16:20:00,77.56999969482422,77.58000183105469,77.4749984741211,77.5199966430664,52401
2026-01-20 16:25:00,77.51000213623047,77.61000061035156,77.4800033569336,77.52999877929688,105942
2026-01-20 16:30:00,77.5199966430664,77.57879638671875,76.94999694824219,77.31999969482422,103056
2026-01-20 16:35:00,77.37000274658203,77.54000091552734,77.20999908447266,77.34500122070312,72180
2026-01-20 16:40:00,77.34500122070312,77.55999755859375,77.33000183105469,77.47000122070312,140035
2026-01-20 16:45:00,77.47000122070312,77.6500015258789,77.3499984741211,77.36000061035156,185390
2026-01-20 16:50:00,77.37000274658203,77.37999725341797,77.22000122070312,77.2699966430664,33556
2026-01-20 16:55:00,77.2750015258789,77.76000213623047,77.2750015258789,77.5,127809
2026-01-20 17:00:00,77.5,77.52999877929688,77.26000213623047,77.26000213623047,59746
2026-01-20 17:05:00,77.2699966430664,77.41999816894531,77.2699966430664,77.3949966430664,34769
2026-01-20 17:10:00,77.4000015258789,77.57499694824219,77.4000015258789,77.54499816894531,24356
2026-01-20 17:15:00,77.52999877929688,77.52999877929688,77.47000122070312,77.48999786376953,31276
2026-01-20 17:20:00,77.48999786376953,77.48999786376953,77.31999969482422,77.31999969482422,19890
2026-01-20 17:25:00,77.31999969482422,77.33000183105469,77.27999877929688,77.31999969482422,12473
2026-01-20 17:30:00,77.29000091552734,77.33000183105469,77.20999908447266,77.30000305175781,24158
2026-01-20 17:35:00,77.33000183105469,77.45500183105469,77.33000183105469,77.44999694824219,10459
2026-01-20 17:40:00,77.44999694824219,77.5,77.4000015258789,77.40499877929688,14307
2026-01-20 17:45:00,77.38999938964844,77.41999816894531,77.3499984741211,77.38999938964844,15949
2026-01-20 17:50:00,77.38500213623047,77.47000122070312,77.37999725341797,77.41000366210938,20680
2026-01-20 17:55:00,77.41000366210938,77.52999877929688,77.36499786376953,77.47000122070312,23587
2026-01-20 18:00:00,77.47000122070312,77.55999755859375,77.47000122070312,77.4800033569336,19646
2026-01-20 18:05:00,77.4749984741211,77.55249786376953,77.47090148925781,77.52999877929688,13068
2026-01-20 18:10:00,77.55000305175781,77.6500015258789,77.52999877929688,77.62000274658203,14830
2026-01-20 18:15:00,77.62000274658203,77.62000274658203,77.5199966430664,77.54000091552734,16727
2026-01-20 18:20:00,77.5199966430664,77.5199966430664,77.45999908447266,77.48999786376953,35182
2026-01-20 18:25:00,77.4800033569336,77.53500366210938,77.4800033569336,77.51499938964844,17029
2026-01-20 18:30:00,77.5,77.5999984741211,77.48999786376953,77.52999877929688,19450
2026-01-20 18:35:00,77.53500366210938,77.55999755859375,77.5,77.51000213623047,30767
2026-01-20 18:40:00,77.5198974609375,77.58499908447266,77.5,77.56999969482422,53026
2026-01-20 18:45:00,77.55999755859375,77.58000183105469,77.53500366210938,77.55000305175781,20440
2026-01-20 18:50:00,77.55500030517578,77.56999969482422,77.37999725341797,77.4000015258789,34520
2026-01-20 18:55:00,77.41000366210938,77.5,77.4000015258789,77.44499969482422,13520
2026-01-20 19:00:00,77.45999908447266,77.4749984741211,77.27010345458984,77.27010345458984,56272
2026-01-20 19:05:00,77.26000213623047,77.26000213623047,77.16500091552734,77.18000030517578,37424
2026-01-20 19:10:00,77.16999816894531,77.19999694824219,77.04000091552734,77.13999938964844,47528
2026-01-20 19:15:00,77.0999984741211,77.12349700927734,77.0199966430664,77.11000061035156,30610
2026-01-20 19:20:00,77.12999725341797,77.16999816894531,77.05999755859375,77.07099914550781,57664
2026-01-20 19:25:00,77.08999633789062,77.16000366210938,77.08000183105469,77.12000274658203,52574
2026-01-20 19:30:00,77.08999633789062,77.0999984741211,76.94000244140625,76.97000122070312,49223
2026-01-20 19:35:00,76.95999908447266,77.0999984741211,76.9229965209961,77.06999969482422,31678
2026-01-20 19:40:00,77.08999633789062,77.12000274658203,76.9800033569336,77.00499725341797,46491
2026-01-20 19:45:00,77.01000213623047,77.02999877929688,76.91999816894531,76.91999816894531,22717
2026-01-20 19:50:00,76.93000030517578,76.94000244140625,76.8550033569336,76.86250305175781,35747
2026-01-20 19:55:00,76.8550033569336,76.86000061035156,76.68000030517578,76.7249984741211,78994
2026-01-20 20:00:00,76.7249984741211,76.73999786376953,76.58000183105469,76.63500213623047,130421
2026-01-20 20:05:00,76.6500015258789,76.68000030517578,76.61000061035156,76.65499877929688,72540
2026-01-20 20:10:00,76.66999816894531,76.69000244140625,76.56500244140625,76.57499694824219,49686
2026-01-20 20:15:00,76.56999969482422,76.61000061035156,76.5,76.58000183105469,87502
2026-01-20 20:20:00,76.56999969482422,76.62999725341797,76.5,76.52999877929688,85259
2026-01-20 20:25:00,76.52999877929688,76.58999633789062,76.44499969482422,76.55500030517578,94691
2026-01-20 20:30:00,76.55500030517578,76.5999984741211,76.38999938964844,76.52999877929688,168878
2026-01-20 20:35:00,76.52999877929688,76.625,76.45500183105469,76.55999755859375,85816
2026-01-20 20:40:00,76.55500030517578,76.62000274658203,76.37999725341797,76.38999938964844,93009
2026-01-20 20:45:00,76.4000015258789,76.54000091552734,76.38500213623047,76.48999786376953,120679
2026-01-20 20:50:00,76.5,76.5250015258789,76.33999633789062,76.44999694824219,160760
2026-01-20 20:55:00,76.44999694824219,76.55999755859375,76.37000274658203,76.51000213623047,345617
2026-01-21 14:30:00,76.77999877929688,76.95999908447266,76.63999938964844,76.76000213623047,39698
2026-01-21 14:35:00,76.75,77.00499725341797,76.75,76.91000366210938,12081
2026-01-21 14:40:00,76.93499755859375,76.93499755859375,76.80999755859375,76.86000061035156,10962
2026-01-21 14:45:00,76.83000183105469,77.3499984741211,76.83000183105469,77.2249984741211,21726
2026-01-21 14:50:00,77.23999786376953,77.33000183105469,77.19999694824219,77.23999786376953,11858
2026-01-21 14:55:00,77.34500122070312,77.34500122070312,77.22000122070312,77.23500061035156,11718
2026-01-21 15:00:00,77.23999786376953,77.23999786376953,77.05000305175781,77.1449966430664,16823
2026-01-21 15:05:00,77.16999816894531,77.30000305175781,77.15499877929688,77.20999908447266,14333
2026-01-21 15:10:00,77.25,77.30999755859375,77.12000274658203,77.12000274658203,20557
2026-01-21 15:15:00,77.06999969482422,77.16000366210938,77.06009674072266,77.08499908447266,8633
2026-01-21 15:20:00,77.08000183105469,77.16999816894531,77.01000213623047,77.12999725341797,8605
2026-01-21 15:25:00,77.18000030517578,77.31620025634766,77.16000366210938,77.27999877929688,10993
2026-01-21 15:30:00,77.29000091552734,77.29499816894531,77.12000274658203,77.13999938964844,41212
2026-01-21 15:35:00,77.11000061035156,77.2249984741211,77.08000183105469,77.19000244140625,23604
2026-01-21 15:40:00,77.16999816894531,77.18000030517578,77.08999633789062,77.12000274658203,17027
2026-01-21 15:45:00,77.12999725341797,77.2699966430664,77.1050033569336,77.16999816894531,35753
2026-01-21 15:50:00,77.1615982055664,77.22000122070312,77.12999725341797,77.1500015258789,11230
2026-01-21 15:55:00,77.13999938964844,77.22000122070312,76.95500183105469,76.95500183105469,26629
2026-01-21 16:00:00,76.9800033569336,76.9800033569336,76.77999877929688,76.77999877929688,15118
2026-01-21 16:05:00,76.78500366210938,76.78500366210938,76.72000122070312,76.76000213623047,17689
2026-01-21 16:10:00,76.79000091552734,76.83000183105469,76.7750015258789,76.83000183105469,15760
2026-01-21 16:15:00,76.83000183105469,76.86029815673828,76.73999786376953,76.73999786376953,14702
2026-01-21 16:20:00,76.7249984741211,76.7249984741211,76.51499938964844,76.61499786376953,32124
2026-01-21 16:25:00,76.61499786376953,76.72000122070312,76.61499786376953,76.68000030517578,14495
2026-01-21 16:30:00,76.66999816894531,76.74500274658203,76.6500015258789,76.7300033569336,14579
2026-01-21 16:35:00,76.7249984741211,76.80000305175781,76.7249984741211,76.76000213623047,23604
2026-01-21 16:40:00,76.74500274658203,76.80999755859375,76.69999694824219,76.79000091552734,17179
2026-01-21 16:45:00,76.79100036621094,76.92500305175781,76.79100036621094,76.91000366210938,12501
2026-01-21 16:50:00,76.91000366210938,76.9198989868164,76.7699966430664,76.7699966430664,17763
2026-01-21 16:55:00,76.7750015258789,76.83999633789062,76.75499725341797,76.80000305175781,23450
2026-01-21 17:00:00,76.83000183105469,76.83499908447266,76.73500061035156,76.76000213623047,12947
2026-01-21 17:05:00,76.76000213623047,76.7699966430664,76.69000244140625,76.69999694824219,12770
2026-01-21 17:10:00,76.69999694824219,76.7249984741211,76.62999725341797,76.63999938964844,7329
2026-01-21 17:15:00,76.62999725341797,76.66000366210938,76.57499694824219,76.66000366210938,10507
2026-01-21 17:20:00,76.66000366210938,76.87000274658203,76.66000366210938,76.83999633789062,12278
2026-01-21 17:25:00,76.85359954833984,76.86000061035156,76.75,76.83999633789062,14701
2026-01-21 17:30:00,76.87000274658203,76.91500091552734,76.8499984741211,76.86000061035156,9624
2026-01-21 17:35:00,76.87999725341797,76.9000015258789,76.80999755859375,76.83999633789062,16023
2026-01-21 17:40:00,76.84500122070312,76.87000274658203,76.75,76.75,15166
2026-01-21 17:45:00,76.72000122070312,76.8499984741211,76.71499633789062,76.80789947509766,12675
2026-01-21 17:50:00,76.77999877929688,76.8499984741211,76.7699966430664,76.84500122070312,6691
2026-01-21 17:55:00,76.8499984741211,76.8499984741211,76.75,76.75,8584
2026-01-21 18:00:00,76.73500061035156,76.73500061035156,76.65499877929688,76.68000030517578,7322
2026-01-21 18:05:00,76.68000030517578,76.75499725341797,76.68000030517578,76.7300033569336,11523
2026-01-21 18:10:00,76.72000122070312,76.75,76.69999694824219,76.69999694824219,9488
2026-01-21 18:15:00,76.70999908447266,76.83000183105469,76.70999908447266,76.83000183105469,12248
2026-01-21 18:20:00,76.80999755859375,76.80999755859375,76.75499725341797,76.78500366210938,13958
2026-01-21 18:30:00,76.86000061035156,76.87999725341797,76.8499984741211,76.87850189208984,27813
2026-01-21 18:35:00,76.86000061035156,76.87999725341797,76.83999633789062,76.86000061035156,10332
2026-01-21 18:40:00,76.86499786376953,76.91000366210938,76.86000061035156,76.90499877929688,29074
2026-01-21 18:45:00,76.90499877929688,76.9800033569336,76.9000015258789,76.97000122070312,14486
2026-01-21 18:50:00,76.97000122070312,76.97000122070312,76.8499984741211,76.86499786376953,15292
2026-01-21 18:55:00,76.87000274658203,76.88999938964844,76.7699966430664,76.7699966430664,15514
2026-01-21 19:00:00,76.78500366210938,76.78500366210938,76.72000122070312,76.72000122070312,18440
2026-01-21 19:05:00,76.70999908447266,76.7699966430664,76.69999694824219,76.71499633789062,32779
2026-01-21 19:10:00,76.71499633789062,76.7300033569336,76.6500015258789,76.65499877929688,31862
2026-01-21 19:15:00,76.63999938964844,76.7300033569336,76.58999633789062,76.70999908447266,18091
2026-01-21 19:20:00,76.7300033569336,76.80899810791016,76.7300033569336,76.77999877929688,42973
2026-01-21 19:25:00,76.7750015258789,76.8499984741211,76.7301025390625,76.80000305175781,43936
2026-01-21 19:30:00,76.80500030517578,76.90869903564453,76.75,76.8499984741211,27570
2026-01-21 19:35:00,76.8550033569336,77.0,76.7750015258789,76.96499633789062,24297
2026-01-21 19:40:00,76.86000061035156,77.0199966430664,76.86000061035156,76.95999908447266,27460
2026-01-21 19:45:00,76.95999908447266,76.9800033569336,76.86499786376953,76.93499755859375,35611
2026-01-21 19:50:00,76.94999694824219,77.02999877929688,76.9000015258789,76.9000015258789,19901
2026-01-21 19:55:00,76.9000015258789,76.93000030517578,76.8499984741211,76.92500305175781,29392
2026-01-21 20:00:00,76.93620300292969,77.0,76.91010284423828,76.97000122070312,35439
2026-01-21 20:05:00,76.97000122070312,76.98500061035156,76.8499984741211,76.87999725341797,27210
2026-01-21 20:10:00,76.87000274658203,76.95999908447266,76.86000061035156,76.94999694824219,16906
2026-01-21 20:15:00,76.95999908447266,76.98500061035156,76.88999938964844,76.91000366210938,27731
2026-01-21 20:20:00,76.88999938964844,76.91999816894531,76.86000061035156,76.9000015258789,43722
2026-01-21 20:25:00,76.9000015258789,76.91999816894531,76.87000274658203,76.9000015258789,31877
2026-01-21 20:30:00,76.88999938964844,76.91000366210938,76.86910247802734,76.9000015258789,37525
2026-01-21 20:35:00,76.9000015258789,77.0199966430664,76.88999938964844,76.98999786376953,34791
2026-01-21 20:40:00,77.0,77.01000213623047,76.80000305175781,76.80999755859375,77360
2026-01-21 20:45:00,76.80000305175781,76.83000183105469,76.76000213623047,76.81500244140625,67422
2026-01-21 20:50:00,76.83000183105469,76.83999633789062,76.67500305175781,76.69999694824219,126820
2026-01-21 20:55:00,76.69999694824219,76.94999694824219,76.69999694824219,76.93000030517578,251220
2026-01-22 14:30:00,76.91000366210938,77.18000030517578,76.80000305175781,76.94999694824219,42810
2026-01-22 14:35:00,77.08999633789062,77.2300033569336,77.05999755859375,77.09500122070312,20593
2026-01-22 14:40:00,77.0999984741211,77.20500183105469,76.91999816894531,77.0999984741211,41522
2026-01-22 14:45:00,77.125,77.2300033569336,76.95999908447266,77.1050033569336,34873
2026-01-22 14:50:00,77.1050033569336,77.13999938964844,76.6500015258789,76.66999816894531,27814
2026-01-22 14:55:00,76.66999816894531,76.94000244140625,76.66999816894531,76.8949966430664,23303
2026-01-22 15:00:00,76.94000244140625,76.94000244140625,76.43000030517578,76.46499633789062,50158
2026-01-22 15:05:00,76.46499633789062,76.75,76.44000244140625,76.63500213623047,26941
2026-01-22 15:10:00,76.66999816894531,76.74620056152344,76.61009979248047,76.69999694824219,18497
2026-01-22 15:15:00,76.70999908447266,76.81999969482422,76.61000061035156,76.81500244140625,18666
2026-01-22 15:20:00,76.83000183105469,76.875,76.7750015258789,76.83999633789062,18616
2026-01-22 15:25:00,76.83999633789062,77.09500122070312,76.83999633789062,77.08999633789062,55147
2026-01-22 15:30:00,77.12000274658203,77.33000183105469,77.08719635009766,77.20999908447266,66981
2026-01-22 15:35:00,77.21499633789062,77.25499725341797,77.12999725341797,77.25499725341797,21588
2026-01-22 15:40:00,77.25,77.29499816894531,77.2249984741211,77.2300033569336,16684
2026-01-22 15:45:00,77.23500061035156,77.25,77.19499969482422,77.20500183105469,13920
2026-01-22 15:50:00,77.19000244140625,77.20999908447266,76.97000122070312,77.11000061035156,59756
2026-01-22 15:55:00,77.0999984741211,77.11000061035156,77.0199966430664,77.02999877929688,35448
2026-01-22 16:00:00,77.0199966430664,77.02999877929688,76.9800033569336,76.98999786376953,15394
2026-01-22 16:05:00,76.98999786376953,77.05000305175781,76.9800033569336,77.04000091552734,19135
2026-01-22 16:10:00,77.03500366210938,77.03620147705078,76.92500305175781,76.95500183105469,13537
2026-01-22 16:15:00,76.95999908447266,77.01000213623047,76.83499908447266,76.8949966430664,19291
2026-01-22 16:20:00,76.87999725341797,76.91500091552734,76.8499984741211,76.87999725341797,10991
2026-01-22 16:25:00,76.87000274658203,76.90750122070312,76.84500122070312,76.9000015258789,14336
2026-01-22 16:30:00,76.87999725341797,76.94999694824219,76.86499786376953,76.91999816894531,19695
2026-01-22 16:35:00,76.91999816894531,76.94000244140625,76.875,76.91500091552734,9612
2026-01-22 16:40:00,76.94000244140625,76.9800033569336,76.88999938964844,76.94000244140625,14751
2026-01-22 16:45:00,76.94000244140625,77.01499938964844,76.93000030517578,76.9800033569336,13983
2026-01-22 16:50:00,77.0,77.08499908447266,76.99500274658203,77.02010345458984,13280
2026-01-22 16:55:00,77.0199966430664,77.05000305175781,76.98999786376953,76.98999786376953,11604
2026-01-22 17:00:00,76.95999908447266,76.9800033569336,76.88999938964844,76.93000030517578,19848
2026-01-22 17:05:00,76.94000244140625,76.95999908447266,76.91000366210938,76.95999908447266,13910
2026-01-22 17:10:00,76.94999694824219,76.98999786376953,76.91000366210938,76.98999786376953,14055
2026-01-22 17:15:00,76.98999786376953,76.99500274658203,76.94499969482422,76.98999786376953,13183
2026-01-22 17:20:00,76.98500061035156,77.04000091552734,76.97750091552734,77.02079772949219,15596
2026-01-22 17:25:00,77.0199966430664,77.08999633789062,77.0,77.08999633789062,17275
2026-01-22 17:30:00,77.06999969482422,77.13999938964844,77.0698013305664,77.11100006103516,10558
2026-01-22 17:35:00,77.11000061035156,77.16500091552734,77.0999984741211,77.16000366210938,10665
2026-01-22 17:40:00,77.16529846191406,77.2061996459961,77.05000305175781,77.08000183105469,25539
2026-01-22 17:45:00,77.08000183105469,77.08999633789062,77.04000091552734,77.05000305175781,13974
2026-01-22 17:50:00,77.04000091552734,77.08000183105469,77.02999877929688,77.04499816894531,12531
2026-01-22 17:55:00,77.02999877929688,77.02999877929688,76.98500061035156,77.0199966430664,12191
2026-01-22 18:00:00,77.0250015258789,77.0250015258789,76.9000015258789,76.94999694824219,16780
2026-01-22 18:05:00,76.94999694824219,76.95500183105469,76.88999938964844,76.9000015258789,9268
2026-01-22 18:10:00,76.87999725341797,76.88999938964844,76.83499908447266,76.87999725341797,9332
2026-01-22 18:15:00,76.88130187988281,76.93000030517578,76.8499984741211,76.93000030517578,11740
2026-01-22 18:20:00,76.93499755859375,76.95999908447266,76.91999816894531,76.93060302734375,9461
2026-01-22 18:25:00,76.94499969482422,76.97000122070312,76.93000030517578,76.93000030517578,9927
2026-01-22 18:30:00,76.94000244140625,77.01000213623047,76.94000244140625,77.00060272216797,11033
2026-01-22 18:35:00,77.0,77.0,76.93000030517578,76.93499755859375,17004
2026-01-22 18:40:00,76.95999908447266,76.95999908447266,76.91000366210938,76.91999816894531,7419
2026-01-22 18:45:00,76.91999816894531,76.9800033569336,76.91010284423828,76.9749984741211,13986
2026-01-22 18:50:00,76.9800033569336,77.06999969482422,76.9800033569336,76.98999786376953,14506
2026-01-22 18:55:00,77.01000213623047,77.08000183105469,76.98999786376953,77.08000183105469,15479
2026-01-22 19:00:00,77.07579803466797,77.11000061035156,77.02999877929688,77.02999877929688,11229
2026-01-22 19:05:00,77.02999877929688,77.06500244140625,77.0199966430664,77.06500244140625,16934
2026-01-22 19:10:00,77.06990051269531,77.0999984741211,77.04000091552734,77.04000091552734,17620
2026-01-22 19:15:00,77.02999877929688,77.03990173339844,76.9800033569336,76.98999786376953,15250
2026-01-22 19:20:00,76.98999786376953,77.02989959716797,76.9800033569336,77.01000213623047,18632
2026-01-22 19:25:00,77.0250015258789,77.1500015258789,77.0199966430664,77.09500122070312,57256
2026-01-22 19:30:00,77.09500122070312,77.09500122070312,76.93499755859375,77.0,50017
2026-01-22 19:35:00,77.0199966430664,77.04000091552734,76.9749984741211,77.0250015258789,20700
2026-01-22 19:40:00,77.0250015258789,77.0250015258789,76.88999938964844,76.91000366210938,16748
2026-01-22 19:45:00,76.9000015258789,77.03500366210938,76.9000015258789,76.9749984741211,32322
2026-01-22 19:50:00,76.9800033569336,76.98999786376953,76.80000305175781,76.80000305175781,30371
2026-01-22 19:55:00,76.77999877929688,76.87999725341797,76.7300033569336,76.84500122070312,52581
2026-01-22 20:00:00,76.8499984741211,76.94499969482422,76.80999755859375,76.94000244140625,24080
2026-01-22 20:05:00,76.94499969482422,76.98999786376953,76.8949966430664,76.9800033569336,32023
2026-01-22 20:10:00,76.9800033569336,77.05000305175781,76.93499755859375,77.05000305175781,21569
2026-01-22 20:15:00,77.05999755859375,77.1500015258789,77.0208969116211,77.03500366210938,31919
2026-01-22 20:20:00,77.03500366210938,77.04989624023438,76.93000030517578,76.94000244140625,25444
2026-01-22 20:25:00,76.94999694824219,76.99500274658203,76.9000015258789,76.94000244140625,26042
2026-01-22 20:30:00,76.94000244140625,76.94000244140625,76.87000274658203,76.94000244140625,29663
2026-01-22 20:35:00,76.93000030517578,76.99500274658203,76.88999938964844,76.98999786376953,24874
2026-01-22 20:40:00,76.98999786376953,77.06999969482422,76.96009826660156,77.06999969482422,34802
2026-01-22 20:45:00,77.06999969482422,77.12999725341797,77.0199966430664,77.12000274658203,61544
2026-01-22 20:50:00,77.12999725341797,77.16000366210938,76.87999725341797,76.91500091552734,97812
2026-01-22 20:55:00,76.91000366210938,77.02999877929688,76.91000366210938,76.93499755859375,119128
2026-01-23 14:30:00,76.63999938964844,76.96990203857422,76.63999938964844,76.8949966430664,38082
2026-01-23 14:35:00,76.91500091552734,77.0,76.69000244140625,76.81999969482422,12510
2026-01-23 14:40:00,76.80500030517578,76.87999725341797,76.78500366210938,76.86000061035156,18150
2026-01-23 14:45:00,76.80999755859375,76.9000015258789,76.5999984741211,76.62090301513672,38280
2026-01-23 14:50:00,76.5999984741211,76.5999984741211,76.22000122070312,76.22000122070312,41364
2026-01-23 14:55:00,76.19999694824219,76.19999694824219,75.95999908447266,76.12999725341797,24398
2026-01-23 15:00:00,76.19499969482422,76.23999786376953,75.98999786376953,76.0,41354
2026-01-23 15:05:00,76.04000091552734,76.08869934082031,75.82499694824219,75.88500213623047,34648
2026-01-23 15:10:00,75.88999938964844,76.16000366210938,75.87999725341797,76.1449966430664,20379
2026-01-23 15:15:00,76.13999938964844,76.22000122070312,75.98999786376953,76.19499969482422,52597
2026-01-23 15:20:00,76.19999694824219,76.41000366210938,76.19760131835938,76.38999938964844,47156
2026-01-23 15:25:00,76.38999938964844,76.41000366210938,76.13999938964844,76.13999938964844,32770
2026-01-23 15:30:00,76.1449966430664,76.30999755859375,76.1449966430664,76.30999755859375,31295
2026-01-23 15:35:00,76.30500030517578,76.31819915771484,76.16500091552734,76.19999694824219,24010
2026-01-23 15:40:00,76.19999694824219,76.30500030517578,76.19499969482422,76.30500030517578,21956
2026-01-23 15:45:00,76.28500366210938,76.34940338134766,76.25,76.34500122070312,14004
2026-01-23 15:50:00,76.33499908447266,76.37999725341797,76.30999755859375,76.33999633789062,16740
2026-01-23 15:55:00,76.33000183105469,76.37999725341797,76.31500244140625,76.33000183105469,19221
2026-01-23 16:00:00,76.30999755859375,76.41000366210938,76.2750015258789,76.37000274658203,23667
2026-01-23 16:05:00,76.36000061035156,76.41000366210938,76.3499984741211,76.3949966430664,37676
2026-01-23 16:10:00,76.38999938964844,76.43000030517578,76.375,76.38999938964844,51867
2026-01-23 16:15:00,76.38999938964844,76.45999908447266,76.375,76.41000366210938,30184
2026-01-23 16:20:00,76.40499877929688,76.42500305175781,76.37000274658203,76.3949966430664,43567
2026-01-23 16:25:00,76.3949966430664,76.44000244140625,76.30000305175781,76.33499908447266,77925
2026-01-23 16:30:00,76.31999969482422,76.31999969482422,76.2300033569336,76.26499938964844,92795
2026-01-23 16:35:00,76.2699966430664,76.27999877929688,76.25,76.26000213623047,59345
2026-01-23 16:40:00,76.25,76.33000183105469,76.23999786376953,76.30000305175781,34889
2026-01-23 16:45:00,76.29000091552734,76.30999755859375,76.26000213623047,76.26000213623047,20759
2026-01-23 16:50:00,76.25499725341797,76.2750015258789,76.16000366210938,76.18000030517578,170780
2026-01-23 16:55:00,76.16999816894531,76.33999633789062,76.16999816894531,76.30999755859375,32618
2026-01-23 17:00:00,76.30999755859375,76.3499984741211,76.2699966430664,76.30999755859375,22558
2026-01-23 17:05:00,76.31999969482422,76.37000274658203,76.28500366210938,76.31999969482422,25857
2026-01-23 17:10:00,76.30999755859375,76.3499984741211,76.30000305175781,76.33999633789062,19859
2026-01-23 17:15:00,76.3499984741211,76.4000015258789,76.31999969482422,76.33000183105469,24777
2026-01-23 17:20:00,76.31999969482422,76.33000183105469,76.24500274658203,76.2699966430664,18788
2026-01-23 17:25:00,76.26000213623047,76.55999755859375,76.23999786376953,76.53500366210938,25592
2026-01-23 17:30:00,76.54000091552734,76.55999755859375,76.49500274658203,76.5199966430664,13967
2026-01-23 17:35:00,76.5199966430664,76.62000274658203,76.50499725341797,76.61000061035156,26671
2026-01-23 17:40:00,76.5999984741211,76.61000061035156,76.5,76.54499816894531,18387
2026-01-23 17:45:00,76.52999877929688,76.5999984741211,76.5199966430664,76.55000305175781,19176
2026-01-23 17:50:00,76.55999755859375,76.58999633789062,76.54000091552734,76.55999755859375,12799
2026-01-23 17:55:00,76.55000305175781,76.55000305175781,76.45500183105469,76.4800033569336,18779
2026-01-23 18:00:00,76.49500274658203,76.49500274658203,76.32499694824219,76.32499694824219,15852
2026-01-23 18:05:00,76.31999969482422,76.34950256347656,76.20999908447266,76.29000091552734,23865
2026-01-23 18:10:00,76.29499816894531,76.31999969482422,76.2249984741211,76.26000213623047,31754
2026-01-23 18:15:00,76.25,76.30999755859375,76.19999694824219,76.30500030517578,31516
2026-01-23 18:20:00,76.29000091552734,76.29499816894531,76.20500183105469,76.2300033569336,15660
2026-01-23 18:25:00,76.2300033569336,76.31999969482422,76.2300033569336,76.30000305175781,13790
2026-01-23 18:30:00,76.30000305175781,76.34500122070312,76.27999877929688,76.29499816894531,13640
2026-01-23 18:35:00,76.29060363769531,76.33989715576172,76.28500366210938,76.30999755859375,14597
2026-01-23 18:40:00,76.30000305175781,76.34500122070312,76.29499816894531,76.31999969482422,10833
2026-01-23 18:45:00,76.30999755859375,76.36000061035156,76.29499816894531,76.29959869384766,88121
2026-01-23 18:50:00,76.29000091552734,76.33000183105469,76.23999786376953,76.24500274658203,26976
2026-01-23 18:55:00,76.24500274658203,76.24500274658203,76.16999816894531,76.21499633789062,21435
2026-01-23 19:00:00,76.22000122070312,76.30999755859375,76.21499633789062,76.2750015258789,23106
2026-01-23 19:05:00,76.2699966430664,76.31999969482422,76.26000213623047,76.27989959716797,19701
2026-01-23 19:10:00,76.26000213623047,76.30999755859375,76.26000213623047,76.28099822998047,17881
2026-01-23 19:15:00,76.27999877929688,76.3499984741211,76.2699966430664,76.31999969482422,18899
2026-01-23 19:20:00,76.33000183105469,76.37999725341797,76.30999755859375,76.33000183105469,22417
2026-01-23 19:25:00,76.33999633789062,76.33999633789062,76.29000091552734,76.33000183105469,15158
2026-01-23 19:30:00,76.32050323486328,76.34597778320312,76.2750015258789,76.30999755859375,25819
2026-01-23 19:35:00,76.30000305175781,76.3550033569336,76.29000091552734,76.31500244140625,20696
2026-01-23 19:40:00,76.31500244140625,76.33999633789062,76.29000091552734,76.33999633789062,13363
2026-01-23 19:45:00,76.31999969482422,76.37999725341797,76.30000305175781,76.37999725341797,20091
2026-01-23 19:50:00,76.37000274658203,76.4000015258789,76.30500030517578,76.375,20131
2026-01-23 19:55:00,76.375,76.38500213623047,76.32499694824219,76.33999633789062,25235
2026-01-23 20:00:00,76.31999969482422,76.32499694824219,76.24500274658203,76.24500274658203,22239
2026-01-23 20:05:00,76.24500274658203,76.38999938964844,76.24500274658203,76.38999938964844,31407
2026-01-23 20:10:00,76.41500091552734,76.44499969482422,76.37999725341797,76.41000366210938,25200
2026-01-23 20:15:00,76.41999816894531,76.45999908447266,76.41999816894531,76.44499969482422,25283
2026-01-23 20:20:00,76.44000244140625,76.45999908447266,76.37999725341797,76.41000366210938,29735
2026-01-23 20:25:00,76.41999816894531,76.45999908447266,76.4000015258789,76.44499969482422,46234
2026-01-23 20:30:00,76.44999694824219,76.46499633789062,76.38999938964844,76.43000030517578,39449
2026-01-23 20:35:00,76.43000030517578,76.43000030517578,76.30000305175781,76.37000274658203,71373
2026-01-23 20:40:00,76.37000274658203,76.44249725341797,76.30000305175781,76.33000183105469,57189
2026-01-23 20:45:00,76.31999969482422,76.4000015258789,76.31999969482422,76.33000183105469,76094
2026-01-23 20:50:00,76.31999969482422,76.37000274658203,76.16999816894531,76.19000244140625,114786
2026-01-23 20:55:00,76.19999694824219,76.2699966430664,76.16000366210938,76.20999908447266,257037
2026-01-26 14:30:00,77.02999877929688,77.125,76.6449966430664,77.125,55565
2026-01-26 14:35:00,77.05000305175781,77.05000305175781,76.70500183105469,76.70500183105469,22908
2026-01-26 14:40:00,76.71720123291016,76.91999816894531,76.71720123291016,76.79000091552734,26776
2026-01-26 14:45:00,76.7300033569336,76.87000274658203,76.69000244140625,76.83999633789062,28093
2026-01-26 14:50:00,76.83999633789062,76.95500183105469,76.75,76.80999755859375,34325
2026-01-26 14:55:00,76.7699966430664,76.80000305175781,76.61000061035156,76.61000061035156,16928
2026-01-26 15:00:00,76.63999938964844,76.63999938964844,76.44499969482422,76.5199966430664,21900
2026-01-26 15:05:00,76.5199966430664,76.52999877929688,76.41999816894531,76.4749984741211,18622
2026-01-26 15:10:00,76.48999786376953,76.66000366210938,76.47000122070312,76.58999633789062,25071
2026-01-26 15:15:00,76.58999633789062,76.63999938964844,76.5,76.51000213623047,33352
2026-01-26 15:20:00,76.5,76.59500122070312,76.41999816894531,76.5,54564
2026-01-26 15:25:00,76.4749984741211,76.48999786376953,76.375,76.37999725341797,21556
2026-01-26 15:30:00,76.37000274658203,76.48999786376953,76.37000274658203,76.42500305175781,16543
2026-01-26 15:35:00,76.41500091552734,76.4749984741211,76.3499984741211,76.40499877929688,45778
2026-01-26 15:40:00,76.4000015258789,76.41999816894531,76.36000061035156,76.36000061035156,22064
2026-01-26 15:45:00,76.36000061035156,76.45999908447266,76.3499984741211,76.41999816894531,44068
2026-01-26 15:50:00,76.41999816894531,76.44499969482422,76.37000274658203,76.37000274658203,20432
2026-01-26 15:55:00,76.36000061035156,76.41000366210938,76.2699966430664,76.30000305175781,45917
2026-01-26 16:00:00,76.30999755859375,76.37000274658203,76.30999755859375,76.30999755859375,17989
2026-01-26 16:05:00,76.30500030517578,76.30500030517578,76.22000122070312,76.28500366210938,14562
2026-01-26 16:10:00,76.2699966430664,76.33999633789062,76.19000244140625,76.30000305175781,26606
2026-01-26 16:15:00,76.30000305175781,76.30500030517578,76.23999786376953,76.25,22338
2026-01-26 16:20:00,76.25,76.25,76.15499877929688,76.18499755859375,40505
2026-01-26 16:25:00,76.19000244140625,76.20500183105469,76.13200378417969,76.1500015258789,81600
2026-01-26 16:30:00,76.1500015258789,76.1500015258789,76.02999877929688,76.04000091552734,33154
2026-01-26 16:35:00,76.02999877929688,76.03849792480469,75.91000366210938,75.93000030517578,36477
2026-01-26 16:40:00,75.93000030517578,75.97200012207031,75.82499694824219,75.8499984741211,35154
2026-01-26 16:45:00,75.8499984741211,76.04000091552734,75.83999633789062,75.93000030517578,52238
2026-01-26 16:50:00,75.91600036621094,75.9749984741211,75.75,75.7699966430664,82396
2026-01-26 16:55:00,75.80999755859375,75.86000061035156,75.75,75.8550033569336,101634
2026-01-26 17:00:00,75.8499984741211,75.94999694824219,75.83000183105469,75.87999725341797,59374
2026-01-26 17:05:00,75.88999938964844,76.0,75.87999725341797,75.8949966430664,41204
2026-01-26 17:10:00,75.88999938964844,76.00499725341797,75.87000274658203,75.95999908447266,39907
2026-01-26 17:15:00,75.97000122070312,75.98999786376953,75.91000366210938,75.92500305175781,56246
2026-01-26 17:20:00,75.92500305175781,75.97000122070312,75.87999725341797,75.87999725341797,38796
2026-01-26 17:25:00,75.87000274658203,75.91500091552734,75.73999786376953,75.83000183105469,75499
2026-01-26 17:30:00,75.82499694824219,75.9000015258789,75.80999755859375,75.80999755859375,27291
2026-01-26 17:35:00,75.80999755859375,75.81999969482422,75.73999786376953,75.79499816894531,57478
2026-01-26 17:40:00,75.80999755859375,75.84500122070312,75.80999755859375,75.83000183105469,23359
2026-01-26 17:45:00,75.83989715576172,75.8499984741211,75.79000091552734,75.8499984741211,24190
2026-01-26 17:50:00,75.83999633789062,75.83999633789062,75.75,75.7699966430664,18850
2026-01-26 17:55:00,75.7699966430664,75.83979797363281,75.73500061035156,75.81999969482422,53596
2026-01-26 18:00:00,75.81999969482422,75.81999969482422,75.69999694824219,75.7300033569336,29758
2026-01-26 18:05:00,75.73079681396484,75.80000305175781,75.7300033569336,75.7699966430664,23339
2026-01-26 18:10:00,75.7750015258789,75.90499877929688,75.7750015258789,75.87000274658203,35787
2026-01-26 18:15:00,75.86599731445312,75.94999694824219,75.86599731445312,75.94499969482422,25444
2026-01-26 18:20:00,75.94000244140625,75.9749984741211,75.93319702148438,75.95999908447266,21897
2026-01-26 18:25:00,75.97000122070312,76.03620147705078,75.97000122070312,76.03500366210938,21299
2026-01-26 18:30:00,76.02999877929688,76.0999984741211,76.02999877929688,76.05000305175781,25338
2026-01-26 18:35:00,76.05999755859375,76.05999755859375,76.01000213623047,76.0250015258789,25699
2026-01-26 18:40:00,76.0250015258789,76.02999877929688,75.98999786376953,75.98999786376953,12672
2026-01-26 18:45:00,75.98999786376953,76.0,75.97000122070312,75.9800033569336,21190
2026-01-26 18:50:00,75.98999786376953,76.00499725341797,75.97000122070312,75.97000122070312,15539
2026-01-26 18:55:00,75.95999908447266,75.96199798583984,75.87000274658203,75.91999816894531,32555
2026-01-26 19:00:00,75.91999816894531,75.9800033569336,75.9000015258789,75.91999816894531,25636
2026-01-26 19:05:00,75.94000244140625,75.95999908447266,75.93000030517578,75.94999694824219,21999
2026-01-26 19:10:00,75.94840240478516,75.97100067138672,75.94000244140625,75.94000244140625,20057
2026-01-26 19:15:00,75.94000244140625,76.0,75.94000244140625,75.9800033569336,30999
2026-01-26 19:20:00,75.97000122070312,76.04000091552734,75.95999908447266,76.01499938964844,23507
2026-01-26 19:25:00,76.01499938964844,76.05000305175781,76.00499725341797,76.05000305175781,18563
2026-01-26 19:30:00,76.05000305175781,76.08499908447266,76.02999877929688,76.06999969482422,21731
2026-01-26 19:35:00,76.07530212402344,76.07530212402344,76.01000213623047,76.05999755859375,22087
2026-01-26 19:40:00,76.05000305175781,76.05999755859375,76.0199966430664,76.0199966430664,16129
2026-01-26 19:45:00,76.01840209960938,76.06500244140625,75.9800033569336,76.05000305175781,25186
2026-01-26 19:50:00,76.04000091552734,76.12999725341797,76.04000091552734,76.08999633789062,24927
2026-01-26 19:55:00,76.08499908447266,76.13500213623047,76.08000183105469,76.12920379638672,26468
2026-01-26 20:00:00,76.12000274658203,76.13999938964844,76.05999755859375,76.06999969482422,34479
2026-01-26 20:05:00,76.06999969482422,76.0999984741211,76.02999877929688,76.06099700927734,31436
2026-01-26 20:10:00,76.05999755859375,76.14099884033203,76.05000305175781,76.13099670410156,34632
2026-01-26 20:15:00,76.13009643554688,76.19000244140625,76.125,76.19000244140625,35854
2026-01-26 20:20:00,76.19000244140625,76.21499633789062,76.13999938964844,76.19000244140625,63540
2026-01-26 20:25:00,76.18000030517578,76.18000030517578,76.08000183105469,76.08999633789062,32186
2026-01-26 20:30:00,76.08000183105469,76.08999633789062,75.9800033569336,76.02999877929688,100226
2026-01-26 20:35:00,76.02010345458984,76.04000091552734,75.94000244140625,75.97000122070312,67729
2026-01-26 20:40:00,75.96839904785156,75.96839904785156,75.91999816894531,75.93000030517578,56471
2026-01-26 20:45:00,75.93000030517578,75.93000030517578,75.81999969482422,75.9000015258789,103920
2026-01-26 20:50:00,75.91000366210938,75.91999816894531,75.62000274658203,75.625,193258
2026-01-26 20:55:00,75.62999725341797,75.75,75.6050033569336,75.65499877929688,556724
2026-01-27 14:30:00,78.91999816894531,79.80999755859375,77.30999755859375,79.44999694824219,833669
2026-01-27 14:35:00,79.44999694824219,80.12999725341797,79.30999755859375,80.0,447827
2026-01-27 14:40:00,80.04000091552734,80.81999969482422,79.51000213623047,79.83000183105469,354732
2026-01-27 14:45:00,79.91999816894531,80.20999908447266,79.7300033569336,80.1449966430664,239360
2026-01-27 14:50:00,80.1449966430664,80.2300033569336,79.87000274658203,80.0,150463
2026-01-27 14:55:00,79.97000122070312,80.19999694824219,79.75,79.93000030517578,135115
2026-01-27 15:00:00,79.93000030517578,79.93000030517578,79.30000305175781,79.40499877929688,187496
2026-01-27 15:05:00,79.3949966430664,79.8499984741211,79.17500305175781,79.80500030517578,218841
2026-01-27 15:10:00,79.80500030517578,80.72000122070312,79.7300033569336,80.66999816894531,144721
2026-01-27 15:15:00,80.61000061035156,80.68000030517578,80.45999908447266,80.58499908447266,280377
2026-01-27 15:20:00,80.58000183105469,80.62000274658203,80.2300033569336,80.41999816894531,201828
2026-01-27 15:25:00,80.41999816894531,80.43000030517578,80.12000274658203,80.12000274658203,129958
2026-01-27 15:30:00,80.0999984741211,80.61000061035156,79.93000030517578,80.51000213623047,175729
2026-01-27 15:35:00,80.5,81.22000122070312,80.48999786376953,81.19499969482422,184137
2026-01-27 15:40:00,81.19999694824219,81.70999908447266,81.16999816894531,81.47000122070312,268799
2026-01-27 15:45:00,81.47000122070312,81.56999969482422,81.16000366210938,81.56999969482422,167746
2026-01-27 15:50:00,81.5,81.73999786376953,81.30000305175781,81.5,158787
2026-01-27 15:55:00,81.5,81.69000244140625,81.44000244140625,81.58999633789062,77664
2026-01-27 16:00:00,81.5999984741211,81.66999816894531,81.20500183105469,81.22000122070312,94662
2026-01-27 16:05:00,81.19000244140625,81.54000091552734,81.19000244140625,81.54000091552734,110689
2026-01-27 16:10:00,81.5250015258789,81.75,81.5,81.6500015258789,98816
2026-01-27 16:15:00,81.66000366210938,81.87000274658203,81.63500213623047,81.81999969482422,94976
2026-01-27 16:20:00,81.81999969482422,82.09500122070312,81.80000305175781,81.97000122070312,172815
2026-01-27 16:25:00,81.95999908447266,82.20999908447266,81.93299865722656,82.16000366210938,78161
2026-01-27 16:30:00,82.16999816894531,82.47000122070312,82.15499877929688,82.43000030517578,112985
2026-01-27 16:35:00,82.44000244140625,82.4800033569336,82.3499984741211,82.41999816894531,83066
2026-01-27 16:40:00,82.41999816894531,82.72000122070312,82.36000061035156,82.68000030517578,127722
2026-01-27 16:45:00,82.69229888916016,82.97000122070312,82.69000244140625,82.87000274658203,144289
2026-01-27 16:50:00,82.87000274658203,83.02999877929688,82.86000061035156,82.9800033569336,148705
2026-01-27 16:55:00,82.97000122070312,82.99500274658203,82.8550033569336,82.91999816894531,92740
2026-01-27 17:00:00,82.93499755859375,83.19999694824219,82.93000030517578,83.18350219726562,98144
2026-01-27 17:05:00,83.18499755859375,83.41999816894531,83.05500030517578,83.08499908447266,131683
2026-01-27 17:10:00,83.06999969482422,83.1050033569336,82.86000061035156,82.86499786376953,73784
2026-01-27 17:15:00,82.86499786376953,82.94999694824219,82.51000213623047,82.69000244140625,125460
2026-01-27 17:20:00,82.69000244140625,82.73999786376953,82.47000122070312,82.5999984741211,69401
2026-01-27 17:25:00,82.62999725341797,82.63359832763672,82.34500122070312,82.58499908447266,61200
2026-01-27 17:30:00,82.58499908447266,82.625,82.33000183105469,82.4000015258789,93525
2026-01-27 17:35:00,82.41000366210938,82.62999725341797,82.41000366210938,82.45999908447266,68335
2026-01-27 17:40:00,82.41999816894531,82.43000030517578,82.1500015258789,82.20999908447266,107216
2026-01-27 17:45:00,82.19999694824219,82.4000015258789,82.1500015258789,82.30000305175781,84979
2026-01-27 17:50:00,82.29000091552734,82.51000213623047,82.2750015258789,82.34500122070312,40242
2026-01-27 17:55:00,82.34500122070312,82.48500061035156,82.25,82.375,31833
2026-01-27 18:00:00,82.4000015258789,82.41999816894531,82.19999694824219,82.33999633789062,45584
2026-01-27 18:05:00,82.33999633789062,82.63999938964844,82.33999633789062,82.52999877929688,52846
2026-01-27 18:10:00,82.5343017578125,82.56999969482422,82.44999694824219,82.55999755859375,37824
2026-01-27 18:15:00,82.57499694824219,82.61000061035156,82.3499984741211,82.39900207519531,36714
2026-01-27 18:20:00,82.4000015258789,82.44499969482422,82.29010009765625,82.37010192871094,50945
2026-01-27 18:25:00,82.4000015258789,82.47000122070312,82.3499984741211,82.3499984741211,31892
2026-01-27 18:30:00,82.37000274658203,82.38999938964844,82.23500061035156,82.33000183105469,36485
2026-01-27 18:35:00,82.33999633789062,82.33999633789062,82.19499969482422,82.2249984741211,47981
2026-01-27 18:40:00,82.23999786376953,82.29000091552734,81.94999694824219,82.1500015258789,70553
2026-01-27 18:45:00,82.13999938964844,82.54000091552734,82.0999984741211,82.54000091552734,95784
2026-01-27 18:50:00,82.55000305175781,82.62999725341797,82.37000274658203,82.45999908447266,59238
2026-01-27 18:55:00,82.4800033569336,82.69000244140625,82.41999816894531,82.668701171875,90605
2026-01-27 19:00:00,82.66500091552734,83.0,82.625,82.98500061035156,142327
2026-01-27 19:05:00,82.9800033569336,83.0250015258789,82.71009826660156,82.7699966430664,127593
2026-01-27 19:10:00,82.79000091552734,82.83999633789062,82.7300033569336,82.7699966430664,48841
2026-01-27 19:15:00,82.80999755859375,82.87999725341797,82.76000213623047,82.79000091552734,70843
2026-01-27 19:20:00,82.80000305175781,82.94000244140625,82.78500366210938,82.88500213623047,44966
2026-01-27 19:25:00,82.88500213623047,83.0,82.87999725341797,82.97000122070312,44186
2026-01-27 19:30:00,82.9800033569336,83.08000183105469,82.94999694824219,83.0199966430664,64717
2026-01-27 19:35:00,83.02999877929688,83.0999984741211,83.0,83.08000183105469,57060
2026-01-27 19:40:00,83.08000183105469,83.23999786376953,83.05000305175781,83.19999694824219,64921
2026-01-27 19:45:00,83.19999694824219,83.22000122070312,83.13999938964844,83.20500183105469,44721
2026-01-27 19:50:00,83.20999908447266,83.4000015258789,83.20999908447266,83.3501968383789,62676
2026-01-27 19:55:00,83.33000183105469,83.36499786376953,83.13999938964844,83.2300033569336,53659
2026-01-27 20:00:00,83.24500274658203,83.29000091552734,83.16999816894531,83.19999694824219,50607
2026-01-27 20:05:00,83.20999908447266,83.3499984741211,83.16000366210938,83.25,49145
2026-01-27 20:10:00,83.27999877929688,83.30000305175781,83.06500244140625,83.18000030517578,54080
2026-01-27 20:15:00,83.18499755859375,83.20999908447266,82.9800033569336,83.0199966430664,72517
2026-01-27 20:20:00,83.0,83.125,82.94999694824219,83.04000091552734,73039
2026-01-27 20:25:00,83.02999877929688,83.0999984741211,82.93499755859375,83.0,85325
2026-01-27 20:30:00,82.98999786376953,83.20999908447266,82.88999938964844,83.12999725341797,97153
2026-01-27 20:35:00,83.12999725341797,83.33000183105469,83.11000061035156,83.31999969482422,103426
2026-01-27 20:40:00,83.29070281982422,83.46499633789062,83.20020294189453,83.43000030517578,118786
2026-01-27 20:45:00,83.43000030517578,83.55999755859375,83.3499984741211,83.54000091552734,176677
2026-01-27 20:50:00,83.52999877929688,83.8499984741211,83.5,83.8499984741211,289424
2026-01-27 20:55:00,83.8499984741211,83.95999908447266,83.7699966430664,83.93199920654297,668588
2026-01-28 14:30:00,84.0,85.33000183105469,83.70999908447266,84.75,269135
2026-01-28 14:35:00,84.69000244140625,85.0999984741211,84.45999908447266,84.78500366210938,74309
2026-01-28 14:40:00,84.76830291748047,84.8499984741211,83.80000305175781,83.91999816894531,56918
2026-01-28 14:45:00,84.05000305175781,84.25,83.80500030517578,83.8102035522461,63286
2026-01-28 14:50:00,83.79000091552734,83.86000061035156,83.49500274658203,83.55000305175781,68223
2026-01-28 14:55:00,83.58999633789062,83.66000366210938,83.37000274658203,83.58499908447266,47649
2026-01-28 15:00:00,83.5,83.98999786376953,83.47000122070312,83.91999816894531,57395
2026-01-28 15:05:00,83.91999816894531,84.19999694824219,83.88999938964844,84.12999725341797,69983
2026-01-28 15:10:00,84.11000061035156,84.20999908447266,84.04000091552734,84.16999816894531,69739
2026-01-28 15:15:00,84.18240356445312,84.43499755859375,84.0999984741211,84.3499984741211,123361
2026-01-28 15:20:00,84.36000061035156,84.63999938964844,84.33000183105469,84.62249755859375,69094
2026-01-28 15:25:00,84.6050033569336,84.70999908447266,84.4749984741211,84.62000274658203,61020
2026-01-28 15:30:00,84.62000274658203,84.63500213623047,84.44000244140625,84.5105972290039,44984
2026-01-28 15:35:00,84.54000091552734,84.54000091552734,84.0999984741211,84.19000244140625,91958
2026-01-28 15:40:00,84.20999908447266,84.33999633789062,84.0999984741211,84.33999633789062,46282
2026-01-28 15:45:00,84.33769989013672,84.50499725341797,84.33000183105469,84.34500122070312,35600
2026-01-28 15:50:00,84.34500122070312,84.54000091552734,84.34500122070312,84.48999786376953,29485
2026-01-28 15:55:00,84.55000305175781,84.61499786376953,84.41000366210938,84.43499755859375,36663
2026-01-28 16:00:00,84.43499755859375,84.44999694824219,84.30000305175781,84.43000030517578,45114
2026-01-28 16:05:00,84.41000366210938,84.4800033569336,84.33999633789062,84.45999908447266,22126
2026-01-28 16:10:00,84.45999908447266,84.45999908447266,84.25,84.44000244140625,43121
2026-01-28 16:15:00,84.43000030517578,84.6500015258789,84.37999725341797,84.45999908447266,78369
2026-01-28 16:20:00,84.48500061035156,84.63999938964844,84.47000122070312,84.52999877929688,45533
2026-01-28 16:25:00,84.50499725341797,84.56999969482422,84.41999816894531,84.55500030517578,44754
2026-01-28 16:30:00,84.52999877929688,84.66999816894531,84.4749984741211,84.625,33076
2026-01-28 16:35:00,84.61000061035156,84.61000061035156,84.37000274658203,84.375,23888
2026-01-28 16:40:00,84.4000015258789,84.55999755859375,84.3499984741211,84.55000305175781,30387
2026-01-28 16:45:00,84.52999877929688,84.56999969482422,84.37000274658203,84.37999725341797,56528
2026-01-28 16:50:00,84.37000274658203,84.37000274658203,84.1500015258789,84.1500015258789,26391
2026-01-28 16:55:00,84.16999816894531,84.2300033569336,84.11000061035156,84.2300033569336,28374
2026-01-28 17:00:00,84.23999786376953,84.23999786376953,84.01000213623047,84.0199966430664,53390
2026-01-28 17:05:00,84.0199966430664,84.11000061035156,83.9800033569336,84.05000305175781,24051
2026-01-28 17:10:00,84.04000091552734,84.08000183105469,83.7300033569336,83.7699966430664,47133
2026-01-28 17:15:00,83.76000213623047,83.93000030517578,83.70999908447266,83.91000366210938,36170
2026-01-28 17:20:00,83.91510009765625,84.01000213623047,83.82499694824219,83.82499694824219,49108
2026-01-28 17:25:00,83.83499908447266,83.83999633789062,83.73999786376953,83.73999786376953,21593
2026-01-28 17:30:00,83.76499938964844,83.83499908447266,83.63999938964844,83.79499816894531,64689
2026-01-28 17:35:00,83.80999755859375,83.86000061035156,83.75,83.86000061035156,42226
2026-01-28 17:40:00,83.86000061035156,83.86000061035156,83.75,83.77999877929688,16853
2026-01-28 17:45:00,83.77999877929688,83.80999755859375,83.45999908447266,83.45999908447266,101600
2026-01-28 17:50:00,83.47509765625,83.56999969482422,83.37999725341797,83.5250015258789,60353
2026-01-28 17:55:00,83.5,83.5199966430664,83.38999938964844,83.4000015258789,33916
2026-01-28 18:00:00,83.4000015258789,83.4625015258789,83.37000274658203,83.4000015258789,24817
2026-01-28 18:05:00,83.43000030517578,83.4800033569336,83.4000015258789,83.44000244140625,37351
2026-01-28 18:10:00,83.44000244140625,83.56500244140625,83.44000244140625,83.48999786376953,25464
2026-01-28 18:15:00,83.51000213623047,83.54000091552734,83.37999725341797,83.41999816894531,32493
2026-01-28 18:20:00,83.41000366210938,83.51000213623047,83.33499908447266,83.51000213623047,36397
2026-01-28 18:25:00,83.45999908447266,83.51000213623047,83.41999816894531,83.44000244140625,18556
2026-01-28 18:30:00,83.41999816894531,83.44000244140625,83.3102035522461,83.3102035522461,21040
2026-01-28 18:35:00,83.32499694824219,83.43000030517578,83.32499694824219,83.41999816894531,23844
2026-01-28 18:40:00,83.43460083007812,83.55359649658203,83.41999816894531,83.50250244140625,20135
2026-01-28 18:45:00,83.5,83.5999984741211,83.5,83.54499816894531,51340
2026-01-28 18:50:00,83.5199966430664,83.52349853515625,83.44999694824219,83.44999694824219,18807
2026-01-28 18:55:00,83.43000030517578,83.44999694824219,83.37999725341797,83.38999938964844,25657
2026-01-28 19:00:00,83.37000274658203,83.41999816894531,83.25,83.30999755859375,26684
2026-01-28 19:05:00,83.26000213623047,83.33999633789062,83.22000122070312,83.30000305175781,40000
2026-01-28 19:10:00,83.32499694824219,83.38999938964844,83.30000305175781,83.31500244140625,29125
2026-01-28 19:15:00,83.31999969482422,83.31999969482422,83.17500305175781,83.21499633789062,33614
2026-01-28 19:20:00,83.22000122070312,83.26000213623047,83.18000030517578,83.19000244140625,18553
2026-01-28 19:25:00,83.18000030517578,83.19000244140625,83.12000274658203,83.13500213623047,52787
2026-01-28 19:30:00,83.13999938964844,83.38999938964844,82.91000366210938,83.17250061035156,93688
2026-01-28 19:35:00,83.16000366210938,83.2300033569336,82.91999816894531,83.16000366210938,50714
2026-01-28 19:40:00,83.12000274658203,83.23500061035156,83.12000274658203,83.23500061035156,28644
2026-01-28 19:45:00,83.22000122070312,83.37999725341797,83.22000122070312,83.33999633789062,31240
2026-01-28 19:50:00,83.34500122070312,83.4800033569336,83.2699966430664,83.2699966430664,34706
2026-01-28 19:55:00,83.25,83.2500991821289,83.0999984741211,83.21499633789062,27393
2026-01-28 20:00:00,83.21499633789062,83.23999786376953,83.1449966430664,83.19999694824219,69078
2026-01-28 20:05:00,83.19499969482422,83.30000305175781,83.18900299072266,83.19999694824219,53689
2026-01-28 20:10:00,83.19999694824219,83.31999969482422,83.19999694824219,83.25499725341797,63720
2026-01-28 20:15:00,83.2300033569336,83.29000091552734,83.12000274658203,83.27999877929688,107517
2026-01-28 20:20:00,83.30000305175781,83.48999786376953,83.19000244140625,83.44999694824219,50326
2026-01-28 20:25:00,83.43000030517578,83.43000030517578,83.33499908447266,83.33999633789062,49572
2026-01-28 20:30:00,83.3593978881836,83.54000091552734,83.3593978881836,83.47000122070312,72328
2026-01-28 20:35:00,83.45999908447266,83.52999877929688,83.4000015258789,83.5199966430664,103805
2026-01-28 20:40:00,83.51000213623047,83.51000213623047,83.21499633789062,83.21499633789062,92044
2026-01-28 20:45:00,83.22000122070312,83.3949966430664,83.19000244140625,83.31999969482422,286047
2026-01-28 20:50:00,83.33999633789062,83.73500061035156,83.30999755859375,83.48999786376953,458458
2026-01-28 20:55:00,83.4800033569336,83.5250015258789,83.41999816894531,83.51000213623047,452277
2026-01-29 14:30:00,83.7699966430664,83.93000030517578,83.22000122070312,83.56500244140625,58983
2026-01-29 14:35:00,83.58999633789062,83.87000274658203,83.41000366210938,83.66000366210938,32451
2026-01-29 14:40:00,83.65869903564453,83.73999786376953,83.16999816894531,83.19999694824219,22890
2026-01-29 14:45:00,83.1500015258789,83.4000015258789,83.06999969482422,83.1500015258789,42733
2026-01-29 14:50:00,83.05000305175781,83.44999694824219,83.0,83.44999694824219,60223
2026-01-29 14:55:00,83.44999694824219,83.57499694824219,83.34010314941406,83.41999816894531,19231
2026-01-29 15:00:00,83.4000015258789,83.69999694824219,83.38999938964844,83.625,73862
2026-01-29 15:05:00,83.625,84.0,83.58999633789062,83.93000030517578,43679
2026-01-29 15:10:00,83.9000015258789,83.91999816894531,83.75,83.83999633789062,31055
2026-01-29 15:15:00,83.86000061035156,83.91999816894531,83.7699966430664,83.81999969482422,32436
2026-01-29 15:20:00,83.77999877929688,83.94000244140625,83.75,83.8499984741211,48737
2026-01-29 15:25:00,83.87000274658203,83.98999786376953,83.81500244140625,83.94499969482422,23695
2026-01-29 15:30:00,83.97000122070312,83.9800033569336,83.7750015258789,83.83000183105469,29421
2026-01-29 15:35:00,83.83000183105469,84.12999725341797,83.83000183105469,84.08499908447266,21331
2026-01-29 15:40:00,84.05999755859375,84.16999816894531,83.97000122070312,84.04000091552734,38033
2026-01-29 15:45:00,84.04000091552734,84.11000061035156,84.0199966430664,84.05599975585938,27109
2026-01-29 15:50:00,84.05999755859375,84.12000274658203,83.91000366210938,83.94999694824219,29936
2026-01-29 15:55:00,83.91999816894531,84.01000213623047,83.90499877929688,84.0,16279
2026-01-29 16:00:00,84.01000213623047,84.01499938964844,83.91999816894531,83.94499969482422,13961
2026-01-29 16:05:00,83.94499969482422,83.9800033569336,83.73999786376953,83.8499984741211,37610
2026-01-29 16:10:00,83.81999969482422,83.94999694824219,83.7300033569336,83.79499816894531,33678
2026-01-29 16:15:00,83.80000305175781,83.9000015258789,83.6500015258789,83.76499938964844,30144
2026-01-29 16:20:00,83.76000213623047,83.93000030517578,83.71009826660156,83.8550033569336,33120
2026-01-29 16:25:00,83.8550033569336,83.88999938964844,83.69999694824219,83.74949645996094,39287
2026-01-29 16:30:00,83.75499725341797,83.94999694824219,83.69999694824219,83.76000213623047,44469
2026-01-29 16:35:00,83.7699966430664,83.94999694824219,83.69999694824219,83.94000244140625,35395
2026-01-29 16:40:00,83.91999816894531,84.04000091552734,83.83209991455078,83.94000244140625,74518
2026-01-29 16:45:00,83.86000061035156,83.95500183105469,83.76499938964844,83.94000244140625,18688
2026-01-29 16:50:00,83.94000244140625,83.94999694824219,83.58000183105469,83.69999694824219,76736
2026-01-29 16:55:00,83.7300033569336,83.83999633789062,83.7300033569336,83.80000305175781,15193
2026-01-29 17:00:00,83.80999755859375,83.9800033569336,83.80000305175781,83.97000122070312,18603
2026-01-29 17:05:00,83.97000122070312,83.98999786376953,83.63999938964844,83.7300033569336,35771
2026-01-29 17:10:00,83.7300033569336,83.7699966430664,83.63999938964844,83.73999786376953,21518
2026-01-29 17:15:00,83.74500274658203,83.74500274658203,83.62999725341797,83.62999725341797,21148
2026-01-29 17:20:00,83.66999816894531,83.66999816894531,83.44000244140625,83.58999633789062,29620
2026-01-29 17:25:00,83.59500122070312,83.93000030517578,83.58000183105469,83.6500015258789,26491
2026-01-29 17:30:00,83.61000061035156,83.69000244140625,83.51000213623047,83.51499938964844,50263
2026-01-29 17:35:00,83.51499938964844,83.54000091552734,83.41999816894531,83.4800033569336,36474
2026-01-29 17:40:00,83.47000122070312,83.51000213623047,83.37000274658203,83.40540313720703,24159
2026-01-29 17:45:00,83.41000366210938,83.44999694824219,83.30000305175781,83.38999938964844,27961
2026-01-29 17:50:00,83.36000061035156,83.38999938964844,83.26000213623047,83.2699966430664,22142
2026-01-29 17:55:00,83.30979919433594,83.47000122070312,83.29000091552734,83.30999755859375,48778
2026-01-29 18:00:00,83.30000305175781,83.36000061035156,83.18499755859375,83.33000183105469,61514
2026-01-29 18:05:00,83.375,83.4800033569336,83.375,83.42500305175781,39970
2026-01-29 18:10:00,83.44999694824219,83.56999969482422,83.44000244140625,83.53500366210938,18493
2026-01-29 18:15:00,83.55999755859375,83.63999938964844,83.47000122070312,83.625,21389
2026-01-29 18:20:00,83.63999938964844,83.70999908447266,83.5199966430664,83.58000183105469,73015
2026-01-29 18:25:00,83.58000183105469,83.66000366210938,83.48500061035156,83.66000366210938,26907
2026-01-29 18:30:00,83.6500015258789,83.66999816894531,83.58000183105469,83.62999725341797,25894
2026-01-29 18:35:00,83.62999725341797,83.75,83.62999725341797,83.68499755859375,41594
2026-01-29 18:40:00,83.69999694824219,83.88999938964844,83.69999694824219,83.83999633789062,24142
2026-01-29 18:45:00,83.83999633789062,83.88999938964844,83.77069854736328,83.77069854736328,40731
2026-01-29 18:50:00,83.78500366210938,83.86000061035156,83.74500274658203,83.80999755859375,19215
2026-01-29 18:55:00,83.80999755859375,83.9000015258789,83.69999694824219,83.69999694824219,35664
2026-01-29 19:00:00,83.69499969482422,83.87999725341797,83.56500244140625,83.83000183105469,28114
2026-01-29 19:05:00,83.8499984741211,83.94999694824219,83.79499816894531,83.79499816894531,25858
2026-01-29 19:10:00,83.80999755859375,83.8499984741211,83.76000213623047,83.79000091552734,35543
2026-01-29 19:15:00,83.76000213623047,83.76000213623047,83.69000244140625,83.75,44853
2026-01-29 19:20:00,83.75,83.79000091552734,83.72000122070312,83.72000122070312,26564
2026-01-29 19:25:00,83.72000122070312,83.79000091552734,83.68000030517578,83.7249984741211,55850
2026-01-29 19:30:00,83.70999908447266,83.81999969482422,83.63999938964844,83.69499969482422,71510
2026-01-29 19:35:00,83.69499969482422,83.87000274658203,83.69499969482422,83.79499816894531,35513
2026-01-29 19:40:00,83.79000091552734,83.90499877929688,83.7699966430664,83.8949966430664,24908
2026-01-29 19:45:00,83.87999725341797,83.91000366210938,83.79499816894531,83.80999755859375,43622
2026-01-29 19:50:00,83.81999969482422,83.83000183105469,83.7300033569336,83.74500274658203,15762
2026-01-29 19:55:00,83.75,83.81999969482422,83.66000366210938,83.66000366210938,35644
2026-01-29 20:00:00,83.68000030517578,83.79000091552734,83.6405029296875,83.7300033569336,38739
2026-01-29 20:05:00,83.7300033569336,83.7699966430664,83.66000366210938,83.66000366210938,33772
2026-01-29 20:10:00,83.65850067138672,83.77999877929688,83.65850067138672,83.72000122070312,44073
2026-01-29 20:15:00,83.72000122070312,83.79000091552734,83.66500091552734,83.74500274658203,85535
2026-01-29 20:20:00,83.7300033569336,83.91000366210938,83.72509765625,83.87000274658203,27842
2026-01-29 20:25:00,83.875,84.0199966430664,83.87000274658203,83.94000244140625,43725
2026-01-29 20:30:00,83.95999908447266,84.0199966430664,83.88999938964844,83.91999816894531,40037
2026-01-29 20:35:00,83.91000366210938,83.94000244140625,83.87000274658203,83.93000030517578,38524
2026-01-29 20:40:00,83.94000244140625,83.94999694824219,83.83000183105469,83.83999633789062,65801
2026-01-29 20:45:00,83.83000183105469,83.93000030517578,83.81999969482422,83.91999816894531,87604
2026-01-29 20:50:00,83.94999694824219,84.02999877929688,83.86000061035156,83.94000244140625,118572
2026-01-29 20:55:00,83.94000244140625,84.08999633789062,83.9000015258789,84.06999969482422,366573
2026-01-30 14:30:00,84.02999877929688,84.18250274658203,83.8550033569336,83.91000366210938,91000
2026-01-30 14:35:00,83.87000274658203,83.91999816894531,83.26000213623047,83.3499984741211,9297
2026-01-30 14:40:00,83.36370086669922,83.44999694824219,83.18000030517578,83.23999786376953,21224
2026-01-30 14:45:00,83.27999877929688,83.30999755859375,83.08000183105469,83.1500015258789,30628
2026-01-30 14:50:00,83.13999938964844,83.33999633789062,83.0999984741211,83.33999633789062,65710
2026-01-30 14:55:00,83.36000061035156,83.66500091552734,83.31099700927734,83.62999725341797,27839
2026-01-30 15:00:00,83.68000030517578,83.69999694824219,83.48100280761719,83.55999755859375,21397
2026-01-30 15:05:00,83.53500366210938,83.61000061035156,83.31999969482422,83.55999755859375,69780
2026-01-30 15:10:00,83.5199966430664,83.5199966430664,83.37999725341797,83.37999725341797,14761
2026-01-30 15:15:00,83.41000366210938,83.44999694824219,83.33000183105469,83.40499877929688,18975
