timestamp,Open,High,Low,Close,Volume
2026-01-08 14:30:00,56.95,57.42,56.69,57.405,116159
2026-01-08 14:35:00,57.5,57.5,57.05,57.115,94311
2026-01-08 14:40:00,57.125,57.45,57.03,57.45,217425
2026-01-08 14:45:00,57.445,57.445,57.03,57.2476,81905
2026-01-08 14:50:00,57.215,57.33,57.0701,57.3,51875
2026-01-08 14:55:00,57.3,57.71,57.265,57.49,240938
2026-01-08 15:00:00,57.51,57.6,57.45,57.52,48084
2026-01-08 15:05:00,57.52,57.665,57.5,57.53,32509
2026-01-08 15:10:00,57.53,57.63,57.5,57.591,34760
2026-01-08 15:15:00,57.55,57.655,57.4,57.455,21546
2026-01-08 15:20:00,57.45,57.45,57.27,57.3,29493
2026-01-08 15:25:00,57.34,57.48,57.34,57.37,33267
2026-01-08 15:30:00,57.34,57.44,57.295,57.415,25998
2026-01-08 15:35:00,57.44,57.64,57.38,57.64,33133
2026-01-08 15:40:00,57.64,57.64,57.46,57.48,33098
2026-01-08 15:45:00,57.48,57.585,57.48,57.49,20682
2026-01-08 15:50:00,57.475,57.51,57.32,57.33,26753
2026-01-08 15:55:00,57.325,57.39,57.285,57.35,26170
2026-01-08 16:00:00,57.365,57.43,57.36,57.39,22123
2026-01-08 16:05:00,57.38,57.5,57.33,57.455,38761
2026-01-08 16:10:00,57.455,57.53,57.44,57.4601,27046
2026-01-08 16:15:00,57.475,57.49,57.4075,57.44,24746
2026-01-08 16:20:00,57.45,57.45,57.295,57.305,26413
2026-01-08 16:25:00,57.31,57.44,57.29,57.4,86833
2026-01-08 16:30:00,57.41,57.51,57.3575,57.36,36103
2026-01-08 16:35:00,57.38,57.57,57.36,57.57,35095
2026-01-08 16:40:00,57.575,57.6718,57.535,57.57,22361
2026-01-08 16:45:00,57.585,57.65,57.57,57.64,15574
2026-01-08 16:50:00,57.62,57.67,57.6,57.62,16016
2026-01-08 16:55:00,57.62,57.7,57.61,57.69,13844
2026-01-08 17:00:00,57.695,57.71,57.605,57.7,20071
2026-01-08 17:05:00,57.7,57.73,57.65,57.65,16326
2026-01-08 17:10:00,57.65,57.66,57.48,57.48,15558
2026-01-08 17:15:00,57.47,57.525,57.45,57.48,17811
2026-01-08 17:20:00,57.48,57.52,57.36,57.52,27881
2026-01-08 17:25:00,57.515,57.67,57.515,57.61,26528
2026-01-08 17:30:00,57.62,57.76,57.6,57.71,21576
2026-01-08 17:35:00,57.7,57.76,57.69,57.76,9799
2026-01-08 17:40:00,57.77,57.82,57.74,57.82,18054
2026-01-08 17:45:00,57.8,57.84,57.75,57.75,12841
2026-01-08 17:50:00,57.735,57.74,57.7,57.72,9577
2026-01-08 17:55:00,57.71,57.85,57.71,57.81,28633
2026-01-08 18:00:00,57.81,57.915,57.81,57.89,17815
2026-01-08 18:05:00,57.89,57.895,57.82,57.825,16105
2026-01-08 18:10:00,57.825,57.84,57.81,57.82,8449
2026-01-08 18:15:00,57.82,57.86,57.8142,57.855,12933
2026-01-08 18:20:00,57.84,57.86,57.81,57.825,23087
2026-01-08 18:25:00,57.828,57.85,57.8,57.8201,12633
2026-01-08 18:30:00,57.835,57.915,57.82,57.8746,15949
2026-01-08 18:35:00,57.88,57.88,57.805,57.83,9975
2026-01-08 18:40:00,57.83,57.88,57.81,57.88,11470
2026-01-08 18:45:00,57.885,57.92,57.8775,57.91,12304
2026-01-08 18:50:00,57.905,57.91,57.71,57.76,40787
2026-01-08 18:55:00,57.755,57.77,57.73,57.73,24287
2026-01-08 19:00:00,57.73,57.75,57.64,57.68,75877
2026-01-08 19:05:00,57.69,57.7,57.6,57.64,13204
2026-01-08 19:10:00,57.635,57.695,57.63,57.63,11869
2026-01-08 19:15:00,57.63,57.645,57.56,57.61,49943
2026-01-08 19:20:00,57.62,57.67,57.61,57.63,33742
2026-01-08 19:25:00,57.635,57.68,57.635,57.68,17259
2026-01-08 19:30:00,57.69,57.705,57.67,57.705,12039
2026-01-08 19:35:00,57.705,57.75,57.705,57.725,10679
2026-01-08 19:40:00,57.72,57.72,57.62,57.635,26904
2026-01-08 19:45:00,57.63,57.68,57.6,57.68,22768
2026-01-08 19:50:00,57.68,57.69,57.63,57.63,13580
2026-01-08 19:55:00,57.63,57.7,57.615,57.7,12146
2026-01-08 20:00:00,57.69,57.741,57.64,57.64,22273
2026-01-08 20:05:00,57.64,57.68,57.58,57.59,46224
2026-01-08 20:10:00,57.59,57.6,57.495,57.495,15501
2026-01-08 20:15:00,57.495,57.53,57.45,57.48,18479
2026-01-08 20:20:00,57.47,57.4713,57.325,57.34,33597
2026-01-08 20:25:00,57.34,57.415,57.32,57.32,19993
2026-01-08 20:30:00,57.34,57.37,57.31,57.35,29474
2026-01-08 20:35:00,57.35,57.38,57.315,57.315,51639
2026-01-08 20:40:00,57.31,57.36,57.29,57.34,43269
2026-01-08 20:45:00,57.33,57.41,57.31,57.4,60171
2026-01-08 20:50:00,57.4,57.45,57.4,57.44,74046
2026-01-08 20:55:00,57.42,57.425,57.35,57.37,205971
2026-01-09 14:30:00,57.46,57.58,57.36,57.38,20936
2026-01-09 14:35:00,57.34,57.425,57.3,57.3,13826
2026-01-09 14:40:00,57.3459,57.3459,57.15,57.155,8415
2026-01-09 14:45:00,57.155,57.26,57.03,57.18,16677
2026-01-09 14:50:00,57.16,57.23,57.06,57.13,21323
2026-01-09 14:55:00,57.15,57.28,57.125,57.28,11809
2026-01-09 15:00:00,57.29,57.355,57.22,57.29,23553
2026-01-09 15:05:00,57.29,57.43,57.26,57.37,29157
2026-01-09 15:10:00,57.37,57.39,57.33,57.36,13346
2026-01-09 15:15:00,57.37,57.38,57.3101,57.335,22477
2026-01-09 15:20:00,57.335,57.41,57.335,57.385,12413
2026-01-09 15:25:00,57.38,57.4,57.29,57.29,14293
2026-01-09 15:30:00,57.3,57.32,57.195,57.195,10609
2026-01-09 15:35:00,57.21,57.3083,57.21,57.3083,9709
2026-01-09 15:40:00,57.29,57.31,57.27,57.275,7129
2026-01-09 15:45:00,57.28,57.345,57.27,57.345,8132
2026-01-09 15:50:00,57.32,57.33,57.25,57.275,9916
2026-01-09 15:55:00,57.275,57.4,57.275,57.32,12483
2026-01-09 16:00:00,57.32,57.33,57.26,57.32,10458
2026-01-09 16:05:00,57.32,57.365,57.32,57.36,8267
2026-01-09 16:10:00,57.39,57.41,57.36,57.375,7408
2026-01-09 16:15:00,57.39,57.419,57.36,57.41,9752
2026-01-09 16:20:00,57.42,57.479,57.42,57.479,14279
2026-01-09 16:25:00,57.47,57.47,57.41,57.44,24258
2026-01-09 16:30:00,57.45,57.5,57.44,57.48,12911
2026-01-09 16:35:00,57.5,57.53,57.4956,57.52,11887
2026-01-09 16:40:00,57.51,57.51,57.4,57.45,119990
2026-01-09 16:45:00,57.44,57.499,57.39,57.485,6542
2026-01-09 16:50:00,57.4862,57.505,57.41,57.41,9265
2026-01-09 16:55:00,57.41,57.5,57.4,57.5,7960
2026-01-09 17:00:00,57.52,57.579,57.52,57.5501,9879
2026-01-09 17:05:00,57.57,57.59,57.53,57.555,8590
2026-01-09 17:10:00,57.555,57.56,57.51,57.55,13825
2026-01-09 17:15:00,57.56,57.57,57.47,57.47,15784
2026-01-09 17:20:00,57.46,57.55,57.46,57.54,16787
2026-01-09 17:25:00,57.55,57.55,57.49,57.5,21118
2026-01-09 17:30:00,57.5,57.52,57.43,57.43,11926
2026-01-09 17:35:00,57.42,57.47,57.385,57.44,10666
2026-01-09 17:40:00,57.43,57.475,57.43,57.475,5562
2026-01-09 17:45:00,57.475,57.56,57.46,57.5,33037
2026-01-09 17:50:00,57.5,57.6,57.495,57.6,12013
2026-01-09 17:55:00,57.58,57.58,57.545,57.58,11798
2026-01-09 18:00:00,57.56,57.6,57.56,57.59,11476
2026-01-09 18:05:00,57.59,57.675,57.59,57.64,31083
2026-01-09 18:10:00,57.64,57.64,57.6,57.62,15436
2026-01-09 18:15:00,57.6,57.73,57.6,57.73,10189
2026-01-09 18:20:00,57.76,57.76,57.69,57.71,13049
2026-01-09 18:25:00,57.71,57.86,57.71,57.8307,26928
2026-01-09 18:30:00,57.825,57.825,57.74,57.765,10899
2026-01-09 18:35:00,57.76,57.77,57.74,57.77,10777
2026-01-09 18:40:00,57.76,57.85,57.76,57.82,14090
2026-01-09 18:45:00,57.82,57.84,57.765,57.835,14061
2026-01-09 18:50:00,57.825,57.84,57.79,57.79,13109
2026-01-09 18:55:00,57.78,57.79,57.71,57.71,33546
2026-01-09 19:00:00,57.71,57.735,57.675,57.68,18638
2026-01-09 19:05:00,57.68,57.76,57.64,57.72,51519
2026-01-09 19:10:00,57.72,57.74,57.655,57.655,14574
2026-01-09 19:15:00,57.655,57.71,57.645,57.645,11263
2026-01-09 19:20:00,57.645,57.71,57.645,57.71,13545
2026-01-09 19:25:00,57.7,57.725,57.68,57.725,14653
2026-01-09 19:30:00,57.73,57.765,57.72,57.72,14642
2026-01-09 19:35:00,57.71,57.75,57.67,57.715,38766
2026-01-09 19:40:00,57.7114,57.73,57.685,57.69,19615
2026-01-09 19:45:00,57.71,57.73,57.69,57.6908,14634
2026-01-09 19:50:00,57.7,57.74,57.7,57.725,17498
2026-01-09 19:55:00,57.74,57.74,57.6763,57.74,24679
2026-01-09 20:00:00,57.74,57.81,57.715,57.8,21741
2026-01-09 20:05:00,57.8,57.82,57.725,57.725,24271
2026-01-09 20:10:00,57.73,57.74,57.7,57.73,22103
2026-01-09 20:15:00,57.74,57.81,57.725,57.79,17921
2026-01-09 20:20:00,57.8,57.83,57.74,57.83,54170
2026-01-09 20:25:00,57.83,57.9,57.83,57.895,21295
2026-01-09 20:30:00,57.895,57.94,57.885,57.91,37056
2026-01-09 20:35:00,57.91,57.92,57.855,57.86,34667
2026-01-09 20:40:00,57.86,57.925,57.84,57.89,86659
2026-01-09 20:45:00,57.895,57.91,57.87,57.905,55156
2026-01-09 20:50:00,57.905,58.09,57.905,58.09,107332
2026-01-09 20:55:00,58.09,58.09,58.01,58.03,257039
2026-01-12 14:30:00,58.17,58.325,58.045,58.045,50633
2026-01-12 14:35:00,57.985,58.04,57.82,58.015,20876
2026-01-12 14:40:00,58.0449,58.36,58.0449,58.36,14063
2026-01-12 14:45:00,58.37,58.6,58.37,58.6,18847
2026-01-12 14:50:00,58.5775,58.65,58.5775,58.61,10869
2026-01-12 14:55:00,58.61,58.66,58.55,58.6,28846
2026-01-12 15:00:00,58.6,58.7,58.455,58.63,22044
2026-01-12 15:05:00,58.62,58.62,58.55,58.56,13014
2026-01-12 15:10:00,58.58,58.5864,58.49,58.52,26946
2026-01-12 15:15:00,58.52,58.55,58.33,58.45,23367
2026-01-12 15:20:00,58.45,58.58,58.435,58.56,21689
2026-01-12 15:25:00,58.57,58.61,58.46,58.505,33860
2026-01-12 15:30:00,58.52,58.63,58.52,58.58,24902
2026-01-12 15:35:00,58.59,58.695,58.59,58.64,25573
2026-01-12 15:40:00,58.65,58.7,58.61,58.61,14423
2026-01-12 15:45:00,58.63,58.65,58.5075,58.545,28519
2026-01-12 15:50:00,58.53,58.55,58.47,58.51,11125
2026-01-12 15:55:00,58.5,58.59,58.5,58.59,23573
2026-01-12 16:00:00,58.58,58.61,58.51,58.555,17890
2026-01-12 16:05:00,58.52,58.54,58.44,58.47,13897
2026-01-12 16:10:00,58.47,58.47,58.42,58.43,9150
2026-01-12 16:15:00,58.42,58.425,58.34,58.37,17989
2026-01-12 16:20:00,58.37,58.45,58.365,58.43,21959
2026-01-12 16:25:00,58.42,58.495,58.42,58.46,13624
2026-01-12 16:30:00,58.46,58.49,58.42,58.49,12757
2026-01-12 16:35:00,58.475,58.5,58.475,58.48,14370
2026-01-12 16:40:00,58.46,58.49,58.46,58.47,13578
2026-01-12 16:45:00,58.48,58.55,58.475,58.515,27577
2026-01-12 16:50:00,58.515,58.55,58.46,58.48,15794
2026-01-12 16:55:00,58.49,58.52,58.47,58.52,9193
2026-01-12 17:00:00,58.53,58.58,58.49,58.56,14579
2026-01-12 17:05:00,58.5477,58.56,58.46,58.56,37362
2026-01-12 17:10:00,58.61,58.61,58.555,58.56,17297
2026-01-12 17:15:00,58.57,58.595,58.54,58.59,19344
2026-01-12 17:20:00,58.59,58.65,58.5893,58.615,23498
2026-01-12 17:25:00,58.6,58.6,58.575,58.6,6319
2026-01-12 17:30:00,58.6,58.625,58.59,58.6,13764
2026-01-12 17:35:00,58.6,58.72,58.58,58.72,190434
2026-01-12 17:40:00,58.71,58.82,58.71,58.82,11971
2026-01-12 17:45:00,58.815,58.815,58.755,58.8,15755
2026-01-12 17:50:00,58.795,58.85,58.795,58.85,7637
2026-01-12 17:55:00,58.85,58.91,58.83,58.91,26369
2026-01-12 18:00:00,58.9,59.01,58.89,58.99,20275
2026-01-12 18:05:00,59.02,59.02,58.95,58.95,17078
2026-01-12 18:10:00,58.955,58.98,58.94,58.95,22773
2026-01-12 18:15:00,58.94,58.945,58.86,58.86,16701
2026-01-12 18:20:00,58.86,58.91,58.83,58.855,21553
2026-01-12 18:25:00,58.86,58.88,58.82,58.83,13300
2026-01-12 18:30:00,58.83,58.9,58.825,58.9,23001
2026-01-12 18:35:00,58.895,58.98,58.895,58.94,26554
2026-01-12 18:40:00,58.94,58.96,58.87,58.955,21170
2026-01-12 18:45:00,58.97,59.04,58.965,59.0,13703
2026-01-12 18:50:00,59.0,59.08,58.99,59.065,26459
2026-01-12 18:55:00,59.05,59.05,59.03,59.05,10993
2026-01-12 19:00:00,59.0594,59.09,59.04,59.09,19880
2026-01-12 19:05:00,59.09,59.1,59.01,59.03,22153
2026-01-12 19:10:00,59.04,59.1,59.04,59.07,15482
2026-01-12 19:15:00,59.07,59.1,59.025,59.095,19363
2026-01-12 19:20:00,59.095,59.17,59.09,59.16,24046
2026-01-12 19:25:00,59.16,59.185,59.115,59.16,24242
2026-01-12 19:30:00,59.15,59.23,59.13,59.225,22195
2026-01-12 19:35:00,59.21,59.22,59.173,59.21,31037
2026-01-12 19:40:00,59.19,59.26,59.19,59.215,40297
2026-01-12 19:45:00,59.21,59.3,59.21,59.2794,27249
2026-01-12 19:50:00,59.27,59.33,59.27,59.315,23301
2026-01-12 19:55:00,59.32,59.35,59.26,59.35,74152
2026-01-12 20:00:00,59.36,59.41,59.33,59.41,43059
2026-01-12 20:05:00,59.41,59.45,59.36,59.36,32049
2026-01-12 20:10:00,59.38,59.4,59.24,59.36,201968
2026-01-12 20:15:00,59.37,59.4,59.25,59.255,27850
2026-01-12 20:20:00,59.23,59.23,59.121,59.121,20916
2026-01-12 20:25:00,59.12,59.18,59.09,59.17,40787
2026-01-12 20:30:00,59.17,59.22,59.14,59.18,26686
2026-01-12 20:35:00,59.18,59.2,59.145,59.16,36816
2026-01-12 20:40:00,59.16,59.1899,59.07,59.17,69272
2026-01-12 20:45:00,59.18,59.315,59.17,59.29,56343
2026-01-12 20:50:00,59.3,59.39,59.28,59.36,92619
2026-01-12 20:55:00,59.35,59.41,59.32,59.41,272207
2026-01-13 14:30:00,59.62,59.66,59.52,59.66,27728
2026-01-13 14:35:00,59.65,59.665,59.56,59.62,9003
2026-01-13 14:40:00,59.606,59.66,59.55,59.595,25148
2026-01-13 14:45:00,59.6,59.61,59.27,59.285,49863
2026-01-13 14:50:00,59.3,59.39,59.25,59.3,94041
2026-01-13 14:55:00,59.3,59.355,59.25,59.305,17014
2026-01-13 15:00:00,59.3,59.43,59.2401,59.27,59254
2026-01-13 15:05:00,59.285,59.3,59.205,59.28,11085
2026-01-13 15:10:00,59.3,59.32,59.22,59.3,19729
2026-01-13 15:15:00,59.31,59.39,59.3,59.39,14694
2026-01-13 15:20:00,59.38,59.64,59.38,59.635,24210
2026-01-13 15:25:00,59.63,59.63,59.53,59.53,25720
2026-01-13 15:30:00,59.54,59.59,59.53,59.55,15057
2026-01-13 15:35:00,59.57,59.73,59.57,59.73,21146
2026-01-13 15:40:00,59.71,59.82,59.7001,59.79,12619
2026-01-13 15:45:00,59.76,59.85,59.75,59.8,16274
2026-01-13 15:50:00,59.79,59.832,59.75,59.79,17323
2026-01-13 15:55:00,59.79,59.83,59.78,59.81,27515
2026-01-13 16:00:00,59.805,59.82,59.76,59.81,21107
2026-01-13 16:05:00,59.8,59.8,59.69,59.69,29296
2026-01-13 16:10:00,59.71,59.8,59.65,59.8,22697
2026-01-13 16:15:00,59.8,59.83,59.78,59.8,12965
2026-01-13 16:20:00,59.815,59.82,59.71,59.71,48277
2026-01-13 16:25:00,59.69,59.7,59.63,59.645,18922
2026-01-13 16:30:00,59.63,59.63,59.55,59.57,12034
2026-01-13 16:35:00,59.56,59.57,59.445,59.57,19512
2026-01-13 16:40:00,59.555,59.58,59.5,59.51,13486
2026-01-13 16:45:00,59.4701,59.48,59.38,59.48,17224
2026-01-13 16:50:00,59.48,59.5,59.398,59.42,14838
2026-01-13 16:55:00,59.41,59.43,59.39,59.395,11818
2026-01-13 17:00:00,59.41,59.46,59.39,59.46,20159
2026-01-13 17:05:00,59.46,59.51,59.46,59.465,9530
2026-01-13 17:10:00,59.465,59.51,59.46,59.51,12118
2026-01-13 17:15:00,59.5034,59.56,59.5,59.51,12673
2026-01-13 17:20:00,59.51,59.52,59.435,59.45,12839
2026-01-13 17:25:00,59.45,59.525,59.43,59.51,18386
2026-01-13 17:30:00,59.515,59.61,59.475,59.61,17352
2026-01-13 17:35:00,59.61,59.6299,59.56,59.57,8879
2026-01-13 17:40:00,59.57,59.6,59.54,59.59,11484
2026-01-13 17:45:00,59.59,59.6,59.5,59.5,14501
2026-01-13 17:50:00,59.51,59.61,59.49,59.59,17974
2026-01-13 17:55:00,59.59,59.63,59.57,59.63,19081
2026-01-13 18:00:00,59.62,59.7,59.62,59.67,21233
2026-01-13 18:05:00,59.68,59.69,59.64,59.64,7872
2026-01-13 18:10:00,59.64,59.67,59.61,59.61,25276
2026-01-13 18:15:00,59.61,59.64,59.61,59.62,14540
2026-01-13 18:20:00,59.615,59.74,59.615,59.74,28233
2026-01-13 18:25:00,59.75,59.75,59.71,59.71,11038
2026-01-13 18:30:00,59.72,59.82,59.72,59.8,14098
2026-01-13 18:35:00,59.8,59.86,59.79,59.845,11171
2026-01-13 18:40:00,59.85,59.89,59.84,59.89,14570
2026-01-13 18:45:00,59.89,59.91,59.86,59.88,11307
2026-01-13 18:50:00,59.9,59.96,59.9,59.95,10852
2026-01-13 18:55:00,59.96,59.96,59.935,59.95,11598
2026-01-13 19:00:00,59.96,59.99,59.94,59.985,14793
2026-01-13 19:05:00,59.98,59.98,59.93,59.96,31419
2026-01-13 19:10:00,59.96,59.96,59.9,59.92,21378
2026-01-13 19:15:00,59.92,59.975,59.9,59.955,35648
2026-01-13 19:20:00,59.96,59.98,59.95,59.98,12523
2026-01-13 19:25:00,59.98,60.0,59.98,59.9892,18258
2026-01-13 19:30:00,59.98,59.985,59.93,59.95,18147
2026-01-13 19:35:00,59.95,59.96,59.9079,59.91,17700
2026-01-13 19:40:00,59.91,59.95,59.88,59.94,15583
2026-01-13 19:45:00,59.93,59.93,59.73,59.76,28193
2026-01-13 19:50:00,59.73,59.73,59.675,59.71,9538
2026-01-13 19:55:00,59.7097,59.81,59.7097,59.79,22563
2026-01-13 20:00:00,59.78,59.79,59.7,59.71,19538
2026-01-13 20:05:00,59.705,59.75,59.69,59.73,26837
2026-01-13 20:10:00,59.73,59.86,59.73,59.86,19172
2026-01-13 20:15:00,59.87,59.92,59.87,59.905,19334
2026-01-13 20:20:00,59.89,59.89,59.83,59.875,25455
2026-01-13 20:25:00,59.88,59.925,59.87,59.89,27102
2026-01-13 20:30:00,59.9,59.92,59.87,59.92,30404
2026-01-13 20:35:00,59.915,59.96,59.84,59.86,43501
2026-01-13 20:40:00,59.87,59.915,59.86,59.895,40031
2026-01-13 20:45:00,59.9,59.9,59.84,59.88,47078
2026-01-13 20:50:00,59.89,60.08,59.88,60.07,118836
2026-01-13 20:55:00,60.06,60.13,60.0,60.075,272369
2026-01-14 14:30:00,60.18,60.355,60.175,60.315,41370
2026-01-14 14:35:00,60.33,60.45,60.259,60.42,27291
2026-01-14 14:40:00,60.4322,60.5,60.38,60.415,13903
2026-01-14 14:45:00,60.42,60.49,60.22,60.27,37916
2026-01-14 14:50:00,60.27,60.283,60.16,60.195,19517
2026-01-14 14:55:00,60.16,60.28,60.16,60.27,17990
2026-01-14 15:00:00,60.26,60.415,60.26,60.38,22585
2026-01-14 15:05:00,60.38,60.495,60.36,60.45,14243
2026-01-14 15:10:00,60.48,60.645,60.46,60.6,16251
2026-01-14 15:15:00,60.6,60.62,60.54,60.61,11993
2026-01-14 15:20:00,60.63,60.715,60.59,60.645,11613
2026-01-14 15:25:00,60.6376,60.655,60.38,60.4,15087
2026-01-14 15:30:00,60.3825,60.42,60.29,60.32,14077
2026-01-14 15:35:00,60.315,60.315,60.1,60.1,26051
2026-01-14 15:40:00,60.14,60.24,60.13,60.17,19893
2026-01-14 15:45:00,60.17,60.26,60.16,60.26,13393
2026-01-14 15:50:00,60.24,60.265,60.22,60.265,10076
2026-01-14 15:55:00,60.275,60.305,60.23,60.305,18735
2026-01-14 16:00:00,60.305,60.305,60.2,60.21,10972
2026-01-14 16:05:00,60.225,60.3,60.225,60.29,12774
2026-01-14 16:10:00,60.295,60.38,60.26,60.34,13209
2026-01-14 16:15:00,60.31,60.35,60.28,60.335,17959
2026-01-14 16:20:00,60.335,60.42,60.305,60.41,14150
2026-01-14 16:25:00,60.41,60.43,60.36,60.42,12507
2026-01-14 16:30:00,60.43,60.49,60.41,60.44,11875
2026-01-14 16:35:00,60.45,60.465,60.38,60.405,12849
2026-01-14 16:40:00,60.415,60.415,60.28,60.3,24369
2026-01-14 16:45:00,60.29,60.36,60.29,60.32,11212
2026-01-14 16:50:00,60.31,60.365,60.28,60.355,15808
2026-01-14 16:55:00,60.365,60.4,60.35,60.38,11477
2026-01-14 17:00:00,60.39,60.44,60.385,60.415,37217
2026-01-14 17:05:00,60.43,60.52,60.35,60.37,10737
2026-01-14 17:10:00,60.355,60.39,60.34,60.38,7427
2026-01-14 17:15:00,60.4,60.44,60.3901,60.4138,11155
2026-01-14 17:20:00,60.42,60.43,60.4,60.41,5299
2026-01-14 17:25:00,60.41,60.46,60.39,60.415,13682
2026-01-14 17:30:00,60.415,60.44,60.385,60.42,9055
2026-01-14 17:35:00,60.4331,60.46,60.42,60.45,6267
2026-01-14 17:40:00,60.445,60.5,60.445,60.475,8423
2026-01-14 17:45:00,60.48,60.5,60.45,60.49,6048
2026-01-14 17:50:00,60.487,60.49,60.45,60.49,9499
2026-01-14 17:55:00,60.4801,60.51,60.46,60.49,8440
2026-01-14 18:00:00,60.5,60.5,60.45,60.475,6138
2026-01-14 18:05:00,60.4601,60.49,60.46,60.465,9200
2026-01-14 18:10:00,60.4501,60.47,60.44,60.46,7220
2026-01-14 18:15:00,60.46,60.46,60.415,60.43,7773
2026-01-14 18:20:00,60.435,60.515,60.43,60.5,10379
2026-01-14 18:25:00,60.5,60.51,60.445,60.51,5597
2026-01-14 18:30:00,60.4801,60.52,60.47,60.485,11202
2026-01-14 18:35:00,60.4601,60.48,60.395,60.43,11525
2026-01-14 18:40:00,60.43,60.465,60.41,60.41,8744
2026-01-14 18:45:00,60.41,60.485,60.39,60.485,19011
2026-01-14 18:50:00,60.4701,60.55,60.47,60.55,7933
2026-01-14 18:55:00,60.555,60.59,60.5401,60.58,10804
2026-01-14 19:00:00,60.585,60.66,60.5801,60.64,10563
2026-01-14 19:05:00,60.64,60.64,60.51,60.525,23517
2026-01-14 19:10:00,60.515,60.6,60.51,60.6,10223
2026-01-14 19:15:00,60.59,60.64,60.59,60.63,8503
2026-01-14 19:20:00,60.63,60.65,60.611,60.65,9847
2026-01-14 19:25:00,60.6504,60.73,60.64,60.72,9501
2026-01-14 19:30:00,60.72,60.7297,60.705,60.71,9710
2026-01-14 19:35:00,60.68,60.72,60.68,60.7,11569
2026-01-14 19:40:00,60.71,60.775,60.7001,60.77,13333
2026-01-14 19:45:00,60.77,60.78,60.745,60.745,8892
2026-01-14 19:50:00,60.7301,60.775,60.7301,60.76,10717
2026-01-14 19:55:00,60.76,60.765,60.68,60.69,18827
2026-01-14 20:00:00,60.68,60.68,60.55,60.59,20622
2026-01-14 20:05:00,60.61,60.64,60.54,60.56,17453
2026-01-14 20:10:00,60.56,60.575,60.53,60.54,14359
2026-01-14 20:15:00,60.545,60.56,60.5,60.5408,11057
2026-01-14 20:20:00,60.53,60.53,60.4906,60.53,27855
2026-01-14 20:25:00,60.53,60.54,60.4301,60.53,23052
2026-01-14 20:30:00,60.53,60.53,60.455,60.48,22786
2026-01-14 20:35:00,60.49,60.49,60.43,60.46,34250
2026-01-14 20:40:00,60.465,60.465,60.36,60.395,27425
2026-01-14 20:45:00,60.39,60.41,60.32,60.36,52186
2026-01-14 20:50:00,60.37,60.48,60.37,60.48,63344
2026-01-14 20:55:00,60.5,60.5,60.405,60.455,147123
2026-01-15 14:30:00,60.41,60.41,60.07,60.23,32354
2026-01-15 14:35:00,60.23,60.52,60.23,60.46,11465
2026-01-15 14:40:00,60.4646,60.52,60.27,60.31,15241
2026-01-15 14:45:00,60.27,60.48,60.22,60.32,19662
2026-01-15 14:50:00,60.34,60.36,60.045,60.12,24771
2026-01-15 14:55:00,60.13,60.18,60.07,60.1,34541
2026-01-15 15:00:00,60.14,60.2,60.09,60.1,14385
2026-01-15 15:05:00,60.0778,60.11,59.87,59.895,25598
2026-01-15 15:10:00,59.92,59.93,59.87,59.87,25174
2026-01-15 15:15:00,59.88,60.12,59.87,60.12,18280
2026-01-15 15:20:00,60.11,60.16,60.07,60.095,18554
2026-01-15 15:25:00,60.1086,60.15,60.09,60.1362,15326
2026-01-15 15:30:00,60.135,60.225,60.13,60.225,15603
2026-01-15 15:35:00,60.2275,60.285,60.185,60.275,16826
2026-01-15 15:40:00,60.29,60.32,60.255,60.265,17520
2026-01-15 15:45:00,60.25,60.3416,60.24,60.32,16147
2026-01-15 15:50:00,60.33,60.39,60.3,60.35,20101
2026-01-15 15:55:00,60.34,60.38,60.32,60.365,13458
2026-01-15 16:00:00,60.34,60.37,60.32,60.365,14091
2026-01-15 16:05:00,60.365,60.42,60.32,60.39,30393
2026-01-15 16:10:00,60.39,60.42,60.34,60.37,25731
2026-01-15 16:15:00,60.37,60.48,60.37,60.475,15646
2026-01-15 16:20:00,60.475,60.5,60.47,60.485,14959
2026-01-15 16:25:00,60.48,60.53,60.47,60.5,13983
2026-01-15 16:30:00,60.51,60.535,60.47,60.53,13397
2026-01-15 16:35:00,60.54,60.63,60.54,60.5954,15197
2026-01-15 16:40:00,60.59,60.59,60.56,60.58,11332
2026-01-15 16:45:00,60.58,60.59,60.55,60.59,7846
2026-01-15 16:50:00,60.58,60.62,60.56,60.56,24448
2026-01-15 16:55:00,60.551,60.57,60.49,60.51,9896
2026-01-15 17:00:00,60.505,60.53,60.5,60.5,11361
2026-01-15 17:05:00,60.51,60.53,60.505,60.505,7902
2026-01-15 17:10:00,60.51,60.53,60.5,60.53,8665
2026-01-15 17:15:00,60.535,60.55,60.48,60.55,19002
2026-01-15 17:20:00,60.56,60.57,60.53,60.53,9601
2026-01-15 17:25:00,60.52,60.5307,60.51,60.51,7641
2026-01-15 17:30:00,60.52,60.55,60.51,60.53,15549
2026-01-15 17:35:00,60.53,60.56,60.53,60.56,8361
2026-01-15 17:40:00,60.56,60.57,60.54,60.545,19617
2026-01-15 17:45:00,60.545,60.55,60.5,60.525,17017
2026-01-15 17:50:00,60.525,60.57,60.525,60.54,28870
2026-01-15 17:55:00,60.54,60.57,60.5,60.51,10689
2026-01-15 18:00:00,60.505,60.58,60.505,60.57,14051
2026-01-15 18:05:00,60.58,60.6,60.55,60.59,9725
2026-01-15 18:10:00,60.61,60.61,60.56,60.58,9678
2026-01-15 18:15:00,60.58,60.59,60.57,60.59,12743
2026-01-15 18:20:00,60.59,60.59,60.5,60.535,19863
2026-01-15 18:25:00,60.54,60.65,60.54,60.6,22204
2026-01-15 18:30:00,60.61,60.66,60.61,60.63,8012
2026-01-15 18:35:00,60.62,60.74,60.62,60.7,29262
2026-01-15 18:40:00,60.7,60.7,60.67,60.68,9573
2026-01-15 18:45:00,60.69,60.69,60.64,60.64,14588
2026-01-15 18:50:00,60.64,60.68,60.6294,60.63,12361
2026-01-15 18:55:00,60.63,60.67,60.625,60.66,13300
2026-01-15 19:00:00,60.65,60.675,60.63,60.645,26072
2026-01-15 19:05:00,60.65,60.68,60.63,60.655,20130
2026-01-15 19:10:00,60.66,60.675,60.64,60.67,20908
2026-01-15 19:15:00,60.67,60.69,60.64,60.65,18179
2026-01-15 19:20:00,60.66,60.7,60.655,60.685,17616
2026-01-15 19:25:00,60.69,60.71,60.66,60.66,16087
2026-01-15 19:30:00,60.651,60.66,60.61,60.615,20235
2026-01-15 19:35:00,60.62,60.62,60.52,60.53,37969
2026-01-15 19:40:00,60.53,60.59,60.53,60.59,10924
2026-01-15 19:45:00,60.6,60.625,60.57,60.6001,13119
2026-01-15 19:50:00,60.61,60.61,60.59,60.6,11144
2026-01-15 19:55:00,60.61,60.61,60.545,60.55,17985
2026-01-15 20:00:00,60.55,60.565,60.53,60.54,13522
2026-01-15 20:05:00,60.54,60.55,60.49,60.495,21932
2026-01-15 20:10:00,60.5,60.5245,60.485,60.49,15227
2026-01-15 20:15:00,60.49,60.5,60.35,60.46,89060
2026-01-15 20:20:00,60.46,60.5,60.46,60.5,16620
2026-01-15 20:25:00,60.498,60.54,60.498,60.5297,25057
2026-01-15 20:30:00,60.5299,60.53,60.44,60.44,33162
2026-01-15 20:35:00,60.45,60.47,60.42,60.42,58724
2026-01-15 20:40:00,60.42,60.435,60.34,60.34,50881
2026-01-15 20:45:00,60.34,60.35,60.2675,60.27,50241
2026-01-15 20:50:00,60.28,60.38,60.28,60.37,92278
2026-01-15 20:55:00,60.38,60.44,60.365,60.44,230481
2026-01-16 14:30:00,60.36,60.66,60.2823,60.49,158274
2026-01-16 14:35:00,60.46,60.46,60.145,60.15,11418
2026-01-16 14:40:00,60.1201,60.1586,59.9601,60.04,14390
2026-01-16 14:45:00,60.05,60.05,59.89,59.89,20257
2026-01-16 14:50:00,59.92,60.05,59.865,59.885,9084
2026-01-16 14:55:00,59.86,59.95,59.85,59.94,5801
2026-01-16 15:00:00,59.96,60.07,59.86,59.89,11780
2026-01-16 15:05:00,59.86,59.9699,59.85,59.9481,22896
2026-01-16 15:10:00,59.96,60.01,59.83,59.95,22314
2026-01-16 15:15:00,59.92,59.96,59.9,59.935,8305
2026-01-16 15:20:00,59.93,59.96,59.86,59.87,11852
2026-01-16 15:25:00,59.875,59.955,59.86,59.94,14066
2026-01-16 15:30:00,59.93,59.94,59.79,59.81,12818
2026-01-16 15:35:00,59.82,60.005,59.82,59.97,14453
2026-01-16 15:40:00,59.96,60.05,59.96,60.0,15823
2026-01-16 15:45:00,59.99,59.99,59.9475,59.96,8359
2026-01-16 15:50:00,59.96,59.97,59.7601,59.805,21682
2026-01-16 15:55:00,59.81,59.85,59.75,59.76,9113
2026-01-16 16:00:00,59.74,59.75,59.715,59.75,12140
2026-01-16 16:05:00,59.77,59.8,59.7,59.73,10048
2026-01-16 16:10:00,59.71,59.72,59.65,59.715,7429
2026-01-16 16:15:00,59.74,59.75,59.665,59.71,9843
2026-01-16 16:20:00,59.7,59.75,59.68,59.75,4434
2026-01-16 16:25:00,59.74,59.76,59.65,59.665,8033
2026-01-16 16:30:00,59.67,59.7,59.65,59.652,7830
2026-01-16 16:35:00,59.65,59.66,59.6,59.64,8693
2026-01-16 16:40:00,59.625,59.72,59.625,59.72,7774
2026-01-16 16:45:00,59.728,59.75,59.71,59.71,8970
2026-01-16 16:50:00,59.73,59.773,59.73,59.75,6191
2026-01-16 16:55:00,59.74,59.745,59.71,59.74,6591
2026-01-16 17:00:00,59.7,59.71,59.67,59.67,7861
2026-01-16 17:05:00,59.69,59.705,59.665,59.705,5180
2026-01-16 17:10:00,59.6901,59.71,59.66,59.675,11395
2026-01-16 17:15:00,59.675,59.69,59.635,59.635,9223
2026-01-16 17:20:00,59.635,59.67,59.63,59.635,6421
2026-01-16 17:25:00,59.62,59.63,59.62,59.63,4612
2026-01-16 17:30:00,59.61,59.64,59.61,59.63,7899
2026-01-16 17:35:00,59.63,59.7,59.63,59.7,6772
2026-01-16 17:40:00,59.7,59.75,59.7,59.75,7932
2026-01-16 17:45:00,59.74,59.74,59.72,59.73,4274
2026-01-16 17:50:00,59.73,59.775,59.7272,59.77,8902
2026-01-16 17:55:00,59.78,59.795,59.77,59.79,4631
2026-01-16 18:00:00,59.77,59.81,59.76,59.81,5692
2026-01-16 18:05:00,59.81,59.835,59.805,59.82,4297
2026-01-16 18:10:00,59.81,59.82,59.79,59.82,9119
2026-01-16 18:15:00,59.805,59.83,59.78,59.78,7793
2026-01-16 18:20:00,59.79,59.8199,59.77,59.79,12999
2026-01-16 18:25:00,59.8,59.8099,59.78,59.795,5376
2026-01-16 18:30:00,59.81,59.81,59.79,59.79,4330
2026-01-16 18:35:00,59.8025,59.825,59.75,59.75,15907
2026-01-16 18:40:00,59.75,59.75,59.72,59.72,5661
2026-01-16 18:45:00,59.73,59.835,59.7088,59.835,7927
2026-01-16 18:50:00,59.85,60.05,59.85,60.045,16721
2026-01-16 18:55:00,60.035,60.12,60.03,60.1,11084
2026-01-16 19:00:00,60.1,60.19,60.1,60.175,15253
2026-01-16 19:05:00,60.2,60.33,60.11,60.14,16001
2026-01-16 19:10:00,60.14,60.14,60.09,60.13,7050
2026-01-16 19:15:00,60.14,60.14,60.12,60.12,5196
2026-01-16 19:20:00,60.12,60.12,59.9,59.94,63055
2026-01-16 19:25:00,59.96,60.215,59.96,60.215,49969
2026-01-16 19:30:00,60.21,60.28,60.19,60.26,12066
2026-01-16 19:35:00,60.28,60.33,60.22,60.22,34580
2026-01-16 19:40:00,60.22,60.259,60.21,60.215,7200
2026-01-16 19:45:00,60.23,60.29,60.22,60.27,16517
2026-01-16 19:50:00,60.27,60.285,60.18,60.18,19054
2026-01-16 19:55:00,60.19,60.19,60.14,60.16,45491
2026-01-16 20:00:00,60.171,60.21,60.1212,60.175,16084
2026-01-16 20:05:00,60.18,60.2,60.16,60.17,10960
2026-01-16 20:10:00,60.17,60.2,60.16,60.19,13049
2026-01-16 20:15:00,60.19,60.21,60.17,60.19,17892
2026-01-16 20:20:00,60.2,60.28,60.18,60.26,15816
2026-01-16 20:25:00,60.26,60.28,60.25,60.25,15647
2026-01-16 20:30:00,60.25,60.25,60.2,60.2,22936
2026-01-16 20:35:00,60.2,60.24,60.16,60.205,28711
2026-01-16 20:40:00,60.2,60.225,60.14,60.14,36721
2026-01-16 20:45:00,60.16,60.24,60.16,60.2,37923
2026-01-16 20:50:00,60.19,60.26,60.11,60.12,75692
2026-01-16 20:55:00,60.12,60.175,60.05,60.07,139733
2026-01-20 14:30:00,59.75,60.35,59.75,60.0,48663
2026-01-20 14:35:00,59.96,60.21,59.92,60.11,7863
2026-01-20 14:40:00,60.07,60.2186,60.07,60.08,15034
2026-01-20 14:45:00,60.14,60.14,59.94,60.08,10533
2026-01-20 14:50:00,60.08,60.11,59.88,59.89,12639
2026-01-20 14:55:00,59.92,59.92,59.66,59.68,21169
2026-01-20 15:00:00,59.64,59.81,59.6301,59.74,21292
2026-01-20 15:05:00,59.74,59.7604,59.605,59.605,22859
2026-01-20 15:10:00,59.605,59.74,59.57,59.71,21743
2026-01-20 15:15:00,59.69,59.69,59.6,59.61,10582
2026-01-20 15:20:00,59.61,59.81,59.61,59.79,29585
2026-01-20 15:25:00,59.795,59.9,59.795,59.8,21740
2026-01-20 15:30:00,59.83,59.88,59.81,59.83,15327
2026-01-20 15:35:00,59.79,59.82,59.79,59.82,26298
2026-01-20 15:40:00,59.9,59.9,59.9,59.9,28137
2026-01-20 15:45:00,59.9,59.9,59.85,59.8592,15137
2026-01-20 15:50:00,59.85,59.88,59.75,59.86,80059
2026-01-20 15:55:00,59.86,59.97,59.86,59.96,16433
2026-01-20 16:00:00,59.95,60.11,59.93,60.11,21819
2026-01-20 16:05:00,60.105,60.11,59.84,59.88,45255
2026-01-20 16:10:00,59.85,59.97,59.83,59.94,18900
2026-01-20 16:15:00,59.92,60.02,59.92,59.961,16740
2026-01-20 16:20:00,59.96,60.02,59.95,59.97,9669
2026-01-20 16:25:00,59.985,60.02,59.96,60.01,13008
2026-01-20 16:30:00,60.01,60.13,60.01,60.125,39523
2026-01-20 16:35:00,60.11,60.32,60.09,60.25,29654
2026-01-20 16:40:00,60.255,60.405,60.255,60.365,16972
2026-01-20 16:45:00,60.36,60.43,60.34,60.425,17363
2026-01-20 16:50:00,60.425,60.5599,60.425,60.44,28704
2026-01-20 16:55:00,60.455,60.48,60.39,60.42,24764
2026-01-20 17:00:00,60.43,60.535,60.43,60.49,31050
2026-01-20 17:05:00,60.48,60.54,60.425,60.455,79959
2026-01-20 17:10:00,60.44,60.605,60.44,60.57,51915
2026-01-20 17:15:00,60.575,60.625,60.575,60.6,15152
2026-01-20 17:20:00,60.62,60.62,60.45,60.5,25403
2026-01-20 17:25:00,60.505,60.795,60.49,60.78,44172
2026-01-20 17:30:00,60.7882,60.89,60.755,60.865,19850
2026-01-20 17:35:00,60.855,61.08,60.855,61.05,27831
2026-01-20 17:40:00,61.04,61.1038,61.04,61.04,22106
2026-01-20 17:45:00,61.04,61.045,60.9201,61.0362,17958
2026-01-20 17:50:00,61.035,61.13,61.035,61.12,15925
2026-01-20 17:55:00,61.13,61.19,61.12,61.17,17869
2026-01-20 18:00:00,61.17,61.26,61.17,61.17,12334
2026-01-20 18:05:00,61.18,61.215,61.1,61.17,18762
2026-01-20 18:10:00,61.17,61.25,61.165,61.225,17567
2026-01-20 18:15:00,61.21,61.22,61.09,61.14,21011
2026-01-20 18:20:00,61.125,61.155,61.0601,61.085,43129
2026-01-20 18:25:00,61.08,61.085,60.97,60.975,33373
2026-01-20 18:30:00,60.99,61.025,60.94,60.94,26999
2026-01-20 18:35:00,60.95,60.98,60.87,60.96,28390
2026-01-20 18:40:00,60.95,60.995,60.935,60.96,20447
2026-01-20 18:45:00,60.95,60.95,60.84,60.845,17496
2026-01-20 18:50:00,60.85,60.875,60.8355,60.85,12611
2026-01-20 18:55:00,60.845,60.95,60.84,60.95,15038
2026-01-20 19:00:00,60.95,61.1,60.92,61.08,61295
2026-01-20 19:05:00,61.08,61.11,60.99,61.02,23968
2026-01-20 19:10:00,61.03,61.07,60.995,61.035,32147
2026-01-20 19:15:00,61.035,61.08,60.965,61.08,55796
2026-01-20 19:20:00,61.08,61.115,61.07,61.115,28461
2026-01-20 19:25:00,61.115,61.23,61.11,61.18,33768
2026-01-20 19:30:00,61.18,61.18,61.1,61.125,42233
2026-01-20 19:35:00,61.12,61.14,61.1,61.11,34746
2026-01-20 19:40:00,61.11,61.15,61.1,61.12,26041
2026-01-20 19:45:00,61.12,61.2448,61.12,61.2,33130
2026-01-20 19:50:00,61.2,61.21,61.14,61.155,16971
2026-01-20 19:55:00,61.15,61.23,61.11,61.22,29944
2026-01-20 20:00:00,61.23,61.3238,61.2,61.28,25652
2026-01-20 20:05:00,61.28,61.38,61.24,61.35,35209
2026-01-20 20:10:00,61.33,61.35,61.07,61.07,32960
2026-01-20 20:15:00,61.07,61.225,61.01,61.13,148673
2026-01-20 20:20:00,61.13,61.175,60.94,60.995,79891
2026-01-20 20:25:00,61.01,61.19,61.0,61.19,46953
2026-01-20 20:30:00,61.21,61.235,61.1571,61.17,57001
2026-01-20 20:35:00,61.17,61.19,61.07,61.07,49688
2026-01-20 20:40:00,61.07,61.17,61.0,61.1508,113324
2026-01-20 20:45:00,61.15,61.15,60.95,60.975,136529
2026-01-20 20:50:00,60.97,61.075,60.95,61.07,162979
2026-01-20 20:55:00,61.06,61.075,60.84,60.9,352885
2026-01-21 14:30:00,61.13,61.35,61.0,61.28,46777
2026-01-21 14:35:00,61.233,61.44,61.16,61.165,17628
2026-01-21 14:40:00,61.18,61.19,61.0,61.06,13262
2026-01-21 14:45:00,61.0114,61.07,60.855,61.03,23736
2026-01-21 14:50:00,61.015,61.189,60.96,61.12,40704
2026-01-21 14:55:00,61.16,61.2,60.855,60.855,15234
2026-01-21 15:00:00,60.895,60.895,60.67,60.68,12533
2026-01-21 15:05:00,60.705,60.705,60.52,60.565,13846
2026-01-21 15:10:00,60.58,60.81,60.58,60.73,26648
2026-01-21 15:15:00,60.72,60.759,60.66,60.695,11226
2026-01-21 15:20:00,60.67,60.77,60.67,60.77,18811
2026-01-21 15:25:00,60.775,60.81,60.675,60.715,10613
2026-01-21 15:30:00,60.7,60.79,60.695,60.76,16568
2026-01-21 15:35:00,60.7583,60.82,60.745,60.805,11792
2026-01-21 15:40:00,60.815,60.82,60.77,60.77,9960
2026-01-21 15:45:00,60.75,60.81,60.735,60.735,15005
2026-01-21 15:50:00,60.725,60.915,60.72,60.89,14636
2026-01-21 15:55:00,60.895,60.895,60.84,60.86,7927
2026-01-21 16:00:00,60.865,60.87,60.79,60.79,12910
2026-01-21 16:05:00,60.79,60.85,60.79,60.845,8888
2026-01-21 16:10:00,60.84,60.85,60.825,60.845,12286
2026-01-21 16:15:00,60.84,60.86,60.81,60.82,11242
2026-01-21 16:20:00,60.81,60.87,60.81,60.835,16152
2026-01-21 16:25:00,60.83,60.85,60.81,60.81,9420
2026-01-21 16:30:00,60.815,60.84,60.81,60.81,12769
2026-01-21 16:35:00,60.8194,60.8308,60.785,60.8,14835
2026-01-21 16:40:00,60.81,60.905,60.805,60.905,13018
2026-01-21 16:45:00,60.89,60.901,60.87,60.901,12646
2026-01-21 16:50:00,60.89,60.89,60.84,60.84,12946
2026-01-21 16:55:00,60.84,60.88,60.825,60.83,13394
2026-01-21 17:00:00,60.825,60.86,60.775,60.7956,11977
2026-01-21 17:05:00,60.785,60.785,60.73,60.7713,13193
2026-01-21 17:10:00,60.76,60.82,60.73,60.7366,13722
2026-01-21 17:15:00,60.74,60.75,60.67,60.73,12295
2026-01-21 17:20:00,60.7325,60.785,60.725,60.785,10391
2026-01-21 17:25:00,60.78,60.87,60.755,60.87,12141
2026-01-21 17:30:00,60.89,60.94,60.87,60.93,10198
2026-01-21 17:35:00,60.925,60.95,60.92,60.925,9921
2026-01-21 17:40:00,60.935,60.94,60.86,60.86,10990
2026-01-21 17:45:00,60.855,60.88,60.8,60.8,14650
2026-01-21 17:50:00,60.78,60.82,60.77,60.81,12834
2026-01-21 17:55:00,60.8,60.8,60.69,60.695,11215
2026-01-21 18:00:00,60.69,60.69,60.48,60.5,28145
2026-01-21 18:05:00,60.5,60.54,60.48,60.49,11678
2026-01-21 18:10:00,60.48,60.57,60.48,60.53,15605
2026-01-21 18:15:00,60.535,60.54,60.455,60.455,51634
2026-01-21 18:20:00,60.45,60.45,60.4,60.435,20232
2026-01-21 18:30:00,60.485,60.525,60.48,60.515,51400
2026-01-21 18:35:00,60.5,60.515,60.46,60.47,28416
2026-01-21 18:40:00,60.45,60.46,60.42,60.42,18567
2026-01-21 18:45:00,60.42,60.49,60.395,60.46,26468
2026-01-21 18:50:00,60.47,60.47,60.4,60.4,10609
2026-01-21 18:55:00,60.38,60.39,60.3,60.3,13592
2026-01-21 19:00:00,60.32,60.34,60.31,60.32,14662
2026-01-21 19:05:00,60.32,60.4,60.32,60.395,15405
2026-01-21 19:10:00,60.4,60.415,60.36,60.3995,24002
2026-01-21 19:15:00,60.39,60.4,60.32,60.335,23532
2026-01-21 19:20:00,60.335,60.35,60.31,60.35,18007
2026-01-21 19:25:00,60.35,60.365,60.295,60.295,54136
2026-01-21 19:30:00,60.31,60.32,60.095,60.15,46053
2026-01-21 19:35:00,60.13,60.17,59.905,59.905,68372
2026-01-21 19:40:00,60.09,60.2,60.09,60.15,54938
2026-01-21 19:45:00,60.155,60.16,60.015,60.13,59136
2026-01-21 19:50:00,60.13,60.195,60.04,60.05,19377
2026-01-21 19:55:00,60.03,60.09,59.95,60.02,37292
2026-01-21 20:00:00,60.02,60.06,59.931,60.06,42504
2026-01-21 20:05:00,60.05,60.085,59.99,59.995,17261
2026-01-21 20:10:00,60.01,60.06,60.01,60.06,21728
2026-01-21 20:15:00,60.08,60.115,59.99,60.11,30826
2026-01-21 20:20:00,60.1,60.11,60.031,60.031,24111
2026-01-21 20:25:00,60.04,60.15,59.98,60.09,26468
2026-01-21 20:30:00,60.08,60.12,60.05,60.11,48442
2026-01-21 20:35:00,60.11,60.2,60.11,60.18,38486
2026-01-21 20:40:00,60.19,60.22,60.135,60.135,40803
2026-01-21 20:45:00,60.13,60.15,60.05,60.07,70811
2026-01-21 20:50:00,60.07,60.125,60.015,60.07,103367
2026-01-21 20:55:00,60.08,60.11,59.97,59.99,250836
2026-01-22 14:30:00,59.88,60.16,59.88,60.16,17550
2026-01-22 14:35:00,60.18,60.36,60.18,60.25,10771
2026-01-22 14:40:00,60.2615,60.265,60.01,60.05,37990
2026-01-22 14:45:00,60.065,60.09,59.86,59.92,10154
2026-01-22 14:50:00,59.92,60.0,59.805,59.805,92850
2026-01-22 14:55:00,59.83,60.0,59.83,59.99,16008
2026-01-22 15:00:00,59.998,60.0099,59.915,59.925,22586
2026-01-22 15:05:00,59.93,60.06,59.925,60.06,13016
2026-01-22 15:10:00,60.075,60.28,60.01,60.28,26672
2026-01-22 15:15:00,60.31,60.495,60.22,60.495,29521
2026-01-22 15:20:00,60.495,60.54,60.44,60.44,36544
2026-01-22 15:25:00,60.44,60.5,60.42,60.5,22462
2026-01-22 15:30:00,60.5,60.52,60.39,60.39,12686
2026-01-22 15:35:00,60.38,60.385,60.2994,60.34,15409
2026-01-22 15:40:00,60.305,60.39,60.3,60.367,24979
2026-01-22 15:45:00,60.365,60.41,60.35,60.41,8661
2026-01-22 15:50:00,60.41,60.41,60.33,60.365,35685
2026-01-22 15:55:00,60.355,60.355,60.31,60.31,12610
2026-01-22 16:00:00,60.305,60.34,60.275,60.285,13356
2026-01-22 16:05:00,60.275,60.33,60.275,60.32,15801
2026-01-22 16:10:00,60.335,60.43,60.315,60.42,33951
2026-01-22 16:15:00,60.43,60.46,60.421,60.455,20387
2026-01-22 16:20:00,60.455,60.455,60.42,60.425,9678
2026-01-22 16:25:00,60.425,60.43,60.37,60.37,14546
2026-01-22 16:30:00,60.36,60.38,60.3,60.37,14016
2026-01-22 16:35:00,60.36,60.37,60.275,60.32,9614
2026-01-22 16:40:00,60.31,60.37,60.31,60.37,8810
2026-01-22 16:45:00,60.37,60.3722,60.31,60.31,7874
2026-01-22 16:50:00,60.29,60.32,60.26,60.26,11909
2026-01-22 16:55:00,60.26,60.26,60.19,60.19,8190
2026-01-22 17:00:00,60.18,60.18,60.13,60.149,8993
2026-01-22 17:05:00,60.14,60.15,60.1,60.135,8010
2026-01-22 17:10:00,60.14,60.23,60.13,60.2175,14755
2026-01-22 17:15:00,60.23,60.375,60.23,60.355,18687
2026-01-22 17:20:00,60.355,60.46,60.355,60.44,22504
2026-01-22 17:25:00,60.44,60.44,60.385,60.4,19189
2026-01-22 17:30:00,60.4,60.56,60.4,60.505,48231
2026-01-22 17:35:00,60.51,60.55,60.495,60.54,11249
2026-01-22 17:40:00,60.55,60.55,60.485,60.53,16955
2026-01-22 17:45:00,60.52,60.54,60.491,60.5,8770
2026-01-22 17:50:00,60.5,60.56,60.485,60.55,125218
2026-01-22 17:55:00,60.545,60.545,60.46,60.52,113585
2026-01-22 18:00:00,60.53,60.57,60.49,60.49,10646
2026-01-22 18:05:00,60.49,60.495,60.37,60.38,8265
2026-01-22 18:10:00,60.37,60.37,60.28,60.32,15375
2026-01-22 18:15:00,60.31,60.37,60.31,60.365,11720
2026-01-22 18:20:00,60.37,60.47,60.35,60.46,13855
2026-01-22 18:25:00,60.46,60.46,60.38,60.415,16806
2026-01-22 18:30:00,60.42,60.5,60.42,60.48,13654
2026-01-22 18:35:00,60.485,60.52,60.46,60.47,13161
2026-01-22 18:40:00,60.51,60.52,60.48,60.48,6405
2026-01-22 18:45:00,60.48,60.485,60.46,60.47,11448
2026-01-22 18:50:00,60.47,60.475,60.4,60.4,11470
2026-01-22 18:55:00,60.39,60.52,60.385,60.52,15629
2026-01-22 19:00:00,60.53,60.545,60.47,60.51,26231
2026-01-22 19:05:00,60.51,60.6462,60.51,60.6462,21803
2026-01-22 19:10:00,60.64,60.65,60.57,60.58,16790
2026-01-22 19:15:00,60.58,60.58,60.5,60.5,16911
2026-01-22 19:20:00,60.5,60.59,60.5,60.59,21657
2026-01-22 19:25:00,60.6,60.605,60.54,60.57,19153
2026-01-22 19:30:00,60.565,60.59,60.52,60.57,22582
2026-01-22 19:35:00,60.57,60.58,60.48,60.5,15932
2026-01-22 19:40:00,60.49,60.52,60.46,60.475,26830
2026-01-22 19:45:00,60.475,60.63,60.47,60.625,29595
2026-01-22 19:50:00,60.63,60.67,60.615,60.625,31219
2026-01-22 19:55:00,60.625,60.65,60.58,60.58,28427
2026-01-22 20:00:00,60.575,60.64,60.56,60.635,41464
2026-01-22 20:05:00,60.635,60.67,60.62,60.665,39805
2026-01-22 20:10:00,60.665,60.74,60.665,60.725,32335
2026-01-22 20:15:00,60.725,60.73,60.66,60.66,35759
2026-01-22 20:20:00,60.67,60.73,60.63,60.63,56396
2026-01-22 20:25:00,60.63,60.675,60.61,60.665,44530
2026-01-22 20:30:00,60.67,60.75,60.66,60.72,30977
2026-01-22 20:35:00,60.72,60.77,60.7,60.76,31572
2026-01-22 20:40:00,60.76,60.77,60.66,60.74,78334
2026-01-22 20:45:00,60.74,60.8,60.74,60.795,56522
2026-01-22 20:50:00,60.8,61.07,60.78,61.05,104254
2026-01-22 20:55:00,61.06,61.07,61.01,61.045,202677
2026-01-23 14:30:00,61.11,61.75,60.8892,61.69,56077
2026-01-23 14:35:00,61.7,61.88,61.604,61.82,24666
2026-01-23 14:40:00,61.82,61.85,61.66,61.73,10362
2026-01-23 14:45:00,61.72,61.81,61.445,61.445,19697
2026-01-23 14:50:00,61.42,61.53,61.35,61.41,24213
2026-01-23 14:55:00,61.46,61.55,61.35,61.55,13131
2026-01-23 15:00:00,61.56,61.59,61.4,61.415,13967
2026-01-23 15:05:00,61.415,61.415,61.33,61.41,16579
2026-01-23 15:10:00,61.38,61.42,61.31,61.32,16514
2026-01-23 15:15:00,61.31,61.4,61.31,61.3999,20533
2026-01-23 15:20:00,61.4,61.5,61.39,61.425,16575
2026-01-23 15:25:00,61.43,61.43,61.25,61.25,14039
2026-01-23 15:30:00,61.29,61.39,61.27,61.385,13017
2026-01-23 15:35:00,61.37,61.3775,61.275,61.32,16540
2026-01-23 15:40:00,61.33,61.415,61.33,61.415,12895
2026-01-23 15:45:00,61.425,61.5,61.38,61.475,13318
2026-01-23 15:50:00,61.475,61.475,61.33,61.375,16604
2026-01-23 15:55:00,61.38,61.395,61.275,61.28,10291
2026-01-23 16:00:00,61.26,61.39,61.24,61.37,14994
2026-01-23 16:05:00,61.37,61.415,61.36,61.37,12816
2026-01-23 16:10:00,61.35,61.37,61.3157,61.3157,9257
2026-01-23 16:15:00,61.33,61.43,61.33,61.38,14256
2026-01-23 16:20:00,61.38,61.4,61.32,61.4,12179
2026-01-23 16:25:00,61.41,61.41,61.26,61.26,16177
2026-01-23 16:30:00,61.25,61.25,61.15,61.15,11728
2026-01-23 16:35:00,61.17,61.21,61.12,61.18,19360
2026-01-23 16:40:00,61.195,61.22,61.12,61.21,18428
2026-01-23 16:45:00,61.2216,61.25,61.17,61.2,14292
2026-01-23 16:50:00,61.17,61.17,61.13,61.16,7957
2026-01-23 16:55:00,61.15,61.245,61.13,61.205,12589
2026-01-23 17:00:00,61.205,61.25,61.19,61.24,9135
2026-01-23 17:05:00,61.23,61.27,61.22,61.23,11387
2026-01-23 17:10:00,61.225,61.225,61.18,61.19,7713
2026-01-23 17:15:00,61.2,61.22,61.17,61.17,10253
2026-01-23 17:20:00,61.18,61.215,61.16,61.2,11174
2026-01-23 17:25:00,61.18,61.38,61.17,61.355,15211
2026-01-23 17:30:00,61.37,61.46,61.37,61.42,8778
2026-01-23 17:35:00,61.42,61.49,61.4,61.49,7017
2026-01-23 17:40:00,61.5,61.535,61.5,61.52,9852
2026-01-23 17:45:00,61.5,61.51,61.455,61.46,6346
2026-01-23 17:50:00,61.4599,61.49,61.45,61.485,6131
2026-01-23 17:55:00,61.48,61.48,61.35,61.35,6562
2026-01-23 18:00:00,61.355,61.37,61.29,61.32,8150
2026-01-23 18:05:00,61.315,61.35,61.2901,61.34,6658
2026-01-23 18:10:00,61.35,61.375,61.2701,61.3,12779
2026-01-23 18:15:00,61.3,61.31,61.28,61.295,11527
2026-01-23 18:20:00,61.3,61.34,61.3,61.31,8036
2026-01-23 18:25:00,61.33,61.35,61.32,61.35,9846
2026-01-23 18:30:00,61.34,61.45,61.34,61.39,26918
2026-01-23 18:35:00,61.395,61.44,61.385,61.42,8310
2026-01-23 18:40:00,61.42,61.49,61.42,61.49,16896
2026-01-23 18:45:00,61.49,61.49,61.46,61.49,9259
2026-01-23 18:50:00,61.4899,61.49,61.44,61.44,17881
2026-01-23 18:55:00,61.44,61.46,61.33,61.385,26263
2026-01-23 19:00:00,61.4,61.4125,61.38,61.38,9016
2026-01-23 19:05:00,61.37,61.41,61.36,61.41,10071
2026-01-23 19:10:00,61.405,61.47,61.4,61.45,10302
2026-01-23 19:15:00,61.44,61.47,61.4387,61.47,8675
2026-01-23 19:20:00,61.48,61.58,61.48,61.56,20083
2026-01-23 19:25:00,61.56,61.61,61.56,61.601,13943
2026-01-23 19:30:00,61.6,61.6,61.5,61.5,17824
2026-01-23 19:35:00,61.48,61.48,61.435,61.45,12992
2026-01-23 19:40:00,61.451,61.465,61.425,61.465,9957
2026-01-23 19:45:00,61.47,61.555,61.47,61.54,16241
2026-01-23 19:50:00,61.53,61.55,61.47,61.485,27075
2026-01-23 19:55:00,61.5,61.54,61.49,61.515,9584
2026-01-23 20:00:00,61.515,61.565,61.481,61.54,22385
2026-01-23 20:05:00,61.54,61.545,61.431,61.445,27336
2026-01-23 20:10:00,61.465,61.515,61.45,61.45,17253
2026-01-23 20:15:00,61.46,61.52,61.46,61.481,17465
2026-01-23 20:20:00,61.49,61.545,61.47,61.52,20762
2026-01-23 20:25:00,61.52,61.53,61.465,61.47,24468
2026-01-23 20:30:00,61.47,61.52,61.43,61.46,20377
2026-01-23 20:35:00,61.46,61.46,61.42,61.46,27648
2026-01-23 20:40:00,61.46,61.5,61.46,61.47,34658
2026-01-23 20:45:00,61.49,61.58,61.485,61.53,44577
2026-01-23 20:50:00,61.525,61.7,61.525,61.64,99725
2026-01-23 20:55:00,61.64,61.695,61.6,61.67,247478
2026-01-26 14:30:00,62.0,62.8,61.915,62.375,97815
2026-01-26 14:35:00,62.45,62.66,62.38,62.65,30256
2026-01-26 14:40:00,62.6137,62.85,62.6137,62.695,36918
2026-01-26 14:45:00,62.69,63.12,62.69,63.12,79936
2026-01-26 14:50:00,63.09,63.09,62.896,63.049,38196
2026-01-26 14:55:00,63.05,63.15,62.93,63.14,30930
2026-01-26 15:00:00,63.17,63.26,63.03,63.1211,39790
2026-01-26 15:05:00,63.1,63.22,62.985,63.17,36870
2026-01-26 15:10:00,63.16,63.34,63.15,63.23,27311
2026-01-26 15:15:00,63.23,63.26,63.18,63.245,25576
2026-01-26 15:20:00,63.25,63.49,63.21,63.46,38883
2026-01-26 15:25:00,63.48,63.5,63.35,63.375,55409
2026-01-26 15:30:00,63.38,63.4638,63.26,63.307,40539
2026-01-26 15:35:00,63.27,63.31,63.2,63.275,34153
2026-01-26 15:40:00,63.27,63.45,63.26,63.28,35998
2026-01-26 15:45:00,63.28,63.32,63.25,63.28,14167
2026-01-26 15:50:00,63.28,63.3,63.115,63.2072,27561
2026-01-26 15:55:00,63.22,63.22,63.13,63.14,26623
2026-01-26 16:00:00,63.15,63.4,63.14,63.36,30861
2026-01-26 16:05:00,63.33,63.34,63.22,63.25,28468
2026-01-26 16:10:00,63.26,63.33,63.245,63.28,17971
2026-01-26 16:15:00,63.28,63.34,63.25,63.315,17826
2026-01-26 16:20:00,63.3228,63.33,63.24,63.33,30028
2026-01-26 16:25:00,63.31,63.39,63.3,63.315,20119
2026-01-26 16:30:00,63.315,63.315,63.07,63.1,21909
2026-01-26 16:35:00,63.1,63.12,63.03,63.12,15780
2026-01-26 16:40:00,63.115,63.16,63.05,63.05,26269
2026-01-26 16:45:00,63.07,63.15,63.07,63.12,11501
2026-01-26 16:50:00,63.135,63.19,63.12,63.14,18456
2026-01-26 16:55:00,63.15,63.1694,63.08,63.16,15386
2026-01-26 17:00:00,63.18,63.29,63.16,63.225,20578
2026-01-26 17:05:00,63.24,63.42,63.24,63.38,41487
2026-01-26 17:10:00,63.37,63.38,63.29,63.329,17418
2026-01-26 17:15:00,63.32,63.35,63.24,63.26,20953
2026-01-26 17:20:00,63.24,63.28,63.14,63.19,21240
2026-01-26 17:25:00,63.17,63.3,63.17,63.3,18117
2026-01-26 17:30:00,63.305,63.4,63.3,63.36,30830
2026-01-26 17:35:00,63.365,63.4008,63.35,63.38,19967
2026-01-26 17:40:00,63.39,63.46,63.39,63.4265,42323
2026-01-26 17:45:00,63.425,63.44,63.42,63.44,12945
2026-01-26 17:50:00,63.45,63.45,63.325,63.425,29517
2026-01-26 17:55:00,63.41,63.425,63.345,63.345,16292
2026-01-26 18:00:00,63.345,63.345,63.285,63.3,25888
2026-01-26 18:05:00,63.3,63.35,63.27,63.32,21912
2026-01-26 18:10:00,63.34,63.381,63.33,63.36,30492
2026-01-26 18:15:00,63.36,63.42,63.31,63.42,12315
2026-01-26 18:20:00,63.395,63.4199,63.37,63.37,18062
2026-01-26 18:25:00,63.39,63.44,63.39,63.425,12512
2026-01-26 18:30:00,63.44,63.5,63.42,63.4929,15940
2026-01-26 18:35:00,63.49,63.53,63.46,63.49,28274
2026-01-26 18:40:00,63.48,63.49,63.4559,63.46,16672
2026-01-26 18:45:00,63.47,63.51,63.47,63.51,16155
2026-01-26 18:50:00,63.51,63.55,63.49,63.54,19075
2026-01-26 18:55:00,63.53,63.565,63.46,63.52,45215
2026-01-26 19:00:00,63.52,63.52,63.445,63.49,18092
2026-01-26 19:05:00,63.475,63.475,63.355,63.355,21038
2026-01-26 19:10:00,63.355,63.51,63.355,63.445,16405
2026-01-26 19:15:00,63.44,63.47,63.42,63.425,14869
2026-01-26 19:20:00,63.425,63.49,63.42,63.49,17612
2026-01-26 19:25:00,63.4908,63.525,63.475,63.49,18766
2026-01-26 19:30:00,63.48,63.5,63.445,63.45,17888
2026-01-26 19:35:00,63.4401,63.465,63.41,63.45,24186
2026-01-26 19:40:00,63.44,63.48,63.42,63.45,21388
2026-01-26 19:45:00,63.45,63.51,63.44,63.47,28217
2026-01-26 19:50:00,63.47,63.54,63.46,63.52,41023
2026-01-26 19:55:00,63.52,63.56,63.491,63.56,30315
2026-01-26 20:00:00,63.56,63.56,63.51,63.555,25447
2026-01-26 20:05:00,63.555,63.5754,63.53,63.55,25711
2026-01-26 20:10:00,63.56,63.645,63.56,63.61,34625
2026-01-26 20:15:00,63.6,63.61,63.48,63.53,54302
2026-01-26 20:20:00,63.535,63.555,63.49,63.51,41645
2026-01-26 20:25:00,63.5,63.56,63.4692,63.555,31046
2026-01-26 20:30:00,63.56,63.64,63.56,63.611,46352
2026-01-26 20:35:00,63.61,63.635,63.55,63.63,44534
2026-01-26 20:40:00,63.63,63.675,63.61,63.645,57929
2026-01-26 20:45:00,63.64,63.66,63.585,63.6325,93567
2026-01-26 20:50:00,63.62,63.72,63.62,63.69,176735
2026-01-26 20:55:00,63.69,63.75,63.6,63.74,376163
2026-01-27 14:30:00,63.62,63.96,63.47,63.885,52428
2026-01-27 14:35:00,63.9,64.07,63.7001,64.07,18173
2026-01-27 14:40:00,64.025,64.14,64.025,64.075,20914
2026-01-27 14:45:00,64.11,64.15,64.0,64.0075,30600
2026-01-27 14:50:00,64.03,64.14,63.95,64.1,33036
2026-01-27 14:55:00,64.105,64.22,64.04,64.185,39926
2026-01-27 15:00:00,64.2,64.2,64.1,64.11,38925
2026-01-27 15:05:00,64.12,64.35,64.08,64.305,32598
2026-01-27 15:10:00,64.31,64.44,64.3,64.44,42363
2026-01-27 15:15:00,64.45,64.47,64.4,64.445,38473
2026-01-27 15:20:00,64.445,64.505,64.39,64.47,36483
2026-01-27 15:25:00,64.465,64.52,64.45,64.475,18951
2026-01-27 15:30:00,64.47,64.62,64.47,64.58,26302
2026-01-27 15:35:00,64.62,64.66,64.52,64.55,46605
2026-01-27 15:40:00,64.55,64.575,64.52,64.545,15394
2026-01-27 15:45:00,64.545,64.615,64.51,64.57,26465
2026-01-27 15:50:00,64.58,64.635,64.58,64.61,22713
2026-01-27 15:55:00,64.63,64.675,64.6,64.64,20647
2026-01-27 16:00:00,64.645,64.79,64.645,64.78,39693
2026-01-27 16:05:00,64.79,64.79,64.71,64.72,23269
2026-01-27 16:10:00,64.71,64.8,64.71,64.765,23025
2026-01-27 16:15:00,64.78,64.83,64.78,64.815,32381
2026-01-27 16:20:00,64.8001,64.83,64.68,64.69,33730
2026-01-27 16:25:00,64.69,64.725,64.59,64.705,42293
2026-01-27 16:30:00,64.67,64.78,64.66,64.78,18098
2026-01-27 16:35:00,64.79,64.84,64.77,64.78,14560
2026-01-27 16:40:00,64.77,64.78,64.74,64.775,13248
2026-01-27 16:45:00,64.76,64.805,64.73,64.77,17272
2026-01-27 16:50:00,64.75,64.76,64.655,64.68,19065
2026-01-27 16:55:00,64.63,64.68,64.6206,64.66,12584
2026-01-27 17:00:00,64.66,64.701,64.66,64.7,12186
2026-01-27 17:05:00,64.69,64.7,64.63,64.69,21972
2026-01-27 17:10:00,64.71,64.74,64.62,64.625,16152
2026-01-27 17:15:00,64.64,64.69,64.59,64.63,89049
2026-01-27 17:20:00,64.62,64.69,64.61,64.68,17049
2026-01-27 17:25:00,64.68,64.69,64.6,64.6425,13119
2026-01-27 17:30:00,64.61,64.64,64.59,64.62,9834
2026-01-27 17:35:00,64.6,64.64,64.59,64.64,9713
2026-01-27 17:40:00,64.63,64.66,64.61,64.635,24360
2026-01-27 17:45:00,64.639,64.66,64.62,64.63,18886
2026-01-27 17:50:00,64.6254,64.69,64.6254,64.69,9920
2026-01-27 17:55:00,64.68,64.68,64.63,64.655,15607
2026-01-27 18:00:00,64.64,64.75,64.64,64.75,8775
2026-01-27 18:05:00,64.74,64.775,64.72,64.75,11307
2026-01-27 18:10:00,64.74,64.75,64.7,64.72,11729
2026-01-27 18:15:00,64.73,64.83,64.73,64.83,10309
2026-01-27 18:20:00,64.83,64.84,64.8,64.82,12710
2026-01-27 18:25:00,64.83,64.89,64.815,64.815,24651
2026-01-27 18:30:00,64.82,64.89,64.82,64.89,15803
2026-01-27 18:35:00,64.91,64.925,64.89,64.9091,16692
2026-01-27 18:40:00,64.8935,64.91,64.86,64.89,10466
2026-01-27 18:45:00,64.9,64.9,64.88,64.8908,4620
2026-01-27 18:50:00,64.8908,64.96,64.8908,64.96,20082
2026-01-27 18:55:00,64.96,64.99,64.96,64.97,18789
2026-01-27 19:00:00,64.96,65.11,64.96,65.11,40253
2026-01-27 19:05:00,65.11,65.13,65.08,65.13,24622
2026-01-27 19:10:00,65.13,65.17,65.11,65.115,58952
2026-01-27 19:15:00,65.11,65.2,65.11,65.16,15152
2026-01-27 19:20:00,65.17,65.24,65.17,65.23,11916
2026-01-27 19:25:00,65.23,65.29,65.23,65.285,13659
2026-01-27 19:30:00,65.3,65.59,65.295,65.59,37480
2026-01-27 19:35:00,65.59,65.61,65.53,65.53,30439
2026-01-27 19:40:00,65.53,65.601,65.515,65.565,43287
2026-01-27 19:45:00,65.565,65.61,65.54,65.56,23138
2026-01-27 19:50:00,65.565,65.63,65.54,65.595,55248
2026-01-27 19:55:00,65.61,65.635,65.58,65.62,30884
2026-01-27 20:00:00,65.62,65.77,65.595,65.735,65207
2026-01-27 20:05:00,65.735,65.735,65.63,65.6384,38661
2026-01-27 20:10:00,65.64,65.7,65.57,65.58,39482
2026-01-27 20:15:00,65.57,65.57,65.395,65.42,52179
2026-01-27 20:20:00,65.4,65.45,65.38,65.4298,31400
2026-01-27 20:25:00,65.43,65.48,65.42,65.475,22676
2026-01-27 20:30:00,65.46,65.555,65.42,65.52,36482
2026-01-27 20:35:00,65.525,65.59,65.51,65.54,43587
2026-01-27 20:40:00,65.545,65.605,65.52,65.605,45130
2026-01-27 20:45:00,65.6007,65.715,65.58,65.66,102893
2026-01-27 20:50:00,65.68,65.795,65.64,65.755,125396
2026-01-27 20:55:00,65.755,65.85,65.74,65.75,392724
2026-01-28 14:30:00,65.55,65.84,65.45,65.825,77555
2026-01-28 14:35:00,65.88,65.9617,65.63,65.79,15722
2026-01-28 14:40:00,65.7799,65.93,65.74,65.905,51359
2026-01-28 14:45:00,65.91,65.94,65.62,65.66,31382
2026-01-28 14:50:00,65.61,65.67,65.395,65.395,33888
2026-01-28 14:55:00,65.395,65.48,65.23,65.335,37728
2026-01-28 15:00:00,65.335,65.48,65.285,65.41,26113
2026-01-28 15:05:00,65.38,65.42,65.35,65.39,25321
2026-01-28 15:10:00,65.41,65.435,65.315,65.33,24378
2026-01-28 15:15:00,65.335,65.38,65.31,65.35,15412
2026-01-28 15:20:00,65.36,65.4,65.31,65.4,19373
2026-01-28 15:25:00,65.4,65.4,65.32,65.33,19632
2026-01-28 15:30:00,65.335,65.37,65.28,65.37,24239
2026-01-28 15:35:00,65.38,65.4,65.295,65.3,17100
2026-01-28 15:40:00,65.3,65.47,65.3,65.47,30111
2026-01-28 15:45:00,65.46,65.62,65.45,65.47,20968
2026-01-28 15:50:00,65.48,65.48,65.3601,65.445,15910
2026-01-28 15:55:00,65.445,65.445,65.34,65.38,16128
2026-01-28 16:00:00,65.38,65.39,65.26,65.27,16396
2026-01-28 16:05:00,65.28,65.355,65.266,65.325,12287
2026-01-28 16:10:00,65.34,65.355,65.29,65.335,17945
2026-01-28 16:15:00,65.335,65.38,65.31,65.32,19655
2026-01-28 16:20:00,65.32,65.36,65.255,65.26,26842
2026-01-28 16:25:00,65.26,65.29,65.21,65.25,21685
2026-01-28 16:30:00,65.23,65.23,65.15,65.175,14669
2026-01-28 16:35:00,65.175,65.175,65.09,65.11,18842
2026-01-28 16:40:00,65.105,65.18,65.04,65.175,20306
2026-01-28 16:45:00,65.19,65.22,65.14,65.15,19583
2026-01-28 16:50:00,65.14,65.19,65.14,65.19,18298
2026-01-28 16:55:00,65.17,65.19,65.115,65.185,18128
2026-01-28 17:00:00,65.185,65.21,65.185,65.2,15986
2026-01-28 17:05:00,65.2,65.27,65.185,65.25,40805
2026-01-28 17:10:00,65.27,65.36,65.2401,65.36,18024
2026-01-28 17:15:00,65.35,65.4916,65.35,65.4,40206
2026-01-28 17:20:00,65.4,65.44,65.39,65.43,13193
2026-01-28 17:25:00,65.43,65.45,65.3901,65.45,12088
2026-01-28 17:30:00,65.45,65.495,65.39,65.485,19131
2026-01-28 17:35:00,65.5,65.53,65.415,65.415,145473
2026-01-28 17:40:00,65.415,65.45,65.22,65.22,18411
2026-01-28 17:45:00,65.205,65.23,65.12,65.15,21626
2026-01-28 17:50:00,65.15,65.24,65.09,65.17,26086
2026-01-28 17:55:00,65.18,65.18,65.03,65.055,92401
2026-01-28 18:00:00,65.06,65.115,65.05,65.11,30948
2026-01-28 18:05:00,65.11,65.26,65.11,65.26,17176
2026-01-28 18:10:00,65.27,65.29,65.155,65.175,24142
2026-01-28 18:15:00,65.19,65.24,65.15,65.24,15669
2026-01-28 18:20:00,65.24,65.24,65.175,65.175,11139
2026-01-28 18:25:00,65.175,65.18,65.03,65.08,57577
2026-01-28 18:30:00,65.085,65.12,65.0301,65.08,20168
2026-01-28 18:35:00,65.09,65.135,65.08,65.11,12317
2026-01-28 18:40:00,65.125,65.125,64.97,64.97,14120
2026-01-28 18:45:00,64.98,65.15,64.965,65.045,98401
2026-01-28 18:50:00,65.03,65.055,64.885,64.9,41432
2026-01-28 18:55:00,64.89,65.02,64.86,65.02,18409
2026-01-28 19:00:00,65.035,65.049,64.9501,65.02,16206
2026-01-28 19:05:00,65.02,65.0388,64.94,64.99,16937
2026-01-28 19:10:00,64.9991,65.0,64.89,64.92,16164
2026-01-28 19:15:00,64.9,64.9,64.83,64.835,15411
2026-01-28 19:20:00,64.84,64.91,64.77,64.79,18270
2026-01-28 19:25:00,64.77,64.785,64.63,64.64,28646
2026-01-28 19:30:00,64.63,64.8,64.5335,64.65,55760
2026-01-28 19:35:00,64.69,64.7275,64.4,64.54,31984
2026-01-28 19:40:00,64.53,64.535,64.38,64.38,27419
2026-01-28 19:45:00,64.38,64.44,64.38,64.44,20608
2026-01-28 19:50:00,64.425,64.4425,64.375,64.395,23852
2026-01-28 19:55:00,64.395,64.46,64.33,64.46,27832
2026-01-28 20:00:00,64.47,64.595,64.455,64.57,21892
2026-01-28 20:05:00,64.55,64.68,64.53,64.555,30605
2026-01-28 20:10:00,64.555,64.615,64.48,64.48,30264
2026-01-28 20:15:00,64.48,64.53,64.455,64.48,20981
2026-01-28 20:20:00,64.4875,64.57,64.46,64.55,30419
2026-01-28 20:25:00,64.54,64.64,64.54,64.64,23366
2026-01-28 20:30:00,64.63,64.665,64.57,64.64,31071
2026-01-28 20:35:00,64.63,64.69,64.6,64.69,32896
2026-01-28 20:40:00,64.68,64.705,64.6,64.6,40637
2026-01-28 20:45:00,64.615,64.66,64.54,64.56,55270
2026-01-28 20:50:00,64.575,64.69,64.55,64.67,91651
2026-01-28 20:55:00,64.66,64.68,64.55,64.6,277005
2026-01-29 14:30:00,64.94,65.26,64.91,65.26,24972
2026-01-29 14:35:00,65.3,65.89,65.3,65.71,27654
2026-01-29 14:40:00,65.7022,65.71,65.26,65.26,20079
2026-01-29 14:45:00,65.265,65.39,65.2201,65.26,22122
2026-01-29 14:50:00,65.29,65.51,65.21,65.51,25947
2026-01-29 14:55:00,65.5,65.525,65.37,65.4,20714
2026-01-29 15:00:00,65.4,65.45,65.35,65.445,20233
2026-01-29 15:05:00,65.445,65.47,65.31,65.34,17529
2026-01-29 15:10:00,65.33,65.39,65.27,65.305,17644
2026-01-29 15:15:00,65.34,65.41,65.3,65.365,20582
2026-01-29 15:20:00,65.37,65.47,65.34,65.36,42583
2026-01-29 15:25:00,65.43,65.43,65.34,65.34,14592
2026-01-29 15:30:00,65.315,65.385,65.315,65.325,16882
2026-01-29 15:35:00,65.3,65.395,65.25,65.35,19633
2026-01-29 15:40:00,65.33,65.41,65.24,65.24,22894
2026-01-29 15:45:00,65.21,65.29,65.1701,65.265,21135
2026-01-29 15:50:00,65.28,65.37,65.265,65.37,20216
2026-01-29 15:55:00,65.35,65.365,65.24,65.26,27218
2026-01-29 16:00:00,65.25,65.32,65.22,65.32,22800
2026-01-29 16:05:00,65.33,65.35,65.255,65.31,32935
2026-01-29 16:10:00,65.31,65.48,65.29,65.46,26796
2026-01-29 16:15:00,65.46,65.54,65.43,65.51,27919
2026-01-29 16:20:00,65.53,65.64,65.47,65.54,61712
2026-01-29 16:25:00,65.535,65.58,65.44,65.45,28869
2026-01-29 16:30:00,65.45,65.555,65.435,65.49,24533
2026-01-29 16:35:00,65.46,65.5,65.45,65.45,16218
2026-01-29 16:40:00,65.445,65.48,65.285,65.39,43561
2026-01-29 16:45:00,65.4,65.45,65.31,65.435,18917
2026-01-29 16:50:00,65.435,65.435,65.22,65.345,21241
2026-01-29 16:55:00,65.33,65.41,65.26,65.31,20778
2026-01-29 17:00:00,65.33,65.37,65.3,65.35,16340
2026-01-29 17:05:00,65.36,65.37,65.245,65.33,30798
2026-01-29 17:10:00,65.325,65.39,65.285,65.34,20196
2026-01-29 17:15:00,65.335,65.42,65.3,65.385,66814
2026-01-29 17:20:00,65.39,65.48,65.39,65.43,21253
2026-01-29 17:25:00,65.445,65.6,65.4357,65.57,16248
2026-01-29 17:30:00,65.545,65.61,65.52,65.54,19170
2026-01-29 17:35:00,65.54,65.605,65.53,65.59,12686
2026-01-29 17:40:00,65.58,65.61,65.54,65.58,15256
2026-01-29 17:45:00,65.57,65.58,65.52,65.535,14601
2026-01-29 17:50:00,65.54,65.57,65.47,65.49,19278
2026-01-29 17:55:00,65.51,65.55,65.475,65.48,20060
2026-01-29 18:00:00,65.47,65.485,65.34,65.375,24894
2026-01-29 18:05:00,65.3732,65.48,65.3732,65.4,11941
2026-01-29 18:10:00,65.41,65.47,65.39,65.4,17192
2026-01-29 18:15:00,65.4,65.44,65.39,65.42,13872
2026-01-29 18:20:00,65.44,65.48,65.415,65.475,15201
2026-01-29 18:25:00,65.46,65.46,65.38,65.455,11156
2026-01-29 18:30:00,65.46,65.49,65.41,65.455,12987
2026-01-29 18:35:00,65.455,65.52,65.44,65.47,8824
2026-01-29 18:40:00,65.46,65.53,65.46,65.485,12581
2026-01-29 18:45:00,65.5,65.53,65.485,65.485,7413
2026-01-29 18:50:00,65.485,65.52,65.45,65.515,23496
2026-01-29 18:55:00,65.5,65.565,65.33,65.33,27325
2026-01-29 19:00:00,65.31,65.4751,65.215,65.43,20358
2026-01-29 19:05:00,65.4,65.4,65.335,65.35,11392
2026-01-29 19:10:00,65.355,65.37,65.32,65.36,14695
2026-01-29 19:15:00,65.35,65.37,65.3075,65.33,17899
2026-01-29 19:20:00,65.345,65.38,65.3,65.38,18491
2026-01-29 19:25:00,65.38,65.45,65.34,65.45,31284
2026-01-29 19:30:00,65.465,65.56,65.43,65.48,26341
2026-01-29 19:35:00,65.46,65.555,65.435,65.52,16361
2026-01-29 19:40:00,65.525,65.54,65.49,65.535,17374
2026-01-29 19:45:00,65.53,65.594,65.52,65.53,35150
2026-01-29 19:50:00,65.528,65.54,65.46,65.46,22955
2026-01-29 19:55:00,65.45,65.45,65.19,65.195,33295
2026-01-29 20:00:00,65.2,65.41,65.2,65.385,37412
2026-01-29 20:05:00,65.37,65.37,65.29,65.31,21916
2026-01-29 20:10:00,65.3,65.36,65.29,65.3,22973
2026-01-29 20:15:00,65.3,65.31,65.2,65.26,50173
2026-01-29 20:20:00,65.275,65.355,65.24,65.24,26684
2026-01-29 20:25:00,65.25,65.37,65.225,65.3,26488
2026-01-29 20:30:00,65.32,65.35,65.315,65.35,31540
2026-01-29 20:35:00,65.35,65.365,65.29,65.35,46339
2026-01-29 20:40:00,65.34,65.34,65.14,65.155,37103
2026-01-29 20:45:00,65.155,65.18,65.08,65.14,67521
2026-01-29 20:50:00,65.15,65.295,65.15,65.185,94296
2026-01-29 20:55:00,65.19,65.24,65.13,65.21,261040
2026-01-30 14:30:00,65.17,65.605,65.15,65.4,263152
2026-01-30 14:35:00,65.445,65.5,65.19,65.34,41453
2026-01-30 14:40:00,65.3456,65.54,65.23,65.54,28146
2026-01-30 14:45:00,65.57,65.57,65.2652,65.315,17027
2026-01-30 14:50:00,65.325,65.34,65.21,65.26,25956
2026-01-30 14:55:00,65.26,65.33,65.1801,65.305,12361
2026-01-30 15:00:00,65.34,65.49,65.34,65.485,35877
2026-01-30 15:05:00,65.485,65.485,65.32,65.43,26385
2026-01-30 15:10:00,65.425,65.52,65.38,65.46,23304
2026-01-30 15:15:00,65.455,65.4869,65.3,65.3,21878
2026-02-02 18:45:00,65.5,65.52,65.46,65.4901,12089
2026-02-02 18:50:00,65.485,65.5,65.3,65.365,37644
2026-02-02 18:55:00,65.39,65.425,65.245,65.245,23017
2026-02-02 19:00:00,65.25,65.36,65.16,65.335,31107
2026-02-02 19:05:00,65.335,65.505,65.335,65.47,33756
2026-02-02 19:10:00,65.46,65.46,65.28,65.3,35187
2026-02-02 19:15:00,65.31,65.36,65.155,65.18,21445
2026-02-02 19:20:00,65.17,65.27,65.16,65.27,19159
2026-02-02 19:25:00,65.29,65.37,65.18,65.37,25294
2026-02-02 19:30:00,65.355,65.37,65.16,65.22,34968
2026-02-02 19:35:00,65.21,65.33,65.2,65.225,18629
2026-02-02 19:40:00,65.2,65.27,65.15,65.195,29398
2026-02-02 19:45:00,65.23,65.355,65.22,65.33,37703
2026-02-02 19:50:00,65.35,65.46,65.27,65.46,34334
2026-02-02 19:55:00,65.46,65.51,65.38,65.455,40093
2026-02-02 20:00:00,65.475,65.61,65.47,65.585,22735
2026-02-02 20:05:00,65.585,65.84,65.56,65.84,35660
2026-02-02 20:10:00,65.815,65.83,65.71,65.78,29021
2026-02-02 20:15:00,65.77,65.85,65.68,65.81,39377
2026-02-02 20:20:00,65.8,65.94,65.77,65.94,30064
2026-02-02 20:25:00,65.99,66.12,65.98,66.085,27980
2026-02-02 20:30:00,66.1,66.15,65.98,65.99,52857
2026-02-02 20:35:00,65.97,66.0,65.77,65.86,103145
2026-02-02 20:40:00,65.88,65.88,65.53,65.53,83422
2026-02-02 20:45:00,65.53,65.72,65.53,65.7,80991
2026-02-02 20:50:00,65.7,65.855,65.58,65.635,123849
2026-02-02 20:55:00,65.63,65.75,65.49,65.725,314652
2026-02-03 14:30:00,65.23,65.33,64.13,64.6,83518
2026-02-03 14:35:00,64.605,64.675,63.42,64.22,97328
2026-02-03 14:40:00,64.22,65.05,64.16,64.81,46233
2026-02-03 14:45:00,64.73,64.893,64.205,64.505,76057
2026-02-03 14:50:00,64.49,64.57,64.285,64.385,80263
2026-02-03 14:55:00,64.42,64.62,64.2973,64.51,46044
2026-02-03 15:00:00,64.42,64.54,64.305,64.44,27641
2026-02-03 15:05:00,64.48,64.93,64.47,64.93,64918
2026-02-03 15:10:00,64.9,65.01,64.83,64.95,37824
2026-02-03 15:15:00,64.98,65.22,64.98,65.22,48923
2026-02-03 15:20:00,65.2175,65.32,65.15,65.32,46333
2026-02-03 15:25:00,65.32,65.375,65.12,65.23,49085
2026-02-03 15:30:00,65.225,65.24,65.05,65.24,40941
2026-02-03 15:35:00,65.25,65.35,65.015,65.015,55998
2026-02-03 15:40:00,65.03,65.07,64.98,64.995,36037
2026-02-03 15:45:00,64.995,65.12,64.91,64.915,33706
2026-02-03 15:50:00,64.91,65.09,64.855,65.04,29224
2026-02-03 15:55:00,65.05,65.26,65.05,65.08,42032
2026-02-03 16:00:00,65.11,65.42,65.1,65.39,30330
2026-02-03 16:05:00,65.405,65.46,65.15,65.18,34798
2026-02-03 16:10:00,65.18,65.18,65.065,65.07,23261
2026-02-03 16:15:00,65.06,65.17,64.975,65.15,22072
2026-02-03 16:20:00,65.16,65.2735,65.16,65.215,39870
2026-02-03 16:25:00,65.215,65.31,65.175,65.2801,52761
2026-02-03 16:30:00,65.28,65.36,65.135,65.3,75361
2026-02-03 16:35:00,65.295,65.34,65.12,65.27,30880
2026-02-03 16:40:00,65.26,65.28,65.065,65.095,38399
2026-02-03 16:45:00,65.105,65.105,64.845,64.845,31480
2026-02-03 16:50:00,64.84,64.94,64.68,64.915,68344
2026-02-03 16:55:00,64.895,64.93,64.79,64.86,36680
2026-02-03 17:00:00,64.89,64.91,64.8,64.81,29637
2026-02-03 17:05:00,64.81,64.87,64.76,64.76,31382
2026-02-03 17:10:00,64.775,64.775,64.595,64.72,58580
2026-02-03 17:15:00,64.72,64.79,64.57,64.575,52796
2026-02-03 17:20:00,64.55,64.65,64.48,64.627,81960
2026-02-03 17:25:00,64.62,64.86,64.62,64.845,45083
2026-02-03 17:30:00,64.86,64.95,64.77,64.77,26501
2026-02-03 17:35:00,64.785,64.88,64.77,64.805,27170
2026-02-03 17:40:00,64.805,64.845,64.74,64.76,27236
2026-02-03 17:45:00,64.765,64.82,64.66,64.82,21236
2026-02-03 17:50:00,64.83,64.96,64.83,64.95,29293
2026-02-03 17:55:00,64.97,65.0899,64.94,65.07,24861
2026-02-03 18:00:00,65.0427,65.07,64.82,64.82,32115
2026-02-03 18:05:00,64.79,64.94,64.79,64.86,31094
2026-02-03 18:10:00,64.8425,64.86,64.655,64.705,17082
2026-02-03 18:15:00,64.74,64.75,64.63,64.735,20470
2026-02-03 18:20:00,64.77,64.79,64.68,64.68,29714
2026-02-03 18:25:00,64.67,64.73,64.55,64.55,22062
2026-02-03 18:30:00,64.54,64.64,64.54,64.57,27251
2026-02-03 18:35:00,64.571,64.6,64.355,64.395,38744
2026-02-03 18:40:00,64.39,64.41,64.27,64.385,34055
2026-02-03 18:45:00,64.3825,64.53,64.38,64.5,26269
2026-02-03 18:50:00,64.5,64.57,64.49,64.5,19613
2026-02-03 18:55:00,64.51,64.52,64.3575,64.365,36349
2026-02-03 19:00:00,64.38,64.465,64.33,64.37,28865
2026-02-03 19:05:00,64.3781,64.38,64.24,64.29,27047
2026-02-03 19:10:00,64.3,64.4,64.28,64.38,25589
2026-02-03 19:15:00,64.37,64.52,64.36,64.45,28113
2026-02-03 19:20:00,64.425,64.48,64.385,64.48,24041
2026-02-03 19:25:00,64.48,64.65,64.47,64.65,23975
2026-02-03 19:30:00,64.65,64.655,64.511,64.55,36961
2026-02-03 19:35:00,64.56,64.58,64.48,64.58,22770
2026-02-03 19:40:00,64.59,64.655,64.58,64.6,32698
2026-02-03 19:45:00,64.59,64.65,64.58,64.59,29887
2026-02-03 19:50:00,64.59,64.61,64.51,64.54,25610
2026-02-03 19:55:00,64.54,64.54,64.43,64.49,26723
2026-02-03 20:00:00,64.48,64.56,64.43,64.43,37229
2026-02-03 20:05:00,64.445,64.62,64.34,64.605,93623
2026-02-03 20:10:00,64.615,64.67,64.57,64.65,53069
2026-02-03 20:15:00,64.65,64.702,64.62,64.66,47098
2026-02-03 20:20:00,64.67,64.9,64.66,64.86,69739
2026-02-03 20:25:00,64.85,64.85,64.705,64.72,41216
2026-02-03 20:30:00,64.71,64.71,64.59,64.68,49708
2026-02-03 20:35:00,64.67,64.725,64.63,64.69,49634
2026-02-03 20:40:00,64.69,64.84,64.69,64.77,50002
2026-02-03 20:45:00,64.76,64.825,64.65,64.69,100640
2026-02-03 20:50:00,64.7,64.75,64.52,64.53,163721
2026-02-03 20:55:00,64.52,64.78,64.47,64.735,476911
2026-02-04 14:30:00,65.27,66.0,65.19,65.84,55099
2026-02-04 14:35:00,65.89,65.89,65.36,65.5399,37716
2026-02-04 14:40:00,65.515,65.58,65.4201,65.47,28152
2026-02-04 14:45:00,65.475,65.665,65.42,65.665,22709
2026-02-04 14:50:00,65.64,65.845,65.59,65.69,33710
2026-02-04 14:55:00,65.685,65.77,65.5815,65.7,13420
2026-02-04 15:00:00,65.75,65.85,65.71,65.795,25733
2026-02-04 15:05:00,65.77,65.85,65.59,65.59,14381
2026-02-04 15:10:00,65.56,65.62,65.48,65.62,17817
2026-02-04 15:15:00,65.62,65.85,65.62,65.82,20576
2026-02-04 15:20:00,65.81,65.86,65.595,65.64,15100
2026-02-04 15:25:00,65.615,65.675,65.51,65.67,21946
2026-02-04 15:30:00,65.66,65.705,65.59,65.625,21196
2026-02-04 15:35:00,65.61,65.71,65.54,65.555,20494
2026-02-04 15:40:00,65.635,65.635,65.3109,65.42,18758
2026-02-04 15:45:00,65.39,65.41,65.25,65.25,13483
2026-02-04 15:50:00,65.25,65.32,65.12,65.17,24376
2026-02-04 15:55:00,65.23,65.36,65.19,65.34,17869
2026-02-04 16:00:00,65.38,65.45,65.27,65.3,21991
2026-02-04 16:05:00,65.305,65.31,65.25,65.27,16023
2026-02-04 16:10:00,65.2701,65.3,65.18,65.28,17801
2026-02-04 16:15:00,65.28,65.4699,65.27,65.43,19038
2026-02-04 16:20:00,65.435,65.435,65.28,65.3,13824
2026-02-04 16:25:00,65.285,65.44,65.285,65.37,22368
2026-02-04 16:30:00,65.38,65.4789,65.38,65.45,14461
2026-02-04 16:35:00,65.44,65.44,65.35,65.3999,14616
2026-02-04 16:40:00,65.375,65.425,65.33,65.415,15395
2026-02-04 16:45:00,65.415,65.49,65.38,65.38,30797
2026-02-04 16:50:00,65.4,65.46,65.33,65.445,19979
2026-02-04 16:55:00,65.42,65.53,65.41,65.44,17134
2026-02-04 17:00:00,65.44,65.5463,65.44,65.51,15167
2026-02-04 17:05:00,65.52,65.545,65.501,65.53,8721
2026-02-04 17:10:00,65.525,65.58,65.48,65.53,17836
2026-02-04 17:15:00,65.535,65.55,65.525,65.53,6767
2026-02-04 17:20:00,65.52,65.52,65.46,65.485,20417
2026-02-04 17:25:00,65.49,65.49,65.41,65.445,13606
2026-02-04 17:30:00,65.46,65.51,65.43,65.48,15340
2026-02-04 17:35:00,65.48,65.6,65.45,65.58,15313
2026-02-04 17:40:00,65.58,65.6,65.47,65.54,35201
2026-02-04 17:45:00,65.53,65.6,65.53,65.6,9563
2026-02-04 17:50:00,65.6,65.62,65.48,65.52,11995
2026-02-04 17:55:00,65.505,65.51,65.39,65.39,10930
2026-02-04 18:00:00,65.38,65.38,65.31,65.31,11808
2026-02-04 18:05:00,65.29,65.35,65.255,65.285,15534
2026-02-04 18:10:00,65.3,65.31,65.25,65.27,13529
2026-02-04 18:15:00,65.265,65.34,65.18,65.19,19841
2026-02-04 18:20:00,65.19,65.27,65.19,65.22,18295
2026-02-04 18:25:00,65.24,65.24,65.15,65.155,26504
2026-02-04 18:30:00,65.1575,65.1899,65.075,65.075,18500
2026-02-04 18:35:00,65.075,65.16,65.075,65.16,14368
2026-02-04 18:40:00,65.18,65.18,65.13,65.16,20497
2026-02-04 18:45:00,65.15,65.17,65.13,65.155,12963
2026-02-04 18:50:00,65.14,65.16,65.115,65.115,14620
2026-02-04 18:55:00,65.1,65.16,65.07,65.1001,25362
2026-02-04 19:00:00,65.12,65.13,65.0,65.01,25008
2026-02-04 19:05:00,65.0,65.15,64.965,65.15,27358
2026-02-04 19:10:00,65.135,65.19,65.125,65.16,16530
2026-02-04 19:15:00,65.16,65.18,65.12,65.175,11461
2026-02-04 19:20:00,65.19,65.22,65.125,65.125,19005
2026-02-04 19:25:00,65.12,65.12,65.03,65.065,27323
2026-02-04 19:30:00,65.08,65.1,65.01,65.01,20837
2026-02-04 19:35:00,65.0,65.02,64.935,64.935,24648
2026-02-04 19:40:00,64.95,64.965,64.92,64.93,25175
2026-02-04 19:45:00,64.93,64.96,64.865,64.88,26785
2026-02-04 19:50:00,64.88,64.89,64.81,64.83,20403
2026-02-04 19:55:00,64.84,64.87,64.76,64.76,31928
2026-02-04 20:00:00,64.735,64.89,64.69,64.86,40655
2026-02-04 20:05:00,64.855,64.855,64.755,64.765,19479
2026-02-04 20:10:00,64.75,64.75,64.64,64.735,28025
2026-02-04 20:15:00,64.735,64.76,64.675,64.76,28417
2026-02-04 20:20:00,64.77,64.8,64.7,64.7,28248
2026-02-04 20:25:00,64.7,64.76,64.69,64.7,35483
2026-02-04 20:30:00,64.71,64.89,64.7,64.89,38955
2026-02-04 20:35:00,64.89,64.92,64.86,64.9,57972
2026-02-04 20:40:00,64.9,64.91,64.86,64.9,36596
2026-02-04 20:45:00,64.895,64.96,64.86,64.92,53765
2026-02-04 20:50:00,64.91,64.925,64.7266,64.76,92538
2026-02-04 20:55:00,64.75,64.99,64.75,64.99,313862
2026-02-05 14:30:00,65.43,65.7,65.0,65.23,49819
2026-02-05 14:35:00,65.14,65.58,65.14,65.15,23547
2026-02-05 14:40:00,65.1231,65.1231,64.97,64.995,19031
2026-02-05 14:45:00,65.09,65.15,64.82,64.875,14431
2026-02-05 14:50:00,64.8875,65.085,64.84,65.07,13288
2026-02-05 14:55:00,65.07,65.3685,65.07,65.3685,9282
2026-02-05 15:00:00,65.325,65.55,65.29,65.4301,18124
2026-02-05 15:05:00,65.43,65.54,65.39,65.45,18800
2026-02-05 15:10:00,65.43,65.665,65.43,65.665,13245
2026-02-05 15:15:00,65.7,65.72,65.46,65.5148,34663
2026-02-05 15:20:00,65.475,65.495,65.355,65.4,17519
2026-02-05 15:25:00,65.43,65.55,65.395,65.445,13020
2026-02-05 15:30:00,65.42,65.45,65.3321,65.3321,14818
2026-02-05 15:35:00,65.375,65.46,65.255,65.255,13426
2026-02-05 15:40:00,65.3,65.38,65.277,65.33,11458
2026-02-05 15:45:00,65.32,65.38,65.27,65.37,13769
2026-02-05 15:50:00,65.345,65.4,65.3,65.38,9019
2026-02-05 15:55:00,65.355,65.395,65.25,65.25,10876
2026-02-05 16:00:00,65.22,65.35,65.22,65.24,11679
2026-02-05 16:05:00,65.235,65.31,65.235,65.29,6683
2026-02-05 16:10:00,65.27,65.27,65.12,65.15,15219
2026-02-05 16:15:00,65.14,65.18,65.1,65.18,5549
2026-02-05 16:20:00,65.16,65.23,65.16,65.2,10939
2026-02-05 16:25:00,65.17,65.17,65.0,65.01,11973
2026-02-05 16:30:00,65.03,65.04,64.85,64.85,15235
2026-02-05 16:35:00,64.84,64.93,64.78,64.82,12704
2026-02-05 16:40:00,64.82,64.86,64.755,64.765,9607
2026-02-05 16:45:00,64.775,64.865,64.74,64.855,11880
2026-02-05 16:50:00,64.855,64.86,64.78,64.835,15842
2026-02-05 16:55:00,64.84,64.93,64.825,64.92,6372
2026-02-05 17:00:00,64.9,64.9,64.81,64.84,8459
2026-02-05 17:05:00,64.825,64.825,64.76,64.78,7686
2026-02-05 17:10:00,64.7875,64.7875,64.72,64.76,10759
2026-02-05 17:15:00,64.775,64.86,64.76,64.815,6015
2026-02-05 17:20:00,64.83,64.885,64.8114,64.875,10484
2026-02-05 17:25:00,64.9,64.93,64.825,64.885,16006
2026-02-05 17:30:00,64.91,64.93,64.86,64.89,11861
2026-02-05 17:35:00,64.885,64.94,64.86,64.86,30884
2026-02-05 17:40:00,64.85,64.93,64.85,64.93,8269
2026-02-05 17:45:00,64.935,65.04,64.911,64.92,34920
2026-02-05 17:50:00,64.92,65.02,64.885,64.92,31153
2026-02-05 17:55:00,64.96,65.025,64.929,64.96,22399
2026-02-05 18:00:00,64.96,65.0,64.91,65.0,12416
2026-02-05 18:05:00,65.02,65.05,64.99,65.015,9776
2026-02-05 18:10:00,65.01,65.04,64.99,65.03,6326
2026-02-05 18:15:00,65.01,65.03,64.99,65.01,10375
2026-02-05 18:20:00,65.005,65.005,64.92,64.935,11925
2026-02-05 18:25:00,64.92,64.96,64.92,64.945,9613
2026-02-05 18:30:00,64.959,64.98,64.89,64.91,10354
2026-02-05 18:35:00,64.91,64.9151,64.825,64.83,10699
2026-02-05 18:40:00,64.825,64.85,64.78,64.78,14567
2026-02-05 18:45:00,64.805,64.8458,64.78,64.835,10271
2026-02-05 18:50:00,64.83,64.84,64.75,64.76,16760
2026-02-05 18:55:00,64.75,64.82,64.72,64.81,12371
2026-02-05 19:00:00,64.8,64.83,64.76,64.81,9023
2026-02-05 19:05:00,64.76,64.81,64.73,64.81,15070
2026-02-05 19:10:00,64.78,64.87,64.78,64.84,20363
2026-02-05 19:15:00,64.845,64.915,64.84,64.915,16546
2026-02-05 19:20:00,64.925,64.985,64.85,64.985,24764
2026-02-05 19:25:00,64.9835,65.05,64.98,65.05,12897
2026-02-05 19:30:00,65.06,65.13,65.05,65.11,18346
2026-02-05 19:35:00,65.11,65.15,65.04,65.04,10889
2026-02-05 19:40:00,65.04,65.09,65.01,65.075,16232
2026-02-05 19:45:00,65.09,65.16,65.075,65.16,10622
2026-02-05 19:50:00,65.16,65.175,65.12,65.15,12782
2026-02-05 19:55:00,65.16,65.19,65.14,65.15,14595
2026-02-05 20:00:00,65.15,65.17,65.09,65.09,12991
2026-02-05 20:05:00,65.1,65.23,65.09,65.23,31137
2026-02-05 20:10:00,65.25,65.3,65.2,65.3,13304
2026-02-05 20:15:00,65.28,65.28,65.152,65.185,19096
2026-02-05 20:20:00,65.2,65.255,65.2,65.245,15026
2026-02-05 20:25:00,65.23,65.25,65.21,65.21,18394
2026-02-05 20:30:00,65.22,65.23,65.03,65.045,21685
2026-02-05 20:35:00,65.05,65.09,65.0,65.02,18131
2026-02-05 20:40:00,65.03,65.0594,64.955,64.98,37478
2026-02-05 20:45:00,64.97,64.97,64.87,64.88,43357
2026-02-05 20:50:00,64.87,64.97,64.845,64.87,54370
2026-02-05 20:55:00,64.88,65.2,64.87,65.195,214866
2026-02-06 14:30:00,65.41,66.11,65.25,66.09,61843
2026-02-06 14:35:00,66.06,66.24,66.005,66.14,22607
2026-02-06 14:40:00,66.1743,66.38,66.1044,66.25,43407
2026-02-06 14:45:00,66.29,66.3,66.05,66.1,22104
2026-02-06 14:50:00,66.01,66.15,66.01,66.07,24411
2026-02-06 14:55:00,66.08,66.38,66.08,66.34,23409
2026-02-06 15:00:00,66.34,66.41,66.15,66.24,27930
2026-02-06 15:05:00,66.205,66.24,65.8365,65.8365,26238
2026-02-06 15:10:00,65.81,65.86,65.75,65.81,18177
2026-02-06 15:15:00,65.81,65.81,65.625,65.65,15644
2026-02-06 15:20:00,65.64,65.66,65.4,65.57,19256
2026-02-06 15:25:00,65.54,65.65,65.515,65.575,11064
2026-02-06 15:40:00,65.6,65.67,65.57,65.62,50554
2026-02-06 15:45:00,65.58,65.58,65.45,65.45,11125
2026-02-06 15:50:00,65.4436,65.51,65.435,65.51,3039
2026-02-06 15:55:00,65.76,65.79,65.74,65.74,31357
2026-02-06 16:00:00,65.675,65.7,65.67,65.67,18808
2026-02-06 16:05:00,65.695,65.75,65.65,65.75,9660
2026-02-06 16:10:00,65.68,65.77,65.68,65.715,17552
2026-02-06 16:15:00,65.715,65.74,65.64,65.64,15752
2026-02-06 16:20:00,65.655,65.67,65.55,65.575,21490
2026-02-06 16:25:00,65.575,65.61,65.44,65.44,13080
2026-02-06 16:30:00,65.46,65.515,65.445,65.4875,14859
2026-02-06 16:35:00,65.5,65.51,65.45,65.45,9612
2026-02-06 16:40:00,65.47,65.53,65.43,65.47,13006
2026-02-06 16:45:00,65.465,65.55,65.465,65.55,7281
2026-02-06 16:50:00,65.55,65.61,65.545,65.545,6973
2026-02-06 16:55:00,65.555,65.69,65.535,65.675,7041
2026-02-06 17:00:00,65.69,65.72,65.65,65.68,13444
2026-02-06 17:05:00,65.675,65.695,65.63,65.64,8755
2026-02-06 17:10:00,65.64,65.65,65.54,65.54,13209
2026-02-06 17:15:00,65.54,65.5699,65.5,65.52,20424
2026-02-06 17:20:00,65.52,65.63,65.5,65.625,16482
2026-02-06 17:25:00,65.64,65.64,65.55,65.55,6341
2026-02-06 17:30:00,65.55,65.58,65.45,65.46,16008
2026-02-06 17:35:00,65.455,65.55,65.43,65.54,19812
2026-02-06 17:40:00,65.54,65.57,65.447,65.51,10948
2026-02-06 17:45:00,65.51,65.52,65.45,65.48,17111
2026-02-06 17:50:00,65.49,65.57,65.49,65.525,5751
2026-02-06 17:55:00,65.51,65.51,65.4,65.4,19096
2026-02-06 18:00:00,65.375,65.3999,65.27,65.275,10513
2026-02-06 18:05:00,65.26,65.27,64.73,64.85,90279
2026-02-06 18:10:00,64.79,65.09,64.76,65.005,25740
2026-02-06 18:15:00,65.005,65.01,64.61,64.725,35781
2026-02-06 18:20:00,64.74,64.74,64.44,64.5575,77311
2026-02-06 18:25:00,64.57,64.74,64.39,64.43,59129
2026-02-06 18:30:00,64.41,64.64,64.38,64.56,33902
2026-02-06 18:35:00,64.54,64.55,64.48,64.54,32577
2026-02-06 18:40:00,64.51,64.51,64.33,64.475,23476
2026-02-06 18:45:00,64.45,64.5,64.38,64.485,18328
2026-02-06 18:50:00,64.485,64.76,64.44,64.76,49077
2026-02-06 18:55:00,64.75,64.87,64.74,64.795,30528
2026-02-06 19:00:00,64.795,64.86,64.745,64.86,29604
2026-02-06 19:05:00,64.845,65.0,64.81,65.0,21671
2026-02-06 19:10:00,65.026,65.034,64.94,65.0,18837
2026-02-06 19:15:00,65.01,65.015,64.88,64.89,16852
2026-02-06 19:20:00,64.89,64.94,64.88,64.93,13736
2026-02-06 19:25:00,64.93,65.08,64.89,65.025,19651
2026-02-06 19:30:00,64.99,65.08,64.99,65.02,28301
2026-02-06 19:35:00,65.03,65.04,64.855,64.855,19599
2026-02-06 19:40:00,64.855,64.93,64.855,64.93,20701
2026-02-06 19:45:00,64.93,65.07,64.93,65.065,23311
2026-02-06 19:50:00,65.065,65.065,65.0,65.005,16787
2026-02-06 19:55:00,65.01,65.13,65.01,65.12,27674
2026-02-06 20:00:00,65.16,65.2299,65.11,65.11,25927
2026-02-06 20:05:00,65.11,65.13,65.0407,65.115,20647
2026-02-06 20:10:00,65.115,65.14,65.1,65.12,16067
2026-02-06 20:15:00,65.12,65.145,65.04,65.07,25914
2026-02-06 20:20:00,65.07,65.21,65.07,65.195,28109
2026-02-06 20:25:00,65.195,65.195,65.16,65.18,30923
2026-02-06 20:30:00,65.165,65.185,65.115,65.18,35583
2026-02-06 20:35:00,65.175,65.18,65.115,65.13,45658
2026-02-06 20:40:00,65.12,65.2699,65.11,65.23,58291
2026-02-06 20:45:00,65.24,65.27,65.165,65.26,53106
2026-02-06 20:50:00,65.26,65.29,65.18,65.21,80770
2026-02-06 20:55:00,65.21,65.34,65.165,65.25,218492
2026-02-09 14:30:00,65.37,65.5472,65.33,65.39,43586
2026-02-09 14:35:00,65.37,65.4,65.18,65.19,6833
2026-02-09 14:40:00,65.14,65.17,64.8329,64.8329,16361
2026-02-09 14:45:00,64.9,64.98,64.7601,64.87,38324
2026-02-09 14:50:00,64.865,65.23,64.865,65.22,25382
2026-02-09 14:55:00,65.24,65.515,65.1601,65.51,12647
2026-02-09 15:00:00,65.51,65.52,65.35,65.35,35463
2026-02-09 15:05:00,65.33,65.36,65.12,65.13,15930
2026-02-09 15:10:00,65.1,65.185,65.0864,65.115,11089
2026-02-09 15:15:00,65.11,65.2799,65.06,65.08,18875
2026-02-09 15:20:00,65.11,65.265,65.11,65.255,12904
2026-02-09 15:25:00,65.24,65.26,65.21,65.26,10550
2026-02-09 15:30:00,65.26,65.315,65.2,65.235,21434
2026-02-09 15:35:00,65.235,65.29,65.235,65.285,8868
2026-02-09 15:40:00,65.31,65.31,65.18,65.18,12389
2026-02-09 15:45:00,65.18,65.18,65.055,65.055,12940
2026-02-09 15:50:00,65.08,65.08,65.0204,65.045,11614
2026-02-09 15:55:00,65.045,65.045,64.9101,64.93,12478
2026-02-09 16:00:00,64.935,65.01,64.89,65.01,8166
2026-02-09 16:05:00,64.995,65.0,64.91,64.95,11458
2026-02-09 16:10:00,64.95,64.95,64.85,64.87,11359
2026-02-09 16:15:00,64.875,64.9,64.78,64.78,14889
2026-02-09 16:20:00,64.78,64.81,64.78,64.8,8256
2026-02-09 16:25:00,64.8,64.92,64.8,64.88,16831
2026-02-09 16:30:00,64.88,64.89,64.82,64.84,11518
2026-02-09 16:35:00,64.84,64.84,64.745,64.78,9172
2026-02-09 16:40:00,64.78,64.9,64.77,64.8975,11770
2026-02-09 16:45:00,64.895,64.92,64.8782,64.91,12073
2026-02-09 16:50:00,64.92,64.97,64.89,64.97,19484
2026-02-09 16:55:00,64.97,64.98,64.93,64.97,13293
2026-02-09 17:00:00,64.98,64.99,64.9,64.9,18645
2026-02-09 17:05:00,64.89,64.92,64.87,64.9,21315
2026-02-09 17:10:00,64.905,64.93,64.88,64.92,17451
2026-02-09 17:15:00,64.91,64.96,64.91,64.955,12408
2026-02-09 17:20:00,64.96,65.0,64.96,64.995,15136
2026-02-09 17:25:00,64.98,65.06,64.98,65.02,9142
2026-02-09 17:30:00,65.025,65.05,65.0,65.05,13087
2026-02-09 17:35:00,65.04,65.04,65.0,65.035,10608
2026-02-09 17:40:00,65.03,65.08,65.0291,65.08,11159
2026-02-09 17:45:00,65.065,65.065,64.98,64.99,8807
2026-02-09 17:50:00,64.98,65.01,64.945,65.005,8960
2026-02-09 17:55:00,65.02,65.02,64.98,64.99,10065
2026-02-09 18:00:00,64.98,64.98,64.955,64.97,8195
2026-02-09 18:05:00,64.97,65.0035,64.95,64.95,7858
2026-02-09 18:10:00,64.96,64.9799,64.94,64.965,7901
2026-02-09 18:15:00,64.97,65.07,64.96,65.05,11915
2026-02-09 18:20:00,65.06,65.11,65.03,65.05,24846
2026-02-09 18:25:00,65.07,65.09,65.06,65.075,8411
2026-02-09 18:30:00,65.09,65.185,65.09,65.18,10415
2026-02-09 18:35:00,65.185,65.3,65.185,65.265,12887
2026-02-09 18:40:00,65.24,65.27,65.23,65.23,11556
2026-02-09 18:45:00,65.21,65.21,65.09,65.105,5995
2026-02-09 18:50:00,65.13,65.16,65.12,65.14,10987
2026-02-09 18:55:00,65.12,65.195,65.12,65.175,14435
2026-02-09 19:00:00,65.19,65.22,65.14,65.175,21514
2026-02-09 19:05:00,65.18,65.19,65.12,65.14,13396
2026-02-09 19:10:00,65.145,65.17,65.12,65.12,13219
2026-02-09 19:15:00,65.13,65.13,65.08,65.1,15797
2026-02-09 19:20:00,65.1,65.12,65.08,65.12,10503
2026-02-09 19:25:00,65.12,65.12,65.08,65.09,7982
2026-02-09 19:30:00,65.1,65.2,65.08,65.19,20188
2026-02-09 19:35:00,65.16,65.255,65.16,65.24,14516
2026-02-09 19:40:00,65.26,65.31,65.25,65.285,13372
2026-02-09 19:45:00,65.2857,65.32,65.285,65.31,10305
2026-02-09 19:50:00,65.315,65.38,65.31,65.38,19151
2026-02-09 19:55:00,65.36,65.415,65.34,65.4,12665
2026-02-09 20:00:00,65.41,65.48,65.41,65.44,26491
2026-02-09 20:05:00,65.445,65.46,65.39,65.41,19103
2026-02-09 20:10:00,65.4039,65.405,65.3575,65.38,14843
2026-02-09 20:15:00,65.38,65.41,65.34,65.385,19134
2026-02-09 20:20:00,65.3806,65.39,65.33,65.35,17436
2026-02-09 20:25:00,65.37,65.425,65.37,65.42,29036
2026-02-09 20:30:00,65.4,65.4,65.18,65.1801,34373
2026-02-09 20:35:00,65.195,65.295,65.195,65.275,26006
2026-02-09 20:40:00,65.27,65.33,65.25,65.31,36007
2026-02-09 20:45:00,65.32,65.4,65.32,65.36,54565
2026-02-09 20:50:00,65.36,65.409,65.34,65.35,73396
2026-02-09 20:55:00,65.34,65.44,65.29,65.39,281861
2026-02-10 14:30:00,65.42,65.69,65.0,65.45,52942
2026-02-10 14:35:00,65.45,65.75,65.11,65.75,53463
2026-02-10 14:40:00,65.7065,65.95,65.4901,65.75,25277
2026-02-10 14:45:00,65.75,65.81,65.665,65.785,16358
2026-02-10 14:50:00,65.73,65.76,65.55,65.555,18889
2026-02-10 14:55:00,65.525,65.53,65.347,65.355,8676
2026-02-10 15:00:00,65.33,65.335,65.245,65.245,11229
2026-02-10 15:05:00,65.245,65.32,65.22,65.22,16457
2026-02-10 15:10:00,65.22,65.22,64.96,65.025,13487
2026-02-10 15:15:00,65.025,65.3105,65.025,65.3105,15437
2026-02-10 15:20:00,65.255,65.255,65.145,65.145,5609
2026-02-10 15:25:00,65.12,65.13,65.02,65.03,7962
2026-02-10 15:30:00,65.02,65.02,64.91,64.975,13707
2026-02-10 15:35:00,64.97,65.01,64.93,64.93,8686
2026-02-10 15:40:00,64.96,65.04,64.96,65.015,13018
2026-02-10 15:45:00,65.0118,65.0118,64.95,64.95,4425
2026-02-10 15:50:00,64.96,65.02,64.945,65.02,15766
2026-02-10 15:55:00,65.0,65.11,65.0,65.105,10310
2026-02-10 16:00:00,65.08,65.11,64.965,65.005,9297
2026-02-10 16:05:00,65.005,65.11,64.99,65.1,6603
2026-02-10 16:10:00,65.115,65.115,65.04,65.115,13180
2026-02-10 16:15:00,65.105,65.14,65.085,65.14,10147
2026-02-10 16:20:00,65.15,65.18,65.1,65.13,10899
2026-02-10 16:25:00,65.13,65.155,65.055,65.11,72189
2026-02-10 16:30:00,65.0981,65.0981,64.91,64.99,19112
2026-02-10 16:35:00,65.0,65.09,65.0,65.025,19982
2026-02-10 16:40:00,65.04,65.075,64.9,64.9,14891
2026-02-10 16:45:00,64.9,64.94,64.86,64.87,14666
2026-02-10 16:50:00,64.855,64.88,64.75,64.79,30672
2026-02-10 16:55:00,64.77,64.83,64.655,64.655,32312
2026-02-10 17:00:00,64.64,64.67,64.63,64.64,11349
2026-02-10 17:05:00,64.65,64.665,64.61,64.66,13957
2026-02-10 17:10:00,64.66,64.67,64.6,64.61,11335
2026-02-10 17:15:00,64.615,64.615,64.39,64.4,12027
2026-02-10 17:20:00,64.42,64.44,64.36,64.36,9760
2026-02-10 17:25:00,64.35,64.55,64.35,64.505,19789
2026-02-10 17:30:00,64.51,64.585,64.51,64.54,13587
2026-02-10 17:35:00,64.54,64.57,64.46,64.56,25376
2026-02-10 17:40:00,64.545,64.56,64.505,64.535,8835
2026-02-10 17:45:00,64.52,64.57,64.52,64.5401,16776
2026-02-10 17:50:00,64.54,64.57,64.525,64.54,11124
2026-02-10 17:55:00,64.54,64.575,64.525,64.54,9163
2026-02-10 18:00:00,64.52,64.525,64.4445,64.45,15172
2026-02-10 18:05:00,64.45,64.48,64.45,64.47,7785
2026-02-10 18:10:00,64.4501,64.475,64.44,64.47,10071
2026-02-10 18:15:00,64.465,64.56,64.465,64.55,14837
2026-02-10 18:20:00,64.55,64.6,64.54,64.5902,9975
2026-02-10 18:25:00,64.61,64.61,64.44,64.44,47368
2026-02-10 18:30:00,64.464,64.48,64.435,64.45,13849
2026-02-10 18:35:00,64.47,64.54,64.45,64.54,22087
2026-02-10 18:40:00,64.53,64.535,64.505,64.5299,5687
2026-02-10 18:45:00,64.51,64.52,64.47,64.5,12426
2026-02-10 18:50:00,64.48,64.52,64.46,64.52,10492
2026-02-10 18:55:00,64.51,64.53,64.5,64.5,11020
2026-02-10 19:00:00,64.51,64.51,64.445,64.475,18481
2026-02-10 19:05:00,64.45,64.51,64.45,64.49,17820
2026-02-10 19:10:00,64.49,64.52,64.46,64.52,13965
2026-02-10 19:15:00,64.52,64.55,64.51,64.54,10726
2026-02-10 19:20:00,64.555,64.57,64.51,64.545,9570
2026-02-10 19:25:00,64.55,64.55,64.51,64.52,14042
2026-02-10 19:30:00,64.53,64.53,64.47,64.5,22890
2026-02-10 19:35:00,64.49,64.655,64.48,64.55,107187
2026-02-10 19:40:00,64.55,64.65,64.55,64.645,48631
2026-02-10 19:45:00,64.66,64.665,64.625,64.665,23417
2026-02-10 19:50:00,64.68,64.79,64.675,64.745,26625
2026-02-10 19:55:00,64.745,64.815,64.73,64.76,12267
2026-02-10 20:00:00,64.755,64.86,64.755,64.86,9941
2026-02-10 20:05:00,64.9,64.98,64.87,64.98,10070
2026-02-10 20:10:00,64.99,65.025,64.95,65.02,15812
2026-02-10 20:15:00,65.0,65.0,64.92,64.92,14227
2026-02-10 20:20:00,64.94,65.2,64.94,65.18,18403
2026-02-10 20:25:00,65.185,65.21,65.09,65.09,22883
2026-02-10 20:30:00,65.11,65.12,65.08,65.1,12090
2026-02-10 20:35:00,65.1,65.13,65.06,65.12,21019
2026-02-10 20:40:00,65.11,65.12,65.05,65.06,27581
2026-02-10 20:45:00,65.06,65.08,65.04,65.04,27082
2026-02-10 20:50:00,65.03,65.03,64.86,64.91,50864
2026-02-10 20:55:00,64.9,64.965,64.83,64.955,162257
2026-02-11 14:30:00,64.51,64.75,64.22,64.27,40770
2026-02-11 14:35:00,64.29,64.7,64.22,64.7,8990
2026-02-11 14:40:00,64.7138,64.95,64.56,64.57,12247
2026-02-11 14:45:00,64.565,64.565,64.395,64.525,7477
2026-02-11 14:50:00,64.48,64.645,64.48,64.605,11303
2026-02-11 14:55:00,64.57,64.65,64.54,64.57,9021
2026-02-11 15:00:00,64.53,64.7,64.5,64.67,9915
2026-02-11 15:05:00,64.661,64.75,64.66,64.72,8230
2026-02-11 15:10:00,64.72,64.73,64.63,64.685,17776
2026-02-11 15:15:00,64.7,64.86,64.691,64.86,16186
2026-02-11 15:20:00,64.86,64.86,64.74,64.85,15639
2026-02-11 15:25:00,64.86,64.98,64.745,64.76,13896
2026-02-11 15:30:00,64.76,64.76,64.62,64.63,11887
2026-02-11 15:35:00,64.68,64.8304,64.65,64.8,18762
2026-02-11 15:40:00,64.75,64.75,64.6,64.64,7524
2026-02-11 15:45:00,64.655,64.72,64.64,64.72,8758
2026-02-11 15:50:00,64.69,64.71,64.53,64.545,9663
2026-02-11 15:55:00,64.525,64.58,64.52,64.58,12253
2026-02-11 16:00:00,64.6,64.69,64.58,64.61,7785
2026-02-11 16:05:00,64.64,64.695,64.63,64.69,8329
2026-02-11 16:10:00,64.695,64.72,64.59,64.59,5513
2026-02-11 16:15:00,64.59,64.69,64.57,64.625,14850
2026-02-11 16:20:00,64.63,64.75,64.62,64.74,11455
2026-02-11 16:25:00,64.755,64.87,64.75,64.845,15322
2026-02-11 16:30:00,64.84,64.92,64.835,64.92,19621
2026-02-11 16:35:00,64.94,64.951,64.87,64.87,11877
2026-02-11 16:40:00,64.86,64.86,64.76,64.795,22339
2026-02-11 16:45:00,64.8,64.865,64.775,64.86,12203
2026-02-11 16:50:00,64.88,64.99,64.88,64.92,9932
2026-02-11 16:55:00,64.9,64.9,64.845,64.88,14094
2026-02-11 17:00:00,64.88,64.9,64.81,64.81,8957
2026-02-11 17:05:00,64.8,64.8,64.64,64.73,27941
2026-02-11 17:10:00,64.72,64.72,64.57,64.6,11636
2026-02-11 17:15:00,64.6,64.64,64.595,64.61,10393
2026-02-11 17:20:00,64.615,64.69,64.615,64.67,7904
2026-02-11 17:25:00,64.65,64.7,64.62,64.68,12032
2026-02-11 17:30:00,64.7,64.73,64.665,64.685,8278
2026-02-11 17:35:00,64.685,64.72,64.68,64.71,8787
2026-02-11 17:40:00,64.73,64.82,64.73,64.8,9518
2026-02-11 17:45:00,64.82,64.82,64.77,64.77,10311
2026-02-11 17:50:00,64.775,64.8036,64.73,64.73,7762
2026-02-11 17:55:00,64.74,64.79,64.72,64.78,9039
2026-02-11 18:00:00,64.83,64.89,64.83,64.855,7619
2026-02-11 18:05:00,64.855,64.855,64.74,64.74,10490
2026-02-11 18:10:00,64.75,64.78,64.74,64.755,11140
2026-02-11 18:15:00,64.755,64.755,64.63,64.67,11555
2026-02-11 18:20:00,64.65,64.65,64.53,64.53,6734
2026-02-11 18:25:00,64.55,64.61,64.53,64.61,9337
2026-02-11 18:30:00,64.615,64.72,64.615,64.72,7474
2026-02-11 18:35:00,64.715,64.73,64.69,64.72,5933
2026-02-11 18:40:00,64.715,64.74,64.68,64.74,9767
2026-02-11 18:45:00,64.73,64.73,64.62,64.625,7092
2026-02-11 18:50:00,64.65,64.685,64.585,64.5924,13038
2026-02-11 18:55:00,64.58,64.6,64.55,64.585,21347
2026-02-11 19:00:00,64.585,64.675,64.585,64.655,12334
2026-02-11 19:05:00,64.665,64.7,64.58,64.615,14739
2026-02-11 19:10:00,64.62,64.65,64.61,64.64,13545
2026-02-11 19:15:00,64.64,64.65,64.62,64.63,9562
2026-02-11 19:20:00,64.63,64.65,64.6,64.61,12087
2026-02-11 19:25:00,64.61,64.625,64.56,64.57,19015
2026-02-11 19:30:00,64.58,64.67,64.58,64.65,16411
2026-02-11 19:35:00,64.63,64.65,64.61,64.61,13318
2026-02-11 19:40:00,64.59,64.66,64.59,64.64,14151
2026-02-11 19:45:00,64.64,64.68,64.61,64.62,16756
2026-02-11 19:50:00,64.63,64.66,64.61,64.61,12734
2026-02-11 19:55:00,64.58,64.6,64.53,64.53,15286
2026-02-11 20:00:00,64.525,64.54,64.45,64.46,14256
2026-02-11 20:05:00,64.455,64.48,64.44,64.465,19035
2026-02-11 20:10:00,64.475,64.533,64.445,64.445,16011
2026-02-11 20:15:00,64.445,64.475,64.38,64.46,28882
2026-02-11 20:20:00,64.475,64.5,64.46,64.46,15445
2026-02-11 20:25:00,64.47,64.475,64.385,64.39,27316
2026-02-11 20:30:00,64.39,64.44,64.375,64.42,28461
2026-02-11 20:35:00,64.41,64.46,64.36,64.46,26490
2026-02-11 20:40:00,64.47,64.47,64.365,64.365,29197
2026-02-11 20:45:00,64.355,64.39,64.29,64.37,35983
2026-02-11 20:50:00,64.38,64.38,64.25,64.26,68750
2026-02-11 20:55:00,64.26,64.365,64.23,64.32,198446
2026-02-12 14:30:00,64.38,64.53,64.13,64.44,30709
2026-02-12 14:35:00,64.49,64.49,64.06,64.28,23799
2026-02-12 14:40:00,64.2792,64.29,64.08,64.13,6195
2026-02-12 14:45:00,64.13,64.17,63.91,63.91,19388
2026-02-12 14:50:00,63.925,64.0,63.68,63.7999,22896
2026-02-12 14:55:00,63.725,63.96,63.7,63.945,21780
2026-02-12 15:00:00,63.97,63.97,63.75,63.75,11494
2026-02-12 15:05:00,63.72,63.91,63.69,63.91,7949
2026-02-12 15:10:00,63.9234,63.9234,63.74,63.78,11818
2026-02-12 15:15:00,63.78,63.83,63.74,63.755,11441
2026-02-12 15:20:00,63.755,63.78,63.675,63.74,15231
2026-02-12 15:25:00,63.74,63.799,63.665,63.7,7766
2026-02-12 15:30:00,63.679,63.75,63.56,63.635,58726
2026-02-12 15:35:00,63.64,63.865,63.64,63.81,9495
2026-02-12 15:40:00,63.87,64.05,63.82,64.045,8475
2026-02-12 15:45:00,64.01,64.19,64.0,64.12,7602
2026-02-12 15:50:00,64.08,64.32,64.0,64.285,10140
2026-02-12 15:55:00,64.29,64.3899,64.25,64.3899,11057
2026-02-12 16:00:00,64.39,64.4,64.16,64.21,16775
2026-02-12 16:05:00,64.22,64.27,64.075,64.075,9143
2026-02-12 16:10:00,64.075,64.08,64.01,64.045,12110
2026-02-12 16:15:00,64.05,64.13,64.04,64.05,9616
2026-02-12 16:20:00,64.08,64.159,64.07,64.08,13134
2026-02-12 16:25:00,64.11,64.12,64.02,64.075,14193
2026-02-12 16:30:00,64.11,64.19,64.11,64.11,13004
2026-02-12 16:35:00,64.12,64.12,63.98,64.03,11968
2026-02-12 16:40:00,64.03,64.03,63.96,63.97,9225
2026-02-12 16:45:00,63.96,64.0,63.88,63.9,20636
2026-02-12 16:50:00,63.93,64.055,63.93,64.02,16490
2026-02-12 16:55:00,64.03,64.11,64.0,64.03,10742
2026-02-12 17:00:00,64.06,64.06,63.91,64.0,17320
2026-02-12 17:05:00,64.0,64.02,63.79,63.79,20080
2026-02-12 17:10:00,63.8,63.965,63.8,63.945,12033
2026-02-12 17:15:00,63.96,64.02,63.88,63.88,11388
2026-02-12 17:20:00,63.86,63.975,63.84,63.93,10706
2026-02-12 17:25:00,63.93,63.93,63.74,63.74,21069
2026-02-12 17:30:00,63.73,63.735,63.6601,63.73,9752
2026-02-12 17:35:00,63.715,63.75,63.6746,63.6746,14862
2026-02-12 17:40:00,63.71,63.78,63.68,63.78,10740
2026-02-12 17:45:00,63.775,63.775,63.7,63.7,15034
2026-02-12 17:50:00,63.7199,63.7199,63.6117,63.64,14683
2026-02-12 17:55:00,63.645,63.765,63.62,63.62,28206
2026-02-12 18:00:00,63.63,63.7,63.56,63.66,12381
2026-02-12 18:05:00,63.7,63.7,63.55,63.585,12473
2026-02-12 18:10:00,63.58,63.6,63.5201,63.57,7165
2026-02-12 18:15:00,63.545,63.67,63.545,63.65,9701
2026-02-12 18:20:00,63.65,63.68,63.59,63.605,7660
2026-02-12 18:25:00,63.62,63.64,63.48,63.49,44828
2026-02-12 18:30:00,63.545,63.67,63.545,63.67,7920
2026-02-12 18:35:00,63.67,63.67,63.545,63.545,10865
2026-02-12 18:40:00,63.545,63.84,63.5118,63.84,21545
2026-02-12 18:45:00,63.84,64.03,63.84,64.03,12241
2026-02-12 18:50:00,64.05,64.1,63.84,63.9,14204
2026-02-12 18:55:00,63.9,64.08,63.84,64.015,25036
2026-02-12 19:00:00,64.02,64.06,63.98,63.99,15318
2026-02-12 19:05:00,63.96,64.0,63.94,63.955,20454
2026-02-12 19:10:00,63.95,63.99,63.91,63.91,14261
2026-02-12 19:15:00,63.91,63.91,63.82,63.85,15285
2026-02-12 19:20:00,63.87,63.87,63.75,63.76,12982
2026-02-12 19:25:00,63.76,63.81,63.73,63.785,16617
2026-02-12 19:30:00,63.79,63.908,63.77,63.89,13755
2026-02-12 19:35:00,63.91,63.95,63.89,63.935,8934
2026-02-12 19:40:00,63.935,63.935,63.79,63.82,19885
2026-02-12 19:45:00,63.83,63.86,63.785,63.83,12218
2026-02-12 19:50:00,63.83,63.92,63.82,63.82,17416
2026-02-12 19:55:00,63.829,63.91,63.78,63.89,17314
2026-02-12 20:00:00,63.86,63.895,63.705,63.71,20936
2026-02-12 20:05:00,63.705,63.86,63.7009,63.86,29091
2026-02-12 20:10:00,63.835,63.835,63.71,63.71,14866
2026-02-12 20:15:00,63.71,63.72,63.655,63.67,15742
2026-02-12 20:20:00,63.67,63.68,63.63,63.65,20552
2026-02-12 20:25:00,63.655,63.655,63.54,63.55,23219
2026-02-12 20:30:00,63.55,63.5894,63.5,63.57,24181
2026-02-12 20:35:00,63.56,63.57,63.49,63.52,26691
2026-02-12 20:40:00,63.51,63.51,63.45,63.5,33286
2026-02-12 20:45:00,63.5,63.505,63.385,63.395,44359
2026-02-12 20:50:00,63.39,63.39,63.275,63.365,78204
2026-02-12 20:55:00,63.37,63.38,63.24,63.3,198836
2026-02-13 14:30:00,63.42,63.75,63.16,63.75,47780
2026-02-13 14:35:00,63.63,63.745,63.48,63.56,17375
2026-02-13 14:40:00,63.6517,63.97,63.52,63.57,55973
2026-02-13 14:45:00,63.54,63.71,63.29,63.39,20923
2026-02-13 14:50:00,63.51,63.76,63.46,63.46,20156
2026-02-13 14:55:00,63.33,63.48,63.25,63.32,11712
2026-02-13 15:00:00,63.35,63.465,63.31,63.38,12352
2026-02-13 15:05:00,63.42,63.5,63.38,63.38,12227
2026-02-13 15:10:00,63.4351,63.45,63.24,63.45,8959
2026-02-13 15:15:00,63.485,63.51,63.32,63.35,11860
2026-02-13 15:20:00,63.28,63.415,63.28,63.33,10558
2026-02-13 15:25:00,63.27,63.525,63.27,63.525,8566
2026-02-13 15:30:00,63.5,63.57,63.479,63.56,10086
2026-02-13 15:35:00,63.6,63.795,63.525,63.705,13410
2026-02-13 15:40:00,63.78,63.81,63.61,63.71,13293
2026-02-13 15:45:00,63.68,63.88,63.68,63.88,20555
2026-02-13 15:50:00,63.8542,63.91,63.78,63.83,11928
2026-02-13 15:55:00,63.85,63.91,63.83,63.86,15333
2026-02-13 16:00:00,63.86,63.94,63.83,63.94,11095
2026-02-13 16:05:00,63.925,64.07,63.925,63.96,18562
2026-02-13 16:10:00,63.94,64.0,63.91,63.91,20401
2026-02-13 16:15:00,63.97,64.035,63.955,64.03,8543
2026-02-13 16:20:00,64.035,64.07,63.945,63.945,16269
2026-02-13 16:25:00,63.95,63.965,63.92,63.95,13519
2026-02-13 16:30:00,64.04,64.0434,63.99,64.03,9327
2026-02-13 16:35:00,63.99,64.0125,63.96,64.0,16387
2026-02-13 16:40:00,64.01,64.095,63.99,64.02,12659
2026-02-13 16:45:00,64.025,64.025,63.97,63.99,7338
2026-02-13 16:50:00,64.015,64.04,64.015,64.02,7026
2026-02-13 16:55:00,64.035,64.035,63.94,63.9752,13008
2026-02-13 17:00:00,64.0,64.035,63.97,64.0,8600
2026-02-13 17:05:00,64.01,64.01,63.96,63.98,9609
2026-02-13 17:10:00,63.995,64.03,63.995,64.0,7504
2026-02-13 17:15:00,63.99,63.99,63.88,63.88,11561
2026-02-13 17:20:00,63.87,63.9,63.85,63.85,9151
2026-02-13 17:25:00,63.84,63.85,63.84,63.85,5631
2026-02-13 17:30:00,63.87,63.895,63.84,63.875,7114
2026-02-13 17:35:00,63.875,63.93,63.81,63.815,10801
2026-02-13 17:40:00,63.835,63.9,63.81,63.9,4014
2026-02-13 17:45:00,63.92,63.99,63.89,63.97,6699
2026-02-13 17:50:00,63.98,63.985,63.92,63.955,8366
2026-02-13 17:55:00,63.94,63.99,63.84,63.98,14391
2026-02-13 18:00:00,63.95,63.96,63.87,63.91,11083
2026-02-13 18:05:00,63.935,63.935,63.88,63.9,6610
2026-02-13 18:10:00,63.89,63.955,63.8804,63.925,6955
2026-02-13 18:15:00,63.935,63.94,63.91,63.94,4739
2026-02-13 18:20:00,63.94,63.94,63.88,63.89,10634
2026-02-13 18:25:00,63.872,63.96,63.83,63.96,17130
2026-02-13 18:30:00,63.94,63.95,63.82,63.82,11742
2026-02-13 18:35:00,63.85,63.875,63.81,63.875,9468
2026-02-13 18:40:00,63.885,63.935,63.885,63.935,7706
2026-02-13 18:45:00,63.95,64.05,63.95,63.99,24184
2026-02-13 18:50:00,63.96,64.01,63.95,64.0,6308
2026-02-13 18:55:00,64.02,64.0417,63.88,63.98,30387
2026-02-13 19:00:00,63.97,64.09,63.93,64.09,8770
2026-02-13 19:05:00,64.11,64.11,64.05,64.05,8763
2026-02-13 19:10:00,64.04,64.1,64.04,64.055,7567
2026-02-13 19:15:00,64.04,64.125,64.04,64.055,9670
2026-02-13 19:20:00,64.055,64.0625,64.0,64.025,10672
2026-02-13 19:25:00,64.02,64.07,64.01,64.03,9669
2026-02-13 19:30:00,64.035,64.07,63.98,64.0,13879
2026-02-13 19:35:00,64.0,64.0,63.915,63.92,13567
2026-02-13 19:40:00,63.91,63.915,63.86,63.91,9680
2026-02-13 19:45:00,63.9153,64.02,63.9001,63.96,28440
2026-02-13 19:50:00,63.97,63.98,63.86,63.86,10803
2026-02-13 19:55:00,63.9,63.93,63.81,63.85,17165
2026-02-13 20:00:00,63.87,63.96,63.87,63.89,10166
2026-02-13 20:05:00,63.88,63.895,63.81,63.84,17354
2026-02-13 20:10:00,63.86,63.92,63.85,63.9,13088
2026-02-13 20:15:00,63.9,63.9,63.82,63.83,11065
2026-02-13 20:20:00,63.8466,63.86,63.8,63.86,17784
2026-02-13 20:25:00,63.865,63.865,63.8,63.845,17307
2026-02-13 20:30:00,63.86,63.87,63.78,63.795,25014
2026-02-13 20:35:00,63.81,63.83,63.78,63.8,22812
2026-02-13 20:40:00,63.81,63.815,63.68,63.73,25343
2026-02-13 20:45:00,63.73,63.78,63.665,63.78,29977
2026-02-13 20:50:00,63.77,63.8417,63.715,63.82,46226
2026-02-13 20:55:00,63.835,63.945,63.78,63.92,204010
2026-02-17 14:30:00,64.07,64.56,63.78,63.83,128183
2026-02-17 14:35:00,63.845,63.845,63.46,63.485,13285
2026-02-17 14:40:00,63.4993,63.53,63.32,63.32,21252
2026-02-17 14:45:00,63.32,63.445,63.01,63.06,25132
2026-02-17 14:50:00,63.07,63.26,63.02,63.17,19628
2026-02-17 14:55:00,63.23,63.37,63.03,63.11,24923
2026-02-17 15:00:00,63.09,63.13,63.01,63.08,25984
2026-02-17 15:05:00,63.08,63.1,62.93,62.94,24715
2026-02-17 15:10:00,62.92,62.92,62.65,62.65,24488
2026-02-17 15:15:00,62.6,62.7,62.45,62.63,21996
2026-02-17 15:20:00,62.6,62.81,62.56,62.74,29333
2026-02-17 15:25:00,62.74,62.76,62.53,62.58,31386
2026-02-17 15:30:00,62.58,62.67,62.52,62.64,19796
2026-02-17 15:35:00,62.64,62.64,62.52,62.53,18953
2026-02-17 15:40:00,62.53,62.53,62.36,62.39,29657
2026-02-17 15:45:00,62.38,62.43,62.31,62.42,21053
2026-02-17 15:50:00,62.46,62.46,62.39,62.4,15045
2026-02-17 15:55:00,62.38,62.48,62.3,62.3,20218
2026-02-17 16:00:00,62.31,62.45,62.24,62.26,21708
2026-02-17 16:05:00,62.27,62.42,62.24,62.38,27409
2026-02-17 16:10:00,62.38,62.5073,62.38,62.46,27157
2026-02-17 16:15:00,62.475,62.64,62.46,62.48,28781
2026-02-17 16:20:00,62.51,62.66,62.51,62.55,23420
2026-02-17 16:25:00,62.57,62.64,62.45,62.455,18372
2026-02-17 16:30:00,62.45,62.47,62.38,62.46,20171
2026-02-17 16:35:00,62.47,62.56,62.44,62.5292,15312
2026-02-17 16:40:00,62.53,62.6,62.52,62.57,13775
2026-02-17 16:45:00,62.6,62.6,62.465,62.545,13255
2026-02-17 16:50:00,62.53,62.67,62.51,62.59,29882
2026-02-17 16:55:00,62.57,62.65,62.52,62.565,20658
2026-02-17 17:00:00,62.58,62.61,62.52,62.53,15764
2026-02-17 17:05:00,62.535,62.605,62.535,62.545,17043
2026-02-17 17:10:00,62.56,62.74,62.5514,62.685,29914
2026-02-17 17:15:00,62.68,62.68,62.42,62.44,20547
2026-02-17 17:20:00,62.46,62.49,62.4,62.4625,14701
2026-02-17 17:25:00,62.45,62.46,62.35,62.37,14896
2026-02-17 17:30:00,62.37,62.42,62.29,62.42,56456
2026-02-17 17:35:00,62.43,62.525,62.4,62.525,14146
2026-02-17 17:40:00,62.51,62.52,62.385,62.405,14962
2026-02-17 17:45:00,62.38,62.435,62.36,62.38,15901
2026-02-17 17:50:00,62.36,62.36,62.26,62.305,13774
2026-02-17 17:55:00,62.305,62.42,62.295,62.42,28064
2026-02-17 18:00:00,62.42,62.42,62.325,62.33,13710
2026-02-17 18:05:00,62.33,62.365,62.31,62.365,14539
2026-02-17 18:10:00,62.36,62.36,62.21,62.23,16497
2026-02-17 18:15:00,62.25,62.26,62.19,62.19,9195
2026-02-17 18:20:00,62.19,62.315,62.18,62.265,19120
2026-02-17 18:25:00,62.25,62.42,62.24,62.42,16466
2026-02-17 18:30:00,62.415,62.5,62.415,62.49,17998
2026-02-17 18:35:00,62.51,62.63,62.51,62.605,11671
2026-02-17 18:40:00,62.61,62.64,62.5,62.64,16592
2026-02-17 18:45:00,62.65,62.835,62.64,62.81,19076
2026-02-17 18:50:00,62.82,62.89,62.82,62.87,15766
2026-02-17 18:55:00,62.86,62.92,62.83,62.88,28923
2026-02-17 19:00:00,62.88,62.97,62.88,62.97,12719
2026-02-17 19:05:00,62.95,62.98,62.89,62.96,20547
2026-02-17 19:10:00,62.96,63.0,62.9,62.92,20275
2026-02-17 19:15:00,62.905,62.93,62.885,62.92,21126
2026-02-17 19:20:00,62.92,63.01,62.92,63.0,15207
2026-02-17 19:25:00,63.01,63.01,62.9538,62.965,20004
2026-02-17 19:30:00,62.96,62.965,62.84,62.87,31251
2026-02-17 19:35:00,62.87,62.92,62.8141,62.84,19912
2026-02-17 19:40:00,62.83,62.95,62.8,62.95,25831
2026-02-17 19:45:00,62.95,62.96,62.87,62.87,22287
2026-02-17 19:50:00,62.87,62.92,62.84,62.92,19978
2026-02-17 19:55:00,62.9,62.9,62.82,62.835,25518
2026-02-17 20:00:00,62.85,62.935,62.84,62.935,16923
2026-02-17 20:05:00,62.935,62.97,62.9,62.97,25044
2026-02-17 20:10:00,62.96,62.99,62.9,62.95,38578
2026-02-17 20:15:00,62.955,63.0,62.955,62.98,23053
2026-02-17 20:20:00,62.99,63.0,62.95,62.995,31864
2026-02-17 20:25:00,62.99,63.045,62.96,63.04,24321
2026-02-17 20:30:00,63.03,63.03,62.91,62.945,41975
2026-02-17 20:35:00,62.935,62.99,62.9,62.99,29416
2026-02-17 20:40:00,63.0,63.03,62.99,63.02,31491
2026-02-17 20:45:00,63.02,63.08,63.02,63.05,41248
2026-02-17 20:50:00,63.03,63.04,62.8452,62.9,76572
2026-02-17 20:55:00,62.9,63.0,62.88,62.9,235531
2026-02-18 14:30:00,62.93,62.93,62.62,62.93,61813
2026-02-18 14:35:00,62.97,63.18,62.71,63.11,21356
2026-02-18 14:40:00,63.07,63.48,63.07,63.36,19253
2026-02-18 14:45:00,63.36,63.43,63.265,63.38,60082
2026-02-18 14:50:00,63.34,63.62,63.28,63.62,24165
2026-02-18 14:55:00,63.635,63.77,63.545,63.77,28037
2026-02-18 15:00:00,63.745,63.98,63.69,63.77,27570
2026-02-18 15:05:00,63.77,63.81,63.71,63.79,12579
2026-02-18 15:10:00,63.81,63.91,63.715,63.8825,16712
2026-02-18 15:15:00,63.84,63.99,63.83,63.865,27306
2026-02-18 15:20:00,63.88,63.94,63.73,63.73,27644
2026-02-18 15:25:00,63.76,63.9,63.75,63.86,16994
2026-02-18 15:30:00,63.87,63.9,63.83,63.875,15564
2026-02-18 15:35:00,63.86,64.01,63.84,64.01,23316
2026-02-18 15:40:00,64.0384,64.04,63.9,63.96,27260
2026-02-18 15:45:00,63.945,63.97,63.81,63.81,23493
2026-02-18 15:50:00,63.83,63.9,63.805,63.805,14882
2026-02-18 15:55:00,63.79,63.819,63.7356,63.79,19548
2026-02-18 16:00:00,63.79,63.81,63.66,63.67,24737
2026-02-18 16:05:00,63.65,63.73,63.63,63.64,14887
2026-02-18 16:10:00,63.65,63.695,63.6,63.64,15459
2026-02-18 16:15:00,63.61,63.72,63.605,63.65,15312
2026-02-18 16:20:00,63.66,63.88,63.66,63.78,35654
2026-02-18 16:25:00,63.78,63.8,63.68,63.8,17612
2026-02-18 16:30:00,63.84,63.915,63.82,63.9,13453
2026-02-18 16:35:00,63.8785,63.9,63.85,63.87,31036
2026-02-18 16:40:00,63.88,63.89,63.75,63.765,29915
2026-02-18 16:45:00,63.765,63.7688,63.72,63.72,18219
2026-02-18 16:50:00,63.71,63.74,63.69,63.72,20460
2026-02-18 16:55:00,63.732,63.785,63.61,63.655,19171
2026-02-18 17:00:00,63.685,63.725,63.61,63.645,15282
2026-02-18 17:05:00,63.63,63.73,63.629,63.705,11933
2026-02-18 17:10:00,63.705,63.78,63.705,63.75,11773
2026-02-18 17:15:00,63.76,63.765,63.64,63.725,22597
2026-02-18 17:20:00,63.7,63.705,63.65,63.695,8941
2026-02-18 17:25:00,63.71,63.77,63.7,63.71,17599
2026-02-18 17:30:00,63.715,63.73,63.64,63.685,10613
2026-02-18 17:35:00,63.67,63.7,63.67,63.675,12909
2026-02-18 17:40:00,63.66,63.675,63.57,63.57,17998
2026-02-18 17:45:00,63.57,63.6,63.54,63.58,14281
2026-02-18 17:50:00,63.575,63.61,63.55,63.61,11602
2026-02-18 17:55:00,63.6,63.7,63.6,63.61,28422
2026-02-18 18:00:00,63.6,63.64,63.49,63.49,13297
2026-02-18 18:05:00,63.49,63.54,63.46,63.54,14516
2026-02-18 18:10:00,63.55,63.635,63.54,63.595,17124
2026-02-18 18:15:00,63.58,63.65,63.54,63.65,9060
2026-02-18 18:20:00,63.65,63.65,63.55,63.55,8851
2026-02-18 18:25:00,63.55,63.58,63.51,63.58,12829
2026-02-18 18:30:00,63.57,63.585,63.515,63.535,10676
2026-02-18 18:35:00,63.55,63.61,63.53,63.59,13058
2026-02-18 18:40:00,63.6,63.65,63.6,63.64,9020
2026-02-18 18:45:00,63.63,63.72,63.605,63.66,41552
2026-02-18 18:50:00,63.66,63.68,63.55,63.675,26252
2026-02-18 18:55:00,63.69,63.785,63.65,63.73,23275
2026-02-18 19:00:00,63.745,63.87,63.72,63.85,22994
2026-02-18 19:05:00,63.83,63.83,63.63,63.66,13079
2026-02-18 19:10:00,63.64,63.71,63.59,63.59,15518
2026-02-18 19:15:00,63.6,63.625,63.52,63.59,11850
2026-02-18 19:20:00,63.59,63.655,63.57,63.64,12483
2026-02-18 19:25:00,63.63,63.735,63.63,63.735,26572
2026-02-18 19:30:00,63.73,63.76,63.65,63.73,38686
2026-02-18 19:35:00,63.7,63.77,63.655,63.76,25549
2026-02-18 19:40:00,63.76,63.88,63.76,63.83,16948
2026-02-18 19:45:00,63.815,63.85,63.75,63.78,22738
2026-02-18 19:50:00,63.81,63.84,63.78,63.795,12500
2026-02-18 19:55:00,63.78,63.85,63.74,63.85,16242
2026-02-18 20:00:00,63.85,63.86,63.78,63.82,17491
2026-02-18 20:05:00,63.82,63.82,63.68,63.69,25570
2026-02-18 20:10:00,63.7,63.75,63.6915,63.725,22435
2026-02-18 20:15:00,63.725,63.78,63.69,63.73,21547
2026-02-18 20:20:00,63.74,63.78,63.71,63.78,17199
2026-02-18 20:25:00,63.78,63.82,63.72,63.82,26886
2026-02-18 20:30:00,63.84,63.88,63.82,63.86,42313
2026-02-18 20:35:00,63.865,63.865,63.77,63.79,36299
2026-02-18 20:40:00,63.8,63.8,63.68,63.74,32417
2026-02-18 20:45:00,63.74,63.885,63.73,63.86,32150
2026-02-18 20:50:00,63.875,63.96,63.875,63.92,61311
2026-02-18 20:55:00,63.92,64.055,63.92,63.95,266141
2026-02-19 14:30:00,63.75,63.98,63.46,63.98,32886
2026-02-19 14:35:00,63.9,64.03,63.8564,63.87,8616
2026-02-19 14:40:00,63.99,64.07,63.89,64.0057,11646
2026-02-19 14:45:00,63.99,64.16,63.96,64.15,25107
2026-02-19 14:50:00,64.1,64.21,64.08,64.2,23035
2026-02-19 14:55:00,64.2,64.2383,64.1,64.175,17588
2026-02-19 15:00:00,64.2,64.23,63.865,63.865,18863
2026-02-19 15:05:00,63.83,63.865,63.7,63.81,26821
2026-02-19 15:10:00,63.78,63.81,63.695,63.695,12097
2026-02-19 15:15:00,63.6841,63.84,63.66,63.84,9650
2026-02-19 15:20:00,63.79,63.94,63.75,63.87,10597
2026-02-19 15:25:00,63.865,63.95,63.775,63.8,24769
2026-02-19 15:30:00,63.86,63.97,63.85,63.94,10733
2026-02-19 15:35:00,63.92,63.95,63.87,63.87,9895
2026-02-19 15:40:00,63.875,64.0,63.87,63.955,14487
2026-02-19 15:45:00,63.99,64.04,63.9501,64.02,18319
2026-02-19 15:50:00,64.03,64.095,64.01,64.02,16513
2026-02-19 15:55:00,64.035,64.05,63.93,64.005,10476
2026-02-19 16:00:00,63.99,64.08,63.99,64.035,11239
2026-02-19 16:05:00,64.03,64.14,64.03,64.09,11689
2026-02-19 16:10:00,64.08,64.08,63.985,63.99,9978
2026-02-19 16:15:00,63.98,64.13,63.98,64.105,24958
2026-02-19 16:20:00,64.1,64.1,63.97,63.975,81600
2026-02-19 16:25:00,63.965,63.965,63.83,63.87,17780
2026-02-19 16:30:00,63.865,63.93,63.865,63.92,11381
2026-02-19 16:35:00,63.9,63.95,63.88,63.93,15271
2026-02-19 16:40:00,63.92,63.95,63.87,63.9,12762
2026-02-19 16:45:00,63.9,63.915,63.825,63.825,11361
2026-02-19 16:50:00,63.815,63.89,63.815,63.865,11853
2026-02-19 16:55:00,63.87,63.92,63.84,63.89,10369
2026-02-19 17:00:00,63.91,63.95,63.9,63.92,8843
2026-02-19 17:05:00,63.93,63.93,63.81,63.85,9989
2026-02-19 17:10:00,63.86,63.92,63.8365,63.885,13798
2026-02-19 17:15:00,63.9,63.985,63.89,63.98,14284
2026-02-19 17:20:00,63.99,64.06,63.99,64.05,9634
2026-02-19 17:25:00,64.07,64.1,64.035,64.065,11794
2026-02-19 17:30:00,64.0763,64.08,63.96,63.985,15467
2026-02-19 17:35:00,63.98,63.99,63.935,63.97,9743
2026-02-19 17:40:00,63.99,64.005,63.95,63.995,11120
2026-02-19 17:45:00,64.02,64.035,63.99,64.02,8839
2026-02-19 17:50:00,64.0,64.0,63.92,63.92,8896
2026-02-19 17:55:00,63.91,63.98,63.88,63.97,16163
2026-02-19 18:00:00,63.975,63.975,63.87,63.89,9298
2026-02-19 18:05:00,63.91,63.91,63.885,63.91,7605
2026-02-19 18:10:00,63.905,63.98,63.905,63.92,24765
2026-02-19 18:15:00,63.9,63.915,63.88,63.88,5949
2026-02-19 18:20:00,63.8762,63.925,63.84,63.9,7779
2026-02-19 18:25:00,63.91,63.955,63.91,63.94,10821
2026-02-19 18:30:00,63.9404,64.105,63.93,64.09,15804
2026-02-19 18:35:00,64.1,64.11,64.075,64.105,14161
2026-02-19 18:40:00,64.105,64.16,64.07,64.15,8818
2026-02-19 18:45:00,64.13,64.245,64.11,64.24,14840
2026-02-19 18:50:00,64.235,64.26,64.21,64.25,12006
2026-02-19 18:55:00,64.235,64.235,64.19,64.215,8461
2026-02-19 19:00:00,64.21,64.29,64.21,64.25,15659
2026-02-19 19:05:00,64.24,64.29,64.23,64.24,13567
2026-02-19 19:10:00,64.23,64.24,64.19,64.23,9703
2026-02-19 19:15:00,64.2228,64.2399,64.035,64.04,15662
2026-02-19 19:20:00,64.03,64.03,63.98,63.98,9010
2026-02-19 19:25:00,63.99,64.02,63.96,63.985,24257
2026-02-19 19:30:00,63.99,63.99,63.85,63.89,20950
2026-02-19 19:35:00,63.89,63.9004,63.84,63.855,10127
2026-02-19 19:40:00,63.84,63.98,63.84,63.975,14894
2026-02-19 19:45:00,63.97,64.06,63.95,63.99,13331
2026-02-19 19:50:00,63.97,63.995,63.93,63.97,14700
2026-02-19 19:55:00,63.955,63.98,63.93,63.96,16725
2026-02-19 20:00:00,63.96,64.06,63.96,64.025,13055
2026-02-19 20:05:00,64.025,64.07,64.01,64.07,10499
2026-02-19 20:10:00,64.065,64.085,64.03,64.085,13069
2026-02-19 20:15:00,64.09,64.1,64.04,64.05,15157
2026-02-19 20:20:00,64.06,64.14,64.03,64.1165,39314
2026-02-19 20:25:00,64.11,64.115,64.04,64.09,40706
2026-02-19 20:30:00,64.07,64.11,64.06,64.09,19127
2026-02-19 20:35:00,64.095,64.12,64.05,64.11,21328
2026-02-19 20:40:00,64.11,64.11,64.045,64.065,41438
2026-02-19 20:45:00,64.08,64.24,64.08,64.2,54707
2026-02-19 20:50:00,64.18,64.27,64.17,64.26,76902
2026-02-19 20:55:00,64.26,64.33,64.26,64.32,180444
2026-02-20 14:30:00,64.39,64.5,64.12,64.205,68164
2026-02-20 14:35:00,64.095,64.31,63.97,64.23,42385
2026-02-20 14:40:00,64.26,64.48,64.21,64.38,59968
2026-02-20 14:45:00,64.38,64.38,64.08,64.08,98339
2026-02-20 14:50:00,64.05,64.285,64.05,64.2399,32712
2026-02-20 14:55:00,64.195,64.22,64.055,64.22,16586
2026-02-20 15:00:00,64.22,64.45,64.125,64.125,21200
2026-02-20 15:05:00,64.14,64.32,64.13,64.3075,48224
2026-02-20 15:10:00,64.33,64.33,64.16,64.23,23662
2026-02-20 15:15:00,64.24,64.45,64.24,64.405,17560
2026-02-20 15:20:00,64.4,64.4056,64.27,64.295,16684
2026-02-20 15:25:00,64.26,64.29,64.2,64.29,43242
2026-02-20 15:30:00,64.345,64.375,64.15,64.16,30576
2026-02-20 15:35:00,64.13,64.25,64.13,64.24,21578
2026-02-20 15:40:00,64.24,64.28,64.195,64.23,45350
2026-02-20 15:45:00,64.225,64.24,64.095,64.12,57195
2026-02-20 15:50:00,64.1,64.16,64.055,64.13,36432
2026-02-20 15:55:00,64.13,64.155,64.04,64.04,42887
2026-02-20 16:00:00,64.04,64.06,63.96,63.96,55096
2026-02-20 16:05:00,63.96,64.07,63.955,64.07,44840
2026-02-20 16:10:00,64.075,64.135,64.04,64.125,20398
2026-02-20 16:15:00,64.14,64.15,64.0863,64.125,32048
2026-02-20 16:20:00,64.12,64.17,64.12,64.13,13931
2026-02-20 16:25:00,64.11,64.15,64.055,64.055,37388
2026-02-20 16:30:00,64.055,64.08,64.0,64.08,20701
2026-02-20 16:35:00,64.1,64.119,64.05,64.08,8766
2026-02-20 16:40:00,64.09,64.1399,64.045,64.1399,12092
2026-02-20 16:45:00,64.1,64.11,64.03,64.06,8906
2026-02-20 16:50:00,64.05,64.1197,64.04,64.11,8879
2026-02-20 16:55:00,64.12,64.1337,64.03,64.06,9156
2026-02-20 17:00:00,64.08,64.12,64.05,64.05,9437
2026-02-20 17:05:00,64.055,64.055,63.94,63.96,16025
2026-02-20 17:10:00,63.96,63.98,63.93,63.94,12968
2026-02-20 17:15:00,63.935,63.985,63.925,63.945,14504
2026-02-20 17:20:00,63.9363,63.98,63.92,63.945,28704
2026-02-20 17:25:00,63.95,64.01,63.94,64.01,11044
2026-02-20 17:30:00,64.01,64.03,63.99,64.01,6843
2026-02-20 17:35:00,64.02,64.075,63.99,64.0494,15276
2026-02-20 17:40:00,64.03,64.18,64.03,64.15,10999
2026-02-20 17:45:00,64.15,64.21,64.12,64.21,13250
2026-02-20 17:50:00,64.2,64.26,64.175,64.23,9908
2026-02-20 17:55:00,64.22,64.23,64.12,64.18,12404
2026-02-20 18:00:00,64.18,64.19,64.13,64.16,10040
2026-02-20 18:05:00,64.14,64.17,64.12,64.13,13082
2026-02-20 18:10:00,64.1,64.215,64.1,64.21,9293
2026-02-20 18:15:00,64.22,64.22,64.14,64.14,11829
2026-02-20 18:20:00,64.14,64.2,64.13,64.17,12350
2026-02-20 18:25:00,64.17,64.18,64.1,64.11,7460
2026-02-20 18:30:00,64.1,64.22,64.07,64.145,20506
2026-02-20 18:35:00,64.125,64.23,64.11,64.2,25264
2026-02-20 18:40:00,64.17,64.21,64.07,64.149,82085
2026-02-20 18:45:00,64.125,64.16,64.05,64.09,42085
2026-02-20 18:50:00,64.07,64.16,64.0,64.155,17413
2026-02-20 18:55:00,64.155,64.155,64.09,64.11,15137
2026-02-20 19:00:00,64.1,64.18,64.1,64.11,14485
2026-02-20 19:05:00,64.1,64.14,64.09,64.13,23310
2026-02-20 19:10:00,64.155,64.155,64.11,64.125,9621
2026-02-20 19:15:00,64.12,64.12,64.07,64.09,24702
2026-02-20 19:20:00,64.1,64.14,64.095,64.12,11629
2026-02-20 19:25:00,64.1,64.155,64.1,64.12,13673
2026-02-20 19:30:00,64.135,64.18,64.11,64.11,14122
2026-02-20 19:35:00,64.12,64.13,64.01,64.03,30766
2026-02-20 19:40:00,64.03,64.08,63.99,64.02,49179
2026-02-20 19:45:00,64.02,64.02,63.825,63.83,19620
2026-02-20 19:50:00,63.83,63.87,63.73,63.76,17312
2026-02-20 19:55:00,63.74,63.93,63.68,63.92,34996
2026-02-20 20:00:00,63.92,63.99,63.915,63.935,20268
2026-02-20 20:05:00,63.935,64.02,63.93,64.02,25298
2026-02-20 20:10:00,64.01,64.02,63.89,63.91,30842
2026-02-20 20:15:00,63.91,63.92,63.8,63.86,126210
2026-02-20 20:20:00,63.84,63.9,63.815,63.85,28422
2026-02-20 20:25:00,63.88,63.88,63.81,63.835,30093
2026-02-20 20:30:00,63.835,63.91,63.81,63.89,31530
2026-02-20 20:35:00,63.89,63.89,63.835,63.88,40176
2026-02-20 20:40:00,63.87,63.87,63.79,63.84,41702
2026-02-20 20:45:00,63.8348,63.9,63.83,63.88,51869
2026-02-20 20:50:00,63.87,63.88,63.72,63.86,122365
2026-02-20 20:55:00,63.86,63.9,63.6775,63.865,403895
2026-02-23 14:30:00,63.71,63.9,63.41,63.76,64056
2026-02-23 14:35:00,63.77,63.83,63.67,63.78,15499
2026-02-23 14:40:00,63.87,63.93,63.69,63.85,19122
2026-02-23 14:45:00,63.83,63.93,63.42,63.44,24454
2026-02-23 14:50:00,63.43,63.495,63.195,63.24,31239
2026-02-23 14:55:00,63.25,63.26,63.04,63.04,25858
2026-02-23 15:00:00,63.04,63.055,62.855,62.96,38611
2026-02-23 15:05:00,62.97,63.145,62.94,63.08,36424
2026-02-23 15:10:00,63.07,63.11,63.0,63.045,28290
2026-02-23 15:15:00,63.06,63.08,62.89,62.955,22932
2026-02-23 15:20:00,62.98,63.07,62.925,62.94,24910
2026-02-23 15:25:00,62.97,63.1,62.94,63.07,30779
2026-02-23 15:30:00,63.09,63.23,63.0,63.18,52267
2026-02-23 15:35:00,63.165,63.24,63.14,63.15,30361
2026-02-23 15:40:00,63.13,63.32,63.125,63.3,28004
2026-02-23 15:45:00,63.34,63.38,63.29,63.315,13382
2026-02-23 15:50:00,63.3,63.49,63.3,63.48,21401
2026-02-23 15:55:00,63.52,63.56,63.46,63.46,21555
2026-02-23 16:00:00,63.425,63.46,63.3005,63.315,19268
2026-02-23 16:05:00,63.34,63.4896,63.34,63.45,19035
2026-02-23 16:10:00,63.42,63.435,63.315,63.34,16921
2026-02-23 16:15:00,63.35,63.4,63.35,63.39,14639
2026-02-23 16:20:00,63.375,63.41,63.34,63.34,19728
2026-02-23 16:25:00,63.34,63.37,63.15,63.205,81018
2026-02-23 16:30:00,63.205,63.3,63.09,63.15,43341
2026-02-23 16:35:00,63.15,63.16,62.985,62.99,59062
2026-02-23 16:40:00,62.99,63.05,62.96,63.02,54655
2026-02-23 16:45:00,63.03,63.03,62.99,63.0,20576
2026-02-23 16:50:00,63.0,63.06,62.92,63.06,21942
2026-02-23 16:55:00,63.05,63.07,62.93,63.03,28941
2026-02-23 17:00:00,63.03,63.09,63.02,63.06,36831
2026-02-23 17:05:00,63.065,63.1417,63.06,63.12,16082
2026-02-23 17:10:00,63.11,63.13,63.04,63.09,54914
2026-02-23 17:15:00,63.09,63.1,63.045,63.06,19526
2026-02-23 17:20:00,63.05,63.08,63.03,63.0551,20253
2026-02-23 17:25:00,63.05,63.07,63.02,63.035,31348
2026-02-23 17:30:00,63.05,63.06,62.999,63.06,41454
2026-02-23 17:35:00,63.08,63.102,63.05,63.09,8622
2026-02-23 17:40:00,63.08,63.125,63.07,63.09,12643
2026-02-23 17:45:00,63.1049,63.155,63.05,63.12,14511
2026-02-23 17:50:00,63.12,63.2,63.1,63.171,18445
2026-02-23 17:55:00,63.17,63.23,63.17,63.23,13379
2026-02-23 18:00:00,63.21,63.28,63.205,63.28,14964
2026-02-23 18:05:00,63.3,63.38,63.27,63.38,12168
2026-02-23 18:10:00,63.38,63.38,63.25,63.275,12123
2026-02-23 18:15:00,63.275,63.37,63.275,63.35,7993
2026-02-23 18:20:00,63.35,63.36,63.325,63.33,13078
2026-02-23 18:25:00,63.33,63.36,63.32,63.36,14565
2026-02-23 18:30:00,63.37,63.37,63.3,63.33,16938
2026-02-23 18:35:00,63.305,63.35,63.28,63.35,14821
2026-02-23 18:40:00,63.35,63.355,63.33,63.345,15051
2026-02-23 18:45:00,63.345,63.345,63.27,63.285,15755
2026-02-23 18:50:00,63.29,63.3,63.22,63.25,16914
2026-02-23 18:55:00,63.26,63.32,63.255,63.3,18936
2026-02-23 19:00:00,63.31,63.32,63.155,63.155,21427
2026-02-23 19:05:00,63.15,63.19,63.145,63.17,17944
2026-02-23 19:10:00,63.17,63.1958,63.14,63.16,19251
2026-02-23 19:15:00,63.1509,63.22,63.1509,63.19,17118
2026-02-23 19:20:00,63.2,63.25,63.2,63.24,12593
2026-02-23 19:25:00,63.235,63.26,63.21,63.22,23855
2026-02-23 19:30:00,63.215,63.23,63.09,63.15,33568
2026-02-23 19:35:00,63.155,63.155,63.07,63.08,22955
2026-02-23 19:40:00,63.08,63.21,63.08,63.2,24060
2026-02-23 19:45:00,63.205,63.23,63.19,63.22,18874
2026-02-23 19:50:00,63.22,63.24,63.17,63.17,20569
2026-02-23 19:55:00,63.16,63.165,63.08,63.105,45316
2026-02-23 20:00:00,63.12,63.17,63.11,63.155,28116
2026-02-23 20:05:00,63.155,63.155,63.08,63.12,22028
2026-02-23 20:10:00,63.12,63.12,62.99,63.03,33243
2026-02-23 20:15:00,63.03,63.06,62.95,62.95,32085
2026-02-23 20:20:00,62.94,62.9893,62.91,62.935,40117
2026-02-23 20:25:00,62.945,63.0,62.93,62.98,38131
2026-02-23 20:30:00,62.98,63.0211,62.975,63.0,49741
2026-02-23 20:35:00,63.0,63.05,63.0,63.0,38353
2026-02-23 20:40:00,63.0,63.03,62.98,63.0,73042
2026-02-23 20:45:00,63.01,63.1,63.01,63.05,60706
2026-02-23 20:50:00,63.04,63.04,62.855,62.93,159300
2026-02-23 20:55:00,62.93,63.025,62.9,62.97,406745
2026-02-24 14:30:00,62.84,63.35,62.84,63.27,31964
2026-02-24 14:35:00,63.285,63.55,63.285,63.42,13689
2026-02-24 14:40:00,63.425,63.49,63.14,63.14,19925
2026-02-24 14:45:00,63.135,63.21,63.08,63.15,22061
2026-02-24 14:50:00,63.22,63.3,62.97,63.1589,26437
2026-02-24 14:55:00,63.185,63.29,63.14,63.22,51127
2026-02-24 15:00:00,63.2,63.21,63.075,63.09,45478
2026-02-24 15:05:00,63.12,63.145,63.035,63.14,16853
2026-02-24 15:10:00,63.12,63.12,62.93,63.045,17312
2026-02-24 15:15:00,63.07,63.085,62.95,62.95,21988
2026-02-24 15:20:00,62.96,62.985,62.89,62.91,19367
2026-02-24 15:25:00,62.95,62.96,62.86,62.89,20105
2026-02-24 15:30:00,62.895,63.0,62.86,62.97,26086
2026-02-24 15:35:00,63.0,63.025,62.8511,62.8511,18213
2026-02-24 15:40:00,62.85,62.9,62.79,62.82,32593
2026-02-24 15:45:00,62.82,62.93,62.79,62.88,18514
2026-02-24 15:50:00,62.92,62.98,62.89,62.93,47823
2026-02-24 15:55:00,62.92,62.92,62.815,62.855,14358
2026-02-24 16:00:00,62.84,62.955,62.835,62.88,14313
2026-02-24 16:05:00,62.88,63.08,62.84,63.06,35744
2026-02-24 16:10:00,63.06,63.09,62.97,63.015,15242
2026-02-24 16:15:00,63.03,63.07,63.005,63.07,15962
2026-02-24 16:20:00,63.075,63.1,62.98,63.065,17928
2026-02-24 16:25:00,63.06,63.065,62.98,62.98,18735
2026-02-24 16:30:00,62.985,63.085,62.985,63.085,15774
2026-02-24 16:35:00,63.06,63.17,63.06,63.08,17104
2026-02-24 16:40:00,63.1,63.14,63.1,63.11,8793
2026-02-24 16:45:00,63.13,63.13,63.02,63.025,14443
2026-02-24 16:50:00,63.01,63.025,62.95,62.95,11411
2026-02-24 16:55:00,62.95,63.03,62.95,63.025,15331
2026-02-24 17:00:00,63.04,63.05,62.99,63.045,13271
2026-02-24 17:05:00,63.06,63.12,63.03,63.09,15104
2026-02-24 17:10:00,63.1,63.1799,63.085,63.13,9936
2026-02-24 17:15:00,63.13,63.18,63.13,63.17,11577
2026-02-24 17:20:00,63.17,63.18,63.08,63.08,11512
2026-02-24 17:25:00,63.08,63.17,63.05,63.14,18170
2026-02-24 17:30:00,63.15,63.175,63.1,63.12,14383
2026-02-24 17:35:00,63.1,63.13,63.06,63.13,11725
2026-02-24 17:40:00,63.13,63.14,63.09,63.12,17600
2026-02-24 17:45:00,63.12,63.17,63.11,63.15,8797
2026-02-24 17:50:00,63.155,63.155,63.09,63.11,10437
2026-02-24 17:55:00,63.1,63.2,63.09,63.2,10519
2026-02-24 18:00:00,63.22,63.22,63.16,63.19,9213
2026-02-24 18:05:00,63.19,63.26,63.19,63.26,7601
2026-02-24 18:10:00,63.24,63.28,63.23,63.24,10912
2026-02-24 18:15:00,63.24,63.245,63.21,63.22,4557
2026-02-24 18:20:00,63.21,63.23,63.19,63.23,13902
2026-02-24 18:25:00,63.215,63.23,63.18,63.2,11933
2026-02-24 18:30:00,63.22,63.24,63.205,63.235,6697
2026-02-24 18:35:00,63.235,63.28,63.235,63.24,8246
2026-02-24 18:40:00,63.25,63.275,63.24,63.265,6720
2026-02-24 18:45:00,63.265,63.29,63.2,63.2,8799
2026-02-24 18:50:00,63.19,63.2,63.14,63.19,22013
2026-02-24 18:55:00,63.18,63.224,63.16,63.165,8311
2026-02-24 19:00:00,63.15,63.17,63.1175,63.17,11136
2026-02-24 19:05:00,63.17,63.215,63.17,63.18,20430
2026-02-24 19:10:00,63.17,63.24,63.135,63.22,13296
2026-02-24 19:15:00,63.22,63.22,63.175,63.2,12383
2026-02-24 19:20:00,63.2,63.24,63.15,63.2176,11562
2026-02-24 19:25:00,63.24,63.25,63.16,63.16,11337
2026-02-24 19:30:00,63.16,63.22,63.145,63.21,31137
2026-02-24 19:35:00,63.21,63.215,63.135,63.15,46998
2026-02-24 19:40:00,63.15,63.17,63.11,63.14,32818
2026-02-24 19:45:00,63.14,63.145,63.09,63.12,13096
2026-02-24 19:50:00,63.115,63.1514,63.09,63.145,23533
2026-02-24 19:55:00,63.145,63.19,63.11,63.13,22144
2026-02-24 20:00:00,63.13,63.21,63.12,63.18,16256
2026-02-24 20:05:00,63.18,63.205,63.11,63.18,22950
2026-02-24 20:10:00,63.19,63.2299,63.18,63.215,18963
2026-02-24 20:15:00,63.22,63.28,63.18,63.24,34863
2026-02-24 20:20:00,63.25,63.34,63.24,63.34,31196
2026-02-24 20:25:00,63.35,63.38,63.315,63.325,23601
2026-02-24 20:30:00,63.33,63.37,63.295,63.32,26005
2026-02-24 20:35:00,63.315,63.33,63.26,63.26,46473
2026-02-24 20:40:00,63.27,63.365,63.25,63.355,38394
2026-02-24 20:45:00,63.365,63.365,63.31,63.33,31598
2026-02-24 20:50:00,63.33,63.385,63.31,63.38,98393
2026-02-24 20:55:00,63.37,63.44,63.35,63.42,316453
2026-02-25 14:30:00,62.87,63.002,62.71,62.9793,34405
2026-02-25 14:35:00,62.905,63.25,62.83,63.08,40230
2026-02-25 14:40:00,62.985,62.99,62.66,62.715,17973
2026-02-25 14:45:00,62.67,62.68,62.38,62.38,27663
2026-02-25 14:50:00,62.38,62.44,62.19,62.41,38523
2026-02-25 14:55:00,62.38,62.38,62.06,62.09,21962
2026-02-25 15:00:00,62.0975,62.29,62.08,62.205,52604
2026-02-25 15:05:00,62.205,62.405,62.13,62.37,48685
2026-02-25 15:10:00,62.38,62.44,62.314,62.36,32917
2026-02-25 15:15:00,62.38,62.44,62.315,62.405,30975
2026-02-25 15:20:00,62.41,62.41,62.3,62.31,41641
2026-02-25 15:25:00,62.34,62.345,62.195,62.22,58569
2026-02-25 15:30:00,62.22,62.23,62.145,62.15,61874
2026-02-25 15:35:00,62.145,62.24,62.085,62.12,26613
2026-02-25 15:40:00,62.125,62.15,62.02,62.075,22241
2026-02-25 15:45:00,62.1,62.125,62.06,62.12,21825
2026-02-25 15:50:00,62.12,62.14,62.08,62.14,28188
2026-02-25 15:55:00,62.12,62.18,62.1,62.1,14268
2026-02-25 16:00:00,62.085,62.25,62.085,62.115,32997
2026-02-25 16:05:00,62.14,62.16,61.99,62.06,36675
2026-02-25 16:10:00,62.06,62.15,62.04,62.09,20120
2026-02-25 16:15:00,62.1,62.15,61.93,61.99,24477
2026-02-25 16:20:00,61.98,61.98,61.8,61.84,21344
2026-02-25 16:25:00,61.85,62.02,61.84,61.97,21659
2026-02-25 16:30:00,61.97,62.1,61.97,62.065,20120
2026-02-25 16:35:00,62.065,62.1,62.0,62.05,30150
2026-02-25 16:40:00,62.03,62.06,61.94,61.98,23614
2026-02-25 16:45:00,61.98,62.04,61.95,62.03,16619
2026-02-25 16:50:00,62.04,62.085,61.97,62.08,34793
2026-02-25 16:55:00,62.08,62.14,62.08,62.14,17617
2026-02-25 17:00:00,62.13,62.14,62.1,62.1,15687
2026-02-25 17:05:00,62.08,62.16,62.08,62.12,21977
2026-02-25 17:10:00,62.1,62.115,62.07,62.07,28205
2026-02-25 17:15:00,62.07,62.09,62.05,62.05,12341
2026-02-25 17:20:00,62.03,62.07,62.025,62.03,12788
2026-02-25 17:25:00,62.02,62.1,62.01,62.07,11346
2026-02-25 17:30:00,62.07,62.14,62.04,62.06,32890
2026-02-25 17:35:00,62.06,62.06,61.94,61.98,34720
2026-02-25 17:40:00,61.97,61.98,61.91,61.94,39727
2026-02-25 17:45:00,61.94,62.03,61.94,62.015,18555
2026-02-25 17:50:00,62.0,62.01,61.96,62.01,19610
2026-02-25 17:55:00,62.01,62.09,62.01,62.06,20914
2026-02-25 18:00:00,62.06,62.11,62.04,62.075,31689
2026-02-25 18:05:00,62.06,62.17,62.06,62.155,14708
2026-02-25 18:10:00,62.155,62.155,62.1,62.11,15695
2026-02-25 18:15:00,62.11,62.135,62.1,62.1,18807
2026-02-25 18:20:00,62.1,62.115,62.07,62.08,21336
2026-02-25 18:25:00,62.08,62.13,62.065,62.125,24712
2026-02-25 18:30:00,62.12,62.13,62.06,62.07,16025
2026-02-25 18:35:00,62.07,62.11,62.045,62.105,31268
2026-02-25 18:40:00,62.11,62.11,62.05,62.05,11284
2026-02-25 18:45:00,62.05,62.08,61.95,61.97,49664
2026-02-25 18:50:00,61.975,61.975,61.89,61.93,19937
2026-02-25 18:55:00,61.94,61.94,61.86,61.9,19619
2026-02-25 19:00:00,61.89,61.93,61.865,61.91,16460
2026-02-25 19:05:00,61.91,62.02,61.905,61.94,23921
2026-02-25 19:10:00,61.935,61.98,61.895,61.94,39855
2026-02-25 19:15:00,61.945,61.945,61.875,61.89,47264
2026-02-25 19:20:00,61.88,61.94,61.875,61.91,21300
2026-02-25 19:25:00,61.93,61.94,61.9,61.94,24197
2026-02-25 19:30:00,61.95,61.97,61.88,61.97,24458
2026-02-25 19:35:00,61.97,61.985,61.915,61.93,20832
2026-02-25 19:40:00,61.94,61.96,61.84,61.87,50769
2026-02-25 19:45:00,61.88,61.945,61.86,61.92,40736
2026-02-25 19:50:00,61.93,62.04,61.925,62.025,28109
2026-02-25 19:55:00,62.01,62.045,62.0027,62.03,21215
2026-02-25 20:00:00,62.03,62.0726,62.03,62.045,15837
2026-02-25 20:05:00,62.03,62.085,62.0,62.08,35234
2026-02-25 20:10:00,62.08,62.1,62.03,62.06,25834
2026-02-25 20:15:00,62.07,62.09,62.0201,62.0201,20365
2026-02-25 20:20:00,62.02,62.17,62.015,62.17,44443
2026-02-25 20:25:00,62.16,62.19,62.11,62.17,34302
2026-02-25 20:30:00,62.165,62.24,62.135,62.23,30538
2026-02-25 20:35:00,62.2242,62.335,62.2242,62.29,38234
2026-02-25 20:40:00,62.29,62.415,62.29,62.4,42110
2026-02-25 20:45:00,62.4,62.44,62.3525,62.3601,63755
2026-02-25 20:50:00,62.37,62.48,62.37,62.46,95333
2026-02-25 20:55:00,62.46,62.63,62.455,62.6046,363627
2026-02-26 14:30:00,62.91,63.39,62.6601,63.04,148769
2026-02-26 14:35:00,63.11,63.28,63.03,63.095,27881
2026-02-26 14:40:00,63.1165,63.24,62.93,63.24,26188
2026-02-26 14:45:00,63.18,63.285,63.15,63.28,49222
2026-02-26 14:50:00,63.285,63.44,63.21,63.37,30702
2026-02-26 14:55:00,63.37,63.45,63.36,63.39,17183
2026-02-26 15:00:00,63.36,63.445,63.26,63.29,23439
2026-02-26 15:05:00,63.3,63.3,63.18,63.19,45652
2026-02-26 15:10:00,63.175,63.31,63.17,63.285,23970
2026-02-26 15:15:00,63.28,63.32,63.25,63.29,69066
2026-02-26 15:20:00,63.28,63.28,63.14,63.19,24643
2026-02-26 15:25:00,63.19,63.33,63.175,63.26,24563
2026-02-26 15:30:00,63.25,63.35,63.17,63.35,42294
2026-02-26 15:35:00,63.34,63.345,63.08,63.165,18800
2026-02-26 15:40:00,63.165,63.22,63.065,63.09,32266
2026-02-26 15:45:00,63.075,63.145,63.05,63.05,9182
2026-02-26 15:50:00,63.05,63.13,63.01,63.08,29100
2026-02-26 15:55:00,63.1,63.21,63.1,63.21,16499
2026-02-26 16:00:00,63.23,63.28,63.18,63.18,18227
2026-02-26 16:05:00,63.17,63.22,63.15,63.205,13008
2026-02-26 16:10:00,63.19,63.24,63.08,63.21,16896
2026-02-26 16:15:00,63.23,63.29,63.13,63.19,23352
2026-02-26 16:20:00,63.19,63.21,63.17,63.19,15022
2026-02-26 16:25:00,63.19,63.275,63.19,63.2,16828
2026-02-26 16:30:00,63.2,63.275,63.17,63.17,16217
2026-02-26 16:35:00,63.165,63.22,63.04,63.04,20202
2026-02-26 16:40:00,63.02,63.02,62.8908,62.92,13204
2026-02-26 16:45:00,62.905,63.055,62.905,63.03,17540
2026-02-26 16:50:00,63.015,63.05,62.995,63.02,10476
2026-02-26 16:55:00,63.03,63.13,63.03,63.095,18098
2026-02-26 17:00:00,63.11,63.119,63.02,63.02,17097
2026-02-26 17:05:00,63.02,63.08,63.02,63.06,19618
2026-02-26 17:10:00,63.045,63.08,63.02,63.0365,16320
2026-02-26 17:15:00,63.04,63.04,62.94,62.95,21241
2026-02-26 17:20:00,62.9552,62.9552,62.9,62.95,11824
2026-02-26 17:25:00,62.95,63.01,62.93,63.01,14768
2026-02-26 17:30:00,63.005,63.01,62.94,62.955,13570
2026-02-26 17:35:00,62.955,63.01,62.94,62.94,16098
2026-02-26 17:40:00,62.96,62.96,62.89,62.92,9522
2026-02-26 17:45:00,62.95,62.98,62.93,62.95,9267
2026-02-26 17:50:00,62.93,63.03,62.91,63.03,15717
2026-02-26 17:55:00,63.025,63.08,62.99,63.035,32819
2026-02-26 18:00:00,63.035,63.08,63.02,63.08,7434
2026-02-26 18:05:00,63.0953,63.2,63.0953,63.18,7748
2026-02-26 18:10:00,63.22,63.295,63.22,63.2848,6372
2026-02-26 18:15:00,63.28,63.37,63.27,63.34,10866
2026-02-26 18:20:00,63.34,63.35,63.32,63.32,8103
2026-02-26 18:25:00,63.315,63.36,63.31,63.35,8645
2026-02-26 18:30:00,63.35,63.3726,63.32,63.3726,6346
2026-02-26 18:35:00,63.37,63.39,63.28,63.28,15058
2026-02-26 18:40:00,63.28,63.32,63.25,63.32,9423
2026-02-26 18:45:00,63.34,63.3899,63.3,63.35,12101
2026-02-26 18:50:00,63.35,63.39,63.31,63.385,11193
2026-02-26 18:55:00,63.385,63.43,63.31,63.43,14313
2026-02-26 19:00:00,63.44,63.46,63.4,63.43,13044
2026-02-26 19:05:00,63.4389,63.44,63.4,63.41,9737
2026-02-26 19:10:00,63.4,63.43,63.4,63.41,18723
2026-02-26 19:15:00,63.41,63.495,63.4,63.48,12327
2026-02-26 19:20:00,63.5,63.5,63.4301,63.45,23199
2026-02-26 19:25:00,63.46,63.58,63.43,63.53,22617
2026-02-26 19:30:00,63.53,63.53,63.4635,63.505,13050
2026-02-26 19:35:00,63.505,63.575,63.505,63.55,8366
2026-02-26 19:40:00,63.5596,63.56,63.475,63.52,18204
2026-02-26 19:45:00,63.52,63.545,63.45,63.545,11261
2026-02-26 19:50:00,63.56,63.565,63.4,63.41,26145
2026-02-26 19:55:00,63.42,63.46,63.4,63.43,19000
2026-02-26 20:00:00,63.45,63.52,63.45,63.51,9731
2026-02-26 20:05:00,63.515,63.61,63.51,63.605,11586
2026-02-26 20:10:00,63.5974,63.605,63.49,63.5,26478
2026-02-26 20:15:00,63.52,63.53,63.42,63.475,24430
2026-02-26 20:20:00,63.48,63.62,63.47,63.62,44205
2026-02-26 20:25:00,63.6,63.61,63.55,63.57,28713
2026-02-26 20:30:00,63.56,63.58,63.46,63.49,48263
2026-02-26 20:35:00,63.505,63.5103,63.45,63.48,38808
2026-02-26 20:40:00,63.475,63.61,63.46,63.58,50874
2026-02-26 20:45:00,63.595,63.61,63.51,63.525,42778
2026-02-26 20:50:00,63.52,63.53,63.45,63.49,152026
2026-02-26 20:55:00,63.5,63.61,63.49,63.61,239230
2026-02-27 14:30:00,62.75,63.2,62.75,62.8,243518
2026-02-27 14:35:00,62.865,63.26,62.865,63.21,37473
2026-02-27 14:40:00,63.1968,63.62,63.1968,63.6,72498
2026-02-27 14:45:00,63.585,63.62,63.35,63.36,44795
2026-02-27 14:50:00,63.38,63.52,63.35,63.52,30243
2026-02-27 14:55:00,63.5,63.5658,63.455,63.55,21519
2026-02-27 15:00:00,63.555,63.66,63.495,63.495,45456
2026-02-27 15:05:00,63.51,63.61,63.42,63.545,27349
2026-02-27 15:10:00,63.555,63.81,63.53,63.81,20154
2026-02-27 15:15:00,63.82,63.855,63.76,63.85,24494
2026-02-27 15:20:00,63.84,63.98,63.815,63.965,39550
2026-02-27 15:25:00,63.96,64.0,63.91,63.91,31453
2026-02-27 15:30:00,63.935,64.03,63.87,64.01,29890
2026-02-27 15:35:00,64.03,64.16,63.99,64.16,21794
2026-02-27 15:40:00,64.19,64.26,64.16,64.235,17125
2026-02-27 15:45:00,64.245,64.25,64.16,64.195,19556
2026-02-27 15:50:00,64.18,64.215,64.0901,64.14,19356
2026-02-27 15:55:00,64.12,64.145,64.065,64.09,12832
2026-02-27 16:00:00,64.09,64.105,64.04,64.0548,15007
2026-02-27 16:05:00,64.06,64.095,64.04,64.08,10782
2026-02-27 16:10:00,64.08,64.08,63.97,64.01,14830
2026-02-27 16:15:00,63.99,64.035,63.95,64.035,15401
2026-02-27 16:20:00,64.06,64.15,64.05,64.05,26337
2026-02-27 16:25:00,64.05,64.38,64.05,64.36,17667
2026-02-27 16:30:00,64.35,64.37,64.21,64.295,18540
2026-02-27 16:35:00,64.295,64.3,64.155,64.19,19020
2026-02-27 16:40:00,64.2,64.23,64.14,64.17,26793
2026-02-27 16:45:00,64.205,64.23,64.14,64.22,9919
2026-02-27 16:50:00,64.22,64.32,64.22,64.32,14852
2026-02-27 16:55:00,64.32,64.32,64.16,64.185,17459
2026-02-27 17:00:00,64.21,64.235,64.18,64.23,9360
2026-02-27 17:05:00,64.225,64.28,64.225,64.275,12170
2026-02-27 17:10:00,64.29,64.35,64.29,64.34,8141
2026-02-27 17:15:00,64.34,64.34,64.2,64.21,9204
2026-02-27 17:20:00,64.23,64.25,64.19,64.22,10635
2026-02-27 17:25:00,64.22,64.25,64.215,64.23,8652
2026-02-27 17:30:00,64.25,64.28,64.23,64.28,8152
2026-02-27 17:35:00,64.26,64.37,64.26,64.37,10439
2026-02-27 17:40:00,64.36,64.47,64.36,64.38,41622
2026-02-27 17:45:00,64.38,64.49,64.37,64.455,16072
2026-02-27 17:50:00,64.489,64.56,64.44,64.5597,16131
2026-02-27 17:55:00,64.55,64.58,64.5,64.525,13074
2026-02-27 18:00:00,64.52,64.565,64.52,64.55,12754
2026-02-27 18:05:00,64.57,64.58,64.52,64.54,8313
2026-02-27 18:10:00,64.555,64.57,64.49,64.49,7637
2026-02-27 18:15:00,64.495,64.535,64.48,64.49,7924
2026-02-27 18:20:00,64.515,64.6,64.485,64.6,21429
2026-02-27 18:25:00,64.6,64.74,64.59,64.72,28961
2026-02-27 18:30:00,64.74,64.809,64.67,64.69,50902
2026-02-27 18:35:00,64.71,64.74,64.66,64.71,22857
2026-02-27 18:40:00,64.71,64.72,64.625,64.69,14885
2026-02-27 18:45:00,64.6744,64.73,64.635,64.685,11438
2026-02-27 18:50:00,64.7,64.73,64.68,64.73,3757
2026-02-27 18:55:00,64.69,64.715,64.65,64.66,18937
2026-02-27 19:00:00,64.685,64.83,64.59,64.825,56430
2026-02-27 19:05:00,64.85,64.88,64.74,64.75,16200
2026-02-27 19:10:00,64.74,64.75,64.7001,64.75,30077
2026-02-27 19:15:00,64.745,64.765,64.71,64.735,20247
2026-02-27 19:20:00,64.73,64.77,64.69,64.705,18811
2026-02-27 19:25:00,64.7,64.77,64.68,64.69,23682
2026-02-27 19:30:00,64.7,64.725,64.54,64.57,21257
2026-02-27 19:35:00,64.57,64.71,64.56,64.66,15412
2026-02-27 19:40:00,64.67,64.76,64.67,64.75,26869
2026-02-27 19:45:00,64.75,64.77,64.69,64.715,19001
2026-02-27 19:50:00,64.75,64.76,64.66,64.66,24833
2026-02-27 19:55:00,64.67,64.71,64.605,64.71,17592
2026-02-27 20:00:00,64.735,64.79,64.705,64.71,21125
2026-02-27 20:05:00,64.725,64.75,64.69,64.75,22447
2026-02-27 20:10:00,64.75,64.93,64.74,64.87,34720
2026-02-27 20:15:00,64.87,64.93,64.8225,64.88,19796
2026-02-27 20:20:00,64.885,64.92,64.85,64.87,26768
2026-02-27 20:25:00,64.88,64.93,64.85,64.87,28774
2026-02-27 20:30:00,64.88,64.88,64.79,64.807,39619
2026-02-27 20:35:00,64.795,64.815,64.74,64.77,54488
2026-02-27 20:40:00,64.78,64.84,64.77,64.83,49526
2026-02-27 20:45:00,64.83,64.84,64.7,64.79,68069
2026-02-27 20:50:00,64.82,64.88,64.67,64.685,69875
2026-02-27 20:55:00,64.69,64.99,64.68,64.97,233999
2026-03-02 14:30:00,64.75,64.85,64.25,64.34,37715
2026-03-02 14:35:00,64.3,64.38,64.1,64.27,18586
2026-03-02 14:40:00,64.23,64.535,64.22,64.505,15870
2026-03-02 14:45:00,64.58,64.679,64.51,64.679,21986
2026-03-02 14:50:00,64.68,64.68,64.51,64.585,19373
2026-03-02 14:55:00,64.62,64.68,64.41,64.68,19046
2026-03-02 15:00:00,64.59,64.77,64.5201,64.74,28476
2026-03-02 15:05:00,64.71,64.71,64.46,64.46,29971
2026-03-02 15:10:00,64.43,64.54,64.355,64.53,32465
2026-03-02 15:15:00,64.52,64.65,64.52,64.6,11632
2026-03-02 15:20:00,64.57,64.58,64.31,64.32,19620
2026-03-02 15:25:00,64.34,64.45,64.25,64.43,38575
2026-03-02 15:30:00,64.4,64.52,64.39,64.44,23139
2026-03-02 15:35:00,64.47,64.53,64.42,64.495,17983
2026-03-02 15:40:00,64.54,64.565,64.42,64.46,12136
2026-03-02 15:45:00,64.5,64.515,64.38,64.41,14949
2026-03-02 15:50:00,64.43,64.43,64.25,64.265,22170
2026-03-02 15:55:00,64.265,64.315,64.15,64.3,33406
2026-03-02 16:00:00,64.295,64.32,64.235,64.28,18382
2026-03-02 16:05:00,64.315,64.365,64.25,64.315,21037
2026-03-02 16:10:00,64.305,64.46,64.305,64.46,9972
2026-03-02 16:15:00,64.46,64.47,64.35,64.44,17337
2026-03-02 16:20:00,64.42,64.53,64.4,64.53,13438
2026-03-02 16:25:00,64.52,64.555,64.43,64.43,23688
2026-03-02 16:30:00,64.42,64.42,64.27,64.3,18959
2026-03-02 16:35:00,64.28,64.34,64.27,64.32,10044
2026-03-02 16:40:00,64.29,64.395,64.29,64.37,10126
2026-03-02 16:45:00,64.3401,64.43,64.315,64.36,10132
2026-03-02 16:50:00,64.37,64.39,64.31,64.31,10132
2026-03-02 16:55:00,64.32,64.3599,64.25,64.285,14440
2026-03-02 17:00:00,64.3,64.365,64.29,64.315,9468
2026-03-02 17:05:00,64.315,64.345,64.25,64.26,12699
2026-03-02 17:10:00,64.26,64.27,64.14,64.24,23100
2026-03-02 17:15:00,64.24,64.29,64.21,64.26,15700
2026-03-02 17:20:00,64.265,64.265,64.175,64.19,40578
2026-03-02 17:25:00,64.21,64.24,64.2,64.22,6605
2026-03-02 17:30:00,64.22,64.28,64.21,64.26,5475
2026-03-02 17:35:00,64.29,64.38,64.29,64.38,6898
2026-03-02 17:40:00,64.37,64.46,64.37,64.43,8578
2026-03-02 17:45:00,64.44,64.44,64.37,64.39,12783
2026-03-02 17:50:00,64.4,64.4031,64.36,64.4,6329
2026-03-02 17:55:00,64.41,64.41,64.33,64.36,8271
2026-03-02 18:00:00,64.37,64.4,64.36,64.37,6874
2026-03-02 18:05:00,64.375,64.39,64.29,64.32,11505
2026-03-02 18:10:00,64.34,64.34,64.2901,64.31,7888
2026-03-02 18:15:00,64.32,64.325,64.2,64.235,11578
2026-03-02 18:20:00,64.21,64.2299,64.18,64.195,8690
2026-03-02 18:25:00,64.195,64.255,64.195,64.25,13228
2026-03-02 18:30:00,64.25,64.25,64.15,64.19,8761
2026-03-02 18:35:00,64.195,64.2,64.12,64.135,40494
2026-03-02 18:40:00,64.135,64.135,64.05,64.05,36157
2026-03-02 18:45:00,64.065,64.07,64.01,64.07,21355
2026-03-02 18:50:00,64.08,64.08,64.0302,64.06,12718
2026-03-02 18:55:00,64.07,64.1,64.0,64.1,28722
2026-03-02 19:00:00,64.09,64.22,64.07,64.22,45274
2026-03-02 19:05:00,64.23,64.31,64.23,64.31,9141
2026-03-02 19:10:00,64.32,64.37,64.32,64.35,10962
2026-03-02 19:15:00,64.355,64.395,64.32,64.34,13322
2026-03-02 19:20:00,64.36,64.45,64.36,64.4,9627
2026-03-02 19:25:00,64.405,64.485,64.39,64.485,12260
2026-03-02 19:30:00,64.475,64.565,64.46,64.54,16021
2026-03-02 19:35:00,64.53,64.59,64.53,64.57,11674
2026-03-02 19:40:00,64.58,64.61,64.53,64.55,19555
2026-03-02 19:45:00,64.555,64.56,64.49,64.49,10869
2026-03-02 19:50:00,64.495,64.57,64.46,64.55,23760
2026-03-02 19:55:00,64.54,64.54,64.47,64.51,9913
2026-03-02 20:00:00,64.51,64.58,64.51,64.545,14778
2026-03-02 20:05:00,64.55,64.58,64.465,64.51,21855
2026-03-02 20:10:00,64.5,64.5,64.42,64.42,15100
2026-03-02 20:15:00,64.42,64.45,64.33,64.33,20161
2026-03-02 20:20:00,64.35,64.385,64.285,64.34,46036
2026-03-02 20:25:00,64.33,64.39,64.3,64.35,21153
2026-03-02 20:30:00,64.34,64.395,64.31,64.38,30866
2026-03-02 20:35:00,64.385,64.48,64.385,64.445,30765
2026-03-02 20:40:00,64.45,64.495,64.45,64.47,25900
2026-03-02 20:45:00,64.47,64.52,64.445,64.49,42471
2026-03-02 20:50:00,64.48,64.55,64.405,64.5,80362
2026-03-02 20:55:00,64.495,64.52,64.37,64.395,212558
2026-03-03 14:30:00,63.73,63.85,63.62,63.63,29696
2026-03-03 14:35:00,63.635,64.23,63.635,64.2,46564
2026-03-03 14:40:00,64.1856,64.26,63.81,63.81,27033
2026-03-03 14:45:00,63.81,63.9,63.68,63.69,40093
2026-03-03 14:50:00,63.72,63.92,63.65,63.69,31767
2026-03-03 14:55:00,63.61,63.66,63.365,63.54,8293
2026-03-03 15:00:00,63.51,63.56,63.29,63.31,38897
2026-03-03 15:05:00,63.32,63.32,62.96,62.96,15284
2026-03-03 15:10:00,63.07,63.32,63.07,63.26,45557
2026-03-03 15:15:00,63.26,63.26,63.09,63.1,11770
2026-03-03 15:20:00,63.1,63.3,63.03,63.295,12688
2026-03-03 15:25:00,63.295,63.38,63.23,63.38,19593
2026-03-03 15:30:00,63.36,63.54,63.36,63.435,38747
2026-03-03 15:35:00,63.47,63.58,63.47,63.56,10963
2026-03-03 15:40:00,63.55,63.63,63.48,63.5,11304
2026-03-03 15:45:00,63.55,63.61,63.5,63.585,15640
2026-03-03 15:50:00,63.6,63.77,63.565,63.71,12221
2026-03-03 15:55:00,63.76,63.785,63.68,63.695,18073
2026-03-03 16:00:00,63.715,63.82,63.7,63.7599,18963
2026-03-03 16:05:00,63.68,63.76,63.67,63.69,12689
2026-03-03 16:10:00,63.68,63.7,63.61,63.64,8298
2026-03-03 16:15:00,63.625,63.63,63.5331,63.6,28279
2026-03-03 16:20:00,63.54,63.64,63.53,63.62,37781
2026-03-03 16:25:00,63.61,63.64,63.5,63.54,24069
2026-03-03 16:30:00,63.53,63.62,63.375,63.44,39854
2026-03-03 16:35:00,63.43,63.53,63.43,63.485,17408
2026-03-03 16:40:00,63.49,63.62,63.49,63.605,9419
2026-03-03 16:45:00,63.6,63.6598,63.575,63.6598,8885
2026-03-03 16:50:00,63.64,63.8,63.64,63.68,51190
2026-03-03 16:55:00,63.685,63.72,63.66,63.66,8097
2026-03-03 17:00:00,63.69,63.76,63.665,63.665,15911
2026-03-03 17:05:00,63.69,63.72,63.66,63.68,12180
2026-03-03 17:10:00,63.67,63.76,63.67,63.6901,17661
2026-03-03 17:15:00,63.745,63.87,63.745,63.83,24260
2026-03-03 17:20:00,63.815,63.91,63.8101,63.91,10320
2026-03-03 17:25:00,63.88,63.97,63.84,63.93,14550
2026-03-03 17:30:00,63.88,63.88,63.83,63.845,4408
2026-03-03 17:35:00,63.82,63.87,63.785,63.79,5134
2026-03-03 17:40:00,63.82,63.94,63.82,63.94,7966
2026-03-03 17:45:00,63.95,64.03,63.85,63.995,24725
2026-03-03 17:50:00,64.02,64.1,63.96,64.02,47342
2026-03-03 17:55:00,64.03,64.1,64.03,64.08,7469
2026-03-03 18:00:00,64.11,64.17,64.09,64.17,10910
2026-03-03 18:05:00,64.17,64.22,64.135,64.165,9378
2026-03-03 18:10:00,64.22,64.23,64.15,64.1502,13500
2026-03-03 18:15:00,64.17,64.25,64.16,64.16,8005
2026-03-03 18:20:00,64.15,64.19,64.0962,64.18,12811
2026-03-03 18:25:00,64.2,64.23,64.18,64.23,9053
2026-03-03 18:30:00,64.215,64.28,64.215,64.25,11118
2026-03-03 18:35:00,64.28,64.37,64.28,64.37,10697
2026-03-03 18:40:00,64.4,64.43,64.36,64.415,10487
2026-03-03 18:45:00,64.41,64.42,64.32,64.39,16255
2026-03-03 18:50:00,64.4,64.48,64.38,64.48,10510
2026-03-03 18:55:00,64.49,64.53,64.48,64.51,18261
2026-03-03 19:00:00,64.53,64.53,64.44,64.48,18538
2026-03-03 19:05:00,64.47,64.48,64.39,64.45,11797
2026-03-03 19:10:00,64.44,64.48,64.43,64.44,13608
2026-03-03 19:15:00,64.45,64.5,64.42,64.485,11583
2026-03-03 19:20:00,64.5,64.52,64.42,64.42,11833
2026-03-03 19:25:00,64.46,64.48,64.42,64.425,13683
2026-03-03 19:30:00,64.41,64.41,63.96,64.345,386414
2026-03-03 19:35:00,64.33,64.33,63.97,64.2678,66447
2026-03-03 19:40:00,64.18,64.3,64.18,64.27,19006
2026-03-03 19:45:00,64.23,64.26,64.125,64.13,20359
2026-03-03 19:50:00,64.15,64.1675,63.75,63.75,92389
2026-03-03 19:55:00,63.755,63.79,63.46,63.72,175061
2026-03-03 20:00:00,63.71,63.82,63.68,63.71,25242
2026-03-03 20:05:00,63.685,63.77,63.5,63.5,35429
2026-03-03 20:10:00,63.5,63.56,63.43,63.45,41735
2026-03-03 20:15:00,63.45,63.53,63.41,63.46,40222
2026-03-03 20:20:00,63.48,63.51,63.405,63.415,29178
2026-03-03 20:25:00,63.4,63.48,63.3,63.415,60438
2026-03-03 20:30:00,63.43,63.49,63.42,63.43,29839
2026-03-03 20:35:00,63.415,63.475,63.41,63.43,34974
2026-03-03 20:40:00,63.43,63.435,63.34,63.355,46258
2026-03-03 20:45:00,63.35,63.355,63.18,63.19,50721
2026-03-03 20:50:00,63.2,63.22,63.01,63.17,98166
2026-03-03 20:55:00,63.18,63.207,62.94,62.98,279560
2026-03-04 14:30:00,63.43,63.43,62.87,63.0,31232
2026-03-04 14:35:00,63.0,63.0,62.32,62.55,17761
2026-03-04 14:40:00,62.6105,62.63,62.46,62.63,14535
2026-03-04 14:45:00,62.55,62.81,62.29,62.77,26401
2026-03-04 14:50:00,62.765,62.895,62.68,62.86,31732
2026-03-04 14:55:00,62.82,62.82,62.59,62.73,18935
2026-03-04 15:00:00,62.725,62.74,62.475,62.55,27396
2026-03-04 15:05:00,62.54,62.6011,62.4,62.56,17068
2026-03-04 15:10:00,62.61,62.735,62.61,62.67,14837
2026-03-04 15:15:00,62.63,62.79,62.58,62.78,14909
2026-03-04 15:20:00,62.765,62.8,62.665,62.665,14976
2026-03-04 15:25:00,62.6825,62.73,62.62,62.73,15116
2026-03-04 15:30:00,62.73,62.75,62.62,62.695,25985
2026-03-04 15:35:00,62.665,62.68,62.52,62.52,11846
2026-03-04 15:40:00,62.54,62.61,62.51,62.57,13408
2026-03-04 15:45:00,62.595,62.595,62.49,62.53,15170
2026-03-04 15:50:00,62.5,62.655,62.5,62.65,17396
2026-03-04 15:55:00,62.665,62.665,62.57,62.585,14589
2026-03-04 16:00:00,62.58,62.65,62.57,62.645,12578
2026-03-04 16:05:00,62.67,62.73,62.66,62.69,19803
2026-03-04 16:10:00,62.67,62.69,62.63,62.65,13236
2026-03-04 16:15:00,62.64,62.6852,62.6,62.62,16110
2026-03-04 16:20:00,62.62,62.645,62.58,62.645,15746
2026-03-04 16:25:00,62.66,62.67,62.56,62.61,16960
2026-03-04 16:30:00,62.62,62.69,62.59,62.66,7925
2026-03-04 16:35:00,62.665,62.825,62.63,62.81,19428
2026-03-04 16:40:00,62.84,62.86,62.76,62.78,11264
2026-03-04 16:45:00,62.79,62.79,62.69,62.73,12092
2026-03-04 16:50:00,62.72,62.72,62.61,62.63,11275
2026-03-04 16:55:00,62.64,62.665,62.57,62.63,9491
2026-03-04 17:00:00,62.635,62.7,62.6251,62.7,8367
2026-03-04 17:05:00,62.69,62.71,62.64,62.685,8755
2026-03-04 17:10:00,62.69,62.69,62.63,62.69,5769
2026-03-04 17:15:00,62.68,62.72,62.59,62.6,12250
2026-03-04 17:20:00,62.61,62.65,62.535,62.64,30466
2026-03-04 17:25:00,62.635,62.71,62.63,62.69,23577
2026-03-04 17:30:00,62.695,62.695,62.615,62.67,21277
2026-03-04 17:35:00,62.67,62.69,62.595,62.645,17853
2026-03-04 17:40:00,62.65,62.71,62.65,62.7,18505
2026-03-04 17:45:00,62.705,62.77,62.69,62.76,7781
2026-03-04 17:50:00,62.76,62.765,62.675,62.715,12218
2026-03-04 17:55:00,62.72,62.765,62.67,62.705,8560
2026-03-04 18:00:00,62.67,62.745,62.65,62.745,21168
2026-03-04 18:05:00,62.73,62.81,62.72,62.805,4679
2026-03-04 18:10:00,62.83,62.84,62.77,62.8,10597
2026-03-04 18:15:00,62.79,62.79,62.75,62.785,8264
2026-03-04 18:20:00,62.785,62.83,62.785,62.82,7701
2026-03-04 18:25:00,62.8,62.895,62.8,62.88,17381
2026-03-04 18:30:00,62.88,62.89,62.805,62.815,10269
2026-03-04 18:35:00,62.83,62.86,62.82,62.83,10141
2026-03-04 18:40:00,62.81,62.87,62.81,62.86,20237
2026-03-04 18:45:00,62.86,62.915,62.85,62.915,10409
2026-03-04 18:50:00,62.91,62.92,62.88,62.905,8826
2026-03-04 18:55:00,62.9,62.9,62.805,62.82,12072
2026-03-04 19:00:00,62.8,62.82,62.78,62.82,8586
2026-03-04 19:05:00,62.81,62.855,62.79,62.84,10802
2026-03-04 19:10:00,62.85,62.91,62.82,62.91,7501
2026-03-04 19:15:00,62.905,63.01,62.9,62.995,26633
2026-03-04 19:20:00,62.99,63.01,62.98,63.0,8478
2026-03-04 19:25:00,63.01,63.0551,62.995,63.0202,14790
2026-03-04 19:30:00,63.0201,63.155,63.02,63.11,20816
2026-03-04 19:35:00,63.095,63.125,63.08,63.125,9763
2026-03-04 19:40:00,63.13,63.17,63.1,63.165,21224
2026-03-04 19:45:00,63.18,63.18,63.04,63.07,14662
2026-03-04 19:50:00,63.07,63.115,63.07,63.095,5574
2026-03-04 19:55:00,63.095,63.12,62.99,63.01,12357
2026-03-04 20:00:00,63.02,63.085,63.02,63.055,8359
2026-03-04 20:05:00,63.05,63.08,63.01,63.025,11885
2026-03-04 20:10:00,63.025,63.04,63.0,63.03,10434
2026-03-04 20:15:00,63.03,63.04,63.02,63.035,10968
2026-03-04 20:20:00,63.05,63.11,63.03,63.11,17298
2026-03-04 20:25:00,63.12,63.145,63.07,63.1,23588
2026-03-04 20:30:00,63.12,63.17,63.1,63.12,27536
2026-03-04 20:35:00,63.13,63.15,63.1,63.1,25551
2026-03-04 20:40:00,63.1,63.17,63.1,63.13,46089
2026-03-04 20:45:00,63.12,63.14,62.99,63.015,49320
2026-03-04 20:50:00,63.02,63.03,62.9,62.97,73338
2026-03-04 20:55:00,62.97,63.015,62.9,62.915,199365
2026-03-05 14:30:00,62.56,62.565,62.26,62.39,40431
2026-03-05 14:35:00,62.41,62.41,62.05,62.14,20471
2026-03-05 14:40:00,62.145,62.22,62.065,62.1625,12821
2026-03-05 14:45:00,62.125,62.185,62.08,62.18,12636
2026-03-05 14:50:00,62.17,62.245,62.07,62.14,22640
2026-03-05 14:55:00,62.105,62.26,62.105,62.26,15423
2026-03-05 15:00:00,62.255,62.33,62.13,62.3,35270
2026-03-05 15:05:00,62.3,62.305,62.15,62.17,17710
2026-03-05 15:10:00,62.2,62.26,61.9,61.94,15324
2026-03-05 15:15:00,61.94,61.945,61.75,61.82,19128
2026-03-05 15:20:00,61.825,61.955,61.825,61.925,19218
2026-03-05 15:25:00,61.93,62.25,61.93,62.19,21503
2026-03-05 15:30:00,62.19,62.19,62.0001,62.15,21205
2026-03-05 15:35:00,62.205,62.41,62.19,62.345,23732
2026-03-05 15:40:00,62.335,62.34,62.19,62.23,19464
2026-03-05 15:45:00,62.23,62.345,62.21,62.29,16917
2026-03-05 15:50:00,62.28,62.385,62.2366,62.32,16225
2026-03-05 15:55:00,62.32,62.3216,62.16,62.21,14456
2026-03-05 16:00:00,62.24,62.27,62.15,62.185,11933
2026-03-05 16:05:00,62.14,62.17,62.095,62.15,13725
2026-03-05 16:10:00,62.14,62.14,61.955,61.97,19673
2026-03-05 16:15:00,61.9701,62.135,61.97,62.135,14753
2026-03-05 16:20:00,62.155,62.21,62.115,62.19,13506
2026-03-05 16:25:00,62.175,62.21,62.1425,62.18,12043
2026-03-05 16:30:00,62.15,62.265,62.09,62.1,17828
2026-03-05 16:35:00,62.11,62.15,62.05,62.07,14320
2026-03-05 16:40:00,62.08,62.165,62.08,62.165,13442
2026-03-05 16:45:00,62.165,62.245,62.155,62.24,25062
2026-03-05 16:50:00,62.25,62.25,62.16,62.22,12383
2026-03-05 16:55:00,62.22,62.275,62.2,62.23,11514
2026-03-05 17:00:00,62.22,62.28,62.18,62.205,12622
2026-03-05 17:05:00,62.205,62.23,62.16,62.21,10346
2026-03-05 17:10:00,62.19,62.19,62.11,62.15,13710
2026-03-05 17:15:00,62.15,62.275,62.15,62.265,32631
2026-03-05 17:20:00,62.27,62.28,62.22,62.225,14992
2026-03-05 17:25:00,62.22,62.24,62.155,62.23,13901
2026-03-05 17:30:00,62.22,62.31,62.21,62.25,12196
2026-03-05 17:35:00,62.23,62.27,62.19,62.2201,20790
2026-03-05 17:40:00,62.25,62.28,62.155,62.19,15058
2026-03-05 17:45:00,62.195,62.21,62.1,62.185,15231
2026-03-05 17:50:00,62.175,62.28,62.17,62.26,11787
2026-03-05 17:55:00,62.27,62.29,62.19,62.21,12976
2026-03-05 18:00:00,62.24,62.24,62.16,62.195,9394
2026-03-05 18:05:00,62.2,62.25,62.12,62.17,12500
2026-03-05 18:10:00,62.16,62.235,62.15,62.185,15015
2026-03-05 18:15:00,62.17,62.185,62.135,62.135,12305
2026-03-05 18:20:00,62.13,62.18,62.065,62.065,13883
2026-03-05 18:25:00,62.06,62.15,62.06,62.13,14340
2026-03-05 18:30:00,62.135,62.14,61.96,61.985,19245
2026-03-05 18:35:00,62.0,62.105,61.99,62.105,10709
2026-03-05 18:40:00,62.105,62.29,62.1,62.26,13309
2026-03-05 18:45:00,62.25,62.29,62.17,62.2,14812
2026-03-05 18:50:00,62.17,62.17,62.08,62.1,12956
2026-03-05 18:55:00,62.115,62.15,62.07,62.09,15378
2026-03-05 19:00:00,62.09,62.09,62.0,62.01,13810
2026-03-05 19:05:00,62.0,62.07,61.965,61.98,19566
2026-03-05 19:10:00,61.99,62.04,61.975,61.975,23911
2026-03-05 19:15:00,61.96,61.96,61.825,61.84,17761
2026-03-05 19:20:00,61.87,61.9,61.8,61.84,20068
2026-03-05 19:25:00,61.835,61.85,61.735,61.75,16472
2026-03-05 19:30:00,61.735,61.81,61.71,61.77,22189
2026-03-05 19:35:00,61.78,61.7825,61.715,61.74,14326
2026-03-05 19:40:00,61.74,61.775,61.7283,61.745,17576
2026-03-05 19:45:00,61.745,61.84,61.745,61.82,23789
2026-03-05 19:50:00,61.82,61.96,61.815,61.945,18556
2026-03-05 19:55:00,61.94,62.0,61.925,61.95,22721
2026-03-05 20:00:00,61.98,62.005,61.93,61.985,26585
2026-03-05 20:05:00,61.99,62.085,61.97,62.05,23786
2026-03-05 20:10:00,62.06,62.09,62.01,62.08,18227
2026-03-05 20:15:00,62.08,62.13,61.98,62.11,23785
2026-03-05 20:20:00,62.105,62.155,62.08,62.12,24790
2026-03-05 20:25:00,62.14,62.19,62.1,62.14,21624
2026-03-05 20:30:00,62.135,62.19,62.11,62.18,27147
2026-03-05 20:35:00,62.17,62.205,62.14,62.185,30503
2026-03-05 20:40:00,62.185,62.24,62.16,62.23,40079
2026-03-05 20:45:00,62.23,62.26,62.184,62.235,53030
2026-03-05 20:50:00,62.24,62.275,62.18,62.23,85775
2026-03-05 20:55:00,62.24,62.24,62.02,62.07,287591
2026-03-06 14:30:00,61.51,61.8667,61.51,61.73,195661
2026-03-06 14:35:00,61.72,61.75,61.46,61.65,19349
2026-03-06 14:40:00,61.605,61.605,61.22,61.25,13005
2026-03-06 14:45:00,61.22,61.41,61.15,61.385,12714
2026-03-06 14:50:00,61.45,61.5909,61.37,61.38,23081
2026-03-06 14:55:00,61.37,61.52,61.36,61.42,13595
2026-03-06 15:00:00,61.44,61.52,61.15,61.15,32677
2026-03-06 15:05:00,61.155,61.155,61.02,61.065,29004
2026-03-06 15:10:00,61.06,61.115,61.01,61.045,18057
2026-03-06 15:15:00,61.045,61.21,61.045,61.08,20609
2026-03-06 15:20:00,61.09,61.28,61.07,61.16,21817
2026-03-06 15:25:00,61.145,61.22,61.14,61.22,21907
2026-03-06 15:30:00,61.21,61.3186,61.15,61.265,19331
2026-03-06 15:35:00,61.265,61.3442,61.25,61.27,15793
2026-03-06 15:40:00,61.31,61.455,61.28,61.35,24118
2026-03-06 15:45:00,61.37,61.38,61.275,61.28,14829
2026-03-06 15:50:00,61.27,61.33,61.165,61.23,17155
2026-03-06 15:55:00,61.27,61.35,61.245,61.345,12715
2026-03-06 16:00:00,61.355,61.445,61.27,61.445,20824
2026-03-06 16:05:00,61.445,61.46,61.315,61.335,19086
2026-03-06 16:10:00,61.35,61.4,61.3256,61.35,11345
2026-03-06 16:15:00,61.38,61.49,61.37,61.45,14765
2026-03-06 16:20:00,61.46,61.57,61.37,61.55,22292
2026-03-06 16:25:00,61.54,61.54,61.43,61.45,13462
2026-03-06 16:30:00,61.45,61.49,61.335,61.355,11179
2026-03-06 16:35:00,61.355,61.465,61.355,61.46,13372
2026-03-06 16:40:00,61.465,61.465,61.36,61.3602,14434
2026-03-06 16:45:00,61.35,61.3797,61.3,61.315,16250
2026-03-06 16:50:00,61.33,61.38,61.28,61.28,13310
2026-03-06 16:55:00,61.275,61.28,61.2,61.2,10102
2026-03-06 17:00:00,61.19,61.23,61.14,61.2,11180
2026-03-06 17:05:00,61.18,61.27,61.07,61.075,28257
2026-03-06 17:10:00,61.08,61.14,61.04,61.06,14774
2026-03-06 17:15:00,61.06,61.09,60.99,61.09,39138
2026-03-06 17:20:00,61.09,61.15,61.09,61.09,21662
2026-03-06 17:25:00,61.08,61.08,60.98,60.995,15843
2026-03-06 17:30:00,60.995,61.15,60.995,61.15,13716
2026-03-06 17:35:00,61.135,61.135,61.04,61.07,14639
2026-03-06 17:40:00,61.09,61.1,60.98,61.02,13715
2026-03-06 17:45:00,61.02,61.07,61.02,61.07,12823
2026-03-06 17:50:00,61.07,61.125,61.06,61.09,18242
2026-03-06 17:55:00,61.085,61.15,61.085,61.11,11752
2026-03-06 18:00:00,61.13,61.23,61.13,61.22,8197
2026-03-06 18:05:00,61.22,61.27,61.19,61.19,11119
2026-03-06 18:10:00,61.2,61.3489,61.2,61.3,13203
2026-03-06 18:15:00,61.3,61.385,61.3,61.385,13796
2026-03-06 18:20:00,61.371,61.415,61.34,61.34,14977
2026-03-06 18:25:00,61.33,61.335,61.29,61.305,12520
2026-03-06 18:30:00,61.3,61.3544,61.29,61.33,15191
2026-03-06 18:35:00,61.32,61.355,61.301,61.35,14175
2026-03-06 18:40:00,61.35,61.35,61.255,61.28,9935
2026-03-06 18:45:00,61.29,61.31,61.235,61.27,14723
2026-03-06 18:50:00,61.28,61.32,61.235,61.305,13654
2026-03-06 18:55:00,61.3,61.35,61.285,61.285,14649
2026-03-06 19:00:00,61.29,61.34,61.23,61.245,20341
2026-03-06 19:05:00,61.23,61.29,61.23,61.285,15516
2026-03-06 19:10:00,61.27,61.34,61.26,61.31,18232
2026-03-06 19:15:00,61.31,61.375,61.28,61.365,15882
2026-03-06 19:20:00,61.3678,61.455,61.3601,61.43,21632
2026-03-06 19:25:00,61.43,61.56,61.4,61.52,25088
2026-03-06 19:30:00,61.52,61.525,61.47,61.5,13747
2026-03-06 19:35:00,61.495,61.52,61.485,61.52,16949
2026-03-06 19:40:00,61.52,61.58,61.52,61.53,15122
2026-03-06 19:45:00,61.54,61.54,61.455,61.47,18381
2026-03-06 19:50:00,61.46,61.465,61.4,61.46,16761
2026-03-06 19:55:00,61.47,61.5,61.45,61.465,17753
2026-03-06 20:00:00,61.465,61.565,61.465,61.56,19361
2026-03-06 20:05:00,61.57,61.63,61.54,61.58,29350
2026-03-06 20:10:00,61.58,61.64,61.56,61.56,28410
2026-03-06 20:15:00,61.56,61.6,61.55,61.565,28039
2026-03-06 20:20:00,61.57,61.63,61.56,61.615,24346
2026-03-06 20:25:00,61.615,61.71,61.61,61.69,38829
2026-03-06 20:30:00,61.69,61.69,61.63,61.685,37630
2026-03-06 20:35:00,61.685,61.7,61.625,61.67,49700
2026-03-06 20:40:00,61.675,61.72,61.655,61.67,42516
2026-03-06 20:45:00,61.67,61.72,61.45,61.455,61603
2026-03-06 20:50:00,61.46,61.53,61.27,61.515,126325
2026-03-06 20:55:00,61.51,61.52,61.39,61.42,317482
2026-03-09 13:30:00,60.74,60.87,59.78,59.985,365738
2026-03-09 13:35:00,59.99,60.21,59.975,60.07,21529
2026-03-09 13:40:00,60.1367,60.35,60.06,60.33,21261
2026-03-09 13:45:00,60.19,60.24,60.07,60.2,30634
