timestamp,Open,High,Low,Close,Volume
2026-01-08 14:30:00,56.95000076293945,57.41999816894531,56.68999862670898,57.40499877929688,116159
2026-01-08 14:35:00,57.5,57.5,57.04999923706055,57.1150016784668,94311
2026-01-08 14:40:00,57.125,57.45000076293945,57.02999877929688,57.45000076293945,217425
2026-01-08 14:45:00,57.44499969482422,57.44499969482422,57.02999877929688,57.24755096435547,81905
2026-01-08 14:50:00,57.21500015258789,57.33000183105469,57.070098876953125,57.29999923706055,51875
2026-01-08 14:55:00,57.29999923706055,57.709999084472656,57.26499938964844,57.4900016784668,240938
2026-01-08 15:00:00,57.5099983215332,57.59999847412109,57.45000076293945,57.52000045776367,48084
2026-01-08 15:05:00,57.52000045776367,57.665000915527344,57.5,57.52999877929688,32509
2026-01-08 15:10:00,57.52999877929688,57.630001068115234,57.5,57.59099960327149,34760
2026-01-08 15:15:00,57.54999923706055,57.65499877929688,57.400001525878906,57.45500183105469,21546
2026-01-08 15:20:00,57.45000076293945,57.45000076293945,57.27000045776367,57.29999923706055,29493
2026-01-08 15:25:00,57.34000015258789,57.47999954223633,57.34000015258789,57.369998931884766,33267
2026-01-08 15:30:00,57.34000015258789,57.43999862670898,57.29499816894531,57.415000915527344,25998
2026-01-08 15:35:00,57.43999862670898,57.63999938964844,57.380001068115234,57.63999938964844,33133
2026-01-08 15:40:00,57.63999938964844,57.63999938964844,57.459999084472656,57.47999954223633,33098
2026-01-08 15:45:00,57.47999954223633,57.584999084472656,57.47999954223633,57.4900016784668,20682
2026-01-08 15:50:00,57.47499847412109,57.5099983215332,57.31999969482422,57.33000183105469,26753
2026-01-08 15:55:00,57.32500076293945,57.38999938964844,57.28499984741211,57.34999847412109,26170
2026-01-08 16:00:00,57.3650016784668,57.43000030517578,57.36000061035156,57.38999938964844,22123
2026-01-08 16:05:00,57.380001068115234,57.5,57.33000183105469,57.45500183105469,38761
2026-01-08 16:10:00,57.45500183105469,57.52999877929688,57.43999862670898,57.46009826660156,27046
2026-01-08 16:15:00,57.47499847412109,57.4900016784668,57.407501220703125,57.43999862670898,24746
2026-01-08 16:20:00,57.45000076293945,57.45000076293945,57.29499816894531,57.30500030517578,26413
2026-01-08 16:25:00,57.310001373291016,57.43999862670898,57.290000915527344,57.400001525878906,86833
2026-01-08 16:30:00,57.40999984741211,57.5099983215332,57.35749816894531,57.36000061035156,36103
2026-01-08 16:35:00,57.380001068115234,57.56999969482422,57.36000061035156,57.56999969482422,35095
2026-01-08 16:40:00,57.57500076293945,57.67179870605469,57.53499984741211,57.56999969482422,22361
2026-01-08 16:45:00,57.584999084472656,57.650001525878906,57.56999969482422,57.63999938964844,15574
2026-01-08 16:50:00,57.619998931884766,57.66999816894531,57.59999847412109,57.619998931884766,16016
2026-01-08 16:55:00,57.619998931884766,57.70000076293945,57.61000061035156,57.68999862670898,13844
2026-01-08 17:00:00,57.69499969482422,57.709999084472656,57.60499954223633,57.70000076293945,20071
2026-01-08 17:05:00,57.70000076293945,57.72999954223633,57.650001525878906,57.650001525878906,16326
2026-01-08 17:10:00,57.650001525878906,57.65999984741211,57.47999954223633,57.47999954223633,15558
2026-01-08 17:15:00,57.470001220703125,57.525001525878906,57.45000076293945,57.47999954223633,17811
2026-01-08 17:20:00,57.47999954223633,57.52000045776367,57.36000061035156,57.52000045776367,27881
2026-01-08 17:25:00,57.51499938964844,57.66999816894531,57.51499938964844,57.61000061035156,26528
2026-01-08 17:30:00,57.619998931884766,57.7599983215332,57.59999847412109,57.709999084472656,21576
2026-01-08 17:35:00,57.70000076293945,57.7599983215332,57.68999862670898,57.7599983215332,9799
2026-01-08 17:40:00,57.77000045776367,57.81999969482422,57.7400016784668,57.81999969482422,18054
2026-01-08 17:45:00,57.79999923706055,57.84000015258789,57.75,57.75,12841
2026-01-08 17:50:00,57.73500061035156,57.7400016784668,57.70000076293945,57.720001220703125,9577
2026-01-08 17:55:00,57.709999084472656,57.84999847412109,57.709999084472656,57.810001373291016,28633
2026-01-08 18:00:00,57.810001373291016,57.915000915527344,57.810001373291016,57.88999938964844,17815
2026-01-08 18:05:00,57.88999938964844,57.89500045776367,57.81999969482422,57.82500076293945,16105
2026-01-08 18:10:00,57.82500076293945,57.84000015258789,57.810001373291016,57.81999969482422,8449
2026-01-08 18:15:00,57.81999969482422,57.86000061035156,57.81420135498047,57.85499954223633,12933
2026-01-08 18:20:00,57.84000015258789,57.86000061035156,57.810001373291016,57.82500076293945,23087
2026-01-08 18:25:00,57.82799911499024,57.84999847412109,57.79999923706055,57.820098876953125,12633
2026-01-08 18:30:00,57.834999084472656,57.915000915527344,57.81999969482422,57.87459945678711,15949
2026-01-08 18:35:00,57.880001068115234,57.880001068115234,57.80500030517578,57.83000183105469,9975
2026-01-08 18:40:00,57.83000183105469,57.880001068115234,57.810001373291016,57.880001068115234,11470
2026-01-08 18:45:00,57.8849983215332,57.91999816894531,57.87749862670898,57.90999984741211,12304
2026-01-08 18:50:00,57.90499877929688,57.90999984741211,57.709999084472656,57.7599983215332,40787
2026-01-08 18:55:00,57.755001068115234,57.77000045776367,57.72999954223633,57.72999954223633,24287
2026-01-08 19:00:00,57.72999954223633,57.75,57.63999938964844,57.68000030517578,75877
2026-01-08 19:05:00,57.68999862670898,57.70000076293945,57.59999847412109,57.63999938964844,13204
2026-01-08 19:10:00,57.6349983215332,57.69499969482422,57.630001068115234,57.630001068115234,11869
2026-01-08 19:15:00,57.630001068115234,57.64500045776367,57.560001373291016,57.61000061035156,49943
2026-01-08 19:20:00,57.619998931884766,57.66999816894531,57.61000061035156,57.630001068115234,33742
2026-01-08 19:25:00,57.6349983215332,57.68000030517578,57.6349983215332,57.68000030517578,17259
2026-01-08 19:30:00,57.68999862670898,57.70500183105469,57.66999816894531,57.70500183105469,12039
2026-01-08 19:35:00,57.70500183105469,57.75,57.70500183105469,57.72499847412109,10679
2026-01-08 19:40:00,57.720001220703125,57.720001220703125,57.619998931884766,57.6349983215332,26904
2026-01-08 19:45:00,57.630001068115234,57.68000030517578,57.59999847412109,57.68000030517578,22768
2026-01-08 19:50:00,57.68000030517578,57.68999862670898,57.630001068115234,57.630001068115234,13580
2026-01-08 19:55:00,57.630001068115234,57.70000076293945,57.6150016784668,57.70000076293945,12146
2026-01-08 20:00:00,57.68999862670898,57.74100112915039,57.63999938964844,57.63999938964844,22273
2026-01-08 20:05:00,57.63999938964844,57.68000030517578,57.58000183105469,57.59000015258789,46224
2026-01-08 20:10:00,57.59000015258789,57.59999847412109,57.494998931884766,57.494998931884766,15501
2026-01-08 20:15:00,57.494998931884766,57.52999877929688,57.45000076293945,57.47999954223633,18479
2026-01-08 20:20:00,57.470001220703125,57.47129821777344,57.32500076293945,57.34000015258789,33597
2026-01-08 20:25:00,57.34000015258789,57.415000915527344,57.31999969482422,57.31999969482422,19993
2026-01-08 20:30:00,57.34000015258789,57.369998931884766,57.310001373291016,57.34999847412109,29474
2026-01-08 20:35:00,57.34999847412109,57.380001068115234,57.31499862670898,57.31499862670898,51639
2026-01-08 20:40:00,57.310001373291016,57.36000061035156,57.290000915527344,57.34000015258789,43269
2026-01-08 20:45:00,57.33000183105469,57.40999984741211,57.310001373291016,57.400001525878906,60171
2026-01-08 20:50:00,57.400001525878906,57.45000076293945,57.400001525878906,57.43999862670898,74046
2026-01-08 20:55:00,57.41999816894531,57.42499923706055,57.34999847412109,57.369998931884766,205971
2026-01-09 14:30:00,57.459999084472656,57.58000183105469,57.36000061035156,57.380001068115234,20936
2026-01-09 14:35:00,57.34000015258789,57.42499923706055,57.29999923706055,57.29999923706055,13826
2026-01-09 14:40:00,57.34590148925781,57.34590148925781,57.150001525878906,57.15499877929688,8415
2026-01-09 14:45:00,57.15499877929688,57.2599983215332,57.02999877929688,57.18000030517578,16677
2026-01-09 14:50:00,57.15999984741211,57.22999954223633,57.060001373291016,57.130001068115234,21323
2026-01-09 14:55:00,57.150001525878906,57.27999877929688,57.125,57.27999877929688,11809
2026-01-09 15:00:00,57.290000915527344,57.35499954223633,57.220001220703125,57.290000915527344,23553
2026-01-09 15:05:00,57.290000915527344,57.43000030517578,57.2599983215332,57.369998931884766,29157
2026-01-09 15:10:00,57.369998931884766,57.38999938964844,57.33000183105469,57.36000061035156,13346
2026-01-09 15:15:00,57.369998931884766,57.380001068115234,57.31010055541992,57.334999084472656,22477
2026-01-09 15:20:00,57.334999084472656,57.40999984741211,57.334999084472656,57.3849983215332,12413
2026-01-09 15:25:00,57.380001068115234,57.400001525878906,57.290000915527344,57.290000915527344,14293
2026-01-09 15:30:00,57.29999923706055,57.31999969482422,57.19499969482422,57.19499969482422,10609
2026-01-09 15:35:00,57.209999084472656,57.30830001831055,57.209999084472656,57.30830001831055,9709
2026-01-09 15:40:00,57.290000915527344,57.310001373291016,57.27000045776367,57.275001525878906,7129
2026-01-09 15:45:00,57.27999877929688,57.345001220703125,57.27000045776367,57.345001220703125,8132
2026-01-09 15:50:00,57.31999969482422,57.33000183105469,57.25,57.275001525878906,9916
2026-01-09 15:55:00,57.275001525878906,57.400001525878906,57.275001525878906,57.31999969482422,12483
2026-01-09 16:00:00,57.31999969482422,57.33000183105469,57.2599983215332,57.31999969482422,10458
2026-01-09 16:05:00,57.31999969482422,57.3650016784668,57.31999969482422,57.36000061035156,8267
2026-01-09 16:10:00,57.38999938964844,57.40999984741211,57.36000061035156,57.375,7408
2026-01-09 16:15:00,57.38999938964844,57.41899871826172,57.36000061035156,57.40999984741211,9752
2026-01-09 16:20:00,57.41999816894531,57.479000091552734,57.41999816894531,57.479000091552734,14279
2026-01-09 16:25:00,57.470001220703125,57.470001220703125,57.40999984741211,57.43999862670898,24258
2026-01-09 16:30:00,57.45000076293945,57.5,57.43999862670898,57.47999954223633,12911
2026-01-09 16:35:00,57.5,57.52999877929688,57.495601654052734,57.52000045776367,11887
2026-01-09 16:40:00,57.5099983215332,57.5099983215332,57.400001525878906,57.45000076293945,119990
2026-01-09 16:45:00,57.43999862670898,57.499000549316406,57.38999938964844,57.48500061035156,6542
2026-01-09 16:50:00,57.48619842529297,57.505001068115234,57.40999984741211,57.40999984741211,9265
2026-01-09 16:55:00,57.40999984741211,57.5,57.400001525878906,57.5,7960
2026-01-09 17:00:00,57.52000045776367,57.57899856567383,57.52000045776367,57.55009841918945,9879
2026-01-09 17:05:00,57.56999969482422,57.59000015258789,57.52999877929688,57.55500030517578,8590
2026-01-09 17:10:00,57.55500030517578,57.560001373291016,57.5099983215332,57.54999923706055,13825
2026-01-09 17:15:00,57.560001373291016,57.56999969482422,57.470001220703125,57.470001220703125,15784
2026-01-09 17:20:00,57.459999084472656,57.54999923706055,57.459999084472656,57.540000915527344,16787
2026-01-09 17:25:00,57.54999923706055,57.54999923706055,57.4900016784668,57.5,21118
2026-01-09 17:30:00,57.5,57.52000045776367,57.43000030517578,57.43000030517578,11926
2026-01-09 17:35:00,57.41999816894531,57.470001220703125,57.3849983215332,57.43999862670898,10666
2026-01-09 17:40:00,57.43000030517578,57.47499847412109,57.43000030517578,57.47499847412109,5562
2026-01-09 17:45:00,57.47499847412109,57.560001373291016,57.459999084472656,57.5,33037
2026-01-09 17:50:00,57.5,57.59999847412109,57.494998931884766,57.59999847412109,12013
2026-01-09 17:55:00,57.58000183105469,57.58000183105469,57.54499816894531,57.58000183105469,11798
2026-01-09 18:00:00,57.560001373291016,57.59999847412109,57.560001373291016,57.59000015258789,11476
2026-01-09 18:05:00,57.59000015258789,57.67499923706055,57.59000015258789,57.63999938964844,31083
2026-01-09 18:10:00,57.63999938964844,57.63999938964844,57.59999847412109,57.619998931884766,15436
2026-01-09 18:15:00,57.59999847412109,57.72999954223633,57.59999847412109,57.72999954223633,10189
2026-01-09 18:20:00,57.7599983215332,57.7599983215332,57.68999862670898,57.709999084472656,13049
2026-01-09 18:25:00,57.709999084472656,57.86000061035156,57.709999084472656,57.8306999206543,26928
2026-01-09 18:30:00,57.82500076293945,57.82500076293945,57.7400016784668,57.76499938964844,10899
2026-01-09 18:35:00,57.7599983215332,57.77000045776367,57.7400016784668,57.77000045776367,10777
2026-01-09 18:40:00,57.7599983215332,57.84999847412109,57.7599983215332,57.81999969482422,14090
2026-01-09 18:45:00,57.81999969482422,57.84000015258789,57.76499938964844,57.834999084472656,14061
2026-01-09 18:50:00,57.82500076293945,57.84000015258789,57.790000915527344,57.790000915527344,13109
2026-01-09 18:55:00,57.77999877929688,57.790000915527344,57.709999084472656,57.709999084472656,33546
2026-01-09 19:00:00,57.709999084472656,57.73500061035156,57.67499923706055,57.68000030517578,18638
2026-01-09 19:05:00,57.68000030517578,57.7599983215332,57.63999938964844,57.720001220703125,51519
2026-01-09 19:10:00,57.720001220703125,57.7400016784668,57.65499877929688,57.65499877929688,14574
2026-01-09 19:15:00,57.65499877929688,57.709999084472656,57.64500045776367,57.64500045776367,11263
2026-01-09 19:20:00,57.64500045776367,57.709999084472656,57.64500045776367,57.709999084472656,13545
2026-01-09 19:25:00,57.70000076293945,57.72499847412109,57.68000030517578,57.72499847412109,14653
2026-01-09 19:30:00,57.72999954223633,57.76499938964844,57.720001220703125,57.720001220703125,14642
2026-01-09 19:35:00,57.709999084472656,57.75,57.66999816894531,57.71500015258789,38766
2026-01-09 19:40:00,57.71139907836914,57.72999954223633,57.685001373291016,57.68999862670898,19615
2026-01-09 19:45:00,57.709999084472656,57.72999954223633,57.68999862670898,57.690799713134766,14634
2026-01-09 19:50:00,57.70000076293945,57.7400016784668,57.70000076293945,57.72499847412109,17498
2026-01-09 19:55:00,57.7400016784668,57.7400016784668,57.676300048828125,57.7400016784668,24679
2026-01-09 20:00:00,57.7400016784668,57.810001373291016,57.71500015258789,57.79999923706055,21741
2026-01-09 20:05:00,57.79999923706055,57.81999969482422,57.72499847412109,57.72499847412109,24271
2026-01-09 20:10:00,57.72999954223633,57.7400016784668,57.70000076293945,57.72999954223633,22103
2026-01-09 20:15:00,57.7400016784668,57.810001373291016,57.72499847412109,57.790000915527344,17921
2026-01-09 20:20:00,57.79999923706055,57.83000183105469,57.7400016784668,57.83000183105469,54170
2026-01-09 20:25:00,57.83000183105469,57.900001525878906,57.83000183105469,57.89500045776367,21295
2026-01-09 20:30:00,57.89500045776367,57.93999862670898,57.8849983215332,57.90999984741211,37056
2026-01-09 20:35:00,57.90999984741211,57.91999816894531,57.85499954223633,57.86000061035156,34667
2026-01-09 20:40:00,57.86000061035156,57.92499923706055,57.84000015258789,57.88999938964844,86659
2026-01-09 20:45:00,57.89500045776367,57.90999984741211,57.869998931884766,57.90499877929688,55156
2026-01-09 20:50:00,57.90499877929688,58.09000015258789,57.90499877929688,58.09000015258789,107332
2026-01-09 20:55:00,58.09000015258789,58.09000015258789,58.0099983215332,58.02999877929688,257039
2026-01-12 14:30:00,58.16999816894531,58.32500076293945,58.04499816894531,58.04499816894531,50633
2026-01-12 14:35:00,57.98500061035156,58.040000915527344,57.81999969482422,58.01499938964844,20876
2026-01-12 14:40:00,58.044898986816406,58.36000061035156,58.044898986816406,58.36000061035156,14063
2026-01-12 14:45:00,58.369998931884766,58.59999847412109,58.369998931884766,58.59999847412109,18847
2026-01-12 14:50:00,58.57749938964844,58.650001525878906,58.57749938964844,58.61000061035156,10869
2026-01-12 14:55:00,58.61000061035156,58.65999984741211,58.54999923706055,58.59999847412109,28846
2026-01-12 15:00:00,58.59999847412109,58.70000076293945,58.45500183105469,58.630001068115234,22044
2026-01-12 15:05:00,58.619998931884766,58.619998931884766,58.54999923706055,58.560001373291016,13014
2026-01-12 15:10:00,58.58000183105469,58.58639907836914,58.4900016784668,58.52000045776367,26946
2026-01-12 15:15:00,58.52000045776367,58.54999923706055,58.33000183105469,58.45000076293945,23367
2026-01-12 15:20:00,58.45000076293945,58.58000183105469,58.435001373291016,58.560001373291016,21689
2026-01-12 15:25:00,58.56999969482422,58.61000061035156,58.459999084472656,58.505001068115234,33860
2026-01-12 15:30:00,58.52000045776367,58.630001068115234,58.52000045776367,58.58000183105469,24902
2026-01-12 15:35:00,58.59000015258789,58.69499969482422,58.59000015258789,58.63999938964844,25573
2026-01-12 15:40:00,58.650001525878906,58.70000076293945,58.61000061035156,58.61000061035156,14423
2026-01-12 15:45:00,58.630001068115234,58.650001525878906,58.50749969482422,58.54499816894531,28519
2026-01-12 15:50:00,58.52999877929688,58.54999923706055,58.470001220703125,58.5099983215332,11125
2026-01-12 15:55:00,58.5,58.59000015258789,58.5,58.59000015258789,23573
2026-01-12 16:00:00,58.58000183105469,58.61000061035156,58.5099983215332,58.55500030517578,17890
2026-01-12 16:05:00,58.52000045776367,58.540000915527344,58.43999862670898,58.470001220703125,13897
2026-01-12 16:10:00,58.470001220703125,58.470001220703125,58.41999816894531,58.43000030517578,9150
2026-01-12 16:15:00,58.41999816894531,58.42499923706055,58.34000015258789,58.369998931884766,17989
2026-01-12 16:20:00,58.369998931884766,58.45000076293945,58.3650016784668,58.43000030517578,21959
2026-01-12 16:25:00,58.41999816894531,58.494998931884766,58.41999816894531,58.459999084472656,13624
2026-01-12 16:30:00,58.459999084472656,58.4900016784668,58.41999816894531,58.4900016784668,12757
2026-01-12 16:35:00,58.47499847412109,58.5,58.47499847412109,58.47999954223633,14370
2026-01-12 16:40:00,58.459999084472656,58.4900016784668,58.459999084472656,58.470001220703125,13578
2026-01-12 16:45:00,58.47999954223633,58.54999923706055,58.47499847412109,58.51499938964844,27577
2026-01-12 16:50:00,58.51499938964844,58.54999923706055,58.459999084472656,58.47999954223633,15794
2026-01-12 16:55:00,58.4900016784668,58.52000045776367,58.470001220703125,58.52000045776367,9193
2026-01-12 17:00:00,58.52999877929688,58.58000183105469,58.4900016784668,58.560001373291016,14579
2026-01-12 17:05:00,58.547698974609375,58.560001373291016,58.459999084472656,58.560001373291016,37362
2026-01-12 17:10:00,58.61000061035156,58.61000061035156,58.55500030517578,58.560001373291016,17297
2026-01-12 17:15:00,58.56999969482422,58.595001220703125,58.540000915527344,58.59000015258789,19344
2026-01-12 17:20:00,58.59000015258789,58.650001525878906,58.589298248291016,58.6150016784668,23498
2026-01-12 17:25:00,58.59999847412109,58.59999847412109,58.57500076293945,58.59999847412109,6319
2026-01-12 17:30:00,58.59999847412109,58.625,58.59000015258789,58.59999847412109,13764
2026-01-12 17:35:00,58.59999847412109,58.720001220703125,58.58000183105469,58.720001220703125,190434
2026-01-12 17:40:00,58.709999084472656,58.81999969482422,58.709999084472656,58.81999969482422,11971
2026-01-12 17:45:00,58.81499862670898,58.81499862670898,58.755001068115234,58.79999923706055,15755
2026-01-12 17:50:00,58.79499816894531,58.84999847412109,58.79499816894531,58.84999847412109,7637
2026-01-12 17:55:00,58.84999847412109,58.90999984741211,58.83000183105469,58.90999984741211,26369
2026-01-12 18:00:00,58.900001525878906,59.0099983215332,58.88999938964844,58.9900016784668,20275
2026-01-12 18:05:00,59.02000045776367,59.02000045776367,58.95000076293945,58.95000076293945,17078
2026-01-12 18:10:00,58.95500183105469,58.97999954223633,58.93999862670898,58.95000076293945,22773
2026-01-12 18:15:00,58.93999862670898,58.94499969482422,58.86000061035156,58.86000061035156,16701
2026-01-12 18:20:00,58.86000061035156,58.90999984741211,58.83000183105469,58.85499954223633,21553
2026-01-12 18:25:00,58.86000061035156,58.880001068115234,58.81999969482422,58.83000183105469,13300
2026-01-12 18:30:00,58.83000183105469,58.900001525878906,58.82500076293945,58.900001525878906,23001
2026-01-12 18:35:00,58.89500045776367,58.97999954223633,58.89500045776367,58.93999862670898,26554
2026-01-12 18:40:00,58.93999862670898,58.959999084472656,58.869998931884766,58.95500183105469,21170
2026-01-12 18:45:00,58.970001220703125,59.040000915527344,58.96500015258789,59.0,13703
2026-01-12 18:50:00,59.0,59.08000183105469,58.9900016784668,59.06499862670898,26459
2026-01-12 18:55:00,59.04999923706055,59.04999923706055,59.02999877929688,59.04999923706055,10993
2026-01-12 19:00:00,59.05939865112305,59.09000015258789,59.040000915527344,59.09000015258789,19880
2026-01-12 19:05:00,59.09000015258789,59.09999847412109,59.0099983215332,59.02999877929688,22153
2026-01-12 19:10:00,59.040000915527344,59.09999847412109,59.040000915527344,59.06999969482422,15482
2026-01-12 19:15:00,59.06999969482422,59.09999847412109,59.025001525878906,59.095001220703125,19363
2026-01-12 19:20:00,59.095001220703125,59.16999816894531,59.09000015258789,59.15999984741211,24046
2026-01-12 19:25:00,59.15999984741211,59.185001373291016,59.1150016784668,59.15999984741211,24242
2026-01-12 19:30:00,59.150001525878906,59.22999954223633,59.130001068115234,59.22499847412109,22195
2026-01-12 19:35:00,59.209999084472656,59.220001220703125,59.17300033569336,59.209999084472656,31037
2026-01-12 19:40:00,59.18999862670898,59.2599983215332,59.18999862670898,59.21500015258789,40297
2026-01-12 19:45:00,59.209999084472656,59.29999923706055,59.209999084472656,59.27939987182617,27249
2026-01-12 19:50:00,59.27000045776367,59.33000183105469,59.27000045776367,59.31499862670898,23301
2026-01-12 19:55:00,59.31999969482422,59.34999847412109,59.2599983215332,59.34999847412109,74152
2026-01-12 20:00:00,59.36000061035156,59.40999984741211,59.33000183105469,59.40999984741211,43059
2026-01-12 20:05:00,59.40999984741211,59.45000076293945,59.36000061035156,59.36000061035156,32049
2026-01-12 20:10:00,59.380001068115234,59.400001525878906,59.2400016784668,59.36000061035156,201968
2026-01-12 20:15:00,59.369998931884766,59.400001525878906,59.25,59.255001068115234,27850
2026-01-12 20:20:00,59.22999954223633,59.22999954223633,59.12099838256836,59.12099838256836,20916
2026-01-12 20:25:00,59.119998931884766,59.18000030517578,59.09000015258789,59.16999816894531,40787
2026-01-12 20:30:00,59.16999816894531,59.220001220703125,59.13999938964844,59.18000030517578,26686
2026-01-12 20:35:00,59.18000030517578,59.20000076293945,59.14500045776367,59.15999984741211,36816
2026-01-12 20:40:00,59.15999984741211,59.18989944458008,59.06999969482422,59.16999816894531,69272
2026-01-12 20:45:00,59.18000030517578,59.31499862670898,59.16999816894531,59.290000915527344,56343
2026-01-12 20:50:00,59.29999923706055,59.38999938964844,59.27999877929688,59.36000061035156,92619
2026-01-12 20:55:00,59.34999847412109,59.40999984741211,59.31999969482422,59.40999984741211,272207
2026-01-13 14:30:00,59.619998931884766,59.65999984741211,59.52000045776367,59.65999984741211,27728
2026-01-13 14:35:00,59.650001525878906,59.665000915527344,59.560001373291016,59.619998931884766,9003
2026-01-13 14:40:00,59.60599899291992,59.65999984741211,59.54999923706055,59.595001220703125,25148
2026-01-13 14:45:00,59.59999847412109,59.61000061035156,59.27000045776367,59.28499984741211,49863
2026-01-13 14:50:00,59.29999923706055,59.38999938964844,59.25,59.29999923706055,94041
2026-01-13 14:55:00,59.29999923706055,59.35499954223633,59.25,59.30500030517578,17014
2026-01-13 15:00:00,59.29999923706055,59.43000030517578,59.2401008605957,59.27000045776367,59254
2026-01-13 15:05:00,59.28499984741211,59.29999923706055,59.20500183105469,59.27999877929688,11085
2026-01-13 15:10:00,59.29999923706055,59.31999969482422,59.220001220703125,59.29999923706055,19729
2026-01-13 15:15:00,59.310001373291016,59.38999938964844,59.29999923706055,59.38999938964844,14694
2026-01-13 15:20:00,59.380001068115234,59.63999938964844,59.380001068115234,59.6349983215332,24210
2026-01-13 15:25:00,59.630001068115234,59.630001068115234,59.52999877929688,59.52999877929688,25720
2026-01-13 15:30:00,59.540000915527344,59.59000015258789,59.52999877929688,59.54999923706055,15057
2026-01-13 15:35:00,59.56999969482422,59.72999954223633,59.56999969482422,59.72999954223633,21146
2026-01-13 15:40:00,59.709999084472656,59.81999969482422,59.70009994506836,59.790000915527344,12619
2026-01-13 15:45:00,59.7599983215332,59.84999847412109,59.75,59.79999923706055,16274
2026-01-13 15:50:00,59.790000915527344,59.83200073242188,59.75,59.790000915527344,17323
2026-01-13 15:55:00,59.790000915527344,59.83000183105469,59.77999877929688,59.810001373291016,27515
2026-01-13 16:00:00,59.80500030517578,59.81999969482422,59.7599983215332,59.810001373291016,21107
2026-01-13 16:05:00,59.79999923706055,59.79999923706055,59.68999862670898,59.68999862670898,29296
2026-01-13 16:10:00,59.709999084472656,59.79999923706055,59.650001525878906,59.79999923706055,22697
2026-01-13 16:15:00,59.79999923706055,59.83000183105469,59.77999877929688,59.79999923706055,12965
2026-01-13 16:20:00,59.81499862670898,59.81999969482422,59.709999084472656,59.709999084472656,48277
2026-01-13 16:25:00,59.68999862670898,59.70000076293945,59.630001068115234,59.64500045776367,18922
2026-01-13 16:30:00,59.630001068115234,59.630001068115234,59.54999923706055,59.56999969482422,12034
2026-01-13 16:35:00,59.560001373291016,59.56999969482422,59.44499969482422,59.56999969482422,19512
2026-01-13 16:40:00,59.55500030517578,59.58000183105469,59.5,59.5099983215332,13486
2026-01-13 16:45:00,59.47010040283203,59.47999954223633,59.380001068115234,59.47999954223633,17224
2026-01-13 16:50:00,59.47999954223633,59.5,59.39799880981445,59.41999816894531,14838
2026-01-13 16:55:00,59.40999984741211,59.43000030517578,59.38999938964844,59.39500045776367,11818
2026-01-13 17:00:00,59.40999984741211,59.459999084472656,59.38999938964844,59.459999084472656,20159
2026-01-13 17:05:00,59.459999084472656,59.5099983215332,59.459999084472656,59.46500015258789,9530
2026-01-13 17:10:00,59.46500015258789,59.5099983215332,59.459999084472656,59.5099983215332,12118
2026-01-13 17:15:00,59.50339889526367,59.560001373291016,59.5,59.5099983215332,12673
2026-01-13 17:20:00,59.5099983215332,59.52000045776367,59.435001373291016,59.45000076293945,12839
2026-01-13 17:25:00,59.45000076293945,59.525001525878906,59.43000030517578,59.5099983215332,18386
2026-01-13 17:30:00,59.51499938964844,59.61000061035156,59.47499847412109,59.61000061035156,17352
2026-01-13 17:35:00,59.61000061035156,59.62990188598633,59.560001373291016,59.56999969482422,8879
2026-01-13 17:40:00,59.56999969482422,59.59999847412109,59.540000915527344,59.59000015258789,11484
2026-01-13 17:45:00,59.59000015258789,59.59999847412109,59.5,59.5,14501
2026-01-13 17:50:00,59.5099983215332,59.61000061035156,59.4900016784668,59.59000015258789,17974
2026-01-13 17:55:00,59.59000015258789,59.630001068115234,59.56999969482422,59.630001068115234,19081
2026-01-13 18:00:00,59.619998931884766,59.70000076293945,59.619998931884766,59.66999816894531,21233
2026-01-13 18:05:00,59.68000030517578,59.68999862670898,59.63999938964844,59.63999938964844,7872
2026-01-13 18:10:00,59.63999938964844,59.66999816894531,59.61000061035156,59.61000061035156,25276
2026-01-13 18:15:00,59.61000061035156,59.63999938964844,59.61000061035156,59.619998931884766,14540
2026-01-13 18:20:00,59.6150016784668,59.7400016784668,59.6150016784668,59.7400016784668,28233
2026-01-13 18:25:00,59.75,59.75,59.709999084472656,59.709999084472656,11038
2026-01-13 18:30:00,59.720001220703125,59.81999969482422,59.720001220703125,59.79999923706055,14098
2026-01-13 18:35:00,59.79999923706055,59.86000061035156,59.790000915527344,59.845001220703125,11171
2026-01-13 18:40:00,59.84999847412109,59.88999938964844,59.84000015258789,59.88999938964844,14570
2026-01-13 18:45:00,59.88999938964844,59.90999984741211,59.86000061035156,59.880001068115234,11307
2026-01-13 18:50:00,59.900001525878906,59.959999084472656,59.900001525878906,59.95000076293945,10852
2026-01-13 18:55:00,59.959999084472656,59.959999084472656,59.935001373291016,59.95000076293945,11598
2026-01-13 19:00:00,59.959999084472656,59.9900016784668,59.93999862670898,59.98500061035156,14793
2026-01-13 19:05:00,59.97999954223633,59.97999954223633,59.93000030517578,59.959999084472656,31419
2026-01-13 19:10:00,59.959999084472656,59.959999084472656,59.900001525878906,59.91999816894531,21378
2026-01-13 19:15:00,59.91999816894531,59.97499847412109,59.900001525878906,59.95500183105469,35648
2026-01-13 19:20:00,59.959999084472656,59.97999954223633,59.95000076293945,59.97999954223633,12523
2026-01-13 19:25:00,59.97999954223633,60.0,59.97999954223633,59.989200592041016,18258
2026-01-13 19:30:00,59.97999954223633,59.98500061035156,59.93000030517578,59.95000076293945,18147
2026-01-13 19:35:00,59.95000076293945,59.959999084472656,59.90788269042969,59.90999984741211,17700
2026-01-13 19:40:00,59.90999984741211,59.95000076293945,59.880001068115234,59.93999862670898,15583
2026-01-13 19:45:00,59.93000030517578,59.93000030517578,59.72999954223633,59.7599983215332,28193
2026-01-13 19:50:00,59.72999954223633,59.72999954223633,59.67499923706055,59.709999084472656,9538
2026-01-13 19:55:00,59.70970153808594,59.810001373291016,59.70970153808594,59.790000915527344,22563
2026-01-13 20:00:00,59.77999877929688,59.790000915527344,59.70000076293945,59.709999084472656,19538
2026-01-13 20:05:00,59.70500183105469,59.75,59.68999862670898,59.72999954223633,26837
2026-01-13 20:10:00,59.72999954223633,59.86000061035156,59.72999954223633,59.86000061035156,19172
2026-01-13 20:15:00,59.869998931884766,59.91999816894531,59.869998931884766,59.90499877929688,19334
2026-01-13 20:20:00,59.88999938964844,59.88999938964844,59.83000183105469,59.875,25455
2026-01-13 20:25:00,59.880001068115234,59.92499923706055,59.869998931884766,59.88999938964844,27102
2026-01-13 20:30:00,59.900001525878906,59.91999816894531,59.869998931884766,59.91999816894531,30404
2026-01-13 20:35:00,59.915000915527344,59.959999084472656,59.84000015258789,59.86000061035156,43501
2026-01-13 20:40:00,59.869998931884766,59.915000915527344,59.86000061035156,59.89500045776367,40031
2026-01-13 20:45:00,59.900001525878906,59.900001525878906,59.84000015258789,59.880001068115234,47078
2026-01-13 20:50:00,59.88999938964844,60.08000183105469,59.880001068115234,60.06999969482422,118836
2026-01-13 20:55:00,60.060001373291016,60.130001068115234,60.0,60.07500076293945,272369
2026-01-14 14:30:00,60.18000030517578,60.35499954223633,60.17499923706055,60.31499862670898,41370
2026-01-14 14:35:00,60.33000183105469,60.45000076293945,60.25899887084961,60.41999816894531,27291
2026-01-14 14:40:00,60.43220138549805,60.5,60.380001068115234,60.415000915527344,13903
2026-01-14 14:45:00,60.41999816894531,60.4900016784668,60.220001220703125,60.27000045776367,37916
2026-01-14 14:50:00,60.27000045776367,60.28300094604492,60.15999984741211,60.19499969482422,19517
2026-01-14 14:55:00,60.15999984741211,60.27999877929688,60.15999984741211,60.27000045776367,17990
2026-01-14 15:00:00,60.2599983215332,60.415000915527344,60.2599983215332,60.380001068115234,22585
2026-01-14 15:05:00,60.380001068115234,60.494998931884766,60.36000061035156,60.45000076293945,14243
2026-01-14 15:10:00,60.47999954223633,60.64500045776367,60.459999084472656,60.59999847412109,16251
2026-01-14 15:15:00,60.59999847412109,60.619998931884766,60.540000915527344,60.61000061035156,11993
2026-01-14 15:20:00,60.630001068115234,60.71500015258789,60.59000015258789,60.64500045776367,11613
2026-01-14 15:25:00,60.63759994506836,60.65499877929688,60.380001068115234,60.400001525878906,15087
2026-01-14 15:30:00,60.38249969482422,60.41999816894531,60.290000915527344,60.31999969482422,14077
2026-01-14 15:35:00,60.31499862670898,60.31499862670898,60.09999847412109,60.09999847412109,26051
2026-01-14 15:40:00,60.13999938964844,60.2400016784668,60.130001068115234,60.16999816894531,19893
2026-01-14 15:45:00,60.16999816894531,60.2599983215332,60.15999984741211,60.2599983215332,13393
2026-01-14 15:50:00,60.2400016784668,60.26499938964844,60.220001220703125,60.26499938964844,10076
2026-01-14 15:55:00,60.275001525878906,60.30500030517578,60.22999954223633,60.30500030517578,18735
2026-01-14 16:00:00,60.30500030517578,60.30500030517578,60.20000076293945,60.209999084472656,10972
2026-01-14 16:05:00,60.22499847412109,60.29999923706055,60.22499847412109,60.290000915527344,12774
2026-01-14 16:10:00,60.29499816894531,60.380001068115234,60.2599983215332,60.34000015258789,13209
2026-01-14 16:15:00,60.310001373291016,60.34999847412109,60.27999877929688,60.334999084472656,17959
2026-01-14 16:20:00,60.334999084472656,60.41999816894531,60.30500030517578,60.40999984741211,14150
2026-01-14 16:25:00,60.40999984741211,60.43000030517578,60.36000061035156,60.41999816894531,12507
2026-01-14 16:30:00,60.43000030517578,60.4900016784668,60.40999984741211,60.43999862670898,11875
2026-01-14 16:35:00,60.45000076293945,60.46500015258789,60.380001068115234,60.40499877929688,12849
2026-01-14 16:40:00,60.415000915527344,60.415000915527344,60.27999877929688,60.29999923706055,24369
2026-01-14 16:45:00,60.290000915527344,60.36000061035156,60.290000915527344,60.31999969482422,11212
2026-01-14 16:50:00,60.310001373291016,60.3650016784668,60.27999877929688,60.35499954223633,15808
2026-01-14 16:55:00,60.3650016784668,60.400001525878906,60.34999847412109,60.380001068115234,11477
2026-01-14 17:00:00,60.38999938964844,60.43999862670898,60.3849983215332,60.415000915527344,37217
2026-01-14 17:05:00,60.43000030517578,60.52000045776367,60.34999847412109,60.369998931884766,10737
2026-01-14 17:10:00,60.35499954223633,60.38999938964844,60.34000015258789,60.380001068115234,7427
2026-01-14 17:15:00,60.400001525878906,60.43999862670898,60.390098571777344,60.41379928588867,11155
2026-01-14 17:20:00,60.41999816894531,60.43000030517578,60.400001525878906,60.40999984741211,5299
2026-01-14 17:25:00,60.40999984741211,60.459999084472656,60.38999938964844,60.415000915527344,13682
2026-01-14 17:30:00,60.415000915527344,60.43999862670898,60.3849983215332,60.41999816894531,9055
2026-01-14 17:35:00,60.433101654052734,60.459999084472656,60.41999816894531,60.45000076293945,6267
2026-01-14 17:40:00,60.44499969482422,60.5,60.44499969482422,60.47499847412109,8423
2026-01-14 17:45:00,60.47999954223633,60.5,60.45000076293945,60.4900016784668,6048
2026-01-14 17:50:00,60.48699951171875,60.4900016784668,60.45000076293945,60.4900016784668,9499
2026-01-14 17:55:00,60.480098724365234,60.5099983215332,60.459999084472656,60.4900016784668,8440
2026-01-14 18:00:00,60.5,60.5,60.45000076293945,60.47499847412109,6138
2026-01-14 18:05:00,60.46009826660156,60.4900016784668,60.459999084472656,60.46500015258789,9200
2026-01-14 18:10:00,60.45009994506836,60.470001220703125,60.43999862670898,60.459999084472656,7220
2026-01-14 18:15:00,60.459999084472656,60.459999084472656,60.415000915527344,60.43000030517578,7773
2026-01-14 18:20:00,60.435001373291016,60.51499938964844,60.43000030517578,60.5,10379
2026-01-14 18:25:00,60.5,60.5099983215332,60.44499969482422,60.5099983215332,5597
2026-01-14 18:30:00,60.480098724365234,60.52000045776367,60.470001220703125,60.48500061035156,11202
2026-01-14 18:35:00,60.46009826660156,60.47999954223633,60.39500045776367,60.43000030517578,11525
2026-01-14 18:40:00,60.43000030517578,60.46500015258789,60.40999984741211,60.40999984741211,8744
2026-01-14 18:45:00,60.40999984741211,60.48500061035156,60.38999938964844,60.48500061035156,19011
2026-01-14 18:50:00,60.47010040283203,60.54999923706055,60.470001220703125,60.54999923706055,7933
2026-01-14 18:55:00,60.55500030517578,60.59000015258789,60.54010009765625,60.58000183105469,10804
2026-01-14 19:00:00,60.584999084472656,60.65999984741211,60.5801010131836,60.63999938964844,10563
2026-01-14 19:05:00,60.63999938964844,60.63999938964844,60.5099983215332,60.525001525878906,23517
2026-01-14 19:10:00,60.51499938964844,60.59999847412109,60.5099983215332,60.59999847412109,10223
2026-01-14 19:15:00,60.59000015258789,60.63999938964844,60.59000015258789,60.630001068115234,8503
2026-01-14 19:20:00,60.630001068115234,60.650001525878906,60.61100006103516,60.650001525878906,9847
2026-01-14 19:25:00,60.65039825439453,60.72999954223633,60.63999938964844,60.720001220703125,9501
2026-01-14 19:30:00,60.720001220703125,60.72969818115234,60.70500183105469,60.709999084472656,9710
2026-01-14 19:35:00,60.68000030517578,60.720001220703125,60.68000030517578,60.70000076293945,11569
2026-01-14 19:40:00,60.709999084472656,60.775001525878906,60.70009994506836,60.77000045776367,13333
2026-01-14 19:45:00,60.77000045776367,60.77999877929688,60.744998931884766,60.744998931884766,8892
2026-01-14 19:50:00,60.730098724365234,60.775001525878906,60.730098724365234,60.7599983215332,10717
2026-01-14 19:55:00,60.7599983215332,60.76499938964844,60.68000030517578,60.68999862670898,18827
2026-01-14 20:00:00,60.68000030517578,60.68000030517578,60.54999923706055,60.59000015258789,20622
2026-01-14 20:05:00,60.61000061035156,60.63999938964844,60.540000915527344,60.560001373291016,17453
2026-01-14 20:10:00,60.560001373291016,60.57500076293945,60.52999877929688,60.540000915527344,14359
2026-01-14 20:15:00,60.54499816894531,60.560001373291016,60.5,60.54079818725586,11057
2026-01-14 20:20:00,60.52999877929688,60.52999877929688,60.4906005859375,60.52999877929688,27855
2026-01-14 20:25:00,60.52999877929688,60.540000915527344,60.43009948730469,60.52999877929688,23052
2026-01-14 20:30:00,60.52999877929688,60.52999877929688,60.45500183105469,60.47999954223633,22786
2026-01-14 20:35:00,60.4900016784668,60.4900016784668,60.43000030517578,60.459999084472656,34250
2026-01-14 20:40:00,60.46500015258789,60.46500015258789,60.36000061035156,60.39500045776367,27425
2026-01-14 20:45:00,60.38999938964844,60.40999984741211,60.31999969482422,60.36000061035156,52186
2026-01-14 20:50:00,60.369998931884766,60.47999954223633,60.369998931884766,60.47999954223633,63344
2026-01-14 20:55:00,60.5,60.5,60.40499877929688,60.45500183105469,147123
2026-01-15 14:30:00,60.40999984741211,60.40999984741211,60.06999969482422,60.22999954223633,32354
2026-01-15 14:35:00,60.22999954223633,60.52000045776367,60.22999954223633,60.459999084472656,11465
2026-01-15 14:40:00,60.464599609375,60.52000045776367,60.27000045776367,60.310001373291016,15241
2026-01-15 14:45:00,60.27000045776367,60.47999954223633,60.220001220703125,60.31999969482422,19662
2026-01-15 14:50:00,60.34000015258789,60.36000061035156,60.04499816894531,60.119998931884766,24771
2026-01-15 14:55:00,60.130001068115234,60.18000030517578,60.06999969482422,60.09999847412109,34541
2026-01-15 15:00:00,60.13999938964844,60.20000076293945,60.09000015258789,60.09999847412109,14385
2026-01-15 15:05:00,60.07780075073242,60.11000061035156,59.869998931884766,59.89500045776367,25598
2026-01-15 15:10:00,59.91999816894531,59.93000030517578,59.869998931884766,59.869998931884766,25174
2026-01-15 15:15:00,59.880001068115234,60.119998931884766,59.869998931884766,60.119998931884766,18280
2026-01-15 15:20:00,60.11000061035156,60.15999984741211,60.06999969482422,60.095001220703125,18554
2026-01-15 15:25:00,60.10860061645508,60.150001525878906,60.09000015258789,60.13619995117188,15326
2026-01-15 15:30:00,60.1349983215332,60.22499847412109,60.130001068115234,60.22499847412109,15603
2026-01-15 15:35:00,60.227500915527344,60.28499984741211,60.185001373291016,60.275001525878906,16826
2026-01-15 15:40:00,60.290000915527344,60.31999969482422,60.255001068115234,60.26499938964844,17520
2026-01-15 15:45:00,60.25,60.34159851074219,60.2400016784668,60.31999969482422,16147
2026-01-15 15:50:00,60.33000183105469,60.38999938964844,60.29999923706055,60.34999847412109,20101
2026-01-15 15:55:00,60.34000015258789,60.380001068115234,60.31999969482422,60.3650016784668,13458
2026-01-15 16:00:00,60.34000015258789,60.369998931884766,60.31999969482422,60.3650016784668,14091
2026-01-15 16:05:00,60.3650016784668,60.41999816894531,60.31999969482422,60.38999938964844,30393
2026-01-15 16:10:00,60.38999938964844,60.41999816894531,60.34000015258789,60.369998931884766,25731
2026-01-15 16:15:00,60.369998931884766,60.47999954223633,60.369998931884766,60.47499847412109,15646
2026-01-15 16:20:00,60.47499847412109,60.5,60.470001220703125,60.48500061035156,14959
2026-01-15 16:25:00,60.47999954223633,60.52999877929688,60.470001220703125,60.5,13983
2026-01-15 16:30:00,60.5099983215332,60.53499984741211,60.470001220703125,60.52999877929688,13397
2026-01-15 16:35:00,60.540000915527344,60.630001068115234,60.540000915527344,60.595401763916016,15197
2026-01-15 16:40:00,60.59000015258789,60.59000015258789,60.560001373291016,60.58000183105469,11332
2026-01-15 16:45:00,60.58000183105469,60.59000015258789,60.54999923706055,60.59000015258789,7846
2026-01-15 16:50:00,60.58000183105469,60.619998931884766,60.560001373291016,60.560001373291016,24448
2026-01-15 16:55:00,60.55099868774414,60.56999969482422,60.4900016784668,60.5099983215332,9896
2026-01-15 17:00:00,60.505001068115234,60.52999877929688,60.5,60.5,11361
2026-01-15 17:05:00,60.5099983215332,60.52999877929688,60.505001068115234,60.505001068115234,7902
2026-01-15 17:10:00,60.5099983215332,60.52999877929688,60.5,60.52999877929688,8665
2026-01-15 17:15:00,60.53499984741211,60.54999923706055,60.47999954223633,60.54999923706055,19002
2026-01-15 17:20:00,60.560001373291016,60.56999969482422,60.52999877929688,60.52999877929688,9601
2026-01-15 17:25:00,60.52000045776367,60.53070068359375,60.5099983215332,60.5099983215332,7641
2026-01-15 17:30:00,60.52000045776367,60.54999923706055,60.5099983215332,60.52999877929688,15549
2026-01-15 17:35:00,60.52999877929688,60.560001373291016,60.52999877929688,60.560001373291016,8361
2026-01-15 17:40:00,60.560001373291016,60.56999969482422,60.540000915527344,60.54499816894531,19617
2026-01-15 17:45:00,60.54499816894531,60.54999923706055,60.5,60.525001525878906,17017
2026-01-15 17:50:00,60.525001525878906,60.56999969482422,60.525001525878906,60.540000915527344,28870
2026-01-15 17:55:00,60.540000915527344,60.56999969482422,60.5,60.5099983215332,10689
2026-01-15 18:00:00,60.505001068115234,60.58000183105469,60.505001068115234,60.56999969482422,14051
2026-01-15 18:05:00,60.58000183105469,60.59999847412109,60.54999923706055,60.59000015258789,9725
2026-01-15 18:10:00,60.61000061035156,60.61000061035156,60.560001373291016,60.58000183105469,9678
2026-01-15 18:15:00,60.58000183105469,60.59000015258789,60.56999969482422,60.59000015258789,12743
2026-01-15 18:20:00,60.59000015258789,60.59000015258789,60.5,60.53499984741211,19863
2026-01-15 18:25:00,60.540000915527344,60.650001525878906,60.540000915527344,60.59999847412109,22204
2026-01-15 18:30:00,60.61000061035156,60.65999984741211,60.61000061035156,60.630001068115234,8012
2026-01-15 18:35:00,60.619998931884766,60.7400016784668,60.619998931884766,60.70000076293945,29262
2026-01-15 18:40:00,60.70000076293945,60.70000076293945,60.66999816894531,60.68000030517578,9573
2026-01-15 18:45:00,60.68999862670898,60.68999862670898,60.63999938964844,60.63999938964844,14588
2026-01-15 18:50:00,60.63999938964844,60.68000030517578,60.62939834594727,60.630001068115234,12361
2026-01-15 18:55:00,60.630001068115234,60.66999816894531,60.625,60.65999984741211,13300
2026-01-15 19:00:00,60.650001525878906,60.67499923706055,60.630001068115234,60.64500045776367,26072
2026-01-15 19:05:00,60.650001525878906,60.68000030517578,60.630001068115234,60.65499877929688,20130
2026-01-15 19:10:00,60.65999984741211,60.67499923706055,60.63999938964844,60.66999816894531,20908
2026-01-15 19:15:00,60.66999816894531,60.68999862670898,60.63999938964844,60.650001525878906,18179
2026-01-15 19:20:00,60.65999984741211,60.70000076293945,60.65499877929688,60.685001373291016,17616
2026-01-15 19:25:00,60.68999862670898,60.709999084472656,60.65999984741211,60.65999984741211,16087
2026-01-15 19:30:00,60.6510009765625,60.65999984741211,60.61000061035156,60.6150016784668,20235
2026-01-15 19:35:00,60.619998931884766,60.619998931884766,60.52000045776367,60.52999877929688,37969
2026-01-15 19:40:00,60.52999877929688,60.59000015258789,60.52999877929688,60.59000015258789,10924
2026-01-15 19:45:00,60.59999847412109,60.625,60.56999969482422,60.60010147094727,13119
2026-01-15 19:50:00,60.61000061035156,60.61000061035156,60.59000015258789,60.59999847412109,11144
2026-01-15 19:55:00,60.61000061035156,60.61000061035156,60.54499816894531,60.54999923706055,17985
2026-01-15 20:00:00,60.54999923706055,60.56499862670898,60.52999877929688,60.540000915527344,13522
2026-01-15 20:05:00,60.540000915527344,60.54999923706055,60.4900016784668,60.494998931884766,21932
2026-01-15 20:10:00,60.5,60.52450180053711,60.48500061035156,60.4900016784668,15227
2026-01-15 20:15:00,60.4900016784668,60.5,60.34999847412109,60.459999084472656,89060
2026-01-15 20:20:00,60.459999084472656,60.5,60.459999084472656,60.5,16620
2026-01-15 20:25:00,60.49800109863281,60.540000915527344,60.49800109863281,60.52970123291016,25057
2026-01-15 20:30:00,60.52989959716797,60.52999877929688,60.43999862670898,60.43999862670898,33162
2026-01-15 20:35:00,60.45000076293945,60.470001220703125,60.41999816894531,60.41999816894531,58724
2026-01-15 20:40:00,60.41999816894531,60.435001373291016,60.34000015258789,60.34000015258789,50881
2026-01-15 20:45:00,60.34000015258789,60.34999847412109,60.26750183105469,60.27000045776367,50241
2026-01-15 20:50:00,60.27999877929688,60.380001068115234,60.27999877929688,60.369998931884766,92278
2026-01-15 20:55:00,60.380001068115234,60.43999862670898,60.3650016784668,60.43999862670898,230481
2026-01-16 14:30:00,60.36000061035156,60.65999984741211,60.28229904174805,60.4900016784668,158274
2026-01-16 14:35:00,60.459999084472656,60.459999084472656,60.14500045776367,60.150001525878906,11418
2026-01-16 14:40:00,60.12009811401367,60.158599853515625,59.96009826660156,60.040000915527344,14390
2026-01-16 14:45:00,60.04999923706055,60.04999923706055,59.88999938964844,59.88999938964844,20257
2026-01-16 14:50:00,59.91999816894531,60.04999923706055,59.8650016784668,59.8849983215332,9084
2026-01-16 14:55:00,59.86000061035156,59.95000076293945,59.84999847412109,59.93999862670898,5801
2026-01-16 15:00:00,59.959999084472656,60.06999969482422,59.86000061035156,59.88999938964844,11780
2026-01-16 15:05:00,59.86000061035156,59.96989822387695,59.84999847412109,59.94810104370117,22896
2026-01-16 15:10:00,59.959999084472656,60.0099983215332,59.83000183105469,59.95000076293945,22314
2026-01-16 15:15:00,59.91999816894531,59.959999084472656,59.900001525878906,59.935001373291016,8305
2026-01-16 15:20:00,59.93000030517578,59.959999084472656,59.86000061035156,59.869998931884766,11852
2026-01-16 15:25:00,59.875,59.95500183105469,59.86000061035156,59.93999862670898,14066
2026-01-16 15:30:00,59.93000030517578,59.93999862670898,59.790000915527344,59.810001373291016,12818
2026-01-16 15:35:00,59.81999969482422,60.005001068115234,59.81999969482422,59.970001220703125,14453
2026-01-16 15:40:00,59.959999084472656,60.04999923706055,59.959999084472656,60.0,15823
2026-01-16 15:45:00,59.9900016784668,59.9900016784668,59.9474983215332,59.959999084472656,8359
2026-01-16 15:50:00,59.959999084472656,59.970001220703125,59.760101318359375,59.80500030517578,21682
2026-01-16 15:55:00,59.810001373291016,59.84999847412109,59.75,59.7599983215332,9113
2026-01-16 16:00:00,59.7400016784668,59.75,59.71500015258789,59.75,12140
2026-01-16 16:05:00,59.77000045776367,59.79999923706055,59.70000076293945,59.72999954223633,10048
2026-01-16 16:10:00,59.709999084472656,59.720001220703125,59.650001525878906,59.71500015258789,7429
2026-01-16 16:15:00,59.7400016784668,59.75,59.665000915527344,59.709999084472656,9843
2026-01-16 16:20:00,59.70000076293945,59.75,59.68000030517578,59.75,4434
2026-01-16 16:25:00,59.7400016784668,59.7599983215332,59.650001525878906,59.665000915527344,8033
2026-01-16 16:30:00,59.66999816894531,59.70000076293945,59.650001525878906,59.652000427246094,7830
2026-01-16 16:35:00,59.650001525878906,59.65999984741211,59.59999847412109,59.63999938964844,8693
2026-01-16 16:40:00,59.625,59.720001220703125,59.625,59.720001220703125,7774
2026-01-16 16:45:00,59.72800064086914,59.75,59.709999084472656,59.709999084472656,8970
2026-01-16 16:50:00,59.72999954223633,59.77299880981445,59.72999954223633,59.75,6191
2026-01-16 16:55:00,59.7400016784668,59.744998931884766,59.709999084472656,59.7400016784668,6591
2026-01-16 17:00:00,59.70000076293945,59.709999084472656,59.66999816894531,59.66999816894531,7861
2026-01-16 17:05:00,59.68999862670898,59.70500183105469,59.665000915527344,59.70500183105469,5180
2026-01-16 17:10:00,59.69010162353516,59.709999084472656,59.65999984741211,59.67499923706055,11395
2026-01-16 17:15:00,59.67499923706055,59.68999862670898,59.6349983215332,59.6349983215332,9223
2026-01-16 17:20:00,59.6349983215332,59.66999816894531,59.630001068115234,59.6349983215332,6421
2026-01-16 17:25:00,59.619998931884766,59.630001068115234,59.619998931884766,59.630001068115234,4612
2026-01-16 17:30:00,59.61000061035156,59.63999938964844,59.61000061035156,59.630001068115234,7899
2026-01-16 17:35:00,59.630001068115234,59.70000076293945,59.630001068115234,59.70000076293945,6772
2026-01-16 17:40:00,59.70000076293945,59.75,59.70000076293945,59.75,7932
2026-01-16 17:45:00,59.7400016784668,59.7400016784668,59.720001220703125,59.72999954223633,4274
2026-01-16 17:50:00,59.72999954223633,59.775001525878906,59.72719955444336,59.77000045776367,8902
2026-01-16 17:55:00,59.77999877929688,59.79499816894531,59.77000045776367,59.790000915527344,4631
2026-01-16 18:00:00,59.77000045776367,59.810001373291016,59.7599983215332,59.810001373291016,5692
2026-01-16 18:05:00,59.810001373291016,59.834999084472656,59.80500030517578,59.81999969482422,4297
2026-01-16 18:10:00,59.810001373291016,59.81999969482422,59.790000915527344,59.81999969482422,9119
2026-01-16 18:15:00,59.80500030517578,59.83000183105469,59.77999877929688,59.77999877929688,7793
2026-01-16 18:20:00,59.790000915527344,59.81990051269531,59.77000045776367,59.790000915527344,12999
2026-01-16 18:25:00,59.79999923706055,59.80989837646485,59.77999877929688,59.79499816894531,5376
2026-01-16 18:30:00,59.810001373291016,59.810001373291016,59.790000915527344,59.790000915527344,4330
2026-01-16 18:35:00,59.8025016784668,59.82500076293945,59.75,59.75,15907
2026-01-16 18:40:00,59.75,59.75,59.720001220703125,59.720001220703125,5661
2026-01-16 18:45:00,59.72999954223633,59.834999084472656,59.70880126953125,59.834999084472656,7927
2026-01-16 18:50:00,59.84999847412109,60.04999923706055,59.84999847412109,60.04499816894531,16721
2026-01-16 18:55:00,60.03499984741211,60.119998931884766,60.02999877929688,60.09999847412109,11084
2026-01-16 19:00:00,60.09999847412109,60.18999862670898,60.09999847412109,60.17499923706055,15253
2026-01-16 19:05:00,60.20000076293945,60.33000183105469,60.11000061035156,60.13999938964844,16001
2026-01-16 19:10:00,60.13999938964844,60.13999938964844,60.09000015258789,60.130001068115234,7050
2026-01-16 19:15:00,60.13999938964844,60.13999938964844,60.119998931884766,60.119998931884766,5196
2026-01-16 19:20:00,60.119998931884766,60.119998931884766,59.900001525878906,59.93999862670898,63055
2026-01-16 19:25:00,59.959999084472656,60.21500015258789,59.959999084472656,60.21500015258789,49969
2026-01-16 19:30:00,60.209999084472656,60.27999877929688,60.18999862670898,60.2599983215332,12066
2026-01-16 19:35:00,60.27999877929688,60.33000183105469,60.220001220703125,60.220001220703125,34580
2026-01-16 19:40:00,60.220001220703125,60.25899887084961,60.209999084472656,60.21500015258789,7200
2026-01-16 19:45:00,60.22999954223633,60.290000915527344,60.220001220703125,60.27000045776367,16517
2026-01-16 19:50:00,60.27000045776367,60.28499984741211,60.18000030517578,60.18000030517578,19054
2026-01-16 19:55:00,60.18999862670898,60.18999862670898,60.13999938964844,60.15999984741211,45491
2026-01-16 20:00:00,60.17100143432617,60.209999084472656,60.12120056152344,60.17499923706055,16084
2026-01-16 20:05:00,60.18000030517578,60.20000076293945,60.15999984741211,60.16999816894531,10960
2026-01-16 20:10:00,60.16999816894531,60.20000076293945,60.15999984741211,60.18999862670898,13049
2026-01-16 20:15:00,60.18999862670898,60.209999084472656,60.16999816894531,60.18999862670898,17892
2026-01-16 20:20:00,60.20000076293945,60.27999877929688,60.18000030517578,60.2599983215332,15816
2026-01-16 20:25:00,60.2599983215332,60.27999877929688,60.25,60.25,15647
2026-01-16 20:30:00,60.25,60.25,60.20000076293945,60.20000076293945,22936
2026-01-16 20:35:00,60.20000076293945,60.2400016784668,60.15999984741211,60.20500183105469,28711
2026-01-16 20:40:00,60.20000076293945,60.22499847412109,60.13999938964844,60.13999938964844,36721
2026-01-16 20:45:00,60.15999984741211,60.2400016784668,60.15999984741211,60.20000076293945,37923
2026-01-16 20:50:00,60.18999862670898,60.2599983215332,60.11000061035156,60.119998931884766,75692
2026-01-16 20:55:00,60.119998931884766,60.17499923706055,60.04999923706055,60.06999969482422,139733
2026-01-20 14:30:00,59.75,60.34999847412109,59.75,60.0,48663
2026-01-20 14:35:00,59.959999084472656,60.209999084472656,59.91999816894531,60.11000061035156,7863
2026-01-20 14:40:00,60.06999969482422,60.21860122680664,60.06999969482422,60.08000183105469,15034
2026-01-20 14:45:00,60.13999938964844,60.13999938964844,59.93999862670898,60.08000183105469,10533
2026-01-20 14:50:00,60.08000183105469,60.11000061035156,59.880001068115234,59.88999938964844,12639
2026-01-20 14:55:00,59.91999816894531,59.91999816894531,59.65999984741211,59.68000030517578,21169
2026-01-20 15:00:00,59.63999938964844,59.810001373291016,59.63010025024414,59.7400016784668,21292
2026-01-20 15:05:00,59.7400016784668,59.760398864746094,59.60499954223633,59.60499954223633,22859
2026-01-20 15:10:00,59.60499954223633,59.7400016784668,59.56999969482422,59.709999084472656,21743
2026-01-20 15:15:00,59.68999862670898,59.68999862670898,59.59999847412109,59.61000061035156,10582
2026-01-20 15:20:00,59.61000061035156,59.810001373291016,59.61000061035156,59.790000915527344,29585
2026-01-20 15:25:00,59.79499816894531,59.900001525878906,59.79499816894531,59.79999923706055,21740
2026-01-20 15:30:00,59.83000183105469,59.880001068115234,59.810001373291016,59.83000183105469,15327
2026-01-20 15:35:00,59.790000915527344,59.81999969482422,59.790000915527344,59.81999969482422,26298
2026-01-20 15:40:00,59.900001525878906,59.900001525878906,59.900001525878906,59.900001525878906,28137
2026-01-20 15:45:00,59.900001525878906,59.900001525878906,59.84999847412109,59.85919952392578,15137
2026-01-20 15:50:00,59.84999847412109,59.880001068115234,59.75,59.86000061035156,80059
2026-01-20 15:55:00,59.86000061035156,59.970001220703125,59.86000061035156,59.959999084472656,16433
2026-01-20 16:00:00,59.95000076293945,60.11000061035156,59.93000030517578,60.11000061035156,21819
2026-01-20 16:05:00,60.10499954223633,60.11000061035156,59.84000015258789,59.880001068115234,45255
2026-01-20 16:10:00,59.84999847412109,59.970001220703125,59.83000183105469,59.93999862670898,18900
2026-01-20 16:15:00,59.91999816894531,60.02000045776367,59.91999816894531,59.96099853515625,16740
2026-01-20 16:20:00,59.959999084472656,60.02000045776367,59.95000076293945,59.970001220703125,9669
2026-01-20 16:25:00,59.98500061035156,60.02000045776367,59.959999084472656,60.0099983215332,13008
2026-01-20 16:30:00,60.0099983215332,60.130001068115234,60.0099983215332,60.125,39523
2026-01-20 16:35:00,60.11000061035156,60.31999969482422,60.09000015258789,60.25,29654
2026-01-20 16:40:00,60.255001068115234,60.40499877929688,60.255001068115234,60.3650016784668,16972
2026-01-20 16:45:00,60.36000061035156,60.43000030517578,60.34000015258789,60.42499923706055,17363
2026-01-20 16:50:00,60.42499923706055,60.55989837646485,60.42499923706055,60.43999862670898,28704
2026-01-20 16:55:00,60.45500183105469,60.47999954223633,60.38999938964844,60.41999816894531,24764
2026-01-20 17:00:00,60.43000030517578,60.53499984741211,60.43000030517578,60.4900016784668,31050
2026-01-20 17:05:00,60.47999954223633,60.540000915527344,60.42499923706055,60.45500183105469,79959
2026-01-20 17:10:00,60.43999862670898,60.60499954223633,60.43999862670898,60.56999969482422,51915
2026-01-20 17:15:00,60.57500076293945,60.625,60.57500076293945,60.59999847412109,15152
2026-01-20 17:20:00,60.619998931884766,60.619998931884766,60.45000076293945,60.5,25403
2026-01-20 17:25:00,60.505001068115234,60.79499816894531,60.4900016784668,60.77999877929688,44172
2026-01-20 17:30:00,60.78820037841797,60.88999938964844,60.755001068115234,60.8650016784668,19850
2026-01-20 17:35:00,60.85499954223633,61.08000183105469,60.85499954223633,61.04999923706055,27831
2026-01-20 17:40:00,61.040000915527344,61.10380172729492,61.040000915527344,61.040000915527344,22106
2026-01-20 17:45:00,61.040000915527344,61.04499816894531,60.92010116577149,61.03620147705078,17958
2026-01-20 17:50:00,61.03499984741211,61.130001068115234,61.03499984741211,61.119998931884766,15925
2026-01-20 17:55:00,61.130001068115234,61.18999862670898,61.119998931884766,61.16999816894531,17869
2026-01-20 18:00:00,61.16999816894531,61.2599983215332,61.16999816894531,61.16999816894531,12334
2026-01-20 18:05:00,61.18000030517578,61.21500015258789,61.09999847412109,61.16999816894531,18762
2026-01-20 18:10:00,61.16999816894531,61.25,61.165000915527344,61.22499847412109,17567
2026-01-20 18:15:00,61.209999084472656,61.220001220703125,61.09000015258789,61.13999938964844,21011
2026-01-20 18:20:00,61.125,61.15499877929688,61.06010055541992,61.084999084472656,43129
2026-01-20 18:25:00,61.08000183105469,61.084999084472656,60.970001220703125,60.97499847412109,33373
2026-01-20 18:30:00,60.9900016784668,61.025001525878906,60.93999862670898,60.93999862670898,26999
2026-01-20 18:35:00,60.95000076293945,60.97999954223633,60.869998931884766,60.959999084472656,28390
2026-01-20 18:40:00,60.95000076293945,60.994998931884766,60.935001373291016,60.959999084472656,20447
2026-01-20 18:45:00,60.95000076293945,60.95000076293945,60.84000015258789,60.845001220703125,17496
2026-01-20 18:50:00,60.84999847412109,60.875,60.83549880981445,60.84999847412109,12611
2026-01-20 18:55:00,60.845001220703125,60.95000076293945,60.84000015258789,60.95000076293945,15038
2026-01-20 19:00:00,60.95000076293945,61.09999847412109,60.91999816894531,61.08000183105469,61295
2026-01-20 19:05:00,61.08000183105469,61.11000061035156,60.9900016784668,61.02000045776367,23968
2026-01-20 19:10:00,61.02999877929688,61.06999969482422,60.994998931884766,61.03499984741211,32147
2026-01-20 19:15:00,61.03499984741211,61.08000183105469,60.96500015258789,61.08000183105469,55796
2026-01-20 19:20:00,61.08000183105469,61.1150016784668,61.06999969482422,61.1150016784668,28461
2026-01-20 19:25:00,61.1150016784668,61.22999954223633,61.11000061035156,61.18000030517578,33768
2026-01-20 19:30:00,61.18000030517578,61.18000030517578,61.09999847412109,61.125,42233
2026-01-20 19:35:00,61.119998931884766,61.13999938964844,61.09999847412109,61.11000061035156,34746
2026-01-20 19:40:00,61.11000061035156,61.150001525878906,61.09999847412109,61.119998931884766,26041
2026-01-20 19:45:00,61.119998931884766,61.24480056762695,61.119998931884766,61.20000076293945,33130
2026-01-20 19:50:00,61.20000076293945,61.209999084472656,61.13999938964844,61.15499877929688,16971
2026-01-20 19:55:00,61.150001525878906,61.22999954223633,61.11000061035156,61.220001220703125,29944
2026-01-20 20:00:00,61.22999954223633,61.32379913330078,61.20000076293945,61.27999877929688,25652
2026-01-20 20:05:00,61.27999877929688,61.380001068115234,61.2400016784668,61.34999847412109,35209
2026-01-20 20:10:00,61.33000183105469,61.34999847412109,61.06999969482422,61.06999969482422,32960
2026-01-20 20:15:00,61.06999969482422,61.22499847412109,61.0099983215332,61.130001068115234,148673
2026-01-20 20:20:00,61.130001068115234,61.17499923706055,60.93999862670898,60.994998931884766,79891
2026-01-20 20:25:00,61.0099983215332,61.18999862670898,61.0,61.18999862670898,46953
2026-01-20 20:30:00,61.209999084472656,61.23500061035156,61.15710067749024,61.16999816894531,57001
2026-01-20 20:35:00,61.16999816894531,61.18999862670898,61.06999969482422,61.06999969482422,49688
2026-01-20 20:40:00,61.06999969482422,61.16999816894531,61.0,61.15079879760742,113324
2026-01-20 20:45:00,61.150001525878906,61.150001525878906,60.95000076293945,60.97499847412109,136529
2026-01-20 20:50:00,60.970001220703125,61.07500076293945,60.95000076293945,61.06999969482422,162979
2026-01-20 20:55:00,61.060001373291016,61.07500076293945,60.84000015258789,60.900001525878906,352885
2026-01-21 14:30:00,61.130001068115234,61.34999847412109,61.0,61.27999877929688,46777
2026-01-21 14:35:00,61.233001708984375,61.43999862670898,61.15999984741211,61.165000915527344,17628
2026-01-21 14:40:00,61.18000030517578,61.18999862670898,61.0,61.060001373291016,13262
2026-01-21 14:45:00,61.01139831542969,61.06999969482422,60.85499954223633,61.02999877929688,23736
2026-01-21 14:50:00,61.01499938964844,61.18899917602539,60.959999084472656,61.119998931884766,40704
2026-01-21 14:55:00,61.15999984741211,61.20000076293945,60.85499954223633,60.85499954223633,15234
2026-01-21 15:00:00,60.89500045776367,60.89500045776367,60.66999816894531,60.68000030517578,12533
2026-01-21 15:05:00,60.70500183105469,60.70500183105469,60.52000045776367,60.56499862670898,13846
2026-01-21 15:10:00,60.58000183105469,60.810001373291016,60.58000183105469,60.72999954223633,26648
2026-01-21 15:15:00,60.720001220703125,60.75899887084961,60.65999984741211,60.69499969482422,11226
2026-01-21 15:20:00,60.66999816894531,60.77000045776367,60.66999816894531,60.77000045776367,18811
2026-01-21 15:25:00,60.775001525878906,60.810001373291016,60.67499923706055,60.71500015258789,10613
2026-01-21 15:30:00,60.70000076293945,60.790000915527344,60.69499969482422,60.7599983215332,16568
2026-01-21 15:35:00,60.75830078125,60.81999969482422,60.744998931884766,60.80500030517578,11792
2026-01-21 15:40:00,60.81499862670898,60.81999969482422,60.77000045776367,60.77000045776367,9960
2026-01-21 15:45:00,60.75,60.810001373291016,60.73500061035156,60.73500061035156,15005
2026-01-21 15:50:00,60.72499847412109,60.915000915527344,60.720001220703125,60.88999938964844,14636
2026-01-21 15:55:00,60.89500045776367,60.89500045776367,60.84000015258789,60.86000061035156,7927
2026-01-21 16:00:00,60.8650016784668,60.869998931884766,60.790000915527344,60.790000915527344,12910
2026-01-21 16:05:00,60.790000915527344,60.84999847412109,60.790000915527344,60.845001220703125,8888
2026-01-21 16:10:00,60.84000015258789,60.84999847412109,60.82500076293945,60.845001220703125,12286
2026-01-21 16:15:00,60.84000015258789,60.86000061035156,60.810001373291016,60.81999969482422,11242
2026-01-21 16:20:00,60.810001373291016,60.869998931884766,60.810001373291016,60.834999084472656,16152
2026-01-21 16:25:00,60.83000183105469,60.84999847412109,60.810001373291016,60.810001373291016,9420
2026-01-21 16:30:00,60.81499862670898,60.84000015258789,60.810001373291016,60.810001373291016,12769
2026-01-21 16:35:00,60.81940078735352,60.8307991027832,60.78499984741211,60.79999923706055,14835
2026-01-21 16:40:00,60.810001373291016,60.90499877929688,60.80500030517578,60.90499877929688,13018
2026-01-21 16:45:00,60.88999938964844,60.9010009765625,60.869998931884766,60.9010009765625,12646
2026-01-21 16:50:00,60.88999938964844,60.88999938964844,60.84000015258789,60.84000015258789,12946
2026-01-21 16:55:00,60.84000015258789,60.880001068115234,60.82500076293945,60.83000183105469,13394
2026-01-21 17:00:00,60.82500076293945,60.86000061035156,60.775001525878906,60.79560089111328,11977
2026-01-21 17:05:00,60.78499984741211,60.78499984741211,60.72999954223633,60.77130126953125,13193
2026-01-21 17:10:00,60.7599983215332,60.81999969482422,60.72999954223633,60.73659896850586,13722
2026-01-21 17:15:00,60.7400016784668,60.75,60.66999816894531,60.72999954223633,12295
2026-01-21 17:20:00,60.73249816894531,60.78499984741211,60.72499847412109,60.78499984741211,10391
2026-01-21 17:25:00,60.77999877929688,60.869998931884766,60.755001068115234,60.869998931884766,12141
2026-01-21 17:30:00,60.88999938964844,60.93999862670898,60.869998931884766,60.93000030517578,10198
2026-01-21 17:35:00,60.92499923706055,60.95000076293945,60.91999816894531,60.92499923706055,9921
2026-01-21 17:40:00,60.935001373291016,60.93999862670898,60.86000061035156,60.86000061035156,10990
2026-01-21 17:45:00,60.85499954223633,60.880001068115234,60.79999923706055,60.79999923706055,14650
2026-01-21 17:50:00,60.77999877929688,60.81999969482422,60.77000045776367,60.810001373291016,12834
2026-01-21 17:55:00,60.79999923706055,60.79999923706055,60.68999862670898,60.69499969482422,11215
2026-01-21 18:00:00,60.68999862670898,60.68999862670898,60.47999954223633,60.5,28145
2026-01-21 18:05:00,60.5,60.540000915527344,60.47999954223633,60.4900016784668,11678
2026-01-21 18:10:00,60.47999954223633,60.56999969482422,60.47999954223633,60.52999877929688,15605
2026-01-21 18:15:00,60.53499984741211,60.540000915527344,60.45500183105469,60.45500183105469,51634
2026-01-21 18:20:00,60.45000076293945,60.45000076293945,60.400001525878906,60.435001373291016,20232
2026-01-21 18:30:00,60.48500061035156,60.525001525878906,60.47999954223633,60.51499938964844,51400
2026-01-21 18:35:00,60.5,60.51499938964844,60.459999084472656,60.470001220703125,28416
2026-01-21 18:40:00,60.45000076293945,60.459999084472656,60.41999816894531,60.41999816894531,18567
2026-01-21 18:45:00,60.41999816894531,60.4900016784668,60.39500045776367,60.459999084472656,26468
2026-01-21 18:50:00,60.470001220703125,60.470001220703125,60.400001525878906,60.400001525878906,10609
2026-01-21 18:55:00,60.380001068115234,60.38999938964844,60.29999923706055,60.29999923706055,13592
2026-01-21 19:00:00,60.31999969482422,60.34000015258789,60.310001373291016,60.31999969482422,14662
2026-01-21 19:05:00,60.31999969482422,60.400001525878906,60.31999969482422,60.39500045776367,15405
2026-01-21 19:10:00,60.400001525878906,60.415000915527344,60.36000061035156,60.39950180053711,24002
2026-01-21 19:15:00,60.38999938964844,60.400001525878906,60.31999969482422,60.334999084472656,23532
2026-01-21 19:20:00,60.334999084472656,60.34999847412109,60.310001373291016,60.34999847412109,18007
2026-01-21 19:25:00,60.34999847412109,60.3650016784668,60.29499816894531,60.29499816894531,54136
2026-01-21 19:30:00,60.310001373291016,60.31999969482422,60.095001220703125,60.150001525878906,46053
2026-01-21 19:35:00,60.130001068115234,60.16999816894531,59.90499877929688,59.90499877929688,68372
2026-01-21 19:40:00,60.09000015258789,60.20000076293945,60.09000015258789,60.150001525878906,54938
2026-01-21 19:45:00,60.15499877929688,60.15999984741211,60.01499938964844,60.130001068115234,59136
2026-01-21 19:50:00,60.130001068115234,60.19499969482422,60.040000915527344,60.04999923706055,19377
2026-01-21 19:55:00,60.02999877929688,60.09000015258789,59.95000076293945,60.02000045776367,37292
2026-01-21 20:00:00,60.02000045776367,60.060001373291016,59.930999755859375,60.060001373291016,42504
2026-01-21 20:05:00,60.04999923706055,60.084999084472656,59.9900016784668,59.994998931884766,17261
2026-01-21 20:10:00,60.0099983215332,60.060001373291016,60.0099983215332,60.060001373291016,21728
2026-01-21 20:15:00,60.08000183105469,60.1150016784668,59.9900016784668,60.11000061035156,30826
2026-01-21 20:20:00,60.09999847412109,60.11000061035156,60.03099822998047,60.03099822998047,24111
2026-01-21 20:25:00,60.040000915527344,60.150001525878906,59.97999954223633,60.09000015258789,26468
2026-01-21 20:30:00,60.08000183105469,60.119998931884766,60.04999923706055,60.11000061035156,48442
2026-01-21 20:35:00,60.11000061035156,60.20000076293945,60.11000061035156,60.18000030517578,38486
2026-01-21 20:40:00,60.18999862670898,60.220001220703125,60.1349983215332,60.1349983215332,40803
2026-01-21 20:45:00,60.130001068115234,60.150001525878906,60.04999923706055,60.06999969482422,70811
2026-01-21 20:50:00,60.06999969482422,60.125,60.01499938964844,60.06999969482422,103367
2026-01-21 20:55:00,60.08000183105469,60.11000061035156,59.970001220703125,59.9900016784668,250836
2026-01-22 14:30:00,59.880001068115234,60.15999984741211,59.880001068115234,60.15999984741211,17550
2026-01-22 14:35:00,60.18000030517578,60.36000061035156,60.18000030517578,60.25,10771
2026-01-22 14:40:00,60.26150131225586,60.26499938964844,60.0099983215332,60.04999923706055,37990
2026-01-22 14:45:00,60.06499862670898,60.09000015258789,59.86000061035156,59.91999816894531,10154
2026-01-22 14:50:00,59.91999816894531,60.0,59.80500030517578,59.80500030517578,92850
2026-01-22 14:55:00,59.83000183105469,60.0,59.83000183105469,59.9900016784668,16008
2026-01-22 15:00:00,59.99800109863281,60.0098991394043,59.915000915527344,59.92499923706055,22586
2026-01-22 15:05:00,59.93000030517578,60.060001373291016,59.92499923706055,60.060001373291016,13016
2026-01-22 15:10:00,60.07500076293945,60.27999877929688,60.0099983215332,60.27999877929688,26672
2026-01-22 15:15:00,60.310001373291016,60.494998931884766,60.220001220703125,60.494998931884766,29521
2026-01-22 15:20:00,60.494998931884766,60.540000915527344,60.43999862670898,60.43999862670898,36544
2026-01-22 15:25:00,60.43999862670898,60.5,60.41999816894531,60.5,22462
2026-01-22 15:30:00,60.5,60.52000045776367,60.38999938964844,60.38999938964844,12686
2026-01-22 15:35:00,60.380001068115234,60.3849983215332,60.29940032958984,60.34000015258789,15409
2026-01-22 15:40:00,60.30500030517578,60.38999938964844,60.29999923706055,60.367000579833984,24979
2026-01-22 15:45:00,60.3650016784668,60.40999984741211,60.34999847412109,60.40999984741211,8661
2026-01-22 15:50:00,60.40999984741211,60.40999984741211,60.33000183105469,60.3650016784668,35685
2026-01-22 15:55:00,60.35499954223633,60.35499954223633,60.310001373291016,60.310001373291016,12610
2026-01-22 16:00:00,60.30500030517578,60.34000015258789,60.275001525878906,60.28499984741211,13356
2026-01-22 16:05:00,60.275001525878906,60.33000183105469,60.275001525878906,60.31999969482422,15801
2026-01-22 16:10:00,60.334999084472656,60.43000030517578,60.31499862670898,60.41999816894531,33951
2026-01-22 16:15:00,60.43000030517578,60.459999084472656,60.42100143432617,60.45500183105469,20387
2026-01-22 16:20:00,60.45500183105469,60.45500183105469,60.41999816894531,60.42499923706055,9678
2026-01-22 16:25:00,60.42499923706055,60.43000030517578,60.369998931884766,60.369998931884766,14546
2026-01-22 16:30:00,60.36000061035156,60.380001068115234,60.29999923706055,60.369998931884766,14016
2026-01-22 16:35:00,60.36000061035156,60.369998931884766,60.275001525878906,60.31999969482422,9614
2026-01-22 16:40:00,60.310001373291016,60.369998931884766,60.310001373291016,60.369998931884766,8810
2026-01-22 16:45:00,60.369998931884766,60.37220001220703,60.310001373291016,60.310001373291016,7874
2026-01-22 16:50:00,60.290000915527344,60.31999969482422,60.2599983215332,60.2599983215332,11909
2026-01-22 16:55:00,60.2599983215332,60.2599983215332,60.18999862670898,60.18999862670898,8190
2026-01-22 17:00:00,60.18000030517578,60.18000030517578,60.130001068115234,60.14899826049805,8993
2026-01-22 17:05:00,60.13999938964844,60.150001525878906,60.09999847412109,60.1349983215332,8010
2026-01-22 17:10:00,60.13999938964844,60.22999954223633,60.130001068115234,60.21749877929688,14755
2026-01-22 17:15:00,60.22999954223633,60.375,60.22999954223633,60.35499954223633,18687
2026-01-22 17:20:00,60.35499954223633,60.459999084472656,60.35499954223633,60.43999862670898,22504
2026-01-22 17:25:00,60.43999862670898,60.43999862670898,60.3849983215332,60.400001525878906,19189
2026-01-22 17:30:00,60.400001525878906,60.560001373291016,60.400001525878906,60.505001068115234,48231
2026-01-22 17:35:00,60.5099983215332,60.54999923706055,60.494998931884766,60.540000915527344,11249
2026-01-22 17:40:00,60.54999923706055,60.54999923706055,60.48500061035156,60.52999877929688,16955
2026-01-22 17:45:00,60.52000045776367,60.540000915527344,60.49100112915039,60.5,8770
2026-01-22 17:50:00,60.5,60.560001373291016,60.48500061035156,60.54999923706055,125218
2026-01-22 17:55:00,60.54499816894531,60.54499816894531,60.459999084472656,60.52000045776367,113585
2026-01-22 18:00:00,60.52999877929688,60.56999969482422,60.4900016784668,60.4900016784668,10646
2026-01-22 18:05:00,60.4900016784668,60.494998931884766,60.369998931884766,60.380001068115234,8265
2026-01-22 18:10:00,60.369998931884766,60.369998931884766,60.27999877929688,60.31999969482422,15375
2026-01-22 18:15:00,60.310001373291016,60.369998931884766,60.310001373291016,60.3650016784668,11720
2026-01-22 18:20:00,60.369998931884766,60.470001220703125,60.34999847412109,60.459999084472656,13855
2026-01-22 18:25:00,60.459999084472656,60.459999084472656,60.380001068115234,60.415000915527344,16806
2026-01-22 18:30:00,60.41999816894531,60.5,60.41999816894531,60.47999954223633,13654
2026-01-22 18:35:00,60.48500061035156,60.52000045776367,60.459999084472656,60.470001220703125,13161
2026-01-22 18:40:00,60.5099983215332,60.52000045776367,60.47999954223633,60.47999954223633,6405
2026-01-22 18:45:00,60.47999954223633,60.48500061035156,60.459999084472656,60.470001220703125,11448
2026-01-22 18:50:00,60.470001220703125,60.47499847412109,60.400001525878906,60.400001525878906,11470
2026-01-22 18:55:00,60.38999938964844,60.52000045776367,60.3849983215332,60.52000045776367,15629
2026-01-22 19:00:00,60.52999877929688,60.54499816894531,60.470001220703125,60.5099983215332,26231
2026-01-22 19:05:00,60.5099983215332,60.64619827270508,60.5099983215332,60.64619827270508,21803
2026-01-22 19:10:00,60.63999938964844,60.650001525878906,60.56999969482422,60.58000183105469,16790
2026-01-22 19:15:00,60.58000183105469,60.58000183105469,60.5,60.5,16911
2026-01-22 19:20:00,60.5,60.59000015258789,60.5,60.59000015258789,21657
2026-01-22 19:25:00,60.59999847412109,60.60499954223633,60.540000915527344,60.56999969482422,19153
2026-01-22 19:30:00,60.56499862670898,60.59000015258789,60.52000045776367,60.56999969482422,22582
2026-01-22 19:35:00,60.56999969482422,60.58000183105469,60.47999954223633,60.5,15932
2026-01-22 19:40:00,60.4900016784668,60.52000045776367,60.459999084472656,60.47499847412109,26830
2026-01-22 19:45:00,60.47499847412109,60.630001068115234,60.470001220703125,60.625,29595
2026-01-22 19:50:00,60.630001068115234,60.66999816894531,60.6150016784668,60.625,31219
2026-01-22 19:55:00,60.625,60.650001525878906,60.58000183105469,60.58000183105469,28427
2026-01-22 20:00:00,60.57500076293945,60.63999938964844,60.560001373291016,60.6349983215332,41464
2026-01-22 20:05:00,60.6349983215332,60.66999816894531,60.619998931884766,60.665000915527344,39805
2026-01-22 20:10:00,60.665000915527344,60.7400016784668,60.665000915527344,60.72499847412109,32335
2026-01-22 20:15:00,60.72499847412109,60.72999954223633,60.65999984741211,60.65999984741211,35759
2026-01-22 20:20:00,60.66999816894531,60.72999954223633,60.630001068115234,60.630001068115234,56396
2026-01-22 20:25:00,60.630001068115234,60.67499923706055,60.61000061035156,60.665000915527344,44530
2026-01-22 20:30:00,60.66999816894531,60.75,60.65999984741211,60.720001220703125,30977
2026-01-22 20:35:00,60.720001220703125,60.77000045776367,60.70000076293945,60.7599983215332,31572
2026-01-22 20:40:00,60.7599983215332,60.77000045776367,60.65999984741211,60.7400016784668,78334
2026-01-22 20:45:00,60.7400016784668,60.79999923706055,60.7400016784668,60.79499816894531,56522
2026-01-22 20:50:00,60.79999923706055,61.06999969482422,60.77999877929688,61.04999923706055,104254
2026-01-22 20:55:00,61.060001373291016,61.06999969482422,61.0099983215332,61.04499816894531,202677
2026-01-23 14:30:00,61.11000061035156,61.75,60.889198303222656,61.68999862670898,56077
2026-01-23 14:35:00,61.70000076293945,61.880001068115234,61.604000091552734,61.81999969482422,24666
2026-01-23 14:40:00,61.81999969482422,61.84999847412109,61.65999984741211,61.72999954223633,10362
2026-01-23 14:45:00,61.720001220703125,61.810001373291016,61.44499969482422,61.44499969482422,19697
2026-01-23 14:50:00,61.41999816894531,61.52999877929688,61.34999847412109,61.40999984741211,24213
2026-01-23 14:55:00,61.459999084472656,61.54999923706055,61.34999847412109,61.54999923706055,13131
2026-01-23 15:00:00,61.560001373291016,61.59000015258789,61.400001525878906,61.415000915527344,13967
2026-01-23 15:05:00,61.415000915527344,61.415000915527344,61.33000183105469,61.40999984741211,16579
2026-01-23 15:10:00,61.380001068115234,61.41999816894531,61.310001373291016,61.31999969482422,16514
2026-01-23 15:15:00,61.310001373291016,61.400001525878906,61.310001373291016,61.399898529052734,20533
2026-01-23 15:20:00,61.400001525878906,61.5,61.38999938964844,61.42499923706055,16575
2026-01-23 15:25:00,61.43000030517578,61.43000030517578,61.25,61.25,14039
2026-01-23 15:30:00,61.290000915527344,61.38999938964844,61.27000045776367,61.3849983215332,13017
2026-01-23 15:35:00,61.369998931884766,61.37749862670898,61.275001525878906,61.31999969482422,16540
2026-01-23 15:40:00,61.33000183105469,61.415000915527344,61.33000183105469,61.415000915527344,12895
2026-01-23 15:45:00,61.42499923706055,61.5,61.380001068115234,61.47499847412109,13318
2026-01-23 15:50:00,61.47499847412109,61.47499847412109,61.33000183105469,61.375,16604
2026-01-23 15:55:00,61.380001068115234,61.39500045776367,61.275001525878906,61.27999877929688,10291
2026-01-23 16:00:00,61.2599983215332,61.38999938964844,61.2400016784668,61.369998931884766,14994
2026-01-23 16:05:00,61.369998931884766,61.415000915527344,61.36000061035156,61.369998931884766,12816
2026-01-23 16:10:00,61.34999847412109,61.369998931884766,61.31570816040039,61.31570816040039,9257
2026-01-23 16:15:00,61.33000183105469,61.43000030517578,61.33000183105469,61.380001068115234,14256
2026-01-23 16:20:00,61.380001068115234,61.400001525878906,61.31999969482422,61.400001525878906,12179
2026-01-23 16:25:00,61.40999984741211,61.40999984741211,61.2599983215332,61.2599983215332,16177
2026-01-23 16:30:00,61.25,61.25,61.150001525878906,61.150001525878906,11728
2026-01-23 16:35:00,61.16999816894531,61.209999084472656,61.119998931884766,61.18000030517578,19360
2026-01-23 16:40:00,61.19499969482422,61.220001220703125,61.119998931884766,61.209999084472656,18428
2026-01-23 16:45:00,61.22159957885742,61.25,61.16999816894531,61.20000076293945,14292
2026-01-23 16:50:00,61.16999816894531,61.16999816894531,61.130001068115234,61.15999984741211,7957
2026-01-23 16:55:00,61.150001525878906,61.244998931884766,61.130001068115234,61.20500183105469,12589
2026-01-23 17:00:00,61.20500183105469,61.25,61.18999862670898,61.2400016784668,9135
2026-01-23 17:05:00,61.22999954223633,61.27000045776367,61.220001220703125,61.22999954223633,11387
2026-01-23 17:10:00,61.22499847412109,61.22499847412109,61.18000030517578,61.18999862670898,7713
2026-01-23 17:15:00,61.20000076293945,61.220001220703125,61.16999816894531,61.16999816894531,10253
2026-01-23 17:20:00,61.18000030517578,61.21500015258789,61.15999984741211,61.20000076293945,11174
2026-01-23 17:25:00,61.18000030517578,61.380001068115234,61.16999816894531,61.35499954223633,15211
2026-01-23 17:30:00,61.369998931884766,61.459999084472656,61.369998931884766,61.41999816894531,8778
2026-01-23 17:35:00,61.41999816894531,61.4900016784668,61.400001525878906,61.4900016784668,7017
2026-01-23 17:40:00,61.5,61.53499984741211,61.5,61.52000045776367,9852
2026-01-23 17:45:00,61.5,61.5099983215332,61.45500183105469,61.459999084472656,6346
2026-01-23 17:50:00,61.45989990234375,61.4900016784668,61.45000076293945,61.48500061035156,6131
2026-01-23 17:55:00,61.47999954223633,61.47999954223633,61.34999847412109,61.34999847412109,6562
2026-01-23 18:00:00,61.35499954223633,61.369998931884766,61.290000915527344,61.31999969482422,8150
2026-01-23 18:05:00,61.31499862670898,61.34999847412109,61.29010009765625,61.34000015258789,6658
2026-01-23 18:10:00,61.34999847412109,61.375,61.27009963989258,61.29999923706055,12779
2026-01-23 18:15:00,61.29999923706055,61.310001373291016,61.27999877929688,61.29499816894531,11527
2026-01-23 18:20:00,61.29999923706055,61.34000015258789,61.29999923706055,61.310001373291016,8036
2026-01-23 18:25:00,61.33000183105469,61.34999847412109,61.31999969482422,61.34999847412109,9846
2026-01-23 18:30:00,61.34000015258789,61.45000076293945,61.34000015258789,61.38999938964844,26918
2026-01-23 18:35:00,61.39500045776367,61.43999862670898,61.3849983215332,61.41999816894531,8310
2026-01-23 18:40:00,61.41999816894531,61.4900016784668,61.41999816894531,61.4900016784668,16896
2026-01-23 18:45:00,61.4900016784668,61.4900016784668,61.459999084472656,61.4900016784668,9259
2026-01-23 18:50:00,61.48989868164063,61.4900016784668,61.43999862670898,61.43999862670898,17881
2026-01-23 18:55:00,61.43999862670898,61.459999084472656,61.33000183105469,61.3849983215332,26263
2026-01-23 19:00:00,61.400001525878906,61.41249847412109,61.380001068115234,61.380001068115234,9016
2026-01-23 19:05:00,61.369998931884766,61.40999984741211,61.36000061035156,61.40999984741211,10071
2026-01-23 19:10:00,61.40499877929688,61.470001220703125,61.400001525878906,61.45000076293945,10302
2026-01-23 19:15:00,61.43999862670898,61.470001220703125,61.43870162963867,61.470001220703125,8675
2026-01-23 19:20:00,61.47999954223633,61.58000183105469,61.47999954223633,61.560001373291016,20083
2026-01-23 19:25:00,61.560001373291016,61.61000061035156,61.560001373291016,61.60100173950195,13943
2026-01-23 19:30:00,61.59999847412109,61.59999847412109,61.5,61.5,17824
2026-01-23 19:35:00,61.47999954223633,61.47999954223633,61.435001373291016,61.45000076293945,12992
2026-01-23 19:40:00,61.45100021362305,61.46500015258789,61.42499923706055,61.46500015258789,9957
2026-01-23 19:45:00,61.470001220703125,61.55500030517578,61.470001220703125,61.540000915527344,16241
2026-01-23 19:50:00,61.52999877929688,61.54999923706055,61.470001220703125,61.48500061035156,27075
2026-01-23 19:55:00,61.5,61.540000915527344,61.4900016784668,61.51499938964844,9584
2026-01-23 20:00:00,61.51499938964844,61.56499862670898,61.48099899291992,61.540000915527344,22385
2026-01-23 20:05:00,61.540000915527344,61.54499816894531,61.430999755859375,61.44499969482422,27336
2026-01-23 20:10:00,61.46500015258789,61.51499938964844,61.45000076293945,61.45000076293945,17253
2026-01-23 20:15:00,61.459999084472656,61.52000045776367,61.459999084472656,61.48099899291992,17465
2026-01-23 20:20:00,61.4900016784668,61.54499816894531,61.470001220703125,61.52000045776367,20762
2026-01-23 20:25:00,61.52000045776367,61.52999877929688,61.46500015258789,61.470001220703125,24468
2026-01-23 20:30:00,61.470001220703125,61.52000045776367,61.43000030517578,61.459999084472656,20377
2026-01-23 20:35:00,61.459999084472656,61.459999084472656,61.41999816894531,61.459999084472656,27648
2026-01-23 20:40:00,61.459999084472656,61.5,61.459999084472656,61.470001220703125,34658
2026-01-23 20:45:00,61.4900016784668,61.58000183105469,61.48500061035156,61.52999877929688,44577
2026-01-23 20:50:00,61.525001525878906,61.70000076293945,61.525001525878906,61.63999938964844,99725
2026-01-23 20:55:00,61.63999938964844,61.69499969482422,61.59999847412109,61.66999816894531,247478
2026-01-26 14:30:00,62.0,62.79999923706055,61.915000915527344,62.375,97815
2026-01-26 14:35:00,62.45000076293945,62.65999984741211,62.380001068115234,62.650001525878906,30256
2026-01-26 14:40:00,62.61370086669922,62.84999847412109,62.61370086669922,62.69499969482422,36918
2026-01-26 14:45:00,62.68999862670898,63.119998931884766,62.68999862670898,63.119998931884766,79936
2026-01-26 14:50:00,63.09000015258789,63.09000015258789,62.89599990844727,63.04899978637695,38196
2026-01-26 14:55:00,63.04999923706055,63.150001525878906,62.93000030517578,63.13999938964844,30930
2026-01-26 15:00:00,63.16999816894531,63.2599983215332,63.02999877929688,63.121089935302734,39790
2026-01-26 15:05:00,63.09999847412109,63.220001220703125,62.98500061035156,63.16999816894531,36870
2026-01-26 15:10:00,63.15999984741211,63.34000015258789,63.150001525878906,63.22999954223633,27311
2026-01-26 15:15:00,63.22999954223633,63.2599983215332,63.18000030517578,63.244998931884766,25576
2026-01-26 15:20:00,63.25,63.4900016784668,63.209999084472656,63.459999084472656,38883
2026-01-26 15:25:00,63.47999954223633,63.5,63.34999847412109,63.375,55409
2026-01-26 15:30:00,63.380001068115234,63.46379852294922,63.2599983215332,63.30699920654297,40539
2026-01-26 15:35:00,63.27000045776367,63.310001373291016,63.20000076293945,63.275001525878906,34153
2026-01-26 15:40:00,63.27000045776367,63.45000076293945,63.2599983215332,63.27999877929688,35998
2026-01-26 15:45:00,63.27999877929688,63.31999969482422,63.25,63.27999877929688,14167
2026-01-26 15:50:00,63.27999877929688,63.29999923706055,63.1150016784668,63.20719909667969,27561
2026-01-26 15:55:00,63.220001220703125,63.220001220703125,63.130001068115234,63.13999938964844,26623
2026-01-26 16:00:00,63.150001525878906,63.400001525878906,63.13999938964844,63.36000061035156,30861
2026-01-26 16:05:00,63.33000183105469,63.34000015258789,63.220001220703125,63.25,28468
2026-01-26 16:10:00,63.2599983215332,63.33000183105469,63.244998931884766,63.27999877929688,17971
2026-01-26 16:15:00,63.27999877929688,63.34000015258789,63.25,63.31499862670898,17826
2026-01-26 16:20:00,63.32279968261719,63.33000183105469,63.2400016784668,63.33000183105469,30028
2026-01-26 16:25:00,63.310001373291016,63.38999938964844,63.29999923706055,63.31499862670898,20119
2026-01-26 16:30:00,63.31499862670898,63.31499862670898,63.06999969482422,63.09999847412109,21909
2026-01-26 16:35:00,63.09999847412109,63.119998931884766,63.02999877929688,63.119998931884766,15780
2026-01-26 16:40:00,63.1150016784668,63.15999984741211,63.04999923706055,63.04999923706055,26269
2026-01-26 16:45:00,63.06999969482422,63.150001525878906,63.06999969482422,63.119998931884766,11501
2026-01-26 16:50:00,63.1349983215332,63.18999862670898,63.119998931884766,63.13999938964844,18456
2026-01-26 16:55:00,63.150001525878906,63.16939926147461,63.08000183105469,63.15999984741211,15386
2026-01-26 17:00:00,63.18000030517578,63.290000915527344,63.15999984741211,63.22499847412109,20578
2026-01-26 17:05:00,63.2400016784668,63.41999816894531,63.2400016784668,63.380001068115234,41487
2026-01-26 17:10:00,63.369998931884766,63.380001068115234,63.290000915527344,63.32899856567383,17418
2026-01-26 17:15:00,63.31999969482422,63.34999847412109,63.2400016784668,63.2599983215332,20953
2026-01-26 17:20:00,63.2400016784668,63.27999877929688,63.13999938964844,63.18999862670898,21240
2026-01-26 17:25:00,63.16999816894531,63.29999923706055,63.16999816894531,63.29999923706055,18117
2026-01-26 17:30:00,63.30500030517578,63.400001525878906,63.29999923706055,63.36000061035156,30830
2026-01-26 17:35:00,63.3650016784668,63.40079879760742,63.34999847412109,63.380001068115234,19967
2026-01-26 17:40:00,63.38999938964844,63.459999084472656,63.38999938964844,63.42649841308594,42323
2026-01-26 17:45:00,63.42499923706055,63.43999862670898,63.41999816894531,63.43999862670898,12945
2026-01-26 17:50:00,63.45000076293945,63.45000076293945,63.32500076293945,63.42499923706055,29517
2026-01-26 17:55:00,63.40999984741211,63.42499923706055,63.345001220703125,63.345001220703125,16292
2026-01-26 18:00:00,63.345001220703125,63.345001220703125,63.28499984741211,63.29999923706055,25888
2026-01-26 18:05:00,63.29999923706055,63.34999847412109,63.27000045776367,63.31999969482422,21912
2026-01-26 18:10:00,63.34000015258789,63.38100051879883,63.33000183105469,63.36000061035156,30492
2026-01-26 18:15:00,63.36000061035156,63.41999816894531,63.310001373291016,63.41999816894531,12315
2026-01-26 18:20:00,63.39500045776367,63.419898986816406,63.369998931884766,63.369998931884766,18062
2026-01-26 18:25:00,63.38999938964844,63.43999862670898,63.38999938964844,63.42499923706055,12512
2026-01-26 18:30:00,63.43999862670898,63.5,63.41999816894531,63.49290084838867,15940
2026-01-26 18:35:00,63.4900016784668,63.52999877929688,63.459999084472656,63.4900016784668,28274
2026-01-26 18:40:00,63.47999954223633,63.4900016784668,63.45589828491211,63.459999084472656,16672
2026-01-26 18:45:00,63.470001220703125,63.5099983215332,63.470001220703125,63.5099983215332,16155
2026-01-26 18:50:00,63.5099983215332,63.54999923706055,63.4900016784668,63.540000915527344,19075
2026-01-26 18:55:00,63.52999877929688,63.56499862670898,63.459999084472656,63.52000045776367,45215
2026-01-26 19:00:00,63.52000045776367,63.52000045776367,63.44499969482422,63.4900016784668,18092
2026-01-26 19:05:00,63.47499847412109,63.47499847412109,63.35499954223633,63.35499954223633,21038
2026-01-26 19:10:00,63.35499954223633,63.5099983215332,63.35499954223633,63.44499969482422,16405
2026-01-26 19:15:00,63.43999862670898,63.470001220703125,63.41999816894531,63.42499923706055,14869
2026-01-26 19:20:00,63.42499923706055,63.4900016784668,63.41999816894531,63.4900016784668,17612
2026-01-26 19:25:00,63.49079895019531,63.525001525878906,63.47499847412109,63.4900016784668,18766
2026-01-26 19:30:00,63.47999954223633,63.5,63.44499969482422,63.45000076293945,17888
2026-01-26 19:35:00,63.44010162353516,63.46500015258789,63.40999984741211,63.45000076293945,24186
2026-01-26 19:40:00,63.43999862670898,63.47999954223633,63.41999816894531,63.45000076293945,21388
2026-01-26 19:45:00,63.45000076293945,63.5099983215332,63.43999862670898,63.470001220703125,28217
2026-01-26 19:50:00,63.470001220703125,63.540000915527344,63.459999084472656,63.52000045776367,41023
2026-01-26 19:55:00,63.52000045776367,63.560001373291016,63.49100112915039,63.560001373291016,30315
2026-01-26 20:00:00,63.560001373291016,63.560001373291016,63.5099983215332,63.55500030517578,25447
2026-01-26 20:05:00,63.55500030517578,63.57540130615234,63.52999877929688,63.54999923706055,25711
2026-01-26 20:10:00,63.560001373291016,63.64500045776367,63.560001373291016,63.61000061035156,34625
2026-01-26 20:15:00,63.59999847412109,63.61000061035156,63.47999954223633,63.52999877929688,54302
2026-01-26 20:20:00,63.53499984741211,63.55500030517578,63.4900016784668,63.5099983215332,41645
2026-01-26 20:25:00,63.5,63.560001373291016,63.469200134277344,63.55500030517578,31046
2026-01-26 20:30:00,63.560001373291016,63.63999938964844,63.560001373291016,63.61100006103516,46352
2026-01-26 20:35:00,63.61000061035156,63.6349983215332,63.54999923706055,63.630001068115234,44534
2026-01-26 20:40:00,63.630001068115234,63.67499923706055,63.61000061035156,63.64500045776367,57929
2026-01-26 20:45:00,63.63999938964844,63.65999984741211,63.584999084472656,63.63249969482422,93567
2026-01-26 20:50:00,63.619998931884766,63.720001220703125,63.619998931884766,63.68999862670898,176735
2026-01-26 20:55:00,63.68999862670898,63.75,63.59999847412109,63.7400016784668,376163
2026-01-27 14:30:00,63.619998931884766,63.959999084472656,63.470001220703125,63.8849983215332,52428
2026-01-27 14:35:00,63.900001525878906,64.06999969482422,63.70009994506836,64.06999969482422,18173
2026-01-27 14:40:00,64.0250015258789,64.13999938964844,64.0250015258789,64.07499694824219,20914
2026-01-27 14:45:00,64.11000061035156,64.1500015258789,64.0,64.00749969482422,30600
2026-01-27 14:50:00,64.02999877929688,64.13999938964844,63.95000076293945,64.0999984741211,33036
2026-01-27 14:55:00,64.1050033569336,64.22000122070312,64.04000091552734,64.18499755859375,39926
2026-01-27 15:00:00,64.19999694824219,64.19999694824219,64.0999984741211,64.11000061035156,38925
2026-01-27 15:05:00,64.12000274658203,64.3499984741211,64.08000183105469,64.30500030517578,32598
2026-01-27 15:10:00,64.30999755859375,64.44000244140625,64.30000305175781,64.44000244140625,42363
2026-01-27 15:15:00,64.44999694824219,64.47000122070312,64.4000015258789,64.44499969482422,38473
2026-01-27 15:20:00,64.44499969482422,64.50499725341797,64.38999938964844,64.47000122070312,36483
2026-01-27 15:25:00,64.46499633789062,64.5199966430664,64.44999694824219,64.4749984741211,18951
2026-01-27 15:30:00,64.47000122070312,64.62000274658203,64.47000122070312,64.58000183105469,26302
2026-01-27 15:35:00,64.62000274658203,64.66000366210938,64.5199966430664,64.55000305175781,46605
2026-01-27 15:40:00,64.55000305175781,64.57499694824219,64.5199966430664,64.54499816894531,15394
2026-01-27 15:45:00,64.54499816894531,64.61499786376953,64.51000213623047,64.56999969482422,26465
2026-01-27 15:50:00,64.58000183105469,64.63500213623047,64.58000183105469,64.61000061035156,22713
2026-01-27 15:55:00,64.62999725341797,64.67500305175781,64.5999984741211,64.63999938964844,20647
2026-01-27 16:00:00,64.6449966430664,64.79000091552734,64.6449966430664,64.77999877929688,39693
2026-01-27 16:05:00,64.79000091552734,64.79000091552734,64.70999908447266,64.72000122070312,23269
2026-01-27 16:10:00,64.70999908447266,64.80000305175781,64.70999908447266,64.76499938964844,23025
2026-01-27 16:15:00,64.77999877929688,64.83000183105469,64.77999877929688,64.81500244140625,32381
2026-01-27 16:20:00,64.80010223388672,64.83000183105469,64.68000030517578,64.69000244140625,33730
2026-01-27 16:25:00,64.69000244140625,64.7249984741211,64.58999633789062,64.70500183105469,42293
2026-01-27 16:30:00,64.66999816894531,64.77999877929688,64.66000366210938,64.77999877929688,18098
2026-01-27 16:35:00,64.79000091552734,64.83999633789062,64.7699966430664,64.77999877929688,14560
2026-01-27 16:40:00,64.7699966430664,64.77999877929688,64.73999786376953,64.7750015258789,13248
2026-01-27 16:45:00,64.76000213623047,64.80500030517578,64.7300033569336,64.7699966430664,17272
2026-01-27 16:50:00,64.75,64.76000213623047,64.65499877929688,64.68000030517578,19065
2026-01-27 16:55:00,64.62999725341797,64.68000030517578,64.62059783935547,64.66000366210938,12584
2026-01-27 17:00:00,64.66000366210938,64.70099639892578,64.66000366210938,64.69999694824219,12186
2026-01-27 17:05:00,64.69000244140625,64.69999694824219,64.62999725341797,64.69000244140625,21972
2026-01-27 17:10:00,64.70999908447266,64.73999786376953,64.62000274658203,64.625,16152
2026-01-27 17:15:00,64.63999938964844,64.69000244140625,64.58999633789062,64.62999725341797,89049
2026-01-27 17:20:00,64.62000274658203,64.69000244140625,64.61000061035156,64.68000030517578,17049
2026-01-27 17:25:00,64.68000030517578,64.69000244140625,64.5999984741211,64.64250183105469,13119
2026-01-27 17:30:00,64.61000061035156,64.63999938964844,64.58999633789062,64.62000274658203,9834
2026-01-27 17:35:00,64.5999984741211,64.63999938964844,64.58999633789062,64.63999938964844,9713
2026-01-27 17:40:00,64.62999725341797,64.66000366210938,64.61000061035156,64.63500213623047,24360
2026-01-27 17:45:00,64.63899993896484,64.66000366210938,64.62000274658203,64.62999725341797,18886
2026-01-27 17:50:00,64.62539672851562,64.69000244140625,64.62539672851562,64.69000244140625,9920
2026-01-27 17:55:00,64.68000030517578,64.68000030517578,64.62999725341797,64.65499877929688,15607
2026-01-27 18:00:00,64.63999938964844,64.75,64.63999938964844,64.75,8775
2026-01-27 18:05:00,64.73999786376953,64.7750015258789,64.72000122070312,64.75,11307
2026-01-27 18:10:00,64.73999786376953,64.75,64.69999694824219,64.72000122070312,11729
2026-01-27 18:15:00,64.7300033569336,64.83000183105469,64.7300033569336,64.83000183105469,10309
2026-01-27 18:20:00,64.83000183105469,64.83999633789062,64.80000305175781,64.81999969482422,12710
2026-01-27 18:25:00,64.83000183105469,64.88999938964844,64.81500244140625,64.81500244140625,24651
2026-01-27 18:30:00,64.81999969482422,64.88999938964844,64.81999969482422,64.88999938964844,15803
2026-01-27 18:35:00,64.91000366210938,64.92500305175781,64.88999938964844,64.90910339355469,16692
2026-01-27 18:40:00,64.89350128173828,64.91000366210938,64.86000061035156,64.88999938964844,10466
2026-01-27 18:45:00,64.9000015258789,64.9000015258789,64.87999725341797,64.89080047607422,4620
2026-01-27 18:50:00,64.89080047607422,64.95999908447266,64.89080047607422,64.95999908447266,20082
2026-01-27 18:55:00,64.95999908447266,64.98999786376953,64.95999908447266,64.97000122070312,18789
2026-01-27 19:00:00,64.95999908447266,65.11000061035156,64.95999908447266,65.11000061035156,40253
2026-01-27 19:05:00,65.11000061035156,65.12999725341797,65.08000183105469,65.12999725341797,24622
2026-01-27 19:10:00,65.12999725341797,65.16999816894531,65.11000061035156,65.11499786376953,58952
2026-01-27 19:15:00,65.11000061035156,65.19999694824219,65.11000061035156,65.16000366210938,15152
2026-01-27 19:20:00,65.16999816894531,65.23999786376953,65.16999816894531,65.2300033569336,11916
2026-01-27 19:25:00,65.2300033569336,65.29000091552734,65.2300033569336,65.28500366210938,13659
2026-01-27 19:30:00,65.30000305175781,65.58999633789062,65.29499816894531,65.58999633789062,37480
2026-01-27 19:35:00,65.58999633789062,65.61000061035156,65.52999877929688,65.52999877929688,30439
2026-01-27 19:40:00,65.52999877929688,65.60099792480469,65.51499938964844,65.56500244140625,43287
2026-01-27 19:45:00,65.56500244140625,65.61000061035156,65.54000091552734,65.55999755859375,23138
2026-01-27 19:50:00,65.56500244140625,65.62999725341797,65.54000091552734,65.59500122070312,55248
2026-01-27 19:55:00,65.61000061035156,65.63500213623047,65.58000183105469,65.62000274658203,30884
2026-01-27 20:00:00,65.62000274658203,65.7699966430664,65.59500122070312,65.73500061035156,65207
2026-01-27 20:05:00,65.73500061035156,65.73500061035156,65.62999725341797,65.63839721679688,38661
2026-01-27 20:10:00,65.63999938964844,65.69999694824219,65.56999969482422,65.58000183105469,39482
2026-01-27 20:15:00,65.56999969482422,65.56999969482422,65.3949966430664,65.41999816894531,52179
2026-01-27 20:20:00,65.4000015258789,65.44999694824219,65.37999725341797,65.42980194091797,31400
2026-01-27 20:25:00,65.43000030517578,65.4800033569336,65.41999816894531,65.4749984741211,22676
2026-01-27 20:30:00,65.45999908447266,65.55500030517578,65.41999816894531,65.5199966430664,36482
2026-01-27 20:35:00,65.5250015258789,65.58999633789062,65.51000213623047,65.54000091552734,43587
2026-01-27 20:40:00,65.54499816894531,65.6050033569336,65.5199966430664,65.6050033569336,45130
2026-01-27 20:45:00,65.60070037841797,65.71499633789062,65.58000183105469,65.66000366210938,102893
2026-01-27 20:50:00,65.68000030517578,65.79499816894531,65.63999938964844,65.75499725341797,125396
2026-01-27 20:55:00,65.75499725341797,65.8499984741211,65.73999786376953,65.75,392724
2026-01-28 14:30:00,65.55000305175781,65.83999633789062,65.44999694824219,65.82499694824219,77555
2026-01-28 14:35:00,65.87999725341797,65.96170043945312,65.62999725341797,65.79000091552734,15722
2026-01-28 14:40:00,65.77989959716797,65.93000030517578,65.73999786376953,65.90499877929688,51359
2026-01-28 14:45:00,65.91000366210938,65.94000244140625,65.62000274658203,65.66000366210938,31382
2026-01-28 14:50:00,65.61000061035156,65.66999816894531,65.3949966430664,65.3949966430664,33888
2026-01-28 14:55:00,65.3949966430664,65.4800033569336,65.2300033569336,65.33499908447266,37728
2026-01-28 15:00:00,65.33499908447266,65.4800033569336,65.28500366210938,65.41000366210938,26113
2026-01-28 15:05:00,65.37999725341797,65.41999816894531,65.3499984741211,65.38999938964844,25321
2026-01-28 15:10:00,65.41000366210938,65.43499755859375,65.31500244140625,65.33000183105469,24378
2026-01-28 15:15:00,65.33499908447266,65.37999725341797,65.30999755859375,65.3499984741211,15412
2026-01-28 15:20:00,65.36000061035156,65.4000015258789,65.30999755859375,65.4000015258789,19373
2026-01-28 15:25:00,65.4000015258789,65.4000015258789,65.31999969482422,65.33000183105469,19632
2026-01-28 15:30:00,65.33499908447266,65.37000274658203,65.27999877929688,65.37000274658203,24239
2026-01-28 15:35:00,65.37999725341797,65.4000015258789,65.29499816894531,65.30000305175781,17100
2026-01-28 15:40:00,65.30000305175781,65.47000122070312,65.30000305175781,65.47000122070312,30111
2026-01-28 15:45:00,65.45999908447266,65.62000274658203,65.44999694824219,65.47000122070312,20968
2026-01-28 15:50:00,65.4800033569336,65.4800033569336,65.36009979248047,65.44499969482422,15910
2026-01-28 15:55:00,65.44499969482422,65.44499969482422,65.33999633789062,65.37999725341797,16128
2026-01-28 16:00:00,65.37999725341797,65.38999938964844,65.26000213623047,65.2699966430664,16396
2026-01-28 16:05:00,65.27999877929688,65.3550033569336,65.26599884033203,65.32499694824219,12287
2026-01-28 16:10:00,65.33999633789062,65.3550033569336,65.29000091552734,65.33499908447266,17945
2026-01-28 16:15:00,65.33499908447266,65.37999725341797,65.30999755859375,65.31999969482422,19655
2026-01-28 16:20:00,65.31999969482422,65.36000061035156,65.25499725341797,65.26000213623047,26842
2026-01-28 16:25:00,65.26000213623047,65.29000091552734,65.20999908447266,65.25,21685
2026-01-28 16:30:00,65.2300033569336,65.2300033569336,65.1500015258789,65.17500305175781,14669
2026-01-28 16:35:00,65.17500305175781,65.17500305175781,65.08999633789062,65.11000061035156,18842
2026-01-28 16:40:00,65.1050033569336,65.18000030517578,65.04000091552734,65.17500305175781,20306
2026-01-28 16:45:00,65.19000244140625,65.22000122070312,65.13999938964844,65.1500015258789,19583
2026-01-28 16:50:00,65.13999938964844,65.19000244140625,65.13999938964844,65.19000244140625,18298
2026-01-28 16:55:00,65.16999816894531,65.19000244140625,65.11499786376953,65.18499755859375,18128
2026-01-28 17:00:00,65.18499755859375,65.20999908447266,65.18499755859375,65.19999694824219,15986
2026-01-28 17:05:00,65.19999694824219,65.2699966430664,65.18499755859375,65.25,40805
2026-01-28 17:10:00,65.2699966430664,65.36000061035156,65.24009704589844,65.36000061035156,18024
2026-01-28 17:15:00,65.3499984741211,65.4916000366211,65.3499984741211,65.4000015258789,40206
2026-01-28 17:20:00,65.4000015258789,65.44000244140625,65.38999938964844,65.43000030517578,13193
2026-01-28 17:25:00,65.43000030517578,65.44999694824219,65.39009857177734,65.44999694824219,12088
2026-01-28 17:30:00,65.44999694824219,65.49500274658203,65.38999938964844,65.48500061035156,19131
2026-01-28 17:35:00,65.5,65.52999877929688,65.41500091552734,65.41500091552734,145473
2026-01-28 17:40:00,65.41500091552734,65.44999694824219,65.22000122070312,65.22000122070312,18411
2026-01-28 17:45:00,65.20500183105469,65.2300033569336,65.12000274658203,65.1500015258789,21626
2026-01-28 17:50:00,65.1500015258789,65.23999786376953,65.08999633789062,65.16999816894531,26086
2026-01-28 17:55:00,65.18000030517578,65.18000030517578,65.02999877929688,65.05500030517578,92401
2026-01-28 18:00:00,65.05999755859375,65.11499786376953,65.05000305175781,65.11000061035156,30948
2026-01-28 18:05:00,65.11000061035156,65.26000213623047,65.11000061035156,65.26000213623047,17176
2026-01-28 18:10:00,65.2699966430664,65.29000091552734,65.15499877929688,65.17500305175781,24142
2026-01-28 18:15:00,65.19000244140625,65.23999786376953,65.1500015258789,65.23999786376953,15669
2026-01-28 18:20:00,65.23999786376953,65.23999786376953,65.17500305175781,65.17500305175781,11139
2026-01-28 18:25:00,65.17500305175781,65.18000030517578,65.02999877929688,65.08000183105469,57577
2026-01-28 18:30:00,65.08499908447266,65.12000274658203,65.03009796142578,65.08000183105469,20168
2026-01-28 18:35:00,65.08999633789062,65.13500213623047,65.08000183105469,65.11000061035156,12317
2026-01-28 18:40:00,65.125,65.125,64.97000122070312,64.97000122070312,14120
2026-01-28 18:45:00,64.9800033569336,65.1500015258789,64.96499633789062,65.04499816894531,98401
2026-01-28 18:50:00,65.02999877929688,65.05500030517578,64.88500213623047,64.9000015258789,41432
2026-01-28 18:55:00,64.88999938964844,65.0199966430664,64.86000061035156,65.0199966430664,18409
2026-01-28 19:00:00,65.03500366210938,65.04900360107422,64.95010375976562,65.0199966430664,16206
2026-01-28 19:05:00,65.0199966430664,65.03880310058594,64.94000244140625,64.98999786376953,16937
2026-01-28 19:10:00,64.99909973144531,65.0,64.88999938964844,64.91999816894531,16164
2026-01-28 19:15:00,64.9000015258789,64.9000015258789,64.83000183105469,64.83499908447266,15411
2026-01-28 19:20:00,64.83999633789062,64.91000366210938,64.7699966430664,64.79000091552734,18270
2026-01-28 19:25:00,64.7699966430664,64.78500366210938,64.62999725341797,64.63999938964844,28646
2026-01-28 19:30:00,64.62999725341797,64.80000305175781,64.53350067138672,64.6500015258789,55760
2026-01-28 19:35:00,64.69000244140625,64.72750091552734,64.4000015258789,64.54000091552734,31984
2026-01-28 19:40:00,64.52999877929688,64.53500366210938,64.37999725341797,64.37999725341797,27419
2026-01-28 19:45:00,64.37999725341797,64.44000244140625,64.37999725341797,64.44000244140625,20608
2026-01-28 19:50:00,64.42500305175781,64.44249725341797,64.375,64.3949966430664,23852
2026-01-28 19:55:00,64.3949966430664,64.45999908447266,64.33000183105469,64.45999908447266,27832
2026-01-28 20:00:00,64.47000122070312,64.59500122070312,64.45500183105469,64.56999969482422,21892
2026-01-28 20:05:00,64.55000305175781,64.68000030517578,64.52999877929688,64.55500030517578,30605
2026-01-28 20:10:00,64.55500030517578,64.61499786376953,64.4800033569336,64.4800033569336,30264
2026-01-28 20:15:00,64.4800033569336,64.52999877929688,64.45500183105469,64.4800033569336,20981
2026-01-28 20:20:00,64.48750305175781,64.56999969482422,64.45999908447266,64.55000305175781,30419
2026-01-28 20:25:00,64.54000091552734,64.63999938964844,64.54000091552734,64.63999938964844,23366
2026-01-28 20:30:00,64.62999725341797,64.66500091552734,64.56999969482422,64.63999938964844,31071
2026-01-28 20:35:00,64.62999725341797,64.69000244140625,64.5999984741211,64.69000244140625,32896
2026-01-28 20:40:00,64.68000030517578,64.70500183105469,64.5999984741211,64.5999984741211,40637
2026-01-28 20:45:00,64.61499786376953,64.66000366210938,64.54000091552734,64.55999755859375,55270
2026-01-28 20:50:00,64.57499694824219,64.69000244140625,64.55000305175781,64.66999816894531,91651
2026-01-28 20:55:00,64.66000366210938,64.68000030517578,64.55000305175781,64.5999984741211,277005
2026-01-29 14:30:00,64.94000244140625,65.26000213623047,64.91000366210938,65.26000213623047,24972
2026-01-29 14:35:00,65.30000305175781,65.88999938964844,65.30000305175781,65.70999908447266,27654
2026-01-29 14:40:00,65.70220184326172,65.70999908447266,65.26000213623047,65.26000213623047,20079
2026-01-29 14:45:00,65.26499938964844,65.38999938964844,65.22010040283203,65.26000213623047,22122
2026-01-29 14:50:00,65.29000091552734,65.51000213623047,65.20999908447266,65.51000213623047,25947
2026-01-29 14:55:00,65.5,65.5250015258789,65.37000274658203,65.4000015258789,20714
2026-01-29 15:00:00,65.4000015258789,65.44999694824219,65.3499984741211,65.44499969482422,20233
2026-01-29 15:05:00,65.44499969482422,65.47000122070312,65.30999755859375,65.33999633789062,17529
2026-01-29 15:10:00,65.33000183105469,65.38999938964844,65.2699966430664,65.30500030517578,17644
2026-01-29 15:15:00,65.33999633789062,65.41000366210938,65.30000305175781,65.36499786376953,20582
2026-01-29 15:20:00,65.37000274658203,65.47000122070312,65.33999633789062,65.36000061035156,42583
2026-01-29 15:25:00,65.43000030517578,65.43000030517578,65.33999633789062,65.33999633789062,14592
2026-01-29 15:30:00,65.31500244140625,65.38500213623047,65.31500244140625,65.32499694824219,16882
2026-01-29 15:35:00,65.30000305175781,65.3949966430664,65.25,65.3499984741211,19633
2026-01-29 15:40:00,65.33000183105469,65.41000366210938,65.23999786376953,65.23999786376953,22894
2026-01-29 15:45:00,65.20999908447266,65.29000091552734,65.17009735107422,65.26499938964844,21135
2026-01-29 15:50:00,65.27999877929688,65.37000274658203,65.26499938964844,65.37000274658203,20216
2026-01-29 15:55:00,65.3499984741211,65.36499786376953,65.23999786376953,65.26000213623047,27218
2026-01-29 16:00:00,65.25,65.31999969482422,65.22000122070312,65.31999969482422,22800
2026-01-29 16:05:00,65.33000183105469,65.3499984741211,65.25499725341797,65.30999755859375,32935
2026-01-29 16:10:00,65.30999755859375,65.4800033569336,65.29000091552734,65.45999908447266,26796
2026-01-29 16:15:00,65.45999908447266,65.54000091552734,65.43000030517578,65.51000213623047,27919
2026-01-29 16:20:00,65.52999877929688,65.63999938964844,65.47000122070312,65.54000091552734,61712
2026-01-29 16:25:00,65.53500366210938,65.58000183105469,65.44000244140625,65.44999694824219,28869
2026-01-29 16:30:00,65.44999694824219,65.55500030517578,65.43499755859375,65.48999786376953,24533
2026-01-29 16:35:00,65.45999908447266,65.5,65.44999694824219,65.44999694824219,16218
2026-01-29 16:40:00,65.44499969482422,65.4800033569336,65.28500366210938,65.38999938964844,43561
2026-01-29 16:45:00,65.4000015258789,65.44999694824219,65.30999755859375,65.43499755859375,18917
2026-01-29 16:50:00,65.43499755859375,65.43499755859375,65.22000122070312,65.34500122070312,21241
2026-01-29 16:55:00,65.33000183105469,65.41000366210938,65.26000213623047,65.30999755859375,20778
2026-01-29 17:00:00,65.33000183105469,65.37000274658203,65.30000305175781,65.3499984741211,16340
2026-01-29 17:05:00,65.36000061035156,65.37000274658203,65.24500274658203,65.33000183105469,30798
2026-01-29 17:10:00,65.32499694824219,65.38999938964844,65.28500366210938,65.33999633789062,20196
2026-01-29 17:15:00,65.33499908447266,65.41999816894531,65.30000305175781,65.38500213623047,66814
2026-01-29 17:20:00,65.38999938964844,65.4800033569336,65.38999938964844,65.43000030517578,21253
2026-01-29 17:25:00,65.44499969482422,65.5999984741211,65.43569946289062,65.56999969482422,16248
2026-01-29 17:30:00,65.54499816894531,65.61000061035156,65.5199966430664,65.54000091552734,19170
2026-01-29 17:35:00,65.54000091552734,65.6050033569336,65.52999877929688,65.58999633789062,12686
2026-01-29 17:40:00,65.58000183105469,65.61000061035156,65.54000091552734,65.58000183105469,15256
2026-01-29 17:45:00,65.56999969482422,65.58000183105469,65.5199966430664,65.53500366210938,14601
2026-01-29 17:50:00,65.54000091552734,65.56999969482422,65.47000122070312,65.48999786376953,19278
2026-01-29 17:55:00,65.51000213623047,65.55000305175781,65.4749984741211,65.4800033569336,20060
2026-01-29 18:00:00,65.47000122070312,65.48500061035156,65.33999633789062,65.375,24894
2026-01-29 18:05:00,65.37319946289062,65.4800033569336,65.37319946289062,65.4000015258789,11941
2026-01-29 18:10:00,65.41000366210938,65.47000122070312,65.38999938964844,65.4000015258789,17192
2026-01-29 18:15:00,65.4000015258789,65.44000244140625,65.38999938964844,65.41999816894531,13872
2026-01-29 18:20:00,65.44000244140625,65.4800033569336,65.41500091552734,65.4749984741211,15201
2026-01-29 18:25:00,65.45999908447266,65.45999908447266,65.37999725341797,65.45500183105469,11156
2026-01-29 18:30:00,65.45999908447266,65.48999786376953,65.41000366210938,65.45500183105469,12987
2026-01-29 18:35:00,65.45500183105469,65.5199966430664,65.44000244140625,65.47000122070312,8824
2026-01-29 18:40:00,65.45999908447266,65.52999877929688,65.45999908447266,65.48500061035156,12581
2026-01-29 18:45:00,65.5,65.52999877929688,65.48500061035156,65.48500061035156,7413
2026-01-29 18:50:00,65.48500061035156,65.5199966430664,65.44999694824219,65.51499938964844,23496
2026-01-29 18:55:00,65.5,65.56500244140625,65.33000183105469,65.33000183105469,27325
2026-01-29 19:00:00,65.30999755859375,65.47509765625,65.21499633789062,65.43000030517578,20358
2026-01-29 19:05:00,65.4000015258789,65.4000015258789,65.33499908447266,65.3499984741211,11392
2026-01-29 19:10:00,65.3550033569336,65.37000274658203,65.31999969482422,65.36000061035156,14695
2026-01-29 19:15:00,65.3499984741211,65.37000274658203,65.30750274658203,65.33000183105469,17899
2026-01-29 19:20:00,65.34500122070312,65.37999725341797,65.30000305175781,65.37999725341797,18491
2026-01-29 19:25:00,65.37999725341797,65.44999694824219,65.33999633789062,65.44999694824219,31284
2026-01-29 19:30:00,65.46499633789062,65.55999755859375,65.43000030517578,65.4800033569336,26341
2026-01-29 19:35:00,65.45999908447266,65.55500030517578,65.43499755859375,65.5199966430664,16361
2026-01-29 19:40:00,65.5250015258789,65.54000091552734,65.48999786376953,65.53500366210938,17374
2026-01-29 19:45:00,65.52999877929688,65.59400177001953,65.5199966430664,65.52999877929688,35150
2026-01-29 19:50:00,65.52799987792969,65.54000091552734,65.45999908447266,65.45999908447266,22955
2026-01-29 19:55:00,65.44999694824219,65.44999694824219,65.19000244140625,65.19499969482422,33295
2026-01-29 20:00:00,65.19999694824219,65.41000366210938,65.19999694824219,65.38500213623047,37412
2026-01-29 20:05:00,65.37000274658203,65.37000274658203,65.29000091552734,65.30999755859375,21916
2026-01-29 20:10:00,65.30000305175781,65.36000061035156,65.29000091552734,65.30000305175781,22973
2026-01-29 20:15:00,65.30000305175781,65.30999755859375,65.19999694824219,65.26000213623047,50173
2026-01-29 20:20:00,65.2750015258789,65.3550033569336,65.23999786376953,65.23999786376953,26684
2026-01-29 20:25:00,65.25,65.37000274658203,65.2249984741211,65.30000305175781,26488
2026-01-29 20:30:00,65.31999969482422,65.3499984741211,65.31500244140625,65.3499984741211,31540
2026-01-29 20:35:00,65.3499984741211,65.36499786376953,65.29000091552734,65.3499984741211,46339
2026-01-29 20:40:00,65.33999633789062,65.33999633789062,65.13999938964844,65.15499877929688,37103
2026-01-29 20:45:00,65.15499877929688,65.18000030517578,65.08000183105469,65.13999938964844,67521
2026-01-29 20:50:00,65.1500015258789,65.29499816894531,65.1500015258789,65.18499755859375,94296
2026-01-29 20:55:00,65.19000244140625,65.23999786376953,65.12999725341797,65.20999908447266,261040
2026-01-30 14:30:00,65.16999816894531,65.6050033569336,65.1500015258789,65.4000015258789,263152
2026-01-30 14:35:00,65.44499969482422,65.5,65.19000244140625,65.33999633789062,41453
2026-01-30 14:40:00,65.34559631347656,65.54000091552734,65.2300033569336,65.54000091552734,28146
2026-01-30 14:45:00,65.56999969482422,65.56999969482422,65.26519775390625,65.31500244140625,17027
2026-01-30 14:50:00,65.32499694824219,65.33999633789062,65.20999908447266,65.26000213623047,25956
2026-01-30 14:55:00,65.26000213623047,65.33000183105469,65.18009948730469,65.30500030517578,12361
2026-01-30 15:00:00,65.33999633789062,65.48999786376953,65.33999633789062,65.48500061035156,35877
2026-01-30 15:05:00,65.48500061035156,65.48500061035156,65.31999969482422,65.43000030517578,26385
2026-01-30 15:10:00,65.42500305175781,65.5199966430664,65.37999725341797,65.45999908447266,23304
2026-01-30 15:15:00,65.45500183105469,65.48690032958984,65.30000305175781,65.30000305175781,21878
