timestamp,Open,High,Low,Close,Volume
2026-01-08 14:30:00,62.17499923706055,62.470001220703125,61.70000076293945,62.084999084472656,1687909
2026-01-08 14:35:00,62.084999084472656,62.43999862670898,62.084999084472656,62.375,511051
2026-01-08 14:40:00,62.38999938964844,62.900001525878906,62.31999969482422,62.880001068115234,696273
2026-01-08 14:45:00,62.880001068115234,63.41999816894531,62.790000915527344,63.380001068115234,621436
2026-01-08 14:50:00,63.38999938964844,63.880001068115234,63.34000015258789,63.833099365234375,471660
2026-01-08 14:55:00,63.81999969482422,64.05000305175781,63.77999877929688,64.0,566421
2026-01-08 15:00:00,63.9900016784668,63.9900016784668,63.560001373291016,63.86000061035156,396669
2026-01-08 15:05:00,63.84999847412109,64.06999969482422,63.79999923706055,64.03500366210938,331404
2026-01-08 15:10:00,64.03500366210938,64.1500015258789,63.76750183105469,63.79499816894531,329576
2026-01-08 15:15:00,63.79040145874024,63.917598724365234,63.7400016784668,63.77000045776367,252482
2026-01-08 15:20:00,63.77999877929688,64.04000091552734,63.76499938964844,63.8849983215332,388425
2026-01-08 15:25:00,63.88999938964844,63.9900016784668,63.81999969482422,63.9099006652832,277588
2026-01-08 15:30:00,63.89500045776367,64.25990295410156,63.869998931884766,64.2313003540039,478345
2026-01-08 15:35:00,64.23500061035156,64.41000366210938,64.18000030517578,64.2750015258789,387668
2026-01-08 15:40:00,64.2699966430664,64.33499908447266,64.21209716796875,64.26750183105469,224084
2026-01-08 15:45:00,64.26499938964844,64.47000122070312,64.2249984741211,64.43499755859375,369371
2026-01-08 15:50:00,64.43499755859375,64.53500366210938,64.30609893798828,64.30999755859375,267265
2026-01-08 15:55:00,64.30500030517578,64.30500030517578,64.01499938964844,64.16010284423828,397428
2026-01-08 16:00:00,64.16500091552734,64.36309814453125,64.16000366210938,64.36000061035156,211235
2026-01-08 16:05:00,64.36000061035156,64.36070251464844,64.13999938964844,64.14579772949219,155713
2026-01-08 16:10:00,64.1500015258789,64.2249984741211,64.11000061035156,64.17500305175781,147558
2026-01-08 16:15:00,64.1760025024414,64.2699966430664,64.13999938964844,64.24500274658203,118641
2026-01-08 16:20:00,64.25,64.41500091552734,64.24500274658203,64.37000274658203,143937
2026-01-08 16:25:00,64.375,64.40499877929688,64.23999786376953,64.30500030517578,139338
2026-01-08 16:30:00,64.30500030517578,64.33999633789062,64.09500122070312,64.13500213623047,142445
2026-01-08 16:35:00,64.13999938964844,64.19000244140625,64.05999755859375,64.15499877929688,143316
2026-01-08 16:40:00,64.16000366210938,64.28500366210938,64.15170288085938,64.25499725341797,206557
2026-01-08 16:45:00,64.25499725341797,64.25579833984375,64.11000061035156,64.16000366210938,93857
2026-01-08 16:50:00,64.16000366210938,64.23500061035156,64.10459899902344,64.20500183105469,93587
2026-01-08 16:55:00,64.19999694824219,64.29000091552734,64.19499969482422,64.2750015258789,79694
2026-01-08 17:00:00,64.2750015258789,64.37000274658203,64.26000213623047,64.30999755859375,94824
2026-01-08 17:05:00,64.31199645996094,64.36000061035156,64.29000091552734,64.32499694824219,90554
2026-01-08 17:10:00,64.32460021972656,64.3499984741211,64.2699966430664,64.3499984741211,115780
2026-01-08 17:15:00,64.34559631347656,64.40499877929688,64.33000183105469,64.40499877929688,92367
2026-01-08 17:20:00,64.40499877929688,64.40599822998047,64.27999877929688,64.36589813232422,103043
2026-01-08 17:25:00,64.36000061035156,64.46499633789062,64.34500122070312,64.44499969482422,108173
2026-01-08 17:30:00,64.44999694824219,64.66000366210938,64.44999694824219,64.61499786376953,257971
2026-01-08 17:35:00,64.62000274658203,64.76499938964844,64.5999984741211,64.75,151029
2026-01-08 17:40:00,64.74500274658203,64.87000274658203,64.74089813232422,64.80999755859375,168035
2026-01-08 17:45:00,64.80999755859375,64.91999816894531,64.80999755859375,64.91089630126953,114485
2026-01-08 17:50:00,64.91400146484375,64.95999908447266,64.83000183105469,64.95999908447266,131712
2026-01-08 17:55:00,64.96499633789062,65.0,64.93000030517578,64.95500183105469,155543
2026-01-08 18:00:00,64.956298828125,65.06500244140625,64.91999816894531,64.98999786376953,237358
2026-01-08 18:05:00,64.9800033569336,64.98999786376953,64.80999755859375,64.8499984741211,183206
2026-01-08 18:10:00,64.8499984741211,64.86000061035156,64.70500183105469,64.74500274658203,148296
2026-01-08 18:15:00,64.74150085449219,64.87999725341797,64.72000122070312,64.87000274658203,155951
2026-01-08 18:20:00,64.87989807128906,64.9000015258789,64.81500244140625,64.88999938964844,103789
2026-01-08 18:25:00,64.8949966430664,64.94969940185547,64.87149810791016,64.93499755859375,85777
2026-01-08 18:30:00,64.93499755859375,65.04499816894531,64.88999938964844,65.01000213623047,177600
2026-01-08 18:35:00,65.01000213623047,65.12999725341797,65.01000213623047,65.09500122070312,180115
2026-01-08 18:40:00,65.09500122070312,65.13999938964844,65.06999969482422,65.0999984741211,129009
2026-01-08 18:45:00,65.10199737548828,65.19000244140625,65.08499908447266,65.16999816894531,244769
2026-01-08 18:50:00,65.17500305175781,65.27999877929688,65.16999816894531,65.26499938964844,168049
2026-01-08 18:55:00,65.26000213623047,65.37999725341797,65.25,65.375,172442
2026-01-08 19:00:00,65.37999725341797,65.47000122070312,65.2300033569336,65.26499938964844,226671
2026-01-08 19:05:00,65.26830291748047,65.48999786376953,65.26439666748047,65.48500061035156,137812
2026-01-08 19:10:00,65.48500061035156,65.5999984741211,65.45929718017578,65.56199645996094,176241
2026-01-08 19:15:00,65.56999969482422,65.64679718017578,65.50399780273438,65.62999725341797,157671
2026-01-08 19:20:00,65.62930297851562,65.7249984741211,65.61000061035156,65.6449966430664,204452
2026-01-08 19:25:00,65.6449966430664,65.71990203857422,65.61499786376953,65.68460083007812,139704
2026-01-08 19:30:00,65.68499755859375,65.73500061035156,65.63999938964844,65.66999816894531,160627
2026-01-08 19:35:00,65.68000030517578,65.72000122070312,65.61070251464844,65.6500015258789,166664
2026-01-08 19:40:00,65.6449966430664,65.66000366210938,65.53500366210938,65.56500244140625,220880
2026-01-08 19:45:00,65.56999969482422,65.68699645996094,65.55999755859375,65.61499786376953,220297
2026-01-08 19:50:00,65.61499786376953,65.61509704589844,65.55000305175781,65.55999755859375,135625
2026-01-08 19:55:00,65.55580139160156,65.55989837646484,65.43000030517578,65.48500061035156,217948
2026-01-08 20:00:00,65.48500061035156,65.54000091552734,65.45999908447266,65.47460174560547,179552
2026-01-08 20:05:00,65.4800033569336,65.51499938964844,65.41000366210938,65.43499755859375,153338
2026-01-08 20:10:00,65.44000244140625,65.44999694824219,65.36219787597656,65.38999938964844,201338
2026-01-08 20:15:00,65.38500213623047,65.43499755859375,65.31999969482422,65.33540344238281,163937
2026-01-08 20:20:00,65.33499908447266,65.37000274658203,65.29499816894531,65.33000183105469,159457
2026-01-08 20:25:00,65.33000183105469,65.43000030517578,65.26000213623047,65.41999816894531,261361
2026-01-08 20:30:00,65.41999816894531,65.43000030517578,65.25,65.30500030517578,325665
2026-01-08 20:35:00,65.30500030517578,65.34500122070312,65.18000030517578,65.19000244140625,213819
2026-01-08 20:40:00,65.19000244140625,65.19000244140625,65.02999877929688,65.05500030517578,254689
2026-01-08 20:45:00,65.05999755859375,65.06999969482422,64.92500305175781,64.95500183105469,289581
2026-01-08 20:50:00,64.95999908447266,65.04499816894531,64.91999816894531,64.99500274658203,398154
2026-01-08 20:55:00,65.0,65.25499725341797,64.98500061035156,65.23500061035156,1114463
2026-01-09 14:30:00,65.11000061035156,65.7699966430664,65.01000213623047,65.40499877929688,805533
2026-01-09 14:35:00,65.41310119628906,66.0199966430664,65.37999725341797,66.01000213623047,485585
2026-01-09 14:40:00,66.0199966430664,66.08000183105469,65.87000274658203,65.97000122070312,696789
2026-01-09 14:45:00,65.97000122070312,66.3499984741211,65.94999694824219,66.0999984741211,371554
2026-01-09 14:50:00,66.11000061035156,66.44940185546875,66.0199966430664,66.37000274658203,455517
2026-01-09 14:55:00,66.37989807128906,66.54000091552734,66.29499816894531,66.3499984741211,387165
2026-01-09 15:00:00,66.3499984741211,66.37999725341797,64.7300033569336,64.7300033569336,2060717
2026-01-09 15:05:00,64.73999786376953,65.19999694824219,64.4000015258789,64.68000030517578,1275985
2026-01-09 15:10:00,64.66999816894531,65.06999969482422,64.66999816894531,64.87000274658203,402393
2026-01-09 15:15:00,64.87000274658203,65.32499694824219,64.80000305175781,65.30999755859375,298334
2026-01-09 15:20:00,65.32499694824219,65.66000366210938,65.2249984741211,65.6449966430664,354560
2026-01-09 15:25:00,65.6449966430664,65.7300033569336,65.48999786376953,65.69000244140625,242185
2026-01-09 15:30:00,65.69999694824219,65.69999694824219,65.48999786376953,65.58000183105469,255245
2026-01-09 15:35:00,65.57499694824219,65.78990173339844,65.54499816894531,65.62249755859375,161680
2026-01-09 15:40:00,65.62000274658203,65.75,65.4800033569336,65.67500305175781,264293
2026-01-09 15:45:00,65.68499755859375,65.86000061035156,65.61000061035156,65.63999938964844,177783
2026-01-09 15:50:00,65.63999938964844,65.63999938964844,65.36000061035156,65.38500213623047,133274
2026-01-09 15:55:00,65.37999725341797,65.71820068359375,65.3550033569336,65.66999816894531,95749
2026-01-09 16:00:00,65.66999816894531,65.76000213623047,65.61499786376953,65.71499633789062,127438
2026-01-09 16:05:00,65.71499633789062,65.83000183105469,65.68499755859375,65.82499694824219,111506
2026-01-09 16:10:00,65.82499694824219,66.29000091552734,65.81400299072266,66.19000244140625,304662
2026-01-09 16:15:00,66.19000244140625,66.29000091552734,66.08000183105469,66.13500213623047,158841
2026-01-09 16:20:00,66.12999725341797,66.13999938964844,66.01789855957031,66.05999755859375,129189
2026-01-09 16:25:00,66.06999969482422,66.08000183105469,65.9749984741211,66.04000091552734,133178
2026-01-09 16:30:00,66.04000091552734,66.06500244140625,65.86000061035156,65.90499877929688,116650
2026-01-09 16:35:00,65.90499877929688,66.02999877929688,65.80999755859375,65.9800033569336,166992
2026-01-09 16:40:00,65.98500061035156,66.00509643554688,65.83999633789062,65.87000274658203,113207
2026-01-09 16:45:00,65.87940216064453,65.95999908447266,65.86000061035156,65.90499877929688,96823
2026-01-09 16:50:00,65.90499877929688,66.01499938964844,65.90499877929688,65.93499755859375,135679
2026-01-09 16:55:00,65.93699645996094,65.93699645996094,65.81500244140625,65.8949966430664,136905
2026-01-09 17:00:00,65.9000015258789,65.9000015258789,65.76499938964844,65.8499984741211,105258
2026-01-09 17:05:00,65.8499984741211,65.94000244140625,65.76499938964844,65.81500244140625,133986
2026-01-09 17:10:00,65.81500244140625,65.86000061035156,65.75,65.75499725341797,163458
2026-01-09 17:15:00,65.75,65.87930297851562,65.72000122070312,65.82499694824219,110527
2026-01-09 17:20:00,65.82499694824219,65.87999725341797,65.6449966430664,65.66000366210938,134495
2026-01-09 17:25:00,65.66000366210938,65.80500030517578,65.65499877929688,65.76000213623047,137356
2026-01-09 17:30:00,65.76000213623047,65.81999969482422,65.67009735107422,65.68000030517578,217315
2026-01-09 17:35:00,65.67500305175781,65.76000213623047,65.66000366210938,65.75499725341797,120780
2026-01-09 17:40:00,65.76000213623047,65.7699966430664,65.67009735107422,65.7249984741211,156098
2026-01-09 17:45:00,65.72979736328125,65.76499938964844,65.68000030517578,65.7249984741211,105779
2026-01-09 17:50:00,65.7249984741211,65.7300033569336,65.66000366210938,65.68499755859375,83878
2026-01-09 17:55:00,65.68499755859375,65.71690368652344,65.6449966430664,65.70500183105469,77374
2026-01-09 18:00:00,65.69999694824219,65.7300033569336,65.61000061035156,65.69999694824219,104465
2026-01-09 18:05:00,65.69000244140625,65.86499786376953,65.68000030517578,65.82499694824219,91644
2026-01-09 18:10:00,65.82499694824219,65.88999938964844,65.7699966430664,65.7699966430664,105988
2026-01-09 18:15:00,65.75,65.75,65.63500213623047,65.65499877929688,111170
2026-01-09 18:20:00,65.6500015258789,65.6500015258789,65.43000030517578,65.44010162353516,156210
2026-01-09 18:25:00,65.44000244140625,65.48989868164062,65.41000366210938,65.46499633789062,112715
2026-01-09 18:30:00,65.46499633789062,65.61000061035156,65.46499633789062,65.57499694824219,96464
2026-01-09 18:35:00,65.57009887695312,65.69999694824219,65.57009887695312,65.65499877929688,102242
2026-01-09 18:40:00,65.65499877929688,65.72000122070312,65.63999938964844,65.65499877929688,94383
2026-01-09 18:45:00,65.66000366210938,65.68990325927734,65.63030242919922,65.63999938964844,80193
2026-01-09 18:50:00,65.63009643554688,65.63999938964844,65.58090209960938,65.58499908447266,78355
2026-01-09 18:55:00,65.58000183105469,65.69499969482422,65.58000183105469,65.67500305175781,78059
2026-01-09 19:00:00,65.66999816894531,65.73999786376953,65.66000366210938,65.73999786376953,121240
2026-01-09 19:05:00,65.7300033569336,65.73500061035156,65.57499694824219,65.58000183105469,117630
2026-01-09 19:10:00,65.57499694824219,65.63999938964844,65.54499816894531,65.59500122070312,92683
2026-01-09 19:15:00,65.59500122070312,65.6500015258789,65.58000183105469,65.62000274658203,83729
2026-01-09 19:20:00,65.625,65.67990112304688,65.58999633789062,65.67500305175781,109106
2026-01-09 19:25:00,65.66999816894531,65.66999816894531,65.59149932861328,65.61499786376953,61968
2026-01-09 19:30:00,65.61810302734375,65.63999938964844,65.52999877929688,65.53009796142578,68194
2026-01-09 19:35:00,65.53500366210938,65.55999755859375,65.4749984741211,65.54499816894531,75351
2026-01-09 19:40:00,65.54000091552734,65.62999725341797,65.52999877929688,65.58999633789062,85144
2026-01-09 19:45:00,65.59500122070312,65.63999938964844,65.56999969482422,65.625,69678
2026-01-09 19:50:00,65.625,65.69499969482422,65.52999877929688,65.53500366210938,148574
2026-01-09 19:55:00,65.52999877929688,65.58000183105469,65.4749984741211,65.55500030517578,89738
2026-01-09 20:00:00,65.55500030517578,65.64990234375,65.53500366210938,65.61499786376953,100074
2026-01-09 20:05:00,65.61499786376953,65.61499786376953,65.55999755859375,65.58999633789062,73082
2026-01-09 20:10:00,65.59500122070312,65.68000030517578,65.58499908447266,65.63500213623047,93290
2026-01-09 20:15:00,65.63500213623047,65.6875,65.56351470947266,65.6050033569336,107451
2026-01-09 20:20:00,65.5999984741211,65.61499786376953,65.51499938964844,65.56790161132812,134368
2026-01-09 20:25:00,65.56500244140625,65.56999969482422,65.51499938964844,65.53009796142578,96212
2026-01-09 20:30:00,65.54000091552734,65.6050033569336,65.54000091552734,65.6050033569336,188513
2026-01-09 20:35:00,65.6050033569336,65.63990020751953,65.58709716796875,65.61499786376953,127546
2026-01-09 20:40:00,65.61499786376953,65.66000366210938,65.58999633789062,65.62999725341797,227690
2026-01-09 20:45:00,65.62000274658203,65.67500305175781,65.58999633789062,65.67500305175781,212060
2026-01-09 20:50:00,65.66999816894531,65.8949966430664,65.66000366210938,65.875,326628
2026-01-09 20:55:00,65.875,65.94999694824219,65.8499984741211,65.8949966430664,907535
2026-01-12 14:30:00,65.25,65.30000305175781,64.30000305175781,64.38999938964844,999338
2026-01-12 14:35:00,64.41000366210938,64.69000244140625,64.23999786376953,64.69000244140625,437750
2026-01-12 14:40:00,64.6874008178711,65.11000061035156,64.68499755859375,65.0999984741211,268375
2026-01-12 14:45:00,65.08999633789062,65.33499908447266,64.97740173339844,65.2300033569336,256435
2026-01-12 14:50:00,65.2300033569336,65.55989837646484,65.21499633789062,65.4801025390625,170420
2026-01-12 14:55:00,65.5,65.55999755859375,65.36000061035156,65.53500366210938,144534
2026-01-12 15:00:00,65.5199966430664,65.52999877929688,65.37000274658203,65.44000244140625,170137
2026-01-12 15:05:00,65.44999694824219,65.55999755859375,65.38999938964844,65.51000213623047,150480
2026-01-12 15:10:00,65.5,65.5199966430664,65.3550033569336,65.45999908447266,116825
2026-01-12 15:15:00,65.45999908447266,65.5199966430664,65.2699966430664,65.4800033569336,189676
2026-01-12 15:20:00,65.4800033569336,65.56999969482422,65.38899993896484,65.4800033569336,140915
2026-01-12 15:25:00,65.4800033569336,65.57499694824219,65.44000244140625,65.53500366210938,138081
2026-01-12 15:30:00,65.52999877929688,65.77999877929688,65.5,65.75,151222
2026-01-12 15:35:00,65.75,65.83000183105469,65.66000366210938,65.68499755859375,119656
2026-01-12 15:40:00,65.68000030517578,65.80999755859375,65.66000366210938,65.7699966430664,165433
2026-01-12 15:45:00,65.76499938964844,65.77999877929688,65.5999984741211,65.66500091552734,96476
2026-01-12 15:50:00,65.66380310058594,65.88040161132812,65.64820098876953,65.87999725341797,135483
2026-01-12 15:55:00,65.875,66.04000091552734,65.86000061035156,66.02100372314453,264509
2026-01-12 16:00:00,66.01000213623047,66.0199966430664,65.83999633789062,65.86499786376953,222999
2026-01-12 16:05:00,65.86000061035156,66.05999755859375,65.86000061035156,65.9800033569336,135844
2026-01-12 16:10:00,65.9800033569336,65.9800033569336,65.76499938964844,65.78500366210938,113762
2026-01-12 16:15:00,65.77999877929688,65.91999816894531,65.77999877929688,65.81500244140625,95875
2026-01-12 16:20:00,65.81500244140625,65.95989990234375,65.79000091552734,65.94000244140625,83986
2026-01-12 16:25:00,65.94999694824219,66.05000305175781,65.94999694824219,65.9749984741211,112305
2026-01-12 16:30:00,65.96499633789062,66.08000183105469,65.91500091552734,66.08000183105469,64893
2026-01-12 16:35:00,66.08999633789062,66.2667007446289,66.08499908447266,66.19499969482422,135255
2026-01-12 16:40:00,66.20999908447266,66.24250030517578,66.13500213623047,66.16000366210938,81336
2026-01-12 16:45:00,66.16999816894531,66.33999633789062,66.16899871826172,66.23500061035156,226380
2026-01-12 16:50:00,66.23500061035156,66.29000091552734,66.18569946289062,66.19000244140625,128176
2026-01-12 16:55:00,66.19000244140625,66.19000244140625,66.01010131835938,66.05000305175781,96694
2026-01-12 17:00:00,66.05000305175781,66.05000305175781,65.9218978881836,65.99500274658203,100231
2026-01-12 17:05:00,66.0,66.03500366210938,65.90450286865234,65.96089935302734,64734
2026-01-12 17:10:00,65.97989654541016,66.06999969482422,65.95999908447266,66.0199966430664,104692
2026-01-12 17:15:00,66.018798828125,66.05000305175781,65.96399688720703,66.04000091552734,89603
2026-01-12 17:20:00,66.05000305175781,66.08000183105469,65.98500061035156,66.08000183105469,67062
2026-01-12 17:25:00,66.08000183105469,66.10320281982422,65.95999908447266,65.97000122070312,55223
2026-01-12 17:30:00,65.9800033569336,66.08000183105469,65.9749984741211,66.08000183105469,59363
2026-01-12 17:35:00,66.08000183105469,66.12000274658203,66.04000091552734,66.06999969482422,57693
2026-01-12 17:40:00,66.06500244140625,66.11000061035156,66.05999755859375,66.08000183105469,55248
2026-01-12 17:45:00,66.07499694824219,66.07499694824219,66.01480102539062,66.0250015258789,62508
2026-01-12 17:50:00,66.02999877929688,66.09500122070312,66.0199966430664,66.05500030517578,805468
2026-01-12 17:55:00,66.05000305175781,66.05000305175781,65.9800033569336,65.98500061035156,66561
2026-01-12 18:00:00,65.98500061035156,66.0,65.93450164794922,65.94989776611328,77739
2026-01-12 18:05:00,65.94999694824219,66.0199966430664,65.94000244140625,65.9800033569336,75921
2026-01-12 18:10:00,65.98500061035156,65.98500061035156,65.88009643554688,65.88009643554688,66916
2026-01-12 18:15:00,65.9000015258789,65.91000366210938,65.80500030517578,65.80500030517578,144350
2026-01-12 18:20:00,65.80500030517578,65.88999938964844,65.76000213623047,65.8499984741211,115564
2026-01-12 18:25:00,65.8499984741211,65.87000274658203,65.81500244140625,65.81999969482422,78021
2026-01-12 18:30:00,65.81999969482422,65.81999969482422,65.72000122070312,65.75,86381
2026-01-12 18:35:00,65.76000213623047,65.80500030517578,65.73999786376953,65.7699966430664,154749
2026-01-12 18:40:00,65.77999877929688,65.79000091552734,65.66999816894531,65.68000030517578,76038
2026-01-12 18:45:00,65.68000030517578,65.72029876708984,65.63999938964844,65.68000030517578,56779
2026-01-12 18:50:00,65.68000030517578,65.72000122070312,65.67500305175781,65.68009948730469,57891
2026-01-12 18:55:00,65.68000030517578,65.68000030517578,65.63999938964844,65.6510009765625,45818
2026-01-12 19:00:00,65.6500015258789,65.73999786376953,65.61000061035156,65.70500183105469,90411
2026-01-12 19:05:00,65.70500183105469,65.76809692382812,65.68000030517578,65.73999786376953,121383
2026-01-12 19:10:00,65.73200225830078,65.85600280761719,65.69000244140625,65.81999969482422,115696
2026-01-12 19:15:00,65.822998046875,65.83999633789062,65.58999633789062,65.60089874267578,103559
2026-01-12 19:20:00,65.61000061035156,65.62999725341797,65.55999755859375,65.56999969482422,129968
2026-01-12 19:25:00,65.56999969482422,65.59500122070312,65.49500274658203,65.52999877929688,108985
2026-01-12 19:30:00,65.52999877929688,65.55400085449219,65.5082015991211,65.54180145263672,68192
2026-01-12 19:35:00,65.52999877929688,65.52999877929688,65.3949966430664,65.41500091552734,84326
2026-01-12 19:40:00,65.41000366210938,65.41000366210938,65.31999969482422,65.33499908447266,92136
2026-01-12 19:45:00,65.33999633789062,65.37000274658203,65.2750015258789,65.33000183105469,88693
2026-01-12 19:50:00,65.33999633789062,65.36000061035156,65.29000091552734,65.30500030517578,68003
2026-01-12 19:55:00,65.30500030517578,65.38999938964844,65.30500030517578,65.32499694824219,104902
2026-01-12 20:00:00,65.31999969482422,65.33999633789062,65.2750015258789,65.33499908447266,109152
2026-01-12 20:05:00,65.33499908447266,65.36000061035156,65.2699966430664,65.2750015258789,115398
2026-01-12 20:10:00,65.27790069580078,65.27790069580078,65.12999725341797,65.12999725341797,156287
2026-01-12 20:15:00,65.12999725341797,65.22000122070312,65.08000183105469,65.21499633789062,115591
2026-01-12 20:20:00,65.21499633789062,65.23999786376953,65.16000366210938,65.20500183105469,113907
2026-01-12 20:25:00,65.20500183105469,65.25180053710938,65.10030364990234,65.11499786376953,161187
2026-01-12 20:30:00,65.11750030517578,65.16500091552734,65.08999633789062,65.16500091552734,159610
2026-01-12 20:35:00,65.16600036621094,65.32749938964844,65.15499877929688,65.32499694824219,171894
2026-01-12 20:40:00,65.32499694824219,65.38999938964844,65.31999969482422,65.38999938964844,157514
2026-01-12 20:45:00,65.3949966430664,65.55500030517578,65.37000274658203,65.55500030517578,209829
2026-01-12 20:50:00,65.55500030517578,65.83499908447266,65.52400207519531,65.81500244140625,441353
2026-01-12 20:55:00,65.81999969482422,65.81999969482422,65.59500122070312,65.625,790221
2026-01-13 14:30:00,66.25,66.7300033569336,65.8499984741211,66.65499877929688,663794
2026-01-13 14:35:00,66.66000366210938,66.91999816894531,66.55000305175781,66.80000305175781,275494
2026-01-13 14:40:00,66.77020263671875,66.96009826660156,66.6500015258789,66.66000366210938,362841
2026-01-13 14:45:00,66.66000366210938,66.9800033569336,66.50800323486328,66.63500213623047,244706
2026-01-13 14:50:00,66.63500213623047,66.66999816894531,66.5,66.60540008544922,218729
2026-01-13 14:55:00,66.5999984741211,66.75,66.5,66.66000366210938,146882
2026-01-13 15:00:00,66.66000366210938,66.8499984741211,66.61000061035156,66.66999816894531,125832
2026-01-13 15:05:00,66.69000244140625,66.83499908447266,66.6449966430664,66.82499694824219,155586
2026-01-13 15:10:00,66.83999633789062,67.01799774169922,66.68499755859375,66.69999694824219,460890
2026-01-13 15:15:00,66.69999694824219,66.86199951171875,66.69999694824219,66.86000061035156,118832
2026-01-13 15:20:00,66.86990356445312,66.88999938964844,66.73500061035156,66.76499938964844,106487
2026-01-13 15:25:00,66.7699966430664,66.80000305175781,66.62000274658203,66.75,126065
2026-01-13 15:30:00,66.75,66.80500030517578,66.63500213623047,66.69000244140625,156161
2026-01-13 15:35:00,66.68499755859375,67.03500366210938,66.625,66.93000030517578,192276
2026-01-13 15:40:00,66.91999816894531,67.08000183105469,66.5999984741211,66.5999984741211,354726
2026-01-13 15:45:00,66.5999984741211,66.61000061035156,66.44999694824219,66.54000091552734,266796
2026-01-13 15:50:00,66.55000305175781,66.61000061035156,66.4000015258789,66.45500183105469,217441
2026-01-13 15:55:00,66.44999694824219,66.62000274658203,66.40499877929688,66.44999694824219,176093
2026-01-13 16:00:00,66.44999694824219,66.58000183105469,66.37999725341797,66.55000305175781,130471
2026-01-13 16:05:00,66.55999755859375,66.56999969482422,66.27999877929688,66.29499816894531,111167
2026-01-13 16:10:00,66.29000091552734,66.37000274658203,66.16999816894531,66.34500122070312,111229
2026-01-13 16:15:00,66.3499984741211,66.38990020751953,66.18479919433594,66.19000244140625,125182
2026-01-13 16:20:00,66.19000244140625,66.31990051269531,66.18499755859375,66.27999877929688,146173
2026-01-13 16:25:00,66.28500366210938,66.28500366210938,66.0999984741211,66.21499633789062,137040
2026-01-13 16:30:00,66.20999908447266,66.30000305175781,66.12000274658203,66.18000030517578,140489
2026-01-13 16:35:00,66.18000030517578,66.19000244140625,66.05000305175781,66.06500244140625,88377
2026-01-13 16:40:00,66.05999755859375,66.16000366210938,66.05000305175781,66.1500015258789,90261
2026-01-13 16:45:00,66.1449966430664,66.16999816894531,66.10179901123047,66.1449966430664,95976
2026-01-13 16:50:00,66.13999938964844,66.17549896240234,66.0999984741211,66.11499786376953,170396
2026-01-13 16:55:00,66.11499786376953,66.16000366210938,66.06500244140625,66.06999969482422,80544
2026-01-13 17:00:00,66.06999969482422,66.18499755859375,66.06999969482422,66.16500091552734,110355
2026-01-13 17:05:00,66.16500091552734,66.20999908447266,66.11499786376953,66.20500183105469,106761
2026-01-13 17:10:00,66.20500183105469,66.42749786376953,66.19499969482422,66.36000061035156,117721
2026-01-13 17:15:00,66.37000274658203,66.37999725341797,66.30999755859375,66.33000183105469,93306
2026-01-13 17:20:00,66.33000183105469,66.55000305175781,66.32499694824219,66.38999938964844,175554
2026-01-13 17:25:00,66.38500213623047,66.4000015258789,66.33000183105469,66.3499984741211,67800
2026-01-13 17:30:00,66.34500122070312,66.36000061035156,66.2699966430664,66.31999969482422,79847
2026-01-13 17:35:00,66.31500244140625,66.34500122070312,66.29499816894531,66.31909942626953,46837
2026-01-13 17:40:00,66.31999969482422,66.37999725341797,66.29000091552734,66.37999725341797,70258
2026-01-13 17:45:00,66.37979888916016,66.4000015258789,66.33999633789062,66.36000061035156,67817
2026-01-13 17:50:00,66.37000274658203,66.37999725341797,66.31999969482422,66.33000183105469,56037
2026-01-13 17:55:00,66.33999633789062,66.3499984741211,66.23999786376953,66.2699966430664,93057
2026-01-13 18:00:00,66.26000213623047,66.29499816894531,66.16500091552734,66.16999816894531,72628
2026-01-13 18:05:00,66.16999816894531,66.19999694824219,66.06999969482422,66.08499908447266,75183
2026-01-13 18:10:00,66.08499908447266,66.1449966430664,66.05999755859375,66.08999633789062,106586
2026-01-13 18:15:00,66.08999633789062,66.2249984741211,66.08000183105469,66.17900085449219,62706
2026-01-13 18:20:00,66.17500305175781,66.22969818115234,66.1500015258789,66.19499969482422,78554
2026-01-13 18:25:00,66.197998046875,66.25,66.17009735107422,66.23500061035156,66436
2026-01-13 18:30:00,66.23500061035156,66.31999969482422,66.20999908447266,66.30500030517578,91479
2026-01-13 18:35:00,66.30500030517578,66.37999725341797,66.29499816894531,66.36499786376953,93314
2026-01-13 18:40:00,66.36499786376953,66.44999694824219,66.3550033569336,66.42500305175781,95675
2026-01-13 18:45:00,66.41999816894531,66.55500030517578,66.4000015258789,66.51499938964844,116810
2026-01-13 18:50:00,66.51599884033203,66.5199966430664,66.3949966430664,66.48999786376953,104561
2026-01-13 18:55:00,66.48500061035156,66.49500274658203,66.41000366210938,66.41999816894531,134496
2026-01-13 19:00:00,66.41000366210938,66.5,66.37999725341797,66.38500213623047,142934
2026-01-13 19:05:00,66.38500213623047,66.45500183105469,66.36499786376953,66.38500213623047,75490
2026-01-13 19:10:00,66.37999725341797,66.39800262451172,66.23999786376953,66.3949966430664,91670
2026-01-13 19:15:00,66.3927993774414,66.45500183105469,66.36499786376953,66.3949966430664,71517
2026-01-13 19:20:00,66.4000015258789,66.50990295410156,66.3949966430664,66.49500274658203,90046
2026-01-13 19:25:00,66.49500274658203,66.58000183105469,66.4800033569336,66.51499938964844,71095
2026-01-13 19:30:00,66.51499938964844,66.5199966430664,66.45010375976562,66.4749984741211,91848
2026-01-13 19:35:00,66.4749984741211,66.55000305175781,66.44010162353516,66.44499969482422,74447
2026-01-13 19:40:00,66.44390106201172,66.47000122070312,66.40486145019531,66.44000244140625,72785
2026-01-13 19:45:00,66.42500305175781,66.47000122070312,66.41230010986328,66.43499755859375,78525
2026-01-13 19:50:00,66.43499755859375,66.55999755859375,66.4000015258789,66.55999755859375,176755
2026-01-13 19:55:00,66.58000183105469,66.66000366210938,66.41500091552734,66.43499755859375,211411
2026-01-13 20:00:00,66.43000030517578,66.49500274658203,66.36000061035156,66.48500061035156,76981
2026-01-13 20:05:00,66.48500061035156,66.52999877929688,66.42500305175781,66.42500305175781,99398
2026-01-13 20:10:00,66.42459869384766,66.43499755859375,66.32499694824219,66.43199920654297,138421
2026-01-13 20:15:00,66.43499755859375,66.4800033569336,66.36000061035156,66.44000244140625,110787
2026-01-13 20:20:00,66.44499969482422,66.48999786376953,66.375,66.48500061035156,110230
2026-01-13 20:25:00,66.48500061035156,66.50589752197266,66.23999786376953,66.2699966430664,193064
2026-01-13 20:30:00,66.26499938964844,66.30500030517578,66.20500183105469,66.2249984741211,186372
2026-01-13 20:35:00,66.22000122070312,66.22000122070312,66.12999725341797,66.15499877929688,153775
2026-01-13 20:40:00,66.15499877929688,66.2300033569336,66.12999725341797,66.1449966430664,226967
2026-01-13 20:45:00,66.1449966430664,66.1500015258789,66.05000305175781,66.125,209999
2026-01-13 20:50:00,66.12000274658203,66.30000305175781,66.12000274658203,66.2750015258789,393107
2026-01-13 20:55:00,66.27999877929688,66.30000305175781,66.19999694824219,66.2699966430664,712127
2026-01-14 14:30:00,66.29000091552734,66.91719818115234,66.2699966430664,66.87999725341797,538878
2026-01-14 14:35:00,66.89579772949219,67.0250015258789,66.70999908447266,66.7750015258789,344569
2026-01-14 14:40:00,66.77010345458984,67.08999633789062,66.71839904785156,66.97000122070312,259307
2026-01-14 14:45:00,66.95999908447266,67.05000305175781,66.82749938964844,67.0199966430664,263779
2026-01-14 14:50:00,67.01499938964844,67.12999725341797,66.87000274658203,67.01380157470703,318287
2026-01-14 14:55:00,67.01499938964844,67.02999877929688,66.73999786376953,66.74500274658203,257422
2026-01-14 15:00:00,66.72000122070312,67.0999984741211,66.6500015258789,66.91000366210938,311968
2026-01-14 15:05:00,66.90640258789062,67.12999725341797,66.87999725341797,67.0,246637
2026-01-14 15:10:00,66.99500274658203,67.00499725341797,66.27999877929688,66.58999633789062,1110485
2026-01-14 15:15:00,66.5999984741211,66.61000061035156,65.9000015258789,66.45999908447266,846286
2026-01-14 15:20:00,66.47000122070312,66.61000061035156,66.31999969482422,66.55000305175781,328921
2026-01-14 15:25:00,66.53500366210938,66.56999969482422,66.06999969482422,66.1897964477539,214558
2026-01-14 15:30:00,66.16000366210938,66.22000122070312,66.0,66.03700256347656,294204
2026-01-14 15:35:00,66.05999755859375,66.13999938964844,65.95649719238281,66.00920104980469,223809
2026-01-14 15:40:00,66.00499725341797,66.12999725341797,65.76000213623047,65.76409912109375,232171
2026-01-14 15:45:00,65.76000213623047,65.839599609375,65.63390350341797,65.63390350341797,233951
2026-01-14 15:50:00,65.63369750976562,65.72899627685547,65.56999969482422,65.63999938964844,217683
2026-01-14 15:55:00,65.6449966430664,65.69000244140625,65.375,65.4375991821289,245742
2026-01-14 16:00:00,65.43499755859375,65.4365005493164,65.36029815673828,65.40499877929688,157898
2026-01-14 16:05:00,65.41000366210938,65.41999816894531,65.03900146484375,65.19499969482422,328429
2026-01-14 16:10:00,65.19539642333984,65.3363037109375,65.08499908447266,65.30069732666016,149697
2026-01-14 16:15:00,65.30500030517578,65.38999938964844,65.25,65.32499694824219,139591
2026-01-14 16:20:00,65.33000183105469,65.55010223388672,65.29000091552734,65.55010223388672,125267
2026-01-14 16:25:00,65.55000305175781,65.70999908447266,65.55000305175781,65.63999938964844,158401
2026-01-14 16:30:00,65.6449966430664,65.78500366210938,65.57209777832031,65.61000061035156,197140
2026-01-14 16:35:00,65.61419677734375,65.66000366210938,65.5,65.5199966430664,119269
2026-01-14 16:40:00,65.51499938964844,65.5199966430664,65.37100219726562,65.41000366210938,98279
2026-01-14 16:45:00,65.4000015258789,65.47000122070312,65.34429931640625,65.45010375976562,114810
2026-01-14 16:50:00,65.44999694824219,65.48500061035156,65.34500122070312,65.44000244140625,110417
2026-01-14 16:55:00,65.44930267333984,65.45500183105469,65.31449890136719,65.44499969482422,69157
2026-01-14 17:00:00,65.44499969482422,65.64520263671875,65.43000030517578,65.61402130126953,108219
2026-01-14 17:05:00,65.61499786376953,65.66169738769531,65.55000305175781,65.6050033569336,71159
2026-01-14 17:10:00,65.5999984741211,65.68560028076172,65.5199966430664,65.53500366210938,166854
2026-01-14 17:15:00,65.5250015258789,65.52999877929688,65.43000030517578,65.45455169677734,78083
2026-01-14 17:20:00,65.44999694824219,65.52999877929688,65.43250274658203,65.51499938964844,59066
2026-01-14 17:25:00,65.518798828125,65.61000061035156,65.4749984741211,65.54499816894531,117157
2026-01-14 17:30:00,65.54000091552734,65.54000091552734,65.44499969482422,65.49500274658203,66873
2026-01-14 17:35:00,65.48999786376953,65.52999877929688,65.37999725341797,65.41010284423828,94114
2026-01-14 17:40:00,65.41500091552734,65.46499633789062,65.4000015258789,65.43499755859375,51577
2026-01-14 17:45:00,65.44000244140625,65.45500183105469,65.40499877929688,65.41500091552734,68346
2026-01-14 17:50:00,65.41000366210938,65.45999908447266,65.32499694824219,65.45919799804688,85461
2026-01-14 17:55:00,65.45999908447266,65.48999786376953,65.33000183105469,65.38500213623047,62118
2026-01-14 18:00:00,65.37999725341797,65.46499633789062,65.29499816894531,65.45500183105469,112068
2026-01-14 18:05:00,65.44999694824219,65.51499938964844,65.44499969482422,65.47010040283203,46236
2026-01-14 18:10:00,65.47010040283203,65.5199966430664,65.43000030517578,65.5,72219
2026-01-14 18:15:00,65.49500274658203,65.5,65.44000244140625,65.48500061035156,59723
2026-01-14 18:20:00,65.48500061035156,65.55000305175781,65.4800033569336,65.5,54179
2026-01-14 18:25:00,65.49500274658203,65.55999755859375,65.47000122070312,65.55999755859375,74275
2026-01-14 18:30:00,65.56500244140625,65.62000274658203,65.48999786376953,65.50499725341797,89169
2026-01-14 18:35:00,65.50499725341797,65.50499725341797,65.41999816894531,65.43499755859375,73482
2026-01-14 18:40:00,65.43499755859375,65.48999786376953,65.42500305175781,65.48500061035156,66655
2026-01-14 18:45:00,65.48500061035156,65.52999877929688,65.41999816894531,65.48500061035156,115618
2026-01-14 18:50:00,65.4800033569336,65.55000305175781,65.43499755859375,65.44000244140625,88217
2026-01-14 18:55:00,65.44000244140625,65.51499938964844,65.41230010986328,65.48248291015625,122879
2026-01-14 19:00:00,65.4800033569336,65.52999877929688,65.45999908447266,65.49500274658203,64385
2026-01-14 19:05:00,65.5,65.50499725341797,65.41999816894531,65.43000030517578,58925
2026-01-14 19:10:00,65.43000030517578,65.47000122070312,65.37999725341797,65.47000122070312,69596
2026-01-14 19:15:00,65.47000122070312,65.51499938964844,65.43499755859375,65.48500061035156,65473
2026-01-14 19:20:00,65.48999786376953,65.58000183105469,65.48999786376953,65.56500244140625,86884
2026-01-14 19:25:00,65.56500244140625,65.59500122070312,65.46499633789062,65.51499938964844,120781
2026-01-14 19:30:00,65.5199966430664,65.56500244140625,65.32499694824219,65.32499694824219,108525
2026-01-14 19:35:00,65.32499694824219,65.33999633789062,65.25499725341797,65.31500244140625,89381
2026-01-14 19:40:00,65.31999969482422,65.33999633789062,65.24500274658203,65.26499938964844,102511
2026-01-14 19:45:00,65.26499938964844,65.27999877929688,65.20999908447266,65.2699966430664,85557
2026-01-14 19:50:00,65.2750015258789,65.33000183105469,65.20500183105469,65.21499633789062,82392
2026-01-14 19:55:00,65.22000122070312,65.32499694824219,65.18499755859375,65.32499694824219,158432
2026-01-14 20:00:00,65.31999969482422,65.37999725341797,65.2249984741211,65.2750015258789,112543
2026-01-14 20:05:00,65.2750015258789,65.50499725341797,65.25,65.48500061035156,138844
2026-01-14 20:10:00,65.48979949951172,65.5,65.29000091552734,65.30000305175781,89108
2026-01-14 20:15:00,65.29499816894531,65.30000305175781,65.16000366210938,65.25540161132812,141743
2026-01-14 20:20:00,65.26000213623047,65.31500244140625,65.16000366210938,65.30999755859375,120642
2026-01-14 20:25:00,65.30000305175781,65.37999725341797,65.22000122070312,65.36499786376953,149133
2026-01-14 20:30:00,65.37000274658203,65.37000274658203,65.24440002441406,65.25,129307
2026-01-14 20:35:00,65.23999786376953,65.2699966430664,65.16999816894531,65.26499938964844,151171
2026-01-14 20:40:00,65.26000213623047,65.28500366210938,65.19550323486328,65.23500061035156,156527
2026-01-14 20:45:00,65.23999786376953,65.27999877929688,65.16500091552734,65.2300033569336,222667
2026-01-14 20:50:00,65.2300033569336,65.58499908447266,65.2300033569336,65.57499694824219,376320
2026-01-14 20:55:00,65.58000183105469,65.61000061035156,65.52999877929688,65.56999969482422,820557
2026-01-15 14:30:00,65.76000213623047,65.76000213623047,65.05000305175781,65.33000183105469,438368
2026-01-15 14:35:00,65.32990264892578,65.32990264892578,65.03500366210938,65.04000091552734,110457
2026-01-15 14:40:00,65.05999755859375,65.19000244140625,64.5999984741211,64.66500091552734,274118
2026-01-15 14:45:00,64.6500015258789,64.94000244140625,64.54000091552734,64.87999725341797,237212
2026-01-15 14:50:00,64.87999725341797,64.91999816894531,64.58999633789062,64.6980972290039,239978
2026-01-15 14:55:00,64.68499755859375,64.77999877929688,64.65499877929688,64.69259643554688,133621
2026-01-15 15:00:00,64.68499755859375,64.80500030517578,64.66999816894531,64.75499725341797,137849
2026-01-15 15:05:00,64.76000213623047,64.78500366210938,64.65499877929688,64.71499633789062,113005
2026-01-15 15:10:00,64.71990203857422,64.76499938964844,64.5719985961914,64.70500183105469,120700
2026-01-15 15:15:00,64.70089721679688,64.87789916992188,64.625,64.81999969482422,153716
2026-01-15 15:20:00,64.80500030517578,64.99500274658203,64.76000213623047,64.94499969482422,137822
2026-01-15 15:25:00,64.94999694824219,65.04000091552734,64.89289855957031,64.90499877929688,117451
2026-01-15 15:30:00,64.90499877929688,64.97000122070312,64.83999633789062,64.95999908447266,102068
2026-01-15 15:35:00,64.95999908447266,65.05999755859375,64.87999725341797,64.9000015258789,98713
2026-01-15 15:40:00,64.90499877929688,64.93000030517578,64.69499969482422,64.80000305175781,118208
2026-01-15 15:45:00,64.80000305175781,64.83000183105469,64.66000366210938,64.78459930419922,130936
2026-01-15 15:50:00,64.79000091552734,64.86000061035156,64.72000122070312,64.80999755859375,121801
2026-01-15 15:55:00,64.80000305175781,64.81999969482422,64.66000366210938,64.66500091552734,168642
2026-01-15 16:00:00,64.66000366210938,64.75,64.5999984741211,64.69999694824219,137919
2026-01-15 16:05:00,64.69999694824219,64.7249984741211,64.625,64.7249984741211,107518
2026-01-15 16:10:00,64.72509765625,64.88999938964844,64.69000244140625,64.84500122070312,119815
2026-01-15 16:15:00,64.8499984741211,64.86499786376953,64.7699966430664,64.79499816894531,131837
2026-01-15 16:20:00,64.79499816894531,64.79499816894531,64.6500015258789,64.7300033569336,123114
2026-01-15 16:25:00,64.7249984741211,64.87000274658203,64.69000244140625,64.84500122070312,114909
2026-01-15 16:30:00,64.84500122070312,64.8499984741211,64.72000122070312,64.7300033569336,68717
2026-01-15 16:35:00,64.7249984741211,64.75,64.6449966430664,64.7300033569336,111626
2026-01-15 16:40:00,64.72000122070312,64.7300033569336,64.51000213623047,64.56999969482422,132131
2026-01-15 16:45:00,64.56500244140625,64.5999984741211,64.44000244140625,64.50499725341797,371626
2026-01-15 16:50:00,64.48999786376953,64.5199966430664,64.45500183105469,64.47039794921875,149981
2026-01-15 16:55:00,64.47000122070312,64.47000122070312,64.37999725341797,64.37999725341797,116889
2026-01-15 17:00:00,64.37999725341797,64.41999816894531,64.31999969482422,64.36000061035156,170467
2026-01-15 17:05:00,64.35579681396484,64.45500183105469,64.34249877929688,64.44499969482422,89193
2026-01-15 17:10:00,64.44200134277344,64.48500061035156,64.38999938964844,64.3949966430664,141314
2026-01-15 17:15:00,64.3938980102539,64.5250015258789,64.3499984741211,64.51000213623047,117068
2026-01-15 17:20:00,64.51069641113281,64.5199966430664,64.41000366210938,64.41999816894531,71981
2026-01-15 17:25:00,64.41999816894531,64.44000244140625,64.38500213623047,64.43000030517578,64155
2026-01-15 17:30:00,64.42009735107422,64.43000030517578,64.36000061035156,64.38999938964844,133919
2026-01-15 17:35:00,64.38999938964844,64.4000015258789,64.31999969482422,64.37000274658203,216489
2026-01-15 17:40:00,64.36000061035156,64.38999938964844,64.30500030517578,64.32499694824219,134476
2026-01-15 17:45:00,64.32499694824219,64.3499984741211,64.25499725341797,64.26499938964844,110332
2026-01-15 17:50:00,64.26499938964844,64.285400390625,64.20999908447266,64.26499938964844,103695
2026-01-15 17:55:00,64.2699966430664,64.30500030517578,64.22000122070312,64.2300033569336,123189
2026-01-15 18:00:00,64.23500061035156,64.39250183105469,64.2300033569336,64.36499786376953,105594
2026-01-15 18:05:00,64.36250305175781,64.41000366210938,64.3550033569336,64.3656005859375,72063
2026-01-15 18:10:00,64.37000274658203,64.42500305175781,64.36000061035156,64.37000274658203,121816
2026-01-15 18:15:00,64.375,64.40499877929688,64.33000183105469,64.38500213623047,94174
2026-01-15 18:20:00,64.38500213623047,64.40499877929688,64.36000061035156,64.38500213623047,146137
2026-01-15 18:25:00,64.38500213623047,64.4749984741211,64.3550033569336,64.4749984741211,146352
2026-01-15 18:30:00,64.47989654541016,64.54000091552734,64.41999816894531,64.46499633789062,97452
2026-01-15 18:35:00,64.46009826660156,64.5,64.45249938964844,64.45999908447266,52755
2026-01-15 18:40:00,64.46499633789062,64.53500366210938,64.41500091552734,64.44249725341797,138507
2026-01-15 18:45:00,64.44000244140625,64.44999694824219,64.38999938964844,64.40390014648438,47089
2026-01-15 18:50:00,64.4000015258789,64.40630340576172,64.36000061035156,64.375,88705
2026-01-15 18:55:00,64.37000274658203,64.41000366210938,64.3499984741211,64.3949966430664,59083
2026-01-15 19:00:00,64.38999938964844,64.41000366210938,64.33999633789062,64.38500213623047,43533
2026-01-15 19:05:00,64.38500213623047,64.4800033569336,64.37000274658203,64.46499633789062,44907
2026-01-15 19:10:00,64.46499633789062,64.625,64.45999908447266,64.6050033569336,138383
2026-01-15 19:15:00,64.6050033569336,64.73500061035156,64.5999984741211,64.72000122070312,122305
2026-01-15 19:20:00,64.7300033569336,64.91000366210938,64.72000122070312,64.87000274658203,186875
2026-01-15 19:25:00,64.87000274658203,64.87000274658203,64.73500061035156,64.73999786376953,86615
2026-01-15 19:30:00,64.72000122070312,64.94000244140625,64.69000244140625,64.93000030517578,149400
2026-01-15 19:35:00,64.91999816894531,64.9800033569336,64.80000305175781,64.80509948730469,199672
2026-01-15 19:40:00,64.80249786376953,64.84970092773438,64.76000213623047,64.7750015258789,79203
2026-01-15 19:45:00,64.77999877929688,64.87000274658203,64.74349975585938,64.8499984741211,134347
2026-01-15 19:50:00,64.8499984741211,64.86000061035156,64.80000305175781,64.81500244140625,73141
2026-01-15 19:55:00,64.81500244140625,64.87999725341797,64.80500030517578,64.87000274658203,120269
2026-01-15 20:00:00,64.86000061035156,64.87000274658203,64.80000305175781,64.81999969482422,108162
2026-01-15 20:05:00,64.80999755859375,64.86000061035156,64.77999877929688,64.86000061035156,133163
2026-01-15 20:10:00,64.8550033569336,64.87999725341797,64.80000305175781,64.8550033569336,161780
2026-01-15 20:15:00,64.8499984741211,64.88999938964844,64.79000091552734,64.8550033569336,115145
2026-01-15 20:20:00,64.8550033569336,64.86499786376953,64.76000213623047,64.79419708251953,210545
2026-01-15 20:25:00,64.79000091552734,64.79000091552734,64.69999694824219,64.71199798583984,165187
2026-01-15 20:30:00,64.70999908447266,64.73750305175781,64.66500091552734,64.70999908447266,150169
2026-01-15 20:35:00,64.70999908447266,64.7300033569336,64.62000274658203,64.63500213623047,129402
2026-01-15 20:40:00,64.63500213623047,64.68499755859375,64.6050033569336,64.6050033569336,155844
2026-01-15 20:45:00,64.61000061035156,64.62999725341797,64.58000183105469,64.61499786376953,226521
2026-01-15 20:50:00,64.61499786376953,64.73500061035156,64.5999984741211,64.69999694824219,371827
2026-01-15 20:55:00,64.70500183105469,64.73999786376953,64.51000213623047,64.58999633789062,934178
2026-01-16 14:30:00,64.38999938964844,64.54000091552734,64.20999908447266,64.36000061035156,928215
2026-01-16 14:35:00,64.36000061035156,64.46990203857422,64.08000183105469,64.1500015258789,218143
2026-01-16 14:40:00,64.15499877929688,64.33000183105469,64.0999984741211,64.2699966430664,159368
2026-01-16 14:45:00,64.27999877929688,64.58999633789062,64.27999877929688,64.54350280761719,163066
2026-01-16 14:50:00,64.54000091552734,64.55000305175781,64.2040023803711,64.2300033569336,185549
2026-01-16 14:55:00,64.22000122070312,64.3499984741211,64.19999694824219,64.29000091552734,163582
2026-01-16 15:00:00,64.27999877929688,64.30999755859375,64.16999816894531,64.2750015258789,160659
2026-01-16 15:05:00,64.27999877929688,64.27999877929688,64.18499755859375,64.19499969482422,162138
2026-01-16 15:10:00,64.19999694824219,64.20500183105469,64.01000213623047,64.0199966430664,206009
2026-01-16 15:15:00,64.0145034790039,64.05000305175781,63.92020034790039,63.95500183105469,319306
2026-01-16 15:20:00,63.95500183105469,64.02999877929688,63.95000076293945,63.96580123901367,139849
2026-01-16 15:25:00,63.96849822998047,63.97499847412109,63.900001525878906,63.91999816894531,187163
2026-01-16 15:30:00,63.91999816894531,63.94990158081055,63.7599983215332,63.834999084472656,222086
2026-01-16 15:35:00,63.834999084472656,63.880001068115234,63.68999862670898,63.72499847412109,196189
2026-01-16 15:40:00,63.72999954223633,63.826698303222656,63.68999862670898,63.810001373291016,536630
2026-01-16 15:45:00,63.79999923706055,63.810001373291016,63.709999084472656,63.75,612183
2026-01-16 15:50:00,63.74369812011719,63.86000061035156,63.72499847412109,63.7401008605957,205787
2026-01-16 15:55:00,63.7400016784668,63.81999969482422,63.68999862670898,63.790000915527344,216741
2026-01-16 16:00:00,63.79010009765625,63.82500076293945,63.68009948730469,63.7599983215332,153204
2026-01-16 16:05:00,63.7599983215332,63.98500061035156,63.7599983215332,63.98500061035156,132129
2026-01-16 16:10:00,63.98500061035156,64.00499725341797,63.90999984741211,63.959999084472656,121396
2026-01-16 16:15:00,63.96500015258789,64.05500030517578,63.85390090942383,64.05500030517578,166613
2026-01-16 16:20:00,64.05500030517578,64.37999725341797,64.05500030517578,64.2699966430664,249415
2026-01-16 16:25:00,64.2699966430664,64.2699966430664,64.06999969482422,64.18499755859375,1271876
2026-01-16 16:30:00,64.18499755859375,64.37999725341797,64.18499755859375,64.28500366210938,122628
2026-01-16 16:35:00,64.28500366210938,64.31999969482422,64.2249984741211,64.23999786376953,122055
2026-01-16 16:40:00,64.23999786376953,64.37999725341797,64.19999694824219,64.31999969482422,208119
2026-01-16 16:45:00,64.33000183105469,64.36000061035156,64.2750015258789,64.30999755859375,70013
2026-01-16 16:50:00,64.30000305175781,64.33000183105469,64.2249984741211,64.27999877929688,175158
2026-01-16 16:55:00,64.2699966430664,64.37999725341797,64.19999694824219,64.37000274658203,87980
2026-01-16 17:00:00,64.37010192871094,64.4000015258789,64.29000091552734,64.30000305175781,102604
2026-01-16 17:05:00,64.30999755859375,64.33999633789062,64.28500366210938,64.30500030517578,218277
2026-01-16 17:10:00,64.30500030517578,64.30999755859375,64.15499877929688,64.2249984741211,122262
2026-01-16 17:15:00,64.2249984741211,64.2249984741211,64.07420349121094,64.09539794921875,76563
2026-01-16 17:20:00,64.08999633789062,64.19000244140625,64.08999633789062,64.16400146484375,75201
2026-01-16 17:25:00,64.16000366210938,64.18000030517578,64.13999938964844,64.18000030517578,44325
2026-01-16 17:30:00,64.18499755859375,64.19000244140625,64.08000183105469,64.09500122070312,62408
2026-01-16 17:35:00,64.09960174560547,64.11000061035156,64.0199966430664,64.07499694824219,73022
2026-01-16 17:40:00,64.07499694824219,64.07499694824219,64.0,64.03790283203125,72166
2026-01-16 17:45:00,64.03500366210938,64.06500244140625,64.0,64.02999877929688,45469
2026-01-16 17:50:00,64.0250015258789,64.08000183105469,64.00499725341797,64.08000183105469,40745
2026-01-16 17:55:00,64.08000183105469,64.0999984741211,63.970001220703125,64.04499816894531,137296
2026-01-16 18:00:00,64.04000091552734,64.13999938964844,64.02999877929688,64.125,55451
2026-01-16 18:05:00,64.125,64.16000366210938,64.08499908447266,64.11000061035156,49113
2026-01-16 18:10:00,64.11499786376953,64.18000030517578,64.05500030517578,64.06999969482422,563146
2026-01-16 18:15:00,64.06999969482422,64.11000061035156,64.05999755859375,64.09500122070312,48165
2026-01-16 18:20:00,64.0999984741211,64.12999725341797,64.08000183105469,64.12000274658203,59437
2026-01-16 18:25:00,64.12999725341797,64.13999938964844,64.1050033569336,64.1050033569336,37348
2026-01-16 18:30:00,64.0999984741211,64.11000061035156,64.0250015258789,64.0250015258789,45792
2026-01-16 18:35:00,64.0199966430664,64.0199966430664,63.95000076293945,63.97999954223633,63974
2026-01-16 18:40:00,63.97999954223633,64.0,63.95009994506836,63.96139907836914,33893
2026-01-16 18:45:00,63.959999084472656,64.01499938964844,63.93009948730469,63.994998931884766,59678
2026-01-16 18:50:00,63.9900016784668,64.01000213623047,63.93999862670898,63.9900016784668,48937
2026-01-16 18:55:00,63.98979949951172,64.01000213623047,63.98040008544922,64.00499725341797,28992
2026-01-16 19:00:00,64.00499725341797,64.13500213623047,64.00499725341797,64.125,59105
2026-01-16 19:05:00,64.12999725341797,64.1500015258789,64.08999633789062,64.09500122070312,58261
2026-01-16 19:10:00,64.09010314941406,64.16000366210938,64.01499938964844,64.11000061035156,129540
2026-01-16 19:15:00,64.11009979248047,64.13999938964844,64.09500122070312,64.12000274658203,43165
2026-01-16 19:20:00,64.11499786376953,64.17549896240234,64.11499786376953,64.1449966430664,49249
2026-01-16 19:25:00,64.13999938964844,64.22000122070312,64.13500213623047,64.21900177001953,55018
2026-01-16 19:30:00,64.2134017944336,64.32499694824219,64.19499969482422,64.32499694824219,66649
2026-01-16 19:35:00,64.32499694824219,64.45500183105469,64.32499694824219,64.4136962890625,70868
2026-01-16 19:40:00,64.41000366210938,64.44000244140625,64.38999938964844,64.39749908447266,95685
2026-01-16 19:45:00,64.4000015258789,64.5,64.4000015258789,64.44000244140625,106700
2026-01-16 19:50:00,64.44499969482422,64.44999694824219,64.31109619140625,64.3499984741211,87912
2026-01-16 19:55:00,64.34452819824219,64.36000061035156,64.31500244140625,64.33000183105469,73183
2026-01-16 20:00:00,64.32499694824219,64.33000183105469,64.16500091552734,64.18499755859375,334094
2026-01-16 20:05:00,64.18000030517578,64.23860168457031,64.13999938964844,64.23860168457031,73781
2026-01-16 20:10:00,64.23500061035156,64.23500061035156,64.18450164794922,64.2063980102539,86343
2026-01-16 20:15:00,64.20500183105469,64.2699966430664,64.19000244140625,64.2699966430664,82952
2026-01-16 20:20:00,64.2750015258789,64.41999816894531,64.27330017089844,64.41500091552734,106444
2026-01-16 20:25:00,64.41500091552734,64.41500091552734,64.30000305175781,64.30000305175781,92746
2026-01-16 20:30:00,64.29750061035156,64.33000183105469,64.23999786376953,64.29499816894531,462832
2026-01-16 20:35:00,64.29499816894531,64.3499984741211,64.27999877929688,64.31500244140625,110208
2026-01-16 20:40:00,64.31999969482422,64.36000061035156,64.29499816894531,64.33999633789062,140552
2026-01-16 20:45:00,64.34500122070312,64.41000366210938,64.33499908447266,64.41000366210938,204829
2026-01-16 20:50:00,64.41000366210938,64.55500030517578,64.41000366210938,64.48999786376953,293425
2026-01-16 20:55:00,64.4800033569336,64.48500061035156,64.36000061035156,64.38999938964844,807727
2026-01-20 14:30:00,63.4900016784668,63.880001068115234,63.38119888305664,63.43999862670898,1281341
2026-01-20 14:35:00,63.43009948730469,64.20999908447266,63.380001068115234,64.2074966430664,380315
2026-01-20 14:40:00,64.20500183105469,64.20999908447266,63.77999877929688,64.20999908447266,502259
2026-01-20 14:45:00,64.19999694824219,64.43000030517578,63.86000061035156,64.36509704589844,335488
2026-01-20 14:50:00,64.36499786376953,64.44999694824219,64.19999694824219,64.2300033569336,340490
2026-01-20 14:55:00,64.24500274658203,64.55500030517578,64.16000366210938,64.4052963256836,338904
2026-01-20 15:00:00,64.41999816894531,64.41999816894531,64.06999969482422,64.19999694824219,242004
2026-01-20 15:05:00,64.19999694824219,64.31999969482422,63.36000061035156,63.72499847412109,1328114
2026-01-20 15:10:00,63.72499847412109,63.970001220703125,63.709999084472656,63.90999984741211,336685
2026-01-20 15:15:00,63.90499877929688,63.959999084472656,63.81700134277344,63.86000061035156,257057
2026-01-20 15:20:00,63.869998931884766,64.36000061035156,63.810001373291016,64.30000305175781,320346
2026-01-20 15:25:00,64.29000091552734,64.37000274658203,64.25,64.30999755859375,175830
2026-01-20 15:30:00,64.29840087890625,64.3499984741211,64.28459930419922,64.31999969482422,83200
2026-01-20 15:35:00,64.3499984741211,64.36000061035156,64.31999969482422,64.32499694824219,82834
2026-01-20 15:40:00,64.47000122070312,64.47789764404297,64.47000122070312,64.47319793701172,434193
2026-01-20 15:45:00,64.47000122070312,64.47760009765625,64.30000305175781,64.30000305175781,166809
2026-01-20 15:50:00,64.30999755859375,64.3499984741211,64.08999633789062,64.26010131835938,181875
2026-01-20 15:55:00,64.26499938964844,64.48999786376953,64.25,64.48999786376953,236809
2026-01-20 16:00:00,64.48999786376953,64.55999755859375,64.4000015258789,64.44000244140625,150239
2026-01-20 16:05:00,64.41999816894531,64.5,64.18000030517578,64.30000305175781,595940
2026-01-20 16:10:00,64.30500030517578,64.32009887695312,64.16000366210938,64.19000244140625,108109
2026-01-20 16:15:00,64.19999694824219,64.22000122070312,64.1500015258789,64.16999816894531,78565
2026-01-20 16:20:00,64.18000030517578,64.22000122070312,64.07499694824219,64.11900329589844,98365
2026-01-20 16:25:00,64.11000061035156,64.3499984741211,64.05000305175781,64.30000305175781,146692
2026-01-20 16:30:00,64.30000305175781,64.44000244140625,64.2699966430664,64.38999938964844,137033
2026-01-20 16:35:00,64.38999938964844,64.5199966430664,64.3499984741211,64.37000274658203,105007
2026-01-20 16:40:00,64.36000061035156,64.37999725341797,64.25,64.28500366210938,78523
2026-01-20 16:45:00,64.28939819335938,64.40499877929688,64.27010345458984,64.40499877929688,76832
2026-01-20 16:50:00,64.41999816894531,64.47000122070312,64.21499633789062,64.21499633789062,174074
2026-01-20 16:55:00,64.21499633789062,64.31999969482422,64.20999908447266,64.29989624023438,65100
2026-01-20 17:00:00,64.29000091552734,64.43499755859375,64.27999877929688,64.30999755859375,107786
2026-01-20 17:05:00,64.31999969482422,64.41000366210938,64.22000122070312,64.2249984741211,159539
2026-01-20 17:10:00,64.22000122070312,64.36000061035156,64.1449966430664,64.2249984741211,92306
2026-01-20 17:15:00,64.22000122070312,64.22000122070312,64.1500015258789,64.16000366210938,58464
2026-01-20 17:20:00,64.16000366210938,64.16999816894531,64.01499938964844,64.0199966430664,136530
2026-01-20 17:25:00,64.02899932861328,64.05000305175781,63.959999084472656,64.0,192792
2026-01-20 17:30:00,64.0,64.0,63.90499877929688,63.915000915527344,137820
2026-01-20 17:35:00,63.90499877929688,63.97999954223633,63.834999084472656,63.94499969482422,144305
2026-01-20 17:40:00,63.94499969482422,63.95000076293945,63.70500183105469,63.70500183105469,217436
2026-01-20 17:45:00,63.70500183105469,63.70500183105469,63.43999862670898,63.459999084472656,155144
2026-01-20 17:50:00,63.459999084472656,63.5,63.41999816894531,63.47999954223633,119513
2026-01-20 17:55:00,63.47999954223633,63.52999877929688,63.220001220703125,63.52000045776367,184607
2026-01-20 18:00:00,63.52000045776367,63.54999923706055,63.459999084472656,63.462799072265625,74089
2026-01-20 18:05:00,63.47999954223633,63.70000076293945,63.47999954223633,63.60499954223633,125619
2026-01-20 18:10:00,63.60499954223633,63.709999084472656,63.59000015258789,63.64939880371094,80970
2026-01-20 18:15:00,63.650001525878906,63.650001525878906,63.5099983215332,63.58000183105469,80245
2026-01-20 18:20:00,63.56999969482422,63.59000015258789,63.5099983215332,63.5099983215332,69352
2026-01-20 18:25:00,63.505001068115234,63.59000015258789,63.505001068115234,63.54499816894531,87829
2026-01-20 18:30:00,63.54499816894531,63.56499862670898,63.36000061035156,63.380001068115234,110844
2026-01-20 18:35:00,63.380001068115234,63.519798278808594,63.380001068115234,63.505001068115234,89234
2026-01-20 18:40:00,63.5099983215332,63.52999877929688,63.34999847412109,63.36000061035156,165617
2026-01-20 18:45:00,63.36000061035156,63.400001525878906,63.31999969482422,63.345001220703125,92967
2026-01-20 18:50:00,63.34000015258789,63.34999847412109,63.15999984741211,63.195098876953125,127467
2026-01-20 18:55:00,63.19499969482422,63.33000183105469,63.19499969482422,63.26499938964844,206395
2026-01-20 19:00:00,63.26499938964844,63.310001373291016,63.15499877929688,63.15999984741211,104303
2026-01-20 19:05:00,63.16999816894531,63.22999954223633,63.119998931884766,63.18000030517578,139446
2026-01-20 19:10:00,63.17499923706055,63.34000015258789,63.17499923706055,63.310001373291016,124939
2026-01-20 19:15:00,63.310001373291016,63.31999969482422,63.220001220703125,63.255001068115234,97085
2026-01-20 19:20:00,63.2599983215332,63.41999816894531,63.2599983215332,63.31999969482422,128371
2026-01-20 19:25:00,63.31999969482422,63.34999847412109,63.25,63.31999969482422,141852
2026-01-20 19:30:00,63.33000183105469,63.34000015258789,63.18000030517578,63.20009994506836,120552
2026-01-20 19:35:00,63.209999084472656,63.229000091552734,63.18000030517578,63.18999862670898,91558
2026-01-20 19:40:00,63.18999862670898,63.2400016784668,63.119998931884766,63.20750045776367,260867
2026-01-20 19:45:00,63.20000076293945,63.220001220703125,63.025001525878906,63.119998931884766,109749
2026-01-20 19:50:00,63.1150016784668,63.20989990234375,63.01499938964844,63.20980072021485,325492
2026-01-20 19:55:00,63.20909881591797,63.29499816894531,63.15999984741211,63.27999877929688,134826
2026-01-20 20:00:00,63.27999877929688,63.310001373291016,63.185001373291016,63.23500061035156,187695
2026-01-20 20:05:00,63.232398986816406,63.25,63.19929885864258,63.22499847412109,137675
2026-01-20 20:10:00,63.22999954223633,63.32500076293945,63.18999862670898,63.275001525878906,147230
2026-01-20 20:15:00,63.275001525878906,63.470001220703125,63.275001525878906,63.40999984741211,172654
2026-01-20 20:20:00,63.415000915527344,63.459999084472656,63.33200073242188,63.38999938964844,503409
2026-01-20 20:25:00,63.38999938964844,63.45989990234375,63.310001373291016,63.43999862670898,137762
2026-01-20 20:30:00,63.44499969482422,63.5,63.40999984741211,63.48500061035156,121273
2026-01-20 20:35:00,63.48500061035156,63.57500076293945,63.387001037597656,63.560001373291016,282272
2026-01-20 20:40:00,63.55009841918945,63.59000015258789,63.43000030517578,63.560001373291016,251855
2026-01-20 20:45:00,63.54999923706055,63.71500015258789,63.54499816894531,63.70989990234375,417750
2026-01-20 20:50:00,63.70500183105469,63.720001220703125,63.59000015258789,63.61000061035156,505565
2026-01-20 20:55:00,63.61000061035156,63.66999816894531,63.51499938964844,63.619998931884766,1259609
2026-01-21 14:30:00,63.880001068115234,64.30000305175781,63.68000030517578,64.17500305175781,619334
2026-01-21 14:35:00,64.16999816894531,64.3499984741211,64.04000091552734,64.19999694824219,259779
2026-01-21 14:40:00,64.19999694824219,64.37999725341797,64.13999938964844,64.34500122070312,274548
2026-01-21 14:45:00,64.3550033569336,64.73999786376953,64.33000183105469,64.62999725341797,352214
2026-01-21 14:50:00,64.62000274658203,64.80000305175781,64.47010040283203,64.70999908447266,189149
2026-01-21 14:55:00,64.69999694824219,65.08000183105469,64.69999694824219,64.86000061035156,284646
2026-01-21 15:00:00,64.83999633789062,65.04000091552734,64.78340148925781,64.80999755859375,217215
2026-01-21 15:05:00,64.80500030517578,64.91500091552734,64.58499908447266,64.6500015258789,194686
2026-01-21 15:10:00,64.6500015258789,64.8499984741211,64.62000274658203,64.7300033569336,140626
2026-01-21 15:15:00,64.7249984741211,65.04499816894531,64.71499633789062,64.86499786376953,230560
2026-01-21 15:20:00,64.86499786376953,64.99500274658203,64.80000305175781,64.9000015258789,110966
2026-01-21 15:25:00,64.9000015258789,65.11000061035156,64.83999633789062,65.06500244140625,138707
2026-01-21 15:30:00,65.05999755859375,65.23500061035156,65.0,65.19000244140625,148385
2026-01-21 15:35:00,65.18499755859375,65.2249984741211,65.1500015258789,65.19499969482422,71260
2026-01-21 15:40:00,65.19059753417969,65.19499969482422,65.06999969482422,65.07420349121094,97786
2026-01-21 15:45:00,65.07499694824219,65.08000183105469,64.76010131835938,64.76010131835938,113968
2026-01-21 15:50:00,64.76499938964844,64.79000091552734,64.56500244140625,64.5999984741211,173949
2026-01-21 15:55:00,64.58999633789062,64.62999725341797,64.4647445678711,64.57499694824219,101939
2026-01-21 16:00:00,64.58499908447266,64.62000274658203,64.44139862060547,64.54000091552734,96701
2026-01-21 16:05:00,64.53500366210938,64.53500366210938,64.30500030517578,64.30500030517578,126566
2026-01-21 16:10:00,64.30660247802734,64.34590148925781,64.19000244140625,64.20999908447266,94165
2026-01-21 16:15:00,64.21499633789062,64.30000305175781,64.16999816894531,64.22010040283203,107602
2026-01-21 16:20:00,64.22000122070312,64.2300033569336,64.125,64.125,87832
2026-01-21 16:25:00,64.125,64.19499969482422,64.08000183105469,64.17500305175781,111817
2026-01-21 16:30:00,64.17500305175781,64.22989654541016,64.11000061035156,64.1500015258789,87218
2026-01-21 16:35:00,64.1500015258789,64.1500015258789,63.88999938964844,63.900001525878906,121552
2026-01-21 16:40:00,63.89500045776367,63.95000076293945,63.8484001159668,63.8484001159668,94626
2026-01-21 16:45:00,63.84000015258789,63.88999938964844,63.720001220703125,63.869998931884766,149795
2026-01-21 16:50:00,63.870601654052734,63.88999938964844,63.68000030517578,63.70500183105469,111595
2026-01-21 16:55:00,63.68999862670898,63.709999084472656,63.619998931884766,63.6515007019043,90368
2026-01-21 17:00:00,63.65999984741211,63.71500015258789,63.61000061035156,63.709999084472656,79071
2026-01-21 17:05:00,63.709999084472656,63.7400016784668,63.630001068115234,63.685001373291016,92884
2026-01-21 17:10:00,63.68000030517578,63.75,63.65499877929688,63.71500015258789,106018
2026-01-21 17:15:00,63.720001220703125,63.88999938964844,63.70669937133789,63.88999938964844,95061
2026-01-21 17:20:00,63.8849983215332,63.98500061035156,63.84000015258789,63.98249816894531,113816
2026-01-21 17:25:00,63.97999954223633,64.0199966430664,63.89500045776367,63.96989822387695,87851
2026-01-21 17:30:00,63.95000076293945,63.9900016784668,63.90499877929688,63.91999816894531,131095
2026-01-21 17:35:00,63.93000030517578,63.9900016784668,63.84999847412109,63.97999954223633,90714
2026-01-21 17:40:00,63.97999954223633,64.01499938964844,63.86000061035156,63.869998931884766,138478
2026-01-21 17:45:00,63.8650016784668,63.959999084472656,63.83000183105469,63.93999862670898,114194
2026-01-21 17:50:00,63.930301666259766,64.13999938964844,63.91999816894531,64.13500213623047,96422
2026-01-21 17:55:00,64.12999725341797,64.12999725341797,64.0,64.00920104980469,89427
2026-01-21 18:00:00,64.01000213623047,64.04499816894531,63.959999084472656,64.04499816894531,151307
2026-01-21 18:05:00,64.04499816894531,64.1449966430664,64.04499816894531,64.13500213623047,67869
2026-01-21 18:10:00,64.12999725341797,64.44000244140625,64.12999725341797,64.4000015258789,205373
2026-01-21 18:15:00,64.40499877929688,64.4800033569336,64.27999877929688,64.44499969482422,129628
2026-01-21 18:20:00,64.43499755859375,64.44000244140625,64.36000061035156,64.41000366210938,119614
2026-01-21 18:30:00,64.61499786376953,64.69499969482422,64.58999633789062,64.65499877929688,448510
2026-01-21 18:35:00,64.65499877929688,64.69999694824219,64.58499908447266,64.61000061035156,2537526
2026-01-21 18:40:00,64.62000274658203,64.83989715576172,64.62000274658203,64.80999755859375,173353
2026-01-21 18:45:00,64.80999755859375,64.99500274658203,64.76000213623047,64.96499633789062,141854
2026-01-21 18:50:00,64.96499633789062,64.97000122070312,64.7699966430664,64.7750015258789,186255
2026-01-21 18:55:00,64.7699966430664,64.79000091552734,64.70500183105469,64.77999877929688,130224
2026-01-21 19:00:00,64.7699966430664,64.80999755859375,64.71369934082031,64.73999786376953,103918
2026-01-21 19:05:00,64.75,64.76000213623047,64.61499786376953,64.6500015258789,106711
2026-01-21 19:10:00,64.6500015258789,64.67500305175781,64.52999877929688,64.52999877929688,82222
2026-01-21 19:15:00,64.5199966430664,64.5199966430664,64.38500213623047,64.41000366210938,88018
2026-01-21 19:20:00,64.40499877929688,64.4800033569336,64.3949966430664,64.41000366210938,89420
2026-01-21 19:25:00,64.41500091552734,64.94999694824219,64.38009643554688,64.8949966430664,163119
2026-01-21 19:30:00,64.8949966430664,65.03500366210938,64.83999633789062,65.0,145388
2026-01-21 19:35:00,65.0,65.3499984741211,64.94000244140625,65.12999725341797,181294
2026-01-21 19:40:00,64.89839935302734,65.25,64.89839935302734,65.19999694824219,155949
2026-01-21 19:45:00,65.19499969482422,65.22000122070312,65.06999969482422,65.07019805908203,98587
2026-01-21 19:50:00,65.08000183105469,65.08999633789062,64.87000274658203,64.88999938964844,88931
2026-01-21 19:55:00,64.88999938964844,64.95999908447266,64.8550033569336,64.9000015258789,85576
2026-01-21 20:00:00,64.9000015258789,64.94999694824219,64.77999877929688,64.80000305175781,112999
2026-01-21 20:05:00,64.80999755859375,64.84500122070312,64.76499938964844,64.77999877929688,109515
2026-01-21 20:10:00,64.78453063964844,64.80999755859375,64.72000122070312,64.76139831542969,111726
2026-01-21 20:15:00,64.77999877929688,64.80500030517578,64.625,64.68000030517578,141899
2026-01-21 20:20:00,64.68000030517578,64.69000244140625,64.5999984741211,64.625,120178
2026-01-21 20:25:00,64.62000274658203,64.72000122070312,64.59500122070312,64.68499755859375,95376
2026-01-21 20:30:00,64.68000030517578,64.71499633789062,64.61000061035156,64.68499755859375,184990
2026-01-21 20:35:00,64.68000030517578,64.83540344238281,64.67500305175781,64.80000305175781,167237
2026-01-21 20:40:00,64.80500030517578,65.0199966430664,64.79000091552734,65.01499938964844,287508
2026-01-21 20:45:00,65.01499938964844,65.12000274658203,64.91000366210938,65.06999969482422,433826
2026-01-21 20:50:00,65.06999969482422,65.22000122070312,65.05000305175781,65.1449966430664,533014
2026-01-21 20:55:00,65.1500015258789,65.41500091552734,65.1449966430664,65.41000366210938,1469884
2026-01-22 14:30:00,65.41000366210938,66.18000030517578,65.2699966430664,66.1500015258789,685081
2026-01-22 14:35:00,66.12000274658203,66.55000305175781,65.9800033569336,66.0199966430664,256121
2026-01-22 14:40:00,66.0199966430664,66.26499938964844,65.9800033569336,66.16500091552734,168290
2026-01-22 14:45:00,66.18000030517578,66.18499755859375,65.76000213623047,65.83000183105469,233299
2026-01-22 14:50:00,65.8125,65.93000030517578,65.76840209960938,65.91020202636719,130305
2026-01-22 14:55:00,65.91999816894531,65.98999786376953,65.83000183105469,65.87999725341797,138346
2026-01-22 15:00:00,65.87999725341797,65.88999938964844,65.65499877929688,65.76000213623047,215276
2026-01-22 15:05:00,65.7699966430664,65.83999633789062,65.68720245361328,65.7874984741211,179859
2026-01-22 15:10:00,65.79000091552734,65.83999633789062,65.66500091552734,65.7699966430664,128023
2026-01-22 15:15:00,65.7699966430664,65.7699966430664,65.5999984741211,65.61000061035156,115242
2026-01-22 15:20:00,65.6050033569336,65.77989959716797,65.53500366210938,65.7249984741211,214236
2026-01-22 15:25:00,65.7300033569336,65.80500030517578,65.69000244140625,65.72000122070312,242050
2026-01-22 15:30:00,65.71499633789062,65.90499877929688,65.63009643554688,65.86000061035156,167039
2026-01-22 15:35:00,65.86000061035156,66.0,65.86000061035156,65.93499755859375,124974
2026-01-22 15:40:00,65.93009948730469,66.00980377197266,65.9000015258789,65.95999908447266,150940
2026-01-22 15:45:00,65.97000122070312,66.12000274658203,65.94000244140625,66.05000305175781,116119
2026-01-22 15:50:00,66.04000091552734,66.04000091552734,65.93720245361328,65.9749984741211,106075
2026-01-22 15:55:00,65.9749984741211,66.13999938964844,65.9000015258789,66.03500366210938,173401
2026-01-22 16:00:00,66.03500366210938,66.13890075683594,66.0250015258789,66.05000305175781,95123
2026-01-22 16:05:00,66.05000305175781,66.12999725341797,66.05000305175781,66.07499694824219,75227
2026-01-22 16:10:00,66.07499694824219,66.07499694824219,66.0199966430664,66.0250015258789,93891
2026-01-22 16:15:00,66.02999877929688,66.04000091552734,65.875,65.91500091552734,187815
2026-01-22 16:20:00,65.91500091552734,65.95999908447266,65.81500244140625,65.83000183105469,105899
2026-01-22 16:25:00,65.81999969482422,65.83999633789062,65.63999938964844,65.68000030517578,149480
2026-01-22 16:30:00,65.68990325927734,65.80000305175781,65.6449966430664,65.67500305175781,156081
2026-01-22 16:35:00,65.67500305175781,65.87000274658203,65.6500015258789,65.86000061035156,107759
2026-01-22 16:40:00,65.8499984741211,65.8499984741211,65.76000213623047,65.79499816894531,88134
2026-01-22 16:45:00,65.80000305175781,65.83000183105469,65.75,65.76000213623047,65221
2026-01-22 16:50:00,65.75,65.79499816894531,65.70999908447266,65.75499725341797,128878
2026-01-22 16:55:00,65.75,65.7699966430664,65.59500122070312,65.6050033569336,67763
2026-01-22 17:00:00,65.61000061035156,65.69000244140625,65.5250015258789,65.69000244140625,169547
2026-01-22 17:05:00,65.69499969482422,65.74500274658203,65.61000061035156,65.7300033569336,73785
2026-01-22 17:10:00,65.72000122070312,65.7300033569336,65.67500305175781,65.69000244140625,42233
2026-01-22 17:15:00,65.69921112060547,65.69999694824219,65.6500015258789,65.66000366210938,42747
2026-01-22 17:20:00,65.6500015258789,65.68000030517578,65.5999984741211,65.66580200195312,79200
2026-01-22 17:25:00,65.66909790039062,65.80000305175781,65.6449966430664,65.79499816894531,93195
2026-01-22 17:30:00,65.80000305175781,65.98999786376953,65.78500366210938,65.9800033569336,127404
2026-01-22 17:35:00,65.97010040283203,66.00499725341797,65.88999938964844,65.94499969482422,104519
2026-01-22 17:40:00,65.94499969482422,65.98999786376953,65.90499877929688,65.95500183105469,82832
2026-01-22 17:45:00,65.95999908447266,65.97000122070312,65.8949966430664,65.92500305175781,86095
2026-01-22 17:50:00,65.92500305175781,65.9800033569336,65.91000366210938,65.95500183105469,54368
2026-01-22 17:55:00,65.95500183105469,65.95999908447266,65.88500213623047,65.9020004272461,98835
2026-01-22 18:00:00,65.90499877929688,65.95500183105469,65.84500122070312,65.91999816894531,84956
2026-01-22 18:05:00,65.91500091552734,65.94989776611328,65.81999969482422,65.86000061035156,53250
2026-01-22 18:10:00,65.8499984741211,65.8499984741211,65.76499938964844,65.81999969482422,71399
2026-01-22 18:15:00,65.84989929199219,65.85880279541016,65.80400085449219,65.81500244140625,66938
2026-01-22 18:20:00,65.81999969482422,65.98999786376953,65.81500244140625,65.81999969482422,86888
2026-01-22 18:25:00,65.82499694824219,65.83000183105469,65.7750015258789,65.81500244140625,80376
2026-01-22 18:30:00,65.81500244140625,65.93000030517578,65.76000213623047,65.91500091552734,74369
2026-01-22 18:35:00,65.91500091552734,65.93000030517578,65.82099914550781,65.87000274658203,79992
2026-01-22 18:40:00,65.86090087890625,65.86499786376953,65.73999786376953,65.74500274658203,91481
2026-01-22 18:45:00,65.74500274658203,65.76000213623047,65.68000030517578,65.74449920654297,106133
2026-01-22 18:50:00,65.74500274658203,65.8550033569336,65.74500274658203,65.8499984741211,59952
2026-01-22 18:55:00,65.84500122070312,65.88999938964844,65.80000305175781,65.87999725341797,76211
2026-01-22 19:00:00,65.875,65.88999938964844,65.77999877929688,65.80999755859375,83789
2026-01-22 19:05:00,65.80149841308594,65.9198989868164,65.80149841308594,65.90979766845703,73629
2026-01-22 19:10:00,65.91000366210938,66.0199966430664,65.87460327148438,65.875,111202
2026-01-22 19:15:00,65.8740005493164,65.87999725341797,65.68199920654297,65.77999877929688,108517
2026-01-22 19:20:00,65.77999877929688,65.79000091552734,65.61499786376953,65.62000274658203,63367
2026-01-22 19:25:00,65.62000274658203,65.66999816894531,65.54499816894531,65.55999755859375,68652
2026-01-22 19:30:00,65.55449676513672,65.56999969482422,65.44000244140625,65.47000122070312,96804
2026-01-22 19:35:00,65.4749984741211,65.48500061035156,65.37000274658203,65.37999725341797,111421
2026-01-22 19:40:00,65.375,65.37999725341797,65.2699966430664,65.30999755859375,81514
2026-01-22 19:45:00,65.30000305175781,65.41500091552734,65.27999877929688,65.38500213623047,114775
2026-01-22 19:50:00,65.38500213623047,65.41539764404297,65.31999969482422,65.38999938964844,79977
2026-01-22 19:55:00,65.4000015258789,65.4000015258789,65.2699966430664,65.2750015258789,160914
2026-01-22 20:00:00,65.2750015258789,65.41500091552734,65.25,65.375,177800
2026-01-22 20:05:00,65.375,65.43990325927734,65.37000274658203,65.3949966430664,130255
2026-01-22 20:10:00,65.3949966430664,65.48500061035156,65.38500213623047,65.4749984741211,138276
2026-01-22 20:15:00,65.4800033569336,65.53970336914062,65.47000122070312,65.53569793701172,97029
2026-01-22 20:20:00,65.53500366210938,65.58999633789062,65.48500061035156,65.49500274658203,98366
2026-01-22 20:25:00,65.49500274658203,65.54000091552734,65.48500061035156,65.51499938964844,106265
2026-01-22 20:30:00,65.51499938964844,65.61000061035156,65.5,65.56500244140625,184671
2026-01-22 20:35:00,65.56500244140625,65.60749816894531,65.51499938964844,65.5999984741211,101995
2026-01-22 20:40:00,65.59500122070312,65.66999816894531,65.58000183105469,65.65499877929688,116337
2026-01-22 20:45:00,65.65499877929688,65.67500305175781,65.55999755859375,65.58000183105469,243908
2026-01-22 20:50:00,65.58999633789062,65.61000061035156,65.49500274658203,65.54499816894531,326909
2026-01-22 20:55:00,65.54499816894531,65.61499786376953,65.45500183105469,65.46499633789062,665376
2026-01-23 14:30:00,65.25,65.44999694824219,65.13999938964844,65.38899993896484,418246
2026-01-23 14:35:00,65.3499984741211,65.3499984741211,64.99500274658203,65.25499725341797,188225
2026-01-23 14:40:00,65.25,65.28150177001953,64.83999633789062,65.06500244140625,134055
2026-01-23 14:45:00,65.08999633789062,65.16999816894531,64.81999969482422,64.83499908447266,167578
2026-01-23 14:50:00,64.83499908447266,64.93000030517578,64.72000122070312,64.91000366210938,110720
2026-01-23 14:55:00,64.9000015258789,65.12000274658203,64.9000015258789,65.05000305175781,117422
2026-01-23 15:00:00,65.04000091552734,65.06999969482422,64.70500183105469,64.77999877929688,210549
2026-01-23 15:05:00,64.77999877929688,64.87000274658203,64.75,64.76499938964844,95267
2026-01-23 15:10:00,64.76000213623047,64.78500366210938,64.6333999633789,64.66999816894531,144266
2026-01-23 15:15:00,64.66999816894531,64.72000122070312,64.4800033569336,64.55460357666016,153262
2026-01-23 15:20:00,64.55500030517578,64.6449966430664,64.52999877929688,64.61499786376953,126213
2026-01-23 15:25:00,64.6156005859375,64.75,64.61499786376953,64.65499877929688,362670
2026-01-23 15:30:00,64.65499877929688,64.7750015258789,64.55500030517578,64.62999725341797,114663
2026-01-23 15:35:00,64.62000274658203,64.70500183105469,64.56999969482422,64.70500183105469,88007
2026-01-23 15:40:00,64.70449829101562,64.79000091552734,64.46499633789062,64.4809341430664,170444
2026-01-23 15:45:00,64.48500061035156,64.58000183105469,64.44010162353516,64.56539916992188,72233
2026-01-23 15:50:00,64.55999755859375,64.6050033569336,64.51499938964844,64.57453155517578,93780
2026-01-23 15:55:00,64.58000183105469,64.65499877929688,64.56999969482422,64.58999633789062,103291
2026-01-23 16:00:00,64.58999633789062,64.6050033569336,64.55999755859375,64.58499908447266,96979
2026-01-23 16:05:00,64.58999633789062,64.6500015258789,64.58999633789062,64.625,82997
2026-01-23 16:10:00,64.62000274658203,64.70500183105469,64.61000061035156,64.61000061035156,86108
2026-01-23 16:15:00,64.61000061035156,64.70500183105469,64.60070037841797,64.66500091552734,104801
2026-01-23 16:20:00,64.66500091552734,64.69999694824219,64.5199966430664,64.68499755859375,251625
2026-01-23 16:25:00,64.68499755859375,64.69000244140625,64.58999633789062,64.6500015258789,136445
2026-01-23 16:30:00,64.6500015258789,64.66999816894531,64.58499908447266,64.66999816894531,109742
2026-01-23 16:35:00,64.66999816894531,64.75,64.6500015258789,64.7249984741211,282981
2026-01-23 16:40:00,64.7300033569336,64.7300033569336,64.5999984741211,64.63999938964844,75631
2026-01-23 16:45:00,64.6500015258789,64.71499633789062,64.6050033569336,64.66000366210938,85245
2026-01-23 16:50:00,64.65499877929688,64.65550231933594,64.61499786376953,64.625,81532
2026-01-23 16:55:00,64.62999725341797,64.65499877929688,64.5199966430664,64.65499877929688,85245
2026-01-23 17:00:00,64.6500015258789,64.69999694824219,64.63999938964844,64.6875,83098
2026-01-23 17:05:00,64.68499755859375,64.7750015258789,64.66500091552734,64.74500274658203,105476
2026-01-23 17:10:00,64.74500274658203,64.76000213623047,64.68499755859375,64.70970153808594,175955
2026-01-23 17:15:00,64.70500183105469,64.80000305175781,64.70500183105469,64.7699966430664,112065
2026-01-23 17:20:00,64.7699966430664,64.83499908447266,64.7699966430664,64.83000183105469,87671
2026-01-23 17:25:00,64.82499694824219,64.9000015258789,64.79000091552734,64.8833999633789,56837
2026-01-23 17:30:00,64.87999725341797,64.9000015258789,64.81500244140625,64.83499908447266,115607
2026-01-23 17:35:00,64.83499908447266,64.8550033569336,64.79499816894531,64.82499694824219,69757
2026-01-23 17:40:00,64.82460021972656,64.82499694824219,64.75499725341797,64.80500030517578,141658
2026-01-23 17:45:00,64.8031005859375,64.8499984741211,64.79229736328125,64.82009887695312,51627
2026-01-23 17:50:00,64.82499694824219,64.83989715576172,64.62000274658203,64.7699966430664,287842
2026-01-23 17:55:00,64.76000213623047,64.80500030517578,64.64759826660156,64.68000030517578,113316
2026-01-23 18:00:00,64.66999816894531,64.76499938964844,64.66500091552734,64.74500274658203,90792
2026-01-23 18:05:00,64.74500274658203,64.76000213623047,64.66000366210938,64.75,202725
2026-01-23 18:10:00,64.74500274658203,64.75969696044922,64.69029998779297,64.72000122070312,61664
2026-01-23 18:15:00,64.71499633789062,64.74500274658203,64.69999694824219,64.72000122070312,51237
2026-01-23 18:20:00,64.7249984741211,64.82779693603516,64.68499755859375,64.81999969482422,83974
2026-01-23 18:25:00,64.81500244140625,64.86509704589844,64.81500244140625,64.84500122070312,59898
2026-01-23 18:30:00,64.83999633789062,64.88999938964844,64.81500244140625,64.8499984741211,96862
2026-01-23 18:35:00,64.8550033569336,64.86000061035156,64.80000305175781,64.80999755859375,38856
2026-01-23 18:40:00,64.81500244140625,64.88990020751953,64.79499816894531,64.8550033569336,84959
2026-01-23 18:45:00,64.85970306396484,64.87999725341797,64.75,64.76499938964844,142684
2026-01-23 18:50:00,64.76499938964844,64.76499938964844,64.66999816894531,64.69920349121094,77485
2026-01-23 18:55:00,64.69499969482422,64.69499969482422,64.63500213623047,64.6449966430664,82533
2026-01-23 19:00:00,64.6449966430664,64.7300033569336,64.63999938964844,64.70500183105469,89160
2026-01-23 19:05:00,64.70500183105469,64.71540069580078,64.63500213623047,64.66500091552734,63012
2026-01-23 19:10:00,64.66500091552734,64.70999908447266,64.6449966430664,64.70500183105469,74225
2026-01-23 19:15:00,64.7061996459961,64.70999908447266,64.62999725341797,64.66510009765625,62910
2026-01-23 19:20:00,64.6707992553711,64.70500183105469,64.63500213623047,64.65499877929688,53459
2026-01-23 19:25:00,64.65499877929688,64.67459869384766,64.54499816894531,64.55999755859375,86211
2026-01-23 19:30:00,64.55999755859375,64.58999633789062,64.54000091552734,64.57499694824219,72865
2026-01-23 19:35:00,64.57499694824219,64.68900299072266,64.57499694824219,64.68209838867188,74967
2026-01-23 19:40:00,64.69000244140625,64.72000122070312,64.6500015258789,64.71499633789062,135777
2026-01-23 19:45:00,64.71119689941406,64.71499633789062,64.5999984741211,64.66500091552734,99905
2026-01-23 19:50:00,64.66500091552734,64.73999786376953,64.66000366210938,64.7249984741211,87810
2026-01-23 19:55:00,64.7249984741211,64.87000274658203,64.7249984741211,64.86000061035156,124657
2026-01-23 20:00:00,64.86000061035156,64.86540222167969,64.78500366210938,64.79499816894531,82968
2026-01-23 20:05:00,64.79309844970703,64.82990264892578,64.7699966430664,64.8183364868164,98360
2026-01-23 20:10:00,64.81500244140625,64.875,64.80000305175781,64.86499786376953,73541
2026-01-23 20:15:00,64.86499786376953,64.88999938964844,64.80999755859375,64.87999725341797,169649
2026-01-23 20:20:00,64.875,64.875,64.80500030517578,64.86499786376953,91885
2026-01-23 20:25:00,64.86000061035156,64.86000061035156,64.82499694824219,64.82499694824219,114304
2026-01-23 20:30:00,64.83000183105469,64.87539672851562,64.79000091552734,64.87539672851562,120401
2026-01-23 20:35:00,64.875,64.91500091552734,64.8499984741211,64.91000366210938,105959
2026-01-23 20:40:00,64.91999816894531,64.98999786376953,64.86000061035156,64.88500213623047,209040
2026-01-23 20:45:00,64.88999938964844,64.9800033569336,64.87999725341797,64.92500305175781,168503
2026-01-23 20:50:00,64.91999816894531,65.07499694824219,64.91000366210938,65.03500366210938,227884
2026-01-23 20:55:00,65.0199966430664,65.0250015258789,64.91999816894531,65.01000213623047,545634
2026-01-26 14:30:00,64.80999755859375,65.30000305175781,64.7750015258789,65.0,484329
2026-01-26 14:35:00,64.98999786376953,65.12999725341797,64.84100341796875,65.0999984741211,182441
2026-01-26 14:40:00,65.11000061035156,65.1500015258789,64.93000030517578,64.99500274658203,113620
2026-01-26 14:45:00,64.98999786376953,65.42713165283203,64.9800033569336,65.2300033569336,158826
2026-01-26 14:50:00,65.2300033569336,65.26619720458984,65.04000091552734,65.05000305175781,91053
2026-01-26 14:55:00,65.05500030517578,65.05500030517578,64.83999633789062,64.91999816894531,252946
2026-01-26 15:00:00,64.93000030517578,64.98999786376953,64.7750015258789,64.91500091552734,181026
2026-01-26 15:05:00,64.91000366210938,65.05000305175781,64.8499984741211,64.97450256347656,121460
2026-01-26 15:10:00,64.9749984741211,65.32499694824219,64.9749984741211,65.30000305175781,135997
2026-01-26 15:15:00,65.30000305175781,65.33000183105469,65.20999908447266,65.30000305175781,91681
2026-01-26 15:20:00,65.3031005859375,65.30999755859375,65.12999725341797,65.13999938964844,102643
2026-01-26 15:25:00,65.13500213623047,65.1500015258789,64.86499786376953,64.91010284423828,238313
2026-01-26 15:30:00,64.91999816894531,64.9800033569336,64.87000274658203,64.91000366210938,121535
2026-01-26 15:35:00,64.91000366210938,64.97000122070312,64.8949966430664,64.94499969482422,107972
2026-01-26 15:40:00,64.93499755859375,64.98999786376953,64.90499877929688,64.98500061035156,92262
2026-01-26 15:45:00,64.98999786376953,65.05500030517578,64.94499969482422,65.05500030517578,121469
2026-01-26 15:50:00,65.05500030517578,65.13999938964844,64.98999786376953,65.125,111688
2026-01-26 15:55:00,65.125,65.12999725341797,65.06999969482422,65.1050033569336,126462
2026-01-26 16:00:00,65.11000061035156,65.15499877929688,64.99500274658203,65.03500366210938,161189
2026-01-26 16:05:00,65.03500366210938,65.06999969482422,64.97000122070312,65.06999969482422,98071
2026-01-26 16:10:00,65.06999969482422,65.06999969482422,64.94000244140625,64.94999694824219,97638
2026-01-26 16:15:00,64.94499969482422,65.01000213623047,64.91000366210938,64.95500183105469,141015
2026-01-26 16:20:00,64.95500183105469,64.97000122070312,64.91100311279297,64.94999694824219,88552
2026-01-26 16:25:00,64.94499969482422,65.12000274658203,64.94499969482422,65.1050033569336,86447
2026-01-26 16:30:00,65.1050033569336,65.12000274658203,64.84500122070312,64.87989807128906,152555
2026-01-26 16:35:00,64.87000274658203,64.96009826660156,64.81500244140625,64.94000244140625,115649
2026-01-26 16:40:00,64.93000030517578,64.97000122070312,64.9000015258789,64.92500305175781,67916
2026-01-26 16:45:00,64.91999816894531,65.02999877929688,64.91500091552734,64.99870300292969,70007
2026-01-26 16:50:00,64.99500274658203,65.1050033569336,64.98999786376953,65.08499908447266,85992
2026-01-26 16:55:00,65.08000183105469,65.13999938964844,65.06999969482422,65.09500122070312,61509
2026-01-26 17:00:00,65.09500122070312,65.16999816894531,65.08499908447266,65.13999938964844,91233
2026-01-26 17:05:00,65.13500213623047,65.13500213623047,65.08999633789062,65.11499786376953,62241
2026-01-26 17:10:00,65.12000274658203,65.15499877929688,65.08499908447266,65.12999725341797,66399
2026-01-26 17:15:00,65.125,65.1698989868164,65.0999984741211,65.0999984741211,58571
2026-01-26 17:20:00,65.09500122070312,65.20999908447266,64.91999816894531,65.08999633789062,401713
2026-01-26 17:25:00,65.09500122070312,65.375,65.09500122070312,65.26000213623047,177061
2026-01-26 17:30:00,65.2699966430664,65.30000305175781,65.19499969482422,65.23999786376953,164776
2026-01-26 17:35:00,65.2300033569336,65.41000366210938,65.18000030517578,65.38500213623047,156685
2026-01-26 17:40:00,65.38500213623047,65.38500213623047,65.29499816894531,65.31999969482422,80396
2026-01-26 17:45:00,65.31500244140625,65.4000015258789,65.30000305175781,65.36499786376953,81207
2026-01-26 17:50:00,65.36499786376953,65.375,65.28500366210938,65.29499816894531,68287
2026-01-26 17:55:00,65.29499816894531,65.36000061035156,65.27999877929688,65.33499908447266,74207
2026-01-26 18:00:00,65.33499908447266,65.33999633789062,65.2300033569336,65.23500061035156,122932
2026-01-26 18:05:00,65.22509765625,65.3499984741211,65.22309875488281,65.3364028930664,95197
2026-01-26 18:10:00,65.33999633789062,65.45500183105469,65.31999969482422,65.45359802246094,114598
2026-01-26 18:15:00,65.45500183105469,65.47650146484375,65.41000366210938,65.43499755859375,71744
2026-01-26 18:20:00,65.43000030517578,65.47000122070312,65.41500091552734,65.44580078125,65345
2026-01-26 18:25:00,65.44499969482422,65.58000183105469,65.44499969482422,65.53839874267578,143773
2026-01-26 18:30:00,65.54000091552734,65.55590057373047,65.44499969482422,65.45500183105469,88422
2026-01-26 18:35:00,65.45500183105469,65.48999786376953,65.41999816894531,65.43499755859375,64477
2026-01-26 18:40:00,65.43250274658203,65.45999908447266,65.37999725341797,65.39929962158203,224863
2026-01-26 18:45:00,65.3949966430664,65.41500091552734,65.16000366210938,65.22000122070312,108670
2026-01-26 18:50:00,65.21499633789062,65.28500366210938,65.1500015258789,65.27999877929688,86222
2026-01-26 18:55:00,65.28500366210938,65.36000061035156,65.2750015258789,65.28500366210938,97432
2026-01-26 19:00:00,65.2699966430664,65.34500122070312,65.19999694824219,65.33999633789062,315398
2026-01-26 19:05:00,65.33999633789062,65.44499969482422,65.3125,65.42500305175781,84090
2026-01-26 19:10:00,65.42500305175781,65.47000122070312,65.41500091552734,65.45500183105469,67995
2026-01-26 19:15:00,65.44999694824219,65.44999694824219,65.375,65.3949966430664,60943
2026-01-26 19:20:00,65.3949966430664,65.44499969482422,65.37000274658203,65.41000366210938,61568
2026-01-26 19:25:00,65.40989685058594,65.45999908447266,65.4000015258789,65.43499755859375,59001
2026-01-26 19:30:00,65.43499755859375,65.51499938964844,65.42500305175781,65.50450134277344,123766
2026-01-26 19:35:00,65.5,65.50499725341797,65.38999938964844,65.38999938964844,81234
2026-01-26 19:40:00,65.37999725341797,65.4800033569336,65.3550033569336,65.47000122070312,71296
2026-01-26 19:45:00,65.46499633789062,65.55500030517578,65.45999908447266,65.55500030517578,93401
2026-01-26 19:50:00,65.55999755859375,65.58499908447266,65.5072021484375,65.52999877929688,93786
2026-01-26 19:55:00,65.5250015258789,65.52999877929688,65.41000366210938,65.42500305175781,148042
2026-01-26 20:00:00,65.42500305175781,65.4749984741211,65.40010070800781,65.43000030517578,221349
2026-01-26 20:05:00,65.44000244140625,65.56549835205078,65.39749908447266,65.54499816894531,123827
2026-01-26 20:10:00,65.55000305175781,65.63500213623047,65.53500366210938,65.59500122070312,147385
2026-01-26 20:15:00,65.59500122070312,65.5999984741211,65.51499938964844,65.54930114746094,134753
2026-01-26 20:20:00,65.54499816894531,65.55599975585938,65.49500274658203,65.5199966430664,125399
2026-01-26 20:25:00,65.51499938964844,65.52999877929688,65.45500183105469,65.47989654541016,90802
2026-01-26 20:30:00,65.4800033569336,65.5250015258789,65.44999694824219,65.46640014648438,148595
2026-01-26 20:35:00,65.46499633789062,65.57547760009766,65.23999786376953,65.23999786376953,399295
2026-01-26 20:40:00,65.23999786376953,65.44000244140625,65.11000061035156,65.38500213623047,404261
2026-01-26 20:45:00,65.38500213623047,65.41000366210938,65.19249725341797,65.25,293735
2026-01-26 20:50:00,65.25,65.25,64.91000366210938,65.08499908447266,364961
2026-01-26 20:55:00,65.08499908447266,65.11000061035156,64.9749984741211,65.0,1200349
2026-01-27 14:30:00,64.75,64.83000183105469,63.91999816894531,63.94300079345703,726670
2026-01-27 14:35:00,63.93999862670898,64.0,63.54499816894531,63.755001068115234,434620
2026-01-27 14:40:00,63.7599983215332,64.2300033569336,63.7599983215332,64.08000183105469,272710
2026-01-27 14:45:00,64.08000183105469,64.1500015258789,63.90999984741211,64.01000213623047,173780
2026-01-27 14:50:00,64.0250015258789,64.1050033569336,63.915000915527344,63.935001373291016,149574
2026-01-27 14:55:00,63.93999862670898,64.08000183105469,63.880001068115234,63.88999938964844,191625
2026-01-27 15:00:00,63.90999984741211,63.90999984741211,63.72999954223633,63.77000045776367,137475
2026-01-27 15:05:00,63.775001525878906,63.810001373291016,63.66999816894531,63.77999877929688,120576
2026-01-27 15:10:00,63.77000045776367,63.84999847412109,63.68999862670898,63.790000915527344,132594
2026-01-27 15:15:00,63.77999877929688,63.79499816894531,63.43299865722656,63.540000915527344,311587
2026-01-27 15:20:00,63.540000915527344,63.619998931884766,63.47999954223633,63.61840057373047,247198
2026-01-27 15:25:00,63.630001068115234,63.63999938964844,63.415000915527344,63.459999084472656,335262
2026-01-27 15:30:00,63.470001220703125,63.650001525878906,63.470001220703125,63.61000061035156,119146
2026-01-27 15:35:00,63.61980056762695,63.97499847412109,63.61980056762695,63.96540069580078,142834
2026-01-27 15:40:00,63.96500015258789,64.30000305175781,63.95000076293945,64.2760009765625,155794
2026-01-27 15:45:00,64.27200317382812,64.5,64.25,64.45500183105469,124282
2026-01-27 15:50:00,64.44999694824219,64.58599853515625,64.37999725341797,64.37999725341797,227545
2026-01-27 15:55:00,64.37999725341797,64.55000305175781,64.375,64.39420318603516,117226
2026-01-27 16:00:00,64.3949966430664,64.44000244140625,64.30999755859375,64.32499694824219,133917
2026-01-27 16:05:00,64.3270034790039,64.3550033569336,64.25499725341797,64.26499938964844,99304
2026-01-27 16:10:00,64.2699966430664,64.2699966430664,64.05500030517578,64.07499694824219,122588
2026-01-27 16:15:00,64.06999969482422,64.15869903564453,64.02999877929688,64.15699768066406,73362
2026-01-27 16:20:00,64.16000366210938,64.20999908447266,64.10489654541016,64.13999938964844,133791
2026-01-27 16:25:00,64.13999938964844,64.13999938964844,63.980098724365234,63.99729919433594,253855
2026-01-27 16:30:00,63.97999954223633,64.00499725341797,63.880001068115234,63.95000076293945,99414
2026-01-27 16:35:00,63.93999862670898,63.959999084472656,63.86669921875,63.869998931884766,108129
2026-01-27 16:40:00,63.87699890136719,63.959999084472656,63.85499954223633,63.85499954223633,97982
2026-01-27 16:45:00,63.84999847412109,63.84999847412109,63.755001068115234,63.755001068115234,107059
2026-01-27 16:50:00,63.755001068115234,63.790000915527344,63.650001525878906,63.650001525878906,84696
2026-01-27 16:55:00,63.63999938964844,63.6875,63.619998931884766,63.625,100542
2026-01-27 17:00:00,63.619998931884766,63.68999862670898,63.54499816894531,63.667701721191406,154424
2026-01-27 17:05:00,63.65999984741211,63.69580078125,63.60749816894531,63.65499877929688,63220
2026-01-27 17:10:00,63.650001525878906,63.650001525878906,63.400001525878906,63.51580047607422,107760
2026-01-27 17:15:00,63.5099983215332,63.54499816894531,63.435001373291016,63.44459915161133,79088
2026-01-27 17:20:00,63.45000076293945,63.540000915527344,63.44499969482422,63.505001068115234,65658
2026-01-27 17:25:00,63.505001068115234,63.56999969482422,63.50199890136719,63.52000045776367,65381
2026-01-27 17:30:00,63.51499938964844,63.53499984741211,63.44499969482422,63.4900016784668,69189
2026-01-27 17:35:00,63.48720169067383,63.52999877929688,63.47499847412109,63.525001525878906,58750
2026-01-27 17:40:00,63.525001525878906,63.58000183105469,63.505001068115234,63.56969833374024,68348
2026-01-27 17:45:00,63.56499862670898,63.625,63.470001220703125,63.4900016784668,125722
2026-01-27 17:50:00,63.48500061035156,63.540000915527344,63.45000076293945,63.470001220703125,80917
2026-01-27 17:55:00,63.470001220703125,63.5098991394043,63.44499969482422,63.47549819946289,93745
2026-01-27 18:00:00,63.459999084472656,63.459999084472656,63.34999847412109,63.36000061035156,173612
2026-01-27 18:05:00,63.36000061035156,63.43999862670898,63.310001373291016,63.35499954223633,118400
2026-01-27 18:10:00,63.35380172729492,63.400001525878906,63.21500015258789,63.3739013671875,235858
2026-01-27 18:15:00,63.380001068115234,63.42499923706055,63.33000183105469,63.334999084472656,88900
2026-01-27 18:20:00,63.334999084472656,63.3650016784668,63.29999923706055,63.30500030517578,107193
2026-01-27 18:25:00,63.30279922485352,63.369998931884766,63.29999923706055,63.310001373291016,89054
2026-01-27 18:30:00,63.31499862670898,63.369998931884766,63.2932014465332,63.32500076293945,112117
2026-01-27 18:35:00,63.32500076293945,63.34000015258789,63.2599983215332,63.26499938964844,94636
2026-01-27 18:40:00,63.26100158691406,63.29999923706055,63.22029876708984,63.232398986816406,86790
2026-01-27 18:45:00,63.23500061035156,63.244998931884766,63.09999847412109,63.11000061035156,241655
2026-01-27 18:50:00,63.11000061035156,63.130001068115234,63.03010177612305,63.1150016784668,133020
2026-01-27 18:55:00,63.1150016784668,63.155799865722656,62.880001068115234,62.970001220703125,230085
2026-01-27 19:00:00,62.96500015258789,63.025001525878906,62.8849983215332,62.974552154541016,240380
2026-01-27 19:05:00,62.97499847412109,63.119998931884766,62.97499847412109,63.1150016784668,90603
2026-01-27 19:10:00,63.1150016784668,63.18899917602539,63.04999923706055,63.15999984741211,169171
2026-01-27 19:15:00,63.165000915527344,63.18000030517578,62.95000076293945,62.975399017333984,146063
2026-01-27 19:20:00,62.97999954223633,63.18009948730469,62.959999084472656,63.13999938964844,113610
2026-01-27 19:25:00,63.1349983215332,63.27999877929688,63.1349983215332,63.27999877929688,109091
2026-01-27 19:30:00,63.290000915527344,63.31499862670898,63.16999816894531,63.18000030517578,107790
2026-01-27 19:35:00,63.18999862670898,63.2400016784668,63.185001373291016,63.2400016784668,67912
2026-01-27 19:40:00,63.2400016784668,63.28499984741211,63.220001220703125,63.27000045776367,74006
2026-01-27 19:45:00,63.27999877929688,63.29999923706055,63.18999862670898,63.21500015258789,139020
2026-01-27 19:50:00,63.220001220703125,63.244998931884766,63.15499877929688,63.2400016784668,78654
2026-01-27 19:55:00,63.2400016784668,63.31499862670898,63.23500061035156,63.31499862670898,102677
2026-01-27 20:00:00,63.31499862670898,63.34999847412109,63.27000045776367,63.31999969482422,73973
2026-01-27 20:05:00,63.31999969482422,63.34999847412109,63.290000915527344,63.320098876953125,93346
2026-01-27 20:10:00,63.31999969482422,63.459999084472656,63.29999923706055,63.380001068115234,137930
2026-01-27 20:15:00,63.380001068115234,63.43000030517578,63.3650016784668,63.37319946289063,75651
2026-01-27 20:20:00,63.369998931884766,63.43999862670898,63.32350158691406,63.34999847412109,188649
2026-01-27 20:25:00,63.34999847412109,63.38869857788086,63.29999923706055,63.334999084472656,121874
2026-01-27 20:30:00,63.334999084472656,63.334999084472656,63.20500183105469,63.209999084472656,180274
2026-01-27 20:35:00,63.21500015258789,63.21620178222656,63.04999923706055,63.05500030517578,200065
2026-01-27 20:40:00,63.05500030517578,63.11000061035156,62.95000076293945,63.095001220703125,269855
2026-01-27 20:45:00,63.09000015258789,63.13999938964844,63.060001373291016,63.130001068115234,223645
2026-01-27 20:50:00,63.130001068115234,63.209999084472656,63.08000183105469,63.11259841918945,317954
2026-01-27 20:55:00,63.1150016784668,63.119998931884766,63.03499984741211,63.09999847412109,884314
2026-01-28 14:30:00,63.04999923706055,63.29999923706055,62.869998931884766,63.03889846801758,518138
2026-01-28 14:35:00,63.06499862670898,63.29999923706055,62.75090026855469,62.95000076293945,195016
2026-01-28 14:40:00,62.94340133666992,63.20000076293945,62.88999938964844,63.18000030517578,127274
2026-01-28 14:45:00,63.16999816894531,63.47999954223633,63.11000061035156,63.43999862670898,235783
2026-01-28 14:50:00,63.43999862670898,63.46310043334961,63.119998931884766,63.220001220703125,156171
2026-01-28 14:55:00,63.226200103759766,63.2400016784668,63.06999969482422,63.084999084472656,81264
2026-01-28 15:00:00,63.08000183105469,63.084999084472656,62.85499954223633,62.85499954223633,214980
2026-01-28 15:05:00,62.86000061035156,62.86000061035156,62.720001220703125,62.77000045776367,240960
2026-01-28 15:10:00,62.775001525878906,62.900001525878906,62.75,62.8301010131836,91628
2026-01-28 15:15:00,62.834999084472656,62.90499877929688,62.83000183105469,62.85499954223633,89556
2026-01-28 15:20:00,62.85499954223633,63.005001068115234,62.85499954223633,63.0,142240
2026-01-28 15:25:00,63.025001525878906,63.16999816894531,62.970001220703125,63.130001068115234,175810
2026-01-28 15:30:00,63.130001068115234,63.190799713134766,63.0,63.14030075073242,96387
2026-01-28 15:35:00,63.1599006652832,63.27000045776367,63.125,63.20000076293945,122745
2026-01-28 15:40:00,63.18999862670898,63.209999084472656,62.97209930419922,62.97209930419922,90308
2026-01-28 15:45:00,62.959999084472656,62.97499847412109,62.76390075683594,62.78499984741211,134889
2026-01-28 15:50:00,62.77999877929688,62.79999923706055,62.68000030517578,62.720001220703125,152461
2026-01-28 15:55:00,62.72999954223633,62.77999877929688,62.63999938964844,62.64500045776367,116972
2026-01-28 16:00:00,62.64500045776367,62.71500015258789,62.59999847412109,62.6150016784668,170109
2026-01-28 16:05:00,62.61589813232422,62.685001373291016,62.56499862670898,62.58000183105469,120286
2026-01-28 16:10:00,62.58000183105469,62.619998931884766,62.52999877929688,62.59999847412109,105103
2026-01-28 16:15:00,62.61000061035156,62.62009811401367,62.47499847412109,62.47999954223633,160943
2026-01-28 16:20:00,62.47499847412109,62.56499862670898,62.43000030517578,62.56499862670898,115422
2026-01-28 16:25:00,62.560001373291016,62.68999862670898,62.5099983215332,62.68000030517578,151209
2026-01-28 16:30:00,62.68000030517578,62.68999862670898,62.56999969482422,62.61000061035156,89745
2026-01-28 16:35:00,62.61000061035156,62.61000061035156,62.525001525878906,62.565425872802734,69234
2026-01-28 16:40:00,62.560001373291016,62.560001373291016,62.41999816894531,62.494998931884766,117410
2026-01-28 16:45:00,62.5,62.56999969482422,62.49369812011719,62.55500030517578,64486
2026-01-28 16:50:00,62.55500030517578,62.59999847412109,62.54999923706055,62.57500076293945,65936
2026-01-28 16:55:00,62.57680130004883,62.619998931884766,62.54499816894531,62.57500076293945,56771
2026-01-28 17:00:00,62.57500076293945,62.625,62.540000915527344,62.61000061035156,89836
2026-01-28 17:05:00,62.6150016784668,62.6349983215332,62.52000045776367,62.630001068115234,127491
2026-01-28 17:10:00,62.62990188598633,62.720001220703125,62.59999847412109,62.709999084472656,88511
2026-01-28 17:15:00,62.709999084472656,62.77999877929688,62.69010162353516,62.744998931884766,52988
2026-01-28 17:20:00,62.744998931884766,62.744998931884766,62.61529922485352,62.630001068115234,41134
2026-01-28 17:25:00,62.630001068115234,62.630001068115234,62.58000183105469,62.595001220703125,46274
2026-01-28 17:30:00,62.59000015258789,62.595001220703125,62.52999877929688,62.52999877929688,44472
2026-01-28 17:35:00,62.540000915527344,62.59999847412109,62.53030014038086,62.59999847412109,39992
2026-01-28 17:40:00,62.60499954223633,62.619998931884766,62.584999084472656,62.59000015258789,42654
2026-01-28 17:45:00,62.58000183105469,62.650001525878906,62.56999969482422,62.609901428222656,62029
2026-01-28 17:50:00,62.60499954223633,62.650001525878906,62.60499954223633,62.630001068115234,33119
2026-01-28 17:55:00,62.619998931884766,62.619998931884766,62.4900016784668,62.500099182128906,59891
2026-01-28 18:00:00,62.505001068115234,62.52669906616211,62.470001220703125,62.50719833374024,68718
2026-01-28 18:05:00,62.49079895019531,62.52999877929688,62.470001220703125,62.47999954223633,38758
2026-01-28 18:10:00,62.5,62.540000915527344,62.470001220703125,62.53499984741211,51588
2026-01-28 18:15:00,62.52999877929688,62.57540130615234,62.48500061035156,62.57540130615234,41725
2026-01-28 18:20:00,62.57749938964844,62.584999084472656,62.52000045776367,62.52539825439453,41047
2026-01-28 18:25:00,62.525001525878906,62.525001525878906,62.459999084472656,62.4900016784668,35710
2026-01-28 18:30:00,62.4838981628418,62.5,62.3849983215332,62.40999984741211,83667
2026-01-28 18:35:00,62.415000915527344,62.43999862670898,62.38190078735352,62.435001373291016,34554
2026-01-28 18:40:00,62.435001373291016,62.470001220703125,62.39500045776367,62.470001220703125,54329
2026-01-28 18:45:00,62.46500015258789,62.47499847412109,62.42499923706055,62.459999084472656,47476
2026-01-28 18:50:00,62.470001220703125,62.48500061035156,62.400001525878906,62.40999984741211,54159
2026-01-28 18:55:00,62.40999984741211,62.41999816894531,62.33470153808594,62.369998931884766,78234
2026-01-28 19:00:00,62.36000061035156,62.39500045776367,62.27999877929688,62.310001373291016,94590
2026-01-28 19:05:00,62.310001373291016,62.33543395996094,62.18439865112305,62.21799850463867,188368
2026-01-28 19:10:00,62.209999084472656,62.27999877929688,62.209999084472656,62.23500061035156,60656
2026-01-28 19:15:00,62.23500061035156,62.2593994140625,62.20000076293945,62.25849914550781,60556
2026-01-28 19:20:00,62.255001068115234,62.26499938964844,62.185001373291016,62.255001068115234,92567
2026-01-28 19:25:00,62.2400016784668,62.35499954223633,62.17499923706055,62.17499923706055,94720
2026-01-28 19:30:00,62.15999984741211,62.90999984741211,62.06129837036133,62.31999969482422,416244
2026-01-28 19:35:00,62.290000915527344,62.36000061035156,61.970001220703125,62.07500076293945,304906
2026-01-28 19:40:00,62.07500076293945,62.22999954223633,62.02999877929688,62.220001220703125,141290
2026-01-28 19:45:00,62.220001220703125,62.375,62.18000030517578,62.310001373291016,102967
2026-01-28 19:50:00,62.310001373291016,62.380001068115234,62.2400016784668,62.255001068115234,93033
2026-01-28 19:55:00,62.25,62.310001373291016,62.16999816894531,62.25,83655
2026-01-28 20:00:00,62.255001068115234,62.380001068115234,62.22999954223633,62.30500030517578,73407
2026-01-28 20:05:00,62.30500030517578,62.34999847412109,62.290000915527344,62.33000183105469,82814
2026-01-28 20:10:00,62.334999084472656,62.399898529052734,62.2400016784668,62.2599983215332,103716
2026-01-28 20:15:00,62.25,62.34999847412109,62.22499847412109,62.30500030517578,124374
2026-01-28 20:20:00,62.30500030517578,62.369998931884766,62.27000045776367,62.27999877929688,102616
2026-01-28 20:25:00,62.27000045776367,62.27000045776367,62.04999923706055,62.04999923706055,107294
2026-01-28 20:30:00,62.04999923706055,62.125,62.04499816894531,62.10499954223633,145744
2026-01-28 20:35:00,62.10499954223633,62.255001068115234,62.09999847412109,62.22499847412109,127885
2026-01-28 20:40:00,62.22999954223633,62.27000045776367,62.18999862670898,62.235801696777344,153391
2026-01-28 20:45:00,62.22999954223633,62.31499862670898,62.20000076293945,62.22499847412109,139209
2026-01-28 20:50:00,62.220001220703125,62.402000427246094,62.220001220703125,62.345001220703125,229046
2026-01-28 20:55:00,62.345001220703125,62.369998931884766,62.22999954223633,62.25,468679
2026-01-29 14:30:00,61.93000030517578,62.119998931884766,61.61009979248047,62.0099983215332,567637
2026-01-29 14:35:00,62.00450134277344,62.36899948120117,61.959999084472656,62.25,190573
2026-01-29 14:40:00,62.244998931884766,62.31499862670898,61.834999084472656,61.834999084472656,203608
2026-01-29 14:45:00,61.81999969482422,61.86000061035156,61.61000061035156,61.7400016784668,244874
2026-01-29 14:50:00,61.720001220703125,61.73500061035156,61.5,61.630001068115234,246970
2026-01-29 14:55:00,61.63999938964844,61.719051361083984,61.5099983215332,61.542999267578125,123253
2026-01-29 15:00:00,61.55500030517578,61.65999984741211,61.505001068115234,61.61000061035156,234121
2026-01-29 15:05:00,61.60499954223633,61.720001220703125,61.56999969482422,61.61000061035156,170797
2026-01-29 15:10:00,61.61000061035156,61.66999816894531,61.470001220703125,61.59000015258789,163116
2026-01-29 15:15:00,61.59000015258789,61.75,61.560001373291016,61.61000061035156,132572
2026-01-29 15:20:00,61.61000061035156,61.77999877929688,61.60954666137695,61.68999862670898,148285
2026-01-29 15:25:00,61.70000076293945,61.709999084472656,61.5,61.53499984741211,153610
2026-01-29 15:30:00,61.52000045776367,61.59999847412109,61.4900016784668,61.56999969482422,138298
2026-01-29 15:35:00,61.560001373291016,61.625,61.5099983215332,61.560001373291016,119394
2026-01-29 15:40:00,61.560001373291016,61.56999969482422,61.459999084472656,61.54499816894531,156133
2026-01-29 15:45:00,61.540000915527344,61.709999084472656,61.52999877929688,61.619998931884766,126194
2026-01-29 15:50:00,61.6150016784668,61.65999984741211,61.58000183105469,61.650001525878906,86135
2026-01-29 15:55:00,61.65999984741211,61.82989883422852,61.650001525878906,61.7599983215332,120530
2026-01-29 16:00:00,61.7599983215332,61.7599983215332,61.630001068115234,61.65999984741211,91431
2026-01-29 16:05:00,61.66019821166992,61.69720077514648,61.59999847412109,61.66999816894531,81974
2026-01-29 16:10:00,61.66999816894531,62.01499938964844,61.6349983215332,61.97499847412109,158440
2026-01-29 16:15:00,61.970001220703125,62.02000045776367,61.93000030517578,61.994998931884766,68722
2026-01-29 16:20:00,62.0,62.09000015258789,61.91999816894531,61.97499847412109,107274
2026-01-29 16:25:00,61.970001220703125,62.07500076293945,61.959999084472656,62.0099983215332,89660
2026-01-29 16:30:00,62.0099983215332,62.13999938964844,62.005001068115234,62.08000183105469,102247
2026-01-29 16:35:00,62.09999847412109,62.13579940795898,62.02999877929688,62.130001068115234,91719
2026-01-29 16:40:00,62.119998931884766,62.220001220703125,62.11000061035156,62.130001068115234,121391
2026-01-29 16:45:00,62.130001068115234,62.21329879760742,62.040000915527344,62.15999984741211,51446
2026-01-29 16:50:00,62.150001525878906,62.19599914550781,62.11000061035156,62.119998931884766,51562
2026-01-29 16:55:00,62.130001068115234,62.26499938964844,62.130001068115234,62.255001068115234,111448
2026-01-29 17:00:00,62.25,62.34000015258789,62.2400016784668,62.30500030517578,136847
2026-01-29 17:05:00,62.30500030517578,62.33000183105469,62.244998931884766,62.31999969482422,61442
2026-01-29 17:10:00,62.31999969482422,62.380001068115234,62.27000045776367,62.27999877929688,72390
2026-01-29 17:15:00,62.27999877929688,62.459999084472656,62.27000045776367,62.44499969482422,119388
2026-01-29 17:20:00,62.45000076293945,62.52999877929688,62.41999816894531,62.483699798583984,78989
2026-01-29 17:25:00,62.4900016784668,62.4900016784668,62.41880035400391,62.47499847412109,43635
2026-01-29 17:30:00,62.470001220703125,62.5099983215332,62.42499923706055,62.5,46670
2026-01-29 17:35:00,62.5,62.525299072265625,62.43999862670898,62.44499969482422,131447
2026-01-29 17:40:00,62.43999862670898,62.470001220703125,62.37419891357422,62.45500183105469,76517
2026-01-29 17:45:00,62.45500183105469,62.470001220703125,62.34000015258789,62.380001068115234,40175
2026-01-29 17:50:00,62.369998931884766,62.41999816894531,62.31499862670898,62.334999084472656,58334
2026-01-29 17:55:00,62.34000015258789,62.37710189819336,62.29499816894531,62.34999847412109,84738
2026-01-29 18:00:00,62.34999847412109,62.400001525878906,62.13999938964844,62.36000061035156,172644
2026-01-29 18:05:00,62.34999847412109,62.45500183105469,62.275001525878906,62.334999084472656,68327
2026-01-29 18:10:00,62.345001220703125,62.52999877929688,62.334999084472656,62.499298095703125,80707
2026-01-29 18:15:00,62.49319839477539,62.56999969482422,62.47999954223633,62.52999877929688,76467
2026-01-29 18:20:00,62.52999877929688,62.56999969482422,62.4900016784668,62.54999923706055,45768
2026-01-29 18:25:00,62.54999923706055,62.6176986694336,62.52000045776367,62.6150016784668,54507
2026-01-29 18:30:00,62.61000061035156,62.61000061035156,62.43000030517578,62.43000030517578,59141
2026-01-29 18:35:00,62.435001373291016,62.650001525878906,62.435001373291016,62.650001525878906,66289
2026-01-29 18:40:00,62.65999984741211,62.7400016784668,62.61299896240234,62.62350082397461,45234
2026-01-29 18:45:00,62.625,62.70899963378906,62.584999084472656,62.68999862670898,54521
2026-01-29 18:50:00,62.68999862670898,62.72999954223633,62.67499923706055,62.69990158081055,44463
2026-01-29 18:55:00,62.69499969482422,62.82500076293945,62.6150016784668,62.6150016784668,148183
2026-01-29 19:00:00,62.61000061035156,62.83000183105469,62.59999847412109,62.810001373291016,88437
2026-01-29 19:05:00,62.80500030517578,62.90999984741211,62.790000915527344,62.82899856567383,161284
2026-01-29 19:10:00,62.84000015258789,62.86000061035156,62.7400016784668,62.7400016784668,67381
2026-01-29 19:15:00,62.73500061035156,62.81999969482422,62.68000030517578,62.77999877929688,71887
2026-01-29 19:20:00,62.77999877929688,62.84999847412109,62.775001525878906,62.80099868774414,49041
2026-01-29 19:25:00,62.810001373291016,62.81499862670898,62.73500061035156,62.79499816894531,47128
2026-01-29 19:30:00,62.79499816894531,62.79999923706055,62.54499816894531,62.63999938964844,136512
2026-01-29 19:35:00,62.65499877929688,62.81999969482422,62.65499877929688,62.790000915527344,71137
2026-01-29 19:40:00,62.79999923706055,62.869998931884766,62.78499984741211,62.869998931884766,79362
2026-01-29 19:45:00,62.869998931884766,62.87900161743164,62.810001373291016,62.83000183105469,57370
2026-01-29 19:50:00,62.83000183105469,62.85499954223633,62.79499816894531,62.83000183105469,48973
2026-01-29 19:55:00,62.82500076293945,62.90999984741211,62.619998931884766,62.630001068115234,118019
2026-01-29 20:00:00,62.63999938964844,62.76499938964844,62.619998931884766,62.71500015258789,89397
2026-01-29 20:05:00,62.71500015258789,62.790000915527344,62.70000076293945,62.7599983215332,75589
2026-01-29 20:10:00,62.7599983215332,62.81999969482422,62.71009826660156,62.7599983215332,105104
2026-01-29 20:15:00,62.76499938964844,62.86000061035156,62.76499938964844,62.834999084472656,91209
2026-01-29 20:20:00,62.834999084472656,62.909698486328125,62.81999969482422,62.8650016784668,100669
2026-01-29 20:25:00,62.869998931884766,62.88999938964844,62.84999847412109,62.86000061035156,126278
2026-01-29 20:30:00,62.84999847412109,62.89899826049805,62.84999847412109,62.89500045776367,118723
2026-01-29 20:35:00,62.89500045776367,62.93999862670898,62.86000061035156,62.8650016784668,255046
2026-01-29 20:40:00,62.8650016784668,62.875,62.6349983215332,62.64500045776367,233037
2026-01-29 20:45:00,62.64500045776367,62.72999954223633,62.595001220703125,62.65999984741211,360107
2026-01-29 20:50:00,62.65999984741211,62.75,62.540000915527344,62.560001373291016,312246
2026-01-29 20:55:00,62.56999969482422,62.63999938964844,62.52000045776367,62.58000183105469,819627
2026-01-30 14:30:00,62.2400016784668,62.52000045776367,61.97499847412109,62.02999877929688,710953
2026-01-30 14:35:00,62.02999877929688,62.084999084472656,61.5099983215332,61.68000030517578,320139
2026-01-30 14:40:00,61.69409942626953,61.720001220703125,61.36000061035156,61.54999923706055,261652
2026-01-30 14:45:00,61.54999923706055,61.93410110473633,61.4900016784668,61.86009979248047,184667
2026-01-30 14:50:00,61.86000061035156,62.02000045776367,61.81999969482422,61.94499969482422,92449
2026-01-30 14:55:00,61.93999862670898,62.01060104370117,61.77009963989258,62.0,147897
2026-01-30 15:00:00,62.01800155639648,62.11000061035156,61.869998931884766,61.9900016784668,130562
2026-01-30 15:05:00,61.97999954223633,62.08000183105469,61.95000076293945,61.95100021362305,117137
2026-01-30 15:10:00,61.96099853515625,62.119998931884766,61.90999984741211,62.06999969482422,170119
2026-01-30 15:15:00,62.060001373291016,62.09000015258789,61.81999969482422,61.92010116577149,146643
2026-02-02 18:45:00,62.165000915527344,62.28990173339844,62.165000915527344,62.28499984741211,78604
2026-02-02 18:50:00,62.290000915527344,62.345001220703125,62.27000045776367,62.28499984741211,64182
2026-02-02 18:55:00,62.290000915527344,62.290000915527344,62.15999984741211,62.185001373291016,64001
2026-02-02 19:00:00,62.18999862670898,62.22499847412109,62.1349983215332,62.21310043334961,69638
2026-02-02 19:05:00,62.220001220703125,62.2599983215332,62.19499969482422,62.244998931884766,79383
2026-02-02 19:10:00,62.244998931884766,62.34999847412109,62.244998931884766,62.255001068115234,72476
2026-02-02 19:15:00,62.25,62.27000045776367,62.220001220703125,62.244998931884766,49264
2026-02-02 19:20:00,62.2400016784668,62.2400016784668,62.209999084472656,62.220001220703125,44274
2026-02-02 19:25:00,62.22100067138672,62.23500061035156,62.19499969482422,62.21200180053711,68529
2026-02-02 19:30:00,62.21549987792969,62.21549987792969,62.02999877929688,62.09000015258789,164770
2026-02-02 19:35:00,62.09999847412109,62.16999816894531,62.06499862670898,62.16999816894531,70816
2026-02-02 19:40:00,62.16960144042969,62.27000045776367,62.15999984741211,62.25,59142
2026-02-02 19:45:00,62.25970077514648,62.3849983215332,62.255001068115234,62.34000015258789,127784
2026-02-02 19:50:00,62.34999847412109,62.38999938964844,62.31999969482422,62.34999847412109,54112
2026-02-02 19:55:00,62.35499954223633,62.56499862670898,62.25,62.27999877929688,194703
2026-02-02 20:00:00,62.310001373291016,62.40999984741211,62.18000030517578,62.345001220703125,164468
2026-02-02 20:05:00,62.349700927734375,62.34999847412109,62.22999954223633,62.23139953613281,84331
2026-02-02 20:10:00,62.2400016784668,62.26499938964844,62.19499969482422,62.20500183105469,54038
2026-02-02 20:15:00,62.204498291015625,62.29999923706055,62.18999862670898,62.244998931884766,100826
2026-02-02 20:20:00,62.24089813232422,62.27999877929688,62.185001373291016,62.27999877929688,106121
2026-02-02 20:25:00,62.290000915527344,62.290000915527344,62.165000915527344,62.18999862670898,93897
2026-02-02 20:30:00,62.18000030517578,62.275001525878906,62.165000915527344,62.26499938964844,113738
2026-02-02 20:35:00,62.2599983215332,62.29499816894531,62.244998931884766,62.244998931884766,99871
2026-02-02 20:40:00,62.244998931884766,62.27999877929688,62.22999954223633,62.255001068115234,111368
2026-02-02 20:45:00,62.255001068115234,62.290000915527344,62.2400016784668,62.27999877929688,162193
2026-02-02 20:50:00,62.290000915527344,62.310001373291016,62.150001525878906,62.15499877929688,224989
2026-02-02 20:55:00,62.15499877929688,62.2400016784668,62.14500045776367,62.17499923706055,591368
2026-02-03 14:30:00,61.775001525878906,61.84999847412109,61.36000061035156,61.61750030517578,596773
2026-02-03 14:35:00,61.619998931884766,61.790000915527344,61.2400016784668,61.744998931884766,251953
2026-02-03 14:40:00,61.77000045776367,62.369998931884766,61.76499938964844,62.33819961547852,260552
2026-02-03 14:45:00,62.33000183105469,62.52999877929688,62.2400016784668,62.45000076293945,261433
2026-02-03 14:50:00,62.459999084472656,62.47679901123047,62.09999847412109,62.130001068115234,237986
2026-02-03 14:55:00,62.1349983215332,62.18000030517578,61.959999084472656,61.97999954223633,259183
2026-02-03 15:00:00,61.98500061035156,62.04999923706055,61.869998931884766,61.90999984741211,155731
2026-02-03 15:05:00,61.90999984741211,62.03409957885742,61.83000183105469,61.900001525878906,151890
2026-02-03 15:10:00,61.88019943237305,61.97999954223633,61.75,61.970001220703125,152439
2026-02-03 15:15:00,61.96500015258789,62.27999877929688,61.959999084472656,62.26499938964844,152976
2026-02-03 15:20:00,62.27000045776367,62.369998931884766,62.130001068115234,62.130001068115234,235482
2026-02-03 15:25:00,62.13999938964844,62.40299987792969,62.084999084472656,62.36000061035156,201400
2026-02-03 15:30:00,62.34999847412109,62.52999877929688,62.34000015258789,62.5,264353
2026-02-03 15:35:00,62.5099983215332,62.5099983215332,62.3650016784668,62.4656982421875,221938
2026-02-03 15:40:00,62.46009826660156,62.470001220703125,62.18000030517578,62.185001373291016,105754
2026-02-03 15:45:00,62.18399810791016,62.209999084472656,62.13999938964844,62.18000030517578,116152
2026-02-03 15:50:00,62.16999816894531,62.25,62.084999084472656,62.25,197259
2026-02-03 15:55:00,62.255001068115234,62.375,62.20500183105469,62.249000549316406,259702
2026-02-03 16:00:00,62.245601654052734,62.27000045776367,61.97999954223633,61.97999954223633,115958
2026-02-03 16:05:00,61.980201721191406,62.02000045776367,61.869998931884766,61.89250183105469,134977
2026-02-03 16:10:00,61.88999938964844,62.0099983215332,61.8650016784668,61.959999084472656,145078
2026-02-03 16:15:00,61.970001220703125,62.040000915527344,61.90999984741211,61.91999816894531,106200
2026-02-03 16:20:00,61.91999816894531,61.95000076293945,61.75,61.7599983215332,151900
2026-02-03 16:25:00,61.75,61.81499862670898,61.709999084472656,61.709999084472656,95343
2026-02-03 16:30:00,61.720001220703125,61.75310134887695,61.56999969482422,61.57500076293945,143904
2026-02-03 16:35:00,61.57500076293945,61.650001525878906,61.54499816894531,61.6349983215332,100359
2026-02-03 16:40:00,61.6349983215332,61.68899917602539,61.6150016784668,61.65999984741211,62231
2026-02-03 16:45:00,61.65499877929688,61.685001373291016,61.595001220703125,61.619998931884766,77886
2026-02-03 16:50:00,61.61589813232422,61.61589813232422,61.5,61.5099983215332,205342
2026-02-03 16:55:00,61.51499938964844,61.595001220703125,61.51499938964844,61.54999923706055,72649
2026-02-03 17:00:00,61.54999923706055,61.57590103149414,61.505001068115234,61.56499862670898,85889
2026-02-03 17:05:00,61.560001373291016,61.56999969482422,61.5099983215332,61.55500030517578,74372
2026-02-03 17:10:00,61.560001373291016,61.59000015258789,61.41999816894531,61.47999954223633,259360
2026-02-03 17:15:00,61.470001220703125,61.540000915527344,61.45000076293945,61.47499847412109,118564
2026-02-03 17:20:00,61.470001220703125,61.47990036010742,61.380001068115234,61.44499969482422,165362
2026-02-03 17:25:00,61.44499969482422,61.45000076293945,61.33000183105469,61.334999084472656,114640
2026-02-03 17:30:00,61.337501525878906,61.43000030517578,61.2400016784668,61.39542388916016,167859
2026-02-03 17:35:00,61.400001525878906,61.470001220703125,61.400001525878906,61.435001373291016,87993
2026-02-03 17:40:00,61.435001373291016,61.45000076293945,61.38999938964844,61.400001525878906,112266
2026-02-03 17:45:00,61.38999938964844,61.399898529052734,61.34000015258789,61.34999847412109,71091
2026-02-03 17:50:00,61.345001220703125,61.400001525878906,61.16299819946289,61.18000030517578,179934
2026-02-03 17:55:00,61.18000030517578,61.22999954223633,61.10499954223633,61.10609817504883,111380
2026-02-03 18:00:00,61.10499954223633,61.130001068115234,61.08000183105469,61.130001068115234,87713
2026-02-03 18:05:00,61.125,61.150001525878906,61.01499938964844,61.06399917602539,162153
2026-02-03 18:10:00,61.06999969482422,61.06999969482422,60.82500076293945,60.900001525878906,257142
2026-02-03 18:15:00,60.90999984741211,60.91999816894531,60.72499847412109,60.900001525878906,138857
2026-02-03 18:20:00,60.900001525878906,60.91999816894531,60.81999969482422,60.834999084472656,174643
2026-02-03 18:25:00,60.8384017944336,60.88999938964844,60.61000061035156,60.61000061035156,211211
2026-02-03 18:30:00,60.61000061035156,60.709999084472656,60.61000061035156,60.63750076293945,121072
2026-02-03 18:35:00,60.63999938964844,60.7400016784668,60.630001068115234,60.7400016784668,78930
2026-02-03 18:40:00,60.7400016784668,60.744998931884766,60.59999847412109,60.59999847412109,69365
2026-02-03 18:45:00,60.59999847412109,60.608699798583984,60.459999084472656,60.55110168457031,250408
2026-02-03 18:50:00,60.54999923706055,60.54999923706055,60.43000030517578,60.44070053100586,121013
2026-02-03 18:55:00,60.45000076293945,60.56999969482422,60.43999862670898,60.47999954223633,167617
2026-02-03 19:00:00,60.4900016784668,60.59939956665039,60.45000076293945,60.494998931884766,109800
2026-02-03 19:05:00,60.494998931884766,60.53499984741211,60.43999862670898,60.45500183105469,123649
2026-02-03 19:10:00,60.45000076293945,60.59000015258789,60.44499969482422,60.584999084472656,102776
2026-02-03 19:15:00,60.58000183105469,60.67499923706055,60.540000915527344,60.59999847412109,127062
2026-02-03 19:20:00,60.59999847412109,60.77999877929688,60.584999084472656,60.76139831542969,372825
2026-02-03 19:25:00,60.77000045776367,60.77000045776367,60.52999877929688,60.540000915527344,159108
2026-02-03 19:30:00,60.540000915527344,60.630001068115234,60.470001220703125,60.584999084472656,107783
2026-02-03 19:35:00,60.58000183105469,60.65999984741211,60.560001373291016,60.630001068115234,90193
2026-02-03 19:40:00,60.64500045776367,60.720001220703125,60.60499954223633,60.66999816894531,94222
2026-02-03 19:45:00,60.68000030517578,60.73500061035156,60.63999938964844,60.68999862670898,96858
2026-02-03 19:50:00,60.685001373291016,60.83000183105469,60.63999938964844,60.720001220703125,106534
2026-02-03 19:55:00,60.720001220703125,60.8654670715332,60.709999084472656,60.810001373291016,151531
2026-02-03 20:00:00,60.79499816894531,60.91999816894531,60.75,60.91510009765625,118982
2026-02-03 20:05:00,60.90999984741211,60.9900016784668,60.79499816894531,60.97499847412109,210590
2026-02-03 20:10:00,60.97499847412109,61.02000045776367,60.91999816894531,60.935001373291016,110416
2026-02-03 20:15:00,60.935001373291016,60.9900016784668,60.91450119018555,60.95500183105469,84076
2026-02-03 20:20:00,60.95500183105469,60.970001220703125,60.90999984741211,60.94499969482422,141807
2026-02-03 20:25:00,60.94499969482422,60.95500183105469,60.810001373291016,60.85499954223633,122631
2026-02-03 20:30:00,60.86000061035156,61.025001525878906,60.854530334472656,60.94499969482422,156453
2026-02-03 20:35:00,60.95000076293945,60.97499847412109,60.90999984741211,60.95000076293945,137930
2026-02-03 20:40:00,60.93999862670898,61.04999923706055,60.91999816894531,60.935001373291016,209380
2026-02-03 20:45:00,60.92499923706055,60.97999954223633,60.880001068115234,60.95800018310547,244950
2026-02-03 20:50:00,60.970001220703125,61.09999847412109,60.84999847412109,60.88999938964844,362821
2026-02-03 20:55:00,60.880001068115234,61.060001373291016,60.79999923706055,60.93999862670898,1032263
2026-02-04 14:30:00,61.720001220703125,62.52999877929688,61.505001068115234,62.375,908909
2026-02-04 14:35:00,62.33000183105469,62.43000030517578,62.0,62.06999969482422,201046
2026-02-04 14:40:00,62.09000015258789,62.38999938964844,62.02999877929688,62.34999847412109,136931
2026-02-04 14:45:00,62.34000015258789,62.77000045776367,62.27000045776367,62.77000045776367,242924
2026-02-04 14:50:00,62.7599983215332,62.900001525878906,62.59000015258789,62.7599983215332,286522
2026-02-04 14:55:00,62.77899932861328,62.84999847412109,62.650001525878906,62.78499984741211,248723
2026-02-04 15:00:00,62.78499984741211,62.95199966430664,62.709999084472656,62.86000061035156,406884
2026-02-04 15:05:00,62.86000061035156,62.98500061035156,62.79999923706055,62.81999969482422,265144
2026-02-04 15:10:00,62.83000183105469,63.09000015258789,62.77999877929688,62.9900016784668,565125
2026-02-04 15:15:00,63.03499984741211,63.2400016784668,62.90999984741211,63.2400016784668,281970
2026-02-04 15:20:00,63.23500061035156,63.45500183105469,63.15999984741211,63.37099838256836,357492
2026-02-04 15:25:00,63.369998931884766,63.42499923706055,63.130001068115234,63.18000030517578,225201
2026-02-04 15:30:00,63.18000030517578,63.33000183105469,63.09999847412109,63.20500183105469,197604
2026-02-04 15:35:00,63.20000076293945,63.65999984741211,63.20000076293945,63.45500183105469,385926
2026-02-04 15:40:00,63.470001220703125,63.619998931884766,63.36000061035156,63.5,161717
2026-02-04 15:45:00,63.4900016784668,63.560001373291016,63.45000076293945,63.51499938964844,189336
2026-02-04 15:50:00,63.5099983215332,63.56999969482422,63.20389938354492,63.2599983215332,241292
2026-02-04 15:55:00,63.27000045776367,63.48500061035156,63.2599983215332,63.45000076293945,115688
2026-02-04 16:00:00,63.454498291015625,63.5,63.275001525878906,63.27999877929688,152910
2026-02-04 16:05:00,63.29999923706055,63.29999923706055,63.17250061035156,63.20000076293945,195047
2026-02-04 16:10:00,63.20000076293945,63.54999923706055,63.150001525878906,63.505001068115234,242921
2026-02-04 16:15:00,63.5,63.51499938964844,63.11000061035156,63.16999816894531,221831
2026-02-04 16:20:00,63.16680145263672,63.310001373291016,63.06999969482422,63.290000915527344,228541
2026-02-04 16:25:00,63.290000915527344,63.31499862670898,63.220001220703125,63.23500061035156,142123
2026-02-04 16:30:00,63.22999954223633,63.560001373291016,63.22999954223633,63.505001068115234,256948
2026-02-04 16:35:00,63.494998931884766,63.52000045776367,63.34000015258789,63.375,134122
2026-02-04 16:40:00,63.375,63.41999816894531,63.2599983215332,63.345001220703125,370566
2026-02-04 16:45:00,63.345001220703125,63.36000061035156,63.165000915527344,63.213470458984375,301726
2026-02-04 16:50:00,63.209999084472656,63.38999938964844,63.20000076293945,63.36000061035156,201560
2026-02-04 16:55:00,63.34999847412109,63.47999954223633,63.34999847412109,63.45000076293945,112753
2026-02-04 17:00:00,63.43999862670898,63.4900016784668,63.369998931884766,63.40999984741211,89292
2026-02-04 17:05:00,63.42499923706055,63.42499923706055,63.34000015258789,63.380001068115234,76583
2026-02-04 17:10:00,63.38999938964844,63.56499862670898,63.36000061035156,63.54999923706055,163654
2026-02-04 17:15:00,63.560001373291016,63.59000015258789,63.470001220703125,63.51449966430664,176387
2026-02-04 17:20:00,63.52000045776367,63.56999969482422,63.43999862670898,63.540000915527344,106245
2026-02-04 17:25:00,63.54999923706055,63.58000183105469,63.29999923706055,63.40999984741211,179226
2026-02-04 17:30:00,63.40420150756836,63.52000045776367,63.29999923706055,63.310001373291016,108041
2026-02-04 17:35:00,63.27999877929688,63.29999923706055,63.18999862670898,63.25,104121
2026-02-04 17:40:00,63.25,63.310001373291016,63.209999084472656,63.290000915527344,138978
2026-02-04 17:45:00,63.290000915527344,63.33000183105469,63.220001220703125,63.255001068115234,115260
2026-02-04 17:50:00,63.25,63.29999923706055,63.209999084472656,63.27000045776367,102906
2026-02-04 17:55:00,63.27000045776367,63.33000183105469,63.22999954223633,63.27999877929688,90759
2026-02-04 18:00:00,63.27000045776367,63.27000045776367,63.14599990844727,63.209999084472656,130135
2026-02-04 18:05:00,63.20500183105469,63.29999923706055,63.02000045776367,63.0359001159668,101734
2026-02-04 18:10:00,63.040000915527344,63.22999954223633,63.02000045776367,63.22499847412109,93193
2026-02-04 18:15:00,63.22999954223633,63.27999877929688,62.75,62.86000061035156,698747
2026-02-04 18:20:00,62.84999847412109,62.970001220703125,62.76679992675781,62.92739868164063,183937
2026-02-04 18:25:00,62.93000030517578,63.160400390625,62.91999816894531,63.03350067138672,195664
2026-02-04 18:30:00,63.02999877929688,63.02999877929688,62.744998931884766,62.83000183105469,144971
2026-02-04 18:35:00,62.83000183105469,62.970001220703125,62.79499816894531,62.93999862670898,142060
2026-02-04 18:40:00,62.94499969482422,63.09000015258789,62.94499969482422,63.0099983215332,132056
2026-02-04 18:45:00,63.0099983215332,63.16059875488281,63.0,63.130001068115234,143644
2026-02-04 18:50:00,63.13999938964844,63.2599983215332,63.03499984741211,63.22999954223633,170085
2026-02-04 18:55:00,63.22999954223633,63.380001068115234,63.18009948730469,63.2400016784668,282560
2026-02-04 19:00:00,63.23500061035156,63.27999877929688,63.11000061035156,63.22999954223633,235780
2026-02-04 19:05:00,63.22999954223633,63.310001373291016,63.06999969482422,63.2400016784668,220791
2026-02-04 19:10:00,63.25,63.47370147705078,63.20000076293945,63.43999862670898,165149
2026-02-04 19:15:00,63.435001373291016,63.55500030517578,63.41999816894531,63.494998931884766,230982
2026-02-04 19:20:00,63.5,63.59000015258789,63.470001220703125,63.540000915527344,123117
2026-02-04 19:25:00,63.53499984741211,63.68999862670898,63.52000045776367,63.68999862670898,113959
2026-02-04 19:30:00,63.70000076293945,63.73989868164063,63.459999084472656,63.59999847412109,207265
2026-02-04 19:35:00,63.59999847412109,63.65999984741211,63.54010009765625,63.630001068115234,132254
2026-02-04 19:40:00,63.63999938964844,63.709999084472656,63.630001068115234,63.70009994506836,130950
2026-02-04 19:45:00,63.70000076293945,63.86000061035156,63.65999984741211,63.790000915527344,214067
2026-02-04 19:50:00,63.790000915527344,63.93999862670898,63.755001068115234,63.86000061035156,249292
2026-02-04 19:55:00,63.85499954223633,64.05000305175781,63.84000015258789,64.05000305175781,304952
2026-02-04 20:00:00,64.04499816894531,64.0999984741211,63.9900016784668,64.05500030517578,270311
2026-02-04 20:05:00,64.05500030517578,64.1500015258789,64.05000305175781,64.1050033569336,237635
2026-02-04 20:10:00,64.1050033569336,64.12000274658203,63.97499847412109,64.1050033569336,211030
2026-02-04 20:15:00,64.0999984741211,64.20500183105469,64.0999984741211,64.16000366210938,333333
2026-02-04 20:20:00,64.1500015258789,64.1500015258789,63.97999954223633,64.01499938964844,177800
2026-02-04 20:25:00,64.0250015258789,64.02989959716797,63.89500045776367,63.90999984741211,159808
2026-02-04 20:30:00,63.91999816894531,64.08989715576172,63.91999816894531,64.08989715576172,153999
2026-02-04 20:35:00,64.08499908447266,64.2750015258789,64.06999969482422,64.27020263671875,271292
2026-02-04 20:40:00,64.27999877929688,64.29000091552734,64.20999908447266,64.23500061035156,239149
2026-02-04 20:45:00,64.2300033569336,64.41000366210938,64.2300033569336,64.37000274658203,402847
2026-02-04 20:50:00,64.37000274658203,64.375,64.0999984741211,64.13500213623047,388832
2026-02-04 20:55:00,64.13999938964844,64.29000091552734,64.06500244140625,64.20999908447266,1239076
2026-02-05 14:30:00,64.19000244140625,64.58000183105469,63.84000015258789,63.845001220703125,679550
2026-02-05 14:35:00,63.84000015258789,64.0,62.81999969482422,63.09999847412109,572673
2026-02-05 14:40:00,63.130001068115234,63.18999862670898,62.71049880981445,63.14500045776367,258626
2026-02-05 14:45:00,63.119998931884766,63.202598571777344,62.880001068115234,63.0,176563
2026-02-05 14:50:00,62.994998931884766,63.29999923706055,62.90999984741211,63.22999954223633,154739
2026-02-05 14:55:00,63.22999954223633,63.24829864501953,62.959999084472656,63.005001068115234,113678
2026-02-05 15:00:00,63.0,63.09999847412109,62.84999847412109,62.93999862670898,209977
2026-02-05 15:05:00,62.93000030517578,63.13999938964844,62.869998931884766,63.130001068115234,153633
2026-02-05 15:10:00,63.11000061035156,63.119998931884766,62.84999847412109,62.93000030517578,154328
2026-02-05 15:15:00,62.92499923706055,63.15999984741211,62.86000061035156,63.0890007019043,160287
2026-02-05 15:20:00,63.06999969482422,63.11000061035156,62.880001068115234,62.900001525878906,128799
2026-02-05 15:25:00,62.880001068115234,62.97999954223633,62.709999084472656,62.720001220703125,115960
2026-02-05 15:30:00,62.720001220703125,62.7599983215332,62.400001525878906,62.45000076293945,312983
2026-02-05 15:35:00,62.43000030517578,62.43999862670898,62.255001068115234,62.27999877929688,179364
2026-02-05 15:40:00,62.27000045776367,62.34000015258789,62.16999816894531,62.209999084472656,128576
2026-02-05 15:45:00,62.21500015258789,62.2400016784668,62.119998931884766,62.209999084472656,117758
2026-02-05 15:50:00,62.220001220703125,62.52000045776367,62.21500015258789,62.459999084472656,98642
2026-02-05 15:55:00,62.470001220703125,62.560001373291016,62.400001525878906,62.55860137939453,88934
2026-02-05 16:00:00,62.560001373291016,62.60129928588867,62.470001220703125,62.52999877929688,92485
2026-02-05 16:05:00,62.52999877929688,62.540000915527344,62.30500030517578,62.32500076293945,73340
2026-02-05 16:10:00,62.33000183105469,62.43000030517578,62.20000076293945,62.25260162353516,95309
2026-02-05 16:15:00,62.26100158691406,62.415000915527344,62.244998931884766,62.34000015258789,170849
2026-02-05 16:20:00,62.34999847412109,62.459999084472656,62.34000015258789,62.435001373291016,90597
2026-02-05 16:25:00,62.43000030517578,62.43000030517578,62.2599983215332,62.3025016784668,209336
2026-02-05 16:30:00,62.31999969482422,62.40999984741211,62.27999877929688,62.30500030517578,209422
2026-02-05 16:35:00,62.29999923706055,62.345001220703125,62.20500183105469,62.209999084472656,106066
2026-02-05 16:40:00,62.209999084472656,62.244998931884766,62.09000015258789,62.11000061035156,93667
2026-02-05 16:45:00,62.119998931884766,62.29499816894531,62.11000061035156,62.29499816894531,101945
2026-02-05 16:50:00,62.29240036010742,62.52000045776367,62.290000915527344,62.4900016784668,118570
2026-02-05 16:55:00,62.5,62.7599983215332,62.5,62.65999984741211,106212
2026-02-05 17:00:00,62.65999984741211,62.68769836425781,62.47999954223633,62.52000045776367,68676
2026-02-05 17:05:00,62.52000045776367,62.619998931884766,62.4900016784668,62.619998931884766,151579
2026-02-05 17:10:00,62.61000061035156,62.61000061035156,62.51449966430664,62.56999969482422,62900
2026-02-05 17:15:00,62.55899810791016,62.63999938964844,62.52999877929688,62.52999877929688,55309
2026-02-05 17:20:00,62.52999877929688,62.685001373291016,62.470001220703125,62.68000030517578,94515
2026-02-05 17:25:00,62.67499923706055,62.77999877929688,62.67499923706055,62.69990158081055,109663
2026-02-05 17:30:00,62.70000076293945,62.72999954223633,62.52000045776367,62.52000045776367,92140
2026-02-05 17:35:00,62.5099983215332,62.56999969482422,62.47999954223633,62.4900016784668,63540
2026-02-05 17:40:00,62.47999954223633,62.63999938964844,62.45000076293945,62.59000015258789,65732
2026-02-05 17:45:00,62.595001220703125,62.77999877929688,62.58000183105469,62.70000076293945,151547
2026-02-05 17:50:00,62.70000076293945,62.7599983215332,62.595001220703125,62.595001220703125,85558
2026-02-05 17:55:00,62.59000015258789,62.63999938964844,62.560001373291016,62.56499862670898,70284
2026-02-05 18:00:00,62.560001373291016,62.63999938964844,62.540000915527344,62.5536003112793,69631
2026-02-05 18:05:00,62.55970001220703,62.59000015258789,62.5,62.54499816894531,76992
2026-02-05 18:10:00,62.54999923706055,62.59999847412109,62.51499938964844,62.540000915527344,56860
2026-02-05 18:15:00,62.54499816894531,62.54499816894531,62.36000061035156,62.36000061035156,100322
2026-02-05 18:20:00,62.36000061035156,62.36000061035156,62.220001220703125,62.27000045776367,103597
2026-02-05 18:25:00,62.26499938964844,62.3202018737793,62.22999954223633,62.244998931884766,55925
2026-02-05 18:30:00,62.25,62.28150177001953,62.18000030517578,62.21599960327149,77003
2026-02-05 18:35:00,62.21500015258789,62.27999877929688,62.20000076293945,62.255001068115234,154374
2026-02-05 18:40:00,62.25,62.33000183105469,62.19499969482422,62.310001373291016,50028
2026-02-05 18:45:00,62.310001373291016,62.334999084472656,62.244998931884766,62.31999969482422,71295
2026-02-05 18:50:00,62.32500076293945,62.32740020751953,62.22499847412109,62.249698638916016,51319
2026-02-05 18:55:00,62.244998931884766,62.334999084472656,62.21009826660156,62.27000045776367,62524
2026-02-05 19:00:00,62.255001068115234,62.255001068115234,62.186798095703125,62.21500015258789,70471
2026-02-05 19:05:00,62.220001220703125,62.32500076293945,62.20029830932617,62.31499862670898,61746
2026-02-05 19:10:00,62.320098876953125,62.505001068115234,62.320098876953125,62.470001220703125,85176
2026-02-05 19:15:00,62.46500015258789,62.4900016784668,62.400001525878906,62.43999862670898,74167
2026-02-05 19:20:00,62.45000076293945,62.4900016784668,62.43000030517578,62.47499847412109,76196
2026-02-05 19:25:00,62.470001220703125,62.595001220703125,62.40999984741211,62.595001220703125,116270
2026-02-05 19:30:00,62.59000015258789,62.59999847412109,62.459999084472656,62.54999923706055,110869
2026-02-05 19:35:00,62.54499816894531,62.595001220703125,62.505001068115234,62.505001068115234,69669
2026-02-05 19:40:00,62.5099983215332,62.63999938964844,62.5,62.63999938964844,100152
2026-02-05 19:45:00,62.63999938964844,62.709999084472656,62.63999938964844,62.69499969482422,83737
2026-02-05 19:50:00,62.69499969482422,62.744998931884766,62.63999938964844,62.7400016784668,121147
2026-02-05 19:55:00,62.744998931884766,62.79610061645508,62.69499969482422,62.70000076293945,95267
2026-02-05 20:00:00,62.70500183105469,62.72999954223633,62.64500045776367,62.650001525878906,70907
2026-02-05 20:05:00,62.650001525878906,62.7400016784668,62.60499954223633,62.73500061035156,137461
2026-02-05 20:10:00,62.72999954223633,62.81999969482422,62.66999816894531,62.790000915527344,135644
2026-02-05 20:15:00,62.77999877929688,62.77999877929688,62.64500045776367,62.70009994506836,113178
2026-02-05 20:20:00,62.70500183105469,62.77000045776367,62.650001525878906,62.65999984741211,127350
2026-02-05 20:25:00,62.66999816894531,62.755001068115234,62.619998931884766,62.65999984741211,128089
2026-02-05 20:30:00,62.650001525878906,62.66999816894531,62.56999969482422,62.58000183105469,161901
2026-02-05 20:35:00,62.56999969482422,62.64500045776367,62.505001068115234,62.63999938964844,147899
2026-02-05 20:40:00,62.63999938964844,62.70500183105469,62.560001373291016,62.59000015258789,146171
2026-02-05 20:45:00,62.59000015258789,62.65999984741211,62.52000045776367,62.57500076293945,226579
2026-02-05 20:50:00,62.58000183105469,62.68999862670898,62.5,62.6349983215332,380162
2026-02-05 20:55:00,62.630001068115234,62.79999923706055,62.630001068115234,62.68000030517578,773313
2026-02-06 14:30:00,63.060001373291016,63.709999084472656,63.0,63.58000183105469,831233
2026-02-06 14:35:00,63.59999847412109,63.7400016784668,63.4474983215332,63.6349983215332,401678
2026-02-06 14:40:00,63.63999938964844,64.11000061035156,63.52000045776367,63.66999816894531,336296
2026-02-06 14:45:00,63.68999862670898,63.83000183105469,63.619998931884766,63.769901275634766,249629
2026-02-06 14:50:00,63.77000045776367,64.02999877929688,63.75,63.86000061035156,242539
2026-02-06 14:55:00,63.86000061035156,63.92499923706055,63.7599983215332,63.82649993896485,227644
2026-02-06 15:00:00,63.84000015258789,64.0,63.72499847412109,63.86000061035156,187197
2026-02-06 15:05:00,63.85900115966797,64.04000091552734,63.744998931884766,63.9900016784668,272357
2026-02-06 15:10:00,64.01000213623047,64.23999786376953,63.900001525878906,64.1449966430664,332737
2026-02-06 15:15:00,64.1449966430664,64.15989685058594,63.900001525878906,63.915000915527344,174117
2026-02-06 15:20:00,63.91999816894531,63.9900016784668,63.79999923706055,63.88999938964844,144118
2026-02-06 15:25:00,63.89099884033203,63.959999084472656,63.77000045776367,63.834999084472656,81938
2026-02-06 15:40:00,63.65499877929688,63.810001373291016,63.65499877929688,63.79999923706055,432494
2026-02-06 15:45:00,63.810001373291016,63.810001373291016,63.63999938964844,63.67499923706055,85112
2026-02-06 15:50:00,63.68000030517578,63.68999862670898,63.59999847412109,63.650001525878906,33842
2026-02-06 15:55:00,63.810001373291016,63.84000015258789,63.80500030517578,63.83000183105469,140012
2026-02-06 16:00:00,63.900001525878906,63.90650177001953,63.84999847412109,63.84999847412109,111257
2026-02-06 16:05:00,63.869998931884766,63.88999938964844,63.77999877929688,63.88999938964844,87327
2026-02-06 16:10:00,63.880001068115234,63.97100067138672,63.78499984741211,63.959999084472656,152549
2026-02-06 16:15:00,63.959999084472656,64.05999755859375,63.93349838256836,63.96500015258789,134009
2026-02-06 16:20:00,63.959999084472656,63.9900016784668,63.845001220703125,63.869998931884766,113012
2026-02-06 16:25:00,63.8650016784668,63.875,63.72999954223633,63.73500061035156,96272
2026-02-06 16:30:00,63.7400016784668,63.7400016784668,63.630001068115234,63.720001220703125,101598
2026-02-06 16:35:00,63.72999954223633,63.85499954223633,63.68000030517578,63.84999847412109,167436
2026-02-06 16:40:00,63.84999847412109,63.869998931884766,63.75,63.78499984741211,74710
2026-02-06 16:45:00,63.790000915527344,63.79499816894531,63.595001220703125,63.60499954223633,136772
2026-02-06 16:50:00,63.60010147094727,63.625,63.57500076293945,63.60499954223633,76560
2026-02-06 16:55:00,63.59999847412109,63.59999847412109,63.43999862670898,63.494998931884766,132437
2026-02-06 17:00:00,63.5,63.58000183105469,63.47999954223633,63.57500076293945,120237
2026-02-06 17:05:00,63.57500076293945,63.68000030517578,63.57500076293945,63.59000015258789,92162
2026-02-06 17:10:00,63.584999084472656,63.65499877929688,63.43889999389648,63.470001220703125,175478
2026-02-06 17:15:00,63.470001220703125,63.48500061035156,63.32500076293945,63.3400993347168,69124
2026-02-06 17:20:00,63.34999847412109,63.45000076293945,63.32830047607422,63.415000915527344,76625
2026-02-06 17:25:00,63.415000915527344,63.43999862670898,63.38999938964844,63.415000915527344,46995
2026-02-06 17:30:00,63.41999816894531,63.47999954223633,63.334999084472656,63.36000061035156,80325
2026-02-06 17:35:00,63.35499954223633,63.380001068115234,63.30500030517578,63.334999084472656,54729
2026-02-06 17:40:00,63.334999084472656,63.43999862670898,63.334999084472656,63.415000915527344,67940
2026-02-06 17:45:00,63.415000915527344,63.5099983215332,63.40999984741211,63.5099983215332,74623
2026-02-06 17:50:00,63.51499938964844,63.59999847412109,63.51499938964844,63.57500076293945,79972
2026-02-06 17:55:00,63.56990051269531,63.59000015258789,63.560001373291016,63.560001373291016,95869
2026-02-06 18:00:00,63.560001373291016,63.61000061035156,63.5,63.5,75555
2026-02-06 18:05:00,63.505001068115234,63.56999969482422,63.4901008605957,63.5,78654
2026-02-06 18:10:00,63.494998931884766,63.560001373291016,63.46099853515625,63.505001068115234,127185
2026-02-06 18:15:00,63.505001068115234,63.59000015258789,63.47999954223633,63.5801010131836,47745
2026-02-06 18:20:00,63.58000183105469,63.625,63.57500076293945,63.584999084472656,60524
2026-02-06 18:25:00,63.584999084472656,63.595001220703125,63.52999877929688,63.584999084472656,76963
2026-02-06 18:30:00,63.59000015258789,63.709999084472656,63.54999923706055,63.6875,69182
2026-02-06 18:35:00,63.68999862670898,63.720001220703125,63.65800094604492,63.69499969482422,60922
2026-02-06 18:40:00,63.69499969482422,63.78630065917969,63.68999862670898,63.77000045776367,74613
2026-02-06 18:45:00,63.77000045776367,63.810001373291016,63.76499938964844,63.79999923706055,61799
2026-02-06 18:50:00,63.810001373291016,63.81999969482422,63.70500183105469,63.71500015258789,72823
2026-02-06 18:55:00,63.71599960327149,63.720001220703125,63.68000030517578,63.70000076293945,57634
2026-02-06 19:00:00,63.70029830932617,63.72499847412109,63.66999816894531,63.70000076293945,57017
2026-02-06 19:05:00,63.69499969482422,63.76499938964844,63.660099029541016,63.755001068115234,64414
2026-02-06 19:10:00,63.7599983215332,63.84000015258789,63.72499847412109,63.83000183105469,84863
2026-02-06 19:15:00,63.83000183105469,63.86000061035156,63.77000045776367,63.85499954223633,113082
2026-02-06 19:20:00,63.85499954223633,63.875,63.81999969482422,63.82500076293945,101954
2026-02-06 19:25:00,63.83000183105469,63.84999847412109,63.78010177612305,63.834999084472656,99402
2026-02-06 19:30:00,63.83060073852539,63.90999984741211,63.79999923706055,63.79999923706055,92108
2026-02-06 19:35:00,63.79999923706055,63.81999969482422,63.77999877929688,63.78499984741211,62823
2026-02-06 19:40:00,63.77999877929688,63.7845344543457,63.71500015258789,63.7599983215332,89660
2026-02-06 19:45:00,63.76750183105469,63.900001525878906,63.76750183105469,63.900001525878906,101208
2026-02-06 19:50:00,63.89500045776367,63.89500045776367,63.80500030517578,63.85499954223633,87722
2026-02-06 19:55:00,63.85499954223633,63.86000061035156,63.79999923706055,63.82500076293945,101242
2026-02-06 20:00:00,63.82500076293945,63.8650016784668,63.79499816894531,63.79999923706055,73122
2026-02-06 20:05:00,63.79999923706055,63.80500030517578,63.77000045776367,63.775001525878906,62797
2026-02-06 20:10:00,63.77000045776367,63.810001373291016,63.744998931884766,63.7599983215332,87911
2026-02-06 20:15:00,63.76499938964844,63.775001525878906,63.70000076293945,63.720001220703125,91105
2026-02-06 20:20:00,63.72499847412109,63.79990005493164,63.709999084472656,63.790000915527344,107977
2026-02-06 20:25:00,63.78499984741211,63.810001373291016,63.68000030517578,63.68000030517578,131949
2026-02-06 20:30:00,63.66999816894531,63.7400016784668,63.61000061035156,63.730098724365234,147702
2026-02-06 20:35:00,63.7400016784668,63.86000061035156,63.70000076293945,63.820098876953125,153332
2026-02-06 20:40:00,63.83000183105469,63.915000915527344,63.82500076293945,63.83100128173828,154568
2026-02-06 20:45:00,63.83000183105469,63.85499954223633,63.76499938964844,63.81499862670898,196905
2026-02-06 20:50:00,63.81999969482422,63.93999862670898,63.814300537109375,63.915000915527344,287436
2026-02-06 20:55:00,63.915000915527344,63.94499969482422,63.869998931884766,63.88999938964844,805597
2026-02-09 14:30:00,63.56499862670898,63.90999984741211,63.22999954223633,63.41999816894531,450228
2026-02-09 14:35:00,63.41999816894531,63.59999847412109,63.13999938964844,63.290000915527344,243384
2026-02-09 14:40:00,63.29999923706055,63.400001525878906,63.18000030517578,63.18999862670898,173866
2026-02-09 14:45:00,63.18999862670898,63.25,62.8650016784668,62.96500015258789,385459
2026-02-09 14:50:00,62.959999084472656,62.9900016784668,62.81999969482422,62.95890045166016,279292
2026-02-09 14:55:00,62.96500015258789,63.18999862670898,62.88999938964844,63.150001525878906,179240
2026-02-09 15:00:00,63.14500045776367,63.18000030517578,63.0099983215332,63.08000183105469,167658
2026-02-09 15:05:00,63.07440185546875,63.09999847412109,62.90999984741211,62.93999862670898,328727
2026-02-09 15:10:00,62.94029998779297,62.95000076293945,62.7599983215332,62.79999923706055,433458
2026-02-09 15:15:00,62.790000915527344,62.93000030517578,62.76499938964844,62.81999969482422,163922
2026-02-09 15:20:00,62.810001373291016,62.88999938964844,62.755001068115234,62.78499984741211,137916
2026-02-09 15:25:00,62.78499984741211,62.81999969482422,62.720001220703125,62.790000915527344,183197
2026-02-09 15:30:00,62.790000915527344,63.18000030517578,62.78499984741211,63.17499923706055,213390
2026-02-09 15:35:00,63.17499923706055,63.27999877929688,63.17010116577149,63.20000076293945,150846
2026-02-09 15:40:00,63.220001220703125,63.28499984741211,63.09999847412109,63.165000915527344,145147
2026-02-09 15:45:00,63.165000915527344,63.185001373291016,63.040000915527344,63.060001373291016,137271
2026-02-09 15:50:00,63.06940078735352,63.06999969482422,62.970001220703125,62.994998931884766,137153
2026-02-09 15:55:00,62.994998931884766,63.06999969482422,62.84000015258789,62.86000061035156,226337
2026-02-09 16:00:00,62.86650085449219,62.88999938964844,62.774200439453125,62.774200439453125,220336
2026-02-09 16:05:00,62.77000045776367,62.85499954223633,62.72999954223633,62.755001068115234,181533
2026-02-09 16:10:00,62.755001068115234,62.80500030517578,62.72999954223633,62.74420166015625,184186
2026-02-09 16:15:00,62.744998931884766,62.76499938964844,62.540000915527344,62.57500076293945,267481
2026-02-09 16:20:00,62.56999969482422,62.63999938964844,62.5099983215332,62.625,153977
2026-02-09 16:25:00,62.63999938964844,62.709999084472656,62.54999923706055,62.69369888305664,204223
2026-02-09 16:30:00,62.69850158691406,62.79859924316406,62.69229888916016,62.7599983215332,112437
2026-02-09 16:35:00,62.755001068115234,62.755001068115234,62.70500183105469,62.74420166015625,87107
2026-02-09 16:40:00,62.7400016784668,62.89500045776367,62.7400016784668,62.86000061035156,129308
2026-02-09 16:45:00,62.85499954223633,62.91999816894531,62.84099960327149,62.89500045776367,95963
2026-02-09 16:50:00,62.90449905395508,62.919166564941406,62.87300109863281,62.880001068115234,69329
2026-02-09 16:55:00,62.880001068115234,62.880001068115234,62.77000045776367,62.77299880981445,87754
2026-02-09 17:00:00,62.77000045776367,62.790000915527344,62.69499969482422,62.76499938964844,76322
2026-02-09 17:05:00,62.76499938964844,62.77999877929688,62.71500015258789,62.72499847412109,74017
2026-02-09 17:10:00,62.72499847412109,62.79499816894531,62.701541900634766,62.79499816894531,96768
2026-02-09 17:15:00,62.790000915527344,62.810001373291016,62.71099853515625,62.71099853515625,90809
2026-02-09 17:20:00,62.71500015258789,62.7599983215332,62.70650100708008,62.755001068115234,61882
2026-02-09 17:25:00,62.755001068115234,62.90999984741211,62.744998931884766,62.8849983215332,102100
2026-02-09 17:30:00,62.8849983215332,62.917701721191406,62.810001373291016,62.89500045776367,107755
2026-02-09 17:35:00,62.89500045776367,62.92499923706055,62.869998931884766,62.869998931884766,80327
2026-02-09 17:40:00,62.875,62.89500045776367,62.85499954223633,62.875,78667
2026-02-09 17:45:00,62.875,62.94499969482422,62.875,62.935001373291016,82806
2026-02-09 17:50:00,62.935001373291016,63.08570098876953,62.935001373291016,63.084999084472656,98387
2026-02-09 17:55:00,63.084999084472656,63.125,63.02999877929688,63.02999877929688,116969
2026-02-09 18:00:00,63.02450180053711,63.04999923706055,62.970001220703125,63.005001068115234,88488
2026-02-09 18:05:00,63.005001068115234,63.09999847412109,62.9900016784668,63.01499938964844,191876
2026-02-09 18:10:00,63.01499938964844,63.04499816894531,62.98500061035156,63.025001525878906,60682
2026-02-09 18:15:00,63.025001525878906,63.06999969482422,63.010101318359375,63.04499816894531,52079
2026-02-09 18:20:00,63.04499816894531,63.09999847412109,62.915000915527344,63.03549957275391,113309
2026-02-09 18:25:00,63.03499984741211,63.06999969482422,63.02999877929688,63.064701080322266,52248
2026-02-09 18:30:00,63.06499862670898,63.084999084472656,62.97999954223633,63.0099983215332,153943
2026-02-09 18:35:00,63.005001068115234,63.060001373291016,62.97999954223633,62.99860000610352,94133
2026-02-09 18:40:00,62.994998931884766,63.06999969482422,62.9900016784668,63.05500030517578,68299
2026-02-09 18:45:00,63.05500030517578,63.07500076293945,63.0099983215332,63.04499816894531,55858
2026-02-09 18:50:00,63.040000915527344,63.06999969482422,63.005001068115234,63.02876663208008,88228
2026-02-09 18:55:00,63.01499938964844,63.01639938354492,62.95500183105469,62.97499847412109,46974
2026-02-09 19:00:00,62.97499847412109,62.97499847412109,62.85499954223633,62.875,85353
2026-02-09 19:05:00,62.875099182128906,62.8755989074707,62.75,62.76499938964844,97594
2026-02-09 19:10:00,62.7599983215332,62.77999877929688,62.70000076293945,62.709999084472656,95339
2026-02-09 19:15:00,62.70500183105469,62.73500061035156,62.70500183105469,62.71879959106445,61342
2026-02-09 19:20:00,62.720001220703125,62.72499847412109,62.65340042114258,62.68999862670898,92293
2026-02-09 19:25:00,62.68560028076172,62.709999084472656,62.65019989013672,62.669898986816406,52916
2026-02-09 19:30:00,62.665000915527344,62.68000030517578,62.62089920043945,62.65499877929688,107828
2026-02-09 19:35:00,62.65850067138672,62.69499969482422,62.63999938964844,62.68999862670898,51920
2026-02-09 19:40:00,62.68999862670898,62.73649978637695,62.665000915527344,62.70500183105469,76057
2026-02-09 19:45:00,62.70500183105469,62.777000427246094,62.66999816894531,62.66999816894531,117154
2026-02-09 19:50:00,62.68000030517578,62.70500183105469,62.66999816894531,62.685001373291016,46318
2026-02-09 19:55:00,62.68000030517578,62.68000030517578,62.6349983215332,62.64500045776367,75155
2026-02-09 20:00:00,62.63999938964844,62.69499969482422,62.619998931884766,62.665000915527344,78035
2026-02-09 20:05:00,62.665000915527344,62.685001373291016,62.6150016784668,62.6349983215332,66327
2026-02-09 20:10:00,62.63970184326172,62.64810180664063,62.57500076293945,62.64500045776367,112767
2026-02-09 20:15:00,62.64500045776367,62.650001525878906,62.58000183105469,62.60499954223633,84637
2026-02-09 20:20:00,62.60499954223633,62.65999984741211,62.57500076293945,62.584999084472656,89702
2026-02-09 20:25:00,62.5801010131836,62.61489868164063,62.54499816894531,62.57500076293945,134917
2026-02-09 20:30:00,62.56999969482422,62.60499954223633,62.54999923706055,62.56499862670898,110000
2026-02-09 20:35:00,62.560001373291016,62.630001068115234,62.55500030517578,62.625,92379
2026-02-09 20:40:00,62.619998931884766,62.65999984741211,62.60300064086914,62.64500045776367,167335
2026-02-09 20:45:00,62.64500045776367,62.650001525878906,62.55500030517578,62.589298248291016,174821
2026-02-09 20:50:00,62.58000183105469,62.64500045776367,62.47999954223633,62.494998931884766,397753
2026-02-09 20:55:00,62.5,62.525001525878906,62.369998931884766,62.400001525878906,852810
2026-02-10 14:30:00,63.0,63.02999877929688,62.619998931884766,62.65999984741211,486217
2026-02-10 14:35:00,62.66999816894531,62.66999816894531,62.290000915527344,62.560001373291016,272187
2026-02-10 14:40:00,62.58000183105469,62.84999847412109,62.560001373291016,62.71500015258789,207740
2026-02-10 14:45:00,62.72999954223633,62.90499877929688,62.540000915527344,62.77000045776367,263946
2026-02-10 14:50:00,62.7599983215332,62.97999954223633,62.72999954223633,62.900001525878906,333995
2026-02-10 14:55:00,62.8849983215332,63.02000045776367,62.81010055541992,62.97999954223633,317769
2026-02-10 15:00:00,62.97999954223633,63.15499877929688,62.915000915527344,63.14500045776367,329932
2026-02-10 15:05:00,63.14649963378906,63.435001373291016,63.11000061035156,63.32500076293945,355241
2026-02-10 15:10:00,63.29999923706055,63.34000015258789,63.084999084472656,63.27000045776367,165850
2026-02-10 15:15:00,63.275001525878906,63.31999969482422,63.15499877929688,63.28499984741211,176301
2026-02-10 15:20:00,63.290000915527344,63.43999862670898,63.28499984741211,63.39500045776367,182446
2026-02-10 15:25:00,63.39419937133789,63.540000915527344,63.36000061035156,63.525001525878906,117485
2026-02-10 15:30:00,63.52999877929688,63.617801666259766,63.47499847412109,63.54999923706055,256673
2026-02-10 15:35:00,63.55500030517578,63.68999862670898,63.53499984741211,63.650001525878906,196252
2026-02-10 15:40:00,63.65499877929688,63.70000076293945,63.59000015258789,63.65499877929688,108378
2026-02-10 15:45:00,63.65499877929688,63.665000915527344,63.60300064086914,63.630001068115234,110497
2026-02-10 15:50:00,63.630001068115234,63.63999938964844,63.5099983215332,63.630001068115234,153776
2026-02-10 15:55:00,63.63999938964844,63.65499877929688,63.54349899291992,63.619998931884766,93256
2026-02-10 16:00:00,63.6150016784668,63.72499847412109,63.61000061035156,63.70349884033203,157019
2026-02-10 16:05:00,63.70000076293945,63.869998931884766,63.685001373291016,63.84000015258789,159237
2026-02-10 16:10:00,63.84000015258789,63.875,63.79499816894531,63.85499954223633,108994
2026-02-10 16:15:00,63.85499954223633,63.88999938964844,63.81010055541992,63.85499954223633,257683
2026-02-10 16:20:00,63.85499954223633,63.93999862670898,63.83000183105469,63.92499923706055,341695
2026-02-10 16:25:00,63.93000030517578,64.19000244140625,63.93000030517578,63.97999954223633,465255
2026-02-10 16:30:00,63.97499847412109,63.97999954223633,63.83000183105469,63.841400146484375,156167
2026-02-10 16:35:00,63.845001220703125,63.9275016784668,63.81999969482422,63.89500045776367,101818
2026-02-10 16:40:00,63.89500045776367,63.900001525878906,63.85499954223633,63.875,101296
2026-02-10 16:45:00,63.875,63.92499923706055,63.82500076293945,63.869998931884766,85475
2026-02-10 16:50:00,63.869998931884766,63.88999938964844,63.834999084472656,63.85499954223633,75788
2026-02-10 16:55:00,63.84999847412109,63.86000061035156,63.72499847412109,63.72999954223633,81094
2026-02-10 17:00:00,63.73500061035156,63.7599983215332,63.67499923706055,63.72499847412109,112877
2026-02-10 17:05:00,63.72499847412109,63.7599983215332,63.68999862670898,63.70500183105469,105561
2026-02-10 17:10:00,63.727500915527344,63.82500076293945,63.70500183105469,63.80009841918945,66434
2026-02-10 17:15:00,63.80500030517578,63.80500030517578,63.665000915527344,63.68000030517578,69077
2026-02-10 17:20:00,63.68000030517578,63.69029998779297,63.58000183105469,63.619998931884766,89389
2026-02-10 17:25:00,63.61000061035156,63.63990020751953,63.55500030517578,63.59989929199219,74253
2026-02-10 17:30:00,63.59999847412109,63.61000061035156,63.52999877929688,63.540000915527344,72307
2026-02-10 17:35:00,63.53499984741211,63.54999923706055,63.51499938964844,63.525001525878906,71783
2026-02-10 17:40:00,63.525001525878906,63.58000183105469,63.52349853515625,63.57500076293945,57856
2026-02-10 17:45:00,63.58000183105469,63.67990112304688,63.58000183105469,63.64500045776367,85235
2026-02-10 17:50:00,63.63999938964844,63.65999984741211,63.59000015258789,63.59000015258789,52355
2026-02-10 17:55:00,63.59999847412109,63.59999847412109,63.525001525878906,63.56499862670898,57293
2026-02-10 18:00:00,63.56499862670898,63.56499862670898,63.4900016784668,63.5099983215332,61800
2026-02-10 18:05:00,63.505001068115234,63.5099983215332,63.43000030517578,63.43999862670898,85950
2026-02-10 18:10:00,63.43550109863281,63.494998931884766,63.42499923706055,63.48500061035156,49284
2026-02-10 18:15:00,63.47999954223633,63.5099983215332,63.46500015258789,63.47499847412109,77037
2026-02-10 18:20:00,63.47499847412109,63.54499816894531,63.470001220703125,63.519901275634766,65055
2026-02-10 18:25:00,63.51499938964844,63.525001525878906,63.44499969482422,63.44499969482422,70527
2026-02-10 18:30:00,63.44499969482422,63.470001220703125,63.42449951171875,63.43999862670898,52253
2026-02-10 18:35:00,63.435001373291016,63.46500015258789,63.38999938964844,63.45500183105469,90350
2026-02-10 18:40:00,63.45000076293945,63.4900016784668,63.43999862670898,63.46500015258789,49259
2026-02-10 18:45:00,63.46500015258789,63.470001220703125,63.334999084472656,63.34339904785156,82702
2026-02-10 18:50:00,63.345001220703125,63.35499954223633,63.22999954223633,63.23500061035156,122697
2026-02-10 18:55:00,63.23500061035156,63.31990051269531,63.22999954223633,63.2400016784668,135063
2026-02-10 19:00:00,63.2400016784668,63.26499938964844,63.21500015258789,63.21500015258789,91078
2026-02-10 19:05:00,63.21500015258789,63.27999877929688,63.209999084472656,63.2599983215332,71644
2026-02-10 19:10:00,63.26499938964844,63.30500030517578,63.22499847412109,63.29499816894531,61564
2026-02-10 19:15:00,63.29449844360352,63.38999938964844,63.282901763916016,63.369998931884766,59979
2026-02-10 19:20:00,63.380001068115234,63.44499969482422,63.375,63.415000915527344,86160
2026-02-10 19:25:00,63.415000915527344,63.43999862670898,63.40999984741211,63.43000030517578,58912
2026-02-10 19:30:00,63.435001373291016,63.46670150756836,63.42499923706055,63.42499923706055,73673
2026-02-10 19:35:00,63.42499923706055,63.45000076293945,63.40999984741211,63.435001373291016,71423
2026-02-10 19:40:00,63.435001373291016,63.43999862670898,63.400001525878906,63.42499923706055,59693
2026-02-10 19:45:00,63.43000030517578,63.47499847412109,63.39500045776367,63.44499969482422,88790
2026-02-10 19:50:00,63.44499969482422,63.47499847412109,63.435001373291016,63.44499969482422,91430
2026-02-10 19:55:00,63.44449996948242,63.44990158081055,63.33000183105469,63.345001220703125,97430
2026-02-10 20:00:00,63.345001220703125,63.369998931884766,63.290000915527344,63.31499862670898,133321
2026-02-10 20:05:00,63.310001373291016,63.32500076293945,63.27000045776367,63.275001525878906,73628
2026-02-10 20:10:00,63.275001525878906,63.28499984741211,63.17499923706055,63.185001373291016,146666
2026-02-10 20:15:00,63.185001373291016,63.30500030517578,63.150001525878906,63.29499816894531,175973
2026-02-10 20:20:00,63.29499816894531,63.31999969482422,63.25,63.255001068115234,138940
2026-02-10 20:25:00,63.25,63.25,63.17499923706055,63.18000030517578,110674
2026-02-10 20:30:00,63.18000030517578,63.27000045776367,63.14500045776367,63.18000030517578,157612
2026-02-10 20:35:00,63.185001373291016,63.19499969482422,63.13999938964844,63.165000915527344,110395
2026-02-10 20:40:00,63.15999984741211,63.20000076293945,63.13999938964844,63.14500045776367,123739
2026-02-10 20:45:00,63.14500045776367,63.17499923706055,63.095001220703125,63.15999984741211,206391
2026-02-10 20:50:00,63.15499877929688,63.185001373291016,63.05500030517578,63.06999969482422,304851
2026-02-10 20:55:00,63.06999969482422,63.06999969482422,62.915000915527344,63.025001525878906,1005897
2026-02-11 14:30:00,63.900001525878906,64.00499725341797,62.56999969482422,62.57500076293945,1079012
2026-02-11 14:35:00,62.59000015258789,63.025001525878906,62.43429946899414,62.86000061035156,385615
2026-02-11 14:40:00,62.86000061035156,62.959999084472656,62.53499984741211,62.53499984741211,414965
2026-02-11 14:45:00,62.52999877929688,62.68999862670898,62.43000030517578,62.47999954223633,322595
2026-02-11 14:50:00,62.470001220703125,62.63999938964844,62.43999862670898,62.44499969482422,171410
2026-02-11 14:55:00,62.43000030517578,62.43000030517578,62.15999984741211,62.16999816894531,331403
2026-02-11 15:00:00,62.17499923706055,62.23500061035156,62.06999969482422,62.094200134277344,293601
2026-02-11 15:05:00,62.0900993347168,62.2400016784668,62.0099983215332,62.18000030517578,257904
2026-02-11 15:10:00,62.16999816894531,62.17499923706055,61.910099029541016,61.97999954223633,270737
2026-02-11 15:15:00,61.96500015258789,62.02000045776367,61.7599983215332,61.79999923706055,277836
2026-02-11 15:20:00,61.80500030517578,61.80860137939453,61.67499923706055,61.70000076293945,189619
2026-02-11 15:25:00,61.699798583984375,61.96979904174805,61.69499969482422,61.95500183105469,263426
2026-02-11 15:30:00,61.95000076293945,61.97999954223633,61.81999969482422,61.92499923706055,166236
2026-02-11 15:35:00,61.93000030517578,62.06999969482422,61.93000030517578,62.02999877929688,155841
2026-02-11 15:40:00,62.02999877929688,62.150001525878906,61.935001373291016,62.130001068115234,200424
2026-02-11 15:45:00,62.119998931884766,62.13999938964844,61.9901008605957,62.0099983215332,138348
2026-02-11 15:50:00,62.00749969482422,62.05550003051758,61.90999984741211,61.91999816894531,145860
2026-02-11 15:55:00,61.915000915527344,61.98500061035156,61.834999084472656,61.90499877929688,177376
2026-02-11 16:00:00,61.915000915527344,62.220001220703125,61.915000915527344,62.025001525878906,256145
2026-02-11 16:05:00,62.025001525878906,62.150001525878906,62.020599365234375,62.084999084472656,102444
2026-02-11 16:10:00,62.084999084472656,62.27000045776367,62.060001373291016,62.20970153808594,151658
2026-02-11 16:15:00,62.20500183105469,62.45000076293945,62.165000915527344,62.45000076293945,247547
2026-02-11 16:20:00,62.45000076293945,62.51499938964844,62.42499923706055,62.5099983215332,212997
2026-02-11 16:25:00,62.51499938964844,62.54999923706055,62.3849983215332,62.41999816894531,162923
2026-02-11 16:30:00,62.41999816894531,62.42499923706055,62.34000015258789,62.380001068115234,197304
2026-02-11 16:35:00,62.38999938964844,62.48500061035156,62.34429931640625,62.44499969482422,118732
2026-02-11 16:40:00,62.45000076293945,62.540000915527344,62.29999923706055,62.43000030517578,143767
2026-02-11 16:45:00,62.41999816894531,62.505001068115234,62.38999938964844,62.47499847412109,85213
2026-02-11 16:50:00,62.470001220703125,62.525001525878906,62.41999816894531,62.43999862670898,109763
2026-02-11 16:55:00,62.43000030517578,62.45000076293945,62.25,62.255001068115234,246361
2026-02-11 17:00:00,62.2599983215332,62.34000015258789,62.244998931884766,62.29999923706055,143615
2026-02-11 17:05:00,62.290000915527344,62.34000015258789,62.2400016784668,62.31999969482422,119309
2026-02-11 17:10:00,62.334999084472656,62.334999084472656,62.150001525878906,62.17499923706055,98142
2026-02-11 17:15:00,62.18000030517578,62.19499969482422,62.119998931884766,62.150001525878906,72132
2026-02-11 17:20:00,62.14500045776367,62.26499938964844,62.13999938964844,62.255001068115234,74704
2026-02-11 17:25:00,62.2599983215332,62.310001373291016,62.22249984741211,62.22499847412109,50443
2026-02-11 17:30:00,62.22499847412109,62.255001068115234,62.12456130981445,62.15499877929688,64317
2026-02-11 17:35:00,62.15499877929688,62.18999862670898,62.06499862670898,62.095001220703125,78878
2026-02-11 17:40:00,62.095001220703125,62.125,62.07500076293945,62.07500076293945,71916
2026-02-11 17:45:00,62.06999969482422,62.08990097045898,61.93999862670898,61.96500015258789,158620
2026-02-11 17:50:00,61.96500015258789,61.9900016784668,61.880001068115234,61.95500183105469,1080004
2026-02-11 17:55:00,61.95500183105469,61.959999084472656,61.84999847412109,61.89500045776367,78891
2026-02-11 18:00:00,61.89500045776367,61.970001220703125,61.845001220703125,61.959999084472656,96400
2026-02-11 18:05:00,61.95500183105469,61.9900016784668,61.79999923706055,61.875,123396
2026-02-11 18:10:00,61.8849983215332,61.89500045776367,61.85499954223633,61.86000061035156,58206
2026-02-11 18:15:00,61.86000061035156,61.95000076293945,61.81999969482422,61.93000030517578,73674
2026-02-11 18:20:00,61.91999816894531,61.91999816894531,61.79999923706055,61.80500030517578,52604
2026-02-11 18:25:00,61.80500030517578,61.89979934692383,61.79999923706055,61.875,98527
2026-02-11 18:30:00,61.880001068115234,61.93000030517578,61.85499954223633,61.875,76827
2026-02-11 18:35:00,61.869998931884766,61.93000030517578,61.86000061035156,61.92499923706055,65375
2026-02-11 18:40:00,61.91999816894531,62.03499984741211,61.90499877929688,62.02999877929688,53247
2026-02-11 18:45:00,62.03499984741211,62.21500015258789,61.900001525878906,62.189701080322266,106531
2026-02-11 18:50:00,62.18999862670898,62.19499969482422,62.06999969482422,62.17499923706055,103423
2026-02-11 18:55:00,62.18000030517578,62.2599983215332,62.095001220703125,62.130001068115234,75590
2026-02-11 19:00:00,62.119998931884766,62.29499816894531,62.095001220703125,62.29499816894531,235366
2026-02-11 19:05:00,62.29439926147461,62.369998931884766,62.275001525878906,62.310001373291016,172345
2026-02-11 19:10:00,62.29999923706055,62.43999862670898,62.28499984741211,62.42499923706055,95258
2026-02-11 19:15:00,62.41999816894531,62.54999923706055,62.38999938964844,62.4900016784668,241778
2026-02-11 19:20:00,62.48500061035156,62.560001373291016,62.47499847412109,62.525001525878906,107709
2026-02-11 19:25:00,62.52999877929688,62.65499877929688,62.52999877929688,62.65280151367188,143248
2026-02-11 19:30:00,62.65409851074219,62.665000915527344,62.505001068115234,62.5099983215332,101070
2026-02-11 19:35:00,62.51499938964844,62.54650115966797,62.47999954223633,62.4900016784668,62926
2026-02-11 19:40:00,62.48500061035156,62.51499938964844,62.45500183105469,62.459999084472656,180806
2026-02-11 19:45:00,62.45500183105469,62.5,62.43450164794922,62.47499847412109,234161
2026-02-11 19:50:00,62.47499847412109,62.47499847412109,62.40499877929688,62.45000076293945,78573
2026-02-11 19:55:00,62.45500183105469,62.5,62.40999984741211,62.48500061035156,66382
2026-02-11 20:00:00,62.48500061035156,62.505001068115234,62.45000076293945,62.48500061035156,78431
2026-02-11 20:05:00,62.47999954223633,62.494998931884766,62.39500045776367,62.39500045776367,0
2026-02-11 20:10:00,62.39500045776367,62.487701416015625,62.3650016784668,62.48500061035156,79146
2026-02-11 20:15:00,62.47499847412109,62.5099983215332,62.44499969482422,62.46500015258789,68195
2026-02-11 20:20:00,62.46500015258789,62.560001373291016,62.459999084472656,62.46500015258789,103352
2026-02-11 20:25:00,62.46500015258789,62.5,62.38999938964844,62.39500045776367,80060
2026-02-11 20:30:00,62.400001525878906,62.41999816894531,62.32500076293945,62.35499954223633,145418
2026-02-11 20:35:00,62.355499267578125,62.48989868164063,62.34000015258789,62.47999954223633,102565
2026-02-11 20:40:00,62.48500061035156,62.5099983215332,62.43999862670898,62.45000076293945,100216
2026-02-11 20:45:00,62.45500183105469,62.5099983215332,62.41999816894531,62.505001068115234,150003
2026-02-11 20:50:00,62.5,62.52999877929688,62.470001220703125,62.4900016784668,310404
2026-02-11 20:55:00,62.4900016784668,62.51499938964844,62.345001220703125,62.34999847412109,868291
2026-02-12 14:30:00,62.33000183105469,62.58000183105469,62.08000183105469,62.52999877929688,448683
2026-02-12 14:35:00,62.56999969482422,62.68999862670898,62.09999847412109,62.613800048828125,199887
2026-02-12 14:40:00,62.612300872802734,62.72010040283203,62.41999816894531,62.43999862670898,180745
2026-02-12 14:45:00,62.41999816894531,62.5,62.27000045776367,62.38600158691406,118715
2026-02-12 14:50:00,62.400001525878906,62.400001525878906,62.0099983215332,62.19010162353516,155097
2026-02-12 14:55:00,62.209999084472656,62.47999954223633,62.209999084472656,62.47999954223633,69713
2026-02-12 15:00:00,62.4900016784668,62.54999923706055,62.290000915527344,62.290000915527344,146842
2026-02-12 15:05:00,62.290000915527344,62.290000915527344,62.09000015258789,62.09000015258789,141885
2026-02-12 15:10:00,62.09999847412109,62.220001220703125,62.072898864746094,62.220001220703125,98426
2026-02-12 15:15:00,62.22999954223633,62.38999938964844,62.15499877929688,62.33000183105469,187369
2026-02-12 15:20:00,62.334999084472656,62.59000015258789,62.334999084472656,62.53499984741211,194843
2026-02-12 15:25:00,62.53499984741211,62.560001373291016,62.37020111083984,62.45000076293945,221451
2026-02-12 15:30:00,62.459999084472656,62.5900993347168,62.45000076293945,62.52999877929688,73050
2026-02-12 15:35:00,62.54990005493164,62.65999984741211,62.52999877929688,62.540000915527344,145295
2026-02-12 15:40:00,62.53499984741211,62.53499984741211,62.35499954223633,62.400001525878906,94206
2026-02-12 15:45:00,62.40019989013672,62.46200180053711,62.35860061645508,62.380001068115234,133314
2026-02-12 15:50:00,62.37020111083984,62.3849983215332,62.220001220703125,62.244998931884766,88583
2026-02-12 15:55:00,62.2400016784668,62.275001525878906,62.130001068115234,62.18299865722656,120867
2026-02-12 16:00:00,62.18000030517578,62.2400016784668,62.13999938964844,62.150001525878906,116922
2026-02-12 16:05:00,62.150001525878906,62.16999816894531,61.970001220703125,61.98500061035156,150817
2026-02-12 16:10:00,61.994998931884766,62.005001068115234,61.81499862670898,61.89500045776367,150854
2026-02-12 16:15:00,61.89500045776367,61.92499923706055,61.845001220703125,61.84510040283203,89239
2026-02-12 16:20:00,61.84999847412109,61.869998931884766,61.720001220703125,61.79499816894531,156733
2026-02-12 16:25:00,61.80139923095703,61.83599853515625,61.70500183105469,61.720001220703125,159116
2026-02-12 16:30:00,61.72499847412109,61.91999816894531,61.72499847412109,61.86000061035156,113681
2026-02-12 16:35:00,61.85499954223633,61.95000076293945,61.810001373291016,61.935001373291016,124201
2026-02-12 16:40:00,61.935001373291016,62.0,61.86000061035156,61.88999938964844,104595
2026-02-12 16:45:00,61.90999984741211,61.91999816894531,61.71500015258789,61.72999954223633,102672
2026-02-12 16:50:00,61.72589874267578,61.79499816894531,61.65999984741211,61.709999084472656,115087
2026-02-12 16:55:00,61.720001220703125,61.77000045776367,61.685001373291016,61.7599983215332,99614
2026-02-12 17:00:00,61.7599983215332,61.77000045776367,61.59000015258789,61.685001373291016,142500
2026-02-12 17:05:00,61.68790054321289,61.69499969482422,61.570098876953125,61.650001525878906,99968
2026-02-12 17:10:00,61.63999938964844,61.63999938964844,61.41999816894531,61.42499923706055,141890
2026-02-12 17:15:00,61.42010116577149,61.54499816894531,61.36000061035156,61.375,167593
2026-02-12 17:20:00,61.380001068115234,61.65999984741211,61.375,61.65999984741211,96720
2026-02-12 17:25:00,61.650001525878906,61.650001525878906,61.27999877929688,61.38999938964844,209939
2026-02-12 17:30:00,61.38999938964844,61.57500076293945,61.35020065307617,61.560001373291016,124467
2026-02-12 17:35:00,61.560001373291016,61.59999847412109,61.435001373291016,61.435001373291016,94617
2026-02-12 17:40:00,61.43999862670898,61.47999954223633,61.31499862670898,61.32500076293945,61475
2026-02-12 17:45:00,61.32500076293945,61.380001068115234,61.130001068115234,61.150001525878906,153557
2026-02-12 17:50:00,61.150001525878906,61.18999862670898,61.04499816894531,61.07500076293945,93225
2026-02-12 17:55:00,61.08000183105469,61.0802001953125,60.900001525878906,60.91999816894531,171243
2026-02-12 18:00:00,60.91999816894531,61.02999877929688,60.845001220703125,61.0,160371
2026-02-12 18:05:00,61.005001068115234,61.084999084472656,60.959999084472656,61.0099983215332,104268
2026-02-12 18:10:00,61.005001068115234,61.02000045776367,60.915000915527344,60.95000076293945,94823
2026-02-12 18:15:00,60.94499969482422,61.15499877929688,60.94020080566406,61.06499862670898,137566
2026-02-12 18:20:00,61.06650161743164,61.2599983215332,61.06499862670898,61.2400016784668,96366
2026-02-12 18:25:00,61.2599983215332,61.34999847412109,60.91999816894531,61.150001525878906,499752
2026-02-12 18:30:00,61.150001525878906,61.29999923706055,61.01499938964844,61.2599983215332,139992
2026-02-12 18:35:00,61.27000045776367,61.38999938964844,61.26940155029297,61.38999938964844,116201
2026-02-12 18:40:00,61.38999938964844,61.47999954223633,61.31999969482422,61.45100021362305,72636
2026-02-12 18:45:00,61.45500183105469,61.459999084472656,61.35499954223633,61.380001068115234,68324
2026-02-12 18:50:00,61.35499954223633,61.3849983215332,61.255001068115234,61.36000061035156,75972
2026-02-12 18:55:00,61.369998931884766,61.41999816894531,61.11000061035156,61.2599983215332,234949
2026-02-12 19:00:00,61.25,61.5099983215332,61.244998931884766,61.45989990234375,128557
2026-02-12 19:05:00,61.45249938964844,61.59000015258789,61.44010162353516,61.5359992980957,67631
2026-02-12 19:10:00,61.52999877929688,61.63999938964844,61.47999954223633,61.59989929199219,78672
2026-02-12 19:15:00,61.59000015258789,61.70000076293945,61.56999969482422,61.665000915527344,51684
2026-02-12 19:20:00,61.66999816894531,61.685001373291016,61.61000061035156,61.62319946289063,53862
2026-02-12 19:25:00,61.61000061035156,61.6150016784668,61.43999862670898,61.51499938964844,113136
2026-02-12 19:30:00,61.5099983215332,61.70000076293945,61.459999084472656,61.68999862670898,136902
2026-02-12 19:35:00,61.70000076293945,61.77000045776367,61.65999984741211,61.76499938964844,49422
2026-02-12 19:40:00,61.7599983215332,61.79999923706055,61.72999954223633,61.73249816894531,134797
2026-02-12 19:45:00,61.73500061035156,61.73500061035156,61.560001373291016,61.619998931884766,166157
2026-02-12 19:50:00,61.630001068115234,61.635887145996094,61.46500015258789,61.46500015258789,84369
2026-02-12 19:55:00,61.470001220703125,61.650001525878906,61.45500183105469,61.540000915527344,149441
2026-02-12 20:00:00,61.54999923706055,61.68000030517578,61.54999923706055,61.68000030517578,83835
2026-02-12 20:05:00,61.68000030517578,61.68999862670898,61.54999923706055,61.56499862670898,63806
2026-02-12 20:10:00,61.56499862670898,61.619998931884766,61.515098571777344,61.61000061035156,53536
2026-02-12 20:15:00,61.60499954223633,61.62950134277344,61.52000045776367,61.560001373291016,60694
2026-02-12 20:20:00,61.55500030517578,61.57500076293945,61.380001068115234,61.435001373291016,176396
2026-02-12 20:25:00,61.43999862670898,61.44100189208984,61.31999969482422,61.369998931884766,116870
2026-02-12 20:30:00,61.3849983215332,61.43000030517578,61.35499954223633,61.3650016784668,94011
2026-02-12 20:35:00,61.36000061035156,61.40999984741211,61.35100173950195,61.375,132397
2026-02-12 20:40:00,61.375,61.40999984741211,61.33000183105469,61.36000061035156,149770
2026-02-12 20:45:00,61.369998931884766,61.375,61.185001373291016,61.27000045776367,208918
2026-02-12 20:50:00,61.25,61.36000061035156,61.06999969482422,61.1349983215332,467236
2026-02-12 20:55:00,61.13999938964844,61.15999984741211,61.04999923706055,61.1150016784668,841973
2026-02-13 14:30:00,61.59000015258789,62.34999847412109,61.59000015258789,62.34999847412109,786977
2026-02-13 14:35:00,62.33000183105469,62.61009979248047,62.02000045776367,62.48949813842773,383692
2026-02-13 14:40:00,62.479400634765625,62.82500076293945,62.369998931884766,62.79010009765625,1353369
2026-02-13 14:45:00,62.790000915527344,63.275001525878906,62.77000045776367,63.13999938964844,928232
2026-02-13 14:50:00,63.150001525878906,63.31999969482422,62.880001068115234,62.900001525878906,1432047
2026-02-13 14:55:00,62.90499877929688,63.02999877929688,62.58000183105469,62.68000030517578,534523
2026-02-13 15:00:00,62.68999862670898,62.78829956054688,62.45000076293945,62.4900016784668,214398
2026-02-13 15:05:00,62.494998931884766,62.59999847412109,62.27000045776367,62.58000183105469,222274
2026-02-13 15:10:00,62.58000183105469,62.66999816894531,62.25,62.28499984741211,218317
2026-02-13 15:15:00,62.28499984741211,62.470001220703125,62.09999847412109,62.15999984741211,219746
2026-02-13 15:20:00,62.16999816894531,62.32500076293945,62.09999847412109,62.21549987792969,186258
2026-02-13 15:25:00,62.21500015258789,62.459999084472656,62.150001525878906,62.45000076293945,248898
2026-02-13 15:30:00,62.43999862670898,62.630001068115234,62.220001220703125,62.27999877929688,330525
2026-02-13 15:35:00,62.26499938964844,62.560001373291016,62.25,62.540000915527344,222519
2026-02-13 15:40:00,62.540000915527344,62.685001373291016,62.33000183105469,62.369998931884766,208210
2026-02-13 15:45:00,62.380001068115234,62.52999877929688,62.310001373291016,62.525001525878906,156929
2026-02-13 15:50:00,62.52999877929688,62.709999084472656,62.52999877929688,62.630001068115234,166401
2026-02-13 15:55:00,62.63999938964844,62.72999954223633,62.59000015258789,62.59999847412109,98310
2026-02-13 16:00:00,62.619998931884766,62.744998931884766,62.56999969482422,62.7401008605957,109137
2026-02-13 16:05:00,62.7400016784668,62.97999954223633,62.7400016784668,62.880001068115234,278938
2026-02-13 16:10:00,62.8849983215332,62.8849983215332,62.7400016784668,62.86000061035156,206961
2026-02-13 16:15:00,62.875,62.97999954223633,62.875,62.917999267578125,258207
2026-02-13 16:20:00,62.915000915527344,62.94499969482422,62.57500076293945,62.59000015258789,227872
2026-02-13 16:25:00,62.59000015258789,62.81999969482422,62.5099983215332,62.77000045776367,160325
2026-02-13 16:30:00,62.77999877929688,62.97999954223633,62.75,62.935001373291016,135296
2026-02-13 16:35:00,62.935001373291016,62.97999954223633,62.8302001953125,62.88999938964844,174418
2026-02-13 16:40:00,62.900001525878906,63.09000015258789,62.869998931884766,63.08000183105469,185724
2026-02-13 16:45:00,63.07500076293945,63.130001068115234,62.95000076293945,63.10689926147461,235754
2026-02-13 16:50:00,63.09999847412109,63.15999984741211,62.994998931884766,63.03084182739258,156840
2026-02-13 16:55:00,63.02000045776367,63.09999847412109,62.959999084472656,62.97499847412109,79285
2026-02-13 17:00:00,62.97999954223633,63.040000915527344,62.96500015258789,63.005001068115234,92400
2026-02-13 17:05:00,63.02000045776367,63.06999969482422,62.994998931884766,63.0099983215332,114548
2026-02-13 17:10:00,63.0099983215332,63.1265983581543,63.0099983215332,63.125,119789
2026-02-13 17:15:00,63.130001068115234,63.150001525878906,63.01100158691406,63.02000045776367,175559
2026-02-13 17:20:00,63.025001525878906,63.185001373291016,63.025001525878906,63.13999938964844,79416
2026-02-13 17:25:00,63.1349983215332,63.1349983215332,63.025001525878906,63.025001525878906,81006
2026-02-13 17:30:00,63.025001525878906,63.08000183105469,62.96500015258789,63.05500030517578,80628
2026-02-13 17:35:00,63.05500030517578,63.06499862670898,62.94499969482422,62.98500061035156,63493
2026-02-13 17:40:00,62.98500061035156,63.130001068115234,62.970001220703125,63.095001220703125,94450
2026-02-13 17:45:00,63.09310150146485,63.130001068115234,63.0,63.06999969482422,137967
2026-02-13 17:50:00,63.07780075073242,63.15999984741211,63.06600189208984,63.084999084472656,167241
2026-02-13 17:55:00,63.09000015258789,63.1176986694336,63.005001068115234,63.060001373291016,88468
2026-02-13 18:00:00,63.060001373291016,63.11000061035156,62.97999954223633,63.06679916381836,73189
2026-02-13 18:05:00,63.06499862670898,63.150001525878906,63.04499816894531,63.130001068115234,122916
2026-02-13 18:10:00,63.1349983215332,63.22499847412109,63.11000061035156,63.119998931884766,114089
2026-02-13 18:15:00,63.1150016784668,63.1150016784668,62.97499847412109,63.025001525878906,80298
2026-02-13 18:20:00,63.02000045776367,63.1150016784668,63.02000045776367,63.09999847412109,63578
2026-02-13 18:25:00,63.11000061035156,63.11000061035156,62.880001068115234,63.01499938964844,166284
2026-02-13 18:30:00,63.025001525878906,63.18000030517578,62.97999954223633,63.15629959106445,92948
2026-02-13 18:35:00,63.150001525878906,63.23500061035156,63.125,63.18000030517578,83845
2026-02-13 18:40:00,63.18999862670898,63.20500183105469,63.11029815673828,63.14500045776367,100406
2026-02-13 18:45:00,63.14500045776367,63.17739868164063,63.06499862670898,63.11000061035156,76764
2026-02-13 18:50:00,63.11000061035156,63.15499877929688,63.04499816894531,63.13999938964844,99488
2026-02-13 18:55:00,63.1349983215332,63.16999816894531,63.02999877929688,63.06999969482422,92522
2026-02-13 19:00:00,63.060001373291016,63.2599983215332,62.994998931884766,63.255001068115234,253510
2026-02-13 19:05:00,63.2599983215332,63.369998931884766,63.255001068115234,63.345001220703125,202829
2026-02-13 19:10:00,63.34000015258789,63.375,63.23500061035156,63.31999969482422,129335
2026-02-13 19:15:00,63.31999969482422,63.36000061035156,63.290000915527344,63.33000183105469,103325
2026-02-13 19:20:00,63.32500076293945,63.34000015258789,63.209999084472656,63.22499847412109,83962
2026-02-13 19:25:00,63.22499847412109,63.255001068115234,62.95000076293945,63.02399826049805,137045
2026-02-13 19:30:00,63.02999877929688,63.21500015258789,63.00870132446289,63.21500015258789,139126
2026-02-13 19:35:00,63.219200134277344,63.23500061035156,63.09000015258789,63.15499877929688,94718
2026-02-13 19:40:00,63.15999984741211,63.18000030517578,63.06499862670898,63.1349983215332,63132
2026-02-13 19:45:00,63.130001068115234,63.165000915527344,63.095001220703125,63.125,79075
2026-02-13 19:50:00,63.119998931884766,63.15999984741211,63.04499816894531,63.04999923706055,90780
2026-02-13 19:55:00,63.060001373291016,63.119998931884766,62.86100006103516,62.90499877929688,150120
2026-02-13 20:00:00,62.90499877929688,62.97499847412109,62.90499877929688,62.91999816894531,86156
2026-02-13 20:05:00,62.915000915527344,63.01499938964844,62.900001525878906,63.0,78024
2026-02-13 20:10:00,63.0,63.01499938964844,62.81499862670898,62.81990051269531,126444
2026-02-13 20:15:00,62.81499862670898,62.93000030517578,62.790000915527344,62.93000030517578,122462
2026-02-13 20:20:00,62.91999816894531,63.05500030517578,62.88999938964844,63.0,157435
2026-02-13 20:25:00,62.994998931884766,63.0,62.80070114135742,62.875,154559
2026-02-13 20:30:00,62.869998931884766,62.88990020751953,62.77999877929688,62.83000183105469,178464
2026-02-13 20:35:00,62.83000183105469,62.95989990234375,62.81999969482422,62.95500183105469,167051
2026-02-13 20:40:00,62.959999084472656,63.09999847412109,62.959999084472656,63.08000183105469,192734
2026-02-13 20:45:00,63.06999969482422,63.125,62.95000076293945,63.08000183105469,316685
2026-02-13 20:50:00,63.06999969482422,63.18999862670898,63.005001068115234,63.1349983215332,574654
2026-02-13 20:55:00,63.130001068115234,63.165000915527344,62.97499847412109,63.09999847412109,1420123
2026-02-17 14:30:00,62.93999862670898,64.18479919433594,62.93999862670898,63.71500015258789,685849
2026-02-17 14:35:00,63.70000076293945,63.77999877929688,63.380001068115234,63.56999969482422,159618
2026-02-17 14:40:00,63.54499816894531,63.619998931884766,63.25,63.50849914550781,141878
2026-02-17 14:45:00,63.52000045776367,63.65999984741211,63.380001068115234,63.5099983215332,146372
2026-02-17 14:50:00,63.5,63.56999969482422,63.13999938964844,63.2400016784668,121470
2026-02-17 14:55:00,63.25,63.32500076293945,63.09999847412109,63.18000030517578,113382
2026-02-17 15:00:00,63.19499969482422,63.29999923706055,63.11000061035156,63.290000915527344,144879
2026-02-17 15:05:00,63.29999923706055,63.459999084472656,63.13010025024414,63.1349983215332,112014
2026-02-17 15:10:00,63.13999938964844,63.2400016784668,63.112300872802734,63.20000076293945,106435
2026-02-17 15:15:00,63.20000076293945,63.40999984741211,63.17499923706055,63.380001068115234,157722
2026-02-17 15:20:00,63.38999938964844,63.459999084472656,63.33000183105469,63.43000030517578,105740
2026-02-17 15:25:00,63.435001373291016,63.470001220703125,63.255001068115234,63.36000061035156,126581
2026-02-17 15:30:00,63.35499954223633,63.38999938964844,63.20000076293945,63.290000915527344,170655
2026-02-17 15:35:00,63.290000915527344,63.3849983215332,63.09999847412109,63.11000061035156,100388
2026-02-17 15:40:00,63.10499954223633,63.18999862670898,63.02149963378906,63.06999969482422,87487
2026-02-17 15:45:00,63.084999084472656,63.26499938964844,63.08000183105469,63.11000061035156,106031
2026-02-17 15:50:00,63.10499954223633,63.220001220703125,63.02000045776367,63.209999084472656,113951
2026-02-17 15:55:00,63.20610046386719,63.26499938964844,63.15999984741211,63.18999862670898,85647
2026-02-17 16:00:00,63.1884994506836,63.34000015258789,63.1884994506836,63.255001068115234,72374
2026-02-17 16:05:00,63.2599983215332,63.33000183105469,63.22499847412109,63.33000183105469,82972
2026-02-17 16:10:00,63.31999969482422,63.470001220703125,63.29999923706055,63.470001220703125,84074
2026-02-17 16:15:00,63.47999954223633,63.630001068115234,63.470001220703125,63.61000061035156,105420
2026-02-17 16:20:00,63.60010147094727,63.68000030517578,63.560001373291016,63.65999984741211,103566
2026-02-17 16:25:00,63.66999816894531,63.81499862670898,63.52000045776367,63.52000045776367,146706
2026-02-17 16:30:00,63.5265007019043,63.52999877929688,63.36000061035156,63.52000045776367,102224
2026-02-17 16:35:00,63.51490020751953,63.67499923706055,63.47999954223633,63.619998931884766,88711
2026-02-17 16:40:00,63.61000061035156,63.709999084472656,63.59000015258789,63.65999984741211,90698
2026-02-17 16:45:00,63.66999816894531,63.720001220703125,63.619998931884766,63.630001068115234,65980
2026-02-17 16:50:00,63.650001525878906,63.79499816894531,63.63999938964844,63.77999877929688,68296
2026-02-17 16:55:00,63.77999877929688,63.90499877929688,63.77999877929688,63.880001068115234,164182
2026-02-17 17:00:00,63.89649963378906,63.970001220703125,63.86000061035156,63.915000915527344,127059
2026-02-17 17:05:00,63.915000915527344,64.06999969482422,63.88999938964844,64.01499938964844,175558
2026-02-17 17:10:00,64.0199966430664,64.02999877929688,63.875,63.935001373291016,114466
2026-02-17 17:15:00,63.93000030517578,64.05000305175781,63.915000915527344,64.01499938964844,108202
2026-02-17 17:20:00,64.0199966430664,64.02999877929688,63.8400993347168,63.880001068115234,83518
2026-02-17 17:25:00,63.880001068115234,64.03500366210938,63.880001068115234,64.02999877929688,44882
2026-02-17 17:30:00,64.02999877929688,64.06999969482422,63.935001373291016,64.06999969482422,86601
2026-02-17 17:35:00,64.06999969482422,64.08499908447266,64.01499938964844,64.04000091552734,57083
2026-02-17 17:40:00,64.04000091552734,64.05000305175781,63.915000915527344,63.915000915527344,74714
2026-02-17 17:45:00,63.900001525878906,63.93980026245117,63.810001373291016,63.82500076293945,89909
2026-02-17 17:50:00,63.83000183105469,63.8301010131836,63.630001068115234,63.65999984741211,71320
2026-02-17 17:55:00,63.64500045776367,63.77093124389648,63.61000061035156,63.77093124389648,79068
2026-02-17 18:00:00,63.77000045776367,63.78099822998047,63.685001373291016,63.77999877929688,61078
2026-02-17 18:05:00,63.78499984741211,63.79999923706055,63.71500015258789,63.72499847412109,48555
2026-02-17 18:10:00,63.7400016784668,63.7599983215332,63.68000030517578,63.70000076293945,50678
2026-02-17 18:15:00,63.68999862670898,63.72999954223633,63.630001068115234,63.69499969482422,64781
2026-02-17 18:20:00,63.68999862670898,63.9900016784668,63.68999862670898,63.94499969482422,114016
2026-02-17 18:25:00,63.93999862670898,64.08999633789062,63.880001068115234,64.06500244140625,112592
2026-02-17 18:30:00,64.05999755859375,64.12999725341797,64.04000091552734,64.11000061035156,168270
2026-02-17 18:35:00,64.0999984741211,64.16999816894531,64.06500244140625,64.16500091552734,73631
2026-02-17 18:40:00,64.16500091552734,64.25,64.15499877929688,64.21499633789062,107349
2026-02-17 18:45:00,64.22000122070312,64.30500030517578,64.22000122070312,64.30000305175781,90401
2026-02-17 18:50:00,64.30500030517578,64.42500305175781,64.30000305175781,64.3499984741211,122086
2026-02-17 18:55:00,64.3550033569336,64.45999908447266,64.34490203857422,64.43499755859375,105916
2026-02-17 19:00:00,64.43070220947266,64.4979019165039,64.41500091552734,64.4800033569336,72452
2026-02-17 19:05:00,64.4800033569336,64.4800033569336,64.41500091552734,64.42500305175781,74236
2026-02-17 19:10:00,64.41999816894531,64.44000244140625,64.37000274658203,64.4000015258789,66251
2026-02-17 19:15:00,64.40249633789062,64.42500305175781,64.31999969482422,64.31999969482422,160223
2026-02-17 19:20:00,64.33000183105469,64.42500305175781,64.33000183105469,64.38500213623047,59006
2026-02-17 19:25:00,64.38990020751953,64.45999908447266,64.31999969482422,64.36499786376953,72197
2026-02-17 19:30:00,64.36000061035156,64.37000274658203,64.32499694824219,64.33000183105469,62591
2026-02-17 19:35:00,64.33509826660156,64.34549713134766,64.26000213623047,64.29499816894531,59019
2026-02-17 19:40:00,64.29499816894531,64.41000366210938,64.2699966430664,64.4000015258789,50047
2026-02-17 19:45:00,64.3949966430664,64.44000244140625,64.37999725341797,64.41999816894531,76830
2026-02-17 19:50:00,64.41000366210938,64.45999908447266,64.375,64.41999816894531,68699
2026-02-17 19:55:00,64.42500305175781,64.5199966430664,64.38999938964844,64.40499877929688,105946
2026-02-17 20:00:00,64.40499877929688,64.54499816894531,64.4000015258789,64.52349853515625,80032
2026-02-17 20:05:00,64.5199966430664,64.54000091552734,64.48999786376953,64.51589965820312,105203
2026-02-17 20:10:00,64.51000213623047,64.5250015258789,64.42500305175781,64.50499725341797,67625
2026-02-17 20:15:00,64.51499938964844,64.5459976196289,64.4749984741211,64.50499725341797,89233
2026-02-17 20:20:00,64.50450134277344,64.54499816894531,64.45999908447266,64.54000091552734,93161
2026-02-17 20:25:00,64.54499816894531,64.55000305175781,64.48999786376953,64.49459838867188,108039
2026-02-17 20:30:00,64.48999786376953,64.48999786376953,64.36000061035156,64.38500213623047,137851
2026-02-17 20:35:00,64.37999725341797,64.4749984741211,64.37999725341797,64.4000015258789,117296
2026-02-17 20:40:00,64.4000015258789,64.51000213623047,64.36499786376953,64.45989990234375,151345
2026-02-17 20:45:00,64.45999908447266,64.58499908447266,64.38500213623047,64.58499908447266,212308
2026-02-17 20:50:00,64.58000183105469,64.69000244140625,64.48999786376953,64.58999633789062,356571
2026-02-17 20:55:00,64.5999984741211,64.81999969482422,64.56999969482422,64.81999969482422,878073
2026-02-18 14:30:00,64.30999755859375,65.06999969482422,64.30999755859375,64.7750015258789,531910
2026-02-18 14:35:00,64.7750015258789,64.7750015258789,64.38500213623047,64.6449966430664,153320
2026-02-18 14:40:00,64.6449966430664,64.78500366210938,64.56500244140625,64.68499755859375,122775
2026-02-18 14:45:00,64.69000244140625,64.94000244140625,64.48999786376953,64.66000366210938,393538
2026-02-18 14:50:00,64.6449966430664,65.11109924316406,64.61009979248047,65.01010131835938,232273
2026-02-18 14:55:00,65.0176010131836,65.12999725341797,64.91999816894531,64.98999786376953,146054
2026-02-18 15:00:00,64.9749984741211,65.29000091552734,64.96499633789062,65.12999725341797,290992
2026-02-18 15:05:00,65.0999984741211,65.16000366210938,65.02349853515625,65.06009674072266,114362
2026-02-18 15:10:00,65.06999969482422,65.19499969482422,65.03179931640625,65.13999938964844,142345
2026-02-18 15:15:00,65.14649963378906,65.2300033569336,65.02999877929688,65.08000183105469,147288
2026-02-18 15:20:00,65.09500122070312,65.12000274658203,65.00499725341797,65.0250015258789,110101
2026-02-18 15:25:00,65.0250015258789,65.0250015258789,64.93000030517578,64.9800033569336,108443
2026-02-18 15:30:00,64.9749984741211,65.04499816894531,64.9031982421875,64.9031982421875,92529
2026-02-18 15:35:00,64.9000015258789,65.2300033569336,64.87000274658203,65.20999908447266,190487
2026-02-18 15:40:00,65.2249984741211,65.31500244140625,65.19000244140625,65.29499816894531,183392
2026-02-18 15:45:00,65.29000091552734,65.30000305175781,65.20999908447266,65.21499633789062,95392
2026-02-18 15:50:00,65.21499633789062,65.30500030517578,65.19000244140625,65.29000091552734,139695
2026-02-18 15:55:00,65.29499816894531,65.43000030517578,65.26499938964844,65.41000366210938,158706
2026-02-18 16:00:00,65.4186019897461,65.44000244140625,65.23500061035156,65.28500366210938,99758
2026-02-18 16:05:00,65.27999877929688,65.53980255126953,65.27999877929688,65.48500061035156,215186
2026-02-18 16:10:00,65.48500061035156,65.6449966430664,65.48500061035156,65.63999938964844,225545
2026-02-18 16:15:00,65.62999725341797,65.69000244140625,65.5,65.51499938964844,133924
2026-02-18 16:20:00,65.51499938964844,65.63999938964844,65.50499725341797,65.61499786376953,93508
2026-02-18 16:25:00,65.62000274658203,65.62000274658203,65.5,65.58000183105469,165991
2026-02-18 16:30:00,65.58000183105469,65.625,65.52999877929688,65.58499908447266,165524
2026-02-18 16:35:00,65.58499908447266,65.65039825439453,65.54000091552734,65.62999725341797,118706
2026-02-18 16:40:00,65.62000274658203,65.67980194091797,65.55500030517578,65.62999725341797,127007
2026-02-18 16:45:00,65.625,65.66999816894531,65.58499908447266,65.62999725341797,92918
2026-02-18 16:50:00,65.62999725341797,65.63990020751953,65.4800033569336,65.58059692382812,180917
2026-02-18 16:55:00,65.58999633789062,65.83000183105469,65.58999633789062,65.80000305175781,210853
2026-02-18 17:00:00,65.80999755859375,65.84500122070312,65.72000122070312,65.83499908447266,207676
2026-02-18 17:05:00,65.83999633789062,66.04000091552734,65.83999633789062,66.00499725341797,249926
2026-02-18 17:10:00,66.00499725341797,66.1500015258789,65.97000122070312,66.11000061035156,121969
2026-02-18 17:15:00,66.11000061035156,66.12999725341797,66.05000305175781,66.07499694824219,80497
2026-02-18 17:20:00,66.06999969482422,66.06999969482422,65.94499969482422,65.99500274658203,140265
2026-02-18 17:25:00,65.99500274658203,66.00990295410156,65.91000366210938,65.91000366210938,69777
2026-02-18 17:30:00,65.91000366210938,65.92500305175781,65.83000183105469,65.83499908447266,58178
2026-02-18 17:35:00,65.83499908447266,65.90750122070312,65.80490112304688,65.80500030517578,62094
2026-02-18 17:40:00,65.80000305175781,65.87000274658203,65.7699966430664,65.8550033569336,105611
2026-02-18 17:45:00,65.8550033569336,65.88999938964844,65.83000183105469,65.86499786376953,55751
2026-02-18 17:50:00,65.86499786376953,66.05999755859375,65.83999633789062,66.0199966430664,96611
2026-02-18 17:55:00,66.01499938964844,66.03500366210938,65.91999816894531,65.91999816894531,67539
2026-02-18 18:00:00,65.92500305175781,65.94999694824219,65.82499694824219,65.82499694824219,142074
2026-02-18 18:05:00,65.82469940185547,65.82499694824219,65.7699966430664,65.79499816894531,50763
2026-02-18 18:10:00,65.80000305175781,65.9000015258789,65.79000091552734,65.8949966430664,54822
2026-02-18 18:15:00,65.89990234375,65.94999694824219,65.87010192871094,65.94000244140625,126735
2026-02-18 18:20:00,65.94999694824219,65.94999694824219,65.86499786376953,65.86499786376953,50488
2026-02-18 18:25:00,65.86499786376953,65.8655014038086,65.76000213623047,65.86000061035156,73367
2026-02-18 18:30:00,65.86000061035156,65.95999908447266,65.86000061035156,65.91000366210938,64335
2026-02-18 18:35:00,65.90499877929688,65.94000244140625,65.87999725341797,65.88999938964844,67444
2026-02-18 18:40:00,65.8949966430664,65.95999908447266,65.86000061035156,65.94999694824219,93037
2026-02-18 18:45:00,65.94650268554688,66.04499816894531,65.94000244140625,66.0,82553
2026-02-18 18:50:00,66.0,66.0,65.8499984741211,65.88500213623047,122928
2026-02-18 18:55:00,65.88500213623047,65.91000366210938,65.81999969482422,65.86000061035156,55943
2026-02-18 19:00:00,65.8499984741211,65.91500091552734,65.80000305175781,65.83999633789062,86509
2026-02-18 19:05:00,65.8499984741211,65.8550033569336,65.67330169677734,65.69499969482422,59716
2026-02-18 19:10:00,65.69999694824219,65.72000122070312,65.55000305175781,65.55500030517578,71344
2026-02-18 19:15:00,65.55500030517578,65.5790023803711,65.5,65.51000213623047,67313
2026-02-18 19:20:00,65.51000213623047,65.62999725341797,65.50499725341797,65.59200286865234,66982
2026-02-18 19:25:00,65.59500122070312,65.69000244140625,65.56999969482422,65.625,90596
2026-02-18 19:30:00,65.625,65.6509017944336,65.54499816894531,65.61000061035156,95691
2026-02-18 19:35:00,65.6050033569336,65.61499786376953,65.49500274658203,65.5199966430664,99654
2026-02-18 19:40:00,65.52269744873047,65.56999969482422,65.46009826660156,65.4800033569336,61467
2026-02-18 19:45:00,65.4800033569336,65.59500122070312,65.4800033569336,65.5199966430664,63161
2026-02-18 19:50:00,65.5199966430664,65.56999969482422,65.51689910888672,65.53500366210938,48511
2026-02-18 19:55:00,65.53500366210938,65.58000183105469,65.44000244140625,65.55000305175781,72920
2026-02-18 20:00:00,65.55999755859375,65.63500213623047,65.5199966430664,65.53500366210938,63495
2026-02-18 20:05:00,65.52999877929688,65.58000183105469,65.5,65.50499725341797,57508
2026-02-18 20:10:00,65.50499725341797,65.6050033569336,65.5,65.55000305175781,60611
2026-02-18 20:15:00,65.55500030517578,65.5999984741211,65.50499725341797,65.57499694824219,61877
2026-02-18 20:20:00,65.56999969482422,65.6050033569336,65.54000091552734,65.58000183105469,59720
2026-02-18 20:25:00,65.58200073242188,65.59500122070312,65.54000091552734,65.56500244140625,88643
2026-02-18 20:30:00,65.56500244140625,65.7249984741211,65.56500244140625,65.72000122070312,126992
2026-02-18 20:35:00,65.7249984741211,65.73999786376953,65.6500015258789,65.7249984741211,116738
2026-02-18 20:40:00,65.7249984741211,65.75,65.69000244140625,65.69499969482422,130093
2026-02-18 20:45:00,65.69999694824219,65.70999908447266,65.62999725341797,65.69000244140625,172216
2026-02-18 20:50:00,65.69999694824219,65.76499938964844,65.62999725341797,65.69999694824219,268955
2026-02-18 20:55:00,65.69999694824219,65.70999908447266,65.52999877929688,65.55000305175781,642256
2026-02-19 14:30:00,65.19999694824219,65.27999877929688,64.66999816894531,65.08000183105469,347746
2026-02-19 14:35:00,65.05999755859375,65.11000061035156,64.5999984741211,64.6500015258789,194237
2026-02-19 14:40:00,64.6500015258789,65.08999633789062,64.51000213623047,65.06500244140625,341067
2026-02-19 14:45:00,65.06500244140625,65.06500244140625,64.62999725341797,64.68620300292969,125863
2026-02-19 14:50:00,64.70999908447266,64.82379913330078,64.58000183105469,64.77999877929688,109381
2026-02-19 14:55:00,64.75,64.77950286865234,64.58000183105469,64.6050033569336,158049
2026-02-19 15:00:00,64.61000061035156,64.69000244140625,64.5,64.58499908447266,227775
2026-02-19 15:05:00,64.61000061035156,64.63999938964844,64.36000061035156,64.41000366210938,208631
2026-02-19 15:10:00,64.44000244140625,64.44999694824219,64.2699966430664,64.27999877929688,167253
2026-02-19 15:15:00,64.27999877929688,64.45989990234375,64.27999877929688,64.38999938964844,128442
2026-02-19 15:20:00,64.38999938964844,64.56990051269531,64.37000274658203,64.56500244140625,101370
2026-02-19 15:25:00,64.55069732666016,64.58000183105469,64.33000183105469,64.33999633789062,66465
2026-02-19 15:30:00,64.34500122070312,64.48999786376953,64.33000183105469,64.48999786376953,69012
2026-02-19 15:35:00,64.4800033569336,64.7249984741211,64.4800033569336,64.5999984741211,89417
2026-02-19 15:40:00,64.5999984741211,64.63500213623047,64.54000091552734,64.55000305175781,69925
2026-02-19 15:45:00,64.52999877929688,64.55000305175781,64.45999908447266,64.48999786376953,48242
2026-02-19 15:50:00,64.48999786376953,64.5199966430664,64.34500122070312,64.3499984741211,66628
2026-02-19 15:55:00,64.3499984741211,64.5199966430664,64.3499984741211,64.5199966430664,72263
2026-02-19 16:00:00,64.51000213623047,64.56999969482422,64.40450286865234,64.43000030517578,52975
2026-02-19 16:05:00,64.43499755859375,64.51000213623047,64.43000030517578,64.5000991821289,40416
2026-02-19 16:10:00,64.48999786376953,64.5,64.37000274658203,64.47000122070312,66755
2026-02-19 16:15:00,64.47000122070312,64.54000091552734,64.45999908447266,64.51100158691406,58679
2026-02-19 16:20:00,64.51000213623047,64.55999755859375,64.44000244140625,64.48999786376953,71194
2026-02-19 16:25:00,64.4801025390625,64.5,64.30999755859375,64.31449890136719,66957
2026-02-19 16:30:00,64.31999969482422,64.45999908447266,64.30999755859375,64.45999908447266,95390
2026-02-19 16:35:00,64.44999694824219,64.44999694824219,64.34500122070312,64.36000061035156,72354
2026-02-19 16:40:00,64.36000061035156,64.37999725341797,64.2699966430664,64.27999877929688,84521
2026-02-19 16:45:00,64.28500366210938,64.32389831542969,64.25,64.27999877929688,73997
2026-02-19 16:50:00,64.28500366210938,64.41000366210938,64.28500366210938,64.40119934082031,59055
2026-02-19 16:55:00,64.4000015258789,64.43000030517578,64.31999969482422,64.31999969482422,56333
2026-02-19 17:00:00,64.32499694824219,64.36000061035156,64.29000091552734,64.31929779052734,61125
2026-02-19 17:05:00,64.31500244140625,64.36000061035156,64.30000305175781,64.34500122070312,41666
2026-02-19 17:10:00,64.3499984741211,64.5,64.3499984741211,64.44999694824219,73846
2026-02-19 17:15:00,64.47000122070312,64.62110137939453,64.41000366210938,64.59500122070312,77911
2026-02-19 17:20:00,64.59500122070312,64.75,64.58499908447266,64.69999694824219,122578
2026-02-19 17:25:00,64.69999694824219,64.7699966430664,64.66000366210938,64.7699966430664,127523
2026-02-19 17:30:00,64.76950073242188,64.83499908447266,64.7300033569336,64.80999755859375,161635
2026-02-19 17:35:00,64.81999969482422,64.83999633789062,64.75,64.80999755859375,111304
2026-02-19 17:40:00,64.80500030517578,64.87090301513672,64.78479766845703,64.83000183105469,55035
2026-02-19 17:45:00,64.81999969482422,64.81999969482422,64.69999694824219,64.73500061035156,102163
2026-02-19 17:50:00,64.75599670410156,64.83000183105469,64.73500061035156,64.83000183105469,48851
2026-02-19 17:55:00,64.83000183105469,64.9000015258789,64.79000091552734,64.82009887695312,48203
2026-02-19 18:00:00,64.81999969482422,64.86000061035156,64.78500366210938,64.83000183105469,50521
2026-02-19 18:05:00,64.82499694824219,64.82879638671875,64.7699966430664,64.81500244140625,55296
2026-02-19 18:10:00,64.80999755859375,64.94999694824219,64.77999877929688,64.93000030517578,167912
2026-02-19 18:15:00,64.93329620361328,64.94989776611328,64.87000274658203,64.9000015258789,55525
2026-02-19 18:20:00,64.9000015258789,64.93000030517578,64.82499694824219,64.91999816894531,62781
2026-02-19 18:25:00,64.91000366210938,64.9749984741211,64.91000366210938,64.91449737548828,54114
2026-02-19 18:30:00,64.91500091552734,64.98999786376953,64.91000366210938,64.91999816894531,61588
2026-02-19 18:35:00,64.91999816894531,64.9800033569336,64.91999816894531,64.9800033569336,72188
2026-02-19 18:40:00,64.9800033569336,65.12000274658203,64.93000030517578,65.08999633789062,253136
2026-02-19 18:45:00,65.08999633789062,65.1449966430664,65.05999755859375,65.12999725341797,101279
2026-02-19 18:50:00,65.12999725341797,65.2699966430664,65.08000183105469,65.25,173571
2026-02-19 18:55:00,65.24009704589844,65.34500122070312,65.20999908447266,65.33999633789062,148365
2026-02-19 19:00:00,65.33499908447266,65.41000366210938,65.30999755859375,65.4000015258789,102916
2026-02-19 19:05:00,65.3949966430664,65.44000244140625,65.375,65.38500213623047,56928
2026-02-19 19:10:00,65.37999725341797,65.37999725341797,65.25,65.29000091552734,93621
2026-02-19 19:15:00,65.28500366210938,65.3550033569336,65.25499725341797,65.30000305175781,82669
2026-02-19 19:20:00,65.29000091552734,65.3550033569336,65.26000213623047,65.32499694824219,61981
2026-02-19 19:25:00,65.33000183105469,65.33000183105469,65.18499755859375,65.20999908447266,99574
2026-02-19 19:30:00,65.20999908447266,65.23999786376953,65.16000366210938,65.19000244140625,81388
2026-02-19 19:35:00,65.19000244140625,65.19000244140625,65.06500244140625,65.08999633789062,87211
2026-02-19 19:40:00,65.0999984741211,65.1500015258789,65.08000183105469,65.13999938964844,87938
2026-02-19 19:45:00,65.14099884033203,65.15499877929688,65.06500244140625,65.13999938964844,70033
2026-02-19 19:50:00,65.13999938964844,65.1697998046875,65.0250015258789,65.16500091552734,105635
2026-02-19 19:55:00,65.16100311279297,65.20999908447266,65.08999633789062,65.11499786376953,117857
2026-02-19 20:00:00,65.11000061035156,65.29000091552734,65.0999984741211,65.28990173339844,97277
2026-02-19 20:05:00,65.29000091552734,65.36499786376953,65.26000213623047,65.36000061035156,69128
2026-02-19 20:10:00,65.36499786376953,65.44999694824219,65.33999633789062,65.43000030517578,88186
2026-02-19 20:15:00,65.41999816894531,65.41999816894531,65.29199981689453,65.36499786376953,77266
2026-02-19 20:20:00,65.36000061035156,65.36499786376953,65.2699966430664,65.27999877929688,92521
2026-02-19 20:25:00,65.27999877929688,65.3949966430664,65.26000213623047,65.33000183105469,92403
2026-02-19 20:30:00,65.3396987915039,65.38999938964844,65.32499694824219,65.37000274658203,107937
2026-02-19 20:35:00,65.37999725341797,65.56999969482422,65.36499786376953,65.56999969482422,147248
2026-02-19 20:40:00,65.56999969482422,65.67500305175781,65.55000305175781,65.66500091552734,127148
2026-02-19 20:45:00,65.66999816894531,65.77999877929688,65.66500091552734,65.69999694824219,283663
2026-02-19 20:50:00,65.69000244140625,65.83499908447266,65.69000244140625,65.79000091552734,371663
2026-02-19 20:55:00,65.80500030517578,65.81500244140625,65.5999984741211,65.62999725341797,843112
2026-02-20 14:30:00,65.30000305175781,65.7863998413086,65.29000091552734,65.5999984741211,596608
2026-02-20 14:35:00,65.58000183105469,65.70999908447266,65.12999725341797,65.19999694824219,198949
2026-02-20 14:40:00,65.19999694824219,65.45999908447266,65.0999984741211,65.38999938964844,125282
2026-02-20 14:45:00,65.44999694824219,65.67500305175781,65.41000366210938,65.54499816894531,162875
2026-02-20 14:50:00,65.54000091552734,65.83999633789062,65.54000091552734,65.80999755859375,241307
2026-02-20 14:55:00,65.80000305175781,65.91999816894531,65.66999816894531,65.91000366210938,245523
2026-02-20 15:00:00,65.91000366210938,68.48999786376953,65.9000015258789,67.67500305175781,2631210
2026-02-20 15:05:00,67.6500015258789,67.83999633789062,66.86000061035156,67.30000305175781,1165118
2026-02-20 15:10:00,67.33999633789062,67.55000305175781,66.51000213623047,66.56999969482422,764169
2026-02-20 15:15:00,66.55999755859375,67.11000061035156,66.48999786376953,66.875,571762
2026-02-20 15:20:00,66.875,67.36000061035156,66.7699966430664,67.16960144042969,582942
2026-02-20 15:25:00,67.16999816894531,67.39949798583984,67.0,67.12999725341797,555795
2026-02-20 15:30:00,67.12999725341797,67.22000122070312,66.19999694824219,66.19999694824219,563642
2026-02-20 15:35:00,66.20500183105469,66.30999755859375,66.04000091552734,66.19000244140625,372988
2026-02-20 15:40:00,66.18000030517578,66.23999786376953,65.91999816894531,65.98999786376953,288697
2026-02-20 15:45:00,65.98999786376953,66.09500122070312,65.82009887695312,65.98210144042969,289047
2026-02-20 15:50:00,65.98079681396484,65.98999786376953,65.72000122070312,65.86499786376953,240422
2026-02-20 15:55:00,65.87000274658203,65.90989685058594,65.6500015258789,65.7699966430664,277663
2026-02-20 16:00:00,65.76000213623047,65.77999877929688,65.51000213623047,65.76000213623047,326857
2026-02-20 16:05:00,65.75520324707031,65.76000213623047,65.43000030517578,65.44000244140625,223806
2026-02-20 16:10:00,65.44339752197266,65.5999984741211,65.37010192871094,65.48999786376953,451359
2026-02-20 16:15:00,65.5199966430664,65.55500030517578,65.16000366210938,65.27999877929688,246232
2026-02-20 16:20:00,65.28500366210938,65.30999755859375,65.08999633789062,65.13999938964844,261700
2026-02-20 16:25:00,65.12999725341797,65.19000244140625,64.93000030517578,64.94499969482422,301793
2026-02-20 16:30:00,64.94000244140625,64.95999908447266,64.7300033569336,64.77999877929688,371936
2026-02-20 16:35:00,64.77999877929688,64.83999633789062,64.60780334472656,64.6520004272461,185738
2026-02-20 16:40:00,64.66999816894531,64.88999938964844,64.61000061035156,64.79000091552734,212488
2026-02-20 16:45:00,64.80999755859375,64.81999969482422,64.52999877929688,64.52999877929688,347581
2026-02-20 16:50:00,64.52880096435547,64.69000244140625,64.44000244140625,64.59500122070312,279410
2026-02-20 16:55:00,64.58999633789062,64.61000061035156,64.16010284423828,64.17359924316406,444214
2026-02-20 17:00:00,64.18499755859375,64.27999877929688,64.00070190429688,64.02999877929688,374998
2026-02-20 17:05:00,64.01000213623047,64.04499816894531,63.77000045776367,63.845001220703125,429405
2026-02-20 17:10:00,63.84000015258789,63.95000076293945,63.68000030517578,63.83000183105469,533298
2026-02-20 17:15:00,63.83000183105469,63.93999862670898,63.65499877929688,63.71500015258789,339793
2026-02-20 17:20:00,63.70000076293945,63.83000183105469,63.56999969482422,63.56999969482422,329244
2026-02-20 17:25:00,63.58000183105469,63.70000076293945,63.459999084472656,63.459999084472656,362915
2026-02-20 17:30:00,63.470001220703125,63.54999923706055,63.36000061035156,63.53499984741211,467528
2026-02-20 17:35:00,63.52999877929688,63.70000076293945,63.33000183105469,63.68000030517578,290262
2026-02-20 17:40:00,63.65999984741211,63.869998931884766,63.650001525878906,63.86000061035156,300645
2026-02-20 17:45:00,63.85499954223633,64.08999633789062,63.84000015258789,64.08989715576172,301268
2026-02-20 17:50:00,64.08499908447266,64.30500030517578,64.04000091552734,64.28990173339844,290982
2026-02-20 17:55:00,64.28350067138672,64.44999694824219,63.95000076293945,64.41999816894531,293915
2026-02-20 18:00:00,64.41000366210938,64.41000366210938,64.16999816894531,64.19000244140625,195642
2026-02-20 18:05:00,64.18000030517578,64.23999786376953,64.13999938964844,64.22940063476562,167917
2026-02-20 18:10:00,64.22949981689453,64.41000366210938,64.19999694824219,64.37999725341797,171490
2026-02-20 18:15:00,64.37000274658203,64.3949966430664,64.20040130615234,64.2750015258789,148929
2026-02-20 18:20:00,64.27999877929688,64.33000183105469,64.08999633789062,64.19000244140625,186600
2026-02-20 18:25:00,64.18000030517578,64.37999725341797,64.16000366210938,64.29000091552734,161438
2026-02-20 18:30:00,64.28500366210938,64.69000244140625,64.22000122070312,64.47000122070312,351945
2026-02-20 18:35:00,64.48999786376953,64.62000274658203,64.29000091552734,64.54499816894531,325256
2026-02-20 18:40:00,64.52999877929688,64.81999969482422,64.52999877929688,64.78500366210938,294389
2026-02-20 18:45:00,64.80000305175781,65.21170043945312,64.25,65.03500366210938,677123
2026-02-20 18:50:00,65.03500366210938,65.0999984741211,64.9000015258789,64.94999694824219,299930
2026-02-20 18:55:00,64.95500183105469,65.19000244140625,64.87999725341797,65.06999969482422,239351
2026-02-20 19:00:00,65.08000183105469,65.1500015258789,64.97000122070312,64.98999786376953,158783
2026-02-20 19:05:00,64.98799896240234,65.1500015258789,64.94999694824219,65.0969009399414,155113
2026-02-20 19:10:00,65.08999633789062,65.16999816894531,65.0,65.0199966430664,146781
2026-02-20 19:15:00,65.0115966796875,65.05999755859375,64.88099670410156,64.91000366210938,1164186
2026-02-20 19:20:00,64.91999816894531,65.0,64.87999725341797,64.95500183105469,422274
2026-02-20 19:25:00,64.95999908447266,64.98999786376953,64.81179809570312,64.87000274658203,117681
2026-02-20 19:30:00,64.875,65.02999877929688,64.87000274658203,65.0,161169
2026-02-20 19:35:00,65.0009994506836,65.0999984741211,64.98999786376953,65.0199966430664,120147
2026-02-20 19:40:00,65.01000213623047,65.04000091552734,64.91999816894531,64.91999816894531,100410
2026-02-20 19:45:00,64.91000366210938,64.91000366210938,64.7300033569336,64.77999877929688,106745
2026-02-20 19:50:00,64.7699966430664,64.9000015258789,64.74500274658203,64.88999938964844,141081
2026-02-20 19:55:00,64.86000061035156,65.02999877929688,64.8499984741211,64.9749984741211,137930
2026-02-20 20:00:00,64.95999908447266,65.13999938964844,64.94499969482422,65.13999938964844,189703
2026-02-20 20:05:00,65.13999938964844,65.23999786376953,65.13999938964844,65.20800018310547,175832
2026-02-20 20:10:00,65.21499633789062,65.33999633789062,65.19999694824219,65.30999755859375,131075
2026-02-20 20:15:00,65.30000305175781,65.32499694824219,65.2500991821289,65.31500244140625,121776
2026-02-20 20:20:00,65.30999755859375,65.5199966430664,65.29000091552734,65.50499725341797,193132
2026-02-20 20:25:00,65.50499725341797,65.55999755859375,65.43000030517578,65.4749984741211,183999
2026-02-20 20:30:00,65.47000122070312,65.66999816894531,65.47000122070312,65.55000305175781,271613
2026-02-20 20:35:00,65.55000305175781,65.5999984741211,65.44249725341797,65.5,202455
2026-02-20 20:40:00,65.49030303955078,65.49500274658203,65.33000183105469,65.38999938964844,254308
2026-02-20 20:45:00,65.38999938964844,65.44000244140625,65.3550033569336,65.38999938964844,201401
2026-02-20 20:50:00,65.38999938964844,65.41999816894531,65.2300033569336,65.29499816894531,416225
2026-02-20 20:55:00,65.30000305175781,65.50499725341797,65.25,65.42500305175781,1084918
2026-02-23 14:30:00,64.5999984741211,64.97000122070312,64.12999725341797,64.2300033569336,750768
2026-02-23 14:35:00,64.22000122070312,64.22000122070312,63.63999938964844,63.7599983215332,498424
2026-02-23 14:40:00,63.7599983215332,63.77999877929688,63.400001525878906,63.40999984741211,454744
2026-02-23 14:45:00,63.41999816894531,63.52999877929688,62.91999816894531,62.98500061035156,806732
2026-02-23 14:50:00,62.970001220703125,63.22999954223633,62.84999847412109,62.93999862670898,371142
2026-02-23 14:55:00,62.93000030517578,63.06999969482422,62.7400016784668,62.76100158691406,411358
2026-02-23 15:00:00,62.77000045776367,62.970001220703125,62.61000061035156,62.650001525878906,362207
2026-02-23 15:05:00,62.65999984741211,62.86000061035156,62.650001525878906,62.68999862670898,260588
2026-02-23 15:10:00,62.68999862670898,62.709999084472656,62.348899841308594,62.42250061035156,528022
2026-02-23 15:15:00,62.40999984741211,62.43999862670898,62.20000076293945,62.290000915527344,379979
2026-02-23 15:20:00,62.290000915527344,62.41999816894531,62.16999816894531,62.209999084472656,339834
2026-02-23 15:25:00,62.209999084472656,62.22499847412109,62.04999923706055,62.15999984741211,401877
2026-02-23 15:30:00,62.15999984741211,62.34000015258789,62.09999847412109,62.18999862670898,235316
2026-02-23 15:35:00,62.18999862670898,62.27000045776367,62.07500076293945,62.27000045776367,284884
2026-02-23 15:40:00,62.275001525878906,62.290000915527344,62.13999938964844,62.16999816894531,213115
2026-02-23 15:45:00,62.18000030517578,62.34000015258789,62.11000061035156,62.34000015258789,180450
2026-02-23 15:50:00,62.33000183105469,62.59000015258789,62.3120002746582,62.51499938964844,264160
2026-02-23 15:55:00,62.51499938964844,62.630001068115234,62.44820022583008,62.540000915527344,136823
2026-02-23 16:00:00,62.540000915527344,62.58100128173828,62.369998931884766,62.459999084472656,155778
2026-02-23 16:05:00,62.45700073242188,62.470001220703125,62.255001068115234,62.310001373291016,196516
2026-02-23 16:10:00,62.31499862670898,62.38999938964844,62.30500030517578,62.334999084472656,219117
2026-02-23 16:15:00,62.33000183105469,62.39500045776367,62.25,62.380001068115234,134822
2026-02-23 16:20:00,62.380001068115234,62.5,62.369998931884766,62.400001525878906,173155
2026-02-23 16:25:00,62.40499877929688,62.494998931884766,62.310001373291016,62.43000030517578,224414
2026-02-23 16:30:00,62.41999816894531,62.41999816894531,62.25,62.275001525878906,153229
2026-02-23 16:35:00,62.27999877929688,62.35499954223633,62.220001220703125,62.35499954223633,107443
2026-02-23 16:40:00,62.34999847412109,62.40999984741211,62.28499984741211,62.34000015258789,92926
2026-02-23 16:45:00,62.33000183105469,62.43000030517578,62.27000045776367,62.40999984741211,108259
2026-02-23 16:50:00,62.400001525878906,62.525001525878906,62.375,62.47999954223633,144111
2026-02-23 16:55:00,62.46500015258789,62.470001220703125,62.35499954223633,62.3650016784668,57996
2026-02-23 17:00:00,62.36000061035156,62.46889877319336,62.34000015258789,62.45500183105469,113037
2026-02-23 17:05:00,62.45500183105469,62.4900016784668,62.278099060058594,62.27999877929688,134458
2026-02-23 17:10:00,62.275001525878906,62.27999877929688,62.1349983215332,62.1349983215332,116382
2026-02-23 17:15:00,62.1349983215332,62.220001220703125,62.11000061035156,62.150001525878906,120558
2026-02-23 17:20:00,62.14500045776367,62.18999862670898,62.11000061035156,62.12009811401367,111446
2026-02-23 17:25:00,62.12556076049805,62.22499847412109,62.11000061035156,62.16859817504883,75373
2026-02-23 17:30:00,62.15999984741211,62.16999816894531,62.09999847412109,62.119998931884766,80809
2026-02-23 17:35:00,62.125,62.17499923706055,62.119998931884766,62.15999984741211,50869
2026-02-23 17:40:00,62.15999984741211,62.334999084472656,62.15999984741211,62.2599983215332,90607
2026-02-23 17:45:00,62.26499938964844,62.31999969482422,62.22999954223633,62.275001525878906,54923
2026-02-23 17:50:00,62.27000045776367,62.459999084472656,62.22499847412109,62.435001373291016,129323
2026-02-23 17:55:00,62.43000030517578,62.54499816894531,62.400001525878906,62.5443000793457,314464
2026-02-23 18:00:00,62.54499816894531,62.6150016784668,62.51499938964844,62.540000915527344,141367
2026-02-23 18:05:00,62.53950119018555,62.66999816894531,62.52999877929688,62.65499877929688,90479
2026-02-23 18:10:00,62.650001525878906,62.72499847412109,62.64350128173828,62.71500015258789,88476
2026-02-23 18:15:00,62.709999084472656,62.935001373291016,62.69499969482422,62.93000030517578,185092
2026-02-23 18:20:00,62.93999862670898,63.06499862670898,62.880001068115234,63.02999877929688,261622
2026-02-23 18:25:00,63.025001525878906,63.220001220703125,63.0099983215332,63.19499969482422,205459
2026-02-23 18:30:00,63.19499969482422,63.20000076293945,63.084999084472656,63.185001373291016,151041
2026-02-23 18:35:00,63.185001373291016,63.26499938964844,63.06999969482422,63.095001220703125,145338
2026-02-23 18:40:00,63.09000015258789,63.125,63.0,63.04999923706055,164562
2026-02-23 18:45:00,63.060001373291016,63.2400016784668,63.03499984741211,63.22999954223633,91585
2026-02-23 18:50:00,63.22999954223633,63.22999954223633,63.060001373291016,63.06499862670898,126058
2026-02-23 18:55:00,63.06999969482422,63.084999084472656,62.900001525878906,62.900001525878906,82274
2026-02-23 19:00:00,62.90999984741211,62.91999816894531,62.79999923706055,62.810001373291016,106258
2026-02-23 19:05:00,62.79999923706055,62.90999984741211,62.78889846801758,62.869998931884766,94315
2026-02-23 19:10:00,62.880001068115234,62.92499923706055,62.7599983215332,62.90499877929688,95529
2026-02-23 19:15:00,62.900001525878906,62.97999954223633,62.88999938964844,62.95000076293945,115355
2026-02-23 19:20:00,62.95000076293945,62.95000076293945,62.8650016784668,62.89500045776367,89313
2026-02-23 19:25:00,62.89419937133789,62.89500045776367,62.810001373291016,62.81999969482422,82243
2026-02-23 19:30:00,62.81999969482422,62.84000015258789,62.76499938964844,62.78499984741211,85385
2026-02-23 19:35:00,62.78499984741211,62.82500076293945,62.755001068115234,62.77000045776367,105675
2026-02-23 19:40:00,62.760101318359375,62.875,62.760101318359375,62.875,86048
2026-02-23 19:45:00,62.880001068115234,63.040000915527344,62.880001068115234,63.039398193359375,128593
2026-02-23 19:50:00,63.03499984741211,63.09000015258789,63.0,63.01499938964844,81731
2026-02-23 19:55:00,63.0099983215332,63.03499984741211,62.90999984741211,62.935001373291016,103006
2026-02-23 20:00:00,62.93999862670898,62.97949981689453,62.875,62.915000915527344,74452
2026-02-23 20:05:00,62.915000915527344,62.91999816894531,62.84000015258789,62.88999938964844,78771
2026-02-23 20:10:00,62.88999938964844,62.94499969482422,62.720001220703125,62.755001068115234,119928
2026-02-23 20:15:00,62.72999954223633,62.900001525878906,62.72999954223633,62.84999847412109,102040
2026-02-23 20:20:00,62.84999847412109,62.84999847412109,62.72999954223633,62.755001068115234,115627
2026-02-23 20:25:00,62.755001068115234,62.91999816894531,62.75,62.91999816894531,134277
2026-02-23 20:30:00,62.900001525878906,63.04999923706055,62.900001525878906,62.9900016784668,121400
2026-02-23 20:35:00,63.0,63.005001068115234,62.92499923706055,62.96500015258789,176839
2026-02-23 20:40:00,62.96500015258789,62.98500061035156,62.8849983215332,62.935001373291016,131789
2026-02-23 20:45:00,62.93999862670898,63.119998931884766,62.90499877929688,63.06999969482422,385906
2026-02-23 20:50:00,63.06999969482422,63.06999969482422,62.810001373291016,62.8650016784668,519728
2026-02-23 20:55:00,62.869998931884766,63.09999847412109,62.84999847412109,63.08000183105469,1161966
2026-02-24 14:30:00,63.27999877929688,64.05000305175781,62.59999847412109,63.9900016784668,647585
2026-02-24 14:35:00,63.9900016784668,64.41999816894531,63.900001525878906,64.36000061035156,569611
2026-02-24 14:40:00,64.375,64.5999984741211,64.2426986694336,64.47000122070312,292532
2026-02-24 14:45:00,64.44010162353516,64.56999969482422,64.2699966430664,64.52999877929688,388077
2026-02-24 14:50:00,64.5250015258789,64.58000183105469,64.30999755859375,64.45500183105469,274005
2026-02-24 14:55:00,64.45999908447266,64.5,63.84000015258789,63.9109001159668,207900
2026-02-24 15:00:00,63.93999862670898,64.05000305175781,63.58000183105469,63.595001220703125,227648
2026-02-24 15:05:00,63.61000061035156,63.880001068115234,63.595001220703125,63.84000015258789,283991
2026-02-24 15:10:00,63.84000015258789,64.04000091552734,63.83000183105469,63.84999847412109,121691
2026-02-24 15:15:00,63.84999847412109,64.20999908447266,63.84999847412109,64.20999908447266,146701
2026-02-24 15:20:00,64.19999694824219,64.27999877929688,64.13999938964844,64.27999877929688,78252
2026-02-24 15:25:00,64.28500366210938,64.47000122070312,64.23999786376953,64.46099853515625,166121
2026-02-24 15:30:00,64.44999694824219,64.47000122070312,64.33999633789062,64.33999633789062,105382
2026-02-24 15:35:00,64.3499984741211,64.58000183105469,64.3499984741211,64.55999755859375,133352
2026-02-24 15:40:00,64.55999755859375,64.68000030517578,64.5009994506836,64.66999816894531,177196
2026-02-24 15:45:00,64.66999816894531,64.69999694824219,64.41999816894531,64.42279815673828,142773
2026-02-24 15:50:00,64.43000030517578,64.45999908447266,64.21499633789062,64.22000122070312,134947
2026-02-24 15:55:00,64.22000122070312,64.34500122070312,64.19000244140625,64.28500366210938,110841
2026-02-24 16:00:00,64.28500366210938,64.30999755859375,64.1897964477539,64.19000244140625,79185
2026-02-24 16:05:00,64.18000030517578,64.31999969482422,64.1449966430664,64.19000244140625,96740
2026-02-24 16:10:00,64.20999908447266,64.43000030517578,64.19000244140625,64.24500274658203,228368
2026-02-24 16:15:00,64.24500274658203,64.29000091552734,64.12999725341797,64.19999694824219,125153
2026-02-24 16:20:00,64.21949768066406,64.21949768066406,64.08000183105469,64.09500122070312,115642
2026-02-24 16:25:00,64.0999984741211,64.15499877929688,64.08999633789062,64.15499877929688,86567
2026-02-24 16:30:00,64.16000366210938,64.19999694824219,63.959999084472656,64.01000213623047,186409
2026-02-24 16:35:00,64.01000213623047,64.08000183105469,63.980899810791016,64.01000213623047,54061
2026-02-24 16:40:00,64.00499725341797,64.08000183105469,63.97999954223633,64.03085327148438,57013
2026-02-24 16:45:00,64.04000091552734,64.19999694824219,64.02999877929688,64.13091278076172,74980
2026-02-24 16:50:00,64.12000274658203,64.16500091552734,64.0199966430664,64.0199966430664,34924
2026-02-24 16:55:00,64.0250015258789,64.12999725341797,64.0250015258789,64.0999984741211,46709
2026-02-24 17:00:00,64.1050033569336,64.16999816894531,64.08999633789062,64.0999984741211,39917
2026-02-24 17:05:00,64.11000061035156,64.1259994506836,64.05500030517578,64.1259994506836,53692
2026-02-24 17:10:00,64.13020324707031,64.19499969482422,64.02999877929688,64.04499816894531,127370
2026-02-24 17:15:00,64.04499816894531,64.06999969482422,64.01000213623047,64.01499938964844,84627
2026-02-24 17:20:00,64.0199966430664,64.0250015258789,63.91999816894531,63.95500183105469,69536
2026-02-24 17:25:00,63.95000076293945,64.02999877929688,63.910099029541016,63.915000915527344,67864
2026-02-24 17:30:00,63.91999816894531,63.959999084472656,63.85499954223633,63.86000061035156,89060
2026-02-24 17:35:00,63.84999847412109,63.97999954223633,63.8302001953125,63.97999954223633,77212
2026-02-24 17:40:00,63.98500061035156,64.01000213623047,63.88999938964844,63.90499877929688,54463
2026-02-24 17:45:00,63.90499877929688,64.05500030517578,63.88999938964844,64.01000213623047,68740
2026-02-24 17:50:00,64.01000213623047,64.06999969482422,64.0,64.06999969482422,47228
2026-02-24 17:55:00,64.06999969482422,64.08529663085938,63.97999954223633,63.9900016784668,51721
2026-02-24 18:00:00,63.97999954223633,64.11000061035156,63.959999084472656,64.0999984741211,65139
2026-02-24 18:05:00,64.0999984741211,64.11000061035156,63.994998931884766,64.00499725341797,70515
2026-02-24 18:10:00,64.00499725341797,64.02999877929688,63.95000076293945,64.02999877929688,74776
2026-02-24 18:15:00,64.04499816894531,64.12999725341797,64.03980255126953,64.0999984741211,34822
2026-02-24 18:20:00,64.11000061035156,64.12000274658203,64.08000183105469,64.1050033569336,29825
2026-02-24 18:25:00,64.11000061035156,64.12580108642578,64.0802001953125,64.11499786376953,36231
2026-02-24 18:30:00,64.11990356445312,64.18499755859375,64.0999984741211,64.17500305175781,60989
2026-02-24 18:35:00,64.17500305175781,64.19000244140625,64.12000274658203,64.15499877929688,39158
2026-02-24 18:40:00,64.16000366210938,64.26499938964844,64.15010070800781,64.26499938964844,108815
2026-02-24 18:45:00,64.26000213623047,64.39649963378906,64.25,64.39649963378906,60331
2026-02-24 18:50:00,64.4000015258789,64.45770263671875,64.39009857177734,64.41500091552734,49573
2026-02-24 18:55:00,64.41999816894531,64.44000244140625,64.30000305175781,64.36009979248047,70863
2026-02-24 19:00:00,64.37000274658203,64.44499969482422,64.36499786376953,64.41000366210938,77035
2026-02-24 19:05:00,64.38690185546875,64.41000366210938,64.19000244140625,64.20500183105469,44351
2026-02-24 19:10:00,64.20500183105469,64.22000122070312,64.13500213623047,64.13500213623047,49456
2026-02-24 19:15:00,64.12999725341797,64.13999938964844,64.04010009765625,64.05000305175781,79548
2026-02-24 19:20:00,64.06500244140625,64.06500244140625,63.970001220703125,64.06500244140625,98899
2026-02-24 19:25:00,64.05999755859375,64.16999816894531,64.05500030517578,64.16000366210938,94814
2026-02-24 19:30:00,64.16500091552734,64.17500305175781,64.13009643554688,64.15499877929688,59378
2026-02-24 19:35:00,64.15499877929688,64.23500061035156,64.1449966430664,64.2249984741211,123400
2026-02-24 19:40:00,64.2249984741211,64.23500061035156,64.1449966430664,64.19499969482422,75774
2026-02-24 19:45:00,64.19999694824219,64.2300033569336,64.16000366210938,64.19499969482422,57684
2026-02-24 19:50:00,64.19999694824219,64.19999694824219,64.08000183105469,64.08999633789062,127598
2026-02-24 19:55:00,64.08499908447266,64.1500015258789,64.06999969482422,64.11399841308594,67554
2026-02-24 20:00:00,64.11499786376953,64.16500091552734,64.11000061035156,64.11499786376953,83111
2026-02-24 20:05:00,64.11000061035156,64.11499786376953,63.994998931884766,64.06500244140625,108219
2026-02-24 20:10:00,64.06500244140625,64.1449966430664,64.0,64.125,118678
2026-02-24 20:15:00,64.12000274658203,64.1500015258789,63.96009826660156,64.01000213623047,184157
2026-02-24 20:20:00,64.01499938964844,64.04499816894531,63.959999084472656,64.01000213623047,86062
2026-02-24 20:25:00,64.01000213623047,64.05500030517578,63.93000030517578,63.97499847412109,107340
2026-02-24 20:30:00,63.97999954223633,64.04000091552734,63.970001220703125,64.01000213623047,78444
2026-02-24 20:35:00,64.0,64.0999984741211,63.91999816894531,63.96070098876953,195843
2026-02-24 20:40:00,63.96500015258789,63.97999954223633,63.77999877929688,63.90499877929688,252534
2026-02-24 20:45:00,63.90999984741211,63.994998931884766,63.89500045776367,63.970001220703125,167790
2026-02-24 20:50:00,63.97499847412109,64.05500030517578,63.88999938964844,63.93000030517578,449860
2026-02-24 20:55:00,63.935001373291016,64.16000366210938,63.91999816894531,64.09500122070312,1470084
2026-02-25 14:30:00,63.88999938964844,64.16000366210938,63.86000061035156,64.12000274658203,309180
2026-02-25 14:35:00,64.09500122070312,64.22000122070312,63.81999969482422,64.19000244140625,201312
2026-02-25 14:40:00,64.17130279541016,64.22000122070312,63.86000061035156,63.95000076293945,89306
2026-02-25 14:45:00,63.93000030517578,63.9900016784668,63.79499816894531,63.79499816894531,103882
2026-02-25 14:50:00,63.79999923706055,63.875,63.630001068115234,63.72999954223633,212889
2026-02-25 14:55:00,63.72999954223633,63.75,63.61000061035156,63.69499969482422,148909
2026-02-25 15:00:00,63.70000076293945,63.83000183105469,63.560001373291016,63.6349983215332,149202
2026-02-25 15:05:00,63.630001068115234,63.69990158081055,63.54999923706055,63.64500045776367,92857
2026-02-25 15:10:00,63.630001068115234,63.680999755859375,63.52000045776367,63.58000183105469,117975
2026-02-25 15:15:00,63.56999969482422,63.720001220703125,63.510101318359375,63.707298278808594,139479
2026-02-25 15:20:00,63.720001220703125,63.7599983215332,63.63999938964844,63.65499877929688,95080
2026-02-25 15:25:00,63.66999816894531,63.87990188598633,63.630001068115234,63.84999847412109,130300
2026-02-25 15:30:00,63.84000015258789,63.97999954223633,63.790000915527344,63.88069915771485,127433
2026-02-25 15:35:00,63.880001068115234,63.880001068115234,63.69499969482422,63.73500061035156,94470
2026-02-25 15:40:00,63.7400016784668,63.75,63.650001525878906,63.72999954223633,99602
2026-02-25 15:45:00,63.72999954223633,63.81999969482422,63.68000030517578,63.70700073242188,75748
2026-02-25 15:50:00,63.70500183105469,63.75,63.58000183105469,63.6349983215332,97959
2026-02-25 15:55:00,63.635501861572266,63.66999816894531,63.540000915527344,63.59000015258789,92513
2026-02-25 16:00:00,63.59000015258789,63.66999816894531,63.59000015258789,63.619998931884766,60390
2026-02-25 16:05:00,63.619998931884766,63.619998931884766,63.52999877929688,63.56999969482422,93653
2026-02-25 16:10:00,63.56499862670898,63.595001220703125,63.400001525878906,63.40999984741211,241746
2026-02-25 16:15:00,63.40999984741211,63.52000045776367,63.32500076293945,63.52000045776367,208057
2026-02-25 16:20:00,63.51499938964844,63.560001373291016,63.43999862670898,63.525001525878906,112281
2026-02-25 16:25:00,63.52999877929688,63.56549835205078,63.45000076293945,63.470001220703125,77920
2026-02-25 16:30:00,63.459999084472656,63.70000076293945,63.459999084472656,63.66999816894531,88049
2026-02-25 16:35:00,63.65999984741211,63.66999816894531,63.584999084472656,63.61000061035156,51843
2026-02-25 16:40:00,63.625,63.650001525878906,63.54999923706055,63.54999923706055,61918
2026-02-25 16:45:00,63.54999923706055,63.619998931884766,63.50419998168945,63.61800003051758,99292
2026-02-25 16:50:00,63.619998931884766,63.63999938964844,63.525001525878906,63.52999877929688,78089
2026-02-25 16:55:00,63.540000915527344,63.56999969482422,63.5099983215332,63.56499862670898,80591
2026-02-25 17:00:00,63.560001373291016,63.63999938964844,63.52999877929688,63.630001068115234,41692
2026-02-25 17:05:00,63.625,63.625,63.55009841918945,63.59000015258789,42586
2026-02-25 17:10:00,63.584999084472656,63.6349983215332,63.525001525878906,63.54100036621094,60227
2026-02-25 17:15:00,63.54999923706055,63.61000061035156,63.54499816894531,63.57500076293945,57690
2026-02-25 17:20:00,63.56999969482422,63.630001068115234,63.56499862670898,63.625,45669
2026-02-25 17:25:00,63.6245002746582,63.6245002746582,63.51499938964844,63.52000045776367,55545
2026-02-25 17:30:00,63.52000045776367,63.54499816894531,63.5,63.5099983215332,56018
2026-02-25 17:35:00,63.5099983215332,63.525001525878906,63.46500015258789,63.470699310302734,51695
2026-02-25 17:40:00,63.47499847412109,63.57500076293945,63.47499847412109,63.54499816894531,66969
2026-02-25 17:45:00,63.54499816894531,63.56499862670898,63.5,63.505001068115234,31668
2026-02-25 17:50:00,63.5099983215332,63.5099983215332,63.43000030517578,63.463600158691406,114933
2026-02-25 17:55:00,63.46500015258789,63.47499847412109,63.38999938964844,63.40999984741211,69331
2026-02-25 18:00:00,63.40499877929688,63.47549819946289,63.38999938964844,63.47499847412109,87449
2026-02-25 18:05:00,63.470001220703125,63.47999954223633,63.40499877929688,63.415000915527344,69589
2026-02-25 18:10:00,63.41999816894531,63.43999862670898,63.38999938964844,63.40999984741211,84177
2026-02-25 18:15:00,63.41999816894531,63.41999816894531,63.35499954223633,63.3745002746582,79452
2026-02-25 18:20:00,63.369998931884766,63.400001525878906,63.36000061035156,63.400001525878906,75917
2026-02-25 18:25:00,63.40999984741211,63.459999084472656,63.38589859008789,63.459999084472656,59612
2026-02-25 18:30:00,63.459999084472656,63.47499847412109,63.37379837036133,63.400299072265625,57056
2026-02-25 18:35:00,63.39500045776367,63.41999816894531,63.375,63.415000915527344,42170
2026-02-25 18:40:00,63.41450119018555,63.47999954223633,63.40999984741211,63.45500183105469,34136
2026-02-25 18:45:00,63.45000076293945,63.470001220703125,63.43000030517578,63.45500183105469,21066
2026-02-25 18:50:00,63.45000076293945,63.46500015258789,63.400001525878906,63.435001373291016,58365
2026-02-25 18:55:00,63.42499923706055,63.42499923706055,63.36000061035156,63.400001525878906,44347
2026-02-25 19:00:00,63.39500045776367,63.45500183105469,63.38999938964844,63.45000076293945,62634
2026-02-25 19:05:00,63.445899963378906,63.5099983215332,63.43999862670898,63.47499847412109,47430
2026-02-25 19:10:00,63.470001220703125,63.470001220703125,63.34999847412109,63.37049865722656,94120
2026-02-25 19:15:00,63.375,63.41999816894531,63.334999084472656,63.3849983215332,96035
2026-02-25 19:20:00,63.380001068115234,63.48509979248047,63.34000015258789,63.40499877929688,72919
2026-02-25 19:25:00,63.40499877929688,63.41999816894531,63.34220123291016,63.39500045776367,66403
2026-02-25 19:30:00,63.400001525878906,63.44990158081055,63.380001068115234,63.44990158081055,44456
2026-02-25 19:35:00,63.45000076293945,63.48799896240234,63.43999862670898,63.47499847412109,78111
2026-02-25 19:40:00,63.47499847412109,63.47999954223633,63.391998291015625,63.43000030517578,59956
2026-02-25 19:45:00,63.435001373291016,63.48500061035156,63.435001373291016,63.47800064086914,45415
2026-02-25 19:50:00,63.47999954223633,63.540000915527344,63.47499847412109,63.48500061035156,66309
2026-02-25 19:55:00,63.48500061035156,63.5099983215332,63.470001220703125,63.47499847412109,50900
2026-02-25 20:00:00,63.47499847412109,63.505001068115234,63.45500183105469,63.46500015258789,66427
2026-02-25 20:05:00,63.46500015258789,63.46500015258789,63.375,63.41999816894531,75998
2026-02-25 20:10:00,63.415000915527344,63.43999862670898,63.369998931884766,63.435001373291016,95235
2026-02-25 20:15:00,63.43989944458008,63.459999084472656,63.39500045776367,63.400001525878906,69862
2026-02-25 20:20:00,63.40499877929688,63.5,63.39500045776367,63.39500045776367,88457
2026-02-25 20:25:00,63.38999938964844,63.4297981262207,63.34999847412109,63.35499954223633,220083
2026-02-25 20:30:00,63.35499954223633,63.45500183105469,63.34000015258789,63.400001525878906,188858
2026-02-25 20:35:00,63.39500045776367,63.40499877929688,63.334999084472656,63.334999084472656,112260
2026-02-25 20:40:00,63.334999084472656,63.369998931884766,63.31999969482422,63.32279968261719,155446
2026-02-25 20:45:00,63.31999969482422,63.334999084472656,63.275001525878906,63.29999923706055,203979
2026-02-25 20:50:00,63.29999923706055,63.400001525878906,63.2599983215332,63.34000015258789,320764
2026-02-25 20:55:00,63.345001220703125,63.41999816894531,63.30500030517578,63.400001525878906,775356
2026-02-26 14:30:00,64.20999908447266,64.94999694824219,63.935001373291016,64.94000244140625,726417
2026-02-26 14:35:00,64.95999908447266,64.9800033569336,64.67500305175781,64.8550033569336,373276
2026-02-26 14:40:00,64.83999633789062,64.87999725341797,64.6614990234375,64.7300033569336,219547
2026-02-26 14:45:00,64.7249984741211,64.80500030517578,64.44000244140625,64.74500274658203,188228
2026-02-26 14:50:00,64.74500274658203,65.05500030517578,64.67500305175781,64.7699966430664,315316
2026-02-26 14:55:00,64.76000213623047,64.90499877929688,64.71411895751953,64.84500122070312,213413
2026-02-26 15:00:00,64.8499984741211,64.88999938964844,64.55000305175781,64.61000061035156,141844
2026-02-26 15:05:00,64.61000061035156,64.63999938964844,64.52999877929688,64.58999633789062,107033
2026-02-26 15:10:00,64.58999633789062,64.81500244140625,64.54499816894531,64.81500244140625,155836
2026-02-26 15:15:00,64.80500030517578,64.80500030517578,64.6449966430664,64.70999908447266,151941
2026-02-26 15:20:00,64.71499633789062,64.7300033569336,64.48999786376953,64.5999984741211,150125
2026-02-26 15:25:00,64.58000183105469,64.66000366210938,64.43190002441406,64.45500183105469,170232
2026-02-26 15:30:00,64.44000244140625,64.58000183105469,64.43000030517578,64.44000244140625,120162
2026-02-26 15:35:00,64.44999694824219,64.62000274658203,64.43000030517578,64.61000061035156,111753
2026-02-26 15:40:00,64.5999984741211,64.66000366210938,64.44000244140625,64.45999908447266,92835
2026-02-26 15:45:00,64.45999908447266,64.61499786376953,64.45999908447266,64.56500244140625,79040
2026-02-26 15:50:00,64.55000305175781,64.83000183105469,64.55000305175781,64.76499938964844,108402
2026-02-26 15:55:00,64.76000213623047,64.87000274658203,64.75,64.80999755859375,138368
2026-02-26 16:00:00,64.81500244140625,64.83000183105469,64.61000061035156,64.65010070800781,146509
2026-02-26 16:05:00,64.66000366210938,64.7699966430664,64.61000061035156,64.72000122070312,70127
2026-02-26 16:10:00,64.70999908447266,64.7300033569336,64.5199966430664,64.61000061035156,83206
2026-02-26 16:15:00,64.5999984741211,64.62000274658203,64.30999755859375,64.33000183105469,68659
2026-02-26 16:20:00,64.31999969482422,64.33999633789062,64.19000244140625,64.23999786376953,120245
2026-02-26 16:25:00,64.23999786376953,64.30999755859375,64.16000366210938,64.18000030517578,95409
2026-02-26 16:30:00,64.16999816894531,64.25,64.08999633789062,64.12999725341797,109889
2026-02-26 16:35:00,64.12000274658203,64.125,63.95000076293945,63.959999084472656,88866
2026-02-26 16:40:00,63.95000076293945,63.9900016784668,63.89500045776367,63.970001220703125,145949
2026-02-26 16:45:00,63.970001220703125,64.16000366210938,63.959999084472656,64.1500015258789,73269
2026-02-26 16:50:00,64.15499877929688,64.16000366210938,64.02079772949219,64.04000091552734,70857
2026-02-26 16:55:00,64.05000305175781,64.13999938964844,64.05000305175781,64.11000061035156,65649
2026-02-26 17:00:00,64.11000061035156,64.1500015258789,64.08000183105469,64.09739685058594,60481
2026-02-26 17:05:00,64.0999984741211,64.13500213623047,64.02999877929688,64.03500366210938,47902
2026-02-26 17:10:00,64.03500366210938,64.08000183105469,63.90999984741211,63.90999984741211,59125
2026-02-26 17:15:00,63.90999984741211,63.91999816894531,63.83000183105469,63.900001525878906,99328
2026-02-26 17:20:00,63.88999938964844,63.93999862670898,63.85499954223633,63.880001068115234,44618
2026-02-26 17:25:00,63.880001068115234,63.900001525878906,63.81999969482422,63.84000015258789,44502
2026-02-26 17:30:00,63.84000015258789,63.91999816894531,63.83000183105469,63.88999938964844,66118
2026-02-26 17:35:00,63.88999938964844,63.900001525878906,63.810001373291016,63.845001220703125,50308
2026-02-26 17:40:00,63.845001220703125,63.86000061035156,63.79999923706055,63.810001373291016,39512
2026-02-26 17:45:00,63.810001373291016,63.93989944458008,63.810001373291016,63.93000030517578,32848
2026-02-26 17:50:00,63.93999862670898,63.97499847412109,63.93000030517578,63.93902206420898,46929
2026-02-26 17:55:00,63.91999816894531,63.91999816894531,63.80500030517578,63.81499862670898,45690
2026-02-26 18:00:00,63.810001373291016,63.84000015258789,63.775001525878906,63.810001373291016,63231
2026-02-26 18:05:00,63.80500030517578,63.885501861572266,63.80500030517578,63.875,85943
2026-02-26 18:10:00,63.869998931884766,63.92499923706055,63.82500076293945,63.86000061035156,113911
2026-02-26 18:15:00,63.8650016784668,63.97499847412109,63.8650016784668,63.959999084472656,89808
2026-02-26 18:20:00,63.959999084472656,63.97999954223633,63.86600112915039,63.88999938964844,37686
2026-02-26 18:25:00,63.88999938964844,63.9275016784668,63.870399475097656,63.91999816894531,59040
2026-02-26 18:30:00,63.90999984741211,64.08000183105469,63.90999984741211,64.06999969482422,85211
2026-02-26 18:35:00,64.06999969482422,64.12999725341797,64.0250015258789,64.1050033569336,57835
2026-02-26 18:40:00,64.0999984741211,64.1449966430664,64.08000183105469,64.13500213623047,45137
2026-02-26 18:45:00,64.13999938964844,64.22000122070312,64.08999633789062,64.1500015258789,101783
2026-02-26 18:50:00,64.16000366210938,64.2300033569336,64.1500015258789,64.22450256347656,33361
2026-02-26 18:55:00,64.2300033569336,64.29000091552734,64.18000030517578,64.19000244140625,74866
2026-02-26 19:00:00,64.19000244140625,64.2300033569336,64.0999984741211,64.12999725341797,74980
2026-02-26 19:05:00,64.13999938964844,64.19999694824219,64.0999984741211,64.16000366210938,69652
2026-02-26 19:10:00,64.16000366210938,64.16500091552734,64.11000061035156,64.1500015258789,54110
2026-02-26 19:15:00,64.16000366210938,64.23999786376953,64.14409637451172,64.22000122070312,49089
2026-02-26 19:20:00,64.2300033569336,64.23500061035156,64.13500213623047,64.13999938964844,59246
2026-02-26 19:25:00,64.1449966430664,64.1449966430664,63.96500015258789,63.96500015258789,60686
2026-02-26 19:30:00,63.970001220703125,64.13999938964844,63.96500015258789,64.13999938964844,70169
2026-02-26 19:35:00,64.1449966430664,64.19999694824219,64.1449966430664,64.15509796142578,40465
2026-02-26 19:40:00,64.1500015258789,64.18000030517578,64.06500244140625,64.13999938964844,82587
2026-02-26 19:45:00,64.12999725341797,64.21990203857422,64.11000061035156,64.20999908447266,56020
2026-02-26 19:50:00,64.20999908447266,64.23999786376953,64.16490173339844,64.18000030517578,64549
2026-02-26 19:55:00,64.17500305175781,64.18009948730469,64.09010314941406,64.09500122070312,54679
2026-02-26 20:00:00,64.09500122070312,64.18499755859375,64.05999755859375,64.16449737548828,66250
2026-02-26 20:05:00,64.16500091552734,64.16500091552734,64.06500244140625,64.06500244140625,67915
2026-02-26 20:10:00,64.06500244140625,64.08499908447266,64.04000091552734,64.08499908447266,107158
2026-02-26 20:15:00,64.08499908447266,64.1050033569336,64.01499938964844,64.08000183105469,84235
2026-02-26 20:20:00,64.08499908447266,64.11000061035156,64.05000305175781,64.05000305175781,78846
2026-02-26 20:25:00,64.04499816894531,64.05000305175781,63.93999862670898,63.93999862670898,128379
2026-02-26 20:30:00,63.959999084472656,64.00499725341797,63.93999862670898,63.97499847412109,85635
2026-02-26 20:35:00,63.97499847412109,64.08999633789062,63.95000076293945,64.01499938964844,131730
2026-02-26 20:40:00,64.01499938964844,64.06500244140625,63.9901008605957,64.00499725341797,138719
2026-02-26 20:45:00,64.00499725341797,64.11000061035156,64.00499725341797,64.08499908447266,131798
2026-02-26 20:50:00,64.08999633789062,64.08999633789062,63.97999954223633,64.04499816894531,326008
2026-02-26 20:55:00,64.04499816894531,64.06999969482422,63.88999938964844,63.959999084472656,774872
2026-02-27 14:30:00,62.720001220703125,62.720001220703125,61.63999938964844,61.7599983215332,1320005
2026-02-27 14:35:00,61.77000045776367,61.91999816894531,61.56999969482422,61.630001068115234,596305
2026-02-27 14:40:00,61.630001068115234,61.9900016784668,61.52009963989258,61.970001220703125,419571
2026-02-27 14:45:00,61.97999954223633,62.040000915527344,61.7400016784668,61.86000061035156,266750
2026-02-27 14:50:00,61.869998931884766,61.91999816894531,61.75,61.90119934082031,284558
2026-02-27 14:55:00,61.900001525878906,61.97999954223633,61.650001525878906,61.69960021972656,305734
2026-02-27 15:00:00,61.66999816894531,61.93999862670898,61.625,61.93399810791016,500972
2026-02-27 15:05:00,61.935001373291016,62.150001525878906,61.900001525878906,62.09000015258789,210555
2026-02-27 15:10:00,62.09999847412109,62.27999877929688,62.02999877929688,62.06999969482422,164538
2026-02-27 15:15:00,62.06999969482422,62.09999847412109,61.959999084472656,62.04999923706055,154295
2026-02-27 15:20:00,62.04999923706055,62.310001373291016,62.040000915527344,62.2599983215332,239639
2026-02-27 15:25:00,62.255001068115234,62.27999877929688,62.125,62.125,160107
2026-02-27 15:30:00,62.130001068115234,62.33000183105469,62.06999969482422,62.33000183105469,257380
2026-02-27 15:35:00,62.33000183105469,62.5099983215332,62.28499984741211,62.41999816894531,164969
2026-02-27 15:40:00,62.43000030517578,62.43000030517578,62.27000045776367,62.29999923706055,191654
2026-02-27 15:45:00,62.29499816894531,62.36000061035156,62.220001220703125,62.22999954223633,144790
2026-02-27 15:50:00,62.22999954223633,62.310001373291016,62.16999816894531,62.16999816894531,78003
2026-02-27 15:55:00,62.16999816894531,62.35940170288086,62.09999847412109,62.35499954223633,205617
2026-02-27 16:00:00,62.34999847412109,62.54499816894531,62.34000015258789,62.51070022583008,107971
2026-02-27 16:05:00,62.5099983215332,62.540000915527344,62.28499984741211,62.310001373291016,159915
2026-02-27 16:10:00,62.310001373291016,62.400001525878906,62.27000045776367,62.34000015258789,109047
2026-02-27 16:15:00,62.345001220703125,62.34999847412109,62.25,62.31499862670898,83570
2026-02-27 16:20:00,62.310001373291016,62.380001068115234,62.25,62.37990188598633,106251
2026-02-27 16:25:00,62.369998931884766,62.43000030517578,62.29999923706055,62.36989974975586,181233
2026-02-27 16:30:00,62.3650016784668,62.41999816894531,62.33000183105469,62.415000915527344,168768
2026-02-27 16:35:00,62.41999816894531,62.5,62.3650016784668,62.39500045776367,140888
2026-02-27 16:40:00,62.38999938964844,62.38999938964844,62.25,62.26470184326172,187058
2026-02-27 16:45:00,62.27280044555664,62.29999923706055,62.119998931884766,62.1349983215332,113111
2026-02-27 16:50:00,62.1349983215332,62.220001220703125,62.13010025024414,62.18000030517578,81164
2026-02-27 16:55:00,62.18999862670898,62.209999084472656,62.07500076293945,62.10499954223633,116001
2026-02-27 17:00:00,62.10499954223633,62.1442985534668,62.07500076293945,62.130001068115234,64240
2026-02-27 17:05:00,62.13999938964844,62.17499923706055,62.060001373291016,62.15999984741211,128676
2026-02-27 17:10:00,62.15999984741211,62.16999816894531,61.970001220703125,61.97029876708984,157021
2026-02-27 17:15:00,61.97999954223633,61.97999954223633,61.81999969482422,61.82519912719727,109098
2026-02-27 17:20:00,61.83000183105469,61.84999847412109,61.77000045776367,61.84000015258789,112802
2026-02-27 17:25:00,61.84000015258789,62.0,61.84000015258789,61.93999862670898,134958
2026-02-27 17:30:00,61.935001373291016,62.0,61.890098571777344,61.98799896240234,118031
2026-02-27 17:35:00,61.98500061035156,62.02000045776367,61.84000015258789,61.84999847412109,142690
2026-02-27 17:40:00,61.84999847412109,61.97959899902344,61.81999969482422,61.959999084472656,285196
2026-02-27 17:45:00,61.979000091552734,62.02000045776367,61.88999938964844,61.91550064086914,115941
2026-02-27 17:50:00,61.915000915527344,61.95989990234375,61.8301010131836,61.91999816894531,86225
2026-02-27 17:55:00,61.91999816894531,62.01499938964844,61.91999816894531,62.0,87166
2026-02-27 18:00:00,61.994537353515625,62.02999877929688,61.97499847412109,61.97999954223633,68207
2026-02-27 18:05:00,61.98500061035156,62.095001220703125,61.959999084472656,61.970001220703125,117094
2026-02-27 18:10:00,61.96500015258789,62.005001068115234,61.95000076293945,61.96500015258789,78562
2026-02-27 18:15:00,61.959999084472656,62.0099983215332,61.95000076293945,61.98500061035156,63872
2026-02-27 18:20:00,61.98500061035156,62.05500030517578,61.970001220703125,62.0,64227
2026-02-27 18:25:00,61.9900016784668,62.02999877929688,61.959999084472656,62.01499938964844,70405
2026-02-27 18:30:00,62.01499938964844,62.01499938964844,61.935001373291016,61.95500183105469,68025
2026-02-27 18:35:00,61.95000076293945,61.95500183105469,61.88999938964844,61.90499877929688,63185
2026-02-27 18:40:00,61.902099609375,61.97499847412109,61.88999938964844,61.959999084472656,75808
2026-02-27 18:45:00,61.95000076293945,61.98500061035156,61.90999984741211,61.93999862670898,78567
2026-02-27 18:50:00,61.94499969482422,61.959999084472656,61.86000061035156,61.91999816894531,77794
2026-02-27 18:55:00,61.92499923706055,61.92499923706055,61.8400993347168,61.86629867553711,158510
2026-02-27 19:00:00,61.86000061035156,61.95000076293945,61.85499954223633,61.891998291015625,81594
2026-02-27 19:05:00,61.88999938964844,61.915000915527344,61.790000915527344,61.810001373291016,119218
2026-02-27 19:10:00,61.810001373291016,61.84000015258789,61.75749969482422,61.78499984741211,94331
2026-02-27 19:15:00,61.77999877929688,61.78030014038086,61.72999954223633,61.7400016784668,127629
2026-02-27 19:20:00,61.7400016784668,61.79999923706055,61.70000076293945,61.790000915527344,156780
2026-02-27 19:25:00,61.79600143432617,61.8650016784668,61.709999084472656,61.720001220703125,95590
2026-02-27 19:30:00,61.72499847412109,61.790000915527344,61.71649932861328,61.764198303222656,61042
2026-02-27 19:35:00,61.76499938964844,61.83000183105469,61.720001220703125,61.75,117830
2026-02-27 19:40:00,61.744998931884766,61.79499816894531,61.70500183105469,61.79499816894531,87652
2026-02-27 19:45:00,61.79499816894531,61.84999847412109,61.71500015258789,61.71500015258789,96266
2026-02-27 19:50:00,61.71500015258789,61.790000915527344,61.69499969482422,61.775001525878906,140029
2026-02-27 19:55:00,61.775001525878906,61.845001220703125,61.75,61.84000015258789,144270
2026-02-27 20:00:00,61.83140182495117,62.06999969482422,61.83140182495117,61.959999084472656,285501
2026-02-27 20:05:00,61.970001220703125,61.994998931884766,61.90999984741211,61.935001373291016,117880
2026-02-27 20:10:00,61.935001373291016,62.07500076293945,61.915000915527344,62.060001373291016,171863
2026-02-27 20:15:00,62.060001373291016,62.125,61.96500015258789,62.04499816894531,283959
2026-02-27 20:20:00,62.040000915527344,62.09999847412109,61.96009826660156,62.0620002746582,134737
2026-02-27 20:25:00,62.06999969482422,62.06999969482422,61.970001220703125,61.97499847412109,156172
2026-02-27 20:30:00,61.97499847412109,62.057498931884766,61.96500015258789,61.994998931884766,225006
2026-02-27 20:35:00,61.994998931884766,62.0359001159668,61.86000061035156,61.90499877929688,374912
2026-02-27 20:40:00,61.90499877929688,62.185001373291016,61.900001525878906,62.16999816894531,230674
2026-02-27 20:45:00,62.17499923706055,62.19499969482422,62.04499816894531,62.119998931884766,234561
2026-02-27 20:50:00,62.130001068115234,62.28499984741211,62.11000061035156,62.130001068115234,399611
2026-02-27 20:55:00,62.1349983215332,62.220001220703125,62.09999847412109,62.18000030517578,1025506
2026-03-02 14:30:00,59.900001525878906,60.0,59.13999938964844,59.91999816894531,2038595
2026-03-02 14:35:00,59.94499969482422,60.255001068115234,59.869998931884766,60.1150016784668,587471
2026-03-02 14:40:00,60.150001525878906,60.380001068115234,60.02999877929688,60.33000183105469,316010
2026-03-02 14:45:00,60.31999969482422,60.4900016784668,60.18999862670898,60.25,182150
2026-03-02 14:50:00,60.21500015258789,60.519901275634766,60.15999984741211,60.400001525878906,240580
2026-03-02 14:55:00,60.400001525878906,60.470001220703125,60.130001068115234,60.45000076293945,311238
2026-03-02 15:00:00,60.459999084472656,60.7599983215332,60.42499923706055,60.66899871826172,288461
2026-03-02 15:05:00,60.66999816894531,60.81999969482422,60.560001373291016,60.59000015258789,204682
2026-03-02 15:10:00,60.584999084472656,60.90999984741211,60.584999084472656,60.81439971923828,139370
2026-03-02 15:15:00,60.81999969482422,60.97999954223633,60.76499938964844,60.95500183105469,181335
2026-03-02 15:20:00,60.95500183105469,60.95500183105469,60.66910171508789,60.71419906616211,241725
2026-03-02 15:25:00,60.69499969482422,60.79499816894531,60.68000030517578,60.709999084472656,93075
2026-03-02 15:30:00,60.709999084472656,60.915000915527344,60.66999816894531,60.84000015258789,128722
2026-03-02 15:35:00,60.84999847412109,60.915000915527344,60.744998931884766,60.90499877929688,93802
2026-03-02 15:40:00,60.90119934082031,61.0,60.86000061035156,60.893699645996094,146040
2026-03-02 15:45:00,60.900001525878906,60.95000076293945,60.81499862670898,60.90999984741211,141399
2026-03-02 15:50:00,60.88999938964844,61.0099983215332,60.72499847412109,60.72499847412109,208755
2026-03-02 15:55:00,60.720001220703125,60.84999847412109,60.66999816894531,60.79999923706055,157903
2026-03-02 16:00:00,60.79999923706055,61.040000915527344,60.744998931884766,61.0099983215332,114365
2026-03-02 16:05:00,61.02000045776367,61.08000183105469,60.869998931884766,61.04999923706055,129134
2026-03-02 16:10:00,61.06999969482422,61.13999938964844,61.02000045776367,61.060001373291016,169632
2026-03-02 16:15:00,61.060001373291016,61.11000061035156,60.84000015258789,60.85499954223633,94167
2026-03-02 16:20:00,60.84999847412109,60.900001525878906,60.73500061035156,60.75,117914
2026-03-02 16:25:00,60.7599983215332,60.76499938964844,60.54999923706055,60.58629989624024,140147
2026-03-02 16:30:00,60.58000183105469,60.7400016784668,60.58000183105469,60.720001220703125,87797
2026-03-02 16:35:00,60.72499847412109,60.810001373291016,60.665000915527344,60.71500015258789,113754
2026-03-02 16:40:00,60.71989822387695,61.040000915527344,60.71500015258789,61.0,117776
2026-03-02 16:45:00,61.0099983215332,61.119998931884766,61.0,61.060001373291016,96170
2026-03-02 16:50:00,61.06999969482422,61.18999862670898,61.060001373291016,61.09000015258789,82015
2026-03-02 16:55:00,61.06999969482422,61.130001068115234,61.0099983215332,61.11000061035156,75387
2026-03-02 17:00:00,61.11000061035156,61.22999954223633,61.084999084472656,61.095001220703125,87067
2026-03-02 17:05:00,61.09999847412109,61.150001525878906,60.97999954223633,61.02999877929688,92440
2026-03-02 17:10:00,61.02000045776367,61.095001220703125,61.0,61.09000015258789,55718
2026-03-02 17:15:00,61.09510040283203,61.14500045776367,61.060001373291016,61.084999084472656,58068
2026-03-02 17:20:00,61.084999084472656,61.22999954223633,61.084999084472656,61.18999862670898,174301
2026-03-02 17:25:00,61.19020080566406,61.220001220703125,61.02000045776367,61.02000045776367,110581
2026-03-02 17:30:00,61.01499938964844,61.04499816894531,60.95000076293945,61.025001525878906,67638
2026-03-02 17:35:00,61.025001525878906,61.13999938964844,61.025001525878906,61.060001373291016,54982
2026-03-02 17:40:00,61.06499862670898,61.15999984741211,61.02999877929688,61.15999984741211,72757
2026-03-02 17:45:00,61.15999984741211,61.220001220703125,61.125,61.20500183105469,54273
2026-03-02 17:50:00,61.185001373291016,61.20069885253906,61.12570190429688,61.165000915527344,59310
2026-03-02 17:55:00,61.165000915527344,61.220001220703125,61.125,61.202598571777344,46492
2026-03-02 18:00:00,61.209999084472656,61.220001220703125,61.150001525878906,61.150001525878906,1134685
2026-03-02 18:05:00,61.16999816894531,61.27999877929688,61.16999816894531,61.255001068115234,44234
2026-03-02 18:10:00,61.25,61.27000045776367,61.16999816894531,61.22679901123047,47338
2026-03-02 18:15:00,61.22999954223633,61.310001373291016,61.22499847412109,61.2400016784668,54031
2026-03-02 18:20:00,61.2400016784668,61.34000015258789,61.16999816894531,61.311500549316406,67155
2026-03-02 18:25:00,61.31499862670898,61.38999938964844,61.290000915527344,61.31890106201172,118185
2026-03-02 18:30:00,61.33000183105469,61.34000015258789,61.220001220703125,61.2400016784668,860279
2026-03-02 18:35:00,61.25,61.27000045776367,61.18000030517578,61.19499969482422,49061
2026-03-02 18:40:00,61.18999862670898,61.20000076293945,61.0,61.02000045776367,80600
2026-03-02 18:45:00,61.02000045776367,61.02000045776367,60.93000030517578,60.97999954223633,89401
2026-03-02 18:50:00,60.97999954223633,60.98509979248047,60.87630081176758,60.88999938964844,50328
2026-03-02 18:55:00,60.88100051879883,60.90999984741211,60.79999923706055,60.900001525878906,197816
2026-03-02 19:00:00,60.89500045776367,60.93000030517578,60.86000061035156,60.90499877929688,55717
2026-03-02 19:05:00,60.900001525878906,61.0,60.880001068115234,60.95009994506836,152443
2026-03-02 19:10:00,60.95000076293945,60.9900016784668,60.88999938964844,60.98500061035156,98423
2026-03-02 19:15:00,60.9900016784668,61.10499954223633,60.9900016784668,61.09820175170898,85611
2026-03-02 19:20:00,61.09999847412109,61.2599983215332,61.09999847412109,61.209999084472656,39703
2026-03-02 19:25:00,61.19499969482422,61.27999877929688,61.15999984741211,61.26499938964844,41256
2026-03-02 19:30:00,61.27000045776367,61.43999862670898,61.27000045776367,61.400001525878906,70977
2026-03-02 19:35:00,61.400001525878906,61.52999877929688,61.375,61.46500015258789,138440
2026-03-02 19:40:00,61.46500015258789,61.46500015258789,61.34000015258789,61.375,59366
2026-03-02 19:45:00,61.380001068115234,61.435001373291016,61.37009811401367,61.41999816894531,41811
2026-03-02 19:50:00,61.42710113525391,61.47999954223633,61.41999816894531,61.44499969482422,53011
2026-03-02 19:55:00,61.44499969482422,61.48989868164063,61.33000183105469,61.34000015258789,136390
2026-03-02 20:00:00,61.334999084472656,61.46009826660156,61.310001373291016,61.380001068115234,119535
2026-03-02 20:05:00,61.380001068115234,61.3849983215332,61.18000030517578,61.20000076293945,152315
2026-03-02 20:10:00,61.18999862670898,61.310001373291016,61.17499923706055,61.220001220703125,106218
2026-03-02 20:15:00,61.220001220703125,61.3849983215332,61.18999862670898,61.244998931884766,105738
2026-03-02 20:20:00,61.25,61.255001068115234,60.9900016784668,61.01499938964844,265360
2026-03-02 20:25:00,61.0099983215332,61.1150016784668,61.0,61.040000915527344,162229
2026-03-02 20:30:00,61.040000915527344,61.20000076293945,61.040000915527344,61.20000076293945,82934
2026-03-02 20:35:00,61.18999862670898,61.244998931884766,61.18999862670898,61.22499847412109,112515
2026-03-02 20:40:00,61.209999084472656,61.2598991394043,61.13999938964844,61.14500045776367,108453
2026-03-02 20:45:00,61.13999938964844,61.2593002319336,61.08100128173828,61.22999954223633,222613
2026-03-02 20:50:00,61.2400016784668,61.25,61.084999084472656,61.084999084472656,342955
2026-03-02 20:55:00,61.08000183105469,61.125,60.96500015258789,60.994998931884766,686540
2026-03-03 14:30:00,59.43999862670898,59.86949920654297,59.27999877929688,59.650001525878906,1117691
2026-03-03 14:35:00,59.64500045776367,60.09989929199219,59.630001068115234,59.93999862670898,482023
2026-03-03 14:40:00,59.93880081176758,60.11000061035156,59.73500061035156,59.81999969482422,392715
2026-03-03 14:45:00,59.79999923706055,59.900001525878906,59.55680084228516,59.56499862670898,309120
2026-03-03 14:50:00,59.56499862670898,59.650001525878906,59.460899353027344,59.595001220703125,273539
2026-03-03 14:55:00,59.595001220703125,59.70299911499024,59.43000030517578,59.56999969482422,344239
2026-03-03 15:00:00,59.59999847412109,59.68000030517578,59.27000045776367,59.31999969482422,166943
2026-03-03 15:05:00,59.31999969482422,59.375,59.11000061035156,59.150001525878906,235672
2026-03-03 15:10:00,59.15999984741211,59.380001068115234,59.09999847412109,59.33269882202149,245413
2026-03-03 15:15:00,59.334999084472656,59.34000015258789,58.959999084472656,58.970001220703125,246211
2026-03-03 15:20:00,58.96989822387695,58.972801208496094,58.625,58.71500015258789,338066
2026-03-03 15:25:00,58.71500015258789,58.7400016784668,58.619998931884766,58.67409896850586,225666
2026-03-03 15:30:00,58.66999816894531,58.93999862670898,58.66999816894531,58.900001525878906,303637
2026-03-03 15:35:00,58.900001525878906,59.0,58.79999923706055,58.92499923706055,169509
2026-03-03 15:40:00,58.90999984741211,59.084999084472656,58.84999847412109,58.970001220703125,304894
2026-03-03 15:45:00,58.97499847412109,59.02000045776367,58.77999877929688,58.880001068115234,171304
2026-03-03 15:50:00,58.869998931884766,58.8849983215332,58.709999084472656,58.744998931884766,160521
2026-03-03 15:55:00,58.744998931884766,58.82500076293945,58.66999816894531,58.7599983215332,143864
2026-03-03 16:00:00,58.75,58.77899932861328,58.630001068115234,58.7400016784668,163414
2026-03-03 16:05:00,58.744998931884766,58.84000015258789,58.720001220703125,58.8224983215332,183065
2026-03-03 16:10:00,58.81999969482422,59.040000915527344,58.810001373291016,59.0,308232
2026-03-03 16:15:00,59.0098991394043,59.02999877929688,58.70500183105469,58.71500015258789,183183
2026-03-03 16:20:00,58.71500015258789,58.88999938964844,58.709999084472656,58.8849983215332,267406
2026-03-03 16:25:00,58.88800048828125,58.93000030517578,58.81999969482422,58.886600494384766,244800
2026-03-03 16:30:00,58.880001068115234,58.970001220703125,58.7400016784668,58.95500183105469,170785
2026-03-03 16:35:00,58.95000076293945,59.18999862670898,58.92290115356445,59.119998931884766,170662
2026-03-03 16:40:00,59.11970138549805,59.20500183105469,59.0099983215332,59.1598014831543,114188
2026-03-03 16:45:00,59.15499877929688,59.380001068115234,59.13999938964844,59.275001525878906,204341
2026-03-03 16:50:00,59.244998931884766,59.334999084472656,59.2400016784668,59.27000045776367,159045
2026-03-03 16:55:00,59.27000045776367,59.34999847412109,59.235801696777344,59.29999923706055,120986
2026-03-03 17:00:00,59.310001373291016,59.31499862670898,58.89500045776367,58.92499923706055,120091
2026-03-03 17:05:00,58.91999816894531,59.04999923706055,58.8849983215332,58.93999862670898,113872
2026-03-03 17:10:00,58.93999862670898,59.095001220703125,58.93999862670898,59.09000015258789,74817
2026-03-03 17:15:00,59.09000015258789,59.18999862670898,59.09000015258789,59.16999816894531,77463
2026-03-03 17:20:00,59.16999816894531,59.26499938964844,59.13999938964844,59.25,69099
2026-03-03 17:25:00,59.244998931884766,59.31999969482422,59.150001525878906,59.29999923706055,130057
2026-03-03 17:30:00,59.29999923706055,59.31999969482422,59.18399810791016,59.19499969482422,98998
2026-03-03 17:35:00,59.18999862670898,59.2599983215332,59.130001068115234,59.220001220703125,88910
2026-03-03 17:40:00,59.22499847412109,59.33000183105469,59.19499969482422,59.31999969482422,100817
2026-03-03 17:45:00,59.31499862670898,59.334999084472656,59.22999954223633,59.31999969482422,85482
2026-03-03 17:50:00,59.334999084472656,59.36000061035156,59.15999984741211,59.17499923706055,155247
2026-03-03 17:55:00,59.17499923706055,59.38999938964844,59.17499923706055,59.29999923706055,108288
2026-03-03 18:00:00,59.29999923706055,59.3849983215332,59.299800872802734,59.380001068115234,80225
2026-03-03 18:05:00,59.369998931884766,59.5,59.310001373291016,59.415000915527344,209740
2026-03-03 18:10:00,59.415000915527344,59.45000076293945,59.290000915527344,59.39500045776367,202760
2026-03-03 18:15:00,59.39500045776367,59.52999877929688,59.380001068115234,59.435001373291016,117791
2026-03-03 18:20:00,59.435001373291016,59.54499816894531,59.43000030517578,59.47999954223633,85817
2026-03-03 18:25:00,59.47999954223633,59.60499954223633,59.40999984741211,59.470001220703125,81581
2026-03-03 18:30:00,59.47999954223633,59.61000061035156,59.459999084472656,59.560001373291016,94142
2026-03-03 18:35:00,59.54999923706055,59.63999938964844,59.5,59.63999938964844,117067
2026-03-03 18:40:00,59.650001525878906,59.70500183105469,59.53499984741211,59.560001373291016,128084
2026-03-03 18:45:00,59.56999969482422,59.7400016784668,59.505001068115234,59.71500015258789,131666
2026-03-03 18:50:00,59.720001220703125,59.72499847412109,59.619998931884766,59.649898529052734,80194
2026-03-03 18:55:00,59.63999938964844,59.69499969482422,59.61000061035156,59.630001068115234,61258
2026-03-03 19:00:00,59.630001068115234,59.779598236083984,59.595001220703125,59.63999938964844,163078
2026-03-03 19:05:00,59.64093780517578,59.650001525878906,59.47999954223633,59.4900016784668,103412
2026-03-03 19:10:00,59.494998931884766,59.630001068115234,59.45500183105469,59.59000015258789,86251
2026-03-03 19:15:00,59.58000183105469,59.650001525878906,59.54999923706055,59.59999847412109,61389
2026-03-03 19:20:00,59.60499954223633,59.7400016784668,59.59999847412109,59.720001220703125,69392
2026-03-03 19:25:00,59.70500183105469,59.73500061035156,59.584999084472656,59.6426010131836,111072
2026-03-03 19:30:00,59.63999938964844,59.68999862670898,59.494998931884766,59.52999877929688,103461
2026-03-03 19:35:00,59.52999877929688,59.709999084472656,59.47999954223633,59.595001220703125,111014
2026-03-03 19:40:00,59.60499954223633,59.915000915527344,59.59000015258789,59.8849983215332,113719
2026-03-03 19:45:00,59.88999938964844,59.959999084472656,59.77450180053711,59.834999084472656,120155
2026-03-03 19:50:00,59.834999084472656,59.89500045776367,59.775001525878906,59.84999847412109,134972
2026-03-03 19:55:00,59.85499954223633,59.970001220703125,59.75,59.93999862670898,168801
2026-03-03 20:00:00,59.93999862670898,59.93999862670898,59.79499816894531,59.84000015258789,142917
2026-03-03 20:05:00,59.83549880981445,59.88999938964844,59.66999816894531,59.71500015258789,255414
2026-03-03 20:10:00,59.71500015258789,59.7599983215332,59.59000015258789,59.60499954223633,130018
2026-03-03 20:15:00,59.61000061035156,59.6150016784668,59.505001068115234,59.525001525878906,146799
2026-03-03 20:20:00,59.52999877929688,59.625,59.494998931884766,59.53499984741211,140570
2026-03-03 20:25:00,59.52999877929688,59.65999984741211,59.500099182128906,59.58000183105469,131795
2026-03-03 20:30:00,59.58000183105469,59.65999984741211,59.56499862670898,59.63999938964844,139051
2026-03-03 20:35:00,59.63999938964844,59.696998596191406,59.59000015258789,59.61009979248047,94096
2026-03-03 20:40:00,59.619998931884766,59.6349983215332,59.560001373291016,59.584999084472656,114838
2026-03-03 20:45:00,59.584999084472656,59.68999862670898,59.560001373291016,59.650001525878906,167403
2026-03-03 20:50:00,59.65499877929688,59.665000915527344,59.435001373291016,59.571998596191406,423169
2026-03-03 20:55:00,59.56999969482422,59.58000183105469,59.33000183105469,59.40499877929688,1170815
2026-03-04 14:30:00,59.18999862670898,59.4900016784668,58.88999938964844,59.13999938964844,870567
2026-03-04 14:35:00,59.119998931884766,59.130001068115234,58.83000183105469,58.869998931884766,281364
2026-03-04 14:40:00,58.88999938964844,59.209999084472656,58.84000015258789,58.9900016784668,182141
2026-03-04 14:45:00,58.9900016784668,58.9900016784668,58.72999954223633,58.7599983215332,272605
2026-03-04 14:50:00,58.77799987792969,58.88999938964844,58.65999984741211,58.845001220703125,179637
2026-03-04 14:55:00,58.845001220703125,58.95000076293945,58.7599983215332,58.95000076293945,169150
2026-03-04 15:00:00,58.95000076293945,59.15999984741211,58.8650016784668,58.97999954223633,406878
2026-03-04 15:05:00,58.96500015258789,59.060001373291016,58.88010025024414,58.935001373291016,153855
2026-03-04 15:10:00,58.930999755859375,59.06499862670898,58.90999984741211,59.060001373291016,145712
2026-03-04 15:15:00,59.060001373291016,59.18000030517578,58.9900016784668,59.13999938964844,169914
2026-03-04 15:20:00,59.1349983215332,59.1349983215332,59.0,59.09920120239258,160644
2026-03-04 15:25:00,59.09000015258789,59.09000015258789,58.84999847412109,58.86009979248047,302719
2026-03-04 15:30:00,58.869998931884766,58.97499847412109,58.7599983215332,58.7599983215332,215701
2026-03-04 15:35:00,58.7599983215332,58.88999938964844,58.71500015258789,58.88999938964844,276918
2026-03-04 15:40:00,58.89500045776367,58.98500061035156,58.86009979248047,58.97999954223633,121059
2026-03-04 15:45:00,58.9900016784668,58.9900016784668,58.83000183105469,58.89500045776367,175660
2026-03-04 15:50:00,58.900001525878906,58.93999862670898,58.7599983215332,58.89500045776367,122494
2026-03-04 15:55:00,58.88999938964844,58.9900016784668,58.869998931884766,58.98500061035156,99454
2026-03-04 16:00:00,58.9900016784668,59.025001525878906,58.919700622558594,58.92499923706055,106270
2026-03-04 16:05:00,58.93000030517578,58.95500183105469,58.84999847412109,58.900001525878906,135650
2026-03-04 16:10:00,58.90999984741211,58.90999984741211,58.7666015625,58.80070114135742,162431
2026-03-04 16:15:00,58.80500030517578,58.86000061035156,58.78099822998047,58.84999847412109,135349
2026-03-04 16:20:00,58.84000015258789,58.869998931884766,58.76499938964844,58.8650016784668,117659
2026-03-04 16:25:00,58.8650016784668,58.880001068115234,58.730098724365234,58.77000045776367,161959
2026-03-04 16:30:00,58.76649856567383,58.77999877929688,58.68000030517578,58.725433349609375,176823
2026-03-04 16:35:00,58.720001220703125,58.755001068115234,58.65999984741211,58.70500183105469,162258
2026-03-04 16:40:00,58.70500183105469,58.93000030517578,58.70109939575195,58.84999847412109,228020
2026-03-04 16:45:00,58.84999847412109,58.88990020751953,58.7599983215332,58.82500076293945,106113
2026-03-04 16:50:00,58.81999969482422,58.81999969482422,58.7599983215332,58.790000915527344,105839
2026-03-04 16:55:00,58.79499816894531,58.834999084472656,58.7400016784668,58.755001068115234,92852
2026-03-04 17:00:00,58.755001068115234,58.810001373291016,58.71500015258789,58.810001373291016,388986
2026-03-04 17:05:00,58.79999923706055,58.88999938964844,58.755001068115234,58.8849983215332,164116
2026-03-04 17:10:00,58.8849983215332,58.935001373291016,58.79999923706055,58.900001525878906,185058
2026-03-04 17:15:00,58.900001525878906,58.93999862670898,58.8400993347168,58.88079833984375,72225
2026-03-04 17:20:00,58.88999938964844,58.93000030517578,58.810001373291016,58.875,70263
2026-03-04 17:25:00,58.880001068115234,58.91999816894531,58.81499862670898,58.86000061035156,108864
2026-03-04 17:30:00,58.869998931884766,58.970001220703125,58.84999847412109,58.96730041503906,114845
2026-03-04 17:35:00,58.970001220703125,59.0,58.935001373291016,58.9900016784668,104200
2026-03-04 17:40:00,58.99100112915039,59.0099983215332,58.900001525878906,58.91999816894531,55354
2026-03-04 17:45:00,58.92499923706055,58.93000030517578,58.83000183105469,58.845001220703125,104215
2026-03-04 17:50:00,58.84999847412109,58.994998931884766,58.84000015258789,58.994998931884766,141072
2026-03-04 17:55:00,58.994998931884766,59.005001068115234,58.755001068115234,58.77949905395508,187803
2026-03-04 18:00:00,58.775001525878906,58.880001068115234,58.76499938964844,58.839500427246094,168785
2026-03-04 18:05:00,58.83000183105469,58.88999938964844,58.810001373291016,58.880001068115234,104962
2026-03-04 18:10:00,58.880001068115234,58.935001373291016,58.86000061035156,58.869998931884766,85464
2026-03-04 18:15:00,58.875,58.88999938964844,58.81999969482422,58.83000183105469,69999
2026-03-04 18:20:00,58.82500076293945,58.8760986328125,58.810001373291016,58.83000183105469,98814
2026-03-04 18:25:00,58.81999969482422,58.9010009765625,58.78499984741211,58.89500045776367,95194
2026-03-04 18:30:00,58.900001525878906,58.95980072021485,58.870399475097656,58.880001068115234,74126
2026-03-04 18:35:00,58.8849983215332,58.94010162353516,58.869998931884766,58.91749954223633,67787
2026-03-04 18:40:00,58.91999816894531,59.02000045776367,58.90499877929688,59.00339889526367,101766
2026-03-04 18:45:00,59.005001068115234,59.02000045776367,58.95000076293945,59.005001068115234,89073
2026-03-04 18:50:00,59.0,59.0,58.93999862670898,58.96500015258789,63105
2026-03-04 18:55:00,58.959999084472656,58.959999084472656,58.900001525878906,58.90499877929688,66570
2026-03-04 19:00:00,58.900001525878906,58.93999862670898,58.869998931884766,58.88990020751953,82428
2026-03-04 19:05:00,58.88999938964844,58.93000030517578,58.84000015258789,58.86000061035156,133252
2026-03-04 19:10:00,58.86000061035156,58.89500045776367,58.84000015258789,58.8650016784668,100866
2026-03-04 19:15:00,58.86520004272461,58.869998931884766,58.79999923706055,58.810001373291016,102816
2026-03-04 19:20:00,58.810001373291016,58.8301010131836,58.77999877929688,58.82500076293945,77073
2026-03-04 19:25:00,58.82500076293945,58.82500076293945,58.77009963989258,58.790000915527344,92328
2026-03-04 19:30:00,58.78499984741211,58.83000183105469,58.77000045776367,58.790000915527344,91242
2026-03-04 19:35:00,58.79499816894531,58.83000183105469,58.77999877929688,58.82500076293945,105374
2026-03-04 19:40:00,58.81999969482422,58.84000015258789,58.775001525878906,58.77999877929688,79990
2026-03-04 19:45:00,58.78457260131836,58.80500030517578,58.76499938964844,58.77999877929688,132679
2026-03-04 19:50:00,58.77999877929688,58.82500076293945,58.755001068115234,58.785430908203125,143295
2026-03-04 19:55:00,58.78779983520508,58.810001373291016,58.7599983215332,58.78030014038086,81249
2026-03-04 20:00:00,58.78499984741211,58.834999084472656,58.77000045776367,58.79999923706055,117171
2026-03-04 20:05:00,58.79999923706055,58.810001373291016,58.65999984741211,58.68009948730469,199944
2026-03-04 20:10:00,58.68000030517578,58.71960067749024,58.61000061035156,58.68999862670898,244924
2026-03-04 20:15:00,58.68999862670898,58.72999954223633,58.68000030517578,58.709999084472656,122169
2026-03-04 20:20:00,58.709999084472656,58.78499984741211,58.70000076293945,58.72499847412109,203909
2026-03-04 20:25:00,58.720001220703125,58.77999877929688,58.68999862670898,58.705299377441406,162548
2026-03-04 20:30:00,58.709999084472656,58.810001373291016,58.70000076293945,58.80500030517578,265439
2026-03-04 20:35:00,58.80500030517578,58.900001525878906,58.80009841918945,58.85499954223633,276937
2026-03-04 20:40:00,58.84999847412109,58.900001525878906,58.78499984741211,58.88999938964844,233511
2026-03-04 20:45:00,58.8849983215332,58.900001525878906,58.72999954223633,58.73500061035156,246227
2026-03-04 20:50:00,58.72999954223633,58.73500061035156,58.619998931884766,58.709999084472656,378854
2026-03-04 20:55:00,58.709999084472656,58.775001525878906,58.61000061035156,58.6349983215332,959545
2026-03-05 14:30:00,58.59999847412109,58.78990173339844,58.43000030517578,58.619998931884766,770146
2026-03-05 14:35:00,58.59000015258789,58.71099853515625,58.5,58.68000030517578,198256
2026-03-05 14:40:00,58.67010116577149,58.720001220703125,58.46009826660156,58.54499816894531,239439
2026-03-05 14:45:00,58.560001373291016,58.65999984741211,58.45500183105469,58.56999969482422,230620
2026-03-05 14:50:00,58.58000183105469,58.775001525878906,58.5,58.7400016784668,304916
2026-03-05 14:55:00,58.7400016784668,58.77000045776367,58.50090026855469,58.52000045776367,408153
2026-03-05 15:00:00,58.52080154418945,58.584999084472656,58.34999847412109,58.41999816894531,544149
2026-03-05 15:05:00,58.41999816894531,58.45500183105469,58.185001373291016,58.24990081787109,328694
2026-03-05 15:10:00,58.25,58.310001373291016,58.09000015258789,58.19010162353516,309332
2026-03-05 15:15:00,58.18999862670898,58.29999923706055,57.959999084472656,58.09999847412109,530743
2026-03-05 15:20:00,58.095001220703125,58.095001220703125,57.90999984741211,57.92959976196289,345196
2026-03-05 15:25:00,57.92499923706055,57.95000076293945,57.709999084472656,57.75,411878
2026-03-05 15:30:00,57.75,57.93000030517578,57.7400016784668,57.77999877929688,299392
2026-03-05 15:35:00,57.78689956665039,57.85499954223633,57.709999084472656,57.80670166015625,338714
2026-03-05 15:40:00,57.80009841918945,57.86000061035156,57.72999954223633,57.834999084472656,262051
2026-03-05 15:45:00,57.834999084472656,57.869998931884766,57.70000076293945,57.72999954223633,333852
2026-03-05 15:50:00,57.72999954223633,57.82989883422852,57.720001220703125,57.75,369096
2026-03-05 15:55:00,57.744998931884766,57.935001373291016,57.7328987121582,57.93000030517578,190840
2026-03-05 16:00:00,57.93999862670898,57.98979949951172,57.820098876953125,57.8297004699707,133704
2026-03-05 16:05:00,57.82500076293945,57.83000183105469,57.619998931884766,57.630001068115234,288366
2026-03-05 16:10:00,57.630001068115234,57.650001525878906,57.472801208496094,57.4900016784668,477475
2026-03-05 16:15:00,57.49250030517578,57.56999969482422,57.45000076293945,57.494998931884766,207086
2026-03-05 16:20:00,57.5,57.59510040283203,57.47499847412109,57.55500030517578,238581
2026-03-05 16:25:00,57.55500030517578,57.65999984741211,57.5099983215332,57.650001525878906,150095
2026-03-05 16:30:00,57.63999938964844,57.709999084472656,57.560001373291016,57.619998931884766,196398
2026-03-05 16:35:00,57.6349983215332,57.900299072265625,57.6349983215332,57.845001220703125,276472
2026-03-05 16:40:00,57.84000015258789,57.88999938964844,57.70500183105469,57.875,212014
2026-03-05 16:45:00,57.880001068115234,57.900001525878906,57.72439956665039,57.75,123038
2026-03-05 16:50:00,57.75,57.81499862670898,57.69499969482422,57.810001373291016,99576
2026-03-05 16:55:00,57.79999923706055,57.89500045776367,57.79999923706055,57.880001068115234,91979
2026-03-05 17:00:00,57.875,57.97999954223633,57.81999969482422,57.959999084472656,131440
2026-03-05 17:05:00,57.959999084472656,57.970001220703125,57.875,57.935001373291016,102270
2026-03-05 17:10:00,57.93000030517578,57.93000030517578,57.79999923706055,57.79999923706055,129490
2026-03-05 17:15:00,57.80500030517578,57.81499862670898,57.68000030517578,57.80500030517578,146007
2026-03-05 17:20:00,57.810001373291016,57.86000061035156,57.72499847412109,57.73500061035156,114855
2026-03-05 17:25:00,57.72999954223633,57.755001068115234,57.66999816894531,57.709999084472656,146507
2026-03-05 17:30:00,57.709999084472656,57.7400016784668,57.5801010131836,57.595001220703125,136949
2026-03-05 17:35:00,57.595001220703125,57.63999938964844,57.5099983215332,57.595001220703125,158108
2026-03-05 17:40:00,57.59999847412109,57.630001068115234,57.5099983215332,57.54499816894531,111276
2026-03-05 17:45:00,57.54499816894531,57.720001220703125,57.470001220703125,57.630001068115234,2785790
2026-03-05 17:50:00,57.630001068115234,57.70000076293945,57.59000015258789,57.619998931884766,167770
2026-03-05 17:55:00,57.619998931884766,57.7599983215332,57.619998931884766,57.71969985961914,131001
2026-03-05 18:00:00,57.71049880981445,57.790000915527344,57.63999938964844,57.7400016784668,173820
2026-03-05 18:05:00,57.72999954223633,57.880001068115234,57.72999954223633,57.85499954223633,128251
2026-03-05 18:10:00,57.85499954223633,57.875,57.744998931884766,57.79499816894531,119785
2026-03-05 18:15:00,57.79999923706055,57.80500030517578,57.60499954223633,57.60499954223633,131338
2026-03-05 18:20:00,57.61000061035156,57.6599006652832,57.540000915527344,57.630001068115234,666978
2026-03-05 18:25:00,57.630001068115234,57.64500045776367,57.540000915527344,57.54999923706055,114764
2026-03-05 18:30:00,57.55500030517578,57.584999084472656,57.47499847412109,57.540000915527344,121850
2026-03-05 18:35:00,57.52999877929688,57.63999938964844,57.5099983215332,57.59000015258789,80752
2026-03-05 18:40:00,57.595001220703125,57.64500045776367,57.58000183105469,57.63999938964844,85625
2026-03-05 18:45:00,57.630001068115234,57.63990020751953,57.56999969482422,57.59999847412109,85558
2026-03-05 18:50:00,57.59000015258789,57.59000015258789,57.47499847412109,57.505001068115234,91371
2026-03-05 18:55:00,57.5,57.56999969482422,57.5,57.540000915527344,75744
2026-03-05 19:00:00,57.54499816894531,57.58000183105469,57.43000030517578,57.470001220703125,92914
2026-03-05 19:05:00,57.47499847412109,57.52000045776367,57.435001373291016,57.46989822387695,97625
2026-03-05 19:10:00,57.470001220703125,57.560001373291016,57.43000030517578,57.53200149536133,93917
2026-03-05 19:15:00,57.540000915527344,57.60499954223633,57.50379943847656,57.59000015258789,77592
2026-03-05 19:20:00,57.595001220703125,57.650001525878906,57.58000183105469,57.59999847412109,82316
2026-03-05 19:25:00,57.59000015258789,57.59999847412109,57.470001220703125,57.5099983215332,103385
2026-03-05 19:30:00,57.5,57.53499984741211,57.464500427246094,57.525001525878906,90947
2026-03-05 19:35:00,57.52159881591797,57.55500030517578,57.505001068115234,57.52000045776367,105678
2026-03-05 19:40:00,57.52999877929688,57.54499816894531,57.49300003051758,57.540000915527344,856337
2026-03-05 19:45:00,57.54499816894531,57.619998931884766,57.505001068115234,57.55500030517578,111132
2026-03-05 19:50:00,57.55500030517578,57.69499969482422,57.55500030517578,57.59999847412109,85346
2026-03-05 19:55:00,57.59999847412109,57.72999954223633,57.59999847412109,57.68009948730469,114769
2026-03-05 20:00:00,57.685001373291016,57.70000076293945,57.52000045776367,57.69449996948242,189631
2026-03-05 20:05:00,57.68000030517578,57.72499847412109,57.59999847412109,57.70000076293945,101385
2026-03-05 20:10:00,57.69499969482422,57.79499816894531,57.69010162353516,57.720001220703125,152980
2026-03-05 20:15:00,57.720001220703125,57.79999923706055,57.685001373291016,57.79499816894531,146042
2026-03-05 20:20:00,57.790000915527344,57.83000183105469,57.73500061035156,57.82500076293945,163967
2026-03-05 20:25:00,57.82500076293945,57.869998931884766,57.79100036621094,57.85699844360352,163932
2026-03-05 20:30:00,57.84999847412109,58.0099983215332,57.84000015258789,57.95759963989258,207495
2026-03-05 20:35:00,57.95500183105469,58.060001373291016,57.95500183105469,58.040000915527344,197643
2026-03-05 20:40:00,58.040000915527344,58.06499862670898,58.000099182128906,58.05500030517578,155630
2026-03-05 20:45:00,58.060001373291016,58.09000015258789,57.9739990234375,58.04499816894531,186186
2026-03-05 20:50:00,58.04999923706055,58.060001373291016,57.90999984741211,58.0,336498
2026-03-05 20:55:00,58.0,58.05500030517578,57.95000076293945,58.02000045776367,914728
2026-03-06 14:30:00,57.470001220703125,57.54999923706055,57.0099983215332,57.04499816894531,816926
2026-03-06 14:35:00,57.02999877929688,57.19990158081055,56.84999847412109,56.900001525878906,529708
2026-03-06 14:40:00,56.88999938964844,57.32500076293945,56.83000183105469,57.20000076293945,270872
2026-03-06 14:45:00,57.18999862670898,57.19990158081055,56.79999923706055,56.869998931884766,271567
2026-03-06 14:50:00,56.86000061035156,56.91999816894531,56.77000045776367,56.84000015258789,233815
2026-03-06 14:55:00,56.83000183105469,56.90999984741211,56.7599983215332,56.875,143159
2026-03-06 15:00:00,56.869998931884766,57.09999847412109,56.81999969482422,57.08000183105469,280542
2026-03-06 15:05:00,57.06999969482422,57.07500076293945,56.88999938964844,57.04999923706055,268173
2026-03-06 15:10:00,57.06999969482422,57.209999084472656,57.06999969482422,57.150001525878906,137868
2026-03-06 15:15:00,57.150001525878906,57.27000045776367,57.06999969482422,57.230499267578125,149046
2026-03-06 15:20:00,57.220001220703125,57.310001373291016,57.18000030517578,57.20000076293945,89870
2026-03-06 15:25:00,57.18000030517578,57.22999954223633,57.08000183105469,57.130001068115234,144735
2026-03-06 15:30:00,57.150001525878906,57.310001373291016,57.125,57.27999877929688,149493
2026-03-06 15:35:00,57.290000915527344,57.31999969482422,57.18999862670898,57.25,228163
2026-03-06 15:40:00,57.244998931884766,57.255001068115234,57.06999969482422,57.15499877929688,161403
2026-03-06 15:45:00,57.15499877929688,57.171199798583984,57.095001220703125,57.15999984741211,105578
2026-03-06 15:50:00,57.15499877929688,57.20930099487305,57.040000915527344,57.095001220703125,123556
2026-03-06 15:55:00,57.095001220703125,57.358001708984375,57.095001220703125,57.29999923706055,168887
2026-03-06 16:00:00,57.290000915527344,57.369998931884766,57.16999816894531,57.18999862670898,169105
2026-03-06 16:05:00,57.18999862670898,57.22999954223633,57.150001525878906,57.16999816894531,204682
2026-03-06 16:10:00,57.16999816894531,57.18999862670898,57.04999923706055,57.060001373291016,143740
2026-03-06 16:15:00,57.04999923706055,57.130001068115234,57.040000915527344,57.084999084472656,119547
2026-03-06 16:20:00,57.084999084472656,57.09000015258789,56.86000061035156,56.97999954223633,208119
2026-03-06 16:25:00,56.970001220703125,57.01499938964844,56.90499877929688,56.90499877929688,119453
2026-03-06 16:30:00,56.900001525878906,56.90999984741211,56.84000015258789,56.8650016784668,142829
2026-03-06 16:35:00,56.86000061035156,56.970001220703125,56.84999847412109,56.89500045776367,246277
2026-03-06 16:40:00,56.900001525878906,57.00459289550781,56.83000183105469,56.845001220703125,202351
2026-03-06 16:45:00,56.845001220703125,57.20000076293945,56.84000015258789,57.185001373291016,234090
2026-03-06 16:50:00,57.18999862670898,57.310001373291016,57.150001525878906,57.27000045776367,335118
2026-03-06 16:55:00,57.2599983215332,57.27000045776367,57.130001068115234,57.16999816894531,114562
2026-03-06 17:00:00,57.17369842529297,57.470001220703125,57.17369842529297,57.435001373291016,190762
2026-03-06 17:05:00,57.43999862670898,57.45500183105469,57.2599983215332,57.27999877929688,125350
2026-03-06 17:10:00,57.275001525878906,57.30979919433594,57.119998931884766,57.15999984741211,151935
2026-03-06 17:15:00,57.15999984741211,57.250301361083984,57.1150016784668,57.23500061035156,120329
2026-03-06 17:20:00,57.24909973144531,57.43000030517578,57.220001220703125,57.369998931884766,117437
2026-03-06 17:25:00,57.34999847412109,57.34999847412109,57.07500076293945,57.119998931884766,95203
2026-03-06 17:30:00,57.119998931884766,57.169898986816406,57.06999969482422,57.165000915527344,69838
2026-03-06 17:35:00,57.15999984741211,57.15999984741211,57.0,57.04999923706055,90680
2026-03-06 17:40:00,57.04999923706055,57.060001373291016,56.95000076293945,56.97999954223633,98377
2026-03-06 17:45:00,56.97999954223633,57.14500045776367,56.97999954223633,57.130001068115234,72871
2026-03-06 17:50:00,57.13100051879883,57.16999816894531,57.09000015258789,57.09999847412109,45066
2026-03-06 17:55:00,57.09999847412109,57.16999816894531,57.060001373291016,57.09999847412109,51918
2026-03-06 18:00:00,57.09999847412109,57.20000076293945,57.09999847412109,57.14500045776367,97300
2026-03-06 18:05:00,57.150001525878906,57.185001373291016,57.11000061035156,57.140098571777344,108904
2026-03-06 18:10:00,57.14500045776367,57.36000061035156,57.130001068115234,57.27999877929688,214308
2026-03-06 18:15:00,57.27000045776367,57.33000183105469,57.21500015258789,57.31999969482422,84906
2026-03-06 18:20:00,57.33000183105469,57.36000061035156,57.18000030517578,57.209999084472656,74453
2026-03-06 18:25:00,57.21720123291016,57.229000091552734,57.07500076293945,57.10499954223633,69238
2026-03-06 18:30:00,57.09999847412109,57.18000030517578,57.09000015258789,57.13999938964844,64428
2026-03-06 18:35:00,57.130001068115234,57.150001525878906,57.05970001220703,57.1349983215332,64951
2026-03-06 18:40:00,57.13019943237305,57.18999862670898,57.1150016784668,57.130001068115234,215068
2026-03-06 18:45:00,57.14500045776367,57.18999862670898,57.084999084472656,57.18000030517578,76823
2026-03-06 18:50:00,57.1870002746582,57.220001220703125,57.06999969482422,57.1349983215332,77578
2026-03-06 18:55:00,57.130001068115234,57.15499877929688,57.02999877929688,57.03070068359375,83659
2026-03-06 19:00:00,57.040000915527344,57.09000015258789,56.97999954223633,56.994998931884766,206348
2026-03-06 19:05:00,56.9900016784668,57.06499862670898,56.97999954223633,57.06499862670898,65215
2026-03-06 19:10:00,57.06499862670898,57.14070129394531,57.05699920654297,57.09999847412109,286433
2026-03-06 19:15:00,57.09999847412109,57.10499954223633,56.98500061035156,56.9900016784668,171878
2026-03-06 19:20:00,56.9900016784668,57.0,56.88069915771485,56.935001373291016,136776
2026-03-06 19:25:00,56.93000030517578,56.9900016784668,56.900001525878906,56.97499847412109,161872
2026-03-06 19:30:00,56.970001220703125,57.09000015258789,56.970001220703125,57.08000183105469,210782
2026-03-06 19:35:00,57.08000183105469,57.15499877929688,57.0,57.0099983215332,91416
2026-03-06 19:40:00,57.02000045776367,57.08000183105469,57.00820159912109,57.0099983215332,133356
2026-03-06 19:45:00,57.01499938964844,57.03499984741211,56.935001373291016,56.95009994506836,175991
2026-03-06 19:50:00,56.95000076293945,57.025001525878906,56.93320083618164,57.02000045776367,83087
2026-03-06 19:55:00,57.01499938964844,57.1150016784668,57.005001068115234,57.11000061035156,97885
2026-03-06 20:00:00,57.119998931884766,57.15999984741211,57.0099983215332,57.04999923706055,113967
2026-03-06 20:05:00,57.05500030517578,57.06999969482422,56.9900016784668,57.025001525878906,104168
2026-03-06 20:10:00,57.025001525878906,57.11000061035156,57.02000045776367,57.06499862670898,142243
2026-03-06 20:15:00,57.06999969482422,57.119998931884766,57.040000915527344,57.09000015258789,170242
2026-03-06 20:20:00,57.09000015258789,57.125301361083984,57.0099983215332,57.01499938964844,124518
2026-03-06 20:25:00,57.0099983215332,57.0099983215332,56.935001373291016,56.95000076293945,201406
2026-03-06 20:30:00,56.94499969482422,57.04970169067383,56.880001068115234,56.97499847412109,247808
2026-03-06 20:35:00,56.97499847412109,57.01499938964844,56.900001525878906,56.98500061035156,224843
2026-03-06 20:40:00,56.98500061035156,57.060001373291016,56.93999862670898,56.95500183105469,246118
2026-03-06 20:45:00,56.95500183105469,56.97999954223633,56.86000061035156,56.8849983215332,332753
2026-03-06 20:50:00,56.880001068115234,56.9900016784668,56.790000915527344,56.97999954223633,600602
2026-03-06 20:55:00,56.97999954223633,57.06999969482422,56.97999954223633,57.0099983215332,1117422
