timestamp,Open,High,Low,Close,Volume
2026-01-08 14:30:00,154.4,154.5,153.42,154.14,116845
2026-01-08 14:35:00,154.16,154.51,153.84,154.01,37525
2026-01-08 14:40:00,154.02,154.63,154.01,154.53,41932
2026-01-08 14:45:00,154.47,155.2682,154.35,155.18,60690
2026-01-08 14:50:00,155.22,155.42,155.01,155.325,44404
2026-01-08 14:55:00,155.37,155.93,155.27,155.92,38071
2026-01-08 15:00:00,155.935,156.3619,155.75,156.23,62113
2026-01-08 15:05:00,156.3,156.8589,156.3,156.58,37407
2026-01-08 15:10:00,156.565,156.65,156.31,156.445,41958
2026-01-08 15:15:00,156.53,156.8813,156.53,156.745,40720
2026-01-08 15:20:00,156.745,157.03,156.7151,157.005,81615
2026-01-08 15:25:00,157.05,157.28,157.01,157.12,52374
2026-01-08 15:30:00,157.12,157.44,157.105,157.33,46269
2026-01-08 15:35:00,157.33,157.5,157.14,157.435,33742
2026-01-08 15:40:00,157.435,157.45,157.26,157.26,36798
2026-01-08 15:45:00,157.26,157.48,157.26,157.4,37704
2026-01-08 15:50:00,157.41,157.7,157.32,157.32,47486
2026-01-08 15:55:00,157.3299,157.48,157.29,157.33,39746
2026-01-08 16:00:00,157.31,157.45,157.18,157.32,40806
2026-01-08 16:05:00,157.35,157.43,157.27,157.37,27728
2026-01-08 16:10:00,157.375,157.455,157.275,157.4,41884
2026-01-08 16:15:00,157.4,157.5141,157.395,157.43,62227
2026-01-08 16:20:00,157.45,157.61,157.39,157.535,42300
2026-01-08 16:25:00,157.5,157.71,157.49,157.67,37236
2026-01-08 16:30:00,157.69,158.07,157.67,157.96,80099
2026-01-08 16:35:00,157.97,158.16,157.94,158.1035,79165
2026-01-08 16:40:00,158.16,158.24,158.03,158.08,36945
2026-01-08 16:45:00,158.07,158.11,157.8801,157.95,32797
2026-01-08 16:50:00,157.93,158.025,157.78,157.82,50901
2026-01-08 16:55:00,157.85,157.99,157.78,157.84,47230
2026-01-08 17:00:00,157.845,158.0,157.81,158.0,50849
2026-01-08 17:05:00,157.94,158.04,157.56,157.56,103061
2026-01-08 17:10:00,157.56,157.81,157.56,157.8,32903
2026-01-08 17:15:00,157.81,157.81,157.66,157.715,39844
2026-01-08 17:20:00,157.705,157.82,157.69,157.71,33666
2026-01-08 17:25:00,157.71,157.84,157.69,157.764,34534
2026-01-08 17:30:00,157.8,158.04,157.7881,158.02,32677
2026-01-08 17:35:00,158.02,158.06,157.93,158.05,30618
2026-01-08 17:40:00,158.04,158.075,157.97,158.015,19684
2026-01-08 17:45:00,158.03,158.05,157.99,158.02,23295
2026-01-08 17:50:00,158.01,158.03,157.89,158.0,21007
2026-01-08 17:55:00,158.0,158.09,157.97,158.06,38378
2026-01-08 18:00:00,158.05,158.145,157.98,158.075,35034
2026-01-08 18:05:00,158.09,158.129,157.95,157.955,28054
2026-01-08 18:10:00,157.955,157.96,157.79,157.82,23013
2026-01-08 18:15:00,157.81,157.89,157.71,157.855,40204
2026-01-08 18:20:00,157.88,157.99,157.84,157.93,34258
2026-01-08 18:25:00,157.93,157.94,157.75,157.79,32110
2026-01-08 18:30:00,157.8083,157.9799,157.795,157.89,35841
2026-01-08 18:35:00,157.915,157.96,157.87,157.9,21815
2026-01-08 18:40:00,157.93,158.05,157.89,157.995,29882
2026-01-08 18:45:00,157.97,158.04,157.95,158.01,29020
2026-01-08 18:50:00,158.015,158.04,157.91,157.92,27056
2026-01-08 18:55:00,157.905,158.005,157.705,157.74,32187
2026-01-08 19:00:00,157.7271,157.86,157.43,157.6001,85360
2026-01-08 19:05:00,157.645,157.745,157.59,157.71,27505
2026-01-08 19:10:00,157.72,157.78,157.67,157.775,21770
2026-01-08 19:15:00,157.785,157.785,157.525,157.61,20458
2026-01-08 19:20:00,157.57,157.68,157.57,157.57,18624
2026-01-08 19:25:00,157.58,157.675,157.57,157.675,17659
2026-01-08 19:30:00,157.675,157.9199,157.65,157.87,75583
2026-01-08 19:35:00,157.86,158.12,157.86,158.055,117754
2026-01-08 19:40:00,158.05,158.3,158.05,158.3,129258
2026-01-08 19:45:00,158.3,158.39,157.97,158.255,591971
2026-01-08 19:50:00,158.2525,158.265,158.0,158.0,51999
2026-01-08 19:55:00,157.995,158.2075,157.93,158.0299,98190
2026-01-08 20:00:00,158.015,158.305,158.015,158.19,60525
2026-01-08 20:05:00,158.19,158.55,158.16,158.45,73050
2026-01-08 20:10:00,158.45,158.475,158.2665,158.34,59158
2026-01-08 20:15:00,158.33,158.515,158.325,158.35,70860
2026-01-08 20:20:00,158.34,158.37,157.925,157.925,52971
2026-01-08 20:25:00,157.92,157.94,157.54,157.6,76290
2026-01-08 20:30:00,157.61,157.825,157.61,157.805,72418
2026-01-08 20:35:00,157.79,158.01,157.79,157.845,67414
2026-01-08 20:40:00,157.845,157.99,157.81,157.84,70025
2026-01-08 20:45:00,157.83,157.86,157.7,157.795,87830
2026-01-08 20:50:00,157.82,158.075,157.66,158.05,129207
2026-01-08 20:55:00,158.04,158.28,157.935,158.25,449506
2026-01-09 14:30:00,157.92,159.21,157.9001,159.21,146940
2026-01-09 14:35:00,159.14,159.29,158.42,158.9684,233309
2026-01-09 14:40:00,158.8734,159.03,158.33,158.605,52816
2026-01-09 14:45:00,158.595,158.68,158.19,158.57,58839
2026-01-09 14:50:00,158.58,158.96,158.49,158.93,159929
2026-01-09 14:55:00,158.88,159.1644,158.68,158.885,104607
2026-01-09 15:00:00,158.96,158.96,157.66,158.01,106770
2026-01-09 15:05:00,157.93,157.99,157.3,157.53,54730
2026-01-09 15:10:00,157.56,158.255,157.5401,158.235,75483
2026-01-09 15:15:00,158.31,158.615,158.29,158.51,57856
2026-01-09 15:20:00,158.57,159.255,158.57,159.255,289081
2026-01-09 15:25:00,159.2066,159.48,159.135,159.135,42545
2026-01-09 15:30:00,159.2,159.255,158.96,159.0401,39392
2026-01-09 15:35:00,159.0799,159.0799,158.87,158.965,25328
2026-01-09 15:40:00,158.965,159.01,158.7551,158.815,38456
2026-01-09 15:45:00,158.795,158.929,158.725,158.79,27930
2026-01-09 15:50:00,158.82,158.86,158.638,158.72,35050
2026-01-09 15:55:00,158.715,158.72,158.57,158.61,30364
2026-01-09 16:00:00,158.61,158.86,158.59,158.74,45249
2026-01-09 16:05:00,158.78,158.79,158.445,158.6,39939
2026-01-09 16:10:00,158.59,158.66,158.385,158.45,31339
2026-01-09 16:15:00,158.48,158.8,158.48,158.515,29305
2026-01-09 16:20:00,158.515,158.5701,158.43,158.515,23426
2026-01-09 16:25:00,158.515,158.515,158.235,158.235,17659
2026-01-09 16:30:00,158.2,158.23,157.851,157.96,29186
2026-01-09 16:35:00,157.95,158.35,157.95,158.175,50056
2026-01-09 16:40:00,158.175,158.34,158.05,158.285,34866
2026-01-09 16:45:00,158.3299,158.4,158.23,158.395,24466
2026-01-09 16:50:00,158.38,158.385,158.19,158.25,15552
2026-01-09 16:55:00,158.2425,158.3,158.17,158.24,36026
2026-01-09 17:00:00,158.28,158.4571,158.218,158.335,32381
2026-01-09 17:05:00,158.33,158.44,158.18,158.32,49610
2026-01-09 17:10:00,158.34,158.34,158.18,158.31,27632
2026-01-09 17:15:00,158.315,158.44,158.225,158.43,18796
2026-01-09 17:20:00,158.41,158.43,158.26,158.345,32246
2026-01-09 17:25:00,158.39,158.45,158.37,158.405,22076
2026-01-09 17:30:00,158.405,158.43,158.31,158.31,24391
2026-01-09 17:35:00,158.31,158.345,158.245,158.33,20664
2026-01-09 17:40:00,158.32,158.36,158.26,158.29,20354
2026-01-09 17:45:00,158.327,158.39,158.255,158.335,27860
2026-01-09 17:50:00,158.32,158.35,158.22,158.22,19077
2026-01-09 17:55:00,158.235,158.292,158.235,158.2516,25451
2026-01-09 18:00:00,158.25,158.38,158.22,158.355,28557
2026-01-09 18:05:00,158.38,158.46,158.34,158.415,27407
2026-01-09 18:10:00,158.4399,158.44,158.36,158.395,23969
2026-01-09 18:15:00,158.408,158.56,158.35,158.35,39298
2026-01-09 18:20:00,158.37,158.38,158.215,158.285,41140
2026-01-09 18:25:00,158.31,158.41,158.27,158.41,21466
2026-01-09 18:30:00,158.425,158.53,158.42,158.53,31325
2026-01-09 18:35:00,158.53,158.655,158.525,158.56,19574
2026-01-09 18:40:00,158.569,158.635,158.51,158.54,13648
2026-01-09 18:45:00,158.57,158.58,158.43,158.52,22050
2026-01-09 18:50:00,158.525,158.525,158.435,158.47,19135
2026-01-09 18:55:00,158.47,158.5,158.421,158.49,16947
2026-01-09 19:00:00,158.5,158.615,158.49,158.56,28313
2026-01-09 19:05:00,158.55,158.58,158.51,158.54,26782
2026-01-09 19:10:00,158.52,158.625,158.49,158.59,40615
2026-01-09 19:15:00,158.57,158.62,158.48,158.605,31148
2026-01-09 19:20:00,158.59,158.6,158.415,158.42,24348
2026-01-09 19:25:00,158.43,158.43,158.19,158.235,73787
2026-01-09 19:30:00,158.21,158.29,158.0693,158.0693,35178
2026-01-09 19:35:00,158.08,158.1,157.93,157.945,30136
2026-01-09 19:40:00,157.945,158.0,157.84,157.945,28521
2026-01-09 19:45:00,157.95,158.05,157.91,157.94,29544
2026-01-09 19:50:00,157.98,158.04,157.92,158.04,24890
2026-01-09 19:55:00,158.045,158.23,158.005,158.19,34364
2026-01-09 20:00:00,158.19,158.39,158.155,158.39,28451
2026-01-09 20:05:00,158.39,158.39,158.25,158.3,38189
2026-01-09 20:10:00,158.305,158.34,158.23,158.31,28670
2026-01-09 20:15:00,158.32,158.46,158.31,158.33,34055
2026-01-09 20:20:00,158.33,158.36,158.295,158.35,35486
2026-01-09 20:25:00,158.37,158.41,158.28,158.404,36821
2026-01-09 20:30:00,158.41,158.45,158.3,158.365,53296
2026-01-09 20:35:00,158.365,158.38,158.09,158.115,42468
2026-01-09 20:40:00,158.14,158.17,158.04,158.1,52483
2026-01-09 20:45:00,158.1,158.17,158.04,158.1051,67138
2026-01-09 20:50:00,158.1,158.18,158.01,158.04,102131
2026-01-09 20:55:00,158.03,158.07,157.8,157.8,299507
2026-01-12 14:30:00,157.71,157.97,157.225,157.485,108656
2026-01-12 14:35:00,157.46,158.14,157.27,157.68,51555
2026-01-12 14:40:00,157.6434,158.04,157.61,157.97,30600
2026-01-12 14:45:00,157.97,158.31,157.97,158.275,31526
2026-01-12 14:50:00,158.275,158.275,157.96,157.96,21563
2026-01-12 14:55:00,157.94,158.34,157.85,158.2,48969
2026-01-12 15:00:00,158.255,158.375,158.14,158.22,93360
2026-01-12 15:05:00,158.21,158.435,158.0801,158.435,68436
2026-01-12 15:10:00,158.41,158.4462,158.225,158.33,41264
2026-01-12 15:15:00,158.28,158.54,158.07,158.45,42709
2026-01-12 15:20:00,158.42,158.565,158.27,158.375,45616
2026-01-12 15:25:00,158.33,158.36,158.27,158.29,38311
2026-01-12 15:30:00,158.34,158.585,158.31,158.585,90664
2026-01-12 15:35:00,158.6,158.7564,158.44,158.67,44605
2026-01-12 15:40:00,158.67,158.76,158.6,158.715,30293
2026-01-12 15:45:00,158.715,158.72,158.56,158.69,26570
2026-01-12 15:50:00,158.69,158.69,158.45,158.51,29285
2026-01-12 15:55:00,158.5,158.58,158.43,158.53,29962
2026-01-12 16:00:00,158.5,158.635,158.49,158.6,40200
2026-01-12 16:05:00,158.6,158.64,158.32,158.326,36438
2026-01-12 16:10:00,158.3675,158.3675,158.16,158.24,21968
2026-01-12 16:15:00,158.21,158.32,158.16,158.31,27298
2026-01-12 16:20:00,158.275,158.3,158.21,158.29,20310
2026-01-12 16:25:00,158.295,158.38,158.155,158.155,34065
2026-01-12 16:30:00,158.16,158.16,157.8709,157.9896,24216
2026-01-12 16:35:00,158.06,158.17,158.0404,158.0404,30273
2026-01-12 16:40:00,158.06,158.13,157.99,158.085,21866
2026-01-12 16:45:00,158.08,158.221,158.07,158.13,25123
2026-01-12 16:50:00,158.12,158.15,158.045,158.045,17480
2026-01-12 16:55:00,158.06,158.09,157.905,157.92,27611
2026-01-12 17:00:00,157.92,158.07,157.87,158.04,29007
2026-01-12 17:05:00,158.01,158.01,157.905,157.9504,25972
2026-01-12 17:10:00,157.94,158.0,157.7625,157.8,28457
2026-01-12 17:15:00,157.8267,157.8267,157.59,157.62,31593
2026-01-12 17:20:00,157.625,157.705,157.59,157.655,29340
2026-01-12 17:25:00,157.65,157.65,157.4,157.43,21324
2026-01-12 17:30:00,157.43,157.43,157.1923,157.195,41492
2026-01-12 17:35:00,157.195,157.195,156.87,156.87,69183
2026-01-12 17:40:00,157.04,157.09,157.02,157.065,51780
2026-01-12 17:45:00,157.065,157.26,157.05,157.26,39349
2026-01-12 17:50:00,157.22,157.27,157.06,157.1,33765
2026-01-12 17:55:00,157.105,157.295,157.08,157.23,26636
2026-01-12 18:00:00,157.21,157.285,157.16,157.26,37126
2026-01-12 18:05:00,157.26,157.32,157.18,157.24,30247
2026-01-12 18:10:00,157.235,157.32,157.235,157.25,33409
2026-01-12 18:15:00,157.24,157.39,157.23,157.34,29112
2026-01-12 18:20:00,157.36,157.53,157.34,157.47,30498
2026-01-12 18:25:00,157.46,157.53,157.45,157.5136,29322
2026-01-12 18:30:00,157.471,157.5,157.33,157.345,18499
2026-01-12 18:35:00,157.35,157.3599,157.21,157.3162,32943
2026-01-12 18:40:00,157.315,157.44,157.3,157.4399,27975
2026-01-12 18:45:00,157.42,157.455,157.33,157.3638,30186
2026-01-12 18:50:00,157.36,157.51,157.345,157.455,47569
2026-01-12 18:55:00,157.43,157.43,157.36,157.36,37059
2026-01-12 19:00:00,157.355,157.44,157.28,157.43,40688
2026-01-12 19:05:00,157.43,157.53,157.33,157.5175,35185
2026-01-12 19:10:00,157.52,157.52,157.44,157.49,39842
2026-01-12 19:15:00,157.4701,157.5,157.33,157.35,23141
2026-01-12 19:20:00,157.35,157.44,157.33,157.37,22028
2026-01-12 19:25:00,157.39,157.45,157.325,157.415,102400
2026-01-12 19:30:00,157.4,157.7,157.4,157.63,69893
2026-01-12 19:35:00,157.6388,157.92,157.48,157.79,42819
2026-01-12 19:40:00,157.805,157.84,157.675,157.81,29769
2026-01-12 19:45:00,157.84,157.86,157.76,157.76,27279
2026-01-12 19:50:00,157.76,157.77,157.53,157.5783,26217
2026-01-12 19:55:00,157.57,157.6,157.482,157.5001,31629
2026-01-12 20:00:00,157.49,157.5,157.185,157.39,30154
2026-01-12 20:05:00,157.43,157.47,157.32,157.42,46986
2026-01-12 20:10:00,157.4,157.435,157.295,157.3323,32191
2026-01-12 20:15:00,157.335,157.35,157.215,157.285,37392
2026-01-12 20:20:00,157.2614,157.27,157.19,157.19,37340
2026-01-12 20:25:00,157.18,157.26,157.14,157.14,47062
2026-01-12 20:30:00,157.14,157.1598,157.02,157.105,48184
2026-01-12 20:35:00,157.1,157.24,157.1,157.185,66889
2026-01-12 20:40:00,157.2,157.27,157.18,157.245,59846
2026-01-12 20:45:00,157.26,157.28,157.06,157.09,78909
2026-01-12 20:50:00,157.07,157.18,156.91,157.09,201390
2026-01-12 20:55:00,157.09,157.2325,156.95,157.075,397089
2026-01-13 14:30:00,156.88,157.49,156.825,157.1,83493
2026-01-13 14:35:00,157.14,157.15,156.64,156.855,36628
2026-01-13 14:40:00,156.8442,157.0205,156.42,156.42,21759
2026-01-13 14:45:00,156.425,156.56,156.285,156.48,17503
2026-01-13 14:50:00,156.53,157.03,156.53,156.95,52133
2026-01-13 14:55:00,156.91,157.035,156.78,156.9616,22914
2026-01-13 15:00:00,156.985,157.08,156.9032,157.06,22924
2026-01-13 15:05:00,157.055,157.1,156.885,156.9285,32470
2026-01-13 15:10:00,156.98,157.06,156.9175,157.015,25984
2026-01-13 15:15:00,157.015,157.21,156.93,157.165,78023
2026-01-13 15:20:00,157.17,157.22,157.11,157.205,40727
2026-01-13 15:25:00,157.205,157.27,157.09,157.24,52528
2026-01-13 15:30:00,157.21,157.22,157.14,157.2,38427
2026-01-13 15:35:00,157.2,157.265,157.09,157.13,28577
2026-01-13 15:40:00,157.1,157.145,156.92,157.0,26862
2026-01-13 15:45:00,156.97,157.05,156.855,157.05,32430
2026-01-13 15:50:00,157.0093,157.1,156.95,156.96,30254
2026-01-13 15:55:00,156.98,157.075,156.91,156.9425,26968
2026-01-13 16:00:00,156.91,157.1,156.86,157.02,26715
2026-01-13 16:05:00,157.015,157.08,156.9866,157.035,20282
2026-01-13 16:10:00,157.05,157.11,157.02,157.04,22530
2026-01-13 16:15:00,157.04,157.16,156.98,157.085,43290
2026-01-13 16:20:00,157.07,157.17,157.06,157.12,35481
2026-01-13 16:25:00,157.14,157.195,157.11,157.12,31006
2026-01-13 16:30:00,157.1,157.16,157.06,157.125,21719
2026-01-13 16:35:00,157.125,157.1577,157.06,157.145,16975
2026-01-13 16:40:00,157.1201,157.27,157.1201,157.21,72596
2026-01-13 16:45:00,157.21,157.21,157.12,157.155,37196
2026-01-13 16:50:00,157.17,157.21,157.08,157.08,43241
2026-01-13 16:55:00,157.085,157.15,157.03,157.1,24886
2026-01-13 17:00:00,157.13,157.17,156.975,157.17,24338
2026-01-13 17:05:00,157.1678,157.1678,157.05,157.05,21363
2026-01-13 17:10:00,157.04,157.17,157.04,157.14,22209
2026-01-13 17:15:00,157.1329,157.1329,157.04,157.05,17730
2026-01-13 17:20:00,157.03,157.11,156.99,157.07,18268
2026-01-13 17:25:00,157.06,157.08,157.02,157.0514,14584
2026-01-13 17:30:00,157.05,157.125,156.92,157.0812,24651
2026-01-13 17:35:00,157.1,157.14,156.98,157.14,17183
2026-01-13 17:40:00,157.14,157.33,157.13,157.255,44046
2026-01-13 17:45:00,157.255,157.49,157.25,157.3,64894
2026-01-13 17:50:00,157.33,157.34,157.19,157.2,40351
2026-01-13 17:55:00,157.205,157.22,157.18,157.22,44159
2026-01-13 18:00:00,157.21,157.39,157.17,157.3301,44260
2026-01-13 18:05:00,157.315,157.4022,157.315,157.3301,19462
2026-01-13 18:10:00,157.35,157.55,157.35,157.41,39243
2026-01-13 18:15:00,157.41,157.475,157.355,157.355,27804
2026-01-13 18:20:00,157.34,157.36,157.27,157.32,14852
2026-01-13 18:25:00,157.35,157.378,157.19,157.19,12893
2026-01-13 18:30:00,157.17,157.2,157.09,157.2,14297
2026-01-13 18:35:00,157.24,157.305,157.22,157.25,10714
2026-01-13 18:40:00,157.27,157.37,157.27,157.3,22197
2026-01-13 18:45:00,157.3038,157.3038,157.24,157.2899,20991
2026-01-13 18:50:00,157.275,157.37,157.22,157.37,17747
2026-01-13 18:55:00,157.38,157.57,157.35,157.39,42301
2026-01-13 19:00:00,157.44,157.45,157.3,157.3,22156
2026-01-13 19:05:00,157.315,157.39,157.29,157.33,19421
2026-01-13 19:10:00,157.32,157.32,157.14,157.2182,21681
2026-01-13 19:15:00,157.215,157.32,157.19,157.3,17821
2026-01-13 19:20:00,157.28,157.3,157.23,157.2916,17774
2026-01-13 19:25:00,157.27,157.32,157.27,157.29,21914
2026-01-13 19:30:00,157.275,157.29,157.2101,157.22,21927
2026-01-13 19:35:00,157.23,157.26,157.2093,157.23,18067
2026-01-13 19:40:00,157.225,157.27,157.22,157.27,11792
2026-01-13 19:45:00,157.27,157.3,157.24,157.3,19942
2026-01-13 19:50:00,157.31,157.35,157.28,157.345,20149
2026-01-13 19:55:00,157.3303,157.53,157.3303,157.45,25161
2026-01-13 20:00:00,157.44,157.5799,157.39,157.5093,20152
2026-01-13 20:05:00,157.495,157.495,157.42,157.44,22297
2026-01-13 20:10:00,157.445,157.48,157.4,157.44,24571
2026-01-13 20:15:00,157.44,157.54,157.4068,157.525,24268
2026-01-13 20:20:00,157.54,157.575,157.485,157.54,31401
2026-01-13 20:25:00,157.53,157.54,157.49,157.49,29541
2026-01-13 20:30:00,157.51,157.5295,157.38,157.4,46376
2026-01-13 20:35:00,157.41,157.52,157.39,157.45,55617
2026-01-13 20:40:00,157.455,157.52,157.385,157.455,48397
2026-01-13 20:45:00,157.475,157.56,157.475,157.545,69076
2026-01-13 20:50:00,157.53,157.97,157.53,157.965,128502
2026-01-13 20:55:00,157.95,158.16,157.88,158.11,338465
2026-01-14 14:30:00,157.75,158.11,157.425,157.56,129354
2026-01-14 14:35:00,157.56,157.66,157.02,157.3,49421
2026-01-14 14:40:00,157.2426,157.64,157.17,157.26,43987
2026-01-14 14:45:00,157.2252,157.25,156.91,156.91,41762
2026-01-14 14:50:00,156.91,157.42,156.91,157.34,31717
2026-01-14 14:55:00,157.29,157.29,156.79,156.83,34302
2026-01-14 15:00:00,156.83,157.3094,156.83,157.08,78665
2026-01-14 15:05:00,157.03,157.11,156.8656,156.99,43951
2026-01-14 15:10:00,156.97,157.0,156.61,156.72,56883
2026-01-14 15:15:00,156.725,156.7385,156.0,156.33,62169
2026-01-14 15:20:00,156.345,156.3498,155.91,156.235,67348
2026-01-14 15:25:00,156.235,156.37,155.94,156.02,39984
2026-01-14 15:30:00,156.05,156.16,155.92,156.05,41621
2026-01-14 15:35:00,156.03,156.36,155.9,156.31,43825
2026-01-14 15:40:00,156.32,156.48,156.28,156.445,28569
2026-01-14 15:45:00,156.445,156.52,156.36,156.495,39690
2026-01-14 15:50:00,156.495,156.765,156.41,156.71,37276
2026-01-14 15:55:00,156.7,156.92,156.6949,156.83,31935
2026-01-14 16:00:00,156.83,156.83,156.53,156.53,20220
2026-01-14 16:05:00,156.55,156.56,156.22,156.25,34681
2026-01-14 16:10:00,156.28,156.695,156.28,156.675,58084
2026-01-14 16:15:00,156.63,156.6625,156.44,156.52,49273
2026-01-14 16:20:00,156.54,156.74,156.49,156.59,50805
2026-01-14 16:25:00,156.59,156.61,156.43,156.49,30114
2026-01-14 16:30:00,156.5099,156.64,156.44,156.47,25913
2026-01-14 16:35:00,156.4694,156.49,156.2,156.48,51358
2026-01-14 16:40:00,156.48,156.55,156.24,156.24,49617
2026-01-14 16:45:00,156.26,156.3,156.105,156.265,24956
2026-01-14 16:50:00,156.3,156.36,156.285,156.32,16597
2026-01-14 16:55:00,156.32,156.42,156.275,156.35,24828
2026-01-14 17:00:00,156.35,156.53,156.35,156.53,33535
2026-01-14 17:05:00,156.49,156.5299,156.33,156.33,24752
2026-01-14 17:10:00,156.26,156.35,156.18,156.26,19047
2026-01-14 17:15:00,156.285,156.37,156.17,156.18,21536
2026-01-14 17:20:00,156.2,156.21,156.1,156.15,15836
2026-01-14 17:25:00,156.18,156.2799,156.145,156.27,22109
2026-01-14 17:30:00,156.23,156.23,156.06,156.1995,22915
2026-01-14 17:35:00,156.201,156.34,156.08,156.13,20805
2026-01-14 17:40:00,156.11,156.195,156.09,156.16,19224
2026-01-14 17:45:00,156.14,156.203,156.05,156.06,21740
2026-01-14 17:50:00,156.055,156.09,155.96,156.085,21251
2026-01-14 17:55:00,156.08,156.09,155.67,155.73,50751
2026-01-14 18:00:00,155.72,155.8,155.67,155.735,35894
2026-01-14 18:05:00,155.71,155.89,155.68,155.75,28256
2026-01-14 18:10:00,155.74,155.74,155.52,155.62,55499
2026-01-14 18:15:00,155.64,155.655,155.49,155.57,42956
2026-01-14 18:20:00,155.59,155.6198,155.43,155.435,43549
2026-01-14 18:25:00,155.435,155.47,155.27,155.27,41936
2026-01-14 18:30:00,155.265,155.28,154.95,155.03,46963
2026-01-14 18:35:00,155.03,155.0802,154.84,154.875,67724
2026-01-14 18:40:00,154.875,155.0,154.8,154.935,48482
2026-01-14 18:45:00,154.935,155.26,154.92,154.985,52694
2026-01-14 18:50:00,154.97,155.18,154.96,155.16,28118
2026-01-14 18:55:00,155.16,155.1999,155.07,155.15,30938
2026-01-14 19:00:00,155.16,155.18,155.01,155.01,31770
2026-01-14 19:05:00,155.0,155.01,154.68,154.85,40664
2026-01-14 19:10:00,154.89,155.0,154.86,154.95,31694
2026-01-14 19:15:00,154.96,155.04,154.83,154.875,35847
2026-01-14 19:20:00,154.85,154.91,154.83,154.86,22969
2026-01-14 19:25:00,154.84,154.84,154.68,154.68,32303
2026-01-14 19:30:00,154.73,154.74,154.57,154.64,34918
2026-01-14 19:35:00,154.62,154.69,154.6,154.66,45492
2026-01-14 19:40:00,154.66,154.69,154.62,154.63,29449
2026-01-14 19:45:00,154.63,154.74,154.63,154.701,34656
2026-01-14 19:50:00,154.66,154.9,154.6,154.75,48750
2026-01-14 19:55:00,154.79,154.79,154.535,154.725,46323
2026-01-14 20:00:00,154.69,154.8391,154.59,154.77,52241
2026-01-14 20:05:00,154.78,154.98,154.73,154.9,66011
2026-01-14 20:10:00,154.9,155.02,154.85,154.92,74266
2026-01-14 20:15:00,154.9451,155.02,154.82,154.9,44397
2026-01-14 20:20:00,154.9,154.99,154.6704,154.99,104180
2026-01-14 20:25:00,154.96,155.085,154.93,155.08,67124
2026-01-14 20:30:00,155.085,155.085,154.825,154.97,68217
2026-01-14 20:35:00,154.9894,155.1,154.93,155.08,80161
2026-01-14 20:40:00,155.1,155.18,154.86,154.875,67598
2026-01-14 20:45:00,154.87,154.92,154.77,154.85,90538
2026-01-14 20:50:00,154.89,155.43,154.88,155.31,231318
2026-01-14 20:55:00,155.3,155.3,154.81,155.15,429235
2026-01-15 14:30:00,155.75,155.93,154.81,155.35,122080
2026-01-15 14:35:00,155.395,155.83,155.33,155.59,29551
2026-01-15 14:40:00,155.5417,155.955,155.45,155.49,45964
2026-01-15 14:45:00,155.48,155.8625,155.43,155.7,36199
2026-01-15 14:50:00,155.59,155.7075,155.525,155.65,20562
2026-01-15 14:55:00,155.615,155.8791,155.6,155.635,26187
2026-01-15 15:00:00,155.635,155.695,155.475,155.55,50462
2026-01-15 15:05:00,155.55,155.7861,155.52,155.7407,36478
2026-01-15 15:10:00,155.75,155.83,155.5,155.82,43790
2026-01-15 15:15:00,155.83,156.0558,155.77,155.86,34923
2026-01-15 15:20:00,155.875,156.34,155.87,156.34,22583
2026-01-15 15:25:00,156.29,156.4,156.21,156.235,29349
2026-01-15 15:30:00,156.31,156.34,156.19,156.19,27954
2026-01-15 15:35:00,156.235,156.46,156.2315,156.435,33929
2026-01-15 15:40:00,156.435,156.54,156.39,156.44,34512
2026-01-15 15:45:00,156.475,156.67,156.43,156.635,29771
2026-01-15 15:50:00,156.67,156.77,156.59,156.625,21236
2026-01-15 15:55:00,156.625,156.79,156.54,156.63,33623
2026-01-15 16:00:00,156.68,156.76,156.6277,156.735,21816
2026-01-15 16:05:00,156.77,156.77,156.44,156.47,48863
2026-01-15 16:10:00,156.46,156.52,156.39,156.49,23219
2026-01-15 16:15:00,156.5,156.58,156.4765,156.55,20141
2026-01-15 16:20:00,156.55,156.58,156.42,156.5364,24771
2026-01-15 16:25:00,156.535,156.535,156.43,156.45,21556
2026-01-15 16:30:00,156.445,156.53,156.42,156.515,40142
2026-01-15 16:35:00,156.53,156.605,156.45,156.52,36620
2026-01-15 16:40:00,156.52,156.62,156.49,156.56,34530
2026-01-15 16:45:00,156.595,156.65,156.55,156.565,30542
2026-01-15 16:50:00,156.565,156.565,156.35,156.375,42557
2026-01-15 16:55:00,156.375,156.375,156.21,156.225,24341
2026-01-15 17:00:00,156.2,156.38,156.1975,156.33,31556
2026-01-15 17:05:00,156.31,156.335,156.16,156.16,35414
2026-01-15 17:10:00,156.15,156.35,156.125,156.255,27585
2026-01-15 17:15:00,156.25,156.3,156.22,156.3,21949
2026-01-15 17:20:00,156.38,156.39,156.31,156.31,24554
2026-01-15 17:25:00,156.34,156.34,156.23,156.23,22236
2026-01-15 17:30:00,156.2309,156.3076,156.18,156.24,26599
2026-01-15 17:35:00,156.24,156.27,156.06,156.06,29847
2026-01-15 17:40:00,156.085,156.23,156.07,156.1951,23586
2026-01-15 17:45:00,156.195,156.195,156.14,156.165,23442
2026-01-15 17:50:00,156.18,156.315,156.18,156.3,23318
2026-01-15 17:55:00,156.3,156.34,156.23,156.28,25080
2026-01-15 18:00:00,156.275,156.42,156.145,156.4,34834
2026-01-15 18:05:00,156.42,156.42,156.28,156.365,18400
2026-01-15 18:10:00,156.365,156.595,156.365,156.395,35520
2026-01-15 18:15:00,156.395,156.51,156.392,156.49,18693
2026-01-15 18:20:00,156.4701,156.535,156.43,156.4562,21037
2026-01-15 18:25:00,156.455,156.56,156.375,156.56,21512
2026-01-15 18:30:00,156.56,156.65,156.54,156.65,27511
2026-01-15 18:35:00,156.635,156.716,156.545,156.58,30711
2026-01-15 18:40:00,156.565,156.595,156.545,156.575,25556
2026-01-15 18:45:00,156.55,156.55,156.48,156.48,25280
2026-01-15 18:50:00,156.48,156.48,156.37,156.44,47274
2026-01-15 18:55:00,156.43,156.44,156.28,156.315,71491
2026-01-15 19:00:00,156.29,156.34,156.15,156.16,41618
2026-01-15 19:05:00,156.17,156.315,156.17,156.26,23839
2026-01-15 19:10:00,156.27,156.2899,156.19,156.26,19279
2026-01-15 19:15:00,156.28,156.32,156.1801,156.195,26703
2026-01-15 19:20:00,156.2022,156.345,156.2022,156.335,19430
2026-01-15 19:25:00,156.335,156.335,156.22,156.25,37925
2026-01-15 19:30:00,156.23,156.27,156.07,156.19,70763
2026-01-15 19:35:00,156.2,156.295,156.095,156.15,36272
2026-01-15 19:40:00,156.175,156.2,156.04,156.045,20238
2026-01-15 19:45:00,156.05,156.15,156.03,156.11,21298
2026-01-15 19:50:00,156.11,156.155,156.05,156.06,28470
2026-01-15 19:55:00,156.05,156.1804,156.05,156.09,37153
2026-01-15 20:00:00,156.08,156.25,156.08,156.185,28526
2026-01-15 20:05:00,156.185,156.24,156.12,156.12,26206
2026-01-15 20:10:00,156.13,156.165,155.94,155.945,39262
2026-01-15 20:15:00,155.93,155.95,155.76,155.7699,34136
2026-01-15 20:20:00,155.77,155.92,155.75,155.765,35969
2026-01-15 20:25:00,155.75,155.75,155.6,155.64,41469
2026-01-15 20:30:00,155.63,155.88,155.61,155.77,54647
2026-01-15 20:35:00,155.765,155.8,155.67,155.78,49088
2026-01-15 20:40:00,155.82,155.85,155.66,155.66,45804
2026-01-15 20:45:00,155.66,155.8799,155.62,155.81,46413
2026-01-15 20:50:00,155.86,156.06,155.86,156.055,104214
2026-01-15 20:55:00,156.04,156.19,155.985,156.17,257929
2026-01-16 14:30:00,155.97,156.385,155.74,156.12,551634
2026-01-16 14:35:00,156.116,156.285,155.895,156.145,27491
2026-01-16 14:40:00,156.17,156.295,156.06,156.26,32784
2026-01-16 14:45:00,156.275,156.275,155.83,155.87,42049
2026-01-16 14:50:00,155.91,155.94,155.71,155.79,17292
2026-01-16 14:55:00,155.825,156.2,155.78,156.015,36827
2026-01-16 15:00:00,156.05,156.209,155.91,156.15,50109
2026-01-16 15:05:00,156.175,156.21,156.06,156.13,48293
2026-01-16 15:10:00,156.17,156.27,156.04,156.093,30306
2026-01-16 15:15:00,156.08,156.28,156.08,156.16,31110
2026-01-16 15:20:00,156.21,156.46,156.19,156.42,36363
2026-01-16 15:25:00,156.395,156.4787,156.02,156.145,83627
2026-01-16 15:30:00,156.145,156.285,156.035,156.19,56266
2026-01-16 15:35:00,156.17,156.28,155.9801,156.22,42285
2026-01-16 15:40:00,156.22,156.4477,156.1863,156.39,26408
2026-01-16 15:45:00,156.38,156.65,156.36,156.51,45427
2026-01-16 15:50:00,156.53,156.58,156.44,156.53,161637
2026-01-16 15:55:00,156.54,156.58,156.44,156.495,16076
2026-01-16 16:00:00,156.495,156.8218,156.405,156.78,48637
2026-01-16 16:05:00,156.855,157.08,156.79,156.95,76632
2026-01-16 16:10:00,156.94,157.1,156.84,156.865,24107
2026-01-16 16:15:00,156.89,157.0,156.84,156.84,24371
2026-01-16 16:20:00,156.915,157.005,156.895,156.9684,21720
2026-01-16 16:25:00,156.965,157.1,156.92,157.06,30250
2026-01-16 16:30:00,157.08,157.15,157.05,157.1,68326
2026-01-16 16:35:00,157.105,157.19,156.97,156.99,57043
2026-01-16 16:40:00,157.005,157.105,156.95,157.07,17702
2026-01-16 16:45:00,157.0595,157.3075,157.04,157.18,150816
2026-01-16 16:50:00,157.19,157.305,157.14,157.225,28829
2026-01-16 16:55:00,157.23,157.34,157.18,157.327,20684
2026-01-16 17:00:00,157.3204,157.785,157.3,157.65,46451
2026-01-16 17:05:00,157.675,157.725,157.44,157.45,29065
2026-01-16 17:10:00,157.45,157.495,157.395,157.48,30776
2026-01-16 17:15:00,157.49,157.66,157.47,157.575,24003
2026-01-16 17:20:00,157.62,157.73,157.605,157.64,29580
2026-01-16 17:25:00,157.6419,157.66,157.54,157.5862,17082
2026-01-16 17:30:00,157.615,157.72,157.55,157.62,28880
2026-01-16 17:35:00,157.644,157.69,157.3,157.53,77265
2026-01-16 17:40:00,157.5699,157.59,157.32,157.32,35040
2026-01-16 17:45:00,157.32,157.385,157.2,157.3366,26744
2026-01-16 17:50:00,157.34,157.55,157.32,157.5201,28958
2026-01-16 17:55:00,157.52,157.55,157.29,157.345,24848
2026-01-16 18:00:00,157.34,157.34,157.19,157.305,18908
2026-01-16 18:05:00,157.31,157.39,157.25,157.25,23791
2026-01-16 18:10:00,157.23,157.23,157.095,157.16,16890
2026-01-16 18:15:00,157.19,157.34,157.17,157.34,21554
2026-01-16 18:20:00,157.33,157.3934,157.3,157.37,18287
2026-01-16 18:25:00,157.3814,157.3814,157.27,157.285,14537
2026-01-16 18:30:00,157.285,157.36,157.28,157.345,17792
2026-01-16 18:35:00,157.345,157.395,157.3,157.3,22430
2026-01-16 18:40:00,157.285,157.29,157.14,157.25,26058
2026-01-16 18:45:00,157.27,157.3,157.18,157.25,28756
2026-01-16 18:50:00,157.27,157.37,157.11,157.2381,21192
2026-01-16 18:55:00,157.24,157.43,157.232,157.395,52488
2026-01-16 19:00:00,157.42,157.7,157.401,157.68,22253
2026-01-16 19:05:00,157.7,157.76,157.555,157.56,31589
2026-01-16 19:10:00,157.53,157.53,157.44,157.46,19879
2026-01-16 19:15:00,157.465,157.465,157.28,157.44,88206
2026-01-16 19:20:00,157.42,157.56,157.38,157.56,22650
2026-01-16 19:25:00,157.5554,157.5554,157.385,157.44,28236
2026-01-16 19:30:00,157.42,157.515,157.39,157.51,25028
2026-01-16 19:35:00,157.53,157.64,157.48,157.565,27992
2026-01-16 19:40:00,157.55,157.59,157.51,157.5375,20002
2026-01-16 19:45:00,157.55,157.7,157.52,157.69,27487
2026-01-16 19:50:00,157.71,157.72,157.59,157.62,27194
2026-01-16 19:55:00,157.61,157.675,157.535,157.56,34091
2026-01-16 20:00:00,157.58,157.58,157.32,157.34,32933
2026-01-16 20:05:00,157.34,157.375,157.21,157.255,32872
2026-01-16 20:10:00,157.27,157.3,157.23,157.26,27800
2026-01-16 20:15:00,157.26,157.26,156.81,156.81,56280
2026-01-16 20:20:00,156.8,156.95,156.76,156.835,67321
2026-01-16 20:25:00,156.82,157.0,156.77,156.8,84182
2026-01-16 20:30:00,156.7999,157.0359,156.73,157.01,44299
2026-01-16 20:35:00,157.005,157.02,156.865,156.9,47749
2026-01-16 20:40:00,156.91,157.0,156.84,156.89,73847
2026-01-16 20:45:00,156.91,157.06,156.85,157.03,58550
2026-01-16 20:50:00,157.04,157.48,157.04,157.39,132057
2026-01-16 20:55:00,157.36,157.54,157.26,157.38,427307
2026-01-20 14:30:00,157.2,157.2,155.3491,155.43,193578
2026-01-20 14:35:00,155.545,156.31,155.395,156.235,90875
2026-01-20 14:40:00,156.2138,156.42,155.81,156.25,79120
2026-01-20 14:45:00,156.235,156.6499,156.1875,156.52,46523
2026-01-20 14:50:00,156.185,156.41,156.1,156.27,93897
2026-01-20 14:55:00,156.33,156.39,156.11,156.35,45725
2026-01-20 15:00:00,156.32,156.55,156.29,156.36,94373
2026-01-20 15:05:00,156.36,156.385,156.0,156.095,66195
2026-01-20 15:10:00,156.12,157.035,156.095,157.035,67958
2026-01-20 15:15:00,157.035,157.25,156.86,156.88,66792
2026-01-20 15:20:00,156.88,157.29,156.745,157.12,45342
2026-01-20 15:25:00,157.135,157.3,156.97,157.3,43675
2026-01-20 15:30:00,157.31,157.36,157.1001,157.23,49450
2026-01-20 15:35:00,157.265,157.39,157.25,157.25,54083
2026-01-20 15:40:00,157.3248,157.3248,157.3248,157.3248,59076
2026-01-20 15:45:00,157.36,157.6,157.22,157.445,67007
2026-01-20 15:50:00,157.44,157.6,157.0,157.35,52000
2026-01-20 15:55:00,157.355,157.42,157.26,157.33,78621
2026-01-20 16:00:00,157.35,157.43,157.0,157.005,53725
2026-01-20 16:05:00,156.99,157.0899,156.91,157.05,26265
2026-01-20 16:10:00,157.04,157.1899,157.01,157.135,34118
2026-01-20 16:15:00,157.15,157.27,157.03,157.125,31747
2026-01-20 16:20:00,157.09,157.16,156.97,157.16,30420
2026-01-20 16:25:00,157.105,157.105,156.92,156.975,39416
2026-01-20 16:30:00,156.97,156.9899,156.87,156.94,27127
2026-01-20 16:35:00,156.94,157.02,156.8,156.86,37892
2026-01-20 16:40:00,156.86,156.86,156.62,156.635,31828
2026-01-20 16:45:00,156.65,156.65,156.55,156.57,45952
2026-01-20 16:50:00,156.56,156.72,156.49,156.53,89436
2026-01-20 16:55:00,156.53,156.93,156.53,156.71,31188
2026-01-20 17:00:00,156.725,156.745,156.54,156.56,44727
2026-01-20 17:05:00,156.59,156.6299,156.53,156.605,43954
2026-01-20 17:10:00,156.6,156.655,156.56,156.61,31314
2026-01-20 17:15:00,156.591,156.67,156.48,156.525,95259
2026-01-20 17:20:00,156.53,156.545,156.4,156.41,52198
2026-01-20 17:25:00,156.405,156.46,156.34,156.35,33593
2026-01-20 17:30:00,156.36,156.36,156.25,156.295,32769
2026-01-20 17:35:00,156.27,156.585,156.27,156.29,38954
2026-01-20 17:40:00,156.325,156.36,156.14,156.141,25981
2026-01-20 17:45:00,156.14,156.185,156.06,156.1484,23516
2026-01-20 17:50:00,156.145,156.2,156.11,156.2,19388
2026-01-20 17:55:00,156.19,156.22,156.14,156.1859,18616
2026-01-20 18:00:00,156.2199,156.28,156.04,156.05,37701
2026-01-20 18:05:00,156.06,156.155,156.058,156.14,32757
2026-01-20 18:10:00,156.14,156.39,156.14,156.38,27772
2026-01-20 18:15:00,156.375,156.375,156.27,156.315,16216
2026-01-20 18:20:00,156.315,156.3799,156.25,156.285,25364
2026-01-20 18:25:00,156.29,156.4193,156.29,156.38,21655
2026-01-20 18:30:00,156.39,156.4,156.25,156.295,32139
2026-01-20 18:35:00,156.29,156.31,156.22,156.25,24292
2026-01-20 18:40:00,156.2309,156.29,156.095,156.13,42978
2026-01-20 18:45:00,156.13,156.22,156.055,156.2125,36473
2026-01-20 18:50:00,156.19,156.25,156.045,156.17,34217
2026-01-20 18:55:00,156.18,156.28,156.095,156.1703,42081
2026-01-20 19:00:00,156.16,156.2,155.975,156.025,48562
2026-01-20 19:05:00,156.0282,156.0282,155.94,155.955,15798
2026-01-20 19:10:00,155.97,155.99,155.75,155.87,55884
2026-01-20 19:15:00,155.8544,155.935,155.8,155.9,31973
2026-01-20 19:20:00,155.95,156.07,155.95,156.01,26979
2026-01-20 19:25:00,156.02,156.105,155.98,156.045,39325
2026-01-20 19:30:00,156.05,156.165,156.03,156.12,47327
2026-01-20 19:35:00,156.135,156.26,156.08,156.24,39620
2026-01-20 19:40:00,156.2275,156.23,156.04,156.08,50538
2026-01-20 19:45:00,156.08,156.12,155.97,156.02,36083
2026-01-20 19:50:00,156.02,156.0264,155.84,155.94,34796
2026-01-20 19:55:00,155.94,155.945,155.715,155.735,73277
2026-01-20 20:00:00,155.73,155.8,155.69,155.72,55367
2026-01-20 20:05:00,155.72,155.78,155.66,155.68,38491
2026-01-20 20:10:00,155.69,155.8052,155.64,155.72,93004
2026-01-20 20:15:00,155.71,155.8599,155.665,155.755,68276
2026-01-20 20:20:00,155.74,156.02,155.66,156.02,73535
2026-01-20 20:25:00,156.03,156.1499,155.92,156.07,77663
2026-01-20 20:30:00,156.07,156.08,155.88,155.98,54446
2026-01-20 20:35:00,155.96,156.0,155.865,155.895,76910
2026-01-20 20:40:00,155.89,156.0,155.805,155.82,60039
2026-01-20 20:45:00,155.825,155.88,155.785,155.85,85284
2026-01-20 20:50:00,155.83,156.08,155.8,156.0,112664
2026-01-20 20:55:00,155.97,156.08,155.695,156.06,466758
2026-01-21 14:30:00,156.34,157.0,156.1,156.145,109837
2026-01-21 14:35:00,156.125,156.61,156.0625,156.5058,32049
2026-01-21 14:40:00,156.51,156.53,155.88,156.055,51667
2026-01-21 14:45:00,156.055,156.86,156.01,156.735,41453
2026-01-21 14:50:00,156.735,156.735,156.21,156.21,21200
2026-01-21 14:55:00,156.21,156.48,156.21,156.33,50820
2026-01-21 15:00:00,156.33,156.515,156.13,156.25,79552
2026-01-21 15:05:00,156.29,156.55,156.28,156.35,38676
2026-01-21 15:10:00,156.37,156.37,155.96,156.015,56398
2026-01-21 15:15:00,156.04,156.17,155.755,155.775,45686
2026-01-21 15:20:00,155.8,156.18,155.79,156.08,39398
2026-01-21 15:25:00,156.13,156.345,156.01,156.345,45978
2026-01-21 15:30:00,156.345,156.48,156.14,156.38,48181
2026-01-21 15:35:00,156.435,156.6479,156.33,156.53,57924
2026-01-21 15:40:00,156.575,156.639,156.44,156.52,29435
2026-01-21 15:45:00,156.51,156.52,156.2175,156.2175,51300
2026-01-21 15:50:00,156.22,156.22,156.07,156.07,30589
2026-01-21 15:55:00,156.04,156.13,155.9925,156.055,46103
2026-01-21 16:00:00,156.08,156.08,155.71,155.73,41151
2026-01-21 16:05:00,155.75,155.78,155.6,155.64,37032
2026-01-21 16:10:00,155.64,155.6438,155.28,155.28,42783
2026-01-21 16:15:00,155.31,155.71,155.22,155.7,101721
2026-01-21 16:20:00,155.705,155.81,155.64,155.675,48437
2026-01-21 16:25:00,155.675,155.96,155.67,155.93,21876
2026-01-21 16:30:00,155.92,155.95,155.81,155.83,36914
2026-01-21 16:35:00,155.81,155.89,155.6,155.61,52791
2026-01-21 16:40:00,155.61,155.79,155.55,155.79,35556
2026-01-21 16:45:00,155.77,155.875,155.77,155.83,28145
2026-01-21 16:50:00,155.85,156.01,155.605,155.68,47773
2026-01-21 16:55:00,155.65,155.6599,155.51,155.57,24372
2026-01-21 17:00:00,155.575,155.67,155.5415,155.62,26742
2026-01-21 17:05:00,155.62,155.64,155.5,155.6,41012
2026-01-21 17:10:00,155.63,155.63,155.32,155.325,50043
2026-01-21 17:15:00,155.32,155.49,155.27,155.48,40622
2026-01-21 17:20:00,155.48,155.69,155.41,155.62,29106
2026-01-21 17:25:00,155.61,155.63,155.465,155.54,30732
2026-01-21 17:30:00,155.53,155.53,155.32,155.404,23012
2026-01-21 17:35:00,155.44,155.44,155.33,155.375,30347
2026-01-21 17:40:00,155.375,155.38,155.29,155.29,16139
2026-01-21 17:45:00,155.3,155.326,155.175,155.185,29593
2026-01-21 17:50:00,155.185,155.4,155.17,155.39,32301
2026-01-21 17:55:00,155.41,155.42,155.27,155.275,19514
2026-01-21 18:00:00,155.27,155.27,155.06,155.09,30500
2026-01-21 18:05:00,155.09,155.16,155.04,155.135,44534
2026-01-21 18:10:00,155.11,155.23,155.11,155.12,31058
2026-01-21 18:15:00,155.15,155.1647,155.12,155.14,18151
2026-01-21 18:20:00,155.1308,155.1308,155.05,155.05,14318
2026-01-21 18:30:00,155.31,155.53,155.31,155.52,70369
2026-01-21 18:35:00,155.52,155.52,155.2,155.21,31143
2026-01-21 18:40:00,155.24,155.51,155.19,155.46,30845
2026-01-21 18:45:00,155.45,155.612,155.4,155.59,17276
2026-01-21 18:50:00,155.62,155.705,155.565,155.6,26725
2026-01-21 18:55:00,155.57,155.58,155.5,155.54,30282
2026-01-21 19:00:00,155.575,155.69,155.56,155.57,18779
2026-01-21 19:05:00,155.57,155.5826,155.5,155.525,22090
2026-01-21 19:10:00,155.525,155.71,155.525,155.65,45846
2026-01-21 19:15:00,155.65,155.65,155.495,155.615,43705
2026-01-21 19:20:00,155.615,155.79,155.615,155.75,34581
2026-01-21 19:25:00,155.74,156.03,155.58,155.92,109637
2026-01-21 19:30:00,155.94,156.05,155.84,156.05,83370
2026-01-21 19:35:00,156.05,156.3025,155.895,156.17,68084
2026-01-21 19:40:00,156.13,156.205,155.95,156.02,78286
2026-01-21 19:45:00,156.02,156.06,155.91,155.96,51774
2026-01-21 19:50:00,155.97,156.025,155.77,155.78,64075
2026-01-21 19:55:00,155.765,155.8,155.67,155.73,37106
2026-01-21 20:00:00,155.73,155.8,155.6529,155.66,55242
2026-01-21 20:05:00,155.665,155.67,155.52,155.55,51976
2026-01-21 20:10:00,155.555,155.64,155.475,155.6,44663
2026-01-21 20:15:00,155.61,155.63,155.455,155.505,101835
2026-01-21 20:20:00,155.49,155.6416,155.49,155.62,68771
2026-01-21 20:25:00,155.62,155.91,155.595,155.9,72357
2026-01-21 20:30:00,155.89,155.96,155.72,155.79,67883
2026-01-21 20:35:00,155.805,155.83,155.64,155.78,50594
2026-01-21 20:40:00,155.78,155.78,155.66,155.7,63218
2026-01-21 20:45:00,155.69,155.73,155.62,155.635,78681
2026-01-21 20:50:00,155.64,155.78,155.53,155.595,155232
2026-01-21 20:55:00,155.6,155.865,155.515,155.83,391074
2026-01-22 14:30:00,155.94,156.69,155.07,155.39,174478
2026-01-22 14:35:00,155.43,155.55,154.88,154.88,139208
2026-01-22 14:40:00,154.9452,155.505,154.8,154.88,85270
2026-01-22 14:45:00,154.82,154.97,154.425,154.595,85052
2026-01-22 14:50:00,154.5775,154.79,154.561,154.61,89147
2026-01-22 14:55:00,154.62,154.74,154.2,154.31,128528
2026-01-22 15:00:00,154.333,154.45,153.91,154.01,88336
2026-01-22 15:05:00,153.96,154.09,153.65,153.82,97835
2026-01-22 15:10:00,153.8851,154.2183,153.7,154.0049,93460
2026-01-22 15:15:00,153.98,154.17,153.86,153.895,103705
2026-01-22 15:20:00,153.875,154.1799,153.87,154.13,41797
2026-01-22 15:25:00,154.13,154.445,153.95,154.35,61939
2026-01-22 15:30:00,154.36,154.44,154.17,154.25,44713
2026-01-22 15:35:00,154.22,154.28,154.12,154.21,56482
2026-01-22 15:40:00,154.2,154.31,154.12,154.3,76347
2026-01-22 15:45:00,154.28,154.31,154.08,154.1285,63849
2026-01-22 15:50:00,154.07,154.27,154.07,154.075,36242
2026-01-22 15:55:00,154.07,154.11,153.89,153.99,61026
2026-01-22 16:00:00,153.95,154.05,153.925,153.95,22489
2026-01-22 16:05:00,154.0,154.005,153.68,153.71,35527
2026-01-22 16:10:00,153.7,153.87,153.5316,153.87,49495
2026-01-22 16:15:00,153.83,154.0,153.79,154.0,26850
2026-01-22 16:20:00,153.96,154.0099,153.835,154.005,21607
2026-01-22 16:25:00,153.98,154.03,153.8701,153.934,42719
2026-01-22 16:30:00,153.94,154.12,153.88,154.11,18684
2026-01-22 16:35:00,154.105,154.13,153.9852,154.035,31482
2026-01-22 16:40:00,154.03,154.11,154.02,154.09,30661
2026-01-22 16:45:00,154.1,154.1028,153.87,154.0,24083
2026-01-22 16:50:00,153.99,154.09,153.98,154.0,30597
2026-01-22 16:55:00,154.0,154.11,153.99,154.02,33390
2026-01-22 17:00:00,154.0,154.195,153.98,154.16,27578
2026-01-22 17:05:00,154.2,154.2,154.09,154.14,23559
2026-01-22 17:10:00,154.13,154.15,153.98,154.07,27774
2026-01-22 17:15:00,154.1,154.19,154.06,154.06,16548
2026-01-22 17:20:00,154.0601,154.0601,153.955,154.06,22693
2026-01-22 17:25:00,154.06,154.15,154.03,154.09,22721
2026-01-22 17:30:00,154.09,154.2,154.09,154.1532,24764
2026-01-22 17:35:00,154.14,154.3,154.14,154.3,36763
2026-01-22 17:40:00,154.29,154.32,154.21,154.21,31933
2026-01-22 17:45:00,154.19,154.31,154.185,154.245,19306
2026-01-22 17:50:00,154.24,154.25,154.1,154.15,49522
2026-01-22 17:55:00,154.12,154.205,154.105,154.15,40564
2026-01-22 18:00:00,154.155,154.2348,154.08,154.09,40088
2026-01-22 18:05:00,154.09,154.09,153.94,153.945,29147
2026-01-22 18:10:00,153.93,154.05,153.86,153.9626,30322
2026-01-22 18:15:00,153.98,154.05,153.94,153.958,21179
2026-01-22 18:20:00,153.955,154.0399,153.955,153.99,19767
2026-01-22 18:25:00,153.984,154.03,153.95,153.95,18623
2026-01-22 18:30:00,153.96,154.075,153.94,154.0,35474
2026-01-22 18:35:00,154.02,154.11,153.665,153.72,106599
2026-01-22 18:40:00,153.725,153.74,153.345,153.365,66567
2026-01-22 18:45:00,153.35,153.4,153.06,153.27,72097
2026-01-22 18:50:00,153.285,153.38,153.22,153.25,35941
2026-01-22 18:55:00,153.25,153.41,153.21,153.34,39808
2026-01-22 19:00:00,153.34,153.385,153.22,153.285,48071
2026-01-22 19:05:00,153.26,153.37,153.25,153.3,39667
2026-01-22 19:10:00,153.305,153.47,153.24,153.4,37589
2026-01-22 19:15:00,153.395,153.4,153.27,153.4,24401
2026-01-22 19:20:00,153.41,153.44,153.17,153.25,25453
2026-01-22 19:25:00,153.25,153.42,153.24,153.24,50953
2026-01-22 19:30:00,153.23,153.23,152.9201,152.95,66119
2026-01-22 19:35:00,152.91,153.03,152.82,152.99,36756
2026-01-22 19:40:00,152.99,153.175,152.97,153.175,54823
2026-01-22 19:45:00,153.175,153.24,153.03,153.0716,38527
2026-01-22 19:50:00,153.085,153.115,152.97,152.97,40877
2026-01-22 19:55:00,152.98,153.015,152.89,152.9425,54206
2026-01-22 20:00:00,152.945,153.1862,152.94,153.12,128249
2026-01-22 20:05:00,153.13,153.305,153.0828,153.28,51122
2026-01-22 20:10:00,153.27,153.4,153.215,153.33,69130
2026-01-22 20:15:00,153.335,153.4,153.13,153.15,51959
2026-01-22 20:20:00,153.15,153.18,152.97,153.07,95194
2026-01-22 20:25:00,153.07,153.22,153.0,153.02,91282
2026-01-22 20:30:00,153.02,153.0425,152.88,152.99,81842
2026-01-22 20:35:00,152.98,152.99,152.74,152.78,86597
2026-01-22 20:40:00,152.8,153.1,152.8,153.09,220374
2026-01-22 20:45:00,153.0701,153.26,153.02,153.26,77291
2026-01-22 20:50:00,153.26,153.33,153.065,153.195,160980
2026-01-22 20:55:00,153.2,153.4,153.125,153.38,339720
2026-01-23 14:30:00,153.05,153.65,153.0,153.415,133426
2026-01-23 14:35:00,153.525,153.525,152.93,153.15,49842
2026-01-23 14:40:00,153.25,153.355,152.82,153.355,93913
2026-01-23 14:45:00,153.29,153.445,152.85,152.88,99630
2026-01-23 14:50:00,152.92,153.29,152.82,153.12,36884
2026-01-23 14:55:00,153.12,153.24,153.06,153.13,41529
2026-01-23 15:00:00,153.13,153.3075,152.93,153.22,68076
2026-01-23 15:05:00,153.22,153.243,152.93,152.94,45596
2026-01-23 15:10:00,152.945,153.03,152.79,152.825,50847
2026-01-23 15:15:00,152.83,152.83,152.61,152.71,54403
2026-01-23 15:20:00,152.74,152.95,152.68,152.91,27332
2026-01-23 15:25:00,152.925,152.94,152.72,152.7796,26270
2026-01-23 15:30:00,152.77,152.945,152.71,152.87,52049
2026-01-23 15:35:00,152.83,152.93,152.77,152.84,26115
2026-01-23 15:40:00,152.84,153.235,152.835,153.16,31998
2026-01-23 15:45:00,153.17,153.47,153.075,153.12,229857
2026-01-23 15:50:00,153.1,153.11,152.86,152.89,37699
2026-01-23 15:55:00,152.91,153.405,152.91,153.25,60182
2026-01-23 16:00:00,153.23,153.52,153.21,153.46,54075
2026-01-23 16:05:00,153.465,153.56,153.35,153.45,50225
2026-01-23 16:10:00,153.44,153.48,153.24,153.245,41210
2026-01-23 16:15:00,153.24,153.24,153.09,153.1,45566
2026-01-23 16:20:00,153.1,153.19,153.05,153.12,42079
2026-01-23 16:25:00,153.12,153.14,152.96,153.03,44408
2026-01-23 16:30:00,153.04,153.04,152.66,152.67,49801
2026-01-23 16:35:00,152.68,152.7,152.48,152.61,40834
2026-01-23 16:40:00,152.63,152.6599,152.49,152.55,33708
2026-01-23 16:45:00,152.54,152.59,152.505,152.54,21462
2026-01-23 16:50:00,152.52,152.62,152.465,152.585,45306
2026-01-23 16:55:00,152.58,152.815,152.56,152.803,22875
2026-01-23 17:00:00,152.805,153.03,152.805,153.03,59334
2026-01-23 17:05:00,153.06,153.07,152.86,152.935,27410
2026-01-23 17:10:00,152.93,153.0099,152.91,152.96,63630
2026-01-23 17:15:00,152.95,153.04,152.84,152.98,34374
2026-01-23 17:20:00,152.985,153.005,152.945,152.995,20960
2026-01-23 17:25:00,152.98,153.2,152.94,153.18,104451
2026-01-23 17:30:00,153.205,153.3,153.085,153.11,179198
2026-01-23 17:35:00,153.09,153.12,152.775,152.875,272346
2026-01-23 17:40:00,152.88,152.95,152.7992,152.87,31508
2026-01-23 17:45:00,152.89,152.9321,152.82,152.86,15862
2026-01-23 17:50:00,152.87,153.01,152.82,153.01,14778
2026-01-23 17:55:00,153.025,153.058,152.91,153.05,31065
2026-01-23 18:00:00,153.03,153.07,152.9,153.04,37914
2026-01-23 18:05:00,153.055,153.14,152.985,153.14,29957
2026-01-23 18:10:00,153.15,153.19,153.05,153.085,27090
2026-01-23 18:15:00,153.085,153.09,152.985,152.985,25042
2026-01-23 18:20:00,152.985,153.0421,152.94,152.99,21389
2026-01-23 18:25:00,153.02,153.0991,153.005,153.075,17704
2026-01-23 18:30:00,153.11,153.22,153.095,153.21,26801
2026-01-23 18:35:00,153.215,153.33,153.2,153.275,22959
2026-01-23 18:40:00,153.26,153.26,153.125,153.15,61446
2026-01-23 18:45:00,153.15,153.15,152.99,153.08,31662
2026-01-23 18:50:00,153.09,153.11,153.01,153.1,18040
2026-01-23 18:55:00,153.1,153.12,153.06,153.07,23993
2026-01-23 19:00:00,153.065,153.18,153.0638,153.115,27929
2026-01-23 19:05:00,153.12,153.15,153.0,153.0701,24876
2026-01-23 19:10:00,153.1,153.285,153.1,153.16,63654
2026-01-23 19:15:00,153.1916,153.29,153.185,153.25,26089
2026-01-23 19:20:00,153.25,153.29,153.24,153.26,23587
2026-01-23 19:25:00,153.27,153.475,153.27,153.39,30482
2026-01-23 19:30:00,153.4,153.505,153.39,153.4999,20704
2026-01-23 19:35:00,153.485,153.56,153.445,153.48,27806
2026-01-23 19:40:00,153.485,153.5,153.4,153.47,35592
2026-01-23 19:45:00,153.47,153.575,153.47,153.571,35948
2026-01-23 19:50:00,153.56,153.6,153.55,153.568,36617
2026-01-23 19:55:00,153.5608,153.62,153.5608,153.58,47199
2026-01-23 20:00:00,153.58,153.62,153.51,153.62,66553
2026-01-23 20:05:00,153.625,153.69,153.55,153.6,58599
2026-01-23 20:10:00,153.6,153.6774,153.55,153.64,51890
2026-01-23 20:15:00,153.64,153.71,153.59,153.675,44470
2026-01-23 20:20:00,153.675,153.73,153.62,153.72,42917
2026-01-23 20:25:00,153.71,153.72,153.5701,153.5703,41157
2026-01-23 20:30:00,153.58,153.59,153.47,153.5,65314
2026-01-23 20:35:00,153.5,153.51,153.345,153.38,58847
2026-01-23 20:40:00,153.38,153.445,153.2,153.2,45962
2026-01-23 20:45:00,153.2,153.26,152.955,153.001,108375
2026-01-23 20:50:00,153.0,153.06,152.72,152.78,177214
2026-01-23 20:55:00,152.79,153.25,152.76,153.24,402701
2026-01-26 14:30:00,152.73,153.79,152.65,153.45,190600
2026-01-26 14:35:00,153.29,153.29,152.4,152.59,78269
2026-01-26 14:40:00,152.59,152.72,152.12,152.28,69060
2026-01-26 14:45:00,152.28,152.48,151.86,152.48,52002
2026-01-26 14:50:00,152.49,152.5299,151.91,152.05,105506
2026-01-26 14:55:00,152.04,152.04,151.46,151.87,96137
2026-01-26 15:00:00,151.885,152.37,151.69,151.81,73912
2026-01-26 15:05:00,151.78,151.81,151.34,151.38,56010
2026-01-26 15:10:00,151.34,151.88,151.17,151.49,77928
2026-01-26 15:15:00,151.46,151.61,151.23,151.355,64811
2026-01-26 15:20:00,151.355,151.355,151.12,151.1975,72606
2026-01-26 15:25:00,151.205,151.255,151.088,151.2,48660
2026-01-26 15:30:00,151.21,151.22,151.01,151.075,81783
2026-01-26 15:35:00,151.11,151.35,150.91,151.33,51904
2026-01-26 15:40:00,151.3537,151.44,151.16,151.356,44004
2026-01-26 15:45:00,151.37,151.485,151.255,151.485,42437
2026-01-26 15:50:00,151.485,151.5,151.215,151.31,42454
2026-01-26 15:55:00,151.35,151.41,151.25,151.31,62620
2026-01-26 16:00:00,151.31,151.331,151.1,151.125,60143
2026-01-26 16:05:00,151.13,151.15,150.86,150.96,101007
2026-01-26 16:10:00,150.96,150.98,150.75,150.82,63422
2026-01-26 16:15:00,150.8,150.81,150.56,150.65,73011
2026-01-26 16:20:00,150.698,150.72,150.465,150.49,104743
2026-01-26 16:25:00,150.535,150.68,150.535,150.615,77939
2026-01-26 16:30:00,150.6,150.71,150.2617,150.33,103701
2026-01-26 16:35:00,150.31,150.335,149.815,149.89,137955
2026-01-26 16:40:00,149.9075,150.02,149.87,149.92,61879
2026-01-26 16:45:00,149.93,150.065,149.85,149.985,85494
2026-01-26 16:50:00,149.98,150.32,149.89,150.1,94804
2026-01-26 16:55:00,150.105,150.26,149.83,150.05,88678
2026-01-26 17:00:00,150.06,150.17,149.98,150.15,33789
2026-01-26 17:05:00,150.145,150.29,150.055,150.25,42125
2026-01-26 17:10:00,150.25,150.28,149.95,149.97,75629
2026-01-26 17:15:00,149.96,150.005,149.74,149.74,46669
2026-01-26 17:20:00,149.72,149.77,149.52,149.5569,80739
2026-01-26 17:25:00,149.575,149.85,149.51,149.84,57961
2026-01-26 17:30:00,149.83,149.88,149.64,149.7,47984
2026-01-26 17:35:00,149.705,149.74,149.3,149.475,95621
2026-01-26 17:40:00,149.49,149.65,149.3,149.65,60582
2026-01-26 17:45:00,149.64,149.64,149.07,149.1175,77106
2026-01-26 17:50:00,149.22,149.29,148.91,148.99,89324
2026-01-26 17:55:00,149.0,149.09,148.892,149.055,129357
2026-01-26 18:00:00,149.045,149.3531,148.9,149.27,81019
2026-01-26 18:05:00,149.298,149.37,149.085,149.24,53156
2026-01-26 18:10:00,149.2,149.48,149.1,149.395,86813
2026-01-26 18:15:00,149.3899,149.41,149.12,149.34,52551
2026-01-26 18:20:00,149.33,149.46,149.315,149.39,41350
2026-01-26 18:25:00,149.39,149.59,149.34,149.56,39188
2026-01-26 18:30:00,149.55,149.72,149.35,149.44,69244
2026-01-26 18:35:00,149.43,149.53,149.3901,149.495,54498
2026-01-26 18:40:00,149.495,149.81,149.49,149.76,65344
2026-01-26 18:45:00,149.76,150.02,149.75,149.95,50600
2026-01-26 18:50:00,149.95,150.095,149.87,149.98,51828
2026-01-26 18:55:00,149.96,150.185,149.94,150.05,44186
2026-01-26 19:00:00,150.05,150.16,149.96,150.16,58676
2026-01-26 19:05:00,150.1616,150.54,150.14,150.535,74893
2026-01-26 19:10:00,150.52,150.675,150.29,150.3124,65151
2026-01-26 19:15:00,150.3399,150.3399,150.01,150.01,59187
2026-01-26 19:20:00,150.03,150.035,149.87,149.95,36596
2026-01-26 19:25:00,149.94,150.105,149.94,150.04,44420
2026-01-26 19:30:00,150.04,150.2,150.04,150.155,41378
2026-01-26 19:35:00,150.165,150.26,150.05,150.175,45101
2026-01-26 19:40:00,150.175,150.26,150.1,150.22,31933
2026-01-26 19:45:00,150.21,150.22,150.01,150.135,63801
2026-01-26 19:50:00,150.135,150.35,150.1002,150.315,45292
2026-01-26 19:55:00,150.315,150.405,150.265,150.29,46464
2026-01-26 20:00:00,150.29,150.64,150.16,150.4,119862
2026-01-26 20:05:00,150.38,150.59,150.33,150.475,40673
2026-01-26 20:10:00,150.47,150.51,150.31,150.31,48566
2026-01-26 20:15:00,150.315,150.39,150.27,150.34,49858
2026-01-26 20:20:00,150.34,150.69,150.29,150.68,56642
2026-01-26 20:25:00,150.7,150.71,150.575,150.6,58815
2026-01-26 20:30:00,150.6,150.6,150.275,150.34,103394
2026-01-26 20:35:00,150.33,150.4,150.15,150.37,107935
2026-01-26 20:40:00,150.36,150.4,150.08,150.31,123030
2026-01-26 20:45:00,150.36,150.36,150.22,150.33,113329
2026-01-26 20:50:00,150.32,150.4004,150.1,150.12,205070
2026-01-26 20:55:00,150.12,150.13,149.9,150.07,519951
2026-01-27 14:30:00,150.5,150.76,149.56,150.38,161801
2026-01-27 14:35:00,150.35,150.91,150.135,150.325,61193
2026-01-27 14:40:00,150.2648,150.4,150.13,150.295,51176
2026-01-27 14:45:00,150.26,150.465,149.7,149.84,77483
2026-01-27 14:50:00,149.76,149.7873,149.02,149.02,92102
2026-01-27 14:55:00,149.065,149.065,148.5,148.685,73436
2026-01-27 15:00:00,148.72,148.98,148.42,148.535,111191
2026-01-27 15:05:00,148.55,148.65,148.44,148.5425,81607
2026-01-27 15:10:00,148.51,148.6399,148.38,148.625,85187
2026-01-27 15:15:00,148.65,148.87,148.41,148.48,123086
2026-01-27 15:20:00,148.48,148.48,148.09,148.26,92158
2026-01-27 15:25:00,148.25,148.42,148.17,148.4065,67345
2026-01-27 15:30:00,148.38,148.66,148.35,148.55,68403
2026-01-27 15:35:00,148.56,148.785,148.48,148.68,82404
2026-01-27 15:40:00,148.68,148.68,148.4905,148.66,60135
2026-01-27 15:45:00,148.61,148.8,148.61,148.77,65440
2026-01-27 15:50:00,148.76,149.3,148.74,149.22,55256
2026-01-27 15:55:00,149.23,149.43,149.06,149.12,49337
2026-01-27 16:00:00,149.11,149.11,148.89,148.89,53299
2026-01-27 16:05:00,148.9,148.93,148.76,148.84,36626
2026-01-27 16:10:00,148.88,148.935,148.75,148.75,32230
2026-01-27 16:15:00,148.76,148.775,148.63,148.71,35575
2026-01-27 16:20:00,148.71,148.775,148.61,148.64,50625
2026-01-27 16:25:00,148.635,148.855,148.62,148.68,67731
2026-01-27 16:30:00,148.68,148.73,148.51,148.52,44801
2026-01-27 16:35:00,148.54,148.59,148.41,148.41,49660
2026-01-27 16:40:00,148.43,148.48,148.345,148.39,57414
2026-01-27 16:45:00,148.38,148.38,148.15,148.16,70818
2026-01-27 16:50:00,148.17,148.17,147.99,148.065,72024
2026-01-27 16:55:00,148.046,148.22,148.046,148.19,53520
2026-01-27 17:00:00,148.2,148.36,148.17,148.35,45852
2026-01-27 17:05:00,148.355,148.495,148.24,148.495,47286
2026-01-27 17:10:00,148.495,148.5151,148.36,148.4126,55210
2026-01-27 17:15:00,148.41,148.45,148.29,148.32,47162
2026-01-27 17:20:00,148.32,148.3975,148.225,148.3,70313
2026-01-27 17:25:00,148.305,148.31,148.065,148.2075,77170
2026-01-27 17:30:00,148.22,148.25,147.96,147.98,108121
2026-01-27 17:35:00,147.97,148.0,147.85,147.97,43762
2026-01-27 17:40:00,147.9836,148.06,147.93,148.04,31735
2026-01-27 17:45:00,148.05,148.05,147.95,147.97,30414
2026-01-27 17:50:00,147.97,148.0,147.93,147.965,30492
2026-01-27 17:55:00,147.96,148.0,147.86,147.95,40180
2026-01-27 18:00:00,147.94,147.94,147.76,147.76,38545
2026-01-27 18:05:00,147.75,147.82,147.7,147.73,67861
2026-01-27 18:10:00,147.7301,147.85,147.72,147.76,51454
2026-01-27 18:15:00,147.76,147.85,147.735,147.82,38266
2026-01-27 18:20:00,147.85,147.925,147.84,147.84,41062
2026-01-27 18:25:00,147.84,147.93,147.755,147.84,60995
2026-01-27 18:30:00,147.84,147.945,147.805,147.84,55108
2026-01-27 18:35:00,147.88,147.88,147.65,147.66,34123
2026-01-27 18:40:00,147.65,147.72,147.59,147.59,53984
2026-01-27 18:45:00,147.59,147.69,147.56,147.625,48554
2026-01-27 18:50:00,147.64,147.66,147.55,147.6,70919
2026-01-27 18:55:00,147.61,147.76,147.55,147.735,84974
2026-01-27 19:00:00,147.73,147.82,147.605,147.74,87292
2026-01-27 19:05:00,147.745,147.92,147.65,147.915,81923
2026-01-27 19:10:00,147.915,147.93,147.85,147.87,60510
2026-01-27 19:15:00,147.87,147.8954,147.585,147.6,63256
2026-01-27 19:20:00,147.591,147.86,147.59,147.83,65973
2026-01-27 19:25:00,147.83,147.92,147.77,147.77,58830
2026-01-27 19:30:00,147.78,147.88,147.71,147.765,109380
2026-01-27 19:35:00,147.77,147.96,147.76,147.94,52074
2026-01-27 19:40:00,147.94,148.23,147.91,148.16,64579
2026-01-27 19:45:00,148.15,148.165,147.96,147.96,64191
2026-01-27 19:50:00,147.955,148.01,147.73,147.95,71445
2026-01-27 19:55:00,147.94,148.08,147.93,148.08,85867
2026-01-27 20:00:00,148.08,148.08,147.92,147.98,74224
2026-01-27 20:05:00,148.01,148.24,147.985,148.09,93399
2026-01-27 20:10:00,148.1,148.14,147.96,148.03,98607
2026-01-27 20:15:00,148.03,148.085,147.95,147.95,71992
2026-01-27 20:20:00,147.95,148.06,147.91,147.915,82787
2026-01-27 20:25:00,147.91,148.0,147.83,147.915,123128
2026-01-27 20:30:00,147.91,148.05,147.88,147.897,115567
2026-01-27 20:35:00,147.89,147.92,147.74,147.74,102131
2026-01-27 20:40:00,147.7424,147.9,147.73,147.89,103092
2026-01-27 20:45:00,147.895,147.905,147.715,147.75,157455
2026-01-27 20:50:00,147.76,147.86,147.68,147.705,216307
2026-01-27 20:55:00,147.71,148.04,147.655,147.995,626263
2026-01-28 14:30:00,147.38,147.96,147.09,147.2363,105093
2026-01-28 14:35:00,147.2,147.95,147.1,147.8055,62759
2026-01-28 14:40:00,147.88,147.895,147.52,147.665,65562
2026-01-28 14:45:00,147.62,148.07,147.59,148.045,37102
2026-01-28 14:50:00,148.0,148.0,147.78,147.885,42022
2026-01-28 14:55:00,147.885,147.9,147.63,147.82,89195
2026-01-28 15:00:00,147.845,148.08,147.76,148.04,93642
2026-01-28 15:05:00,148.01,148.02,147.69,147.83,94497
2026-01-28 15:10:00,147.81,147.8278,147.6,147.77,24328
2026-01-28 15:15:00,147.8,147.89,147.71,147.71,33945
2026-01-28 15:20:00,147.75,147.83,147.65,147.7801,22300
2026-01-28 15:25:00,147.81,147.8543,147.61,147.7315,40744
2026-01-28 15:30:00,147.735,147.75,147.64,147.67,19610
2026-01-28 15:35:00,147.645,147.71,147.415,147.415,43184
2026-01-28 15:40:00,147.43,147.605,147.41,147.54,28216
2026-01-28 15:45:00,147.54,147.74,147.52,147.655,24684
2026-01-28 15:50:00,147.655,147.76,147.49,147.635,77845
2026-01-28 15:55:00,147.61,147.98,147.53,147.97,99599
2026-01-28 16:00:00,147.97,148.19,147.86,148.185,44640
2026-01-28 16:05:00,148.185,148.225,148.0,148.02,36118
2026-01-28 16:10:00,148.025,148.085,147.94,147.99,88713
2026-01-28 16:15:00,147.99,148.0725,147.9,147.9,54447
2026-01-28 16:20:00,147.87,148.0,147.8555,147.86,32056
2026-01-28 16:25:00,147.855,147.89,147.68,147.87,51175
2026-01-28 16:30:00,147.845,147.86,147.64,147.66,27210
2026-01-28 16:35:00,147.64,147.75,147.64,147.6925,27974
2026-01-28 16:40:00,147.705,147.73,147.6094,147.705,20634
2026-01-28 16:45:00,147.69,147.77,147.64,147.7,30231
2026-01-28 16:50:00,147.7,147.74,147.635,147.66,19673
2026-01-28 16:55:00,147.665,147.78,147.625,147.7793,21180
2026-01-28 17:00:00,147.77,147.835,147.6463,147.675,26447
2026-01-28 17:05:00,147.66,147.78,147.63,147.76,22338
2026-01-28 17:10:00,147.77,147.795,147.64,147.66,32002
2026-01-28 17:15:00,147.655,147.655,147.565,147.57,26705
2026-01-28 17:20:00,147.585,147.6,147.4092,147.5599,29229
2026-01-28 17:25:00,147.54,147.6,147.52,147.53,21531
2026-01-28 17:30:00,147.55,147.585,147.45,147.45,27821
2026-01-28 17:35:00,147.435,147.45,147.33,147.35,45565
2026-01-28 17:40:00,147.33,147.4399,147.33,147.35,37932
2026-01-28 17:45:00,147.35,147.42,147.29,147.365,28362
2026-01-28 17:50:00,147.37,147.42,147.31,147.32,24267
2026-01-28 17:55:00,147.32,147.35,147.27,147.29,21039
2026-01-28 18:00:00,147.315,147.315,147.17,147.2651,25142
2026-01-28 18:05:00,147.25,147.34,147.23,147.29,24247
2026-01-28 18:10:00,147.26,147.375,147.26,147.375,24522
2026-01-28 18:15:00,147.37,147.385,147.25,147.385,44361
2026-01-28 18:20:00,147.395,147.5,147.37,147.47,22372
2026-01-28 18:25:00,147.46,147.4832,147.42,147.42,31918
2026-01-28 18:30:00,147.43,147.47,147.28,147.28,34035
2026-01-28 18:35:00,147.27,147.29,147.19,147.24,35870
2026-01-28 18:40:00,147.23,147.25,147.18,147.19,31615
2026-01-28 18:45:00,147.18,147.2701,147.125,147.25,29110
2026-01-28 18:50:00,147.25,147.28,147.17,147.17,30039
2026-01-28 18:55:00,147.17,147.35,147.11,147.33,33288
2026-01-28 19:00:00,147.32,147.3313,147.13,147.225,32106
2026-01-28 19:05:00,147.2,147.26,147.12,147.195,34924
2026-01-28 19:10:00,147.195,147.23,147.16,147.195,29675
2026-01-28 19:15:00,147.18,147.18,146.94,146.99,41579
2026-01-28 19:20:00,146.98,147.0,146.945,147.0,26249
2026-01-28 19:25:00,146.97,147.07,146.92,147.0,134013
2026-01-28 19:30:00,147.015,147.87,147.01,147.22,137061
2026-01-28 19:35:00,147.21,147.25,146.75,146.9,61098
2026-01-28 19:40:00,146.885,147.13,146.81,147.09,48609
2026-01-28 19:45:00,147.09,147.24,147.04,147.215,48266
2026-01-28 19:50:00,147.215,147.22,147.0,147.02,34139
2026-01-28 19:55:00,147.03,147.18,146.91,147.14,39617
2026-01-28 20:00:00,147.15,147.595,147.15,147.55,89632
2026-01-28 20:05:00,147.555,147.74,147.555,147.67,54071
2026-01-28 20:10:00,147.66,147.665,147.46,147.475,79785
2026-01-28 20:15:00,147.47,147.485,147.36,147.485,65551
2026-01-28 20:20:00,147.5,147.63,147.48,147.49,148173
2026-01-28 20:25:00,147.485,147.5,147.32,147.33,58456
2026-01-28 20:30:00,147.33,147.39,147.23,147.33,87981
2026-01-28 20:35:00,147.32,147.475,147.24,147.42,109410
2026-01-28 20:40:00,147.42,147.42,147.29,147.31,74446
2026-01-28 20:45:00,147.31,147.59,147.27,147.45,129217
2026-01-28 20:50:00,147.46,147.77,147.44,147.49,198217
2026-01-28 20:55:00,147.5,147.82,147.47,147.785,537552
2026-01-29 14:30:00,147.74,148.03,146.96,148.03,116054
2026-01-29 14:35:00,148.025,148.83,148.025,148.13,62854
2026-01-29 14:40:00,148.13,148.18,147.11,147.27,32883
2026-01-29 14:45:00,147.29,147.48,147.06,147.12,36924
2026-01-29 14:50:00,147.145,147.26,146.91,147.26,36709
2026-01-29 14:55:00,147.36,147.41,147.19,147.225,66526
2026-01-29 15:00:00,147.26,147.51,147.22,147.485,91945
2026-01-29 15:05:00,147.52,147.585,147.31,147.34,46289
2026-01-29 15:10:00,147.34,147.35,147.18,147.32,35192
2026-01-29 15:15:00,147.34,147.38,147.12,147.13,53514
2026-01-29 15:20:00,147.13,147.31,146.93,146.98,51607
2026-01-29 15:25:00,146.988,147.07,146.79,146.89,22275
2026-01-29 15:30:00,146.88,147.035,146.85,147.03,31450
2026-01-29 15:35:00,147.0497,147.0497,146.87,146.92,32868
2026-01-29 15:40:00,146.9245,147.02,146.85,146.88,33780
2026-01-29 15:45:00,146.87,147.04,146.82,147.025,36022
2026-01-29 15:50:00,147.06,147.165,146.96,147.155,42787
2026-01-29 15:55:00,147.15,147.2724,147.11,147.18,30144
2026-01-29 16:00:00,147.09,147.27,147.07,147.17,47218
2026-01-29 16:05:00,147.2,147.23,147.1,147.215,39801
2026-01-29 16:10:00,147.21,147.3,147.13,147.26,33462
2026-01-29 16:15:00,147.265,147.35,146.99,147.03,60973
2026-01-29 16:20:00,147.03,147.07,146.77,146.86,41242
2026-01-29 16:25:00,146.82,146.925,146.77,146.84,32038
2026-01-29 16:30:00,146.8275,146.98,146.8275,146.84,26439
2026-01-29 16:35:00,146.86,146.91,146.735,146.8,23492
2026-01-29 16:40:00,146.78,146.89,146.66,146.66,46549
2026-01-29 16:45:00,146.67,146.7,146.46,146.55,49161
2026-01-29 16:50:00,146.575,146.625,146.39,146.43,25741
2026-01-29 16:55:00,146.47,146.58,146.46,146.49,22846
2026-01-29 17:00:00,146.51,146.5699,146.47,146.48,22333
2026-01-29 17:05:00,146.49,146.56,146.38,146.56,39754
2026-01-29 17:10:00,146.57,146.57,146.39,146.5,39282
2026-01-29 17:15:00,146.495,146.59,146.495,146.56,20988
2026-01-29 17:20:00,146.585,146.62,146.33,146.475,23558
2026-01-29 17:25:00,146.52,146.52,146.41,146.42,22509
2026-01-29 17:30:00,146.42,146.44,146.24,146.355,32346
2026-01-29 17:35:00,146.345,146.49,146.34,146.46,39136
2026-01-29 17:40:00,146.45,146.46,146.31,146.36,23621
2026-01-29 17:45:00,146.36,146.38,146.04,146.17,61150
2026-01-29 17:50:00,146.16,146.18,145.93,145.93,26585
2026-01-29 17:55:00,145.94,146.055,145.86,145.86,31260
2026-01-29 18:00:00,145.855,146.03,145.83,145.95,27054
2026-01-29 18:05:00,145.948,146.24,145.948,146.09,37816
2026-01-29 18:10:00,146.08,146.18,146.02,146.09,40566
2026-01-29 18:15:00,146.07,146.14,146.0201,146.11,42481
2026-01-29 18:20:00,146.13,146.23,146.05,146.05,37724
2026-01-29 18:25:00,146.06,146.21,146.05,146.19,32241
2026-01-29 18:30:00,146.17,146.41,146.105,146.33,39229
2026-01-29 18:35:00,146.34,146.48,146.3,146.41,30783
2026-01-29 18:40:00,146.42,146.6001,146.42,146.54,31472
2026-01-29 18:45:00,146.555,146.64,146.51,146.565,42908
2026-01-29 18:50:00,146.55,146.605,146.4801,146.5,30082
2026-01-29 18:55:00,146.501,146.65,146.43,146.435,46320
2026-01-29 19:00:00,146.44,146.705,146.4,146.64,38600
2026-01-29 19:05:00,146.63,146.79,146.62,146.755,26462
2026-01-29 19:10:00,146.77,146.8536,146.75,146.82,26112
2026-01-29 19:15:00,146.82,146.96,146.78,146.91,23570
2026-01-29 19:20:00,146.91,147.085,146.91,147.04,35055
2026-01-29 19:25:00,147.06,147.23,147.06,147.215,30226
2026-01-29 19:30:00,147.215,147.49,147.121,147.35,30926
2026-01-29 19:35:00,147.34,147.52,147.31,147.43,28734
2026-01-29 19:40:00,147.43,147.43,147.33,147.415,27255
2026-01-29 19:45:00,147.4,147.44,147.32,147.32,28787
2026-01-29 19:50:00,147.335,147.355,147.13,147.1901,27090
2026-01-29 19:55:00,147.19,147.19,146.88,146.89,32261
2026-01-29 20:00:00,146.9,147.065,146.88,147.05,44017
2026-01-29 20:05:00,147.04,147.135,147.03,147.07,40782
2026-01-29 20:10:00,147.09,147.11,146.91,147.01,39548
2026-01-29 20:15:00,147.0,147.215,147.0,147.2,59168
2026-01-29 20:20:00,147.19,147.33,147.15,147.29,53639
2026-01-29 20:25:00,147.3,147.36,147.2801,147.32,37578
2026-01-29 20:30:00,147.34,147.44,147.31,147.42,47027
2026-01-29 20:35:00,147.45,147.45,147.28,147.365,58840
2026-01-29 20:40:00,147.37,147.425,147.15,147.15,86922
2026-01-29 20:45:00,147.155,147.22,147.075,147.22,87778
2026-01-29 20:50:00,147.25,147.35,147.07,147.22,128150
2026-01-29 20:55:00,147.21,147.52,147.21,147.415,488705
2026-01-30 14:30:00,147.71,148.22,147.55,148.21,103463
2026-01-30 14:35:00,148.2036,148.61,147.87,147.89,78717
2026-01-30 14:40:00,147.89,148.115,147.63,148.07,41158
2026-01-30 14:45:00,148.04,148.14,147.2,147.24,69078
2026-01-30 14:50:00,147.2,147.5199,147.09,147.33,55070
2026-01-30 14:55:00,147.41,148.0,147.34,148.0,30389
2026-01-30 15:00:00,147.97,148.28,147.851,148.02,71290
2026-01-30 15:05:00,148.01,148.4386,148.01,148.33,35310
2026-01-30 15:10:00,148.33,148.675,148.25,148.63,48656
2026-01-30 15:15:00,148.64,148.77,148.541,148.69,60657
2026-02-02 18:45:00,149.75,149.805,149.74,149.78,9895
2026-02-02 18:50:00,149.785,149.83,149.75,149.83,20635
2026-02-02 18:55:00,149.84,149.845,149.71,149.72,28479
2026-02-02 19:00:00,149.72,149.75,149.645,149.75,32550
2026-02-02 19:05:00,149.77,149.805,149.64,149.68,32312
2026-02-02 19:10:00,149.68,149.74,149.64,149.7,48790
2026-02-02 19:15:00,149.695,149.71,149.59,149.62,27025
2026-02-02 19:20:00,149.61,149.65,149.56,149.62,35636
2026-02-02 19:25:00,149.625,149.69,149.61,149.65,27285
2026-02-02 19:30:00,149.68,149.81,149.63,149.81,31741
2026-02-02 19:35:00,149.82,149.895,149.7804,149.84,23377
2026-02-02 19:40:00,149.845,150.0,149.83,149.9705,29344
2026-02-02 19:45:00,150.0,150.07,149.93,150.01,27030
2026-02-02 19:50:00,150.0,150.08,149.89,149.89,30162
2026-02-02 19:55:00,149.8999,150.08,149.87,150.08,41648
2026-02-02 20:00:00,150.09,150.235,150.005,150.08,53226
2026-02-02 20:05:00,150.085,150.1399,150.05,150.1399,41466
2026-02-02 20:10:00,150.15,150.18,150.11,150.13,28337
2026-02-02 20:15:00,150.12,150.2294,150.07,150.2104,48825
2026-02-02 20:20:00,150.2,150.22,150.1,150.2,49184
2026-02-02 20:25:00,150.215,150.215,150.11,150.18,50949
2026-02-02 20:30:00,150.17,150.24,150.1,150.15,54551
2026-02-02 20:35:00,150.14,150.14,149.96,150.02,68417
2026-02-02 20:40:00,150.005,150.1,149.97,150.07,47455
2026-02-02 20:45:00,150.075,150.24,150.06,150.24,84192
2026-02-02 20:50:00,150.25,150.34,150.195,150.24,138136
2026-02-02 20:55:00,150.23,150.29,150.07,150.17,346905
2026-02-03 14:30:00,149.69,150.83,149.51,150.66,113754
2026-02-03 14:35:00,150.645,151.14,150.57,150.815,56912
2026-02-03 14:40:00,150.804,151.3,150.65,150.83,116890
2026-02-03 14:45:00,150.83,151.11,150.69,150.7,68848
2026-02-03 14:50:00,150.78,151.17,150.78,151.01,39706
2026-02-03 14:55:00,151.1,151.88,151.1,151.855,53725
2026-02-03 15:00:00,151.855,151.91,151.56,151.6,45185
2026-02-03 15:05:00,151.715,151.85,151.525,151.845,52350
2026-02-03 15:10:00,151.815,151.96,151.6862,151.905,88925
2026-02-03 15:15:00,151.905,152.1,151.745,152.06,77477
2026-02-03 15:20:00,152.04,152.14,151.97,151.975,46542
2026-02-03 15:25:00,151.96,152.09,151.82,151.945,42203
2026-02-03 15:30:00,151.99,152.12,151.88,152.12,36696
2026-02-03 15:35:00,152.13,152.23,151.995,152.23,37630
2026-02-03 15:40:00,152.2,152.21,152.03,152.08,49145
2026-02-03 15:45:00,152.08,152.1,151.92,151.963,40800
2026-02-03 15:50:00,151.955,151.98,151.62,151.7,42329
2026-02-03 15:55:00,151.67,151.72,151.43,151.455,40036
2026-02-03 16:00:00,151.49,151.515,151.32,151.35,44265
2026-02-03 16:05:00,151.37,151.47,151.32,151.4509,22561
2026-02-03 16:10:00,151.47,151.58,151.4225,151.58,19328
2026-02-03 16:15:00,151.58,151.63,151.51,151.51,18668
2026-02-03 16:20:00,151.52,151.6675,151.35,151.37,20774
2026-02-03 16:25:00,151.37,151.37,151.17,151.26,19180
2026-02-03 16:30:00,151.26,151.32,151.2,151.32,20997
2026-02-03 16:35:00,151.315,151.3195,151.18,151.2,18066
2026-02-03 16:40:00,151.18,151.31,151.17,151.26,20272
2026-02-03 16:45:00,151.265,151.35,151.24,151.27,29053
2026-02-03 16:50:00,151.27,151.3,151.23,151.25,17793
2026-02-03 16:55:00,151.245,151.39,151.165,151.38,33689
2026-02-03 17:00:00,151.405,151.53,151.37,151.49,32741
2026-02-03 17:05:00,151.49,151.59,151.4706,151.5201,31343
2026-02-03 17:10:00,151.55,151.62,151.385,151.4667,42225
2026-02-03 17:15:00,151.48,151.71,151.48,151.675,29480
2026-02-03 17:20:00,151.65,151.885,151.64,151.84,26106
2026-02-03 17:25:00,151.89,151.9,151.76,151.78,30075
2026-02-03 17:30:00,151.77,151.94,151.745,151.84,35882
2026-02-03 17:35:00,151.86,151.94,151.845,151.9394,26050
2026-02-03 17:40:00,151.917,152.08,151.84,152.0,44387
2026-02-03 17:45:00,152.0,152.02,151.715,151.78,36896
2026-02-03 17:50:00,151.755,151.81,151.68,151.78,24570
2026-02-03 17:55:00,151.78,151.9899,151.78,151.93,27645
2026-02-03 18:00:00,151.92,152.13,151.92,152.09,29294
2026-02-03 18:05:00,152.08,152.18,151.975,152.13,29854
2026-02-03 18:10:00,152.12,152.175,152.0,152.15,51371
2026-02-03 18:15:00,152.13,152.15,151.88,152.0,35757
2026-02-03 18:20:00,152.01,152.08,151.915,151.93,26927
2026-02-03 18:25:00,151.925,152.12,151.89,151.89,59930
2026-02-03 18:30:00,151.92,152.09,151.88,151.96,42705
2026-02-03 18:35:00,151.99,152.26,151.99,152.24,39402
2026-02-03 18:40:00,152.25,152.25,152.15,152.165,39349
2026-02-03 18:45:00,152.16,152.22,151.985,152.105,48026
2026-02-03 18:50:00,152.1,152.18,152.05,152.11,28348
2026-02-03 18:55:00,152.12,152.13,151.86,151.89,42168
2026-02-03 19:00:00,151.87,152.03,151.86,151.97,48673
2026-02-03 19:05:00,151.965,152.08,151.92,152.08,41864
2026-02-03 19:10:00,152.08,152.2,152.07,152.14,38637
2026-02-03 19:15:00,152.15,152.21,152.03,152.05,44159
2026-02-03 19:20:00,152.03,152.07,151.865,151.865,45310
2026-02-03 19:25:00,151.88,152.12,151.8405,152.12,52155
2026-02-03 19:30:00,152.16,152.4,152.16,152.4,67202
2026-02-03 19:35:00,152.39,152.55,152.33,152.51,49147
2026-02-03 19:40:00,152.53,152.61,152.43,152.51,52668
2026-02-03 19:45:00,152.515,152.545,152.345,152.39,29078
2026-02-03 19:50:00,152.4,152.42,152.28,152.325,35127
2026-02-03 19:55:00,152.31,152.45,152.31,152.37,36490
2026-02-03 20:00:00,152.36,152.38,152.26,152.28,35874
2026-02-03 20:05:00,152.26,152.305,152.15,152.2693,32834
2026-02-03 20:10:00,152.28,152.43,152.28,152.36,36393
2026-02-03 20:15:00,152.36,152.43,152.29,152.3,37168
2026-02-03 20:20:00,152.31,152.4351,152.3,152.355,38863
2026-02-03 20:25:00,152.36,152.37,152.21,152.22,41893
2026-02-03 20:30:00,152.23,152.309,152.185,152.2,45084
2026-02-03 20:35:00,152.18,152.19,152.02,152.08,57297
2026-02-03 20:40:00,152.06,152.08,151.95,151.96,59712
2026-02-03 20:45:00,151.9703,152.01,151.92,152.0,68933
2026-02-03 20:50:00,152.01,152.23,151.96,151.98,113943
2026-02-03 20:55:00,151.97,152.08,151.81,152.03,308445
2026-02-04 14:30:00,152.88,153.87,152.625,153.18,103900
2026-02-04 14:35:00,153.075,153.31,153.003,153.085,28072
2026-02-04 14:40:00,153.0691,153.34,153.01,153.32,29887
2026-02-04 14:45:00,153.34,153.72,153.33,153.37,40997
2026-02-04 14:50:00,153.3,153.6995,153.1,153.59,40995
2026-02-04 14:55:00,153.54,153.89,153.2875,153.76,66583
2026-02-04 15:00:00,153.87,154.01,153.6,153.72,58347
2026-02-04 15:05:00,153.65,153.845,153.14,153.14,58393
2026-02-04 15:10:00,153.18,153.28,152.96,153.14,44587
2026-02-04 15:15:00,153.09,153.47,153.08,153.33,51024
2026-02-04 15:20:00,153.335,153.525,153.115,153.13,42214
2026-02-04 15:25:00,153.165,153.19,153.0,153.115,46175
2026-02-04 15:30:00,153.155,153.49,153.025,153.42,25637
2026-02-04 15:35:00,153.49,153.58,153.2,153.225,43168
2026-02-04 15:40:00,153.3,153.3638,153.0888,153.343,62222
2026-02-04 15:45:00,153.37,153.65,153.37,153.625,21846
2026-02-04 15:50:00,153.59,153.72,153.51,153.635,29929
2026-02-04 15:55:00,153.67,153.95,153.67,153.905,27887
2026-02-04 16:00:00,153.905,154.29,153.89,154.285,35335
2026-02-04 16:05:00,154.26,154.32,153.88,153.9799,38491
2026-02-04 16:10:00,153.945,153.98,153.83,153.96,27667
2026-02-04 16:15:00,153.94,154.02,153.805,153.87,38636
2026-02-04 16:20:00,153.895,153.94,153.78,153.91,22721
2026-02-04 16:25:00,153.925,154.38,153.892,154.23,48864
2026-02-04 16:30:00,154.22,154.43,154.17,154.37,25959
2026-02-04 16:35:00,154.37,154.58,154.36,154.53,27781
2026-02-04 16:40:00,154.52,154.53,154.38,154.4247,23982
2026-02-04 16:45:00,154.42,154.52,154.35,154.415,32489
2026-02-04 16:50:00,154.43,154.5,154.37,154.39,36817
2026-02-04 16:55:00,154.425,154.48,154.37,154.42,29866
2026-02-04 17:00:00,154.435,154.54,154.41,154.51,26664
2026-02-04 17:05:00,154.52,154.63,154.5,154.62,32495
2026-02-04 17:10:00,154.6,154.7499,154.55,154.71,27384
2026-02-04 17:15:00,154.75,154.77,154.575,154.595,32986
2026-02-04 17:20:00,154.61,154.819,154.537,154.73,47348
2026-02-04 17:25:00,154.7201,154.87,154.58,154.59,50689
2026-02-04 17:30:00,154.585,154.81,154.54,154.67,40749
2026-02-04 17:35:00,154.65,154.68,154.54,154.55,27247
2026-02-04 17:40:00,154.54,154.625,154.49,154.605,38946
2026-02-04 17:45:00,154.58,154.73,154.5,154.57,39944
2026-02-04 17:50:00,154.54,154.56,154.46,154.505,39594
2026-02-04 17:55:00,154.52,154.66,154.09,154.09,69741
2026-02-04 18:00:00,154.03,154.2,153.96,154.16,45518
2026-02-04 18:05:00,154.14,154.33,154.1,154.26,46087
2026-02-04 18:10:00,154.23,154.3366,154.21,154.28,39197
2026-02-04 18:15:00,154.275,154.275,154.18,154.2,26680
2026-02-04 18:20:00,154.19,154.33,154.16,154.32,26734
2026-02-04 18:25:00,154.335,154.51,154.32,154.494,41495
2026-02-04 18:30:00,154.49,154.6,154.43,154.5,54882
2026-02-04 18:35:00,154.53,154.7,154.49,154.69,22309
2026-02-04 18:40:00,154.66,154.78,154.655,154.71,30489
2026-02-04 18:45:00,154.73,154.82,154.69,154.78,19933
2026-02-04 18:50:00,154.77,154.82,154.705,154.74,43448
2026-02-04 18:55:00,154.76,154.795,154.68,154.72,35107
2026-02-04 19:00:00,154.715,154.84,154.715,154.745,45321
2026-02-04 19:05:00,154.75,154.9,154.69,154.79,44992
2026-02-04 19:10:00,154.79,154.9796,154.79,154.925,37434
2026-02-04 19:15:00,154.925,154.93,154.77,154.83,38797
2026-02-04 19:20:00,154.82,154.92,154.78,154.91,46188
2026-02-04 19:25:00,154.9,154.965,154.8,154.965,45750
2026-02-04 19:30:00,154.98,155.05,154.875,154.875,71836
2026-02-04 19:35:00,154.87,154.88,154.6859,154.75,30440
2026-02-04 19:40:00,154.78,154.9,154.64,154.68,69921
2026-02-04 19:45:00,154.695,154.91,154.66,154.69,82677
2026-02-04 19:50:00,154.67,154.99,154.585,154.915,260445
2026-02-04 19:55:00,154.9501,155.16,154.87,155.12,108093
2026-02-04 20:00:00,155.15,155.17,154.96,155.05,68517
2026-02-04 20:05:00,155.045,155.17,154.99,155.125,119008
2026-02-04 20:10:00,155.125,155.19,154.925,155.05,110817
2026-02-04 20:15:00,155.03,155.03,154.58,154.86,110060
2026-02-04 20:20:00,154.85,154.88,154.74,154.79,162875
2026-02-04 20:25:00,154.805,154.82,154.48,154.58,135342
2026-02-04 20:30:00,154.605,154.61,154.08,154.12,140539
2026-02-04 20:35:00,154.125,154.21,153.915,154.0,142888
2026-02-04 20:40:00,154.0,154.0,153.85,153.875,86170
2026-02-04 20:45:00,153.8612,153.94,153.61,153.61,86647
2026-02-04 20:50:00,153.64,153.81,153.42,153.72,290899
2026-02-04 20:55:00,153.725,153.97,153.57,153.93,372431
2026-02-05 14:30:00,154.54,155.32,153.59,154.71,125349
2026-02-05 14:35:00,154.61,155.5,154.61,154.89,65455
2026-02-05 14:40:00,154.7518,154.81,154.175,154.615,69028
2026-02-05 14:45:00,154.67,154.7,154.2,154.54,61156
2026-02-05 14:50:00,154.525,154.845,154.5,154.79,49063
2026-02-05 14:55:00,154.755,155.01,154.695,154.97,64242
2026-02-05 15:00:00,154.97,155.68,154.97,155.615,48764
2026-02-05 15:05:00,155.62,155.78,155.5,155.58,49506
2026-02-05 15:10:00,155.61,155.9712,155.503,155.935,65957
2026-02-05 15:15:00,155.955,156.22,155.8,156.15,50870
2026-02-05 15:20:00,156.15,156.15,155.81,155.865,52177
2026-02-05 15:25:00,155.9092,156.01,155.54,155.56,53097
2026-02-05 15:30:00,155.555,155.81,155.48,155.65,63111
2026-02-05 15:35:00,155.61,155.8365,155.61,155.705,41873
2026-02-05 15:40:00,155.705,155.845,155.47,155.58,49279
2026-02-05 15:45:00,155.55,155.55,155.35,155.39,54656
2026-02-05 15:50:00,155.41,155.72,155.34,155.56,103013
2026-02-05 15:55:00,155.56,155.7,155.51,155.7,44295
2026-02-05 16:00:00,155.69,155.93,155.635,155.925,34459
2026-02-05 16:05:00,155.93,155.94,155.76,155.77,42179
2026-02-05 16:10:00,155.78,155.97,155.78,155.93,41565
2026-02-05 16:15:00,155.925,156.075,155.895,155.9,54250
2026-02-05 16:20:00,155.915,156.0,155.44,155.44,65951
2026-02-05 16:25:00,155.415,155.56,155.365,155.475,67296
2026-02-05 16:30:00,155.52,155.655,155.45,155.495,43860
2026-02-05 16:35:00,155.4795,155.5,155.08,155.08,66955
2026-02-05 16:40:00,155.09,155.21,154.95,154.99,90576
2026-02-05 16:45:00,155.01,155.4686,154.94,155.45,59853
2026-02-05 16:50:00,155.47,155.51,155.25,155.47,31260
2026-02-05 16:55:00,155.48,155.66,155.39,155.6,50993
2026-02-05 17:00:00,155.62,155.65,155.55,155.585,29885
2026-02-05 17:05:00,155.59,155.61,155.29,155.45,33717
2026-02-05 17:10:00,155.45,155.4501,155.2401,155.3807,23370
2026-02-05 17:15:00,155.345,155.75,155.345,155.75,24473
2026-02-05 17:20:00,155.75,155.86,155.715,155.7601,30800
2026-02-05 17:25:00,155.81,155.81,155.245,155.425,56050
2026-02-05 17:30:00,155.44,155.46,155.11,155.2094,32762
2026-02-05 17:35:00,155.18,155.31,155.11,155.245,20667
2026-02-05 17:40:00,155.245,155.49,155.245,155.46,39277
2026-02-05 17:45:00,155.4805,155.65,155.43,155.58,18745
2026-02-05 17:50:00,155.56,155.86,155.5,155.505,58132
2026-02-05 17:55:00,155.505,155.505,155.305,155.4204,36857
2026-02-05 18:00:00,155.42,155.49,155.3617,155.385,26948
2026-02-05 18:05:00,155.43,155.6,155.37,155.58,47015
2026-02-05 18:10:00,155.57,155.65,155.42,155.49,33740
2026-02-05 18:15:00,155.46,155.495,155.33,155.33,64202
2026-02-05 18:20:00,155.33,155.4,155.06,155.295,118842
2026-02-05 18:25:00,155.295,155.33,155.145,155.18,21299
2026-02-05 18:30:00,155.155,155.33,155.11,155.17,98604
2026-02-05 18:35:00,155.145,155.475,155.1,155.475,38727
2026-02-05 18:40:00,155.46,155.52,155.34,155.39,53038
2026-02-05 18:45:00,155.42,155.46,155.255,155.265,87198
2026-02-05 18:50:00,155.255,155.48,155.255,155.39,40095
2026-02-05 18:55:00,155.38,155.48,155.34,155.41,45232
2026-02-05 19:00:00,155.41,155.475,155.26,155.39,42646
2026-02-05 19:05:00,155.36,155.5567,155.36,155.475,41334
2026-02-05 19:10:00,155.47,155.7599,155.47,155.62,33164
2026-02-05 19:15:00,155.625,155.82,155.625,155.78,24434
2026-02-05 19:20:00,155.79,155.875,155.75,155.815,39328
2026-02-05 19:25:00,155.815,156.07,155.77,156.065,42476
2026-02-05 19:30:00,156.07,156.19,156.0,156.19,35125
2026-02-05 19:35:00,156.175,156.22,155.97,155.97,56988
2026-02-05 19:40:00,155.905,156.03,155.8726,155.89,28864
2026-02-05 19:45:00,155.885,155.93,155.82,155.91,29130
2026-02-05 19:50:00,155.89,156.03,155.78,156.0,29061
2026-02-05 19:55:00,156.035,156.14,155.95,156.14,50020
2026-02-05 20:00:00,156.1,156.13,155.89,155.94,31663
2026-02-05 20:05:00,155.92,156.015,155.85,155.95,33892
2026-02-05 20:10:00,155.955,156.065,155.92,156.03,41162
2026-02-05 20:15:00,156.025,156.17,155.95,156.17,85891
2026-02-05 20:20:00,156.21,156.26,156.16,156.16,44255
2026-02-05 20:25:00,156.21,156.33,156.1601,156.32,50195
2026-02-05 20:30:00,156.3,156.39,156.24,156.255,50435
2026-02-05 20:35:00,156.27,156.27,156.15,156.19,56689
2026-02-05 20:40:00,156.19,156.31,156.02,156.05,81472
2026-02-05 20:45:00,156.0,156.11,155.735,155.81,74408
2026-02-05 20:50:00,155.83,156.0,155.41,155.52,228130
2026-02-05 20:55:00,155.55,155.65,155.13,155.41,628974
2026-02-06 14:30:00,155.44,155.905,155.38,155.66,113480
2026-02-06 14:35:00,155.675,155.955,155.14,155.23,79525
2026-02-06 14:40:00,155.2267,155.575,155.12,155.14,47888
2026-02-06 14:45:00,155.12,155.24,154.88,155.14,46891
2026-02-06 14:50:00,155.1,155.285,155.0,155.16,55459
2026-02-06 14:55:00,155.15,155.69,155.118,155.595,48177
2026-02-06 15:00:00,155.56,155.89,155.36,155.73,60872
2026-02-06 15:05:00,155.735,155.98,155.64,155.92,46749
2026-02-06 15:10:00,155.92,156.34,155.92,155.99,71174
2026-02-06 15:15:00,155.995,156.0,155.69,155.72,34596
2026-02-06 15:20:00,155.74,156.175,155.74,156.105,55986
2026-02-06 15:25:00,156.105,156.1499,155.905,155.915,29350
2026-02-06 15:40:00,155.86,155.96,155.795,155.795,120327
2026-02-06 15:45:00,155.795,155.96,155.72,155.745,25515
2026-02-06 15:50:00,155.745,155.805,155.719,155.73,8790
2026-02-06 15:55:00,155.885,155.92,155.885,155.895,39812
2026-02-06 16:00:00,155.89,155.94,155.89,155.9,27132
2026-02-06 16:05:00,155.94,155.95,155.81,155.87,28709
2026-02-06 16:10:00,155.87,155.87,155.57,155.635,31984
2026-02-06 16:15:00,155.635,155.635,155.345,155.39,38085
2026-02-06 16:20:00,155.395,155.475,155.31,155.385,31531
2026-02-06 16:25:00,155.43,155.5972,155.4,155.54,35432
2026-02-06 16:30:00,155.54,155.58,155.38,155.47,48311
2026-02-06 16:35:00,155.47,155.49,155.21,155.27,41478
2026-02-06 16:40:00,155.28,155.37,155.1513,155.215,65468
2026-02-06 16:45:00,155.215,155.31,154.99,155.01,35782
2026-02-06 16:50:00,155.005,155.1,154.925,155.025,41184
2026-02-06 16:55:00,155.025,155.09,154.84,154.89,80574
2026-02-06 17:00:00,154.91,155.11,154.84,154.97,88650
2026-02-06 17:05:00,155.0,155.3208,154.93,155.15,53592
2026-02-06 17:10:00,155.16,155.19,154.97,155.13,65240
2026-02-06 17:15:00,155.17,155.19,155.04,155.1729,81503
2026-02-06 17:20:00,155.19,155.3925,155.12,155.29,40437
2026-02-06 17:25:00,155.32,155.35,155.19,155.28,31589
2026-02-06 17:30:00,155.31,155.31,154.91,154.91,46284
2026-02-06 17:35:00,154.88,155.1408,154.87,155.0976,28604
2026-02-06 17:40:00,155.085,155.09,154.89,155.035,28246
2026-02-06 17:45:00,155.055,155.195,155.04,155.16,40491
2026-02-06 17:50:00,155.19,155.22,155.1102,155.12,26943
2026-02-06 17:55:00,155.12,155.14,155.12,155.14,8324
2026-02-06 18:00:00,155.085,155.13,154.83,154.84,114898
2026-02-06 18:05:00,154.86,154.93,154.725,154.85,42112
2026-02-06 18:10:00,154.86,155.0,154.81,154.96,24528
2026-02-06 18:15:00,154.94,155.01,154.8792,154.915,35370
2026-02-06 18:20:00,154.9,155.085,154.88,155.085,37598
2026-02-06 18:25:00,155.09,155.205,155.08,155.15,20222
2026-02-06 18:30:00,155.23,155.365,155.2,155.285,19441
2026-02-06 18:35:00,155.28,155.37,155.1702,155.22,44356
2026-02-06 18:40:00,155.22,155.2336,155.09,155.13,17362
2026-02-06 18:45:00,155.1,155.29,155.07,155.11,34368
2026-02-06 18:50:00,155.15,155.17,155.08,155.1,22914
2026-02-06 18:55:00,155.09,155.1,154.83,154.84,50649
2026-02-06 19:00:00,154.83,155.05,154.83,154.89,79169
2026-02-06 19:05:00,154.92,155.06,154.89,155.03,52883
2026-02-06 19:10:00,155.03,155.12,154.98,155.12,43407
2026-02-06 19:15:00,155.12,155.235,155.04,155.23,44124
2026-02-06 19:20:00,155.245,155.41,155.245,155.32,38793
2026-02-06 19:25:00,155.31,155.33,155.24,155.32,44937
2026-02-06 19:30:00,155.325,155.375,155.24,155.365,26985
2026-02-06 19:35:00,155.37,155.405,155.31,155.405,30226
2026-02-06 19:40:00,155.42,155.475,155.28,155.29,36343
2026-02-06 19:45:00,155.34,155.58,155.32,155.545,37987
2026-02-06 19:50:00,155.53,155.56,155.42,155.42,20642
2026-02-06 19:55:00,155.43,155.485,155.37,155.465,34601
2026-02-06 20:00:00,155.47,155.54,155.375,155.38,26508
2026-02-06 20:05:00,155.38,155.45,155.33,155.4,38965
2026-02-06 20:10:00,155.39,155.4,155.12,155.18,119208
2026-02-06 20:15:00,155.2,155.285,155.085,155.27,40130
2026-02-06 20:20:00,155.29,155.4299,155.29,155.3906,38604
2026-02-06 20:25:00,155.395,155.53,155.375,155.43,48517
2026-02-06 20:30:00,155.42,155.52,155.31,155.345,47214
2026-02-06 20:35:00,155.34,155.395,155.175,155.2,58862
2026-02-06 20:40:00,155.205,155.44,155.205,155.41,49431
2026-02-06 20:45:00,155.43,155.52,155.375,155.48,54485
2026-02-06 20:50:00,155.48,155.55,155.35,155.45,132879
2026-02-06 20:55:00,155.48,155.91,155.48,155.79,275442
2026-02-09 14:30:00,155.4,156.0,154.91,155.07,70966
2026-02-09 14:35:00,155.125,155.79,155.065,155.48,57771
2026-02-09 14:40:00,155.454,155.57,154.52,154.62,31904
2026-02-09 14:45:00,154.64,154.92,154.4,154.88,48744
2026-02-09 14:50:00,154.83,154.86,154.23,154.315,39727
2026-02-09 14:55:00,154.315,154.32,154.03,154.23,54027
2026-02-09 15:00:00,154.275,154.39,154.02,154.25,42779
2026-02-09 15:05:00,154.27,154.69,154.16,154.635,30931
2026-02-09 15:10:00,154.58,154.99,154.56,154.73,37718
2026-02-09 15:15:00,154.73,154.8,154.52,154.52,36706
2026-02-09 15:20:00,154.53,154.96,154.52,154.885,21237
2026-02-09 15:25:00,154.83,154.9,154.65,154.89,21922
2026-02-09 15:30:00,154.88,155.105,154.76,155.02,34032
2026-02-09 15:35:00,154.9961,155.095,154.92,154.92,26916
2026-02-09 15:40:00,154.925,154.9784,154.75,154.795,28735
2026-02-09 15:45:00,154.795,154.925,154.73,154.925,28410
2026-02-09 15:50:00,154.95,154.98,154.83,154.91,30079
2026-02-09 15:55:00,154.92,155.16,154.92,155.125,31930
2026-02-09 16:00:00,155.14,155.29,155.11,155.2,32385
2026-02-09 16:05:00,155.23,155.33,155.15,155.2,26379
2026-02-09 16:10:00,155.18,155.255,155.14,155.195,23316
2026-02-09 16:15:00,155.16,155.195,155.06,155.13,30384
2026-02-09 16:20:00,155.15,155.3,155.08,155.235,38628
2026-02-09 16:25:00,155.26,155.27,155.19,155.195,20715
2026-02-09 16:30:00,155.17,155.255,155.07,155.215,25128
2026-02-09 16:35:00,155.19,155.225,155.05,155.11,48843
2026-02-09 16:40:00,155.08,155.1741,155.08,155.13,13592
2026-02-09 16:45:00,155.155,155.27,155.14,155.215,26934
2026-02-09 16:50:00,155.19,155.296,155.187,155.27,14110
2026-02-09 16:55:00,155.2512,155.27,155.18,155.205,13363
2026-02-09 17:00:00,155.215,155.26,155.08,155.145,27085
2026-02-09 17:05:00,155.145,155.175,154.99,155.06,24527
2026-02-09 17:10:00,155.06,155.2,155.04,155.085,24241
2026-02-09 17:15:00,155.06,155.13,155.06,155.07,40843
2026-02-09 17:20:00,155.1,155.25,155.05,155.245,25453
2026-02-09 17:25:00,155.245,155.535,155.22,155.515,34582
2026-02-09 17:30:00,155.515,155.61,155.51,155.58,28804
2026-02-09 17:35:00,155.585,155.655,155.5,155.515,28680
2026-02-09 17:40:00,155.515,155.5599,155.43,155.52,17661
2026-02-09 17:45:00,155.52,155.585,155.42,155.45,35897
2026-02-09 17:50:00,155.43,155.61,155.4,155.59,16850
2026-02-09 17:55:00,155.59,155.6,155.425,155.435,21521
2026-02-09 18:00:00,155.435,155.47,155.37,155.42,15556
2026-02-09 18:05:00,155.41,155.555,155.41,155.5,23762
2026-02-09 18:10:00,155.495,155.53,155.36,155.505,24564
2026-02-09 18:15:00,155.55,155.7,155.55,155.66,17910
2026-02-09 18:20:00,155.68,155.79,155.615,155.71,39186
2026-02-09 18:25:00,155.71,155.81,155.6856,155.725,22349
2026-02-09 18:30:00,155.725,155.795,155.705,155.795,25722
2026-02-09 18:35:00,155.8,155.91,155.775,155.8175,22732
2026-02-09 18:40:00,155.87,155.905,155.78,155.85,24739
2026-02-09 18:45:00,155.855,155.87,155.77,155.86,19316
2026-02-09 18:50:00,155.8306,155.93,155.8306,155.895,32988
2026-02-09 18:55:00,155.89,155.905,155.8201,155.84,20587
2026-02-09 19:00:00,155.81,155.8999,155.69,155.8999,26038
2026-02-09 19:05:00,155.87,155.87,155.65,155.705,40232
2026-02-09 19:10:00,155.7,155.75,155.635,155.635,14086
2026-02-09 19:15:00,155.625,155.725,155.6,155.725,16378
2026-02-09 19:20:00,155.73,155.81,155.725,155.785,15366
2026-02-09 19:25:00,155.74,155.74,155.61,155.61,13868
2026-02-09 19:30:00,155.64,155.65,155.435,155.455,19655
2026-02-09 19:35:00,155.44,155.61,155.38,155.575,28688
2026-02-09 19:40:00,155.58,155.5892,155.51,155.56,25841
2026-02-09 19:45:00,155.55,155.7,155.55,155.67,30870
2026-02-09 19:50:00,155.67,155.895,155.65,155.855,27199
2026-02-09 19:55:00,155.855,155.905,155.82,155.845,25117
2026-02-09 20:00:00,155.85,156.015,155.85,156.015,30036
2026-02-09 20:05:00,156.01,156.01,155.865,155.875,23599
2026-02-09 20:10:00,155.875,156.02,155.86,155.945,26677
2026-02-09 20:15:00,155.97,156.04,155.83,156.04,44999
2026-02-09 20:20:00,156.04,156.06,155.945,155.95,27001
2026-02-09 20:25:00,155.95,155.99,155.78,155.86,30749
2026-02-09 20:30:00,155.85,155.93,155.84,155.85,44441
2026-02-09 20:35:00,155.83,155.97,155.78,155.9,63672
2026-02-09 20:40:00,155.97,156.07,155.88,156.05,63267
2026-02-09 20:45:00,156.055,156.33,156.05,156.295,40573
2026-02-09 20:50:00,156.32,156.33,155.83,155.875,121758
2026-02-09 20:55:00,155.875,156.33,155.82,156.23,296504
2026-02-10 14:30:00,156.61,157.0,155.83,156.8513,78799
2026-02-10 14:35:00,156.69,157.04,156.38,156.79,51622
2026-02-10 14:40:00,156.79,157.16,156.44,156.55,53662
2026-02-10 14:45:00,156.5,156.51,156.085,156.5,110564
2026-02-10 14:50:00,156.4,156.4,155.99,156.2,36808
2026-02-10 14:55:00,156.1,156.3212,156.1,156.19,26095
2026-02-10 15:00:00,156.17,156.27,156.0,156.075,23252
2026-02-10 15:05:00,156.075,156.095,155.5,155.735,46985
2026-02-10 15:10:00,155.735,155.735,155.25,155.49,42606
2026-02-10 15:15:00,155.45,155.62,155.3,155.62,55435
2026-02-10 15:20:00,155.65,155.68,155.29,155.325,33347
2026-02-10 15:25:00,155.26,155.295,155.133,155.135,21324
2026-02-10 15:30:00,155.17,155.24,154.98,155.025,25780
2026-02-10 15:35:00,155.01,155.01,154.4,154.55,35031
2026-02-10 15:40:00,154.55,154.8,154.48,154.48,28168
2026-02-10 15:45:00,154.505,154.53,154.38,154.38,32390
2026-02-10 15:50:00,154.39,154.43,154.12,154.43,22926
2026-02-10 15:55:00,154.455,154.49,154.17,154.425,28786
2026-02-10 16:00:00,154.42,154.57,154.28,154.53,29144
2026-02-10 16:05:00,154.53,154.66,154.34,154.41,35054
2026-02-10 16:10:00,154.46,154.46,153.92,153.935,43218
2026-02-10 16:15:00,153.935,154.082,153.83,153.895,41885
2026-02-10 16:20:00,153.88,153.965,153.74,153.77,26977
2026-02-10 16:25:00,153.74,154.2499,153.74,154.115,58087
2026-02-10 16:30:00,154.12,154.135,153.81,153.835,20538
2026-02-10 16:35:00,153.86,153.895,153.64,153.73,21511
2026-02-10 16:40:00,153.71,153.83,153.61,153.76,30813
2026-02-10 16:45:00,153.79,153.81,153.68,153.71,20471
2026-02-10 16:50:00,153.69,153.7,153.55,153.6,33046
2026-02-10 16:55:00,153.59,153.65,153.465,153.465,22793
2026-02-10 17:00:00,153.43,153.43,153.13,153.15,44579
2026-02-10 17:05:00,153.17,153.25,153.06,153.18,46425
2026-02-10 17:10:00,153.23,153.48,153.2,153.48,51084
2026-02-10 17:15:00,153.47,153.62,153.435,153.56,40336
2026-02-10 17:20:00,153.535,153.54,153.285,153.445,55166
2026-02-10 17:25:00,153.445,153.64,153.445,153.46,34580
2026-02-10 17:30:00,153.44,153.5,153.305,153.38,60957
2026-02-10 17:35:00,153.4057,153.635,153.345,153.635,28922
2026-02-10 17:40:00,153.6324,154.02,153.6324,154.0,16723
2026-02-10 17:45:00,154.01,154.065,153.925,154.06,46714
2026-02-10 17:50:00,154.07,154.14,153.95,153.95,16862
2026-02-10 17:55:00,153.95,153.97,153.75,153.78,19683
2026-02-10 18:00:00,153.7543,153.8,153.718,153.718,17659
2026-02-10 18:05:00,153.735,153.78,153.69,153.73,15002
2026-02-10 18:10:00,153.76,153.9,153.76,153.78,20338
2026-02-10 18:15:00,153.8,153.8,153.66,153.69,21784
2026-02-10 18:20:00,153.71,153.86,153.71,153.8,27556
2026-02-10 18:25:00,153.8199,153.94,153.78,153.92,27436
2026-02-10 18:30:00,153.9,153.97,153.825,153.91,21828
2026-02-10 18:35:00,153.91,154.0,153.91,154.0,17812
2026-02-10 18:40:00,153.96,153.97,153.8,153.86,18328
2026-02-10 18:45:00,153.86,153.8899,153.65,153.65,20577
2026-02-10 18:50:00,153.635,153.73,153.61,153.73,23553
2026-02-10 18:55:00,153.73,153.84,153.695,153.71,25402
2026-02-10 19:00:00,153.7063,153.7063,153.61,153.625,27026
2026-02-10 19:05:00,153.63,153.75,153.57,153.72,30909
2026-02-10 19:10:00,153.73,153.785,153.7001,153.76,21010
2026-02-10 19:15:00,153.75,153.83,153.735,153.8208,27743
2026-02-10 19:20:00,153.845,153.89,153.8,153.87,17689
2026-02-10 19:25:00,153.87,153.98,153.87,153.98,16676
2026-02-10 19:30:00,153.99,154.01,153.86,153.89,25941
2026-02-10 19:35:00,153.92,153.97,153.91,153.93,15237
2026-02-10 19:40:00,153.94,153.96,153.81,153.92,32487
2026-02-10 19:45:00,153.9169,154.01,153.895,154.01,35637
2026-02-10 19:50:00,154.01,154.07,153.96,153.98,31564
2026-02-10 19:55:00,153.99,154.0,153.7,153.7,35807
2026-02-10 20:00:00,153.72,153.785,153.64,153.655,40240
2026-02-10 20:05:00,153.66,153.7272,153.6,153.63,37253
2026-02-10 20:10:00,153.63,153.87,153.59,153.8,52569
2026-02-10 20:15:00,153.78,153.87,153.765,153.84,49810
2026-02-10 20:20:00,153.841,153.875,153.7,153.745,53764
2026-02-10 20:25:00,153.73,153.84,153.66,153.665,45996
2026-02-10 20:30:00,153.68,153.71,153.48,153.575,66680
2026-02-10 20:35:00,153.575,153.595,153.4597,153.52,44018
2026-02-10 20:40:00,153.52,153.56,153.44,153.47,53168
2026-02-10 20:45:00,153.47,153.55,153.44,153.46,102294
2026-02-10 20:50:00,153.45,153.45,153.14,153.22,127292
2026-02-10 20:55:00,153.22,153.36,153.14,153.24,317887
2026-02-11 14:30:00,153.18,154.26,152.85,153.88,88305
2026-02-11 14:35:00,153.68,154.15,153.34,153.95,35061
2026-02-11 14:40:00,153.9201,154.06,153.31,153.31,53696
2026-02-11 14:45:00,153.23,153.29,152.82,153.14,46383
2026-02-11 14:50:00,153.03,153.475,152.8,153.37,46109
2026-02-11 14:55:00,153.31,153.99,153.31,153.92,44446
2026-02-11 15:00:00,153.89,153.94,153.63,153.765,49091
2026-02-11 15:05:00,153.765,153.85,153.62,153.62,26333
2026-02-11 15:10:00,153.62,153.925,153.53,153.795,41419
2026-02-11 15:15:00,153.74,153.83,153.45,153.515,42366
2026-02-11 15:20:00,153.55,153.72,153.45,153.52,38537
2026-02-11 15:25:00,153.55,153.98,153.54,153.73,56667
2026-02-11 15:30:00,153.725,153.725,153.4,153.505,39829
2026-02-11 15:35:00,153.4975,153.505,153.17,153.24,41328
2026-02-11 15:40:00,153.2223,153.51,153.2,153.445,33370
2026-02-11 15:45:00,153.445,153.555,153.395,153.48,29043
2026-02-11 15:50:00,153.48,153.58,153.13,153.13,33388
2026-02-11 15:55:00,153.16,153.215,153.035,153.17,41552
2026-02-11 16:00:00,153.2624,153.42,153.21,153.27,30226
2026-02-11 16:05:00,153.27,153.49,153.2425,153.2425,35091
2026-02-11 16:10:00,153.23,153.31,152.86,152.86,45819
2026-02-11 16:15:00,152.84,153.0799,152.64,152.64,57641
2026-02-11 16:20:00,152.685,152.86,152.63,152.78,37736
2026-02-11 16:25:00,152.76,152.815,152.44,152.5,42719
2026-02-11 16:30:00,152.49,152.76,152.46,152.745,64242
2026-02-11 16:35:00,152.75,152.81,152.55,152.72,64687
2026-02-11 16:40:00,152.71,152.95,152.7,152.81,46508
2026-02-11 16:45:00,152.76,152.815,152.62,152.685,21207
2026-02-11 16:50:00,152.68,152.76,152.545,152.57,25178
2026-02-11 16:55:00,152.595,152.6,152.41,152.427,21572
2026-02-11 17:00:00,152.435,152.46,152.17,152.26,59169
2026-02-11 17:05:00,152.275,152.3876,152.16,152.16,43576
2026-02-11 17:10:00,152.17,152.17,151.89,152.0,30688
2026-02-11 17:15:00,152.0,152.0,151.585,151.585,36168
2026-02-11 17:20:00,151.615,151.71,151.5,151.5,39868
2026-02-11 17:25:00,151.52,151.58,151.34,151.36,36794
2026-02-11 17:30:00,151.36,151.36,151.07,151.2299,61174
2026-02-11 17:35:00,151.14,151.24,151.02,151.04,40505
2026-02-11 17:40:00,151.1,151.11,150.99,151.0,31087
2026-02-11 17:45:00,150.98,151.259,150.97,151.23,35921
2026-02-11 17:50:00,151.23,151.23,151.09,151.095,27294
2026-02-11 17:55:00,151.095,151.1062,150.995,151.05,42581
2026-02-11 18:00:00,151.045,151.15,151.0,151.045,41038
2026-02-11 18:05:00,151.035,151.15,150.94,151.15,27180
2026-02-11 18:10:00,151.125,151.215,151.07,151.215,29549
2026-02-11 18:15:00,151.17,151.18,151.02,151.02,26812
2026-02-11 18:20:00,151.04,151.07,150.8801,150.8801,36779
2026-02-11 18:25:00,150.9,151.045,150.875,150.9,21832
2026-02-11 18:30:00,150.92,150.94,150.52,150.59,47789
2026-02-11 18:35:00,150.61,150.678,150.5,150.505,35319
2026-02-11 18:40:00,150.505,150.7,150.48,150.63,38426
2026-02-11 18:45:00,150.63,150.7691,150.6,150.7494,40200
2026-02-11 18:50:00,150.78,150.8,150.61,150.625,35817
2026-02-11 18:55:00,150.61,150.745,150.31,150.33,46079
2026-02-11 19:00:00,150.31,150.495,150.265,150.49,34340
2026-02-11 19:05:00,150.49,150.64,150.48,150.5775,37731
2026-02-11 19:10:00,150.61,150.6499,150.47,150.505,41407
2026-02-11 19:15:00,150.51,150.7594,150.51,150.66,31397
2026-02-11 19:20:00,150.66,150.745,150.525,150.67,30228
2026-02-11 19:25:00,150.6569,150.72,150.59,150.605,23338
2026-02-11 19:30:00,150.605,150.68,150.51,150.68,41582
2026-02-11 19:35:00,150.665,150.78,150.5569,150.6,37950
2026-02-11 19:40:00,150.62,150.7899,150.61,150.7,34037
2026-02-11 19:45:00,150.675,150.98,150.59,150.8099,101882
2026-02-11 19:50:00,150.78,150.83,150.71,150.735,30580
2026-02-11 19:55:00,150.72,150.87,150.69,150.795,47172
2026-02-11 20:00:00,150.81,150.82,150.615,150.67,64997
2026-02-11 20:05:00,150.68,150.7301,150.55,150.71,39299
2026-02-11 20:10:00,150.705,150.7943,150.53,150.725,43297
2026-02-11 20:15:00,150.735,150.88,150.68,150.88,41597
2026-02-11 20:20:00,150.88,150.9,150.72,150.73,44253
2026-02-11 20:25:00,150.725,150.76,150.68,150.76,53185
2026-02-11 20:30:00,150.735,150.735,150.49,150.59,85125
2026-02-11 20:35:00,150.59,150.91,150.59,150.89,63814
2026-02-11 20:40:00,150.885,150.95,150.71,150.81,112305
2026-02-11 20:45:00,150.81,150.99,150.685,150.945,85507
2026-02-11 20:50:00,150.92,150.92,150.29,150.3,199202
2026-02-11 20:55:00,150.28,150.83,150.28,150.69,391225
2026-02-12 14:30:00,153.105,153.54,151.98,153.435,257744
2026-02-12 14:35:00,153.31,153.615,152.515,153.49,100692
2026-02-12 14:40:00,153.443,153.595,153.13,153.41,57113
2026-02-12 14:45:00,153.435,153.7,153.36,153.625,62679
2026-02-12 14:50:00,153.61,153.66,153.07,153.16,33240
2026-02-12 14:55:00,153.22,153.67,153.22,153.67,38975
2026-02-12 15:00:00,153.67,154.01,153.54,153.93,82360
2026-02-12 15:05:00,153.9,154.095,153.64,153.9606,49290
2026-02-12 15:10:00,153.96,154.12,153.82,154.12,79382
2026-02-12 15:15:00,154.13,154.27,153.94,154.24,69528
2026-02-12 15:20:00,154.28,154.48,154.265,154.37,57352
2026-02-12 15:25:00,154.37,154.615,154.37,154.56,63702
2026-02-12 15:30:00,154.5,154.71,154.38,154.705,66305
2026-02-12 15:35:00,154.725,154.86,154.63,154.83,71737
2026-02-12 15:40:00,154.83,154.955,154.78,154.9,57029
2026-02-12 15:45:00,154.895,155.04,154.79,154.85,59751
2026-02-12 15:50:00,154.85,155.46,154.82,155.24,92136
2026-02-12 15:55:00,155.19,155.3299,155.03,155.28,73185
2026-02-12 16:00:00,155.315,155.41,155.06,155.12,119257
2026-02-12 16:05:00,155.16,155.31,154.865,154.97,119752
2026-02-12 16:10:00,154.98,155.205,154.945,155.075,53493
2026-02-12 16:15:00,155.08,155.215,154.96,155.12,51276
2026-02-12 16:20:00,155.17,155.55,155.15,155.285,56868
2026-02-12 16:25:00,155.285,155.515,155.19,155.445,76583
2026-02-12 16:30:00,155.48,155.59,155.4,155.59,67570
2026-02-12 16:35:00,155.56,155.59,155.34,155.545,95776
2026-02-12 16:40:00,155.545,155.545,155.2,155.29,104749
2026-02-12 16:45:00,155.285,155.31,154.88,154.925,31707
2026-02-12 16:50:00,154.8893,155.06,154.8,154.89,52758
2026-02-12 16:55:00,154.875,155.125,154.875,154.965,35206
2026-02-12 17:00:00,154.9,155.12,154.83,155.12,40164
2026-02-12 17:05:00,155.125,155.29,154.99,155.09,52198
2026-02-12 17:10:00,155.11,155.3,154.97,155.195,55758
2026-02-12 17:15:00,155.195,155.37,155.075,155.345,53223
2026-02-12 17:20:00,155.355,155.5,155.3,155.3,38127
2026-02-12 17:25:00,155.2,155.24,154.89,154.91,60981
2026-02-12 17:30:00,154.84,154.995,154.76,154.82,37902
2026-02-12 17:35:00,154.84,155.0596,154.735,154.795,36480
2026-02-12 17:40:00,154.75,154.82,154.65,154.68,20682
2026-02-12 17:45:00,154.71,154.725,154.44,154.5,19732
2026-02-12 17:50:00,154.49,154.78,154.44,154.69,28016
2026-02-12 17:55:00,154.69,154.7,154.53,154.53,31639
2026-02-12 18:00:00,154.53,154.71,154.39,154.595,25633
2026-02-12 18:05:00,154.615,154.7,154.52,154.615,24983
2026-02-12 18:10:00,154.66,154.79,154.59,154.71,30683
2026-02-12 18:15:00,154.68,154.88,154.625,154.825,17751
2026-02-12 18:20:00,154.88,154.88,154.68,154.695,24319
2026-02-12 18:25:00,154.695,154.77,154.38,154.55,83716
2026-02-12 18:30:00,154.56,154.81,154.46,154.81,23827
2026-02-12 18:35:00,154.81,154.84,154.665,154.71,26725
2026-02-12 18:40:00,154.71,154.86,154.65,154.75,27929
2026-02-12 18:45:00,154.75,154.84,154.58,154.59,22437
2026-02-12 18:50:00,154.585,154.665,154.4201,154.5,21772
2026-02-12 18:55:00,154.497,154.69,154.37,154.67,39471
2026-02-12 19:00:00,154.665,154.73,154.53,154.53,29506
2026-02-12 19:05:00,154.51,154.53,154.365,154.42,24877
2026-02-12 19:10:00,154.425,154.51,154.09,154.34,55382
2026-02-12 19:15:00,154.34,154.505,154.33,154.505,30998
2026-02-12 19:20:00,154.54,154.54,154.33,154.435,21737
2026-02-12 19:25:00,154.4,154.49,154.36,154.48,25073
2026-02-12 19:30:00,154.495,154.73,154.495,154.73,28297
2026-02-12 19:35:00,154.77,154.83,154.67,154.78,22837
2026-02-12 19:40:00,154.785,154.83,154.64,154.705,35008
2026-02-12 19:45:00,154.72,154.905,154.71,154.855,25615
2026-02-12 19:50:00,154.88,155.06,154.88,155.0499,41597
2026-02-12 19:55:00,155.05,155.32,155.03,155.27,44515
2026-02-12 20:00:00,155.31,155.37,155.2,155.295,38591
2026-02-12 20:05:00,155.295,155.35,155.17,155.27,43946
2026-02-12 20:10:00,155.27,155.315,155.17,155.175,35307
2026-02-12 20:15:00,155.18,155.275,155.06,155.115,36429
2026-02-12 20:20:00,155.12,155.18,154.955,155.095,45667
2026-02-12 20:25:00,155.095,155.095,154.75,154.805,47051
2026-02-12 20:30:00,154.775,154.88,154.51,154.515,63961
2026-02-12 20:35:00,154.53,154.53,154.325,154.34,50348
2026-02-12 20:40:00,154.34,154.415,154.3,154.34,53581
2026-02-12 20:45:00,154.335,154.37,154.185,154.35,88076
2026-02-12 20:50:00,154.33,154.49,154.11,154.11,183798
2026-02-12 20:55:00,154.11,154.23,153.92,154.17,358259
2026-02-13 14:30:00,153.92,154.51,153.0,153.45,110156
2026-02-13 14:35:00,153.71,154.3715,153.1,154.14,18239
2026-02-13 14:40:00,154.1363,154.19,153.27,153.28,19880
2026-02-13 14:45:00,153.51,153.52,152.67,152.73,34332
2026-02-13 14:50:00,152.735,153.27,152.735,153.14,60783
2026-02-13 14:55:00,153.14,153.24,152.88,152.96,34038
2026-02-13 15:00:00,153.03,153.18,152.965,153.125,42707
2026-02-13 15:05:00,153.22,153.65,153.1,153.59,34775
2026-02-13 15:10:00,153.61,153.63,153.1925,153.325,97550
2026-02-13 15:15:00,153.35,154.025,153.2796,154.025,51216
2026-02-13 15:20:00,154.025,154.3,153.88,153.96,101607
2026-02-13 15:25:00,153.89,154.2,153.855,154.095,52996
2026-02-13 15:30:00,154.095,154.34,153.9,154.34,61031
2026-02-13 15:35:00,154.34,154.7,154.25,154.515,34928
2026-02-13 15:40:00,154.44,154.84,154.44,154.595,39751
2026-02-13 15:45:00,154.525,155.04,154.48,155.04,29968
2026-02-13 15:50:00,155.03,155.09,154.815,154.825,19935
2026-02-13 15:55:00,154.825,154.99,154.75,154.975,22208
2026-02-13 16:00:00,155.04,155.15,155.03,155.13,19215
2026-02-13 16:05:00,155.085,155.305,155.085,155.19,35059
2026-02-13 16:10:00,155.17,155.33,155.15,155.175,15181
2026-02-13 16:15:00,155.18,155.4,155.1501,155.33,26023
2026-02-13 16:20:00,155.335,155.445,155.3144,155.33,16370
2026-02-13 16:25:00,155.335,155.61,155.335,155.55,18813
2026-02-13 16:30:00,155.62,155.7,155.52,155.615,14551
2026-02-13 16:35:00,155.68,155.68,155.422,155.435,18348
2026-02-13 16:40:00,155.43,155.43,155.215,155.215,16822
2026-02-13 16:45:00,155.28,155.467,155.205,155.36,23888
2026-02-13 16:50:00,155.36,155.43,155.315,155.405,15804
2026-02-13 16:55:00,155.405,155.475,155.3,155.38,30517
2026-02-13 17:00:00,155.37,155.57,155.31,155.51,17771
2026-02-13 17:05:00,155.525,155.5596,155.33,155.39,33657
2026-02-13 17:10:00,155.39,155.4183,155.32,155.405,23369
2026-02-13 17:15:00,155.43,155.48,155.39,155.4,15729
2026-02-13 17:20:00,155.37,155.55,155.37,155.495,18906
2026-02-13 17:25:00,155.46,155.495,155.32,155.37,41303
2026-02-13 17:30:00,155.4,155.58,155.3401,155.5525,16536
2026-02-13 17:35:00,155.555,155.645,155.51,155.53,26887
2026-02-13 17:40:00,155.5499,155.585,155.46,155.5,15418
2026-02-13 17:45:00,155.5,155.55,155.465,155.5,23817
2026-02-13 17:50:00,155.49,155.49,155.4,155.455,19158
2026-02-13 17:55:00,155.455,155.6365,155.4,155.6,26258
2026-02-13 18:00:00,155.58,155.68,155.3716,155.5,31581
2026-02-13 18:05:00,155.5,155.635,155.5,155.51,13980
2026-02-13 18:10:00,155.55,155.58,155.5,155.58,12519
2026-02-13 18:15:00,155.58,155.685,155.55,155.605,13017
2026-02-13 18:20:00,155.61,155.6499,155.58,155.615,13145
2026-02-13 18:25:00,155.58,155.81,155.46,155.73,32662
2026-02-13 18:30:00,155.73,155.8198,155.53,155.56,25534
2026-02-13 18:35:00,155.56,155.59,155.5,155.56,10624
2026-02-13 18:40:00,155.525,155.525,155.315,155.43,21287
2026-02-13 18:45:00,155.43,155.435,155.28,155.345,13332
2026-02-13 18:50:00,155.32,155.43,155.29,155.385,12694
2026-02-13 18:55:00,155.385,155.44,155.06,155.3,51341
2026-02-13 19:00:00,155.195,155.425,155.08,155.425,27298
2026-02-13 19:05:00,155.355,155.43,155.33,155.33,18099
2026-02-13 19:10:00,155.33,155.4099,155.225,155.255,22621
2026-02-13 19:15:00,155.255,155.29,155.22,155.26,15761
2026-02-13 19:20:00,155.26,155.2799,155.17,155.19,15266
2026-02-13 19:25:00,155.21,155.21,155.03,155.125,24452
2026-02-13 19:30:00,155.13,155.21,155.03,155.068,20580
2026-02-13 19:35:00,155.05,155.09,154.93,155.01,22465
2026-02-13 19:40:00,155.0,155.0425,154.82,154.825,19535
2026-02-13 19:45:00,154.85,154.85,154.71,154.74,17346
2026-02-13 19:50:00,154.74,154.8,154.62,154.66,28132
2026-02-13 19:55:00,154.67,154.785,154.58,154.58,33229
2026-02-13 20:00:00,154.65,154.79,154.6012,154.7345,41049
2026-02-13 20:05:00,154.7848,154.845,154.74,154.78,21805
2026-02-13 20:10:00,154.77,154.87,154.66,154.71,44379
2026-02-13 20:15:00,154.74,154.79,154.6,154.71,50607
2026-02-13 20:20:00,154.67,154.69,154.36,154.36,38490
2026-02-13 20:25:00,154.39,154.39,154.1,154.18,34962
2026-02-13 20:30:00,154.185,154.22,153.89,153.92,52103
2026-02-13 20:35:00,153.935,153.99,153.85,153.92,45206
2026-02-13 20:40:00,153.91,153.9875,153.78,153.975,49652
2026-02-13 20:45:00,153.96,154.15,153.93,154.15,76406
2026-02-13 20:50:00,154.12,154.28,154.07,154.255,110311
2026-02-13 20:55:00,154.24,154.53,154.22,154.42,348555
2026-02-17 14:30:00,155.36,155.68,154.32,154.845,621034
2026-02-17 14:35:00,154.9,155.09,154.61,155.0265,56822
2026-02-17 14:40:00,155.0027,155.15,154.64,155.13,43795
2026-02-17 14:45:00,155.01,155.44,154.92,154.985,103251
2026-02-17 14:50:00,154.85,155.16,154.67,154.68,100890
2026-02-17 14:55:00,154.755,154.755,154.32,154.56,31893
2026-02-17 15:00:00,154.475,154.57,154.13,154.34,38800
2026-02-17 15:05:00,154.36,154.5499,154.185,154.19,42919
2026-02-17 15:10:00,154.27,154.27,154.0,154.175,43029
2026-02-17 15:15:00,154.175,154.19,153.9,154.09,29128
2026-02-17 15:20:00,154.1,154.63,154.04,154.435,45573
2026-02-17 15:25:00,154.33,154.49,153.97,154.26,34939
2026-02-17 15:30:00,154.16,154.25,153.83,153.8629,25145
2026-02-17 15:35:00,153.845,153.98,153.77,153.895,28952
2026-02-17 15:40:00,153.86,153.96,153.41,153.615,42843
2026-02-17 15:45:00,153.615,153.72,153.55,153.71,33822
2026-02-17 15:50:00,153.68,153.85,153.65,153.79,35440
2026-02-17 15:55:00,153.74,154.0,153.71,153.88,47499
2026-02-17 16:00:00,153.94,154.12,153.855,154.02,40023
2026-02-17 16:05:00,153.98,154.07,153.81,153.95,45699
2026-02-17 16:10:00,153.945,154.1,153.9,154.03,33221
2026-02-17 16:15:00,154.1,154.38,154.09,154.34,20749
2026-02-17 16:20:00,154.38,154.78,154.37,154.72,40574
2026-02-17 16:25:00,154.72,154.77,154.4,154.4,23995
2026-02-17 16:30:00,154.35,154.37,154.07,154.2,20119
2026-02-17 16:35:00,154.24,154.41,154.21,154.28,33884
2026-02-17 16:40:00,154.305,154.5299,154.26,154.395,21314
2026-02-17 16:45:00,154.35,154.4392,154.21,154.24,17974
2026-02-17 16:50:00,154.29,154.4,154.2,154.36,22669
2026-02-17 16:55:00,154.3402,154.41,154.17,154.27,25475
2026-02-17 17:00:00,154.26,154.31,154.15,154.15,27227
2026-02-17 17:05:00,154.16,154.31,154.15,154.24,28678
2026-02-17 17:10:00,154.26,154.395,154.17,154.27,21404
2026-02-17 17:15:00,154.27,154.34,154.23,154.285,19025
2026-02-17 17:20:00,154.23,154.37,154.23,154.37,18225
2026-02-17 17:25:00,154.356,154.46,154.25,154.46,18579
2026-02-17 17:30:00,154.42,154.58,154.36,154.56,33363
2026-02-17 17:35:00,154.555,154.57,154.35,154.45,16807
2026-02-17 17:40:00,154.47,154.484,154.33,154.33,11953
2026-02-17 17:45:00,154.34,154.435,154.25,154.25,19288
2026-02-17 17:50:00,154.285,154.285,154.12,154.14,14144
2026-02-17 17:55:00,154.12,154.4,154.09,154.39,45977
2026-02-17 18:00:00,154.4081,154.4081,154.31,154.32,14413
2026-02-17 18:05:00,154.32,154.45,154.28,154.28,14188
2026-02-17 18:10:00,154.32,154.36,154.22,154.335,18567
2026-02-17 18:15:00,154.35,154.49,154.35,154.46,20255
2026-02-17 18:20:00,154.46,154.64,154.46,154.47,19728
2026-02-17 18:25:00,154.47,154.82,154.47,154.795,18025
2026-02-17 18:30:00,154.75,154.97,154.71,154.935,28616
2026-02-17 18:35:00,154.915,155.09,154.915,154.94,18132
2026-02-17 18:40:00,154.94,155.085,154.94,155.0117,17012
2026-02-17 18:45:00,155.07,155.165,155.01,155.16,18917
2026-02-17 18:50:00,155.12,155.1767,154.9266,154.9266,18559
2026-02-17 18:55:00,154.93,154.93,154.69,154.69,20022
2026-02-17 19:00:00,154.7,154.83,154.66,154.825,21909
2026-02-17 19:05:00,154.825,154.83,154.515,154.6,23311
2026-02-17 19:10:00,154.64,155.16,154.6,155.08,56481
2026-02-17 19:15:00,155.075,155.075,154.925,154.997,69044
2026-02-17 19:20:00,154.987,155.1899,154.965,155.16,32540
2026-02-17 19:25:00,155.19,155.19,155.0,155.02,122332
2026-02-17 19:30:00,155.0,155.29,155.0,155.2,34077
2026-02-17 19:35:00,155.2,155.32,155.11,155.24,31276
2026-02-17 19:40:00,155.225,155.355,155.17,155.35,20511
2026-02-17 19:45:00,155.35,155.41,155.26,155.35,23291
2026-02-17 19:50:00,155.37,155.37,155.215,155.335,25049
2026-02-17 19:55:00,155.31,155.36,155.19,155.27,31882
2026-02-17 20:00:00,155.265,155.4,155.2036,155.4,19815
2026-02-17 20:05:00,155.38,155.455,155.3404,155.455,36133
2026-02-17 20:10:00,155.455,155.735,155.39,155.68,56347
2026-02-17 20:15:00,155.69,156.01,155.675,155.965,61896
2026-02-17 20:20:00,155.965,156.095,155.88,155.88,60710
2026-02-17 20:25:00,155.863,156.12,155.85,156.11,66337
2026-02-17 20:30:00,156.08,156.09,155.95,156.02,82109
2026-02-17 20:35:00,156.0,156.145,155.94,156.095,76990
2026-02-17 20:40:00,156.09,156.17,155.99,156.125,231303
2026-02-17 20:45:00,156.14,156.36,156.1275,156.355,79102
2026-02-17 20:50:00,156.37,156.6,156.34,156.51,138680
2026-02-17 20:55:00,156.51,156.99,156.51,156.97,411915
2026-02-18 14:30:00,156.34,157.13,156.1,156.795,101106
2026-02-18 14:35:00,156.72,156.82,156.33,156.61,37491
2026-02-18 14:40:00,156.695,157.0,156.54,156.85,28501
2026-02-18 14:45:00,156.85,156.92,156.1,156.2167,20557
2026-02-18 14:50:00,156.28,156.41,155.96,156.165,53155
2026-02-18 14:55:00,156.175,156.37,156.01,156.27,23676
2026-02-18 15:00:00,156.21,156.49,156.17,156.49,25774
2026-02-18 15:05:00,156.46,156.5799,156.35,156.5799,17309
2026-02-18 15:10:00,156.545,156.735,156.45,156.609,22654
2026-02-18 15:15:00,156.608,156.73,156.34,156.35,34274
2026-02-18 15:20:00,156.33,156.41,156.14,156.14,21751
2026-02-18 15:25:00,156.08,156.21,156.03,156.095,27568
2026-02-18 15:30:00,156.13,156.34,156.07,156.22,28192
2026-02-18 15:35:00,156.205,156.31,156.13,156.19,27880
2026-02-18 15:40:00,156.14,156.24,156.02,156.24,22218
2026-02-18 15:45:00,156.2362,156.46,156.21,156.39,19930
2026-02-18 15:50:00,156.43,156.51,156.39,156.42,20065
2026-02-18 15:55:00,156.48,156.65,156.48,156.625,29280
2026-02-18 16:00:00,156.625,156.9,156.58,156.8,26155
2026-02-18 16:05:00,156.79,156.93,156.71,156.735,21501
2026-02-18 16:10:00,156.69,156.97,156.6601,156.81,22396
2026-02-18 16:15:00,156.835,156.85,156.73,156.73,16211
2026-02-18 16:20:00,156.71,156.92,156.71,156.85,18230
2026-02-18 16:25:00,156.85,156.8716,156.67,156.685,16537
2026-02-18 16:30:00,156.68,156.8,156.5701,156.5701,13046
2026-02-18 16:35:00,156.57,156.81,156.57,156.74,19299
2026-02-18 16:40:00,156.785,156.79,156.65,156.69,27501
2026-02-18 16:45:00,156.69,156.71,156.57,156.7,30567
2026-02-18 16:50:00,156.72,156.7699,156.615,156.615,22205
2026-02-18 16:55:00,156.6499,156.74,156.64,156.709,19020
2026-02-18 17:00:00,156.685,156.71,156.545,156.71,19844
2026-02-18 17:05:00,156.71,156.85,156.7,156.795,22068
2026-02-18 17:10:00,156.78,156.92,156.76,156.92,13453
2026-02-18 17:15:00,156.925,156.925,156.72,156.89,24071
2026-02-18 17:20:00,156.83,156.92,156.82,156.865,15395
2026-02-18 17:25:00,156.86,157.06,156.84,157.06,20531
2026-02-18 17:30:00,157.06,157.06,156.875,156.875,22142
2026-02-18 17:35:00,156.875,157.055,156.86,157.055,18727
2026-02-18 17:40:00,157.0201,157.03,156.934,156.985,13040
2026-02-18 17:45:00,156.96,157.07,156.92,157.07,22476
2026-02-18 17:50:00,157.075,157.27,157.06,157.225,12605
2026-02-18 17:55:00,157.25,157.25,157.08,157.13,38163
2026-02-18 18:00:00,157.13,157.22,156.99,157.03,19173
2026-02-18 18:05:00,157.0337,157.09,157.01,157.02,13782
2026-02-18 18:10:00,157.045,157.14,157.0,157.04,14265
2026-02-18 18:15:00,157.0517,157.19,157.0517,157.19,13424
2026-02-18 18:20:00,157.18,157.24,157.13,157.13,10084
2026-02-18 18:25:00,157.11,157.11,157.0001,157.02,10341
2026-02-18 18:30:00,157.02,157.04,156.92,156.9525,19654
2026-02-18 18:35:00,156.955,157.055,156.93,157.045,16384
2026-02-18 18:40:00,157.025,157.11,156.9708,157.11,22492
2026-02-18 18:45:00,157.08,157.11,157.04,157.04,11158
2026-02-18 18:50:00,157.015,157.015,156.87,156.93,13962
2026-02-18 18:55:00,156.92,157.07,156.87,157.0,17223
2026-02-18 19:00:00,157.01,157.14,156.99,157.14,14986
2026-02-18 19:05:00,157.13,157.145,156.765,156.785,31565
2026-02-18 19:10:00,156.81,156.92,156.71,156.72,23512
2026-02-18 19:15:00,156.78,156.82,156.73,156.76,15575
2026-02-18 19:20:00,156.84,156.86,156.75,156.79,36807
2026-02-18 19:25:00,156.81,156.9199,156.81,156.85,15420
2026-02-18 19:30:00,156.85,156.975,156.78,156.82,21444
2026-02-18 19:35:00,156.81,156.81,156.63,156.65,19813
2026-02-18 19:40:00,156.62,156.8,156.5776,156.59,23674
2026-02-18 19:45:00,156.59,156.6718,156.58,156.64,27505
2026-02-18 19:50:00,156.65,156.75,156.52,156.685,38267
2026-02-18 19:55:00,156.65,156.85,156.61,156.79,23148
2026-02-18 20:00:00,156.78,156.87,156.72,156.72,33555
2026-02-18 20:05:00,156.76,156.77,156.65,156.7275,21491
2026-02-18 20:10:00,156.71,156.86,156.71,156.75,17839
2026-02-18 20:15:00,156.755,156.8296,156.7,156.7,17481
2026-02-18 20:20:00,156.71,156.715,156.63,156.65,19706
2026-02-18 20:25:00,156.6386,156.67,156.57,156.59,27189
2026-02-18 20:30:00,156.61,156.82,156.61,156.81,37257
2026-02-18 20:35:00,156.83,157.05,156.79,157.0,25791
2026-02-18 20:40:00,156.98,156.98,156.8423,156.86,28828
2026-02-18 20:45:00,156.88,157.02,156.78,157.0,34868
2026-02-18 20:50:00,157.02,157.32,157.02,157.24,79865
2026-02-18 20:55:00,157.23,157.285,157.09,157.21,245192
2026-02-19 14:30:00,156.97,157.13,156.32,157.02,87124
2026-02-19 14:35:00,156.92,156.94,156.18,156.66,32794
2026-02-19 14:40:00,156.6323,157.29,156.47,157.16,44116
2026-02-19 14:45:00,157.165,157.32,156.79,156.805,53091
2026-02-19 14:50:00,156.875,156.91,156.66,156.91,23506
2026-02-19 14:55:00,156.91,157.03,156.82,156.84,29802
2026-02-19 15:00:00,156.77,156.8684,156.33,156.4,21715
2026-02-19 15:05:00,156.375,156.5,156.0,156.1175,27697
2026-02-19 15:10:00,156.065,156.14,155.96,155.96,24028
2026-02-19 15:15:00,155.95,156.0,155.8,155.98,32921
2026-02-19 15:20:00,155.99,156.17,155.87,156.17,29480
2026-02-19 15:25:00,156.215,156.33,156.135,156.24,24319
2026-02-19 15:30:00,156.32,156.53,156.23,156.53,23346
2026-02-19 15:35:00,156.475,156.65,156.475,156.6,22388
2026-02-19 15:40:00,156.66,156.68,156.47,156.51,14135
2026-02-19 15:45:00,156.5101,156.5101,156.295,156.295,39827
2026-02-19 15:50:00,156.37,156.49,156.28,156.31,15305
2026-02-19 15:55:00,156.31,156.38,156.17,156.23,20218
2026-02-19 16:00:00,156.15,156.19,155.94,156.0,28797
2026-02-19 16:05:00,155.99,156.16,155.9,155.995,34888
2026-02-19 16:10:00,155.995,156.03,155.94,156.01,26816
2026-02-19 16:15:00,155.96,156.1,155.96,156.005,18955
2026-02-19 16:20:00,155.96,155.97,155.8,155.915,23238
2026-02-19 16:25:00,155.93,156.01,155.648,155.65,24892
2026-02-19 16:30:00,155.645,155.79,155.625,155.66,20250
2026-02-19 16:35:00,155.675,155.6885,155.5,155.54,38817
2026-02-19 16:40:00,155.54,155.69,155.5,155.65,46666
2026-02-19 16:45:00,155.645,155.762,155.64,155.7099,10734
2026-02-19 16:50:00,155.6899,155.76,155.61,155.73,24395
2026-02-19 16:55:00,155.7178,155.87,155.68,155.86,27702
2026-02-19 17:00:00,155.86,155.9,155.615,155.66,30560
2026-02-19 17:05:00,155.645,155.645,155.38,155.475,24521
2026-02-19 17:10:00,155.52,155.745,155.46,155.68,43904
2026-02-19 17:15:00,155.69,155.845,155.69,155.775,35396
2026-02-19 17:20:00,155.78,155.935,155.77,155.895,15949
2026-02-19 17:25:00,155.895,156.025,155.89,155.93,43944
2026-02-19 17:30:00,155.975,156.15,155.95,156.15,13606
2026-02-19 17:35:00,156.11,156.115,156.046,156.07,11657
2026-02-19 17:40:00,156.08,156.21,156.07,156.19,22508
2026-02-19 17:45:00,156.2083,156.2083,156.02,156.17,45806
2026-02-19 17:50:00,156.17,156.21,156.1,156.15,39282
2026-02-19 17:55:00,156.15,156.175,156.0845,156.1104,30240
2026-02-19 18:00:00,156.1,156.11,155.975,155.98,28361
2026-02-19 18:05:00,155.98,156.07,155.98,156.05,19958
2026-02-19 18:10:00,156.05,156.1725,156.045,156.1725,22422
2026-02-19 18:15:00,156.17,156.17,155.94,155.945,22301
2026-02-19 18:20:00,155.91,156.0,155.845,155.98,21912
2026-02-19 18:25:00,156.0,156.02,155.96,155.99,16664
2026-02-19 18:30:00,155.99,156.04,155.79,156.04,53541
2026-02-19 18:35:00,156.08,156.11,156.02,156.105,16855
2026-02-19 18:40:00,156.105,156.255,156.094,156.165,32694
2026-02-19 18:45:00,156.19,156.27,156.11,156.22,26008
2026-02-19 18:50:00,156.2,156.26,156.176,156.255,20091
2026-02-19 18:55:00,156.245,156.245,156.11,156.185,22405
2026-02-19 19:00:00,156.1601,156.24,156.15,156.24,22706
2026-02-19 19:05:00,156.22,156.355,156.2,156.355,19538
2026-02-19 19:10:00,156.33,156.35,156.1741,156.2291,32876
2026-02-19 19:15:00,156.24,156.28,156.21,156.24,15468
2026-02-19 19:20:00,156.245,156.365,156.18,156.365,29775
2026-02-19 19:25:00,156.34,156.37,155.9,155.925,54820
2026-02-19 19:30:00,155.89,155.895,155.52,155.545,43936
2026-02-19 19:35:00,155.545,155.75,155.37,155.37,32132
2026-02-19 19:40:00,155.37,155.42,155.27,155.35,35649
2026-02-19 19:45:00,155.36,155.68,155.36,155.57,28618
2026-02-19 19:50:00,155.54,155.5849,155.43,155.44,19662
2026-02-19 19:55:00,155.45,155.53,155.43,155.5,34758
2026-02-19 20:00:00,155.51,155.735,155.49,155.6924,25235
2026-02-19 20:05:00,155.7,155.91,155.7,155.91,24852
2026-02-19 20:10:00,155.92,155.99,155.84,155.99,22892
2026-02-19 20:15:00,155.99,155.99,155.835,155.835,21713
2026-02-19 20:20:00,155.835,155.9,155.64,155.68,21709
2026-02-19 20:25:00,155.63,155.72,155.61,155.615,34364
2026-02-19 20:30:00,155.645,155.74,155.47,155.7,155703
2026-02-19 20:35:00,155.72,155.91,155.705,155.91,28935
2026-02-19 20:40:00,155.91,156.08,155.91,156.065,34360
2026-02-19 20:45:00,156.06,156.21,156.06,156.21,71462
2026-02-19 20:50:00,156.19,156.32,156.1,156.17,115353
2026-02-19 20:55:00,156.21,156.55,156.21,156.51,276777
2026-02-20 14:30:00,156.06,156.62,155.66,156.62,470481
2026-02-20 14:35:00,156.63,157.42,156.6,157.19,107323
2026-02-20 14:40:00,157.3338,157.67,157.161,157.39,75050
2026-02-20 14:45:00,157.39,157.42,156.68,156.68,31307
2026-02-20 14:50:00,156.705,157.11,156.58,156.91,34565
2026-02-20 14:55:00,157.005,157.6199,156.94,157.44,26879
2026-02-20 15:00:00,157.495,158.5,157.365,157.94,62126
2026-02-20 15:05:00,157.92,158.18,157.7,157.82,108308
2026-02-20 15:10:00,157.82,157.86,157.55,157.65,44834
2026-02-20 15:15:00,157.605,158.4003,157.605,158.28,36191
2026-02-20 15:20:00,158.28,158.36,158.0601,158.26,25192
2026-02-20 15:25:00,158.19,158.245,157.89,158.105,36162
2026-02-20 15:30:00,158.12,158.13,157.5908,157.63,52465
2026-02-20 15:35:00,157.625,157.82,157.53,157.645,29638
2026-02-20 15:40:00,157.64,157.7,157.355,157.4,28121
2026-02-20 15:45:00,157.4,157.63,157.29,157.41,29765
2026-02-20 15:50:00,157.41,157.56,157.31,157.54,33851
2026-02-20 15:55:00,157.54,157.63,157.42,157.46,38321
2026-02-20 16:00:00,157.46,157.46,157.095,157.1,29935
2026-02-20 16:05:00,157.1051,157.2,156.99,157.04,24306
2026-02-20 16:10:00,157.14,157.2,156.89,157.09,70840
2026-02-20 16:15:00,157.08,157.1,156.79,156.83,145951
2026-02-20 16:20:00,156.85,156.91,156.705,156.72,32647
2026-02-20 16:25:00,156.72,156.72,156.35,156.35,30571
2026-02-20 16:30:00,156.3,156.525,156.235,156.525,34299
2026-02-20 16:35:00,156.5225,156.54,156.23,156.23,28912
2026-02-20 16:40:00,156.275,156.62,156.275,156.5035,34135
2026-02-20 16:45:00,156.505,156.67,156.4444,156.54,27809
2026-02-20 16:50:00,156.48,156.5627,156.422,156.51,21992
2026-02-20 16:55:00,156.46,156.51,156.3,156.4,24083
2026-02-20 17:00:00,156.41,156.45,156.2,156.345,42198
2026-02-20 17:05:00,156.345,156.4622,156.2,156.25,19893
2026-02-20 17:10:00,156.28,156.425,156.1,156.36,19090
2026-02-20 17:15:00,156.34,156.4828,156.315,156.4275,19230
2026-02-20 17:20:00,156.42,156.5218,156.41,156.47,24696
2026-02-20 17:25:00,156.505,156.57,156.35,156.47,27267
2026-02-20 17:30:00,156.46,156.48,156.295,156.465,19658
2026-02-20 17:35:00,156.465,156.63,156.4388,156.63,27838
2026-02-20 17:40:00,156.6,156.62,156.5,156.57,12250
2026-02-20 17:45:00,156.57,156.82,156.57,156.82,16565
2026-02-20 17:50:00,156.82,157.01,156.79,156.99,19041
2026-02-20 17:55:00,156.975,156.975,156.8401,156.86,20832
2026-02-20 18:00:00,156.89,156.895,156.7118,156.7467,16162
2026-02-20 18:05:00,156.785,156.785,156.64,156.64,14109
2026-02-20 18:10:00,156.63,156.75,156.54,156.72,486504
2026-02-20 18:15:00,156.72,156.735,156.6,156.735,12367
2026-02-20 18:20:00,156.7,156.73,156.5,156.5901,14960
2026-02-20 18:25:00,156.68,156.7399,156.6,156.61,12477
2026-02-20 18:30:00,156.585,156.85,156.54,156.675,30158
2026-02-20 18:35:00,156.6,156.68,156.4,156.6,47567
2026-02-20 18:40:00,156.59,156.759,156.58,156.6508,18491
2026-02-20 18:45:00,156.7,156.92,156.6617,156.86,13239
2026-02-20 18:50:00,156.89,157.1,156.831,157.06,27599
2026-02-20 18:55:00,157.06,157.15,156.9,157.0,20953
2026-02-20 19:00:00,157.0,157.125,157.0,157.115,17945
2026-02-20 19:05:00,157.09,157.13,157.0,157.13,19868
2026-02-20 19:10:00,157.145,157.15,156.97,157.01,20280
2026-02-20 19:15:00,157.01,157.02,156.94,156.99,15050
2026-02-20 19:20:00,157.03,157.17,156.94,157.17,12964
2026-02-20 19:25:00,157.13,157.48,157.09,157.4625,28551
2026-02-20 19:30:00,157.515,157.65,157.515,157.645,22212
2026-02-20 19:35:00,157.65,157.765,157.54,157.64,39487
2026-02-20 19:40:00,157.6,157.64,157.362,157.395,20958
2026-02-20 19:45:00,157.36,157.63,157.35,157.63,37345
2026-02-20 19:50:00,157.55,157.67,157.55,157.66,25245
2026-02-20 19:55:00,157.625,157.935,157.625,157.91,42185
2026-02-20 20:00:00,157.93,158.07,157.875,157.96,34589
2026-02-20 20:05:00,157.935,158.03,157.92,157.92,25786
2026-02-20 20:10:00,157.92,158.11,157.87,158.09,40935
2026-02-20 20:15:00,158.08,158.15,158.02,158.03,41417
2026-02-20 20:20:00,158.02,158.135,158.02,158.12,34034
2026-02-20 20:25:00,158.12,158.13,157.985,158.095,52676
2026-02-20 20:30:00,158.09,158.12,158.03,158.09,30291
2026-02-20 20:35:00,158.081,158.115,158.015,158.08,28070
2026-02-20 20:40:00,158.09,158.1,158.0,158.1,58958
2026-02-20 20:45:00,158.105,158.22,158.08,158.21,52584
2026-02-20 20:50:00,158.22,158.35,158.04,158.04,104889
2026-02-20 20:55:00,158.03,158.3,157.79,158.26,362304
2026-02-23 14:30:00,159.0,160.46,158.94,159.46,193923
2026-02-23 14:35:00,159.61,159.885,158.87,159.52,137740
2026-02-23 14:40:00,159.555,159.61,158.61,158.68,93708
2026-02-23 14:45:00,158.68,158.785,158.24,158.245,63524
2026-02-23 14:50:00,158.1875,158.48,157.74,157.93,46844
2026-02-23 14:55:00,158.0,158.13,157.78,157.965,101050
2026-02-23 15:00:00,157.964,158.0,157.57,157.64,70051
2026-02-23 15:05:00,157.635,157.72,157.2882,157.345,78129
2026-02-23 15:10:00,157.34,157.5499,157.25,157.25,51534
2026-02-23 15:15:00,157.2653,157.44,157.06,157.1,32996
2026-02-23 15:20:00,157.0501,157.21,156.71,156.775,51687
2026-02-23 15:25:00,156.77,156.925,156.5901,156.8589,35596
2026-02-23 15:30:00,156.8,157.09,156.59,156.935,86520
2026-02-23 15:35:00,156.935,157.032,156.76,156.88,54419
2026-02-23 15:40:00,156.8353,156.97,156.51,156.59,35700
2026-02-23 15:45:00,156.59,156.69,156.23,156.47,32896
2026-02-23 15:50:00,156.48,156.59,156.26,156.545,56993
2026-02-23 15:55:00,156.545,156.9899,156.5,156.845,36335
2026-02-23 16:00:00,156.77,156.86,156.4,156.46,47434
2026-02-23 16:05:00,156.4,156.45,156.15,156.18,37434
2026-02-23 16:10:00,156.16,156.27,156.0,156.095,43313
2026-02-23 16:15:00,156.08,156.12,155.91,155.98,52502
2026-02-23 16:20:00,156.0049,156.325,156.0049,156.23,113125
2026-02-23 16:25:00,156.25,156.28,156.0366,156.14,36667
2026-02-23 16:30:00,156.14,156.17,155.97,156.005,49672
2026-02-23 16:35:00,156.005,156.09,155.91,155.95,40864
2026-02-23 16:40:00,155.95,156.11,155.9,156.02,36197
2026-02-23 16:45:00,156.055,156.1199,155.75,155.75,44574
2026-02-23 16:50:00,155.795,156.08,155.79,155.99,34323
2026-02-23 16:55:00,156.04,156.05,155.84,156.01,21829
2026-02-23 17:00:00,155.98,156.33,155.91,156.295,87193
2026-02-23 17:05:00,156.4,156.42,156.17,156.185,76020
2026-02-23 17:10:00,156.17,156.27,156.11,156.155,32233
2026-02-23 17:15:00,156.155,156.23,156.11,156.18,42635
2026-02-23 17:20:00,156.23,156.24,155.99,156.01,43875
2026-02-23 17:25:00,156.01,156.14,155.96,156.04,82258
2026-02-23 17:30:00,156.02,156.02,155.88,155.91,53907
2026-02-23 17:35:00,155.9524,156.0,155.9,155.95,25738
2026-02-23 17:40:00,155.94,156.2,155.93,156.2,34822
2026-02-23 17:45:00,156.16,156.36,156.13,156.33,19179
2026-02-23 17:50:00,156.31,156.43,156.28,156.42,30098
2026-02-23 17:55:00,156.395,156.49,156.27,156.385,28541
2026-02-23 18:00:00,156.38,156.64,156.37,156.6,27658
2026-02-23 18:05:00,156.62,156.79,156.605,156.75,24187
2026-02-23 18:10:00,156.76,156.87,156.68,156.795,28922
2026-02-23 18:15:00,156.75,156.97,156.74,156.9699,34979
2026-02-23 18:20:00,156.97,157.1,156.96,157.07,21366
2026-02-23 18:25:00,157.065,157.22,157.065,157.205,25285
2026-02-23 18:30:00,157.205,157.32,157.18,157.265,14011
2026-02-23 18:35:00,157.29,157.34,157.115,157.115,19686
2026-02-23 18:40:00,157.105,157.33,157.08,157.11,44236
2026-02-23 18:45:00,157.085,157.22,157.0175,157.22,25542
2026-02-23 18:50:00,157.2,157.28,157.15,157.165,18685
2026-02-23 18:55:00,157.18,157.22,157.09,157.1575,31606
2026-02-23 19:00:00,157.15,157.28,157.15,157.24,39857
2026-02-23 19:05:00,157.25,157.39,157.2025,157.39,66537
2026-02-23 19:10:00,157.4,157.57,157.395,157.51,21597
2026-02-23 19:15:00,157.55,157.645,157.47,157.5299,35003
2026-02-23 19:20:00,157.49,157.53,157.13,157.13,61315
2026-02-23 19:25:00,157.13,157.4,157.06,157.28,43677
2026-02-23 19:30:00,157.28,157.49,157.263,157.3924,34042
2026-02-23 19:35:00,157.425,157.47,157.25,157.3901,25664
2026-02-23 19:40:00,157.415,157.6199,157.415,157.56,35569
2026-02-23 19:45:00,157.53,157.775,157.53,157.72,37590
2026-02-23 19:50:00,157.72,157.8499,157.7,157.8499,50714
2026-02-23 19:55:00,157.83,157.98,157.74,157.865,58706
2026-02-23 20:00:00,157.875,157.875,157.69,157.69,36060
2026-02-23 20:05:00,157.685,157.8,157.6501,157.75,36951
2026-02-23 20:10:00,157.78,157.79,157.62,157.68,38294
2026-02-23 20:15:00,157.65,157.73,157.6,157.65,57982
2026-02-23 20:20:00,157.65,157.655,157.51,157.51,32536
2026-02-23 20:25:00,157.51,157.71,157.47,157.7,51987
2026-02-23 20:30:00,157.69,157.765,157.67,157.67,47518
2026-02-23 20:35:00,157.68,157.9194,157.67,157.79,52000
2026-02-23 20:40:00,157.82,157.905,157.79,157.8867,52026
2026-02-23 20:45:00,157.9,157.925,157.795,157.81,74806
2026-02-23 20:50:00,157.82,157.85,157.36,157.43,169435
2026-02-23 20:55:00,157.42,157.82,157.42,157.72,375444
2026-02-24 14:30:00,158.07,158.95,157.15,158.2425,133684
2026-02-24 14:35:00,158.24,158.42,157.725,158.03,67819
2026-02-24 14:40:00,157.93,158.11,157.27,157.39,38426
2026-02-24 14:45:00,157.26,157.98,157.26,157.9,45375
2026-02-24 14:50:00,157.865,158.41,157.865,158.22,72683
2026-02-24 14:55:00,158.22,158.22,157.84,158.135,71773
2026-02-24 15:00:00,158.135,158.135,157.61,157.665,46470
2026-02-24 15:05:00,157.665,157.71,157.38,157.455,82403
2026-02-24 15:10:00,157.44,157.5,157.1349,157.33,39917
2026-02-24 15:15:00,157.345,157.3605,157.02,157.3,47340
2026-02-24 15:20:00,157.24,157.33,157.1,157.165,37361
2026-02-24 15:25:00,157.2,157.45,157.135,157.34,35233
2026-02-24 15:30:00,157.38,157.5,157.32,157.44,41092
2026-02-24 15:35:00,157.51,157.6634,157.41,157.49,37443
2026-02-24 15:40:00,157.49,157.755,157.47,157.755,39441
2026-02-24 15:45:00,157.755,157.88,157.675,157.81,62709
2026-02-24 15:50:00,157.76,157.77,157.4,157.52,45943
2026-02-24 15:55:00,157.44,157.44,157.26,157.355,47346
2026-02-24 16:00:00,157.37,157.44,157.31,157.42,75935
2026-02-24 16:05:00,157.42,157.61,157.41,157.53,51968
2026-02-24 16:10:00,157.52,157.61,157.3578,157.4401,54408
2026-02-24 16:15:00,157.475,157.57,157.415,157.54,29280
2026-02-24 16:20:00,157.54,157.615,157.49,157.57,31683
2026-02-24 16:25:00,157.565,157.59,157.49,157.49,27748
2026-02-24 16:30:00,157.49,157.67,157.4,157.63,61593
2026-02-24 16:35:00,157.5955,157.8675,157.505,157.505,27804
2026-02-24 16:40:00,157.51,157.55,157.41,157.44,26767
2026-02-24 16:45:00,157.47,157.575,157.41,157.53,34766
2026-02-24 16:50:00,157.535,157.58,157.47,157.55,18904
2026-02-24 16:55:00,157.57,157.65,157.46,157.56,37046
2026-02-24 17:00:00,157.585,157.615,157.38,157.475,24240
2026-02-24 17:05:00,157.52,157.55,157.44,157.44,21735
2026-02-24 17:10:00,157.44,157.62,157.41,157.57,53226
2026-02-24 17:15:00,157.6299,157.88,157.585,157.83,31335
2026-02-24 17:20:00,157.84,158.0,157.84,157.93,38257
2026-02-24 17:25:00,157.935,158.03,157.795,157.83,94574
2026-02-24 17:30:00,157.83,157.9299,157.79,157.895,44523
2026-02-24 17:35:00,157.885,157.94,157.76,157.875,38815
2026-02-24 17:40:00,157.89,157.96,157.8147,157.86,49344
2026-02-24 17:45:00,157.84,157.94,157.76,157.92,32952
2026-02-24 17:50:00,157.91,158.0,157.86,158.0,29750
2026-02-24 17:55:00,158.0,158.05,157.8601,157.8601,38012
2026-02-24 18:00:00,157.93,158.135,157.915,158.07,41434
2026-02-24 18:05:00,158.09,158.16,158.03,158.09,49652
2026-02-24 18:10:00,158.08,158.15,158.03,158.115,25738
2026-02-24 18:15:00,158.11,158.1892,158.05,158.08,29818
2026-02-24 18:20:00,158.09,158.28,158.08,158.2176,63095
2026-02-24 18:25:00,158.23,158.27,158.12,158.16,48370
2026-02-24 18:30:00,158.17,158.285,158.17,158.25,38250
2026-02-24 18:35:00,158.25,158.25,158.12,158.165,43824
2026-02-24 18:40:00,158.19,158.32,158.1706,158.28,34596
2026-02-24 18:45:00,158.28,158.3877,158.28,158.375,35944
2026-02-24 18:50:00,158.375,158.5,158.36,158.5,38797
2026-02-24 18:55:00,158.5,158.522,158.38,158.4,41022
2026-02-24 19:00:00,158.4052,158.4392,158.205,158.21,47756
2026-02-24 19:05:00,158.21,158.26,158.03,158.16,42638
2026-02-24 19:10:00,158.18,158.4196,158.18,158.4196,37300
2026-02-24 19:15:00,158.435,158.47,158.37,158.46,35688
2026-02-24 19:20:00,158.48,158.54,158.4101,158.54,31382
2026-02-24 19:25:00,158.53,158.55,158.4,158.46,72219
2026-02-24 19:30:00,158.4694,158.52,158.33,158.33,63475
2026-02-24 19:35:00,158.34,158.36,158.1415,158.235,37749
2026-02-24 19:40:00,158.25,158.29,158.14,158.16,36666
2026-02-24 19:45:00,158.15,158.16,158.06,158.1,32409
2026-02-24 19:50:00,158.1,158.225,158.03,158.22,43097
2026-02-24 19:55:00,158.24,158.34,158.22,158.325,38403
2026-02-24 20:00:00,158.33,158.39,158.24,158.32,61560
2026-02-24 20:05:00,158.31,158.35,158.165,158.23,73740
2026-02-24 20:10:00,158.24,158.36,158.07,158.184,64384
2026-02-24 20:15:00,158.18,158.19,157.96,158.06,52604
2026-02-24 20:20:00,158.06,158.14,158.02,158.1,73736
2026-02-24 20:25:00,158.1,158.11,157.95,157.9596,61878
2026-02-24 20:30:00,157.955,158.01,157.74,157.76,59345
2026-02-24 20:35:00,157.74,157.82,157.65,157.715,65263
2026-02-24 20:40:00,157.69,157.77,157.63,157.68,65334
2026-02-24 20:45:00,157.7,157.89,157.7,157.78,88061
2026-02-24 20:50:00,157.8,157.9,157.77,157.845,135190
2026-02-24 20:55:00,157.845,158.27,157.66,157.71,467618
2026-02-25 14:30:00,157.55,162.6799,157.55,162.175,1259146
2026-02-25 14:35:00,162.22,162.38,160.3888,161.36,192755
2026-02-25 14:40:00,161.36,161.37,160.07,160.36,133702
2026-02-25 14:45:00,160.34,160.58,159.26,160.055,114068
2026-02-25 14:50:00,160.055,160.59,159.06,159.16,112862
2026-02-25 14:55:00,159.22,160.3,158.93,160.3,70859
2026-02-25 15:00:00,160.21,160.605,159.795,160.145,67579
2026-02-25 15:05:00,160.165,160.85,160.165,160.61,48718
2026-02-25 15:10:00,160.62,160.65,159.8992,160.0151,42427
2026-02-25 15:15:00,160.12,160.15,159.46,159.47,40608
2026-02-25 15:20:00,159.49,159.5,158.58,158.76,38402
2026-02-25 15:25:00,158.67,159.12,158.61,158.965,71757
2026-02-25 15:30:00,158.99,159.555,158.84,159.475,65325
2026-02-25 15:35:00,159.475,159.66,159.1,159.23,48102
2026-02-25 15:40:00,159.151,159.2953,158.86,158.86,36721
2026-02-25 15:45:00,158.91,159.17,158.7134,158.925,34933
2026-02-25 15:50:00,158.9455,159.1199,158.6,159.0451,45664
2026-02-25 15:55:00,159.045,159.13,158.76,158.78,46754
2026-02-25 16:00:00,158.7925,159.09,158.53,158.54,49852
2026-02-25 16:05:00,158.615,159.0299,158.52,158.94,55934
2026-02-25 16:10:00,158.94,159.25,158.8611,159.25,44556
2026-02-25 16:15:00,159.26,159.535,159.17,159.48,57046
2026-02-25 16:20:00,159.47,159.5,159.08,159.395,50478
2026-02-25 16:25:00,159.395,159.4467,158.8,158.86,57522
2026-02-25 16:30:00,158.83,159.14,158.83,158.9898,55266
2026-02-25 16:35:00,158.995,159.3,158.79,159.27,40146
2026-02-25 16:40:00,159.27,159.4,159.1,159.19,78940
2026-02-25 16:45:00,159.19,159.2299,158.955,159.135,35560
2026-02-25 16:50:00,159.07,159.295,158.935,159.13,77695
2026-02-25 16:55:00,159.14,159.1957,158.65,158.75,67670
2026-02-25 17:00:00,158.84,158.84,158.09,158.185,46756
2026-02-25 17:05:00,158.19,158.27,157.305,157.305,93859
2026-02-25 17:10:00,157.21,157.31,155.1,155.275,114711
2026-02-25 17:15:00,155.12,155.44,154.8,155.39,116896
2026-02-25 17:20:00,155.49,156.67,155.335,156.37,201376
2026-02-25 17:25:00,156.445,156.91,156.25,156.7071,53445
2026-02-25 17:30:00,156.75,156.86,155.95,155.95,31059
2026-02-25 17:35:00,156.0,156.0,155.535,155.725,24136
2026-02-25 17:40:00,155.6684,155.87,155.57,155.78,37172
2026-02-25 17:45:00,155.73,156.1299,155.725,155.8901,29250
2026-02-25 17:50:00,156.035,156.385,155.82,156.045,73080
2026-02-25 17:55:00,155.94,156.155,155.82,155.98,64006
2026-02-25 18:00:00,155.98,156.87,155.97,156.55,55781
2026-02-25 18:05:00,156.57,156.8399,156.43,156.755,40319
2026-02-25 18:10:00,156.755,157.0,156.4601,157.0,32310
2026-02-25 18:15:00,156.925,157.2,156.87,157.03,47198
2026-02-25 18:20:00,157.03,157.06,156.55,156.55,31802
2026-02-25 18:25:00,156.615,156.795,156.34,156.7,53626
2026-02-25 18:30:00,156.62,156.69,156.49,156.605,25730
2026-02-25 18:35:00,156.67,156.8899,156.59,156.79,30873
2026-02-25 18:40:00,156.795,157.0,156.52,156.52,47501
2026-02-25 18:45:00,156.46,156.545,156.37,156.37,17687
2026-02-25 18:50:00,156.48,156.52,156.31,156.36,37545
2026-02-25 18:55:00,156.37,156.57,156.29,156.46,46049
2026-02-25 19:00:00,156.48,156.76,156.48,156.72,45389
2026-02-25 19:05:00,156.72,156.99,156.67,156.901,55249
2026-02-25 19:10:00,156.97,157.19,156.89,157.03,60696
2026-02-25 19:15:00,157.01,157.04,156.71,156.775,30288
2026-02-25 19:20:00,156.775,156.83,156.15,156.1903,84176
2026-02-25 19:25:00,156.17,156.25,156.045,156.12,42882
2026-02-25 19:30:00,156.1275,156.425,156.055,156.425,42141
2026-02-25 19:35:00,156.465,156.615,156.37,156.615,36012
2026-02-25 19:40:00,156.615,156.68,156.35,156.49,64431
2026-02-25 19:45:00,156.49,156.54,156.36,156.37,49036
2026-02-25 19:50:00,156.405,156.4599,156.13,156.24,48923
2026-02-25 19:55:00,156.24,156.28,156.11,156.2,34081
2026-02-25 20:00:00,156.185,156.42,156.13,156.42,46702
2026-02-25 20:05:00,156.405,156.43,156.245,156.36,46034
2026-02-25 20:10:00,156.39,156.4699,155.99,156.04,40989
2026-02-25 20:15:00,156.07,156.17,155.52,155.63,105365
2026-02-25 20:20:00,155.63,155.635,155.185,155.21,120926
2026-02-25 20:25:00,155.15,155.35,155.14,155.185,140194
2026-02-25 20:30:00,155.21,155.39,155.13,155.25,95767
2026-02-25 20:35:00,155.23,155.35,155.0,155.335,70378
2026-02-25 20:40:00,155.335,155.47,155.285,155.305,82978
2026-02-25 20:45:00,155.31,155.432,155.13,155.19,111610
2026-02-25 20:50:00,155.21,155.76,155.135,155.72,259061
2026-02-25 20:55:00,155.65,155.88,155.45,155.78,373198
2026-02-26 14:30:00,157.82,158.33,156.415,157.07,264594
2026-02-26 14:35:00,157.25,158.33,157.06,158.16,87824
2026-02-26 14:40:00,158.1787,158.27,157.735,157.92,67648
2026-02-26 14:45:00,157.83,158.48,157.7298,157.975,96207
2026-02-26 14:50:00,157.99,158.31,157.77,158.015,41594
2026-02-26 14:55:00,158.015,158.67,157.92,158.61,66270
2026-02-26 15:00:00,158.52,158.76,158.42,158.51,85226
2026-02-26 15:05:00,158.47,158.8999,158.47,158.8118,68800
2026-02-26 15:10:00,158.83,159.01,158.5213,158.655,69135
2026-02-26 15:15:00,158.62,158.66,158.32,158.405,54409
2026-02-26 15:20:00,158.4,158.69,158.28,158.54,47147
2026-02-26 15:25:00,158.53,158.77,158.47,158.61,44544
2026-02-26 15:30:00,158.58,158.77,158.42,158.675,49728
2026-02-26 15:35:00,158.7,159.035,158.69,158.705,63158
2026-02-26 15:40:00,158.78,158.8599,158.49,158.515,44790
2026-02-26 15:45:00,158.47,158.65,158.32,158.36,51687
2026-02-26 15:50:00,158.47,159.06,158.47,158.68,70235
2026-02-26 15:55:00,158.73,159.1,158.6801,158.91,48206
2026-02-26 16:00:00,158.87,158.91,158.625,158.625,48541
2026-02-26 16:05:00,158.58,158.75,158.52,158.69,31357
2026-02-26 16:10:00,158.66,158.75,158.46,158.73,42549
2026-02-26 16:15:00,158.74,158.925,158.45,158.535,55379
2026-02-26 16:20:00,158.535,158.57,158.18,158.34,44506
2026-02-26 16:25:00,158.36,158.47,158.25,158.39,39425
2026-02-26 16:30:00,158.42,158.6,158.42,158.49,35683
2026-02-26 16:35:00,158.475,158.51,158.43,158.44,31071
2026-02-26 16:40:00,158.46,158.5376,158.335,158.375,42779
2026-02-26 16:45:00,158.33,158.375,158.16,158.16,38725
2026-02-26 16:50:00,158.14,158.225,158.02,158.02,48603
2026-02-26 16:55:00,158.05,158.24,158.05,158.13,36087
2026-02-26 17:00:00,158.125,158.125,157.73,157.7601,29098
2026-02-26 17:05:00,157.78,157.78,157.64,157.7,34425
2026-02-26 17:10:00,157.72,157.79,157.53,157.71,55378
2026-02-26 17:15:00,157.715,158.055,157.715,157.91,41624
2026-02-26 17:20:00,157.91,157.91,157.79,157.85,34816
2026-02-26 17:25:00,157.88,157.88,157.4423,157.55,43680
2026-02-26 17:30:00,157.5388,157.62,157.48,157.59,41665
2026-02-26 17:35:00,157.6,157.875,157.535,157.865,116827
2026-02-26 17:40:00,157.865,158.05,157.79,157.79,126393
2026-02-26 17:45:00,157.78,158.08,157.78,158.0,88367
2026-02-26 17:50:00,157.995,158.36,157.975,158.26,44461
2026-02-26 17:55:00,158.32,158.32,158.15,158.2,31757
2026-02-26 18:00:00,158.195,158.35,158.13,158.35,52875
2026-02-26 18:05:00,158.37,158.42,158.3,158.35,71713
2026-02-26 18:10:00,158.36,158.405,158.28,158.375,34138
2026-02-26 18:15:00,158.375,158.4799,158.2,158.22,66038
2026-02-26 18:20:00,158.19,158.205,157.89,157.89,139802
2026-02-26 18:25:00,157.885,157.9,157.6808,157.82,39280
2026-02-26 18:30:00,157.82,157.92,157.71,157.92,31223
2026-02-26 18:35:00,157.86,158.2,157.83,158.19,43367
2026-02-26 18:40:00,158.208,158.31,158.1279,158.29,30608
2026-02-26 18:45:00,158.2708,158.6,158.2708,158.545,31655
2026-02-26 18:50:00,158.5248,158.58,158.468,158.545,31571
2026-02-26 18:55:00,158.545,158.61,158.48,158.55,36622
2026-02-26 19:00:00,158.5287,158.555,158.29,158.5101,128777
2026-02-26 19:05:00,158.53,158.55,158.36,158.41,37506
2026-02-26 19:10:00,158.42,158.705,158.42,158.57,36326
2026-02-26 19:15:00,158.58,158.7,158.56,158.7,34143
2026-02-26 19:20:00,158.71,158.76,158.59,158.69,44281
2026-02-26 19:25:00,158.6517,158.82,158.57,158.815,38347
2026-02-26 19:30:00,158.79,158.79,158.5,158.7737,50698
2026-02-26 19:35:00,158.79,159.01,158.71,158.98,53645
2026-02-26 19:40:00,158.98,159.1,158.97,159.0,42310
2026-02-26 19:45:00,159.045,159.16,159.01,159.14,43240
2026-02-26 19:50:00,159.1418,159.32,159.11,159.21,48371
2026-02-26 19:55:00,159.215,159.33,159.12,159.2903,40898
2026-02-26 20:00:00,159.3,159.3,159.07,159.09,47831
2026-02-26 20:05:00,159.1,159.1,159.0,159.035,41765
2026-02-26 20:10:00,159.04,159.11,158.995,159.1,59072
2026-02-26 20:15:00,159.0704,159.14,158.95,159.04,57305
2026-02-26 20:20:00,159.04,159.05,158.93,158.9999,97505
2026-02-26 20:25:00,159.0,159.06,158.66,158.66,146750
2026-02-26 20:30:00,158.66,158.69,158.53,158.57,63105
2026-02-26 20:35:00,158.56,158.7,158.51,158.57,67137
2026-02-26 20:40:00,158.575,158.5875,158.38,158.47,65357
2026-02-26 20:45:00,158.46,158.53,158.31,158.36,87816
2026-02-26 20:50:00,158.38,158.61,158.34,158.39,179057
2026-02-26 20:55:00,158.4,158.7,158.32,158.69,396871
2026-02-27 14:30:00,158.43,160.19,158.395,159.045,249427
2026-02-27 14:35:00,158.78,159.0,158.51,158.725,23583
2026-02-27 14:40:00,158.7783,159.21,158.69,159.16,34015
2026-02-27 14:45:00,159.2,159.438,158.83,159.03,40386
2026-02-27 14:50:00,159.025,160.03,159.025,159.965,50842
2026-02-27 14:55:00,159.935,160.16,159.79,159.855,48640
2026-02-27 15:00:00,159.78,160.0,159.65,159.785,45705
2026-02-27 15:05:00,159.69,160.0,159.51,159.62,30320
2026-02-27 15:10:00,159.605,160.025,159.58,159.94,43563
2026-02-27 15:15:00,159.94,159.9599,159.71,159.91,38612
2026-02-27 15:20:00,159.915,160.41,159.915,160.205,50860
2026-02-27 15:25:00,160.26,160.35,160.14,160.2899,36148
2026-02-27 15:30:00,160.27,160.38,160.0,160.29,36411
2026-02-27 15:35:00,160.31,160.41,159.9,160.04,72623
2026-02-27 15:40:00,160.09,160.155,160.0001,160.05,21764
2026-02-27 15:45:00,160.045,160.14,160.0,160.04,29198
2026-02-27 15:50:00,160.035,160.215,159.97,160.015,29365
2026-02-27 15:55:00,160.015,160.305,160.01,160.275,49028
2026-02-27 16:00:00,160.34,160.46,160.15,160.415,48953
2026-02-27 16:05:00,160.38,160.56,160.365,160.54,39050
2026-02-27 16:10:00,160.56,160.73,160.525,160.55,26262
2026-02-27 16:15:00,160.52,160.59,160.25,160.31,44545
2026-02-27 16:20:00,160.3285,160.4099,160.26,160.26,30595
2026-02-27 16:25:00,160.26,160.2731,159.79,159.95,23063
2026-02-27 16:30:00,159.95,159.95,159.56,159.63,31563
2026-02-27 16:35:00,159.61,159.65,159.371,159.48,10569
2026-02-27 16:40:00,159.455,159.9,159.455,159.82,19487
2026-02-27 16:45:00,159.83,159.8301,159.6401,159.74,18855
2026-02-27 16:50:00,159.74,159.86,159.6991,159.785,26028
2026-02-27 16:55:00,159.76,159.81,159.49,159.585,19502
2026-02-27 17:00:00,159.55,159.67,159.48,159.6301,18745
2026-02-27 17:05:00,159.685,159.7299,159.63,159.6767,11222
2026-02-27 17:10:00,159.64,159.8,159.64,159.75,10207
2026-02-27 17:15:00,159.73,159.79,159.6,159.66,33418
2026-02-27 17:20:00,159.68,159.76,159.52,159.76,50265
2026-02-27 17:25:00,159.75,159.92,159.75,159.825,19037
2026-02-27 17:30:00,159.825,159.965,159.785,159.85,21020
2026-02-27 17:35:00,159.855,160.07,159.85,160.03,26843
2026-02-27 17:40:00,160.08,160.0801,159.96,160.0801,10831
2026-02-27 17:45:00,160.08,160.105,159.9114,160.02,17745
2026-02-27 17:50:00,160.06,160.16,160.04,160.13,13686
2026-02-27 17:55:00,160.17,160.31,160.14,160.3,15688
2026-02-27 18:00:00,160.27,160.29,160.001,160.11,24477
2026-02-27 18:05:00,160.13,160.21,160.105,160.105,17368
2026-02-27 18:10:00,160.1,160.3,160.0734,160.24,18352
2026-02-27 18:15:00,160.22,160.36,160.22,160.34,16891
2026-02-27 18:20:00,160.355,160.38,160.243,160.35,31458
2026-02-27 18:25:00,160.37,160.37,160.24,160.25,14053
2026-02-27 18:30:00,160.275,160.35,160.115,160.35,36406
2026-02-27 18:35:00,160.29,160.4,160.26,160.34,21909
2026-02-27 18:40:00,160.34,160.4,160.2275,160.2651,27123
2026-02-27 18:45:00,160.3,160.35,160.23,160.23,33308
2026-02-27 18:50:00,160.2139,160.22,160.0,160.01,30488
2026-02-27 18:55:00,159.95,159.9957,159.765,159.8325,17656
2026-02-27 19:00:00,159.75,159.83,159.54,159.77,35373
2026-02-27 19:05:00,159.795,160.01,159.77,159.965,26254
2026-02-27 19:10:00,159.95,160.22,159.92,160.09,43372
2026-02-27 19:15:00,160.03,160.23,159.96,160.225,27897
2026-02-27 19:20:00,160.205,160.28,160.11,160.11,44158
2026-02-27 19:25:00,160.115,160.285,160.08,160.24,49386
2026-02-27 19:30:00,160.22,160.26,160.0,160.09,15634
2026-02-27 19:35:00,160.07,160.2,160.05,160.185,23059
2026-02-27 19:40:00,160.185,160.19,160.05,160.15,26470
2026-02-27 19:45:00,160.17,160.25,160.03,160.075,29490
2026-02-27 19:50:00,160.09,160.15,160.0006,160.115,34498
2026-02-27 19:55:00,160.1,160.24,160.08,160.24,31107
2026-02-27 20:00:00,160.25,160.27,160.09,160.135,35130
2026-02-27 20:05:00,160.11,160.275,160.08,160.235,45046
2026-02-27 20:10:00,160.22,160.4,160.17,160.375,64975
2026-02-27 20:15:00,160.4,160.625,160.35,160.57,65890
2026-02-27 20:20:00,160.56,160.78,160.51,160.68,76045
2026-02-27 20:25:00,160.71,160.73,160.6,160.72,50637
2026-02-27 20:30:00,160.72,160.95,160.66,160.88,75484
2026-02-27 20:35:00,160.88,160.94,160.79,160.94,53836
2026-02-27 20:40:00,160.89,160.99,160.8,160.98,62134
2026-02-27 20:45:00,160.99,161.05,160.78,160.92,112269
2026-02-27 20:50:00,160.905,161.38,160.86,160.915,165582
2026-02-27 20:55:00,160.8975,161.63,160.85,161.595,575776
2026-03-02 14:30:00,160.22,160.74,159.25,159.495,194803
2026-03-02 14:35:00,159.495,160.055,159.22,159.92,68289
2026-03-02 14:40:00,159.923,160.38,159.32,159.45,64605
2026-03-02 14:45:00,159.52,159.74,159.321,159.5577,65920
2026-03-02 14:50:00,159.69,160.0,159.4822,159.69,48313
2026-03-02 14:55:00,159.69,159.89,159.575,159.73,26788
2026-03-02 15:00:00,159.63,160.53,159.59,160.325,58357
2026-03-02 15:05:00,160.26,160.37,160.04,160.04,32828
2026-03-02 15:10:00,160.115,160.31,160.06,160.31,38360
2026-03-02 15:15:00,160.25,160.33,159.78,159.86,59570
2026-03-02 15:20:00,159.77,159.84,159.24,159.31,89604
2026-03-02 15:25:00,159.285,159.45,159.03,159.165,48624
2026-03-02 15:30:00,159.165,159.28,159.0101,159.165,54420
2026-03-02 15:35:00,159.165,159.195,158.8546,159.0,48876
2026-03-02 15:40:00,158.98,159.04,158.75,158.83,48686
2026-03-02 15:45:00,158.8937,159.24,158.83,159.125,44646
2026-03-02 15:50:00,159.105,159.515,159.05,159.355,61947
2026-03-02 15:55:00,159.29,159.44,158.79,159.325,43857
2026-03-02 16:00:00,159.32,159.79,159.31,159.79,27535
2026-03-02 16:05:00,159.7,159.75,159.5589,159.75,21720
2026-03-02 16:10:00,159.72,159.72,159.26,159.315,24642
2026-03-02 16:15:00,159.34,159.68,159.34,159.6,39008
2026-03-02 16:20:00,159.62,159.72,159.45,159.45,37987
2026-03-02 16:25:00,159.47,159.56,159.23,159.27,21838
2026-03-02 16:30:00,159.2861,159.2861,159.03,159.13,24253
2026-03-02 16:35:00,159.115,159.24,159.02,159.13,20435
2026-03-02 16:40:00,159.14,159.51,159.14,159.49,42495
2026-03-02 16:45:00,159.5299,159.77,159.49,159.57,34797
2026-03-02 16:50:00,159.6,159.6,159.36,159.5142,45530
2026-03-02 16:55:00,159.53,159.79,159.53,159.595,52332
2026-03-02 17:00:00,159.61,159.79,159.44,159.77,22345
2026-03-02 17:05:00,159.8,159.88,159.7,159.765,28248
2026-03-02 17:10:00,159.75,159.95,159.72,159.95,14214
2026-03-02 17:15:00,159.925,160.22,159.87,160.205,24456
2026-03-02 17:20:00,160.13,160.25,160.05,160.145,17163
2026-03-02 17:25:00,160.19,160.37,160.19,160.29,23958
2026-03-02 17:30:00,160.2304,160.34,160.2,160.235,20196
2026-03-02 17:35:00,160.27,160.5,160.25,160.255,30187
2026-03-02 17:40:00,160.265,160.44,160.22,160.355,24199
2026-03-02 17:45:00,160.315,160.47,160.29,160.325,40933
2026-03-02 17:50:00,160.325,160.58,160.29,160.58,35325
2026-03-02 17:55:00,160.59,160.605,160.48,160.565,17653
2026-03-02 18:00:00,160.565,160.69,160.43,160.69,18850
2026-03-02 18:05:00,160.69,160.83,160.6857,160.83,29801
2026-03-02 18:10:00,160.81,160.87,160.3665,160.41,43338
2026-03-02 18:15:00,160.44,160.56,160.39,160.54,17060
2026-03-02 18:20:00,160.485,160.62,160.3125,160.555,39277
2026-03-02 18:25:00,160.62,160.77,160.6,160.755,33550
2026-03-02 18:30:00,160.78,160.78,160.59,160.6369,27546
2026-03-02 18:35:00,160.72,160.9,160.715,160.8,97478
2026-03-02 18:40:00,160.8,160.8389,160.685,160.71,21065
2026-03-02 18:45:00,160.72,160.73,160.4901,160.6517,24981
2026-03-02 18:50:00,160.59,160.71,160.5742,160.62,15557
2026-03-02 18:55:00,160.625,160.77,160.59,160.61,32690
2026-03-02 19:00:00,160.605,160.68,160.51,160.515,22587
2026-03-02 19:05:00,160.51,160.66,160.5,160.6349,35643
2026-03-02 19:10:00,160.615,160.85,160.56,160.82,40305
2026-03-02 19:15:00,160.81,161.06,160.81,161.06,44594
2026-03-02 19:20:00,161.05,161.21,161.05,161.16,25472
2026-03-02 19:25:00,161.14,161.18,161.07,161.12,25423
2026-03-02 19:30:00,161.15,161.32,161.15,161.25,20947
2026-03-02 19:35:00,161.24,161.5,161.22,161.41,49372
2026-03-02 19:40:00,161.41,161.43,161.28,161.325,40910
2026-03-02 19:45:00,161.33,161.47,161.25,161.2565,42328
2026-03-02 19:50:00,161.25,161.31,160.86,160.86,88067
2026-03-02 19:55:00,160.86,160.9,160.61,160.62,24081
2026-03-02 20:00:00,160.62,160.665,160.39,160.4119,36504
2026-03-02 20:05:00,160.38,160.39,160.03,160.045,31654
2026-03-02 20:10:00,160.04,160.1497,159.93,159.97,33210
2026-03-02 20:15:00,159.95,160.1075,159.8,159.82,38810
2026-03-02 20:20:00,159.82,159.82,159.62,159.75,42649
2026-03-02 20:25:00,159.72,159.81,159.54,159.56,44915
2026-03-02 20:30:00,159.55,159.84,159.55,159.69,72133
2026-03-02 20:35:00,159.705,159.94,159.705,159.9,49752
2026-03-02 20:40:00,159.86,160.14,159.83,160.14,58096
2026-03-02 20:45:00,160.105,160.19,159.58,159.61,89318
2026-03-02 20:50:00,159.62,159.7,159.4,159.69,132998
2026-03-02 20:55:00,159.69,159.97,159.57,159.93,362167
2026-03-03 14:30:00,158.66,158.66,157.5,157.8,124939
2026-03-03 14:35:00,157.79,158.44,157.45,157.6618,51385
2026-03-03 14:40:00,157.7525,157.865,157.2842,157.2842,38675
2026-03-03 14:45:00,157.28,157.9,157.23,157.82,41232
2026-03-03 14:50:00,157.7475,158.08,157.38,157.655,49812
2026-03-03 14:55:00,157.61,158.12,157.61,157.9,42262
2026-03-03 15:00:00,157.905,158.11,157.76,157.9,40031
2026-03-03 15:05:00,157.9,157.905,156.86,156.96,61019
2026-03-03 15:10:00,156.93,157.1799,156.78,157.04,58215
2026-03-03 15:15:00,156.95,156.98,156.57,156.57,33205
2026-03-03 15:20:00,156.57,156.87,156.2951,156.85,37201
2026-03-03 15:25:00,156.9,157.185,156.6501,157.07,57071
2026-03-03 15:30:00,156.99,157.07,156.54,156.85,44591
2026-03-03 15:35:00,156.94,156.94,156.1,156.205,91003
2026-03-03 15:40:00,156.205,156.48,156.2,156.265,35466
2026-03-03 15:45:00,156.27,156.49,155.86,155.93,41720
2026-03-03 15:50:00,155.93,156.02,155.75,155.98,33122
2026-03-03 15:55:00,156.005,156.22,155.85,156.11,38472
2026-03-03 16:00:00,156.095,156.4,156.08,156.395,33319
2026-03-03 16:05:00,156.4,156.82,156.34,156.82,47710
2026-03-03 16:10:00,156.74,157.15,156.74,157.11,21370
2026-03-03 16:15:00,157.12,157.28,157.05,157.08,19725
2026-03-03 16:20:00,157.1,157.3892,157.1,157.275,22350
2026-03-03 16:25:00,157.28,157.7299,157.25,157.66,31912
2026-03-03 16:30:00,157.59,157.65,157.315,157.385,28368
2026-03-03 16:35:00,157.385,157.785,157.385,157.7,23378
2026-03-03 16:40:00,157.69,157.91,157.5401,157.85,20099
2026-03-03 16:45:00,157.845,158.25,157.845,157.975,45750
2026-03-03 16:50:00,157.95,158.03,157.905,157.955,16624
2026-03-03 16:55:00,157.98,158.17,157.9401,157.99,35813
2026-03-03 17:00:00,158.094,158.094,157.83,157.895,27068
2026-03-03 17:05:00,157.895,158.12,157.74,157.95,59590
2026-03-03 17:10:00,157.98,158.25,157.94,158.25,50281
2026-03-03 17:15:00,158.29,158.505,158.29,158.435,25330
2026-03-03 17:20:00,158.4275,158.63,158.38,158.6,23927
2026-03-03 17:25:00,158.52,158.5499,158.39,158.54,21168
2026-03-03 17:30:00,158.54,158.55,158.24,158.27,26582
2026-03-03 17:35:00,158.27,158.33,158.18,158.32,20142
2026-03-03 17:40:00,158.35,158.45,158.3,158.435,23188
2026-03-03 17:45:00,158.47,158.54,158.37,158.52,12842
2026-03-03 17:50:00,158.55,158.63,158.39,158.4194,26547
2026-03-03 17:55:00,158.405,158.6366,158.405,158.52,20390
2026-03-03 18:00:00,158.5499,158.63,158.46,158.6,11927
2026-03-03 18:05:00,158.61,158.71,158.59,158.63,16271
2026-03-03 18:10:00,158.625,158.78,158.54,158.55,38668
2026-03-03 18:15:00,158.55,158.725,158.55,158.58,13255
2026-03-03 18:20:00,158.575,158.93,158.52,158.88,21287
2026-03-03 18:25:00,158.92,159.04,158.895,158.97,23601
2026-03-03 18:30:00,158.985,159.13,158.94,159.1231,20105
2026-03-03 18:35:00,159.15,159.4,159.13,159.33,22399
2026-03-03 18:40:00,159.34,159.39,159.2,159.22,35113
2026-03-03 18:45:00,159.18,159.18,159.01,159.15,27612
2026-03-03 18:50:00,159.12,159.3404,159.12,159.3404,22771
2026-03-03 18:55:00,159.335,159.3549,159.05,159.05,52612
2026-03-03 19:00:00,159.085,159.11,158.82,159.08,52226
2026-03-03 19:05:00,159.06,159.14,158.78,158.845,31269
2026-03-03 19:10:00,158.88,158.88,158.59,158.73,28270
2026-03-03 19:15:00,158.74,159.01,158.71,158.93,45718
2026-03-03 19:20:00,158.945,159.13,158.945,159.025,29673
2026-03-03 19:25:00,159.02,159.06,158.65,158.75,48305
2026-03-03 19:30:00,158.71,158.74,158.1,158.34,85919
2026-03-03 19:35:00,158.32,158.71,158.285,158.71,56802
2026-03-03 19:40:00,158.715,159.13,158.68,159.08,47850
2026-03-03 19:45:00,159.03,159.2,159.005,159.1999,65063
2026-03-03 19:50:00,159.18,159.35,159.11,159.35,38787
2026-03-03 19:55:00,159.3775,159.4,159.22,159.2543,34873
2026-03-03 20:00:00,159.24,159.24,159.03,159.13,31717
2026-03-03 20:05:00,159.13,159.14,159.005,159.14,33721
2026-03-03 20:10:00,159.12,159.41,159.12,159.32,42661
2026-03-03 20:15:00,159.32,159.32,159.13,159.23,33357
2026-03-03 20:20:00,159.245,159.325,159.14,159.325,43280
2026-03-03 20:25:00,159.33,159.34,159.16,159.23,41948
2026-03-03 20:30:00,159.2499,159.375,159.2203,159.32,41108
2026-03-03 20:35:00,159.32,159.39,159.22,159.28,45288
2026-03-03 20:40:00,159.275,159.32,159.17,159.233,46316
2026-03-03 20:45:00,159.25,159.43,159.18,159.4,66951
2026-03-03 20:50:00,159.44,159.68,159.37,159.46,156774
2026-03-03 20:55:00,159.46,159.72,159.31,159.71,380838
2026-03-04 14:30:00,160.01,160.5,159.55,160.33,204891
2026-03-04 14:35:00,160.25,160.25,158.605,158.86,104707
2026-03-04 14:40:00,158.86,158.915,158.2,158.415,59282
2026-03-04 14:45:00,158.45,159.065,158.39,158.855,43188
2026-03-04 14:50:00,158.78,159.26,158.7527,159.21,53485
2026-03-04 14:55:00,159.205,159.84,159.03,159.84,50802
2026-03-04 15:00:00,159.825,160.005,159.58,159.62,80900
2026-03-04 15:05:00,159.62,160.33,159.59,160.21,75214
2026-03-04 15:10:00,160.185,160.96,160.1487,160.93,52247
2026-03-04 15:15:00,160.92,161.25,160.73,161.25,81709
2026-03-04 15:20:00,161.2,161.34,160.98,161.305,39049
2026-03-04 15:25:00,161.35,161.5,161.16,161.34,61975
2026-03-04 15:30:00,161.39,161.45,160.99,161.02,39341
2026-03-04 15:35:00,161.02,161.12,160.715,161.04,37737
2026-03-04 15:40:00,161.07,161.31,160.98,161.13,33206
2026-03-04 15:45:00,161.19,161.19,160.95,161.04,58046
2026-03-04 15:50:00,161.08,161.2,160.885,161.18,46216
2026-03-04 15:55:00,161.18,161.22,160.99,161.17,42194
2026-03-04 16:00:00,161.15,161.7,161.15,161.51,71549
2026-03-04 16:05:00,161.495,161.6,161.425,161.5,52862
2026-03-04 16:10:00,161.45,161.59,161.21,161.515,105610
2026-03-04 16:15:00,161.5399,161.7251,161.505,161.6,52866
2026-03-04 16:20:00,161.575,161.58,161.33,161.44,44374
2026-03-04 16:25:00,161.495,161.585,161.29,161.375,25069
2026-03-04 16:30:00,161.38,161.535,161.23,161.32,33849
2026-03-04 16:35:00,161.34,161.42,161.12,161.15,25507
2026-03-04 16:40:00,161.14,161.34,161.11,161.23,23874
2026-03-04 16:45:00,161.265,161.41,161.23,161.31,29034
2026-03-04 16:50:00,161.33,161.34,161.15,161.295,26977
2026-03-04 16:55:00,161.32,161.3708,161.23,161.275,19710
2026-03-04 17:00:00,161.3,161.36,161.25,161.27,17926
2026-03-04 17:05:00,161.23,161.23,161.02,161.07,19588
2026-03-04 17:10:00,161.1045,161.14,160.96,161.06,20906
2026-03-04 17:15:00,161.09,161.46,161.09,161.43,23695
2026-03-04 17:20:00,161.46,161.46,161.005,161.005,26162
2026-03-04 17:25:00,161.02,161.165,160.955,161.1351,22719
2026-03-04 17:30:00,161.16,161.2,160.9633,161.14,31177
2026-03-04 17:35:00,161.115,161.35,161.115,161.35,16775
2026-03-04 17:40:00,161.315,161.38,161.17,161.36,25921
2026-03-04 17:45:00,161.36,161.42,161.24,161.2701,22710
2026-03-04 17:50:00,161.29,161.385,161.23,161.265,23520
2026-03-04 17:55:00,161.31,161.37,161.23,161.31,15997
2026-03-04 18:00:00,161.31,161.35,161.2,161.2,41297
2026-03-04 18:05:00,161.2,161.31,161.13,161.13,17007
2026-03-04 18:10:00,161.16,161.27,161.16,161.19,17761
2026-03-04 18:15:00,161.18,161.185,161.06,161.11,23680
2026-03-04 18:20:00,161.12,161.16,161.06,161.1,21924
2026-03-04 18:25:00,161.06,161.06,160.87,160.87,19805
2026-03-04 18:30:00,160.91,160.94,160.78,160.925,22022
2026-03-04 18:35:00,160.94,161.01,160.77,160.985,47380
2026-03-04 18:40:00,160.975,161.17,160.93,160.93,37546
2026-03-04 18:45:00,160.89,160.9,160.6701,160.78,21472
2026-03-04 18:50:00,160.795,160.84,160.64,160.755,53051
2026-03-04 18:55:00,160.78,160.82,160.65,160.68,29635
2026-03-04 19:00:00,160.76,160.83,160.7,160.75,26575
2026-03-04 19:05:00,160.765,160.9499,160.56,160.62,48663
2026-03-04 19:10:00,160.66,160.76,160.55,160.64,42156
2026-03-04 19:15:00,160.615,160.81,160.58,160.79,42959
2026-03-04 19:20:00,160.7929,160.92,160.74,160.805,32021
2026-03-04 19:25:00,160.805,160.805,160.5,160.635,42559
2026-03-04 19:30:00,160.655,160.94,160.655,160.84,37397
2026-03-04 19:35:00,160.865,160.92,160.8,160.9,31277
2026-03-04 19:40:00,160.91,161.13,160.9,161.0625,41161
2026-03-04 19:45:00,161.03,161.1634,160.99,161.15,25874
2026-03-04 19:50:00,161.15,161.325,161.12,161.255,30759
2026-03-04 19:55:00,161.2431,161.31,161.18,161.22,31584
2026-03-04 20:00:00,161.21,161.3,161.205,161.28,32853
2026-03-04 20:05:00,161.3,161.46,161.22,161.46,45519
2026-03-04 20:10:00,161.45,161.56,161.31,161.505,52361
2026-03-04 20:15:00,161.49,161.59,161.43,161.48,45263
2026-03-04 20:20:00,161.485,161.53,161.25,161.37,38318
2026-03-04 20:25:00,161.37,161.4,161.23,161.285,51449
2026-03-04 20:30:00,161.27,161.34,161.22,161.265,50542
2026-03-04 20:35:00,161.28,161.35,161.2,161.33,48894
2026-03-04 20:40:00,161.3,161.48,161.3,161.42,52978
2026-03-04 20:45:00,161.425,161.635,161.4,161.6,83759
2026-03-04 20:50:00,161.65,161.9,161.53,161.54,161252
2026-03-04 20:55:00,161.55,161.78,161.51,161.71,348489
2026-03-05 14:30:00,160.27,161.0,160.0,161.0,125882
2026-03-05 14:35:00,160.735,161.2,160.265,160.58,56757
2026-03-05 14:40:00,160.675,160.68,160.305,160.5144,39127
2026-03-05 14:45:00,160.54,160.875,160.19,160.32,59716
2026-03-05 14:50:00,160.18,160.84,160.18,160.64,49608
2026-03-05 14:55:00,160.665,160.88,160.48,160.5,57816
2026-03-05 15:00:00,160.49,160.63,160.0301,160.21,58561
2026-03-05 15:05:00,160.19,160.19,159.36,159.69,48611
2026-03-05 15:10:00,159.8,160.01,159.33,159.655,69412
2026-03-05 15:15:00,159.745,159.76,159.43,159.67,74642
2026-03-05 15:20:00,159.749,159.749,159.05,159.165,99962
2026-03-05 15:25:00,159.165,159.6,159.15,159.32,36307
2026-03-05 15:30:00,159.37,159.72,159.11,159.6101,49639
2026-03-05 15:35:00,159.7,159.83,159.5,159.5708,36242
2026-03-05 15:40:00,159.7,159.93,159.48,159.68,38584
2026-03-05 15:45:00,159.66,160.15,159.64,159.735,168000
2026-03-05 15:50:00,159.715,160.25,159.715,160.225,45669
2026-03-05 15:55:00,160.225,160.225,159.71,159.81,39642
2026-03-05 16:00:00,159.94,160.0,159.08,159.145,41000
2026-03-05 16:05:00,159.23,159.36,158.965,159.26,41293
2026-03-05 16:10:00,159.305,159.36,159.02,159.36,79126
2026-03-05 16:15:00,159.28,159.4994,159.1201,159.39,23361
2026-03-05 16:20:00,159.33,159.44,159.22,159.325,39609
2026-03-05 16:25:00,159.325,159.62,159.2,159.62,52767
2026-03-05 16:30:00,159.575,160.13,159.51,160.13,67279
2026-03-05 16:35:00,160.14,160.51,160.125,160.445,58992
2026-03-05 16:40:00,160.445,160.64,160.42,160.5475,52351
2026-03-05 16:45:00,160.545,160.715,160.39,160.52,73397
2026-03-05 16:50:00,160.45,160.6499,160.39,160.57,66442
2026-03-05 16:55:00,160.5701,160.76,160.52,160.7,44968
2026-03-05 17:00:00,160.71,160.815,160.59,160.625,44269
2026-03-05 17:05:00,160.6,160.69,160.45,160.51,46480
2026-03-05 17:10:00,160.48,160.5,160.1392,160.1392,71860
2026-03-05 17:15:00,160.155,160.35,160.155,160.25,32774
2026-03-05 17:20:00,160.25,160.3,160.0,160.05,53254
2026-03-05 17:25:00,160.07,160.19,160.01,160.06,46500
2026-03-05 17:30:00,160.06,160.06,159.63,159.78,84955
2026-03-05 17:35:00,159.73,160.145,159.64,159.93,105938
2026-03-05 17:40:00,159.97,160.15,159.87,160.15,50799
2026-03-05 17:45:00,160.145,160.24,160.03,160.15,47254
2026-03-05 17:50:00,160.15,160.24,160.07,160.145,46517
2026-03-05 17:55:00,160.18,160.4799,160.17,160.37,46902
2026-03-05 18:00:00,160.365,160.365,160.0,160.25,91168
2026-03-05 18:05:00,160.265,160.435,160.23,160.38,33503
2026-03-05 18:10:00,160.38,160.4,160.22,160.33,24325
2026-03-05 18:15:00,160.325,160.34,159.79,159.795,49254
2026-03-05 18:20:00,159.85,160.27,159.84,160.21,34797
2026-03-05 18:25:00,160.21,160.24,160.005,160.13,30282
2026-03-05 18:30:00,160.16,160.45,160.14,160.32,45860
2026-03-05 18:35:00,160.32,160.5,160.3,160.385,30736
2026-03-05 18:40:00,160.415,160.5,160.34,160.43,31755
2026-03-05 18:45:00,160.46,160.46,160.22,160.22,34924
2026-03-05 18:50:00,160.23,160.23,160.025,160.12,30145
2026-03-05 18:55:00,160.15,160.22,160.05,160.065,34504
2026-03-05 19:00:00,160.04,160.1,159.84,159.935,45919
2026-03-05 19:05:00,159.909,160.07,159.86,159.89,42002
2026-03-05 19:10:00,159.93,160.0,159.878,159.89,26814
2026-03-05 19:15:00,159.89,160.0,159.89,159.98,25457
2026-03-05 19:20:00,159.98,160.06,159.95,159.99,32973
2026-03-05 19:25:00,159.98,160.05,159.83,159.88,64948
2026-03-05 19:30:00,159.86,160.1,159.77,160.1,57192
2026-03-05 19:35:00,160.1,160.17,159.99,160.04,42090
2026-03-05 19:40:00,160.07,160.19,160.04,160.19,43519
2026-03-05 19:45:00,160.19,160.21,160.08,160.11,44933
2026-03-05 19:50:00,160.075,160.34,160.05,160.18,31495
2026-03-05 19:55:00,160.17,160.2,159.99,160.03,50894
2026-03-05 20:00:00,160.05,160.1,159.87,160.08,47225
2026-03-05 20:05:00,160.07,160.09,159.89,160.06,45534
2026-03-05 20:10:00,160.07,160.38,160.07,160.33,47372
2026-03-05 20:15:00,160.32,160.35,160.22,160.3275,41120
2026-03-05 20:20:00,160.32,160.46,160.25,160.45,42193
2026-03-05 20:25:00,160.45,160.535,160.4,160.415,67882
2026-03-05 20:30:00,160.42,160.4382,160.3,160.39,42268
2026-03-05 20:35:00,160.38,160.43,160.29,160.365,54601
2026-03-05 20:40:00,160.37,160.43,160.3,160.43,59060
2026-03-05 20:45:00,160.425,160.755,160.39,160.725,77627
2026-03-05 20:50:00,160.75,160.755,160.42,160.56,136806
2026-03-05 20:55:00,160.6,161.03,160.55,160.91,551638
2026-03-06 14:30:00,159.68,160.11,158.2,158.3475,547525
2026-03-06 14:35:00,158.43,158.8,158.305,158.7546,62270
2026-03-06 14:40:00,158.6463,158.93,158.4,158.785,58651
2026-03-06 14:45:00,158.64,158.64,158.14,158.34,40120
2026-03-06 14:50:00,158.16,158.91,158.15,158.645,120350
2026-03-06 14:55:00,158.69,158.795,158.53,158.695,48965
2026-03-06 15:00:00,158.695,159.0,158.525,158.59,50175
2026-03-06 15:05:00,158.64,158.71,158.285,158.42,65394
2026-03-06 15:10:00,158.4,158.9,158.4,158.88,47736
2026-03-06 15:15:00,158.84,158.9299,158.325,158.53,45855
2026-03-06 15:20:00,158.5629,158.795,158.4779,158.65,38182
2026-03-06 15:25:00,158.7,158.99,158.7,158.98,31175
2026-03-06 15:30:00,158.95,159.16,158.89,159.05,27977
2026-03-06 15:35:00,159.13,159.525,159.13,159.525,25917
2026-03-06 15:40:00,159.505,159.59,159.22,159.52,36183
2026-03-06 15:45:00,159.525,159.5599,159.3105,159.37,38264
2026-03-06 15:50:00,159.33,159.5,159.27,159.4,137085
2026-03-06 15:55:00,159.51,159.64,159.33,159.42,42468
2026-03-06 16:00:00,159.4,159.455,159.1201,159.355,47080
2026-03-06 16:05:00,159.379,159.43,159.28,159.355,38102
2026-03-06 16:10:00,159.31,159.35,159.055,159.07,37195
2026-03-06 16:15:00,159.095,159.32,159.03,159.155,30100
2026-03-06 16:20:00,159.2349,159.2349,158.48,158.83,123758
2026-03-06 16:25:00,158.825,158.825,158.52,158.735,53646
2026-03-06 16:30:00,158.68,158.9,158.57,158.83,27593
2026-03-06 16:35:00,158.83,159.0299,158.83,158.99,24919
2026-03-06 16:40:00,159.02,159.05,158.63,158.82,39045
2026-03-06 16:45:00,158.8,159.01,158.74,158.82,29729
2026-03-06 16:50:00,158.81,158.91,158.22,158.22,42733
2026-03-06 16:55:00,158.21,158.3,157.745,157.91,44558
2026-03-06 17:00:00,157.85,158.05,157.62,157.9,29950
2026-03-06 17:05:00,157.87,158.1,157.85,158.05,74544
2026-03-06 17:10:00,158.09,158.26,158.065,158.26,26920
2026-03-06 17:15:00,158.26,158.4799,158.19,158.4053,42936
2026-03-06 17:20:00,158.47,158.85,158.41,158.785,38628
2026-03-06 17:25:00,158.74,158.78,158.435,158.62,31291
2026-03-06 17:30:00,158.58,158.67,158.5,158.62,35357
2026-03-06 17:35:00,158.62,158.71,158.44,158.675,45076
2026-03-06 17:40:00,158.675,158.73,158.55,158.7,21975
2026-03-06 17:45:00,158.7,158.815,158.64,158.655,28980
2026-03-06 17:50:00,158.69,158.75,158.63,158.63,24270
2026-03-06 17:55:00,158.68,158.76,158.54,158.55,29691
2026-03-06 18:00:00,158.51,158.82,158.51,158.74,24341
2026-03-06 18:05:00,158.67,158.9,158.6562,158.87,30787
2026-03-06 18:10:00,158.83,159.15,158.83,159.15,28029
2026-03-06 18:15:00,159.03,159.25,159.03,159.25,24787
2026-03-06 18:20:00,159.225,159.285,159.03,159.03,27177
2026-03-06 18:25:00,159.07,159.11,158.73,158.9359,41604
2026-03-06 18:30:00,158.91,159.1184,158.85,159.085,26974
2026-03-06 18:35:00,159.04,159.195,158.99,159.17,40628
2026-03-06 18:40:00,159.16,159.34,159.14,159.29,28954
2026-03-06 18:45:00,159.28,159.45,159.27,159.44,31232
2026-03-06 18:50:00,159.44,159.47,159.28,159.35,48733
2026-03-06 18:55:00,159.33,159.46,159.27,159.36,53347
2026-03-06 19:00:00,159.3244,159.47,159.0797,159.105,46964
2026-03-06 19:05:00,159.1,159.35,159.05,159.35,56692
2026-03-06 19:10:00,159.4,159.52,159.28,159.39,37700
2026-03-06 19:15:00,159.35,159.47,159.21,159.34,54052
2026-03-06 19:20:00,159.315,159.4,159.22,159.345,35123
2026-03-06 19:25:00,159.34,159.48,159.24,159.46,33678
2026-03-06 19:30:00,159.48,159.53,159.42,159.465,40318
2026-03-06 19:35:00,159.46,159.57,159.4208,159.55,32346
2026-03-06 19:40:00,159.57,159.62,159.48,159.605,37483
2026-03-06 19:45:00,159.58,159.62,159.48,159.62,24097
2026-03-06 19:50:00,159.63,159.68,159.4155,159.505,39417
2026-03-06 19:55:00,159.505,159.57,159.43,159.54,31762
2026-03-06 20:00:00,159.5799,159.58,159.37,159.445,31961
2026-03-06 20:05:00,159.49,159.55,159.42,159.485,37985
2026-03-06 20:10:00,159.465,159.63,159.44,159.545,35892
2026-03-06 20:15:00,159.56,159.62,159.48,159.565,33574
2026-03-06 20:20:00,159.565,159.67,159.55,159.645,43456
2026-03-06 20:25:00,159.665,159.76,159.58,159.67,48111
2026-03-06 20:30:00,159.65,159.66,159.5,159.53,59275
2026-03-06 20:35:00,159.545,159.7743,159.495,159.7743,65494
2026-03-06 20:40:00,159.79,159.8,159.53,159.65,66465
2026-03-06 20:45:00,159.63,159.87,159.63,159.68,117343
2026-03-06 20:50:00,159.68,159.7,159.165,159.57,189668
2026-03-06 20:55:00,159.56,159.7,159.28,159.32,500221
2026-03-09 13:30:00,158.48,158.925,158.06,158.54,129899
2026-03-09 13:35:00,158.54,158.61,157.72,157.8,105906
2026-03-09 13:40:00,157.7728,157.92,156.8163,156.91,86053
2026-03-09 13:45:00,156.92,157.1367,156.64,156.905,62848
