timestamp,Open,High,Low,Close,Volume
2026-02-02 18:45:00,149.75,149.80499267578125,149.74000549316406,149.77999877929688,9895
2026-02-02 18:50:00,149.78500366210938,149.8300018310547,149.75,149.8300018310547,20635
2026-02-02 18:55:00,149.83999633789062,149.84500122070312,149.7100067138672,149.72000122070312,28479
2026-02-02 19:00:00,149.72000122070312,149.75,149.64500427246094,149.75,32550
2026-02-02 19:05:00,149.77000427246094,149.80499267578125,149.63999938964844,149.67999267578125,32312
2026-02-02 19:10:00,149.67999267578125,149.74000549316406,149.63999938964844,149.6999969482422,48790
2026-02-02 19:15:00,149.69500732421875,149.7100067138672,149.58999633789062,149.6199951171875,27025
2026-02-02 19:20:00,149.61000061035156,149.64999389648438,149.55999755859375,149.6199951171875,35636
2026-02-02 19:25:00,149.625,149.69000244140625,149.61000061035156,149.64999389648438,27285
2026-02-02 19:30:00,149.67999267578125,149.80999755859375,149.6300048828125,149.80999755859375,31741
2026-02-02 19:35:00,149.82000732421875,149.89500427246094,149.7803955078125,149.83999633789062,23377
2026-02-02 19:40:00,149.84500122070312,150.0,149.8300018310547,149.9705047607422,29344
2026-02-02 19:45:00,150.0,150.07000732421875,149.92999267578125,150.00999450683594,27030
2026-02-02 19:50:00,150.0,150.0800018310547,149.88999938964844,149.88999938964844,30162
2026-02-02 19:55:00,149.89990234375,150.0800018310547,149.8699951171875,150.0800018310547,41648
2026-02-02 20:00:00,150.08999633789062,150.23500061035156,150.0050048828125,150.0800018310547,53226
2026-02-02 20:05:00,150.0850067138672,150.139892578125,150.0500030517578,150.139892578125,41466
2026-02-02 20:10:00,150.14999389648438,150.17999267578125,150.11000061035156,150.1300048828125,28337
2026-02-02 20:15:00,150.1199951171875,150.22940063476562,150.07000732421875,150.2104034423828,48825
2026-02-02 20:20:00,150.1999969482422,150.22000122070312,150.10000610351562,150.1999969482422,49184
2026-02-02 20:25:00,150.21499633789062,150.21499633789062,150.11000061035156,150.17999267578125,50949
2026-02-02 20:30:00,150.1699981689453,150.24000549316406,150.10000610351562,150.14999389648438,54551
2026-02-02 20:35:00,150.13999938964844,150.13999938964844,149.9600067138672,150.02000427246094,68417
2026-02-02 20:40:00,150.0050048828125,150.10000610351562,149.97000122070312,150.07000732421875,47455
2026-02-02 20:45:00,150.0749969482422,150.24000549316406,150.05999755859375,150.24000549316406,84192
2026-02-02 20:50:00,150.25,150.33999633789062,150.19500732421875,150.24000549316406,138136
2026-02-02 20:55:00,150.22999572753906,150.2899932861328,150.07000732421875,150.1699981689453,346905
2026-02-03 14:30:00,149.69000244140625,150.8300018310547,149.50999450683594,150.66000366210938,113754
2026-02-03 14:35:00,150.64500427246094,151.13999938964844,150.57000732421875,150.81500244140625,56912
2026-02-03 14:40:00,150.8040008544922,151.3000030517578,150.64999389648438,150.8300018310547,116890
2026-02-03 14:45:00,150.8300018310547,151.11000061035156,150.69000244140625,150.6999969482422,68848
2026-02-03 14:50:00,150.77999877929688,151.1699981689453,150.77999877929688,151.00999450683594,39706
2026-02-03 14:55:00,151.10000610351562,151.8800048828125,151.10000610351562,151.85499572753906,53725
2026-02-03 15:00:00,151.85499572753906,151.91000366210938,151.55999755859375,151.60000610351562,45185
2026-02-03 15:05:00,151.71499633789062,151.85000610351562,151.52499389648438,151.84500122070312,52350
2026-02-03 15:10:00,151.81500244140625,151.9600067138672,151.6862030029297,151.90499877929688,88925
2026-02-03 15:15:00,151.90499877929688,152.10000610351562,151.7449951171875,152.05999755859375,77477
2026-02-03 15:20:00,152.0399932861328,152.13999938964844,151.97000122070312,151.97500610351562,46542
2026-02-03 15:25:00,151.9600067138672,152.08999633789062,151.82000732421875,151.94500732421875,42203
2026-02-03 15:30:00,151.99000549316406,152.1199951171875,151.8800048828125,152.1199951171875,36696
2026-02-03 15:35:00,152.1300048828125,152.22999572753906,151.9949951171875,152.22999572753906,37630
2026-02-03 15:40:00,152.1999969482422,152.2100067138672,152.02999877929688,152.0800018310547,49145
2026-02-03 15:45:00,152.0800018310547,152.10000610351562,151.9199981689453,151.96299743652344,40800
2026-02-03 15:50:00,151.9550018310547,151.97999572753906,151.6199951171875,151.6999969482422,42329
2026-02-03 15:55:00,151.6699981689453,151.72000122070312,151.42999267578125,151.4550018310547,40036
2026-02-03 16:00:00,151.49000549316406,151.51499938964844,151.32000732421875,151.35000610351562,44265
2026-02-03 16:05:00,151.3699951171875,151.47000122070312,151.32000732421875,151.45089721679688,22561
2026-02-03 16:10:00,151.47000122070312,151.5800018310547,151.42250061035156,151.5800018310547,19328
2026-02-03 16:15:00,151.5800018310547,151.6300048828125,151.50999450683594,151.50999450683594,18668
2026-02-03 16:20:00,151.52000427246094,151.66749572753906,151.35000610351562,151.3699951171875,20774
2026-02-03 16:25:00,151.3699951171875,151.3699951171875,151.1699981689453,151.25999450683594,19180
2026-02-03 16:30:00,151.25999450683594,151.32000732421875,151.1999969482422,151.32000732421875,20997
2026-02-03 16:35:00,151.31500244140625,151.3195037841797,151.17999267578125,151.1999969482422,18066
2026-02-03 16:40:00,151.17999267578125,151.30999755859375,151.1699981689453,151.25999450683594,20272
2026-02-03 16:45:00,151.26499938964844,151.35000610351562,151.24000549316406,151.27000427246094,29053
2026-02-03 16:50:00,151.27000427246094,151.3000030517578,151.22999572753906,151.25,17793
2026-02-03 16:55:00,151.2449951171875,151.38999938964844,151.1649932861328,151.3800048828125,33689
2026-02-03 17:00:00,151.40499877929688,151.52999877929688,151.3699951171875,151.49000549316406,32741
2026-02-03 17:05:00,151.49000549316406,151.58999633789062,151.47059631347656,151.5200958251953,31343
2026-02-03 17:10:00,151.5500030517578,151.6199951171875,151.38499450683594,151.46670532226562,42225
2026-02-03 17:15:00,151.47999572753906,151.7100067138672,151.47999572753906,151.6750030517578,29480
2026-02-03 17:20:00,151.64999389648438,151.88499450683594,151.63999938964844,151.83999633789062,26106
2026-02-03 17:25:00,151.88999938964844,151.89999389648438,151.75999450683594,151.77999877929688,30075
2026-02-03 17:30:00,151.77000427246094,151.94000244140625,151.7449951171875,151.83999633789062,35882
2026-02-03 17:35:00,151.86000061035156,151.94000244140625,151.84500122070312,151.9394073486328,26050
2026-02-03 17:40:00,151.91700744628906,152.0800018310547,151.83999633789062,152.0,44387
2026-02-03 17:45:00,152.0,152.02000427246094,151.71499633789062,151.77999877929688,36896
2026-02-03 17:50:00,151.7550048828125,151.80999755859375,151.67999267578125,151.77999877929688,24570
2026-02-03 17:55:00,151.77999877929688,151.98989868164062,151.77999877929688,151.92999267578125,27645
2026-02-03 18:00:00,151.9199981689453,152.1300048828125,151.9199981689453,152.08999633789062,29294
2026-02-03 18:05:00,152.0800018310547,152.17999267578125,151.97500610351562,152.1300048828125,29854
2026-02-03 18:10:00,152.1199951171875,152.1750030517578,152.0,152.14999389648438,51371
2026-02-03 18:15:00,152.1300048828125,152.14999389648438,151.8800048828125,152.0,35757
2026-02-03 18:20:00,152.00999450683594,152.0800018310547,151.9149932861328,151.92999267578125,26927
2026-02-03 18:25:00,151.9250030517578,152.1199951171875,151.88999938964844,151.88999938964844,59930
2026-02-03 18:30:00,151.9199981689453,152.08999633789062,151.8800048828125,151.9600067138672,42705
2026-02-03 18:35:00,151.99000549316406,152.25999450683594,151.99000549316406,152.24000549316406,39402
2026-02-03 18:40:00,152.25,152.25,152.14999389648438,152.1649932861328,39349
2026-02-03 18:45:00,152.16000366210938,152.22000122070312,151.98500061035156,152.10499572753906,48026
2026-02-03 18:50:00,152.10000610351562,152.17999267578125,152.0500030517578,152.11000061035156,28348
2026-02-03 18:55:00,152.1199951171875,152.1300048828125,151.86000061035156,151.88999938964844,42168
2026-02-03 19:00:00,151.8699951171875,152.02999877929688,151.86000061035156,151.97000122070312,48673
2026-02-03 19:05:00,151.96499633789062,152.0800018310547,151.9199981689453,152.0800018310547,41864
2026-02-03 19:10:00,152.0800018310547,152.1999969482422,152.07000732421875,152.13999938964844,38637
2026-02-03 19:15:00,152.14999389648438,152.2100067138672,152.02999877929688,152.0500030517578,44159
2026-02-03 19:20:00,152.02999877929688,152.07000732421875,151.86500549316406,151.86500549316406,45310
2026-02-03 19:25:00,151.8800048828125,152.1199951171875,151.8404998779297,152.1199951171875,52155
2026-02-03 19:30:00,152.16000366210938,152.39999389648438,152.16000366210938,152.39999389648438,67202
2026-02-03 19:35:00,152.38999938964844,152.5500030517578,152.3300018310547,152.50999450683594,49147
2026-02-03 19:40:00,152.52999877929688,152.61000061035156,152.42999267578125,152.50999450683594,52668
2026-02-03 19:45:00,152.51499938964844,152.5449981689453,152.34500122070312,152.38999938964844,29078
2026-02-03 19:50:00,152.39999389648438,152.4199981689453,152.27999877929688,152.3249969482422,35127
2026-02-03 19:55:00,152.30999755859375,152.4499969482422,152.30999755859375,152.3699951171875,36490
2026-02-03 20:00:00,152.36000061035156,152.3800048828125,152.25999450683594,152.27999877929688,35874
2026-02-03 20:05:00,152.25999450683594,152.30499267578125,152.14999389648438,152.26930236816406,32834
2026-02-03 20:10:00,152.27999877929688,152.42999267578125,152.27999877929688,152.36000061035156,36393
2026-02-03 20:15:00,152.36000061035156,152.42999267578125,152.2899932861328,152.3000030517578,37168
2026-02-03 20:20:00,152.30999755859375,152.4351043701172,152.3000030517578,152.35499572753906,38863
2026-02-03 20:25:00,152.36000061035156,152.3699951171875,152.2100067138672,152.22000122070312,41893
2026-02-03 20:30:00,152.22999572753906,152.3090057373047,152.18499755859375,152.1999969482422,45084
2026-02-03 20:35:00,152.17999267578125,152.19000244140625,152.02000427246094,152.0800018310547,57297
2026-02-03 20:40:00,152.05999755859375,152.0800018310547,151.9499969482422,151.9600067138672,59712
2026-02-03 20:45:00,151.97030639648438,152.00999450683594,151.9199981689453,152.0,68933
2026-02-03 20:50:00,152.00999450683594,152.22999572753906,151.9600067138672,151.97999572753906,113943
2026-02-03 20:55:00,151.97000122070312,152.0800018310547,151.80999755859375,152.02999877929688,308445
2026-02-04 14:30:00,152.8800048828125,153.8699951171875,152.625,153.17999267578125,103900
2026-02-04 14:35:00,153.0749969482422,153.30999755859375,153.0030059814453,153.0850067138672,28072
2026-02-04 14:40:00,153.06910705566406,153.33999633789062,153.00999450683594,153.32000732421875,29887
2026-02-04 14:45:00,153.33999633789062,153.72000122070312,153.3300018310547,153.3699951171875,40997
2026-02-04 14:50:00,153.3000030517578,153.69949340820312,153.10000610351562,153.58999633789062,40995
2026-02-04 14:55:00,153.5399932861328,153.88999938964844,153.28750610351562,153.75999450683594,66583
2026-02-04 15:00:00,153.8699951171875,154.00999450683594,153.60000610351562,153.72000122070312,58347
2026-02-04 15:05:00,153.64999389648438,153.84500122070312,153.13999938964844,153.13999938964844,58393
2026-02-04 15:10:00,153.17999267578125,153.27999877929688,152.9600067138672,153.13999938964844,44587
2026-02-04 15:15:00,153.08999633789062,153.47000122070312,153.0800018310547,153.3300018310547,51024
2026-02-04 15:20:00,153.3350067138672,153.52499389648438,153.11500549316406,153.1300048828125,42214
2026-02-04 15:25:00,153.1649932861328,153.19000244140625,153.0,153.11500549316406,46175
2026-02-04 15:30:00,153.15499877929688,153.49000549316406,153.02499389648438,153.4199981689453,25637
2026-02-04 15:35:00,153.49000549316406,153.5800018310547,153.1999969482422,153.22500610351562,43168
2026-02-04 15:40:00,153.3000030517578,153.36380004882812,153.08880615234375,153.34300231933594,62222
2026-02-04 15:45:00,153.3699951171875,153.64999389648438,153.3699951171875,153.625,21846
2026-02-04 15:50:00,153.58999633789062,153.72000122070312,153.50999450683594,153.63499450683594,29929
2026-02-04 15:55:00,153.6699981689453,153.9499969482422,153.6699981689453,153.90499877929688,27887
2026-02-04 16:00:00,153.90499877929688,154.2899932861328,153.88999938964844,154.28500366210938,35335
2026-02-04 16:05:00,154.25999450683594,154.32000732421875,153.8800048828125,153.9799041748047,38491
2026-02-04 16:10:00,153.94500732421875,153.97999572753906,153.8300018310547,153.9600067138672,27667
2026-02-04 16:15:00,153.94000244140625,154.02000427246094,153.80499267578125,153.8699951171875,38636
2026-02-04 16:20:00,153.89500427246094,153.94000244140625,153.77999877929688,153.91000366210938,22721
2026-02-04 16:25:00,153.9250030517578,154.3800048828125,153.89199829101562,154.22999572753906,48864
2026-02-04 16:30:00,154.22000122070312,154.42999267578125,154.1699981689453,154.3699951171875,25959
2026-02-04 16:35:00,154.3699951171875,154.5800018310547,154.36000061035156,154.52999877929688,27781
2026-02-04 16:40:00,154.52000427246094,154.52999877929688,154.3800048828125,154.42469787597656,23982
2026-02-04 16:45:00,154.4199981689453,154.52000427246094,154.35000610351562,154.4149932861328,32489
2026-02-04 16:50:00,154.42999267578125,154.5,154.3699951171875,154.38999938964844,36817
2026-02-04 16:55:00,154.4250030517578,154.47999572753906,154.3699951171875,154.4199981689453,29866
2026-02-04 17:00:00,154.43499755859375,154.5399932861328,154.41000366210938,154.50999450683594,26664
2026-02-04 17:05:00,154.52000427246094,154.6300048828125,154.5,154.6199951171875,32495
2026-02-04 17:10:00,154.60000610351562,154.74989318847656,154.5500030517578,154.7100067138672,27384
2026-02-04 17:15:00,154.75,154.77000427246094,154.5749969482422,154.59500122070312,32986
2026-02-04 17:20:00,154.61000061035156,154.81900024414062,154.53700256347656,154.72999572753906,47348
2026-02-04 17:25:00,154.7200927734375,154.8699951171875,154.5800018310547,154.58999633789062,50689
2026-02-04 17:30:00,154.5850067138672,154.80999755859375,154.5399932861328,154.6699981689453,40749
2026-02-04 17:35:00,154.64999389648438,154.67999267578125,154.5399932861328,154.5500030517578,27247
2026-02-04 17:40:00,154.5399932861328,154.625,154.49000549316406,154.60499572753906,38946
2026-02-04 17:45:00,154.5800018310547,154.72999572753906,154.5,154.57000732421875,39944
2026-02-04 17:50:00,154.5399932861328,154.55999755859375,154.4600067138672,154.5050048828125,39594
2026-02-04 17:55:00,154.52000427246094,154.66000366210938,154.08999633789062,154.08999633789062,69741
2026-02-04 18:00:00,154.02999877929688,154.1999969482422,153.9600067138672,154.16000366210938,45518
2026-02-04 18:05:00,154.13999938964844,154.3300018310547,154.10000610351562,154.25999450683594,46087
2026-02-04 18:10:00,154.22999572753906,154.3365936279297,154.2100067138672,154.27999877929688,39197
2026-02-04 18:15:00,154.27499389648438,154.27499389648438,154.17999267578125,154.1999969482422,26680
2026-02-04 18:20:00,154.19000244140625,154.3300018310547,154.16000366210938,154.32000732421875,26734
2026-02-04 18:25:00,154.3350067138672,154.50999450683594,154.32000732421875,154.49400329589844,41495
2026-02-04 18:30:00,154.49000549316406,154.60000610351562,154.42999267578125,154.5,54882
2026-02-04 18:35:00,154.52999877929688,154.6999969482422,154.49000549316406,154.69000244140625,22309
2026-02-04 18:40:00,154.66000366210938,154.77999877929688,154.65499877929688,154.7100067138672,30489
2026-02-04 18:45:00,154.72999572753906,154.82000732421875,154.69000244140625,154.77999877929688,19933
2026-02-04 18:50:00,154.77000427246094,154.82000732421875,154.7050018310547,154.74000549316406,43448
2026-02-04 18:55:00,154.75999450683594,154.7949981689453,154.67999267578125,154.72000122070312,35107
2026-02-04 19:00:00,154.71499633789062,154.83999633789062,154.71499633789062,154.7449951171875,45321
2026-02-04 19:05:00,154.75,154.89999389648438,154.69000244140625,154.7899932861328,44992
2026-02-04 19:10:00,154.7899932861328,154.97959899902344,154.7899932861328,154.9250030517578,37434
2026-02-04 19:15:00,154.9250030517578,154.92999267578125,154.77000427246094,154.8300018310547,38797
2026-02-04 19:20:00,154.82000732421875,154.9199981689453,154.77999877929688,154.91000366210938,46188
2026-02-04 19:25:00,154.89999389648438,154.96499633789062,154.8000030517578,154.96499633789062,45750
2026-02-04 19:30:00,154.97999572753906,155.0500030517578,154.875,154.875,71836
2026-02-04 19:35:00,154.8699951171875,154.8800048828125,154.68589782714844,154.75,30440
2026-02-04 19:40:00,154.77999877929688,154.89999389648438,154.63999938964844,154.67999267578125,69921
2026-02-04 19:45:00,154.69500732421875,154.91000366210938,154.66000366210938,154.69000244140625,82677
2026-02-04 19:50:00,154.6699981689453,154.99000549316406,154.5850067138672,154.9149932861328,260445
2026-02-04 19:55:00,154.95010375976562,155.16000366210938,154.8699951171875,155.1199951171875,108093
2026-02-04 20:00:00,155.14999389648438,155.1699981689453,154.9600067138672,155.0500030517578,68517
2026-02-04 20:05:00,155.0449981689453,155.1699981689453,154.99000549316406,155.125,119008
2026-02-04 20:10:00,155.125,155.19000244140625,154.9250030517578,155.0500030517578,110817
2026-02-04 20:15:00,155.02999877929688,155.02999877929688,154.5800018310547,154.86000061035156,110060
2026-02-04 20:20:00,154.85000610351562,154.8800048828125,154.74000549316406,154.7899932861328,162875
2026-02-04 20:25:00,154.80499267578125,154.82000732421875,154.47999572753906,154.5800018310547,135342
2026-02-04 20:30:00,154.60499572753906,154.61000061035156,154.0800018310547,154.1199951171875,140539
2026-02-04 20:35:00,154.125,154.2100067138672,153.9149932861328,154.0,142888
2026-02-04 20:40:00,154.0,154.0,153.85000610351562,153.875,86170
2026-02-04 20:45:00,153.8612060546875,153.94000244140625,153.61000061035156,153.61000061035156,86647
2026-02-04 20:50:00,153.63999938964844,153.80999755859375,153.4199981689453,153.72000122070312,290899
2026-02-04 20:55:00,153.72500610351562,153.97000122070312,153.57000732421875,153.92999267578125,372431
2026-02-05 14:30:00,154.5399932861328,155.32000732421875,153.58999633789062,154.7100067138672,125349
2026-02-05 14:35:00,154.61000061035156,155.5,154.61000061035156,154.88999938964844,65455
2026-02-05 14:40:00,154.75180053710938,154.80999755859375,154.1750030517578,154.61500549316406,69028
2026-02-05 14:45:00,154.6699981689453,154.6999969482422,154.1999969482422,154.5399932861328,61156
2026-02-05 14:50:00,154.52499389648438,154.84500122070312,154.5,154.7899932861328,49063
2026-02-05 14:55:00,154.7550048828125,155.00999450683594,154.69500732421875,154.97000122070312,64242
2026-02-05 15:00:00,154.97000122070312,155.67999267578125,154.97000122070312,155.61500549316406,48764
2026-02-05 15:05:00,155.6199951171875,155.77999877929688,155.5,155.5800018310547,49506
2026-02-05 15:10:00,155.61000061035156,155.97120666503906,155.5030059814453,155.93499755859375,65957
2026-02-05 15:15:00,155.9550018310547,156.22000122070312,155.8000030517578,156.14999389648438,50870
2026-02-05 15:20:00,156.14999389648438,156.14999389648438,155.80999755859375,155.86500549316406,52177
2026-02-05 15:25:00,155.90919494628906,156.00999450683594,155.5399932861328,155.55999755859375,53097
2026-02-05 15:30:00,155.55499267578125,155.80999755859375,155.47999572753906,155.64999389648438,63111
2026-02-05 15:35:00,155.61000061035156,155.8365020751953,155.61000061035156,155.7050018310547,41873
2026-02-05 15:40:00,155.7050018310547,155.84500122070312,155.47000122070312,155.5800018310547,49279
2026-02-05 15:45:00,155.5500030517578,155.5500030517578,155.35000610351562,155.38999938964844,54656
2026-02-05 15:50:00,155.41000366210938,155.72000122070312,155.33999633789062,155.55999755859375,103013
2026-02-05 15:55:00,155.55999755859375,155.6999969482422,155.50999450683594,155.6999969482422,44295
2026-02-05 16:00:00,155.69000244140625,155.92999267578125,155.63499450683594,155.9250030517578,34459
2026-02-05 16:05:00,155.92999267578125,155.94000244140625,155.75999450683594,155.77000427246094,42179
2026-02-05 16:10:00,155.77999877929688,155.97000122070312,155.77999877929688,155.92999267578125,41565
2026-02-05 16:15:00,155.9250030517578,156.0749969482422,155.89500427246094,155.89999389648438,54250
2026-02-05 16:20:00,155.9149932861328,156.0,155.44000244140625,155.44000244140625,65951
2026-02-05 16:25:00,155.4149932861328,155.55999755859375,155.36500549316406,155.47500610351562,67296
2026-02-05 16:30:00,155.52000427246094,155.65499877929688,155.4499969482422,155.4949951171875,43860
2026-02-05 16:35:00,155.47950744628906,155.5,155.0800018310547,155.0800018310547,66955
2026-02-05 16:40:00,155.08999633789062,155.2100067138672,154.9499969482422,154.99000549316406,90576
2026-02-05 16:45:00,155.00999450683594,155.46859741210938,154.94000244140625,155.4499969482422,59853
2026-02-05 16:50:00,155.47000122070312,155.50999450683594,155.25,155.47000122070312,31260
2026-02-05 16:55:00,155.47999572753906,155.66000366210938,155.38999938964844,155.60000610351562,50993
2026-02-05 17:00:00,155.6199951171875,155.64999389648438,155.5500030517578,155.5850067138672,29885
2026-02-05 17:05:00,155.58999633789062,155.61000061035156,155.2899932861328,155.4499969482422,33717
2026-02-05 17:10:00,155.4499969482422,155.45010375976562,155.24009704589844,155.38070678710938,23370
2026-02-05 17:15:00,155.34500122070312,155.75,155.34500122070312,155.75,24473
2026-02-05 17:20:00,155.75,155.86000061035156,155.71499633789062,155.76010131835938,30800
2026-02-05 17:25:00,155.80999755859375,155.80999755859375,155.2449951171875,155.4250030517578,56050
2026-02-05 17:30:00,155.44000244140625,155.4600067138672,155.11000061035156,155.2093963623047,32762
2026-02-05 17:35:00,155.17999267578125,155.30999755859375,155.11000061035156,155.2449951171875,20667
2026-02-05 17:40:00,155.2449951171875,155.49000549316406,155.2449951171875,155.4600067138672,39277
2026-02-05 17:45:00,155.48049926757812,155.64999389648438,155.42999267578125,155.5800018310547,18745
2026-02-05 17:50:00,155.55999755859375,155.86000061035156,155.5,155.5050048828125,58132
2026-02-05 17:55:00,155.5050048828125,155.5050048828125,155.30499267578125,155.42039489746094,36857
2026-02-05 18:00:00,155.4199981689453,155.49000549316406,155.3616943359375,155.38499450683594,26948
2026-02-05 18:05:00,155.42999267578125,155.60000610351562,155.3699951171875,155.5800018310547,47015
2026-02-05 18:10:00,155.57000732421875,155.64999389648438,155.4199981689453,155.49000549316406,33740
2026-02-05 18:15:00,155.4600067138672,155.4949951171875,155.3300018310547,155.3300018310547,64202
2026-02-05 18:20:00,155.3300018310547,155.39999389648438,155.05999755859375,155.2949981689453,118842
2026-02-05 18:25:00,155.2949981689453,155.3300018310547,155.14500427246094,155.17999267578125,21299
2026-02-05 18:30:00,155.15499877929688,155.3300018310547,155.11000061035156,155.1699981689453,98604
2026-02-05 18:35:00,155.14500427246094,155.47500610351562,155.10000610351562,155.47500610351562,38727
2026-02-05 18:40:00,155.4600067138672,155.52000427246094,155.33999633789062,155.38999938964844,53038
2026-02-05 18:45:00,155.4199981689453,155.4600067138672,155.2550048828125,155.26499938964844,87198
2026-02-05 18:50:00,155.2550048828125,155.47999572753906,155.2550048828125,155.38999938964844,40095
2026-02-05 18:55:00,155.3800048828125,155.47999572753906,155.33999633789062,155.41000366210938,45232
2026-02-05 19:00:00,155.41000366210938,155.47500610351562,155.25999450683594,155.38999938964844,42646
2026-02-05 19:05:00,155.36000061035156,155.55670166015625,155.36000061035156,155.47500610351562,41334
2026-02-05 19:10:00,155.47000122070312,155.75990295410156,155.47000122070312,155.6199951171875,33164
2026-02-05 19:15:00,155.625,155.82000732421875,155.625,155.77999877929688,24434
2026-02-05 19:20:00,155.7899932861328,155.875,155.75,155.81500244140625,39328
2026-02-05 19:25:00,155.81500244140625,156.07000732421875,155.77000427246094,156.06500244140625,42476
2026-02-05 19:30:00,156.07000732421875,156.19000244140625,156.0,156.19000244140625,35125
2026-02-05 19:35:00,156.1750030517578,156.22000122070312,155.97000122070312,155.97000122070312,56988
2026-02-05 19:40:00,155.90499877929688,156.02999877929688,155.8726043701172,155.88999938964844,28864
2026-02-05 19:45:00,155.88499450683594,155.92999267578125,155.82000732421875,155.91000366210938,29130
2026-02-05 19:50:00,155.88999938964844,156.02999877929688,155.77999877929688,156.0,29061
2026-02-05 19:55:00,156.03500366210938,156.13999938964844,155.9499969482422,156.13999938964844,50020
2026-02-05 20:00:00,156.10000610351562,156.1300048828125,155.88999938964844,155.94000244140625,31663
2026-02-05 20:05:00,155.9199981689453,156.01499938964844,155.85000610351562,155.9499969482422,33892
2026-02-05 20:10:00,155.9550018310547,156.06500244140625,155.9199981689453,156.02999877929688,41162
2026-02-05 20:15:00,156.02499389648438,156.1699981689453,155.9499969482422,156.1699981689453,85891
2026-02-05 20:20:00,156.2100067138672,156.25999450683594,156.16000366210938,156.16000366210938,44255
2026-02-05 20:25:00,156.2100067138672,156.3300018310547,156.16009521484375,156.32000732421875,50195
2026-02-05 20:30:00,156.3000030517578,156.38999938964844,156.24000549316406,156.2550048828125,50435
2026-02-05 20:35:00,156.27000427246094,156.27000427246094,156.14999389648438,156.19000244140625,56689
2026-02-05 20:40:00,156.19000244140625,156.30999755859375,156.02000427246094,156.0500030517578,81472
2026-02-05 20:45:00,156.0,156.11000061035156,155.73500061035156,155.80999755859375,74408
2026-02-05 20:50:00,155.8300018310547,156.0,155.41000366210938,155.52000427246094,228130
2026-02-05 20:55:00,155.5500030517578,155.64999389648438,155.1300048828125,155.41000366210938,628974
2026-02-06 14:30:00,155.44000244140625,155.90499877929688,155.3800048828125,155.66000366210938,113480
2026-02-06 14:35:00,155.6750030517578,155.9550018310547,155.13999938964844,155.22999572753906,79525
2026-02-06 14:40:00,155.22669982910156,155.5749969482422,155.1199951171875,155.13999938964844,47888
2026-02-06 14:45:00,155.1199951171875,155.24000549316406,154.8800048828125,155.13999938964844,46891
2026-02-06 14:50:00,155.10000610351562,155.28500366210938,155.0,155.16000366210938,55459
2026-02-06 14:55:00,155.14999389648438,155.69000244140625,155.1179962158203,155.59500122070312,48177
2026-02-06 15:00:00,155.55999755859375,155.88999938964844,155.36000061035156,155.72999572753906,60872
2026-02-06 15:05:00,155.73500061035156,155.97999572753906,155.63999938964844,155.9199981689453,46749
2026-02-06 15:10:00,155.9199981689453,156.33999633789062,155.9199981689453,155.99000549316406,71174
2026-02-06 15:15:00,155.9949951171875,156.0,155.69000244140625,155.72000122070312,34596
2026-02-06 15:20:00,155.74000549316406,156.1750030517578,155.74000549316406,156.10499572753906,55986
2026-02-06 15:25:00,156.10499572753906,156.14990234375,155.90499877929688,155.9149932861328,29350
2026-02-06 15:40:00,155.86000061035156,155.9600067138672,155.7949981689453,155.7949981689453,120327
2026-02-06 15:45:00,155.7949981689453,155.9600067138672,155.72000122070312,155.7449951171875,25515
2026-02-06 15:50:00,155.7449951171875,155.80499267578125,155.718994140625,155.72999572753906,8790
2026-02-06 15:55:00,155.88499450683594,155.9199981689453,155.88499450683594,155.89500427246094,39812
2026-02-06 16:00:00,155.88999938964844,155.94000244140625,155.88999938964844,155.89999389648438,27132
2026-02-06 16:05:00,155.94000244140625,155.9499969482422,155.80999755859375,155.8699951171875,28709
2026-02-06 16:10:00,155.8699951171875,155.8699951171875,155.57000732421875,155.63499450683594,31984
2026-02-06 16:15:00,155.63499450683594,155.63499450683594,155.34500122070312,155.38999938964844,38085
2026-02-06 16:20:00,155.39500427246094,155.47500610351562,155.30999755859375,155.38499450683594,31531
2026-02-06 16:25:00,155.42999267578125,155.59719848632812,155.39999389648438,155.5399932861328,35432
2026-02-06 16:30:00,155.5399932861328,155.5800018310547,155.3800048828125,155.47000122070312,48311
2026-02-06 16:35:00,155.47000122070312,155.49000549316406,155.2100067138672,155.27000427246094,41478
2026-02-06 16:40:00,155.27999877929688,155.3699951171875,155.15130615234375,155.21499633789062,65468
2026-02-06 16:45:00,155.21499633789062,155.30999755859375,154.99000549316406,155.00999450683594,35782
2026-02-06 16:50:00,155.0050048828125,155.10000610351562,154.9250030517578,155.02499389648438,41184
2026-02-06 16:55:00,155.02499389648438,155.08999633789062,154.83999633789062,154.88999938964844,80574
2026-02-06 17:00:00,154.91000366210938,155.11000061035156,154.83999633789062,154.97000122070312,88650
2026-02-06 17:05:00,155.0,155.32080078125,154.92999267578125,155.14999389648438,53592
2026-02-06 17:10:00,155.16000366210938,155.19000244140625,154.97000122070312,155.1300048828125,65240
2026-02-06 17:15:00,155.1699981689453,155.19000244140625,155.0399932861328,155.1728973388672,81503
2026-02-06 17:20:00,155.19000244140625,155.3925018310547,155.1199951171875,155.2899932861328,40437
2026-02-06 17:25:00,155.32000732421875,155.35000610351562,155.19000244140625,155.27999877929688,31589
2026-02-06 17:30:00,155.30999755859375,155.30999755859375,154.91000366210938,154.91000366210938,46284
2026-02-06 17:35:00,154.8800048828125,155.1407928466797,154.8699951171875,155.09759521484375,28604
2026-02-06 17:40:00,155.0850067138672,155.08999633789062,154.88999938964844,155.03500366210938,28246
2026-02-06 17:45:00,155.05499267578125,155.19500732421875,155.0399932861328,155.16000366210938,40491
2026-02-06 17:50:00,155.19000244140625,155.22000122070312,155.11019897460938,155.1199951171875,26943
2026-02-06 17:55:00,155.1199951171875,155.13999938964844,155.1199951171875,155.13999938964844,8324
2026-02-06 18:00:00,155.0850067138672,155.1300048828125,154.8300018310547,154.83999633789062,114898
2026-02-06 18:05:00,154.86000061035156,154.92999267578125,154.72500610351562,154.85000610351562,42112
2026-02-06 18:10:00,154.86000061035156,155.0,154.80999755859375,154.9600067138672,24528
2026-02-06 18:15:00,154.94000244140625,155.00999450683594,154.8791961669922,154.9149932861328,35370
2026-02-06 18:20:00,154.89999389648438,155.0850067138672,154.8800048828125,155.0850067138672,37598
2026-02-06 18:25:00,155.08999633789062,155.2050018310547,155.0800018310547,155.14999389648438,20222
2026-02-06 18:30:00,155.22999572753906,155.36500549316406,155.1999969482422,155.28500366210938,19441
2026-02-06 18:35:00,155.27999877929688,155.3699951171875,155.17019653320312,155.22000122070312,44356
2026-02-06 18:40:00,155.22000122070312,155.2335662841797,155.08999633789062,155.1300048828125,17362
2026-02-06 18:45:00,155.10000610351562,155.2899932861328,155.07000732421875,155.11000061035156,34368
2026-02-06 18:50:00,155.14999389648438,155.1699981689453,155.0800018310547,155.10000610351562,22914
2026-02-06 18:55:00,155.08999633789062,155.10000610351562,154.8300018310547,154.83999633789062,50649
2026-02-06 19:00:00,154.8300018310547,155.0500030517578,154.8300018310547,154.88999938964844,79169
2026-02-06 19:05:00,154.9199981689453,155.05999755859375,154.88999938964844,155.02999877929688,52883
2026-02-06 19:10:00,155.02999877929688,155.1199951171875,154.97999572753906,155.1199951171875,43407
2026-02-06 19:15:00,155.1199951171875,155.23500061035156,155.0399932861328,155.22999572753906,44124
2026-02-06 19:20:00,155.2449951171875,155.41000366210938,155.2449951171875,155.32000732421875,38793
2026-02-06 19:25:00,155.30999755859375,155.3300018310547,155.24000549316406,155.32000732421875,44937
2026-02-06 19:30:00,155.3249969482422,155.375,155.24000549316406,155.36500549316406,26985
2026-02-06 19:35:00,155.3699951171875,155.40499877929688,155.30999755859375,155.40499877929688,30226
2026-02-06 19:40:00,155.4199981689453,155.47500610351562,155.27999877929688,155.2899932861328,36343
2026-02-06 19:45:00,155.33999633789062,155.5800018310547,155.32000732421875,155.5449981689453,37987
2026-02-06 19:50:00,155.52999877929688,155.55999755859375,155.4199981689453,155.4199981689453,20642
2026-02-06 19:55:00,155.42999267578125,155.48500061035156,155.3699951171875,155.46499633789062,34601
2026-02-06 20:00:00,155.47000122070312,155.5399932861328,155.375,155.3800048828125,26508
2026-02-06 20:05:00,155.3800048828125,155.4499969482422,155.3300018310547,155.39999389648438,38965
2026-02-06 20:10:00,155.38999938964844,155.39999389648438,155.1199951171875,155.17999267578125,119208
2026-02-06 20:15:00,155.1999969482422,155.28500366210938,155.0850067138672,155.27000427246094,40130
2026-02-06 20:20:00,155.2899932861328,155.42990112304688,155.2899932861328,155.39059448242188,38604
2026-02-06 20:25:00,155.39500427246094,155.52999877929688,155.375,155.42999267578125,48517
2026-02-06 20:30:00,155.4199981689453,155.52000427246094,155.30999755859375,155.34500122070312,47214
2026-02-06 20:35:00,155.33999633789062,155.39500427246094,155.1750030517578,155.1999969482422,58862
2026-02-06 20:40:00,155.2050018310547,155.44000244140625,155.2050018310547,155.41000366210938,49431
2026-02-06 20:45:00,155.42999267578125,155.52000427246094,155.375,155.47999572753906,54485
2026-02-06 20:50:00,155.47999572753906,155.5500030517578,155.35000610351562,155.4499969482422,132879
2026-02-06 20:55:00,155.47999572753906,155.91000366210938,155.47999572753906,155.7899932861328,275442
2026-02-09 14:30:00,155.39999389648438,156.0,154.91000366210938,155.07000732421875,70966
2026-02-09 14:35:00,155.125,155.7899932861328,155.06500244140625,155.47999572753906,57771
2026-02-09 14:40:00,155.45399475097656,155.57000732421875,154.52000427246094,154.6199951171875,31904
2026-02-09 14:45:00,154.63999938964844,154.9199981689453,154.39999389648438,154.8800048828125,48744
2026-02-09 14:50:00,154.8300018310547,154.86000061035156,154.22999572753906,154.31500244140625,39727
2026-02-09 14:55:00,154.31500244140625,154.32000732421875,154.02999877929688,154.22999572753906,54027
2026-02-09 15:00:00,154.27499389648438,154.38999938964844,154.02000427246094,154.25,42779
2026-02-09 15:05:00,154.27000427246094,154.69000244140625,154.16000366210938,154.63499450683594,30931
2026-02-09 15:10:00,154.5800018310547,154.99000549316406,154.55999755859375,154.72999572753906,37718
2026-02-09 15:15:00,154.72999572753906,154.8000030517578,154.52000427246094,154.52000427246094,36706
2026-02-09 15:20:00,154.52999877929688,154.9600067138672,154.52000427246094,154.88499450683594,21237
2026-02-09 15:25:00,154.8300018310547,154.89999389648438,154.64999389648438,154.88999938964844,21922
2026-02-09 15:30:00,154.8800048828125,155.10499572753906,154.75999450683594,155.02000427246094,34032
2026-02-09 15:35:00,154.99609375,155.09500122070312,154.9199981689453,154.9199981689453,26916
2026-02-09 15:40:00,154.9250030517578,154.9783935546875,154.75,154.7949981689453,28735
2026-02-09 15:45:00,154.7949981689453,154.9250030517578,154.72999572753906,154.9250030517578,28410
2026-02-09 15:50:00,154.9499969482422,154.97999572753906,154.8300018310547,154.91000366210938,30079
2026-02-09 15:55:00,154.9199981689453,155.16000366210938,154.9199981689453,155.125,31930
2026-02-09 16:00:00,155.13999938964844,155.2899932861328,155.11000061035156,155.1999969482422,32385
2026-02-09 16:05:00,155.22999572753906,155.3300018310547,155.14999389648438,155.1999969482422,26379
2026-02-09 16:10:00,155.17999267578125,155.2550048828125,155.13999938964844,155.19500732421875,23316
2026-02-09 16:15:00,155.16000366210938,155.19500732421875,155.05999755859375,155.1300048828125,30384
2026-02-09 16:20:00,155.14999389648438,155.3000030517578,155.0800018310547,155.23500061035156,38628
2026-02-09 16:25:00,155.25999450683594,155.27000427246094,155.19000244140625,155.19500732421875,20715
2026-02-09 16:30:00,155.1699981689453,155.2550048828125,155.07000732421875,155.21499633789062,25128
2026-02-09 16:35:00,155.19000244140625,155.22500610351562,155.0500030517578,155.11000061035156,48843
2026-02-09 16:40:00,155.0800018310547,155.17410278320312,155.0800018310547,155.1300048828125,13592
2026-02-09 16:45:00,155.15499877929688,155.27000427246094,155.13999938964844,155.21499633789062,26934
2026-02-09 16:50:00,155.19000244140625,155.29600524902344,155.18699645996094,155.27000427246094,14110
2026-02-09 16:55:00,155.25120544433594,155.27000427246094,155.17999267578125,155.2050018310547,13363
2026-02-09 17:00:00,155.21499633789062,155.25999450683594,155.0800018310547,155.14500427246094,27085
2026-02-09 17:05:00,155.14500427246094,155.1750030517578,154.99000549316406,155.05999755859375,24527
2026-02-09 17:10:00,155.05999755859375,155.1999969482422,155.0399932861328,155.0850067138672,24241
2026-02-09 17:15:00,155.05999755859375,155.1300048828125,155.05999755859375,155.07000732421875,40843
2026-02-09 17:20:00,155.10000610351562,155.25,155.0500030517578,155.2449951171875,25453
2026-02-09 17:25:00,155.2449951171875,155.53500366210938,155.22000122070312,155.51499938964844,34582
2026-02-09 17:30:00,155.51499938964844,155.61000061035156,155.50999450683594,155.5800018310547,28804
2026-02-09 17:35:00,155.5850067138672,155.65499877929688,155.5,155.51499938964844,28680
2026-02-09 17:40:00,155.51499938964844,155.55990600585938,155.42999267578125,155.52000427246094,17661
2026-02-09 17:45:00,155.52000427246094,155.5850067138672,155.4199981689453,155.4499969482422,35897
2026-02-09 17:50:00,155.42999267578125,155.61000061035156,155.39999389648438,155.58999633789062,16850
2026-02-09 17:55:00,155.58999633789062,155.60000610351562,155.4250030517578,155.43499755859375,21521
2026-02-09 18:00:00,155.43499755859375,155.47000122070312,155.3699951171875,155.4199981689453,15556
2026-02-09 18:05:00,155.41000366210938,155.55499267578125,155.41000366210938,155.5,23762
2026-02-09 18:10:00,155.4949951171875,155.52999877929688,155.36000061035156,155.5050048828125,24564
2026-02-09 18:15:00,155.5500030517578,155.6999969482422,155.5500030517578,155.66000366210938,17910
2026-02-09 18:20:00,155.67999267578125,155.7899932861328,155.61500549316406,155.7100067138672,39186
2026-02-09 18:25:00,155.7100067138672,155.80999755859375,155.6855926513672,155.72500610351562,22349
2026-02-09 18:30:00,155.72500610351562,155.7949981689453,155.7050018310547,155.7949981689453,25722
2026-02-09 18:35:00,155.8000030517578,155.91000366210938,155.77499389648438,155.8175048828125,22732
2026-02-09 18:40:00,155.8699951171875,155.90499877929688,155.77999877929688,155.85000610351562,24739
2026-02-09 18:45:00,155.85499572753906,155.8699951171875,155.77000427246094,155.86000061035156,19316
2026-02-09 18:50:00,155.83059692382812,155.92999267578125,155.83059692382812,155.89500427246094,32988
2026-02-09 18:55:00,155.88999938964844,155.90499877929688,155.82009887695312,155.83999633789062,20587
2026-02-09 19:00:00,155.80999755859375,155.89990234375,155.69000244140625,155.89990234375,26038
2026-02-09 19:05:00,155.8699951171875,155.8699951171875,155.64999389648438,155.7050018310547,40232
2026-02-09 19:10:00,155.6999969482422,155.75,155.63499450683594,155.63499450683594,14086
2026-02-09 19:15:00,155.625,155.72500610351562,155.60000610351562,155.72500610351562,16378
2026-02-09 19:20:00,155.72999572753906,155.80999755859375,155.72500610351562,155.78500366210938,15366
2026-02-09 19:25:00,155.74000549316406,155.74000549316406,155.61000061035156,155.61000061035156,13868
2026-02-09 19:30:00,155.63999938964844,155.64999389648438,155.43499755859375,155.4550018310547,19655
2026-02-09 19:35:00,155.44000244140625,155.61000061035156,155.3800048828125,155.5749969482422,28688
2026-02-09 19:40:00,155.5800018310547,155.58920288085938,155.50999450683594,155.55999755859375,25841
2026-02-09 19:45:00,155.5500030517578,155.6999969482422,155.5500030517578,155.6699981689453,30870
2026-02-09 19:50:00,155.6699981689453,155.89500427246094,155.64999389648438,155.85499572753906,27199
2026-02-09 19:55:00,155.85499572753906,155.90499877929688,155.82000732421875,155.84500122070312,25117
2026-02-09 20:00:00,155.85000610351562,156.01499938964844,155.85000610351562,156.01499938964844,30036
2026-02-09 20:05:00,156.00999450683594,156.00999450683594,155.86500549316406,155.875,23599
2026-02-09 20:10:00,155.875,156.02000427246094,155.86000061035156,155.94500732421875,26677
2026-02-09 20:15:00,155.97000122070312,156.0399932861328,155.8300018310547,156.0399932861328,44999
2026-02-09 20:20:00,156.0399932861328,156.05999755859375,155.94500732421875,155.9499969482422,27001
2026-02-09 20:25:00,155.9499969482422,155.99000549316406,155.77999877929688,155.86000061035156,30749
2026-02-09 20:30:00,155.85000610351562,155.92999267578125,155.83999633789062,155.85000610351562,44441
2026-02-09 20:35:00,155.8300018310547,155.97000122070312,155.77999877929688,155.89999389648438,63672
2026-02-09 20:40:00,155.97000122070312,156.07000732421875,155.8800048828125,156.0500030517578,63267
2026-02-09 20:45:00,156.05499267578125,156.3300018310547,156.0500030517578,156.2949981689453,40573
2026-02-09 20:50:00,156.32000732421875,156.3300018310547,155.8300018310547,155.875,121758
2026-02-09 20:55:00,155.875,156.3300018310547,155.82000732421875,156.22999572753906,296504
2026-02-10 14:30:00,156.61000061035156,157.0,155.8300018310547,156.85130310058594,78799
2026-02-10 14:35:00,156.69000244140625,157.0399932861328,156.3800048828125,156.7899932861328,51622
2026-02-10 14:40:00,156.7899932861328,157.16000366210938,156.44000244140625,156.5500030517578,53662
2026-02-10 14:45:00,156.5,156.50999450683594,156.0850067138672,156.5,110564
2026-02-10 14:50:00,156.39999389648438,156.39999389648438,155.99000549316406,156.1999969482422,36808
2026-02-10 14:55:00,156.10000610351562,156.32119750976562,156.10000610351562,156.19000244140625,26095
2026-02-10 15:00:00,156.1699981689453,156.27000427246094,156.0,156.0749969482422,23252
2026-02-10 15:05:00,156.0749969482422,156.09500122070312,155.5,155.73500061035156,46985
2026-02-10 15:10:00,155.73500061035156,155.73500061035156,155.25,155.49000549316406,42606
2026-02-10 15:15:00,155.4499969482422,155.6199951171875,155.3000030517578,155.6199951171875,55435
2026-02-10 15:20:00,155.64999389648438,155.67999267578125,155.2899932861328,155.3249969482422,33347
2026-02-10 15:25:00,155.25999450683594,155.2949981689453,155.13299560546875,155.13499450683594,21324
2026-02-10 15:30:00,155.1699981689453,155.24000549316406,154.97999572753906,155.02499389648438,25780
2026-02-10 15:35:00,155.00999450683594,155.00999450683594,154.39999389648438,154.5500030517578,35031
2026-02-10 15:40:00,154.5500030517578,154.8000030517578,154.47999572753906,154.47999572753906,28168
2026-02-10 15:45:00,154.5050048828125,154.52999877929688,154.3800048828125,154.3800048828125,32390
2026-02-10 15:50:00,154.38999938964844,154.42999267578125,154.1199951171875,154.42999267578125,22926
2026-02-10 15:55:00,154.4550018310547,154.49000549316406,154.1699981689453,154.4250030517578,28786
2026-02-10 16:00:00,154.4199981689453,154.57000732421875,154.27999877929688,154.52999877929688,29144
2026-02-10 16:05:00,154.52999877929688,154.66000366210938,154.33999633789062,154.41000366210938,35054
2026-02-10 16:10:00,154.4600067138672,154.4600067138672,153.9199981689453,153.93499755859375,43218
2026-02-10 16:15:00,153.93499755859375,154.08200073242188,153.8300018310547,153.89500427246094,41885
2026-02-10 16:20:00,153.8800048828125,153.96499633789062,153.74000549316406,153.77000427246094,26977
2026-02-10 16:25:00,153.74000549316406,154.24989318847656,153.74000549316406,154.11500549316406,58087
2026-02-10 16:30:00,154.1199951171875,154.13499450683594,153.80999755859375,153.8350067138672,20538
2026-02-10 16:35:00,153.86000061035156,153.89500427246094,153.63999938964844,153.72999572753906,21511
2026-02-10 16:40:00,153.7100067138672,153.8300018310547,153.61000061035156,153.75999450683594,30813
2026-02-10 16:45:00,153.7899932861328,153.80999755859375,153.67999267578125,153.7100067138672,20471
2026-02-10 16:50:00,153.69000244140625,153.6999969482422,153.5500030517578,153.60000610351562,33046
2026-02-10 16:55:00,153.58999633789062,153.64999389648438,153.46499633789062,153.46499633789062,22793
2026-02-10 17:00:00,153.42999267578125,153.42999267578125,153.1300048828125,153.14999389648438,44579
2026-02-10 17:05:00,153.1699981689453,153.25,153.05999755859375,153.17999267578125,46425
2026-02-10 17:10:00,153.22999572753906,153.47999572753906,153.1999969482422,153.47999572753906,51084
2026-02-10 17:15:00,153.47000122070312,153.6199951171875,153.43499755859375,153.55999755859375,40336
2026-02-10 17:20:00,153.53500366210938,153.5399932861328,153.28500366210938,153.44500732421875,55166
2026-02-10 17:25:00,153.44500732421875,153.63999938964844,153.44500732421875,153.4600067138672,34580
2026-02-10 17:30:00,153.44000244140625,153.5,153.30499267578125,153.3800048828125,60957
2026-02-10 17:35:00,153.40570068359375,153.63499450683594,153.34500122070312,153.63499450683594,28922
2026-02-10 17:40:00,153.6324005126953,154.02000427246094,153.6324005126953,154.0,16723
2026-02-10 17:45:00,154.00999450683594,154.06500244140625,153.9250030517578,154.05999755859375,46714
2026-02-10 17:50:00,154.07000732421875,154.13999938964844,153.9499969482422,153.9499969482422,16862
2026-02-10 17:55:00,153.9499969482422,153.97000122070312,153.75,153.77999877929688,19683
2026-02-10 18:00:00,153.75430297851562,153.8000030517578,153.71800231933594,153.71800231933594,17659
2026-02-10 18:05:00,153.73500061035156,153.77999877929688,153.69000244140625,153.72999572753906,15002
2026-02-10 18:10:00,153.75999450683594,153.89999389648438,153.75999450683594,153.77999877929688,20338
2026-02-10 18:15:00,153.8000030517578,153.8000030517578,153.66000366210938,153.69000244140625,21784
2026-02-10 18:20:00,153.7100067138672,153.86000061035156,153.7100067138672,153.8000030517578,27556
2026-02-10 18:25:00,153.8199005126953,153.94000244140625,153.77999877929688,153.9199981689453,27436
2026-02-10 18:30:00,153.89999389648438,153.97000122070312,153.8249969482422,153.91000366210938,21828
2026-02-10 18:35:00,153.91000366210938,154.0,153.91000366210938,154.0,17812
2026-02-10 18:40:00,153.9600067138672,153.97000122070312,153.8000030517578,153.86000061035156,18328
2026-02-10 18:45:00,153.86000061035156,153.889892578125,153.64999389648438,153.64999389648438,20577
2026-02-10 18:50:00,153.63499450683594,153.72999572753906,153.61000061035156,153.72999572753906,23553
2026-02-10 18:55:00,153.72999572753906,153.83999633789062,153.69500732421875,153.7100067138672,25402
2026-02-10 19:00:00,153.706298828125,153.706298828125,153.61000061035156,153.625,27026
2026-02-10 19:05:00,153.6300048828125,153.75,153.57000732421875,153.72000122070312,30909
2026-02-10 19:10:00,153.72999572753906,153.78500366210938,153.70010375976562,153.75999450683594,21010
2026-02-10 19:15:00,153.75,153.8300018310547,153.73500061035156,153.82080078125,27743
2026-02-10 19:20:00,153.84500122070312,153.88999938964844,153.8000030517578,153.8699951171875,17689
2026-02-10 19:25:00,153.8699951171875,153.97999572753906,153.8699951171875,153.97999572753906,16676
2026-02-10 19:30:00,153.99000549316406,154.00999450683594,153.86000061035156,153.88999938964844,25941
2026-02-10 19:35:00,153.9199981689453,153.97000122070312,153.91000366210938,153.92999267578125,15237
2026-02-10 19:40:00,153.94000244140625,153.9600067138672,153.80999755859375,153.9199981689453,32487
2026-02-10 19:45:00,153.91690063476562,154.00999450683594,153.89500427246094,154.00999450683594,35637
2026-02-10 19:50:00,154.00999450683594,154.07000732421875,153.9600067138672,153.97999572753906,31564
2026-02-10 19:55:00,153.99000549316406,154.0,153.6999969482422,153.6999969482422,35807
2026-02-10 20:00:00,153.72000122070312,153.78500366210938,153.63999938964844,153.65499877929688,40240
2026-02-10 20:05:00,153.66000366210938,153.7272186279297,153.60000610351562,153.6300048828125,37253
2026-02-10 20:10:00,153.6300048828125,153.8699951171875,153.58999633789062,153.8000030517578,52569
2026-02-10 20:15:00,153.77999877929688,153.8699951171875,153.76499938964844,153.83999633789062,49810
2026-02-10 20:20:00,153.84100341796875,153.875,153.6999969482422,153.7449951171875,53764
2026-02-10 20:25:00,153.72999572753906,153.83999633789062,153.66000366210938,153.6649932861328,45996
2026-02-10 20:30:00,153.67999267578125,153.7100067138672,153.47999572753906,153.5749969482422,66680
2026-02-10 20:35:00,153.5749969482422,153.59500122070312,153.45970153808594,153.52000427246094,44018
2026-02-10 20:40:00,153.52000427246094,153.55999755859375,153.44000244140625,153.47000122070312,53168
2026-02-10 20:45:00,153.47000122070312,153.5500030517578,153.44000244140625,153.4600067138672,102294
2026-02-10 20:50:00,153.4499969482422,153.4499969482422,153.13999938964844,153.22000122070312,127292
2026-02-10 20:55:00,153.22000122070312,153.36000061035156,153.13999938964844,153.24000549316406,317887
2026-02-11 14:30:00,153.17999267578125,154.25999450683594,152.85000610351562,153.8800048828125,88305
2026-02-11 14:35:00,153.67999267578125,154.14999389648438,153.33999633789062,153.9499969482422,35061
2026-02-11 14:40:00,153.92010498046875,154.05999755859375,153.30999755859375,153.30999755859375,53696
2026-02-11 14:45:00,153.22999572753906,153.2899932861328,152.82000732421875,153.13999938964844,46383
2026-02-11 14:50:00,153.02999877929688,153.47500610351562,152.8000030517578,153.3699951171875,46109
2026-02-11 14:55:00,153.30999755859375,153.99000549316406,153.30999755859375,153.9199981689453,44446
2026-02-11 15:00:00,153.88999938964844,153.94000244140625,153.6300048828125,153.76499938964844,49091
2026-02-11 15:05:00,153.76499938964844,153.85000610351562,153.6199951171875,153.6199951171875,26333
2026-02-11 15:10:00,153.6199951171875,153.9250030517578,153.52999877929688,153.7949981689453,41419
2026-02-11 15:15:00,153.74000549316406,153.8300018310547,153.4499969482422,153.51499938964844,42366
2026-02-11 15:20:00,153.5500030517578,153.72000122070312,153.4499969482422,153.52000427246094,38537
2026-02-11 15:25:00,153.5500030517578,153.97999572753906,153.5399932861328,153.72999572753906,56667
2026-02-11 15:30:00,153.72500610351562,153.72500610351562,153.39999389648438,153.5050048828125,39829
2026-02-11 15:35:00,153.49749755859375,153.5050048828125,153.1699981689453,153.24000549316406,41328
2026-02-11 15:40:00,153.22230529785156,153.50999450683594,153.1999969482422,153.44500732421875,33370
2026-02-11 15:45:00,153.44500732421875,153.55499267578125,153.39500427246094,153.47999572753906,29043
2026-02-11 15:50:00,153.47999572753906,153.5800018310547,153.1300048828125,153.1300048828125,33388
2026-02-11 15:55:00,153.16000366210938,153.21499633789062,153.03500366210938,153.1699981689453,41552
2026-02-11 16:00:00,153.2624053955078,153.4199981689453,153.2100067138672,153.27000427246094,30226
2026-02-11 16:05:00,153.27000427246094,153.49000549316406,153.24249267578125,153.24249267578125,35091
2026-02-11 16:10:00,153.22999572753906,153.30999755859375,152.86000061035156,152.86000061035156,45819
2026-02-11 16:15:00,152.83999633789062,153.07989501953125,152.63999938964844,152.63999938964844,57641
2026-02-11 16:20:00,152.68499755859375,152.86000061035156,152.6300048828125,152.77999877929688,37736
2026-02-11 16:25:00,152.75999450683594,152.81500244140625,152.44000244140625,152.5,42719
2026-02-11 16:30:00,152.49000549316406,152.75999450683594,152.4600067138672,152.7449951171875,64242
2026-02-11 16:35:00,152.75,152.80999755859375,152.5500030517578,152.72000122070312,64687
2026-02-11 16:40:00,152.7100067138672,152.9499969482422,152.6999969482422,152.80999755859375,46508
2026-02-11 16:45:00,152.75999450683594,152.81500244140625,152.6199951171875,152.68499755859375,21207
2026-02-11 16:50:00,152.67999267578125,152.75999450683594,152.5449981689453,152.57000732421875,25178
2026-02-11 16:55:00,152.59500122070312,152.60000610351562,152.41000366210938,152.427001953125,21572
2026-02-11 17:00:00,152.43499755859375,152.4600067138672,152.1699981689453,152.25999450683594,59169
2026-02-11 17:05:00,152.27499389648438,152.38760375976562,152.16000366210938,152.16000366210938,43576
2026-02-11 17:10:00,152.1699981689453,152.1699981689453,151.88999938964844,152.0,30688
2026-02-11 17:15:00,152.0,152.0,151.5850067138672,151.5850067138672,36168
2026-02-11 17:20:00,151.61500549316406,151.7100067138672,151.5,151.5,39868
2026-02-11 17:25:00,151.52000427246094,151.5800018310547,151.33999633789062,151.36000061035156,36794
2026-02-11 17:30:00,151.36000061035156,151.36000061035156,151.07000732421875,151.2299041748047,61174
2026-02-11 17:35:00,151.13999938964844,151.24000549316406,151.02000427246094,151.0399932861328,40505
2026-02-11 17:40:00,151.10000610351562,151.11000061035156,150.99000549316406,151.0,31087
2026-02-11 17:45:00,150.97999572753906,151.25900268554688,150.97000122070312,151.22999572753906,35921
2026-02-11 17:50:00,151.22999572753906,151.22999572753906,151.08999633789062,151.09500122070312,27294
2026-02-11 17:55:00,151.09500122070312,151.106201171875,150.9949951171875,151.0500030517578,42581
2026-02-11 18:00:00,151.0449981689453,151.14999389648438,151.0,151.0449981689453,41038
2026-02-11 18:05:00,151.03500366210938,151.14999389648438,150.94000244140625,151.14999389648438,27180
2026-02-11 18:10:00,151.125,151.21499633789062,151.07000732421875,151.21499633789062,29549
2026-02-11 18:15:00,151.1699981689453,151.17999267578125,151.02000427246094,151.02000427246094,26812
2026-02-11 18:20:00,151.0399932861328,151.07000732421875,150.88009643554688,150.88009643554688,36779
2026-02-11 18:25:00,150.89999389648438,151.0449981689453,150.875,150.89999389648438,21832
2026-02-11 18:30:00,150.9199981689453,150.94000244140625,150.52000427246094,150.58999633789062,47789
2026-02-11 18:35:00,150.61000061035156,150.67799377441406,150.5,150.5050048828125,35319
2026-02-11 18:40:00,150.5050048828125,150.6999969482422,150.47999572753906,150.6300048828125,38426
2026-02-11 18:45:00,150.6300048828125,150.76910400390625,150.60000610351562,150.74940490722656,40200
2026-02-11 18:50:00,150.77999877929688,150.8000030517578,150.61000061035156,150.625,35817
2026-02-11 18:55:00,150.61000061035156,150.7449951171875,150.30999755859375,150.3300018310547,46079
2026-02-11 19:00:00,150.30999755859375,150.4949951171875,150.26499938964844,150.49000549316406,34340
2026-02-11 19:05:00,150.49000549316406,150.63999938964844,150.47999572753906,150.57749938964844,37731
2026-02-11 19:10:00,150.61000061035156,150.64990234375,150.47000122070312,150.5050048828125,41407
2026-02-11 19:15:00,150.50999450683594,150.7593994140625,150.50999450683594,150.66000366210938,31397
2026-02-11 19:20:00,150.66000366210938,150.7449951171875,150.52499389648438,150.6699981689453,30228
2026-02-11 19:25:00,150.6569061279297,150.72000122070312,150.58999633789062,150.60499572753906,23338
2026-02-11 19:30:00,150.60499572753906,150.67999267578125,150.50999450683594,150.67999267578125,41582
2026-02-11 19:35:00,150.6649932861328,150.77999877929688,150.55690002441406,150.60000610351562,37950
2026-02-11 19:40:00,150.6199951171875,150.78990173339844,150.61000061035156,150.6999969482422,34037
2026-02-11 19:45:00,150.6750030517578,150.97999572753906,150.58999633789062,150.80990600585938,101882
2026-02-11 19:50:00,150.77999877929688,150.8300018310547,150.7100067138672,150.73500061035156,30580
2026-02-11 19:55:00,150.72000122070312,150.8699951171875,150.69000244140625,150.7949981689453,47172
2026-02-11 20:00:00,150.80999755859375,150.82000732421875,150.61500549316406,150.6699981689453,64997
2026-02-11 20:05:00,150.67999267578125,150.7301025390625,150.5500030517578,150.7100067138672,39299
2026-02-11 20:10:00,150.7050018310547,150.79429626464844,150.52999877929688,150.72500610351562,43297
2026-02-11 20:15:00,150.73500061035156,150.8800048828125,150.67999267578125,150.8800048828125,41597
2026-02-11 20:20:00,150.8800048828125,150.89999389648438,150.72000122070312,150.72999572753906,44253
2026-02-11 20:25:00,150.72500610351562,150.75999450683594,150.67999267578125,150.75999450683594,53185
2026-02-11 20:30:00,150.73500061035156,150.73500061035156,150.49000549316406,150.58999633789062,85125
2026-02-11 20:35:00,150.58999633789062,150.91000366210938,150.58999633789062,150.88999938964844,63814
2026-02-11 20:40:00,150.88499450683594,150.9499969482422,150.7100067138672,150.80999755859375,112305
2026-02-11 20:45:00,150.80999755859375,150.99000549316406,150.68499755859375,150.94500732421875,85507
2026-02-11 20:50:00,150.9199981689453,150.9199981689453,150.2899932861328,150.3000030517578,199202
2026-02-11 20:55:00,150.27999877929688,150.8300018310547,150.27999877929688,150.69000244140625,391225
2026-02-12 14:30:00,153.10499572753906,153.5399932861328,151.97999572753906,153.43499755859375,257744
2026-02-12 14:35:00,153.30999755859375,153.61500549316406,152.51499938964844,153.49000549316406,100692
2026-02-12 14:40:00,153.4429931640625,153.59500122070312,153.1300048828125,153.41000366210938,57113
2026-02-12 14:45:00,153.43499755859375,153.6999969482422,153.36000061035156,153.625,62679
2026-02-12 14:50:00,153.61000061035156,153.66000366210938,153.07000732421875,153.16000366210938,33240
2026-02-12 14:55:00,153.22000122070312,153.6699981689453,153.22000122070312,153.6699981689453,38975
2026-02-12 15:00:00,153.6699981689453,154.00999450683594,153.5399932861328,153.92999267578125,82360
2026-02-12 15:05:00,153.89999389648438,154.09500122070312,153.63999938964844,153.96060180664062,49290
2026-02-12 15:10:00,153.9600067138672,154.1199951171875,153.82000732421875,154.1199951171875,79382
2026-02-12 15:15:00,154.1300048828125,154.27000427246094,153.94000244140625,154.24000549316406,69528
2026-02-12 15:20:00,154.27999877929688,154.47999572753906,154.26499938964844,154.3699951171875,57352
2026-02-12 15:25:00,154.3699951171875,154.61500549316406,154.3699951171875,154.55999755859375,63702
2026-02-12 15:30:00,154.5,154.7100067138672,154.3800048828125,154.7050018310547,66305
2026-02-12 15:35:00,154.72500610351562,154.86000061035156,154.6300048828125,154.8300018310547,71737
2026-02-12 15:40:00,154.8300018310547,154.9550018310547,154.77999877929688,154.89999389648438,57029
2026-02-12 15:45:00,154.89500427246094,155.0399932861328,154.7899932861328,154.85000610351562,59751
2026-02-12 15:50:00,154.85000610351562,155.4600067138672,154.82000732421875,155.24000549316406,92136
2026-02-12 15:55:00,155.19000244140625,155.32989501953125,155.02999877929688,155.27999877929688,73185
2026-02-12 16:00:00,155.31500244140625,155.41000366210938,155.05999755859375,155.1199951171875,119257
2026-02-12 16:05:00,155.16000366210938,155.30999755859375,154.86500549316406,154.97000122070312,119752
2026-02-12 16:10:00,154.97999572753906,155.2050018310547,154.94500732421875,155.0749969482422,53493
2026-02-12 16:15:00,155.0800018310547,155.21499633789062,154.9600067138672,155.1199951171875,51276
2026-02-12 16:20:00,155.1699981689453,155.5500030517578,155.14999389648438,155.28500366210938,56868
2026-02-12 16:25:00,155.28500366210938,155.51499938964844,155.19000244140625,155.44500732421875,76583
2026-02-12 16:30:00,155.47999572753906,155.58999633789062,155.39999389648438,155.58999633789062,67570
2026-02-12 16:35:00,155.55999755859375,155.58999633789062,155.33999633789062,155.5449981689453,95776
2026-02-12 16:40:00,155.5449981689453,155.5449981689453,155.1999969482422,155.2899932861328,104749
2026-02-12 16:45:00,155.28500366210938,155.30999755859375,154.8800048828125,154.9250030517578,31707
2026-02-12 16:50:00,154.88929748535156,155.05999755859375,154.8000030517578,154.88999938964844,52758
2026-02-12 16:55:00,154.875,155.125,154.875,154.96499633789062,35206
2026-02-12 17:00:00,154.89999389648438,155.1199951171875,154.8300018310547,155.1199951171875,40164
2026-02-12 17:05:00,155.125,155.2899932861328,154.99000549316406,155.08999633789062,52198
2026-02-12 17:10:00,155.11000061035156,155.3000030517578,154.97000122070312,155.19500732421875,55758
2026-02-12 17:15:00,155.19500732421875,155.3699951171875,155.0749969482422,155.34500122070312,53223
2026-02-12 17:20:00,155.35499572753906,155.5,155.3000030517578,155.3000030517578,38127
2026-02-12 17:25:00,155.1999969482422,155.24000549316406,154.88999938964844,154.91000366210938,60981
2026-02-12 17:30:00,154.83999633789062,154.9949951171875,154.75999450683594,154.82000732421875,37902
2026-02-12 17:35:00,154.83999633789062,155.05960083007812,154.73500061035156,154.7949981689453,36480
2026-02-12 17:40:00,154.75,154.82000732421875,154.64999389648438,154.67999267578125,20682
2026-02-12 17:45:00,154.7100067138672,154.72500610351562,154.44000244140625,154.5,19732
2026-02-12 17:50:00,154.49000549316406,154.77999877929688,154.44000244140625,154.69000244140625,28016
2026-02-12 17:55:00,154.69000244140625,154.6999969482422,154.52999877929688,154.52999877929688,31639
2026-02-12 18:00:00,154.52999877929688,154.7100067138672,154.38999938964844,154.59500122070312,25633
2026-02-12 18:05:00,154.61500549316406,154.6999969482422,154.52000427246094,154.61500549316406,24983
2026-02-12 18:10:00,154.66000366210938,154.7899932861328,154.58999633789062,154.7100067138672,30683
2026-02-12 18:15:00,154.67999267578125,154.8800048828125,154.625,154.8249969482422,17751
2026-02-12 18:20:00,154.8800048828125,154.8800048828125,154.67999267578125,154.69500732421875,24319
2026-02-12 18:25:00,154.69500732421875,154.77000427246094,154.3800048828125,154.5500030517578,83716
2026-02-12 18:30:00,154.55999755859375,154.80999755859375,154.4600067138672,154.80999755859375,23827
2026-02-12 18:35:00,154.80999755859375,154.83999633789062,154.6649932861328,154.7100067138672,26725
2026-02-12 18:40:00,154.7100067138672,154.86000061035156,154.64999389648438,154.75,27929
2026-02-12 18:45:00,154.75,154.83999633789062,154.5800018310547,154.58999633789062,22437
2026-02-12 18:50:00,154.5850067138672,154.6649932861328,154.42010498046875,154.5,21772
2026-02-12 18:55:00,154.4969940185547,154.69000244140625,154.3699951171875,154.6699981689453,39471
2026-02-12 19:00:00,154.6649932861328,154.72999572753906,154.52999877929688,154.52999877929688,29506
2026-02-12 19:05:00,154.50999450683594,154.52999877929688,154.36500549316406,154.4199981689453,24877
2026-02-12 19:10:00,154.4250030517578,154.50999450683594,154.08999633789062,154.33999633789062,55382
2026-02-12 19:15:00,154.33999633789062,154.5050048828125,154.3300018310547,154.5050048828125,30998
2026-02-12 19:20:00,154.5399932861328,154.5399932861328,154.3300018310547,154.43499755859375,21737
2026-02-12 19:25:00,154.39999389648438,154.49000549316406,154.36000061035156,154.47999572753906,25073
2026-02-12 19:30:00,154.4949951171875,154.72999572753906,154.4949951171875,154.72999572753906,28297
2026-02-12 19:35:00,154.77000427246094,154.8300018310547,154.6699981689453,154.77999877929688,22837
2026-02-12 19:40:00,154.78500366210938,154.8300018310547,154.63999938964844,154.7050018310547,35008
2026-02-12 19:45:00,154.72000122070312,154.90499877929688,154.7100067138672,154.85499572753906,25615
2026-02-12 19:50:00,154.8800048828125,155.05999755859375,154.8800048828125,155.04989624023438,41597
2026-02-12 19:55:00,155.0500030517578,155.32000732421875,155.02999877929688,155.27000427246094,44515
2026-02-12 20:00:00,155.30999755859375,155.3699951171875,155.1999969482422,155.2949981689453,38591
2026-02-12 20:05:00,155.2949981689453,155.35000610351562,155.1699981689453,155.27000427246094,43946
2026-02-12 20:10:00,155.27000427246094,155.31500244140625,155.1699981689453,155.1750030517578,35307
2026-02-12 20:15:00,155.17999267578125,155.27499389648438,155.05999755859375,155.11500549316406,36429
2026-02-12 20:20:00,155.1199951171875,155.17999267578125,154.9550018310547,155.09500122070312,45667
2026-02-12 20:25:00,155.09500122070312,155.09500122070312,154.75,154.80499267578125,47051
2026-02-12 20:30:00,154.77499389648438,154.8800048828125,154.50999450683594,154.51499938964844,63961
2026-02-12 20:35:00,154.52999877929688,154.52999877929688,154.3249969482422,154.33999633789062,50348
2026-02-12 20:40:00,154.33999633789062,154.4149932861328,154.3000030517578,154.33999633789062,53581
2026-02-12 20:45:00,154.3350067138672,154.3699951171875,154.18499755859375,154.35000610351562,88076
2026-02-12 20:50:00,154.3300018310547,154.49000549316406,154.11000061035156,154.11000061035156,183798
2026-02-12 20:55:00,154.11000061035156,154.22999572753906,153.9199981689453,154.1699981689453,358259
2026-02-13 14:30:00,153.9199981689453,154.50999450683594,153.0,153.4499969482422,110156
2026-02-13 14:35:00,153.7100067138672,154.3715057373047,153.10000610351562,154.13999938964844,18239
2026-02-13 14:40:00,154.1363067626953,154.19000244140625,153.27000427246094,153.27999877929688,19880
2026-02-13 14:45:00,153.50999450683594,153.52000427246094,152.6699981689453,152.72999572753906,34332
2026-02-13 14:50:00,152.73500061035156,153.27000427246094,152.73500061035156,153.13999938964844,60783
2026-02-13 14:55:00,153.13999938964844,153.24000549316406,152.8800048828125,152.9600067138672,34038
2026-02-13 15:00:00,153.02999877929688,153.17999267578125,152.96499633789062,153.125,42707
2026-02-13 15:05:00,153.22000122070312,153.64999389648438,153.10000610351562,153.58999633789062,34775
2026-02-13 15:10:00,153.61000061035156,153.6300048828125,153.1925048828125,153.3249969482422,97550
2026-02-13 15:15:00,153.35000610351562,154.02499389648438,153.27960205078125,154.02499389648438,51216
2026-02-13 15:20:00,154.02499389648438,154.3000030517578,153.8800048828125,153.9600067138672,101607
2026-02-13 15:25:00,153.88999938964844,154.1999969482422,153.85499572753906,154.09500122070312,52996
2026-02-13 15:30:00,154.09500122070312,154.33999633789062,153.89999389648438,154.33999633789062,61031
2026-02-13 15:35:00,154.33999633789062,154.6999969482422,154.25,154.51499938964844,34928
2026-02-13 15:40:00,154.44000244140625,154.83999633789062,154.44000244140625,154.59500122070312,39751
2026-02-13 15:45:00,154.52499389648438,155.0399932861328,154.47999572753906,155.0399932861328,29968
2026-02-13 15:50:00,155.02999877929688,155.08999633789062,154.81500244140625,154.8249969482422,19935
2026-02-13 15:55:00,154.8249969482422,154.99000549316406,154.75,154.97500610351562,22208
2026-02-13 16:00:00,155.0399932861328,155.14999389648438,155.02999877929688,155.1300048828125,19215
2026-02-13 16:05:00,155.0850067138672,155.30499267578125,155.0850067138672,155.19000244140625,35059
2026-02-13 16:10:00,155.1699981689453,155.3300018310547,155.14999389648438,155.1750030517578,15181
2026-02-13 16:15:00,155.17999267578125,155.39999389648438,155.1501007080078,155.3300018310547,26023
2026-02-13 16:20:00,155.3350067138672,155.44500732421875,155.3144073486328,155.3300018310547,16370
2026-02-13 16:25:00,155.3350067138672,155.61000061035156,155.3350067138672,155.5500030517578,18813
2026-02-13 16:30:00,155.6199951171875,155.6999969482422,155.52000427246094,155.61500549316406,14551
2026-02-13 16:35:00,155.67999267578125,155.67999267578125,155.4219970703125,155.43499755859375,18348
2026-02-13 16:40:00,155.42999267578125,155.42999267578125,155.21499633789062,155.21499633789062,16822
2026-02-13 16:45:00,155.27999877929688,155.4669952392578,155.2050018310547,155.36000061035156,23888
2026-02-13 16:50:00,155.36000061035156,155.42999267578125,155.31500244140625,155.40499877929688,15804
2026-02-13 16:55:00,155.40499877929688,155.47500610351562,155.3000030517578,155.3800048828125,30517
2026-02-13 17:00:00,155.3699951171875,155.57000732421875,155.30999755859375,155.50999450683594,17771
2026-02-13 17:05:00,155.52499389648438,155.55960083007812,155.3300018310547,155.38999938964844,33657
2026-02-13 17:10:00,155.38999938964844,155.41830444335938,155.32000732421875,155.40499877929688,23369
2026-02-13 17:15:00,155.42999267578125,155.47999572753906,155.38999938964844,155.39999389648438,15729
2026-02-13 17:20:00,155.3699951171875,155.5500030517578,155.3699951171875,155.4949951171875,18906
2026-02-13 17:25:00,155.4600067138672,155.4949951171875,155.32000732421875,155.3699951171875,41303
2026-02-13 17:30:00,155.39999389648438,155.5800018310547,155.34010314941406,155.55250549316406,16536
2026-02-13 17:35:00,155.55499267578125,155.64500427246094,155.50999450683594,155.52999877929688,26887
2026-02-13 17:40:00,155.54989624023438,155.5850067138672,155.4600067138672,155.5,15418
2026-02-13 17:45:00,155.5,155.5500030517578,155.46499633789062,155.5,23817
2026-02-13 17:50:00,155.49000549316406,155.49000549316406,155.39999389648438,155.4550018310547,19158
2026-02-13 17:55:00,155.4550018310547,155.63650512695312,155.39999389648438,155.60000610351562,26258
2026-02-13 18:00:00,155.5800018310547,155.67999267578125,155.37159729003906,155.5,31581
2026-02-13 18:05:00,155.5,155.63499450683594,155.5,155.50999450683594,13980
2026-02-13 18:10:00,155.5500030517578,155.5800018310547,155.5,155.5800018310547,12519
2026-02-13 18:15:00,155.5800018310547,155.68499755859375,155.5500030517578,155.60499572753906,13017
2026-02-13 18:20:00,155.61000061035156,155.64990234375,155.5800018310547,155.61500549316406,13145
2026-02-13 18:25:00,155.5800018310547,155.80999755859375,155.4600067138672,155.72999572753906,32662
2026-02-13 18:30:00,155.72999572753906,155.81979370117188,155.52999877929688,155.55999755859375,25534
2026-02-13 18:35:00,155.55999755859375,155.58999633789062,155.5,155.55999755859375,10624
2026-02-13 18:40:00,155.52499389648438,155.52499389648438,155.31500244140625,155.42999267578125,21287
2026-02-13 18:45:00,155.42999267578125,155.43499755859375,155.27999877929688,155.34500122070312,13332
2026-02-13 18:50:00,155.32000732421875,155.42999267578125,155.2899932861328,155.38499450683594,12694
2026-02-13 18:55:00,155.38499450683594,155.44000244140625,155.05999755859375,155.3000030517578,51341
2026-02-13 19:00:00,155.19500732421875,155.4250030517578,155.0800018310547,155.4250030517578,27298
2026-02-13 19:05:00,155.35499572753906,155.42999267578125,155.3300018310547,155.3300018310547,18099
2026-02-13 19:10:00,155.3300018310547,155.40989685058594,155.22500610351562,155.2550048828125,22621
2026-02-13 19:15:00,155.2550048828125,155.2899932861328,155.22000122070312,155.25999450683594,15761
2026-02-13 19:20:00,155.25999450683594,155.2799072265625,155.1699981689453,155.19000244140625,15266
2026-02-13 19:25:00,155.2100067138672,155.2100067138672,155.02999877929688,155.125,24452
2026-02-13 19:30:00,155.1300048828125,155.2100067138672,155.02999877929688,155.0679931640625,20580
2026-02-13 19:35:00,155.0500030517578,155.08999633789062,154.92999267578125,155.00999450683594,22465
2026-02-13 19:40:00,155.0,155.04249572753906,154.82000732421875,154.8249969482422,19535
2026-02-13 19:45:00,154.85000610351562,154.85000610351562,154.7100067138672,154.74000549316406,17346
2026-02-13 19:50:00,154.74000549316406,154.8000030517578,154.6199951171875,154.66000366210938,28132
2026-02-13 19:55:00,154.6699981689453,154.78500366210938,154.5800018310547,154.5800018310547,33229
2026-02-13 20:00:00,154.64999389648438,154.7899932861328,154.6011962890625,154.7344970703125,41049
2026-02-13 20:05:00,154.78480529785156,154.84500122070312,154.74000549316406,154.77999877929688,21805
2026-02-13 20:10:00,154.77000427246094,154.8699951171875,154.66000366210938,154.7100067138672,44379
2026-02-13 20:15:00,154.74000549316406,154.7899932861328,154.60000610351562,154.7100067138672,50607
2026-02-13 20:20:00,154.6699981689453,154.69000244140625,154.36000061035156,154.36000061035156,38490
2026-02-13 20:25:00,154.38999938964844,154.38999938964844,154.10000610351562,154.17999267578125,34962
2026-02-13 20:30:00,154.18499755859375,154.22000122070312,153.88999938964844,153.9199981689453,52103
2026-02-13 20:35:00,153.93499755859375,153.99000549316406,153.85000610351562,153.9199981689453,45206
2026-02-13 20:40:00,153.91000366210938,153.9875030517578,153.77999877929688,153.97500610351562,49652
2026-02-13 20:45:00,153.9600067138672,154.14999389648438,153.92999267578125,154.14999389648438,76406
2026-02-13 20:50:00,154.1199951171875,154.27999877929688,154.07000732421875,154.2550048828125,110311
2026-02-13 20:55:00,154.24000549316406,154.52999877929688,154.22000122070312,154.4199981689453,348555
2026-02-17 14:30:00,155.36000061035156,155.67999267578125,154.32000732421875,154.84500122070312,621034
2026-02-17 14:35:00,154.89999389648438,155.08999633789062,154.61000061035156,155.02650451660156,56822
2026-02-17 14:40:00,155.00270080566406,155.14999389648438,154.63999938964844,155.1300048828125,43795
2026-02-17 14:45:00,155.00999450683594,155.44000244140625,154.9199981689453,154.98500061035156,103251
2026-02-17 14:50:00,154.85000610351562,155.16000366210938,154.6699981689453,154.67999267578125,100890
2026-02-17 14:55:00,154.7550048828125,154.7550048828125,154.32000732421875,154.55999755859375,31893
2026-02-17 15:00:00,154.47500610351562,154.57000732421875,154.1300048828125,154.33999633789062,38800
2026-02-17 15:05:00,154.36000061035156,154.54989624023438,154.18499755859375,154.19000244140625,42919
2026-02-17 15:10:00,154.27000427246094,154.27000427246094,154.0,154.1750030517578,43029
2026-02-17 15:15:00,154.1750030517578,154.19000244140625,153.89999389648438,154.08999633789062,29128
2026-02-17 15:20:00,154.10000610351562,154.6300048828125,154.0399932861328,154.43499755859375,45573
2026-02-17 15:25:00,154.3300018310547,154.49000549316406,153.97000122070312,154.25999450683594,34939
2026-02-17 15:30:00,154.16000366210938,154.25,153.8300018310547,153.86289978027344,25145
2026-02-17 15:35:00,153.84500122070312,153.97999572753906,153.77000427246094,153.89500427246094,28952
2026-02-17 15:40:00,153.86000061035156,153.9600067138672,153.41000366210938,153.61500549316406,42843
2026-02-17 15:45:00,153.61500549316406,153.72000122070312,153.5500030517578,153.7100067138672,33822
2026-02-17 15:50:00,153.67999267578125,153.85000610351562,153.64999389648438,153.7899932861328,35440
2026-02-17 15:55:00,153.74000549316406,154.0,153.7100067138672,153.8800048828125,47499
2026-02-17 16:00:00,153.94000244140625,154.1199951171875,153.85499572753906,154.02000427246094,40023
2026-02-17 16:05:00,153.97999572753906,154.07000732421875,153.80999755859375,153.9499969482422,45699
2026-02-17 16:10:00,153.94500732421875,154.10000610351562,153.89999389648438,154.02999877929688,33221
2026-02-17 16:15:00,154.10000610351562,154.3800048828125,154.08999633789062,154.33999633789062,20749
2026-02-17 16:20:00,154.3800048828125,154.77999877929688,154.3699951171875,154.72000122070312,40574
2026-02-17 16:25:00,154.72000122070312,154.77000427246094,154.39999389648438,154.39999389648438,23995
2026-02-17 16:30:00,154.35000610351562,154.3699951171875,154.07000732421875,154.1999969482422,20119
2026-02-17 16:35:00,154.24000549316406,154.41000366210938,154.2100067138672,154.27999877929688,33884
2026-02-17 16:40:00,154.30499267578125,154.5299072265625,154.25999450683594,154.39500427246094,21314
2026-02-17 16:45:00,154.35000610351562,154.43919372558594,154.2100067138672,154.24000549316406,17974
2026-02-17 16:50:00,154.2899932861328,154.39999389648438,154.1999969482422,154.36000061035156,22669
2026-02-17 16:55:00,154.34019470214844,154.41000366210938,154.1699981689453,154.27000427246094,25475
2026-02-17 17:00:00,154.25999450683594,154.30999755859375,154.14999389648438,154.14999389648438,27227
2026-02-17 17:05:00,154.16000366210938,154.30999755859375,154.14999389648438,154.24000549316406,28678
2026-02-17 17:10:00,154.25999450683594,154.39500427246094,154.1699981689453,154.27000427246094,21404
2026-02-17 17:15:00,154.27000427246094,154.33999633789062,154.22999572753906,154.28500366210938,19025
2026-02-17 17:20:00,154.22999572753906,154.3699951171875,154.22999572753906,154.3699951171875,18225
2026-02-17 17:25:00,154.3560028076172,154.4600067138672,154.25,154.4600067138672,18579
2026-02-17 17:30:00,154.4199981689453,154.5800018310547,154.36000061035156,154.55999755859375,33363
2026-02-17 17:35:00,154.55499267578125,154.57000732421875,154.35000610351562,154.4499969482422,16807
2026-02-17 17:40:00,154.47000122070312,154.48399353027344,154.3300018310547,154.3300018310547,11953
2026-02-17 17:45:00,154.33999633789062,154.43499755859375,154.25,154.25,19288
2026-02-17 17:50:00,154.28500366210938,154.28500366210938,154.1199951171875,154.13999938964844,14144
2026-02-17 17:55:00,154.1199951171875,154.39999389648438,154.08999633789062,154.38999938964844,45977
2026-02-17 18:00:00,154.40809631347656,154.40809631347656,154.30999755859375,154.32000732421875,14413
2026-02-17 18:05:00,154.32000732421875,154.4499969482422,154.27999877929688,154.27999877929688,14188
2026-02-17 18:10:00,154.32000732421875,154.36000061035156,154.22000122070312,154.3350067138672,18567
2026-02-17 18:15:00,154.35000610351562,154.49000549316406,154.35000610351562,154.4600067138672,20255
2026-02-17 18:20:00,154.4600067138672,154.63999938964844,154.4600067138672,154.47000122070312,19728
2026-02-17 18:25:00,154.47000122070312,154.82000732421875,154.47000122070312,154.7949981689453,18025
2026-02-17 18:30:00,154.75,154.97000122070312,154.7100067138672,154.93499755859375,28616
2026-02-17 18:35:00,154.9149932861328,155.08999633789062,154.9149932861328,154.94000244140625,18132
2026-02-17 18:40:00,154.94000244140625,155.0850067138672,154.94000244140625,155.01170349121094,17012
2026-02-17 18:45:00,155.07000732421875,155.1649932861328,155.00999450683594,155.16000366210938,18917
2026-02-17 18:50:00,155.1199951171875,155.17669677734375,154.92660522460938,154.92660522460938,18559
2026-02-17 18:55:00,154.92999267578125,154.92999267578125,154.69000244140625,154.69000244140625,20022
2026-02-17 19:00:00,154.6999969482422,154.8300018310547,154.66000366210938,154.8249969482422,21909
2026-02-17 19:05:00,154.8249969482422,154.8300018310547,154.51499938964844,154.60000610351562,23311
2026-02-17 19:10:00,154.63999938964844,155.16000366210938,154.60000610351562,155.0800018310547,56481
2026-02-17 19:15:00,155.0749969482422,155.0749969482422,154.9250030517578,154.9969940185547,69044
2026-02-17 19:20:00,154.98699951171875,155.1898956298828,154.96499633789062,155.16000366210938,32540
2026-02-17 19:25:00,155.19000244140625,155.19000244140625,155.0,155.02000427246094,122332
2026-02-17 19:30:00,155.0,155.2899932861328,155.0,155.1999969482422,34077
2026-02-17 19:35:00,155.1999969482422,155.32000732421875,155.11000061035156,155.24000549316406,31276
2026-02-17 19:40:00,155.22500610351562,155.35499572753906,155.1699981689453,155.35000610351562,20511
2026-02-17 19:45:00,155.35000610351562,155.41000366210938,155.25999450683594,155.35000610351562,23291
2026-02-17 19:50:00,155.3699951171875,155.3699951171875,155.21499633789062,155.3350067138672,25049
2026-02-17 19:55:00,155.30999755859375,155.36000061035156,155.19000244140625,155.27000427246094,31882
2026-02-17 20:00:00,155.26499938964844,155.39999389648438,155.20359802246094,155.39999389648438,19815
2026-02-17 20:05:00,155.3800048828125,155.4550018310547,155.34039306640625,155.4550018310547,36133
2026-02-17 20:10:00,155.4550018310547,155.73500061035156,155.38999938964844,155.67999267578125,56347
2026-02-17 20:15:00,155.69000244140625,156.00999450683594,155.6750030517578,155.96499633789062,61896
2026-02-17 20:20:00,155.96499633789062,156.09500122070312,155.8800048828125,155.8800048828125,60710
2026-02-17 20:25:00,155.86300659179688,156.1199951171875,155.85000610351562,156.11000061035156,66337
2026-02-17 20:30:00,156.0800018310547,156.08999633789062,155.9499969482422,156.02000427246094,82109
2026-02-17 20:35:00,156.0,156.14500427246094,155.94000244140625,156.09500122070312,76990
2026-02-17 20:40:00,156.08999633789062,156.1699981689453,155.99000549316406,156.125,231303
2026-02-17 20:45:00,156.13999938964844,156.36000061035156,156.12750244140625,156.35499572753906,79102
2026-02-17 20:50:00,156.3699951171875,156.60000610351562,156.33999633789062,156.50999450683594,138680
2026-02-17 20:55:00,156.50999450683594,156.99000549316406,156.50999450683594,156.97000122070312,411915
2026-02-18 14:30:00,156.33999633789062,157.1300048828125,156.10000610351562,156.7949981689453,101106
2026-02-18 14:35:00,156.72000122070312,156.82000732421875,156.3300018310547,156.61000061035156,37491
2026-02-18 14:40:00,156.69500732421875,157.0,156.5399932861328,156.85000610351562,28501
2026-02-18 14:45:00,156.85000610351562,156.9199981689453,156.10000610351562,156.21670532226562,20557
2026-02-18 14:50:00,156.27999877929688,156.41000366210938,155.9600067138672,156.1649932861328,53155
2026-02-18 14:55:00,156.1750030517578,156.3699951171875,156.00999450683594,156.27000427246094,23676
2026-02-18 15:00:00,156.2100067138672,156.49000549316406,156.1699981689453,156.49000549316406,25774
2026-02-18 15:05:00,156.4600067138672,156.57989501953125,156.35000610351562,156.57989501953125,17309
2026-02-18 15:10:00,156.5449981689453,156.73500061035156,156.4499969482422,156.60899353027344,22654
2026-02-18 15:15:00,156.60800170898438,156.72999572753906,156.33999633789062,156.35000610351562,34274
2026-02-18 15:20:00,156.3300018310547,156.41000366210938,156.13999938964844,156.13999938964844,21751
2026-02-18 15:25:00,156.0800018310547,156.2100067138672,156.02999877929688,156.09500122070312,27568
2026-02-18 15:30:00,156.1300048828125,156.33999633789062,156.07000732421875,156.22000122070312,28192
2026-02-18 15:35:00,156.2050018310547,156.30999755859375,156.1300048828125,156.19000244140625,27880
2026-02-18 15:40:00,156.13999938964844,156.24000549316406,156.02000427246094,156.24000549316406,22218
2026-02-18 15:45:00,156.2362060546875,156.4600067138672,156.2100067138672,156.38999938964844,19930
2026-02-18 15:50:00,156.42999267578125,156.50999450683594,156.38999938964844,156.4199981689453,20065
2026-02-18 15:55:00,156.47999572753906,156.64999389648438,156.47999572753906,156.625,29280
2026-02-18 16:00:00,156.625,156.89999389648438,156.5800018310547,156.8000030517578,26155
2026-02-18 16:05:00,156.7899932861328,156.92999267578125,156.7100067138672,156.73500061035156,21501
2026-02-18 16:10:00,156.69000244140625,156.97000122070312,156.66009521484375,156.80999755859375,22396
2026-02-18 16:15:00,156.8350067138672,156.85000610351562,156.72999572753906,156.72999572753906,16211
2026-02-18 16:20:00,156.7100067138672,156.9199981689453,156.7100067138672,156.85000610351562,18230
2026-02-18 16:25:00,156.85000610351562,156.87159729003906,156.6699981689453,156.68499755859375,16537
2026-02-18 16:30:00,156.67999267578125,156.8000030517578,156.57009887695312,156.57009887695312,13046
2026-02-18 16:35:00,156.57000732421875,156.80999755859375,156.57000732421875,156.74000549316406,19299
2026-02-18 16:40:00,156.78500366210938,156.7899932861328,156.64999389648438,156.69000244140625,27501
2026-02-18 16:45:00,156.69000244140625,156.7100067138672,156.57000732421875,156.6999969482422,30567
2026-02-18 16:50:00,156.72000122070312,156.7698974609375,156.61500549316406,156.61500549316406,22205
2026-02-18 16:55:00,156.64990234375,156.74000549316406,156.63999938964844,156.70899963378906,19020
2026-02-18 17:00:00,156.68499755859375,156.7100067138672,156.5449981689453,156.7100067138672,19844
2026-02-18 17:05:00,156.7100067138672,156.85000610351562,156.6999969482422,156.7949981689453,22068
2026-02-18 17:10:00,156.77999877929688,156.9199981689453,156.75999450683594,156.9199981689453,13453
2026-02-18 17:15:00,156.9250030517578,156.9250030517578,156.72000122070312,156.88999938964844,24071
2026-02-18 17:20:00,156.8300018310547,156.9199981689453,156.82000732421875,156.86500549316406,15395
2026-02-18 17:25:00,156.86000061035156,157.05999755859375,156.83999633789062,157.05999755859375,20531
2026-02-18 17:30:00,157.05999755859375,157.05999755859375,156.875,156.875,22142
2026-02-18 17:35:00,156.875,157.05499267578125,156.86000061035156,157.05499267578125,18727
2026-02-18 17:40:00,157.0200958251953,157.02999877929688,156.9340057373047,156.98500061035156,13040
2026-02-18 17:45:00,156.9600067138672,157.07000732421875,156.9199981689453,157.07000732421875,22476
2026-02-18 17:50:00,157.0749969482422,157.27000427246094,157.05999755859375,157.22500610351562,12605
2026-02-18 17:55:00,157.25,157.25,157.0800018310547,157.1300048828125,38163
2026-02-18 18:00:00,157.1300048828125,157.22000122070312,156.99000549316406,157.02999877929688,19173
2026-02-18 18:05:00,157.03370666503906,157.08999633789062,157.00999450683594,157.02000427246094,13782
2026-02-18 18:10:00,157.0449981689453,157.13999938964844,157.0,157.0399932861328,14265
2026-02-18 18:15:00,157.05169677734375,157.19000244140625,157.05169677734375,157.19000244140625,13424
2026-02-18 18:20:00,157.17999267578125,157.24000549316406,157.1300048828125,157.1300048828125,10084
2026-02-18 18:25:00,157.11000061035156,157.11000061035156,157.00010681152344,157.02000427246094,10341
2026-02-18 18:30:00,157.02000427246094,157.0399932861328,156.9199981689453,156.95249938964844,19654
2026-02-18 18:35:00,156.9550018310547,157.05499267578125,156.92999267578125,157.0449981689453,16384
2026-02-18 18:40:00,157.02499389648438,157.11000061035156,156.97079467773438,157.11000061035156,22492
2026-02-18 18:45:00,157.0800018310547,157.11000061035156,157.0399932861328,157.0399932861328,11158
2026-02-18 18:50:00,157.01499938964844,157.01499938964844,156.8699951171875,156.92999267578125,13962
2026-02-18 18:55:00,156.9199981689453,157.07000732421875,156.8699951171875,157.0,17223
2026-02-18 19:00:00,157.00999450683594,157.13999938964844,156.99000549316406,157.13999938964844,14986
2026-02-18 19:05:00,157.1300048828125,157.14500427246094,156.76499938964844,156.78500366210938,31565
2026-02-18 19:10:00,156.80999755859375,156.9199981689453,156.7100067138672,156.72000122070312,23512
2026-02-18 19:15:00,156.77999877929688,156.82000732421875,156.72999572753906,156.75999450683594,15575
2026-02-18 19:20:00,156.83999633789062,156.86000061035156,156.75,156.7899932861328,36807
2026-02-18 19:25:00,156.80999755859375,156.91990661621094,156.80999755859375,156.85000610351562,15420
2026-02-18 19:30:00,156.85000610351562,156.97500610351562,156.77999877929688,156.82000732421875,21444
2026-02-18 19:35:00,156.80999755859375,156.80999755859375,156.6300048828125,156.64999389648438,19813
2026-02-18 19:40:00,156.6199951171875,156.8000030517578,156.57760620117188,156.58999633789062,23674
2026-02-18 19:45:00,156.58999633789062,156.6717987060547,156.5800018310547,156.63999938964844,27505
2026-02-18 19:50:00,156.64999389648438,156.75,156.52000427246094,156.68499755859375,38267
2026-02-18 19:55:00,156.64999389648438,156.85000610351562,156.61000061035156,156.7899932861328,23148
2026-02-18 20:00:00,156.77999877929688,156.8699951171875,156.72000122070312,156.72000122070312,33555
2026-02-18 20:05:00,156.75999450683594,156.77000427246094,156.64999389648438,156.7274932861328,21491
2026-02-18 20:10:00,156.7100067138672,156.86000061035156,156.7100067138672,156.75,17839
2026-02-18 20:15:00,156.7550048828125,156.82960510253906,156.6999969482422,156.6999969482422,17481
2026-02-18 20:20:00,156.7100067138672,156.71499633789062,156.6300048828125,156.64999389648438,19706
2026-02-18 20:25:00,156.6385955810547,156.6699981689453,156.57000732421875,156.58999633789062,27189
2026-02-18 20:30:00,156.61000061035156,156.82000732421875,156.61000061035156,156.80999755859375,37257
2026-02-18 20:35:00,156.8300018310547,157.0500030517578,156.7899932861328,157.0,25791
2026-02-18 20:40:00,156.97999572753906,156.97999572753906,156.84230041503906,156.86000061035156,28828
2026-02-18 20:45:00,156.8800048828125,157.02000427246094,156.77999877929688,157.0,34868
2026-02-18 20:50:00,157.02000427246094,157.32000732421875,157.02000427246094,157.24000549316406,79865
2026-02-18 20:55:00,157.22999572753906,157.28500366210938,157.08999633789062,157.2100067138672,245192
2026-02-19 14:30:00,156.97000122070312,157.1300048828125,156.32000732421875,157.02000427246094,87124
2026-02-19 14:35:00,156.9199981689453,156.94000244140625,156.17999267578125,156.66000366210938,32794
2026-02-19 14:40:00,156.63229370117188,157.2899932861328,156.47000122070312,157.16000366210938,44116
2026-02-19 14:45:00,157.1649932861328,157.32000732421875,156.7899932861328,156.80499267578125,53091
2026-02-19 14:50:00,156.875,156.91000366210938,156.66000366210938,156.91000366210938,23506
2026-02-19 14:55:00,156.91000366210938,157.02999877929688,156.82000732421875,156.83999633789062,29802
2026-02-19 15:00:00,156.77000427246094,156.86839294433594,156.3300018310547,156.39999389648438,21715
2026-02-19 15:05:00,156.375,156.5,156.0,156.11749267578125,27697
2026-02-19 15:10:00,156.06500244140625,156.13999938964844,155.9600067138672,155.9600067138672,24028
2026-02-19 15:15:00,155.9499969482422,156.0,155.8000030517578,155.97999572753906,32921
2026-02-19 15:20:00,155.99000549316406,156.1699981689453,155.8699951171875,156.1699981689453,29480
2026-02-19 15:25:00,156.21499633789062,156.3300018310547,156.13499450683594,156.24000549316406,24319
2026-02-19 15:30:00,156.32000732421875,156.52999877929688,156.22999572753906,156.52999877929688,23346
2026-02-19 15:35:00,156.47500610351562,156.64999389648438,156.47500610351562,156.60000610351562,22388
2026-02-19 15:40:00,156.66000366210938,156.67999267578125,156.47000122070312,156.50999450683594,14135
2026-02-19 15:45:00,156.51010131835938,156.51010131835938,156.2949981689453,156.2949981689453,39827
2026-02-19 15:50:00,156.3699951171875,156.49000549316406,156.27999877929688,156.30999755859375,15305
2026-02-19 15:55:00,156.30999755859375,156.3800048828125,156.1699981689453,156.22999572753906,20218
2026-02-19 16:00:00,156.14999389648438,156.19000244140625,155.94000244140625,156.0,28797
2026-02-19 16:05:00,155.99000549316406,156.16000366210938,155.89999389648438,155.9949951171875,34888
2026-02-19 16:10:00,155.9949951171875,156.02999877929688,155.94000244140625,156.00999450683594,26816
2026-02-19 16:15:00,155.9600067138672,156.10000610351562,155.9600067138672,156.0050048828125,18955
2026-02-19 16:20:00,155.9600067138672,155.97000122070312,155.8000030517578,155.9149932861328,23238
2026-02-19 16:25:00,155.92999267578125,156.00999450683594,155.6479949951172,155.64999389648438,24892
2026-02-19 16:30:00,155.64500427246094,155.7899932861328,155.625,155.66000366210938,20250
2026-02-19 16:35:00,155.6750030517578,155.68850708007812,155.5,155.5399932861328,38817
2026-02-19 16:40:00,155.5399932861328,155.69000244140625,155.5,155.64999389648438,46666
2026-02-19 16:45:00,155.64500427246094,155.76199340820312,155.63999938964844,155.70989990234375,10734
2026-02-19 16:50:00,155.6898956298828,155.75999450683594,155.61000061035156,155.72999572753906,24395
2026-02-19 16:55:00,155.71780395507812,155.8699951171875,155.67999267578125,155.86000061035156,27702
2026-02-19 17:00:00,155.86000061035156,155.89999389648438,155.61500549316406,155.66000366210938,30560
2026-02-19 17:05:00,155.64500427246094,155.64500427246094,155.3800048828125,155.47500610351562,24521
2026-02-19 17:10:00,155.52000427246094,155.7449951171875,155.4600067138672,155.67999267578125,43904
2026-02-19 17:15:00,155.69000244140625,155.84500122070312,155.69000244140625,155.77499389648438,35396
2026-02-19 17:20:00,155.77999877929688,155.93499755859375,155.77000427246094,155.89500427246094,15949
2026-02-19 17:25:00,155.89500427246094,156.02499389648438,155.88999938964844,155.92999267578125,43944
2026-02-19 17:30:00,155.97500610351562,156.14999389648438,155.9499969482422,156.14999389648438,13606
2026-02-19 17:35:00,156.11000061035156,156.11500549316406,156.04600524902344,156.07000732421875,11657
2026-02-19 17:40:00,156.0800018310547,156.2100067138672,156.07000732421875,156.19000244140625,22508
2026-02-19 17:45:00,156.2082977294922,156.2082977294922,156.02000427246094,156.1699981689453,45806
2026-02-19 17:50:00,156.1699981689453,156.2100067138672,156.10000610351562,156.14999389648438,39282
2026-02-19 17:55:00,156.14999389648438,156.1750030517578,156.08450317382812,156.1103973388672,30240
2026-02-19 18:00:00,156.10000610351562,156.11000061035156,155.97500610351562,155.97999572753906,28361
2026-02-19 18:05:00,155.97999572753906,156.07000732421875,155.97999572753906,156.0500030517578,19958
2026-02-19 18:10:00,156.0500030517578,156.17250061035156,156.0449981689453,156.17250061035156,22422
2026-02-19 18:15:00,156.1699981689453,156.1699981689453,155.94000244140625,155.94500732421875,22301
2026-02-19 18:20:00,155.91000366210938,156.0,155.84500122070312,155.97999572753906,21912
2026-02-19 18:25:00,156.0,156.02000427246094,155.9600067138672,155.99000549316406,16664
2026-02-19 18:30:00,155.99000549316406,156.0399932861328,155.7899932861328,156.0399932861328,53541
2026-02-19 18:35:00,156.0800018310547,156.11000061035156,156.02000427246094,156.10499572753906,16855
2026-02-19 18:40:00,156.10499572753906,156.2550048828125,156.093994140625,156.1649932861328,32694
2026-02-19 18:45:00,156.19000244140625,156.27000427246094,156.11000061035156,156.22000122070312,26008
2026-02-19 18:50:00,156.1999969482422,156.25999450683594,156.17599487304688,156.2550048828125,20091
2026-02-19 18:55:00,156.2449951171875,156.2449951171875,156.11000061035156,156.18499755859375,22405
2026-02-19 19:00:00,156.16009521484375,156.24000549316406,156.14999389648438,156.24000549316406,22706
2026-02-19 19:05:00,156.22000122070312,156.35499572753906,156.1999969482422,156.35499572753906,19538
2026-02-19 19:10:00,156.3300018310547,156.35000610351562,156.17410278320312,156.22909545898438,32876
2026-02-19 19:15:00,156.24000549316406,156.27999877929688,156.2100067138672,156.24000549316406,15468
2026-02-19 19:20:00,156.2449951171875,156.36500549316406,156.17999267578125,156.36500549316406,29775
2026-02-19 19:25:00,156.33999633789062,156.3699951171875,155.89999389648438,155.9250030517578,54820
2026-02-19 19:30:00,155.88999938964844,155.89500427246094,155.52000427246094,155.5449981689453,43936
2026-02-19 19:35:00,155.5449981689453,155.75,155.3699951171875,155.3699951171875,32132
2026-02-19 19:40:00,155.3699951171875,155.4199981689453,155.27000427246094,155.35000610351562,35649
2026-02-19 19:45:00,155.36000061035156,155.67999267578125,155.36000061035156,155.57000732421875,28618
2026-02-19 19:50:00,155.5399932861328,155.58489990234375,155.42999267578125,155.44000244140625,19662
2026-02-19 19:55:00,155.4499969482422,155.52999877929688,155.42999267578125,155.5,34758
2026-02-19 20:00:00,155.50999450683594,155.73500061035156,155.49000549316406,155.69239807128906,25235
2026-02-19 20:05:00,155.6999969482422,155.91000366210938,155.6999969482422,155.91000366210938,24852
2026-02-19 20:10:00,155.9199981689453,155.99000549316406,155.83999633789062,155.99000549316406,22892
2026-02-19 20:15:00,155.99000549316406,155.99000549316406,155.8350067138672,155.8350067138672,21713
2026-02-19 20:20:00,155.8350067138672,155.89999389648438,155.63999938964844,155.67999267578125,21709
2026-02-19 20:25:00,155.6300048828125,155.72000122070312,155.61000061035156,155.61500549316406,34364
2026-02-19 20:30:00,155.64500427246094,155.74000549316406,155.47000122070312,155.6999969482422,155703
2026-02-19 20:35:00,155.72000122070312,155.91000366210938,155.7050018310547,155.91000366210938,28935
2026-02-19 20:40:00,155.91000366210938,156.0800018310547,155.91000366210938,156.06500244140625,34360
2026-02-19 20:45:00,156.05999755859375,156.2100067138672,156.05999755859375,156.2100067138672,71462
2026-02-19 20:50:00,156.19000244140625,156.32000732421875,156.10000610351562,156.1699981689453,115353
2026-02-19 20:55:00,156.2100067138672,156.5500030517578,156.2100067138672,156.50999450683594,276777
2026-02-20 14:30:00,156.05999755859375,156.6199951171875,155.66000366210938,156.6199951171875,470481
2026-02-20 14:35:00,156.6300048828125,157.4199981689453,156.60000610351562,157.19000244140625,107323
2026-02-20 14:40:00,157.33380126953125,157.6699981689453,157.16099548339844,157.38999938964844,75050
2026-02-20 14:45:00,157.38999938964844,157.4199981689453,156.67999267578125,156.67999267578125,31307
2026-02-20 14:50:00,156.7050018310547,157.11000061035156,156.5800018310547,156.91000366210938,34565
2026-02-20 14:55:00,157.0050048828125,157.61990356445312,156.94000244140625,157.44000244140625,26879
2026-02-20 15:00:00,157.4949951171875,158.5,157.36500549316406,157.94000244140625,62126
2026-02-20 15:05:00,157.9199981689453,158.17999267578125,157.6999969482422,157.82000732421875,108308
2026-02-20 15:10:00,157.82000732421875,157.86000061035156,157.5500030517578,157.64999389648438,44834
2026-02-20 15:15:00,157.60499572753906,158.40029907226562,157.60499572753906,158.27999877929688,36191
2026-02-20 15:20:00,158.27999877929688,158.36000061035156,158.0601043701172,158.25999450683594,25192
2026-02-20 15:25:00,158.19000244140625,158.2449951171875,157.88999938964844,158.10499572753906,36162
2026-02-20 15:30:00,158.1199951171875,158.1300048828125,157.59080505371094,157.6300048828125,52465
2026-02-20 15:35:00,157.625,157.82000732421875,157.52999877929688,157.64500427246094,29638
2026-02-20 15:40:00,157.63999938964844,157.6999969482422,157.35499572753906,157.39999389648438,28121
2026-02-20 15:45:00,157.39999389648438,157.6300048828125,157.2899932861328,157.41000366210938,29765
2026-02-20 15:50:00,157.41000366210938,157.55999755859375,157.30999755859375,157.5399932861328,33851
2026-02-20 15:55:00,157.5399932861328,157.6300048828125,157.4199981689453,157.4600067138672,38321
2026-02-20 16:00:00,157.4600067138672,157.4600067138672,157.09500122070312,157.10000610351562,29935
2026-02-20 16:05:00,157.1051025390625,157.1999969482422,156.99000549316406,157.0399932861328,24306
2026-02-20 16:10:00,157.13999938964844,157.1999969482422,156.88999938964844,157.08999633789062,70840
2026-02-20 16:15:00,157.0800018310547,157.10000610351562,156.7899932861328,156.8300018310547,145951
2026-02-20 16:20:00,156.85000610351562,156.91000366210938,156.7050018310547,156.72000122070312,32647
2026-02-20 16:25:00,156.72000122070312,156.72000122070312,156.35000610351562,156.35000610351562,30571
2026-02-20 16:30:00,156.3000030517578,156.52499389648438,156.23500061035156,156.52499389648438,34299
2026-02-20 16:35:00,156.5225067138672,156.5399932861328,156.22999572753906,156.22999572753906,28912
2026-02-20 16:40:00,156.27499389648438,156.6199951171875,156.27499389648438,156.5034942626953,34135
2026-02-20 16:45:00,156.5050048828125,156.6699981689453,156.44439697265625,156.5399932861328,27809
2026-02-20 16:50:00,156.47999572753906,156.5626983642578,156.4219970703125,156.50999450683594,21992
2026-02-20 16:55:00,156.4600067138672,156.50999450683594,156.3000030517578,156.39999389648438,24083
2026-02-20 17:00:00,156.41000366210938,156.4499969482422,156.1999969482422,156.34500122070312,42198
2026-02-20 17:05:00,156.34500122070312,156.46217346191406,156.1999969482422,156.25,19893
2026-02-20 17:10:00,156.27999877929688,156.4250030517578,156.10000610351562,156.36000061035156,19090
2026-02-20 17:15:00,156.33999633789062,156.48280334472656,156.31500244140625,156.42750549316406,19230
2026-02-20 17:20:00,156.4199981689453,156.5218048095703,156.41000366210938,156.47000122070312,24696
2026-02-20 17:25:00,156.5050048828125,156.57000732421875,156.35000610351562,156.47000122070312,27267
2026-02-20 17:30:00,156.4600067138672,156.47999572753906,156.2949981689453,156.46499633789062,19658
2026-02-20 17:35:00,156.46499633789062,156.6300048828125,156.4387969970703,156.6300048828125,27838
2026-02-20 17:40:00,156.60000610351562,156.6199951171875,156.5,156.57000732421875,12250
2026-02-20 17:45:00,156.57000732421875,156.82000732421875,156.57000732421875,156.82000732421875,16565
2026-02-20 17:50:00,156.82000732421875,157.00999450683594,156.7899932861328,156.99000549316406,19041
2026-02-20 17:55:00,156.97500610351562,156.97500610351562,156.84010314941406,156.86000061035156,20832
2026-02-20 18:00:00,156.88999938964844,156.89500427246094,156.71180725097656,156.7467041015625,16162
2026-02-20 18:05:00,156.78500366210938,156.78500366210938,156.63999938964844,156.63999938964844,14109
2026-02-20 18:10:00,156.6300048828125,156.75,156.5399932861328,156.72000122070312,486504
2026-02-20 18:15:00,156.72000122070312,156.73500061035156,156.60000610351562,156.73500061035156,12367
2026-02-20 18:20:00,156.6999969482422,156.72999572753906,156.5,156.59010314941406,14960
2026-02-20 18:25:00,156.67999267578125,156.73989868164062,156.60000610351562,156.61000061035156,12477
2026-02-20 18:30:00,156.5850067138672,156.85000610351562,156.5399932861328,156.6750030517578,30158
2026-02-20 18:35:00,156.60000610351562,156.67999267578125,156.39999389648438,156.60000610351562,47567
2026-02-20 18:40:00,156.58999633789062,156.75900268554688,156.5800018310547,156.6508026123047,18491
2026-02-20 18:45:00,156.6999969482422,156.9199981689453,156.6616973876953,156.86000061035156,13239
2026-02-20 18:50:00,156.88999938964844,157.10000610351562,156.83099365234375,157.05999755859375,27599
2026-02-20 18:55:00,157.05999755859375,157.14999389648438,156.89999389648438,157.0,20953
2026-02-20 19:00:00,157.0,157.125,157.0,157.11500549316406,17945
2026-02-20 19:05:00,157.08999633789062,157.1300048828125,157.0,157.1300048828125,19868
2026-02-20 19:10:00,157.14500427246094,157.14999389648438,156.97000122070312,157.00999450683594,20280
2026-02-20 19:15:00,157.00999450683594,157.02000427246094,156.94000244140625,156.99000549316406,15050
2026-02-20 19:20:00,157.02999877929688,157.1699981689453,156.94000244140625,157.1699981689453,12964
2026-02-20 19:25:00,157.1300048828125,157.47999572753906,157.08999633789062,157.46249389648438,28551
2026-02-20 19:30:00,157.51499938964844,157.64999389648438,157.51499938964844,157.64500427246094,22212
2026-02-20 19:35:00,157.64999389648438,157.76499938964844,157.5399932861328,157.63999938964844,39487
2026-02-20 19:40:00,157.60000610351562,157.63999938964844,157.36199951171875,157.39500427246094,20958
2026-02-20 19:45:00,157.36000061035156,157.6300048828125,157.35000610351562,157.6300048828125,37345
2026-02-20 19:50:00,157.5500030517578,157.6699981689453,157.5500030517578,157.66000366210938,25245
2026-02-20 19:55:00,157.625,157.93499755859375,157.625,157.91000366210938,42185
2026-02-20 20:00:00,157.92999267578125,158.07000732421875,157.875,157.9600067138672,34589
2026-02-20 20:05:00,157.93499755859375,158.02999877929688,157.9199981689453,157.9199981689453,25786
2026-02-20 20:10:00,157.9199981689453,158.11000061035156,157.8699951171875,158.08999633789062,40935
2026-02-20 20:15:00,158.0800018310547,158.14999389648438,158.02000427246094,158.02999877929688,41417
2026-02-20 20:20:00,158.02000427246094,158.13499450683594,158.02000427246094,158.1199951171875,34034
2026-02-20 20:25:00,158.1199951171875,158.1300048828125,157.98500061035156,158.09500122070312,52676
2026-02-20 20:30:00,158.08999633789062,158.1199951171875,158.02999877929688,158.08999633789062,30291
2026-02-20 20:35:00,158.08099365234375,158.11500549316406,158.01499938964844,158.0800018310547,28070
2026-02-20 20:40:00,158.08999633789062,158.10000610351562,158.0,158.10000610351562,58958
2026-02-20 20:45:00,158.10499572753906,158.22000122070312,158.0800018310547,158.2100067138672,52584
2026-02-20 20:50:00,158.22000122070312,158.35000610351562,158.0399932861328,158.0399932861328,104889
2026-02-20 20:55:00,158.02999877929688,158.3000030517578,157.7899932861328,158.25999450683594,362304
2026-02-23 14:30:00,159.0,160.4600067138672,158.94000244140625,159.4600067138672,193923
2026-02-23 14:35:00,159.61000061035156,159.88499450683594,158.8699951171875,159.52000427246094,137740
2026-02-23 14:40:00,159.55499267578125,159.61000061035156,158.61000061035156,158.67999267578125,93708
2026-02-23 14:45:00,158.67999267578125,158.78500366210938,158.24000549316406,158.2449951171875,63524
2026-02-23 14:50:00,158.1875,158.47999572753906,157.74000549316406,157.92999267578125,46844
2026-02-23 14:55:00,158.0,158.1300048828125,157.77999877929688,157.96499633789062,101050
2026-02-23 15:00:00,157.96400451660156,158.0,157.57000732421875,157.63999938964844,70051
2026-02-23 15:05:00,157.63499450683594,157.72000122070312,157.28819274902344,157.34500122070312,78129
2026-02-23 15:10:00,157.33999633789062,157.54989624023438,157.25,157.25,51534
2026-02-23 15:15:00,157.2653045654297,157.44000244140625,157.05999755859375,157.10000610351562,32996
2026-02-23 15:20:00,157.0500946044922,157.2100067138672,156.7100067138672,156.77499389648438,51687
2026-02-23 15:25:00,156.77000427246094,156.9250030517578,156.59010314941406,156.85890197753906,35596
2026-02-23 15:30:00,156.8000030517578,157.08999633789062,156.58999633789062,156.93499755859375,86520
2026-02-23 15:35:00,156.93499755859375,157.03199768066406,156.75999450683594,156.8800048828125,54419
2026-02-23 15:40:00,156.83529663085938,156.97000122070312,156.50999450683594,156.58999633789062,35700
2026-02-23 15:45:00,156.58999633789062,156.69000244140625,156.22999572753906,156.47000122070312,32896
2026-02-23 15:50:00,156.47999572753906,156.58999633789062,156.25999450683594,156.5449981689453,56993
2026-02-23 15:55:00,156.5449981689453,156.98989868164062,156.5,156.84500122070312,36335
2026-02-23 16:00:00,156.77000427246094,156.86000061035156,156.39999389648438,156.4600067138672,47434
2026-02-23 16:05:00,156.39999389648438,156.4499969482422,156.14999389648438,156.17999267578125,37434
2026-02-23 16:10:00,156.16000366210938,156.27000427246094,156.0,156.09500122070312,43313
2026-02-23 16:15:00,156.0800018310547,156.1199951171875,155.91000366210938,155.97999572753906,52502
2026-02-23 16:20:00,156.00489807128906,156.3249969482422,156.00489807128906,156.22999572753906,113125
2026-02-23 16:25:00,156.25,156.27999877929688,156.03660583496094,156.13999938964844,36667
2026-02-23 16:30:00,156.13999938964844,156.1699981689453,155.97000122070312,156.0050048828125,49672
2026-02-23 16:35:00,156.0050048828125,156.08999633789062,155.91000366210938,155.9499969482422,40864
2026-02-23 16:40:00,155.9499969482422,156.11000061035156,155.89999389648438,156.02000427246094,36197
2026-02-23 16:45:00,156.05499267578125,156.11990356445312,155.75,155.75,44574
2026-02-23 16:50:00,155.7949981689453,156.0800018310547,155.7899932861328,155.99000549316406,34323
2026-02-23 16:55:00,156.0399932861328,156.0500030517578,155.83999633789062,156.00999450683594,21829
2026-02-23 17:00:00,155.97999572753906,156.3300018310547,155.91000366210938,156.2949981689453,87193
2026-02-23 17:05:00,156.39999389648438,156.4199981689453,156.1699981689453,156.18499755859375,76020
2026-02-23 17:10:00,156.1699981689453,156.27000427246094,156.11000061035156,156.15499877929688,32233
2026-02-23 17:15:00,156.15499877929688,156.22999572753906,156.11000061035156,156.17999267578125,42635
2026-02-23 17:20:00,156.22999572753906,156.24000549316406,155.99000549316406,156.00999450683594,43875
2026-02-23 17:25:00,156.00999450683594,156.13999938964844,155.9600067138672,156.0399932861328,82258
2026-02-23 17:30:00,156.02000427246094,156.02000427246094,155.8800048828125,155.91000366210938,53907
2026-02-23 17:35:00,155.952392578125,156.0,155.89999389648438,155.9499969482422,25738
2026-02-23 17:40:00,155.94000244140625,156.1999969482422,155.92999267578125,156.1999969482422,34822
2026-02-23 17:45:00,156.16000366210938,156.36000061035156,156.1300048828125,156.3300018310547,19179
2026-02-23 17:50:00,156.30999755859375,156.42999267578125,156.27999877929688,156.4199981689453,30098
2026-02-23 17:55:00,156.39500427246094,156.49000549316406,156.27000427246094,156.38499450683594,28541
2026-02-23 18:00:00,156.3800048828125,156.63999938964844,156.3699951171875,156.60000610351562,27658
2026-02-23 18:05:00,156.6199951171875,156.7899932861328,156.60499572753906,156.75,24187
2026-02-23 18:10:00,156.75999450683594,156.8699951171875,156.67999267578125,156.7949981689453,28922
2026-02-23 18:15:00,156.75,156.97000122070312,156.74000549316406,156.9698944091797,34979
2026-02-23 18:20:00,156.97000122070312,157.10000610351562,156.9600067138672,157.07000732421875,21366
2026-02-23 18:25:00,157.06500244140625,157.22000122070312,157.06500244140625,157.2050018310547,25285
2026-02-23 18:30:00,157.2050018310547,157.32000732421875,157.17999267578125,157.26499938964844,14011
2026-02-23 18:35:00,157.2899932861328,157.33999633789062,157.11500549316406,157.11500549316406,19686
2026-02-23 18:40:00,157.10499572753906,157.3300018310547,157.0800018310547,157.11000061035156,44236
2026-02-23 18:45:00,157.0850067138672,157.22000122070312,157.0175018310547,157.22000122070312,25542
2026-02-23 18:50:00,157.1999969482422,157.27999877929688,157.14999389648438,157.1649932861328,18685
2026-02-23 18:55:00,157.17999267578125,157.22000122070312,157.08999633789062,157.15750122070312,31606
2026-02-23 19:00:00,157.14999389648438,157.27999877929688,157.14999389648438,157.24000549316406,39857
2026-02-23 19:05:00,157.25,157.38999938964844,157.20249938964844,157.38999938964844,66537
2026-02-23 19:10:00,157.39999389648438,157.57000732421875,157.39500427246094,157.50999450683594,21597
2026-02-23 19:15:00,157.5500030517578,157.64500427246094,157.47000122070312,157.5299072265625,35003
2026-02-23 19:20:00,157.49000549316406,157.52999877929688,157.1300048828125,157.1300048828125,61315
2026-02-23 19:25:00,157.1300048828125,157.39999389648438,157.05999755859375,157.27999877929688,43677
2026-02-23 19:30:00,157.27999877929688,157.49000549316406,157.26300048828125,157.39239501953125,34042
2026-02-23 19:35:00,157.4250030517578,157.47000122070312,157.25,157.39010620117188,25664
2026-02-23 19:40:00,157.4149932861328,157.61990356445312,157.4149932861328,157.55999755859375,35569
2026-02-23 19:45:00,157.52999877929688,157.77499389648438,157.52999877929688,157.72000122070312,37590
2026-02-23 19:50:00,157.72000122070312,157.8498992919922,157.6999969482422,157.8498992919922,50714
2026-02-23 19:55:00,157.8300018310547,157.97999572753906,157.74000549316406,157.86500549316406,58706
2026-02-23 20:00:00,157.875,157.875,157.69000244140625,157.69000244140625,36060
2026-02-23 20:05:00,157.68499755859375,157.8000030517578,157.6501007080078,157.75,36951
2026-02-23 20:10:00,157.77999877929688,157.7899932861328,157.6199951171875,157.67999267578125,38294
2026-02-23 20:15:00,157.64999389648438,157.72999572753906,157.60000610351562,157.64999389648438,57982
2026-02-23 20:20:00,157.64999389648438,157.65499877929688,157.50999450683594,157.50999450683594,32536
2026-02-23 20:25:00,157.50999450683594,157.7100067138672,157.47000122070312,157.6999969482422,51987
2026-02-23 20:30:00,157.69000244140625,157.76499938964844,157.6699981689453,157.6699981689453,47518
2026-02-23 20:35:00,157.67999267578125,157.91940307617188,157.6699981689453,157.7899932861328,52000
2026-02-23 20:40:00,157.82000732421875,157.90499877929688,157.7899932861328,157.88670349121094,52026
2026-02-23 20:45:00,157.89999389648438,157.9250030517578,157.7949981689453,157.80999755859375,74806
2026-02-23 20:50:00,157.82000732421875,157.85000610351562,157.36000061035156,157.42999267578125,169435
2026-02-23 20:55:00,157.4199981689453,157.82000732421875,157.4199981689453,157.72000122070312,375444
2026-02-24 14:30:00,158.07000732421875,158.9499969482422,157.14999389648438,158.24249267578125,133684
2026-02-24 14:35:00,158.24000549316406,158.4199981689453,157.72500610351562,158.02999877929688,67819
2026-02-24 14:40:00,157.92999267578125,158.11000061035156,157.27000427246094,157.38999938964844,38426
2026-02-24 14:45:00,157.25999450683594,157.97999572753906,157.25999450683594,157.89999389648438,45375
2026-02-24 14:50:00,157.86500549316406,158.41000366210938,157.86500549316406,158.22000122070312,72683
2026-02-24 14:55:00,158.22000122070312,158.22000122070312,157.83999633789062,158.13499450683594,71773
2026-02-24 15:00:00,158.13499450683594,158.13499450683594,157.61000061035156,157.6649932861328,46470
2026-02-24 15:05:00,157.6649932861328,157.7100067138672,157.3800048828125,157.4550018310547,82403
2026-02-24 15:10:00,157.44000244140625,157.5,157.13490295410156,157.3300018310547,39917
2026-02-24 15:15:00,157.34500122070312,157.36050415039062,157.02000427246094,157.3000030517578,47340
2026-02-24 15:20:00,157.24000549316406,157.3300018310547,157.10000610351562,157.1649932861328,37361
2026-02-24 15:25:00,157.1999969482422,157.4499969482422,157.13499450683594,157.33999633789062,35233
2026-02-24 15:30:00,157.3800048828125,157.5,157.32000732421875,157.44000244140625,41092
2026-02-24 15:35:00,157.50999450683594,157.6633758544922,157.41000366210938,157.49000549316406,37443
2026-02-24 15:40:00,157.49000549316406,157.7550048828125,157.47000122070312,157.7550048828125,39441
2026-02-24 15:45:00,157.7550048828125,157.8800048828125,157.6750030517578,157.80999755859375,62709
2026-02-24 15:50:00,157.75999450683594,157.77000427246094,157.39999389648438,157.52000427246094,45943
2026-02-24 15:55:00,157.44000244140625,157.44000244140625,157.25999450683594,157.35499572753906,47346
2026-02-24 16:00:00,157.3699951171875,157.44000244140625,157.30999755859375,157.4199981689453,75935
2026-02-24 16:05:00,157.4199981689453,157.61000061035156,157.41000366210938,157.52999877929688,51968
2026-02-24 16:10:00,157.52000427246094,157.61000061035156,157.35780334472656,157.44009399414062,54408
2026-02-24 16:15:00,157.47500610351562,157.57000732421875,157.4149932861328,157.5399932861328,29280
2026-02-24 16:20:00,157.5399932861328,157.61500549316406,157.49000549316406,157.57000732421875,31683
2026-02-24 16:25:00,157.56500244140625,157.58999633789062,157.49000549316406,157.49000549316406,27748
2026-02-24 16:30:00,157.49000549316406,157.6699981689453,157.39999389648438,157.6300048828125,61593
2026-02-24 16:35:00,157.5955047607422,157.86749267578125,157.5050048828125,157.5050048828125,27804
2026-02-24 16:40:00,157.50999450683594,157.5500030517578,157.41000366210938,157.44000244140625,26767
2026-02-24 16:45:00,157.47000122070312,157.5749969482422,157.41000366210938,157.52999877929688,34766
2026-02-24 16:50:00,157.53500366210938,157.5800018310547,157.47000122070312,157.5500030517578,18904
2026-02-24 16:55:00,157.57000732421875,157.64999389648438,157.4600067138672,157.55999755859375,37046
2026-02-24 17:00:00,157.5850067138672,157.61500549316406,157.3800048828125,157.47500610351562,24240
2026-02-24 17:05:00,157.52000427246094,157.5500030517578,157.44000244140625,157.44000244140625,21735
2026-02-24 17:10:00,157.44000244140625,157.6199951171875,157.41000366210938,157.57000732421875,53226
2026-02-24 17:15:00,157.62989807128906,157.8800048828125,157.5850067138672,157.8300018310547,31335
2026-02-24 17:20:00,157.83999633789062,158.0,157.83999633789062,157.92999267578125,38257
2026-02-24 17:25:00,157.93499755859375,158.02999877929688,157.7949981689453,157.8300018310547,94574
2026-02-24 17:30:00,157.8300018310547,157.92990112304688,157.7899932861328,157.89500427246094,44523
2026-02-24 17:35:00,157.88499450683594,157.94000244140625,157.75999450683594,157.875,38815
2026-02-24 17:40:00,157.88999938964844,157.9600067138672,157.814697265625,157.86000061035156,49344
2026-02-24 17:45:00,157.83999633789062,157.94000244140625,157.75999450683594,157.9199981689453,32952
2026-02-24 17:50:00,157.91000366210938,158.0,157.86000061035156,158.0,29750
2026-02-24 17:55:00,158.0,158.0500030517578,157.860107421875,157.860107421875,38012
2026-02-24 18:00:00,157.92999267578125,158.13499450683594,157.9149932861328,158.07000732421875,41434
2026-02-24 18:05:00,158.08999633789062,158.16000366210938,158.02999877929688,158.08999633789062,49652
2026-02-24 18:10:00,158.0800018310547,158.14999389648438,158.02999877929688,158.11500549316406,25738
2026-02-24 18:15:00,158.11000061035156,158.18919372558594,158.0500030517578,158.0800018310547,29818
2026-02-24 18:20:00,158.08999633789062,158.27999877929688,158.0800018310547,158.2176055908203,63095
2026-02-24 18:25:00,158.22999572753906,158.27000427246094,158.1199951171875,158.16000366210938,48370
2026-02-24 18:30:00,158.1699981689453,158.28500366210938,158.1699981689453,158.25,38250
2026-02-24 18:35:00,158.25,158.25,158.1199951171875,158.1649932861328,43824
2026-02-24 18:40:00,158.19000244140625,158.32000732421875,158.17059326171875,158.27999877929688,34596
2026-02-24 18:45:00,158.27999877929688,158.3876953125,158.27999877929688,158.375,35944
2026-02-24 18:50:00,158.375,158.5,158.36000061035156,158.5,38797
2026-02-24 18:55:00,158.5,158.52200317382812,158.3800048828125,158.39999389648438,41022
2026-02-24 19:00:00,158.4051971435547,158.43919372558594,158.2050018310547,158.2100067138672,47756
2026-02-24 19:05:00,158.2100067138672,158.25999450683594,158.02999877929688,158.16000366210938,42638
2026-02-24 19:10:00,158.17999267578125,158.4196014404297,158.17999267578125,158.4196014404297,37300
2026-02-24 19:15:00,158.43499755859375,158.47000122070312,158.3699951171875,158.4600067138672,35688
2026-02-24 19:20:00,158.47999572753906,158.5399932861328,158.41009521484375,158.5399932861328,31382
2026-02-24 19:25:00,158.52999877929688,158.5500030517578,158.39999389648438,158.4600067138672,72219
2026-02-24 19:30:00,158.4694061279297,158.52000427246094,158.3300018310547,158.3300018310547,63475
2026-02-24 19:35:00,158.33999633789062,158.36000061035156,158.14149475097656,158.23500061035156,37749
2026-02-24 19:40:00,158.25,158.2899932861328,158.13999938964844,158.16000366210938,36666
2026-02-24 19:45:00,158.14999389648438,158.16000366210938,158.05999755859375,158.10000610351562,32409
2026-02-24 19:50:00,158.10000610351562,158.22500610351562,158.02999877929688,158.22000122070312,43097
2026-02-24 19:55:00,158.24000549316406,158.33999633789062,158.22000122070312,158.3249969482422,38403
2026-02-24 20:00:00,158.3300018310547,158.38999938964844,158.24000549316406,158.32000732421875,61560
2026-02-24 20:05:00,158.30999755859375,158.35000610351562,158.1649932861328,158.22999572753906,73740
2026-02-24 20:10:00,158.24000549316406,158.36000061035156,158.07000732421875,158.1840057373047,64384
2026-02-24 20:15:00,158.17999267578125,158.19000244140625,157.9600067138672,158.05999755859375,52604
2026-02-24 20:20:00,158.05999755859375,158.13999938964844,158.02000427246094,158.10000610351562,73736
2026-02-24 20:25:00,158.10000610351562,158.11000061035156,157.9499969482422,157.9595947265625,61878
2026-02-24 20:30:00,157.9550018310547,158.00999450683594,157.74000549316406,157.75999450683594,59345
2026-02-24 20:35:00,157.74000549316406,157.82000732421875,157.64999389648438,157.71499633789062,65263
2026-02-24 20:40:00,157.69000244140625,157.77000427246094,157.6300048828125,157.67999267578125,65334
2026-02-24 20:45:00,157.6999969482422,157.88999938964844,157.6999969482422,157.77999877929688,88061
2026-02-24 20:50:00,157.8000030517578,157.89999389648438,157.77000427246094,157.84500122070312,135190
2026-02-24 20:55:00,157.84500122070312,158.27000427246094,157.66000366210938,157.7100067138672,467618
2026-02-25 14:30:00,157.5500030517578,162.67990112304688,157.5500030517578,162.1750030517578,1259146
2026-02-25 14:35:00,162.22000122070312,162.3800048828125,160.3887939453125,161.36000061035156,192755
2026-02-25 14:40:00,161.36000061035156,161.3699951171875,160.07000732421875,160.36000061035156,133702
2026-02-25 14:45:00,160.33999633789062,160.5800018310547,159.25999450683594,160.05499267578125,114068
2026-02-25 14:50:00,160.05499267578125,160.58999633789062,159.05999755859375,159.16000366210938,112862
2026-02-25 14:55:00,159.22000122070312,160.3000030517578,158.92999267578125,160.3000030517578,70859
2026-02-25 15:00:00,160.2100067138672,160.60499572753906,159.7949981689453,160.14500427246094,67579
2026-02-25 15:05:00,160.1649932861328,160.85000610351562,160.1649932861328,160.61000061035156,48718
2026-02-25 15:10:00,160.6199951171875,160.64999389648438,159.89920043945312,160.01510620117188,42427
2026-02-25 15:15:00,160.1199951171875,160.14999389648438,159.4600067138672,159.47000122070312,40608
2026-02-25 15:20:00,159.49000549316406,159.5,158.5800018310547,158.75999450683594,38402
2026-02-25 15:25:00,158.6699981689453,159.1199951171875,158.61000061035156,158.96499633789062,71757
2026-02-25 15:30:00,158.99000549316406,159.55499267578125,158.83999633789062,159.47500610351562,65325
2026-02-25 15:35:00,159.47500610351562,159.66000366210938,159.10000610351562,159.22999572753906,48102
2026-02-25 15:40:00,159.1510009765625,159.29530334472656,158.86000061035156,158.86000061035156,36721
2026-02-25 15:45:00,158.91000366210938,159.1699981689453,158.71339416503906,158.9250030517578,34933
2026-02-25 15:50:00,158.94549560546875,159.11990356445312,158.60000610351562,159.04510498046875,45664
2026-02-25 15:55:00,159.0449981689453,159.1300048828125,158.75999450683594,158.77999877929688,46754
2026-02-25 16:00:00,158.79249572753906,159.08999633789062,158.52999877929688,158.5399932861328,49852
2026-02-25 16:05:00,158.61500549316406,159.0299072265625,158.52000427246094,158.94000244140625,55934
2026-02-25 16:10:00,158.94000244140625,159.25,158.86109924316406,159.25,44556
2026-02-25 16:15:00,159.25999450683594,159.53500366210938,159.1699981689453,159.47999572753906,57046
2026-02-25 16:20:00,159.47000122070312,159.5,159.0800018310547,159.39500427246094,50478
2026-02-25 16:25:00,159.39500427246094,159.4467010498047,158.8000030517578,158.86000061035156,57522
2026-02-25 16:30:00,158.8300018310547,159.13999938964844,158.8300018310547,158.98980712890625,55266
2026-02-25 16:35:00,158.9949951171875,159.3000030517578,158.7899932861328,159.27000427246094,40146
2026-02-25 16:40:00,159.27000427246094,159.39999389648438,159.10000610351562,159.19000244140625,78940
2026-02-25 16:45:00,159.19000244140625,159.2299041748047,158.9550018310547,159.13499450683594,35560
2026-02-25 16:50:00,159.07000732421875,159.2949981689453,158.93499755859375,159.1300048828125,77695
2026-02-25 16:55:00,159.13999938964844,159.19569396972656,158.64999389648438,158.75,67670
2026-02-25 17:00:00,158.83999633789062,158.83999633789062,158.08999633789062,158.18499755859375,46756
2026-02-25 17:05:00,158.19000244140625,158.27000427246094,157.30499267578125,157.30499267578125,93859
2026-02-25 17:10:00,157.2100067138672,157.30999755859375,155.10000610351562,155.27499389648438,114711
2026-02-25 17:15:00,155.1199951171875,155.44000244140625,154.8000030517578,155.38999938964844,116896
2026-02-25 17:20:00,155.49000549316406,156.6699981689453,155.3350067138672,156.3699951171875,201376
2026-02-25 17:25:00,156.44500732421875,156.91000366210938,156.25,156.7071075439453,53445
2026-02-25 17:30:00,156.75,156.86000061035156,155.9499969482422,155.9499969482422,31059
2026-02-25 17:35:00,156.0,156.0,155.53500366210938,155.72500610351562,24136
2026-02-25 17:40:00,155.66839599609375,155.8699951171875,155.57000732421875,155.77999877929688,37172
2026-02-25 17:45:00,155.72999572753906,156.12989807128906,155.72500610351562,155.89010620117188,29250
2026-02-25 17:50:00,156.03500366210938,156.38499450683594,155.82000732421875,156.0449981689453,73080
2026-02-25 17:55:00,155.94000244140625,156.15499877929688,155.82000732421875,155.97999572753906,64006
2026-02-25 18:00:00,155.97999572753906,156.8699951171875,155.97000122070312,156.5500030517578,55781
2026-02-25 18:05:00,156.57000732421875,156.83990478515625,156.42999267578125,156.7550048828125,40319
2026-02-25 18:10:00,156.7550048828125,157.0,156.46009826660156,157.0,32310
2026-02-25 18:15:00,156.9250030517578,157.1999969482422,156.8699951171875,157.02999877929688,47198
2026-02-25 18:20:00,157.02999877929688,157.05999755859375,156.5500030517578,156.5500030517578,31802
2026-02-25 18:25:00,156.61500549316406,156.7949981689453,156.33999633789062,156.6999969482422,53626
2026-02-25 18:30:00,156.6199951171875,156.69000244140625,156.49000549316406,156.60499572753906,25730
2026-02-25 18:35:00,156.6699981689453,156.889892578125,156.58999633789062,156.7899932861328,30873
2026-02-25 18:40:00,156.7949981689453,157.0,156.52000427246094,156.52000427246094,47501
2026-02-25 18:45:00,156.4600067138672,156.5449981689453,156.3699951171875,156.3699951171875,17687
2026-02-25 18:50:00,156.47999572753906,156.52000427246094,156.30999755859375,156.36000061035156,37545
2026-02-25 18:55:00,156.3699951171875,156.57000732421875,156.2899932861328,156.4600067138672,46049
2026-02-25 19:00:00,156.47999572753906,156.75999450683594,156.47999572753906,156.72000122070312,45389
2026-02-25 19:05:00,156.72000122070312,156.99000549316406,156.6699981689453,156.9010009765625,55249
2026-02-25 19:10:00,156.97000122070312,157.19000244140625,156.88999938964844,157.02999877929688,60696
2026-02-25 19:15:00,157.00999450683594,157.0399932861328,156.7100067138672,156.77499389648438,30288
2026-02-25 19:20:00,156.77499389648438,156.8300018310547,156.14999389648438,156.1903076171875,84176
2026-02-25 19:25:00,156.1699981689453,156.25,156.0449981689453,156.1199951171875,42882
2026-02-25 19:30:00,156.12750244140625,156.4250030517578,156.05499267578125,156.4250030517578,42141
2026-02-25 19:35:00,156.46499633789062,156.61500549316406,156.3699951171875,156.61500549316406,36012
2026-02-25 19:40:00,156.61500549316406,156.67999267578125,156.35000610351562,156.49000549316406,64431
2026-02-25 19:45:00,156.49000549316406,156.5399932861328,156.36000061035156,156.3699951171875,49036
2026-02-25 19:50:00,156.40499877929688,156.45989990234375,156.1300048828125,156.24000549316406,48923
2026-02-25 19:55:00,156.24000549316406,156.27999877929688,156.11000061035156,156.1999969482422,34081
2026-02-25 20:00:00,156.18499755859375,156.4199981689453,156.1300048828125,156.4199981689453,46702
2026-02-25 20:05:00,156.40499877929688,156.42999267578125,156.2449951171875,156.36000061035156,46034
2026-02-25 20:10:00,156.38999938964844,156.4698944091797,155.99000549316406,156.0399932861328,40989
2026-02-25 20:15:00,156.07000732421875,156.1699981689453,155.52000427246094,155.6300048828125,105365
2026-02-25 20:20:00,155.6300048828125,155.63499450683594,155.18499755859375,155.2100067138672,120926
2026-02-25 20:25:00,155.14999389648438,155.35000610351562,155.13999938964844,155.18499755859375,140194
2026-02-25 20:30:00,155.2100067138672,155.38999938964844,155.1300048828125,155.25,95767
2026-02-25 20:35:00,155.22999572753906,155.35000610351562,155.0,155.3350067138672,70378
2026-02-25 20:40:00,155.3350067138672,155.47000122070312,155.28500366210938,155.30499267578125,82978
2026-02-25 20:45:00,155.30999755859375,155.4320068359375,155.1300048828125,155.19000244140625,111610
2026-02-25 20:50:00,155.2100067138672,155.75999450683594,155.13499450683594,155.72000122070312,259061
2026-02-25 20:55:00,155.64999389648438,155.8800048828125,155.4499969482422,155.77999877929688,373198
2026-02-26 14:30:00,157.82000732421875,158.3300018310547,156.4149932861328,157.07000732421875,264594
2026-02-26 14:35:00,157.25,158.3300018310547,157.05999755859375,158.16000366210938,87824
2026-02-26 14:40:00,158.17869567871094,158.27000427246094,157.73500061035156,157.9199981689453,67648
2026-02-26 14:45:00,157.8300018310547,158.47999572753906,157.72979736328125,157.97500610351562,96207
2026-02-26 14:50:00,157.99000549316406,158.30999755859375,157.77000427246094,158.01499938964844,41594
2026-02-26 14:55:00,158.01499938964844,158.6699981689453,157.9199981689453,158.61000061035156,66270
2026-02-26 15:00:00,158.52000427246094,158.75999450683594,158.4199981689453,158.50999450683594,85226
2026-02-26 15:05:00,158.47000122070312,158.89990234375,158.47000122070312,158.81179809570312,68800
2026-02-26 15:10:00,158.8300018310547,159.00999450683594,158.52130126953125,158.65499877929688,69135
2026-02-26 15:15:00,158.6199951171875,158.66000366210938,158.32000732421875,158.40499877929688,54409
2026-02-26 15:20:00,158.39999389648438,158.69000244140625,158.27999877929688,158.5399932861328,47147
2026-02-26 15:25:00,158.52999877929688,158.77000427246094,158.47000122070312,158.61000061035156,44544
2026-02-26 15:30:00,158.5800018310547,158.77000427246094,158.4199981689453,158.6750030517578,49728
2026-02-26 15:35:00,158.6999969482422,159.03500366210938,158.69000244140625,158.7050018310547,63158
2026-02-26 15:40:00,158.77999877929688,158.85989379882812,158.49000549316406,158.51499938964844,44790
2026-02-26 15:45:00,158.47000122070312,158.64999389648438,158.32000732421875,158.36000061035156,51687
2026-02-26 15:50:00,158.47000122070312,159.05999755859375,158.47000122070312,158.67999267578125,70235
2026-02-26 15:55:00,158.72999572753906,159.10000610351562,158.6800994873047,158.91000366210938,48206
2026-02-26 16:00:00,158.8699951171875,158.91000366210938,158.625,158.625,48541
2026-02-26 16:05:00,158.5800018310547,158.75,158.52000427246094,158.69000244140625,31357
2026-02-26 16:10:00,158.66000366210938,158.75,158.4600067138672,158.72999572753906,42549
2026-02-26 16:15:00,158.74000549316406,158.9250030517578,158.4499969482422,158.53500366210938,55379
2026-02-26 16:20:00,158.53500366210938,158.57000732421875,158.17999267578125,158.33999633789062,44506
2026-02-26 16:25:00,158.36000061035156,158.47000122070312,158.25,158.38999938964844,39425
2026-02-26 16:30:00,158.4199981689453,158.60000610351562,158.4199981689453,158.49000549316406,35683
2026-02-26 16:35:00,158.47500610351562,158.50999450683594,158.42999267578125,158.44000244140625,31071
2026-02-26 16:40:00,158.4600067138672,158.53759765625,158.3350067138672,158.375,42779
2026-02-26 16:45:00,158.3300018310547,158.375,158.16000366210938,158.16000366210938,38725
2026-02-26 16:50:00,158.13999938964844,158.22500610351562,158.02000427246094,158.02000427246094,48603
2026-02-26 16:55:00,158.0500030517578,158.24000549316406,158.0500030517578,158.1300048828125,36087
2026-02-26 17:00:00,158.125,158.125,157.72999572753906,157.76010131835938,29098
2026-02-26 17:05:00,157.77999877929688,157.77999877929688,157.63999938964844,157.6999969482422,34425
2026-02-26 17:10:00,157.72000122070312,157.7899932861328,157.52999877929688,157.7100067138672,55378
2026-02-26 17:15:00,157.71499633789062,158.05499267578125,157.71499633789062,157.91000366210938,41624
2026-02-26 17:20:00,157.91000366210938,157.91000366210938,157.7899932861328,157.85000610351562,34816
2026-02-26 17:25:00,157.8800048828125,157.8800048828125,157.4423065185547,157.5500030517578,43680
2026-02-26 17:30:00,157.53880310058594,157.6199951171875,157.47999572753906,157.58999633789062,41665
2026-02-26 17:35:00,157.60000610351562,157.875,157.53500366210938,157.86500549316406,116827
2026-02-26 17:40:00,157.86500549316406,158.0500030517578,157.7899932861328,157.7899932861328,126393
2026-02-26 17:45:00,157.77999877929688,158.0800018310547,157.77999877929688,158.0,88367
2026-02-26 17:50:00,157.9949951171875,158.36000061035156,157.97500610351562,158.25999450683594,44461
2026-02-26 17:55:00,158.32000732421875,158.32000732421875,158.14999389648438,158.1999969482422,31757
2026-02-26 18:00:00,158.19500732421875,158.35000610351562,158.1300048828125,158.35000610351562,52875
2026-02-26 18:05:00,158.3699951171875,158.4199981689453,158.3000030517578,158.35000610351562,71713
2026-02-26 18:10:00,158.36000061035156,158.40499877929688,158.27999877929688,158.375,34138
2026-02-26 18:15:00,158.375,158.4799041748047,158.1999969482422,158.22000122070312,66038
2026-02-26 18:20:00,158.19000244140625,158.2050018310547,157.88999938964844,157.88999938964844,139802
2026-02-26 18:25:00,157.88499450683594,157.89999389648438,157.68080139160156,157.82000732421875,39280
2026-02-26 18:30:00,157.82000732421875,157.9199981689453,157.7100067138672,157.9199981689453,31223
2026-02-26 18:35:00,157.86000061035156,158.1999969482422,157.8300018310547,158.19000244140625,43367
2026-02-26 18:40:00,158.20799255371094,158.30999755859375,158.12789916992188,158.2899932861328,30608
2026-02-26 18:45:00,158.2707977294922,158.60000610351562,158.2707977294922,158.5449981689453,31655
2026-02-26 18:50:00,158.52479553222656,158.5800018310547,158.46800231933594,158.5449981689453,31571
2026-02-26 18:55:00,158.5449981689453,158.61000061035156,158.47999572753906,158.5500030517578,36622
2026-02-26 19:00:00,158.52870178222656,158.55499267578125,158.2899932861328,158.51010131835938,128777
2026-02-26 19:05:00,158.52999877929688,158.5500030517578,158.36000061035156,158.41000366210938,37506
2026-02-26 19:10:00,158.4199981689453,158.7050018310547,158.4199981689453,158.57000732421875,36326
2026-02-26 19:15:00,158.5800018310547,158.6999969482422,158.55999755859375,158.6999969482422,34143
2026-02-26 19:20:00,158.7100067138672,158.75999450683594,158.58999633789062,158.69000244140625,44281
2026-02-26 19:25:00,158.65170288085938,158.82000732421875,158.57000732421875,158.81500244140625,38347
2026-02-26 19:30:00,158.7899932861328,158.7899932861328,158.5,158.77369689941406,50698
2026-02-26 19:35:00,158.7899932861328,159.00999450683594,158.7100067138672,158.97999572753906,53645
2026-02-26 19:40:00,158.97999572753906,159.10000610351562,158.97000122070312,159.0,42310
2026-02-26 19:45:00,159.0449981689453,159.16000366210938,159.00999450683594,159.13999938964844,43240
2026-02-26 19:50:00,159.1417999267578,159.32000732421875,159.11000061035156,159.2100067138672,48371
2026-02-26 19:55:00,159.21499633789062,159.3300018310547,159.1199951171875,159.29029846191406,40898
2026-02-26 20:00:00,159.3000030517578,159.3000030517578,159.07000732421875,159.08999633789062,47831
2026-02-26 20:05:00,159.10000610351562,159.10000610351562,159.0,159.03500366210938,41765
2026-02-26 20:10:00,159.0399932861328,159.11000061035156,158.9949951171875,159.10000610351562,59072
2026-02-26 20:15:00,159.07040405273438,159.13999938964844,158.9499969482422,159.0399932861328,57305
2026-02-26 20:20:00,159.0399932861328,159.0500030517578,158.92999267578125,158.99989318847656,97505
2026-02-26 20:25:00,159.0,159.05999755859375,158.66000366210938,158.66000366210938,146750
2026-02-26 20:30:00,158.66000366210938,158.69000244140625,158.52999877929688,158.57000732421875,63105
2026-02-26 20:35:00,158.55999755859375,158.6999969482422,158.50999450683594,158.57000732421875,67137
2026-02-26 20:40:00,158.5749969482422,158.58749389648438,158.3800048828125,158.47000122070312,65357
2026-02-26 20:45:00,158.4600067138672,158.52999877929688,158.30999755859375,158.36000061035156,87816
2026-02-26 20:50:00,158.3800048828125,158.61000061035156,158.33999633789062,158.38999938964844,179057
2026-02-26 20:55:00,158.39999389648438,158.6999969482422,158.32000732421875,158.69000244140625,396871
2026-02-27 14:30:00,158.42999267578125,160.19000244140625,158.39500427246094,159.0449981689453,249427
2026-02-27 14:35:00,158.77999877929688,159.0,158.50999450683594,158.72500610351562,23583
2026-02-27 14:40:00,158.77830505371094,159.2100067138672,158.69000244140625,159.16000366210938,34015
2026-02-27 14:45:00,159.1999969482422,159.43800354003906,158.8300018310547,159.02999877929688,40386
2026-02-27 14:50:00,159.02499389648438,160.02999877929688,159.02499389648438,159.96499633789062,50842
2026-02-27 14:55:00,159.93499755859375,160.16000366210938,159.7899932861328,159.85499572753906,48640
2026-02-27 15:00:00,159.77999877929688,160.0,159.64999389648438,159.78500366210938,45705
2026-02-27 15:05:00,159.69000244140625,160.0,159.50999450683594,159.6199951171875,30320
2026-02-27 15:10:00,159.60499572753906,160.02499389648438,159.5800018310547,159.94000244140625,43563
2026-02-27 15:15:00,159.94000244140625,159.95989990234375,159.7100067138672,159.91000366210938,38612
2026-02-27 15:20:00,159.9149932861328,160.41000366210938,159.9149932861328,160.2050018310547,50860
2026-02-27 15:25:00,160.25999450683594,160.35000610351562,160.13999938964844,160.28990173339844,36148
2026-02-27 15:30:00,160.27000427246094,160.3800048828125,160.0,160.2899932861328,36411
2026-02-27 15:35:00,160.30999755859375,160.41000366210938,159.89999389648438,160.0399932861328,72623
2026-02-27 15:40:00,160.08999633789062,160.15499877929688,160.00010681152344,160.0500030517578,21764
2026-02-27 15:45:00,160.0449981689453,160.13999938964844,160.0,160.0399932861328,29198
2026-02-27 15:50:00,160.03500366210938,160.21499633789062,159.97000122070312,160.01499938964844,29365
2026-02-27 15:55:00,160.01499938964844,160.30499267578125,160.00999450683594,160.27499389648438,49028
2026-02-27 16:00:00,160.33999633789062,160.4600067138672,160.14999389648438,160.4149932861328,48953
2026-02-27 16:05:00,160.3800048828125,160.55999755859375,160.36500549316406,160.5399932861328,39050
2026-02-27 16:10:00,160.55999755859375,160.72999572753906,160.52499389648438,160.5500030517578,26262
2026-02-27 16:15:00,160.52000427246094,160.58999633789062,160.25,160.30999755859375,44545
2026-02-27 16:20:00,160.32850646972656,160.40989685058594,160.25999450683594,160.25999450683594,30595
2026-02-27 16:25:00,160.25999450683594,160.27310180664062,159.7899932861328,159.9499969482422,23063
2026-02-27 16:30:00,159.9499969482422,159.9499969482422,159.55999755859375,159.6300048828125,31563
2026-02-27 16:35:00,159.61000061035156,159.64999389648438,159.37100219726562,159.47999572753906,10569
2026-02-27 16:40:00,159.4550018310547,159.89999389648438,159.4550018310547,159.82000732421875,19487
2026-02-27 16:45:00,159.8300018310547,159.83009338378906,159.64010620117188,159.74000549316406,18855
2026-02-27 16:50:00,159.74000549316406,159.86000061035156,159.6990966796875,159.78500366210938,26028
2026-02-27 16:55:00,159.75999450683594,159.80999755859375,159.49000549316406,159.5850067138672,19502
2026-02-27 17:00:00,159.5500030517578,159.6699981689453,159.47999572753906,159.63009643554688,18745
2026-02-27 17:05:00,159.68499755859375,159.7299041748047,159.6300048828125,159.67669677734375,11222
2026-02-27 17:10:00,159.63999938964844,159.8000030517578,159.63999938964844,159.75,10207
2026-02-27 17:15:00,159.72999572753906,159.7899932861328,159.60000610351562,159.66000366210938,33418
2026-02-27 17:20:00,159.67999267578125,159.75999450683594,159.52000427246094,159.75999450683594,50265
2026-02-27 17:25:00,159.75,159.9199981689453,159.75,159.8249969482422,19037
2026-02-27 17:30:00,159.8249969482422,159.96499633789062,159.78500366210938,159.85000610351562,21020
2026-02-27 17:35:00,159.85499572753906,160.07000732421875,159.85000610351562,160.02999877929688,26843
2026-02-27 17:40:00,160.0800018310547,160.08009338378906,159.9600067138672,160.08009338378906,10831
2026-02-27 17:45:00,160.0800018310547,160.10499572753906,159.91140747070312,160.02000427246094,17745
2026-02-27 17:50:00,160.05999755859375,160.16000366210938,160.0399932861328,160.1300048828125,13686
2026-02-27 17:55:00,160.1699981689453,160.30999755859375,160.13999938964844,160.3000030517578,15688
2026-02-27 18:00:00,160.27000427246094,160.2899932861328,160.00100708007812,160.11000061035156,24477
2026-02-27 18:05:00,160.1300048828125,160.2100067138672,160.10499572753906,160.10499572753906,17368
2026-02-27 18:10:00,160.10000610351562,160.3000030517578,160.07342529296875,160.24000549316406,18352
2026-02-27 18:15:00,160.22000122070312,160.36000061035156,160.22000122070312,160.33999633789062,16891
2026-02-27 18:20:00,160.35499572753906,160.3800048828125,160.2429962158203,160.35000610351562,31458
2026-02-27 18:25:00,160.3699951171875,160.3699951171875,160.24000549316406,160.25,14053
2026-02-27 18:30:00,160.27499389648438,160.35000610351562,160.11500549316406,160.35000610351562,36406
2026-02-27 18:35:00,160.2899932861328,160.39999389648438,160.25999450683594,160.33999633789062,21909
2026-02-27 18:40:00,160.33999633789062,160.39999389648438,160.2274932861328,160.26510620117188,27123
2026-02-27 18:45:00,160.3000030517578,160.35000610351562,160.22999572753906,160.22999572753906,33308
2026-02-27 18:50:00,160.21389770507812,160.22000122070312,160.0,160.00999450683594,30488
2026-02-27 18:55:00,159.9499969482422,159.99569702148438,159.76499938964844,159.83250427246094,17656
2026-02-27 19:00:00,159.75,159.8300018310547,159.5399932861328,159.77000427246094,35373
2026-02-27 19:05:00,159.7949981689453,160.00999450683594,159.77000427246094,159.96499633789062,26254
2026-02-27 19:10:00,159.9499969482422,160.22000122070312,159.9199981689453,160.08999633789062,43372
2026-02-27 19:15:00,160.02999877929688,160.22999572753906,159.9600067138672,160.22500610351562,27897
2026-02-27 19:20:00,160.2050018310547,160.27999877929688,160.11000061035156,160.11000061035156,44158
2026-02-27 19:25:00,160.11500549316406,160.28500366210938,160.0800018310547,160.24000549316406,49386
2026-02-27 19:30:00,160.22000122070312,160.25999450683594,160.0,160.08999633789062,15634
2026-02-27 19:35:00,160.07000732421875,160.1999969482422,160.0500030517578,160.18499755859375,23059
2026-02-27 19:40:00,160.18499755859375,160.19000244140625,160.0500030517578,160.14999389648438,26470
2026-02-27 19:45:00,160.1699981689453,160.25,160.02999877929688,160.0749969482422,29490
2026-02-27 19:50:00,160.08999633789062,160.14999389648438,160.00059509277344,160.11500549316406,34498
2026-02-27 19:55:00,160.10000610351562,160.24000549316406,160.0800018310547,160.24000549316406,31107
2026-02-27 20:00:00,160.25,160.27000427246094,160.08999633789062,160.13499450683594,35130
2026-02-27 20:05:00,160.11000061035156,160.27499389648438,160.0800018310547,160.23500061035156,45046
2026-02-27 20:10:00,160.22000122070312,160.39999389648438,160.1699981689453,160.375,64975
2026-02-27 20:15:00,160.39999389648438,160.625,160.35000610351562,160.57000732421875,65890
2026-02-27 20:20:00,160.55999755859375,160.77999877929688,160.50999450683594,160.67999267578125,76045
2026-02-27 20:25:00,160.7100067138672,160.72999572753906,160.60000610351562,160.72000122070312,50637
2026-02-27 20:30:00,160.72000122070312,160.9499969482422,160.66000366210938,160.8800048828125,75484
2026-02-27 20:35:00,160.8800048828125,160.94000244140625,160.7899932861328,160.94000244140625,53836
2026-02-27 20:40:00,160.88999938964844,160.99000549316406,160.8000030517578,160.97999572753906,62134
2026-02-27 20:45:00,160.99000549316406,161.0500030517578,160.77999877929688,160.9199981689453,112269
2026-02-27 20:50:00,160.90499877929688,161.3800048828125,160.86000061035156,160.9149932861328,165582
2026-02-27 20:55:00,160.8975067138672,161.6300048828125,160.85000610351562,161.59500122070312,575776
