timestamp,Open,High,Low,Close,Volume
2026-01-08 14:30:00,5.454999923706055,5.53000020980835,5.360000133514404,5.494999885559082,609694
2026-01-08 14:35:00,5.494999885559082,5.519999980926514,5.485000133514404,5.494999885559082,81524
2026-01-08 14:40:00,5.494999885559082,5.529900074005127,5.489999771118164,5.525000095367432,190285
2026-01-08 14:45:00,5.525000095367432,5.565000057220459,5.510000228881836,5.554999828338623,169895
2026-01-08 14:50:00,5.559999942779541,5.605000019073486,5.559999942779541,5.5945000648498535,71508
2026-01-08 14:55:00,5.59499979019165,5.619999885559082,5.584499835968018,5.605000019073486,259372
2026-01-08 15:00:00,5.599999904632568,5.599999904632568,5.54010009765625,5.565000057220459,84867
2026-01-08 15:05:00,5.565000057220459,5.590000152587891,5.565000057220459,5.590000152587891,74958
2026-01-08 15:10:00,5.585000038146973,5.590000152587891,5.554999828338623,5.554999828338623,39422
2026-01-08 15:15:00,5.554999828338623,5.570000171661377,5.554999828338623,5.565000057220459,32300
2026-01-08 15:20:00,5.565000057220459,5.574999809265137,5.559999942779541,5.565000057220459,52692
2026-01-08 15:25:00,5.565000057220459,5.574999809265137,5.550000190734863,5.554999828338623,60429
2026-01-08 15:30:00,5.554999828338623,5.554999828338623,5.545000076293945,5.554999828338623,30388
2026-01-08 15:35:00,5.556700229644775,5.570000171661377,5.550000190734863,5.565000057220459,75210
2026-01-08 15:40:00,5.565000057220459,5.565000057220459,5.534999847412109,5.5355000495910645,39987
2026-01-08 15:45:00,5.534999847412109,5.579999923706055,5.534999847412109,5.579999923706055,57492
2026-01-08 15:50:00,5.574999809265137,5.59499979019165,5.570000171661377,5.585000038146973,68499
2026-01-08 15:55:00,5.579999923706055,5.616799831390381,5.579999923706055,5.605000019073486,47025
2026-01-08 16:00:00,5.610000133514404,5.644999980926514,5.602099895477295,5.644999980926514,54781
2026-01-08 16:05:00,5.6427001953125,5.65500020980835,5.625,5.650000095367432,184975
2026-01-08 16:10:00,5.657199859619141,5.679999828338623,5.650000095367432,5.664999961853027,91704
2026-01-08 16:15:00,5.664999961853027,5.670000076293945,5.644999980926514,5.669700145721436,84638
2026-01-08 16:20:00,5.659999847412109,5.684999942779541,5.659999847412109,5.659999847412109,124246
2026-01-08 16:25:00,5.664999961853027,5.679999828338623,5.650000095367432,5.670300006866455,80754
2026-01-08 16:30:00,5.675000190734863,5.690000057220459,5.659999847412109,5.664999961853027,93068
2026-01-08 16:35:00,5.664999961853027,5.679999828338623,5.660099983215332,5.667099952697754,68936
2026-01-08 16:40:00,5.670000076293945,5.679999828338623,5.659999847412109,5.664999961853027,51655
2026-01-08 16:45:00,5.664999961853027,5.669899940490723,5.659999847412109,5.667200088500977,53625
2026-01-08 16:50:00,5.670000076293945,5.670000076293945,5.650000095367432,5.650000095367432,49372
2026-01-08 16:55:00,5.65500020980835,5.670000076293945,5.650000095367432,5.664999961853027,64908
2026-01-08 17:00:00,5.664999961853027,5.706900119781494,5.664999961853027,5.689899921417236,246180
2026-01-08 17:05:00,5.685400009155273,5.699999809265137,5.679999828338623,5.690000057220459,102280
2026-01-08 17:10:00,5.692500114440918,5.710000038146973,5.690000057220459,5.709000110626221,30745
2026-01-08 17:15:00,5.710000038146973,5.710000038146973,5.690000057220459,5.690000057220459,60872
2026-01-08 17:20:00,5.690000057220459,5.690000057220459,5.679999828338623,5.679999828338623,52299
2026-01-08 17:25:00,5.679999828338623,5.710000038146973,5.679999828338623,5.709799766540527,87295
2026-01-08 17:30:00,5.704999923706055,5.760000228881836,5.704999923706055,5.735000133514404,167539
2026-01-08 17:35:00,5.735000133514404,5.760000228881836,5.735000133514404,5.755000114440918,113713
2026-01-08 17:40:00,5.750100135803223,5.760000228881836,5.742899894714356,5.755000114440918,113408
2026-01-08 17:45:00,5.753200054168701,5.760000228881836,5.75,5.755000114440918,42259
2026-01-08 17:50:00,5.755000114440918,5.755000114440918,5.730000019073486,5.744999885559082,83674
2026-01-08 17:55:00,5.744999885559082,5.760000228881836,5.739999771118164,5.744999885559082,66163
2026-01-08 18:00:00,5.75,5.758399963378906,5.74399995803833,5.755000114440918,80765
2026-01-08 18:05:00,5.755000114440918,5.760000228881836,5.744999885559082,5.744999885559082,35615
2026-01-08 18:10:00,5.744999885559082,5.744999885559082,5.730000019073486,5.735000133514404,57890
2026-01-08 18:15:00,5.739999771118164,5.744999885559082,5.730000019073486,5.735000133514404,77286
2026-01-08 18:20:00,5.739999771118164,5.739999771118164,5.721700191497803,5.730000019073486,65140
2026-01-08 18:25:00,5.730000019073486,5.735000133514404,5.710000038146973,5.715000152587891,118429
2026-01-08 18:30:00,5.71999979019165,5.735599994659424,5.71999979019165,5.735000133514404,88647
2026-01-08 18:35:00,5.739999771118164,5.75,5.730000019073486,5.744999885559082,61151
2026-01-08 18:40:00,5.741000175476074,5.749899864196777,5.71999979019165,5.744999885559082,51098
2026-01-08 18:45:00,5.744999885559082,5.760000228881836,5.739999771118164,5.749199867248535,134768
2026-01-08 18:50:00,5.75,5.760000228881836,5.744999885559082,5.755000114440918,97055
2026-01-08 18:55:00,5.760000228881836,5.769999980926514,5.75,5.769999980926514,111802
2026-01-08 19:00:00,5.769999980926514,5.769999980926514,5.75,5.75,85512
2026-01-08 19:05:00,5.755000114440918,5.789999961853027,5.75,5.789999961853027,100772
2026-01-08 19:10:00,5.795000076293945,5.800000190734863,5.789999961853027,5.795000076293945,46764
2026-01-08 19:15:00,5.795000076293945,5.809999942779541,5.789999961853027,5.804999828338623,47836
2026-01-08 19:20:00,5.804999828338623,5.809999942779541,5.789999961853027,5.795000076293945,63287
2026-01-08 19:25:00,5.795000076293945,5.835000038146973,5.792500019073486,5.8246002197265625,104733
2026-01-08 19:30:00,5.824999809265137,5.848599910736084,5.821400165557861,5.835000038146973,108911
2026-01-08 19:35:00,5.837100028991699,5.840000152587891,5.829999923706055,5.830699920654297,32554
2026-01-08 19:40:00,5.835000038146973,5.835000038146973,5.815000057220459,5.824999809265137,78316
2026-01-08 19:45:00,5.824999809265137,5.829999923706055,5.811275959014893,5.815000057220459,84287
2026-01-08 19:50:00,5.815000057220459,5.829999923706055,5.809999942779541,5.815000057220459,63328
2026-01-08 19:55:00,5.814599990844727,5.86899995803833,5.814599990844727,5.864999771118164,117160
2026-01-08 20:00:00,5.863699913024902,5.869999885559082,5.829999923706055,5.835000038146973,114327
2026-01-08 20:05:00,5.840000152587891,5.860000133514404,5.83459997177124,5.855000019073486,158990
2026-01-08 20:10:00,5.859499931335449,5.86959981918335,5.849999904632568,5.860000133514404,144135
2026-01-08 20:15:00,5.860000133514404,5.880000114440918,5.85099983215332,5.855000019073486,114876
2026-01-08 20:20:00,5.855000019073486,5.889999866485596,5.854000091552734,5.875,165161
2026-01-08 20:25:00,5.871399879455566,5.875,5.849999904632568,5.849999904632568,86562
2026-01-08 20:30:00,5.855000019073486,5.859899997711182,5.840000152587891,5.84499979019165,121310
2026-01-08 20:35:00,5.848400115966797,5.849999904632568,5.840000152587891,5.840000152587891,84354
2026-01-08 20:40:00,5.84499979019165,5.84499979019165,5.820000171661377,5.824999809265137,117524
2026-01-08 20:45:00,5.824999809265137,5.829999923706055,5.769999980926514,5.775000095367432,279687
2026-01-08 20:50:00,5.769999980926514,5.78000020980835,5.755000114440918,5.775000095367432,193705
2026-01-08 20:55:00,5.78000020980835,5.800000190734863,5.775000095367432,5.800000190734863,385251
2026-01-09 14:30:00,5.820000171661377,5.880000114440918,5.757999897003174,5.760000228881836,244911
2026-01-09 14:35:00,5.760000228881836,5.760000228881836,5.710000038146973,5.75,95034
2026-01-09 14:40:00,5.739999771118164,5.769999980926514,5.715000152587891,5.715000152587891,47150
2026-01-09 14:45:00,5.71999979019165,5.75,5.714099884033203,5.714099884033203,65612
2026-01-09 14:50:00,5.715000152587891,5.730000019073486,5.699999809265137,5.702499866485596,88131
2026-01-09 14:55:00,5.704999923706055,5.716100215911865,5.664999961853027,5.66540002822876,93915
2026-01-09 15:00:00,5.670000076293945,5.675000190734863,5.514999866485596,5.514999866485596,275246
2026-01-09 15:05:00,5.514999866485596,5.525000095367432,5.460000038146973,5.485000133514404,271793
2026-01-09 15:10:00,5.480000019073486,5.517499923706055,5.46999979019165,5.505000114440918,108746
2026-01-09 15:15:00,5.509300231933594,5.539999961853027,5.506400108337402,5.53000020980835,141521
2026-01-09 15:20:00,5.534800052642822,5.559899806976318,5.519999980926514,5.545000076293945,103895
2026-01-09 15:25:00,5.550000190734863,5.554999828338623,5.534999847412109,5.545000076293945,82640
2026-01-09 15:30:00,5.545000076293945,5.545000076293945,5.521200180053711,5.534999847412109,61186
2026-01-09 15:35:00,5.53000020980835,5.539999961853027,5.510000228881836,5.53000020980835,126570
2026-01-09 15:40:00,5.53000020980835,5.534999847412109,5.5,5.500699996948242,39331
2026-01-09 15:45:00,5.505000114440918,5.507299900054932,5.46999979019165,5.470099925994873,170611
2026-01-09 15:50:00,5.474999904632568,5.474999904632568,5.429999828338623,5.43809986114502,192675
2026-01-09 15:55:00,5.434999942779541,5.466800212860107,5.429999828338623,5.454999923706055,120903
2026-01-09 16:00:00,5.449999809265137,5.454999923706055,5.425000190734863,5.430099964141846,43679
2026-01-09 16:05:00,5.429999828338623,5.440000057220459,5.420000076293945,5.420100212097168,47154
2026-01-09 16:10:00,5.425000190734863,5.445000171661377,5.409999847412109,5.4359002113342285,208308
2026-01-09 16:15:00,5.434999942779541,5.445000171661377,5.429999828338623,5.445000171661377,48188
2026-01-09 16:20:00,5.445000171661377,5.460000038146973,5.440100193023682,5.445000171661377,167321
2026-01-09 16:25:00,5.440100193023682,5.449900150299072,5.429999828338623,5.438399791717529,30574
2026-01-09 16:30:00,5.439899921417236,5.440000057220459,5.420100212097168,5.425000190734863,57162
2026-01-09 16:35:00,5.425000190734863,5.429999828338623,5.420000076293945,5.420000076293945,77072
2026-01-09 16:40:00,5.42140007019043,5.429900169372559,5.420000076293945,5.427000045776367,71284
2026-01-09 16:45:00,5.426700115203857,5.434999942779541,5.414999961853027,5.434999942779541,93436
2026-01-09 16:50:00,5.440000057220459,5.454999923706055,5.429999828338623,5.434599876403809,56682
2026-01-09 16:55:00,5.439899921417236,5.449900150299072,5.434100151062012,5.445000171661377,41341
2026-01-09 17:00:00,5.449999809265137,5.449999809265137,5.429999828338623,5.4375,49086
2026-01-09 17:05:00,5.437300205230713,5.460000038146973,5.434999942779541,5.454999923706055,86935
2026-01-09 17:10:00,5.454999923706055,5.454999923706055,5.429999828338623,5.434999942779541,59351
2026-01-09 17:15:00,5.434999942779541,5.43720006942749,5.429999828338623,5.431399822235107,14051
2026-01-09 17:20:00,5.434999942779541,5.440000057220459,5.429999828338623,5.429999828338623,47178
2026-01-09 17:25:00,5.434999942779541,5.445000171661377,5.420000076293945,5.439799785614014,214268
2026-01-09 17:30:00,5.434999942779541,5.439899921417236,5.420000076293945,5.420000076293945,68790
2026-01-09 17:35:00,5.425000190734863,5.429999828338623,5.420000076293945,5.429999828338623,32923
2026-01-09 17:40:00,5.424099922180176,5.440000057220459,5.420000076293945,5.435100078582764,61652
2026-01-09 17:45:00,5.434999942779541,5.440000057220459,5.429999828338623,5.434999942779541,27887
2026-01-09 17:50:00,5.434999942779541,5.449999809265137,5.429999828338623,5.445000171661377,77012
2026-01-09 17:55:00,5.445000171661377,5.447299957275391,5.440000057220459,5.440000057220459,38684
2026-01-09 18:00:00,5.440000057220459,5.454999923706055,5.434599876403809,5.454999923706055,64012
2026-01-09 18:05:00,5.451099872589111,5.454999923706055,5.440000057220459,5.445000171661377,26668
2026-01-09 18:10:00,5.445000171661377,5.451499938964844,5.440000057220459,5.444499969482422,22978
2026-01-09 18:15:00,5.44980001449585,5.458600044250488,5.445000171661377,5.449999809265137,37480
2026-01-09 18:20:00,5.451300144195557,5.45989990234375,5.449999809265137,5.4532999992370605,38384
2026-01-09 18:25:00,5.449999809265137,5.449999809265137,5.440000057220459,5.443299770355225,51257
2026-01-09 18:30:00,5.449999809265137,5.455399990081787,5.440000057220459,5.445000171661377,95884
2026-01-09 18:35:00,5.445000171661377,5.449999809265137,5.440000057220459,5.449999809265137,30241
2026-01-09 18:40:00,5.44980001449585,5.449999809265137,5.440000057220459,5.440000057220459,6098
2026-01-09 18:45:00,5.447500228881836,5.447500228881836,5.429999828338623,5.434999942779541,56614
2026-01-09 18:50:00,5.434999942779541,5.440000057220459,5.429999828338623,5.429999828338623,20826
2026-01-09 18:55:00,5.435400009155273,5.440000057220459,5.429999828338623,5.434999942779541,36944
2026-01-09 19:00:00,5.434999942779541,5.439899921417236,5.429999828338623,5.434999942779541,8197
2026-01-09 19:05:00,5.434999942779541,5.434999942779541,5.429999828338623,5.429999828338623,27479
2026-01-09 19:10:00,5.429999828338623,5.440000057220459,5.425000190734863,5.429999828338623,92352
2026-01-09 19:15:00,5.432400226593018,5.445400238037109,5.429999828338623,5.434999942779541,99180
2026-01-09 19:20:00,5.434999942779541,5.449999809265137,5.431399822235107,5.445000171661377,43035
2026-01-09 19:25:00,5.445000171661377,5.445000171661377,5.440000057220459,5.445000171661377,47912
2026-01-09 19:30:00,5.445000171661377,5.449999809265137,5.429999828338623,5.43149995803833,136556
2026-01-09 19:35:00,5.440000057220459,5.440000057220459,5.409999847412109,5.425000190734863,129590
2026-01-09 19:40:00,5.425000190734863,5.435400009155273,5.425000190734863,5.429100036621094,96496
2026-01-09 19:45:00,5.425000190734863,5.429999828338623,5.420000076293945,5.425000190734863,20001
2026-01-09 19:50:00,5.429900169372559,5.434999942779541,5.420000076293945,5.434999942779541,50583
2026-01-09 19:55:00,5.434999942779541,5.434999942779541,5.429999828338623,5.434999942779541,15619
2026-01-09 20:00:00,5.434999942779541,5.460000038146973,5.429999828338623,5.456099987030029,82475
2026-01-09 20:05:00,5.454999923706055,5.460000038146973,5.449999809265137,5.454999923706055,31886
2026-01-09 20:10:00,5.454999923706055,5.460000038146973,5.45419979095459,5.460000038146973,14001
2026-01-09 20:15:00,5.460000038146973,5.460000038146973,5.449999809265137,5.460000038146973,25201
2026-01-09 20:20:00,5.454999923706055,5.455900192260742,5.449999809265137,5.454999923706055,37839
2026-01-09 20:25:00,5.454999923706055,5.460000038146973,5.449999809265137,5.454999923706055,13016
2026-01-09 20:30:00,5.454999923706055,5.46999979019165,5.449999809265137,5.465000152587891,119013
2026-01-09 20:35:00,5.465000152587891,5.46999979019165,5.460000038146973,5.465000152587891,36547
2026-01-09 20:40:00,5.465000152587891,5.485000133514404,5.465000152587891,5.474999904632568,150676
2026-01-09 20:45:00,5.46999979019165,5.480000019073486,5.460000038146973,5.460000038146973,197147
2026-01-09 20:50:00,5.460000038146973,5.465000152587891,5.449999809265137,5.460000038146973,169560
2026-01-09 20:55:00,5.460000038146973,5.474999904632568,5.452700138092041,5.46999979019165,347134
2026-01-12 14:30:00,5.289999961853027,5.289999961853027,5.199999809265137,5.210000038146973,448922
2026-01-12 14:35:00,5.200099945068359,5.255000114440918,5.195000171661377,5.255000114440918,132884
2026-01-12 14:40:00,5.25,5.264999866485596,5.224999904632568,5.264999866485596,80834
2026-01-12 14:45:00,5.26800012588501,5.349999904632568,5.261000156402588,5.329999923706055,144553
2026-01-12 14:50:00,5.329999923706055,5.349999904632568,5.289999961853027,5.295000076293945,119893
2026-01-12 14:55:00,5.295000076293945,5.329999923706055,5.294000148773193,5.320000171661377,57941
2026-01-12 15:00:00,5.324999809265137,5.324999809265137,5.275000095367432,5.275000095367432,39970
2026-01-12 15:05:00,5.275000095367432,5.300000190734863,5.275000095367432,5.295000076293945,46797
2026-01-12 15:10:00,5.289999961853027,5.295000076293945,5.269999980926514,5.269999980926514,52463
2026-01-12 15:15:00,5.28000020980835,5.304999828338623,5.28000020980835,5.304999828338623,59683
2026-01-12 15:20:00,5.304999828338623,5.309999942779541,5.289999961853027,5.30019998550415,27582
2026-01-12 15:25:00,5.300300121307373,5.30679988861084,5.289999961853027,5.300000190734863,17498
2026-01-12 15:30:00,5.304999828338623,5.320000171661377,5.300000190734863,5.315000057220459,24274
2026-01-12 15:35:00,5.315000057220459,5.320000171661377,5.300000190734863,5.319900035858154,30925
2026-01-12 15:40:00,5.315000057220459,5.329999923706055,5.315000057220459,5.329999923706055,26278
2026-01-12 15:45:00,5.320000171661377,5.329999923706055,5.320000171661377,5.3277997970581055,17319
2026-01-12 15:50:00,5.326700210571289,5.349899768829346,5.324999809265137,5.335000038146973,21569
2026-01-12 15:55:00,5.340000152587891,5.355000019073486,5.340000152587891,5.355000019073486,24652
2026-01-12 16:00:00,5.355000019073486,5.355000019073486,5.3429999351501465,5.349999904632568,41177
2026-01-12 16:05:00,5.353099822998047,5.364999771118164,5.35099983215332,5.352399826049805,39352
2026-01-12 16:10:00,5.355000019073486,5.356900215148926,5.340000152587891,5.355000019073486,29038
2026-01-12 16:15:00,5.351099967956543,5.360000133514404,5.349999904632568,5.355000019073486,9194
2026-01-12 16:20:00,5.355000019073486,5.375,5.353700160980225,5.375,25220
2026-01-12 16:25:00,5.375,5.400000095367432,5.375,5.400000095367432,47352
2026-01-12 16:30:00,5.400000095367432,5.429299831390381,5.389999866485596,5.422500133514404,32699
2026-01-12 16:35:00,5.420000076293945,5.429999828338623,5.420000076293945,5.425000190734863,56040
2026-01-12 16:40:00,5.420100212097168,5.449999809265137,5.420000076293945,5.430099964141846,79582
2026-01-12 16:45:00,5.429999828338623,5.434999942779541,5.420000076293945,5.429999828338623,21317
2026-01-12 16:50:00,5.429999828338623,5.440000057220459,5.420100212097168,5.425000190734863,35802
2026-01-12 16:55:00,5.423999786376953,5.425000190734863,5.410099983215332,5.414599895477295,34910
2026-01-12 17:00:00,5.419899940490723,5.429999828338623,5.409999847412109,5.425000190734863,17810
2026-01-12 17:05:00,5.425000190734863,5.429999828338623,5.420000076293945,5.425000190734863,11875
2026-01-12 17:10:00,5.425000190734863,5.429999828338623,5.414999961853027,5.414999961853027,17998
2026-01-12 17:15:00,5.414999961853027,5.420000076293945,5.409999847412109,5.414999961853027,11571
2026-01-12 17:20:00,5.414999961853027,5.427800178527832,5.409999847412109,5.41404914855957,53775
2026-01-12 17:25:00,5.414999961853027,5.414999961853027,5.404799938201904,5.404799938201904,9917
2026-01-12 17:30:00,5.400700092315674,5.409999847412109,5.389999866485596,5.40500020980835,70506
2026-01-12 17:35:00,5.400000095367432,5.408999919891357,5.400000095367432,5.4045000076293945,16256
2026-01-12 17:40:00,5.401299953460693,5.409999847412109,5.400000095367432,5.40500020980835,25814
2026-01-12 17:45:00,5.409999847412109,5.420000076293945,5.404399871826172,5.409999847412109,19137
2026-01-12 17:50:00,5.410699844360352,5.418799877166748,5.404600143432617,5.409999847412109,48010
2026-01-12 17:55:00,5.40500020980835,5.405399799346924,5.3927998542785645,5.3927998542785645,16529
2026-01-12 18:00:00,5.3913397789001465,5.400000095367432,5.390100002288818,5.394999980926514,28424
2026-01-12 18:05:00,5.394999980926514,5.400000095367432,5.389999866485596,5.399899959564209,7578
2026-01-12 18:10:00,5.400000095367432,5.420000076293945,5.400000095367432,5.420000076293945,42491
2026-01-12 18:15:00,5.420000076293945,5.429999828338623,5.420000076293945,5.429999828338623,12174
2026-01-12 18:20:00,5.429999828338623,5.445000171661377,5.425000190734863,5.434999942779541,68580
2026-01-12 18:25:00,5.440000057220459,5.440000057220459,5.4334001541137695,5.440000057220459,20237
2026-01-12 18:30:00,5.434999942779541,5.440000057220459,5.429999828338623,5.434999942779541,13668
2026-01-12 18:35:00,5.434999942779541,5.445000171661377,5.420100212097168,5.434999942779541,58583
2026-01-12 18:40:00,5.434999942779541,5.434999942779541,5.420100212097168,5.425000190734863,8730
2026-01-12 18:45:00,5.425000190734863,5.440000057220459,5.425000190734863,5.440000057220459,30105
2026-01-12 18:50:00,5.440000057220459,5.449999809265137,5.434999942779541,5.445000171661377,31776
2026-01-12 18:55:00,5.445000171661377,5.445000171661377,5.429999828338623,5.434999942779541,34265
2026-01-12 19:00:00,5.440000057220459,5.449999809265137,5.434999942779541,5.434999942779541,26465
2026-01-12 19:05:00,5.434999942779541,5.440000057220459,5.434999942779541,5.440000057220459,11106
2026-01-12 19:10:00,5.440000057220459,5.449999809265137,5.429999828338623,5.434999942779541,66318
2026-01-12 19:15:00,5.434999942779541,5.440000057220459,5.424099922180176,5.424099922180176,42371
2026-01-12 19:20:00,5.425000190734863,5.429999828338623,5.414999961853027,5.414999961853027,22506
2026-01-12 19:25:00,5.414999961853027,5.414999961853027,5.40500020980835,5.409999847412109,20927
2026-01-12 19:30:00,5.40500020980835,5.409999847412109,5.402999877929688,5.40500020980835,9298
2026-01-12 19:35:00,5.40500020980835,5.40500020980835,5.389999866485596,5.394999980926514,32469
2026-01-12 19:40:00,5.394999980926514,5.400000095367432,5.380099773406982,5.385000228881836,63508
2026-01-12 19:45:00,5.380000114440918,5.400000095367432,5.375,5.394999980926514,42908
2026-01-12 19:50:00,5.394999980926514,5.400000095367432,5.389999866485596,5.389999866485596,45564
2026-01-12 19:55:00,5.394999980926514,5.409999847412109,5.389999866485596,5.40500020980835,29412
2026-01-12 20:00:00,5.40399980545044,5.409999847412109,5.400000095367432,5.40500020980835,24706
2026-01-12 20:05:00,5.40500020980835,5.409999847412109,5.385000228881836,5.40500020980835,41856
2026-01-12 20:10:00,5.40500020980835,5.40500020980835,5.392099857330322,5.394999980926514,18066
2026-01-12 20:15:00,5.394999980926514,5.400000095367432,5.380000114440918,5.385000228881836,34689
2026-01-12 20:20:00,5.385000228881836,5.385000228881836,5.380000114440918,5.380000114440918,17408
2026-01-12 20:25:00,5.385000228881836,5.389999866485596,5.369999885559082,5.375,24227
2026-01-12 20:30:00,5.380000114440918,5.380000114440918,5.369999885559082,5.378900051116943,35391
2026-01-12 20:35:00,5.378900051116943,5.400000095367432,5.378900051116943,5.394599914550781,52425
2026-01-12 20:40:00,5.400000095367432,5.409999847412109,5.394999980926514,5.409999847412109,64013
2026-01-12 20:45:00,5.40500020980835,5.429999828338623,5.400000095367432,5.425000190734863,125039
2026-01-12 20:50:00,5.425000190734863,5.429999828338623,5.409999847412109,5.425000190734863,121808
2026-01-12 20:55:00,5.425000190734863,5.428699970245361,5.400000095367432,5.400000095367432,243095
2026-01-13 14:30:00,5.440000057220459,5.440000057220459,5.389999866485596,5.394999980926514,157764
2026-01-13 14:35:00,5.389999866485596,5.389999866485596,5.331099987030029,5.340000152587891,47661
2026-01-13 14:40:00,5.34499979019165,5.369999885559082,5.340000152587891,5.349999904632568,51868
2026-01-13 14:45:00,5.355000019073486,5.369999885559082,5.3333001136779785,5.3333001136779785,42332
2026-01-13 14:50:00,5.329999923706055,5.329999923706055,5.309999942779541,5.3256001472473145,31784
2026-01-13 14:55:00,5.320000171661377,5.335000038146973,5.320000171661377,5.324999809265137,17081
2026-01-13 15:00:00,5.324999809265137,5.324999809265137,5.28000020980835,5.289999961853027,38242
2026-01-13 15:05:00,5.284999847412109,5.299900054931641,5.28000020980835,5.295000076293945,39160
2026-01-13 15:10:00,5.295400142669678,5.295400142669678,5.28000020980835,5.284999847412109,53271
2026-01-13 15:15:00,5.289999961853027,5.297299861907959,5.285600185394287,5.295000076293945,20579
2026-01-13 15:20:00,5.300000190734863,5.309899806976318,5.295000076293945,5.304999828338623,23687
2026-01-13 15:25:00,5.304999828338623,5.309999942779541,5.289999961853027,5.295000076293945,53727
2026-01-13 15:30:00,5.289999961853027,5.299900054931641,5.28000020980835,5.295000076293945,48979
2026-01-13 15:35:00,5.295000076293945,5.324999809265137,5.295000076293945,5.324999809265137,22756
2026-01-13 15:40:00,5.320700168609619,5.335000038146973,5.310100078582764,5.335000038146973,67616
2026-01-13 15:45:00,5.329999923706055,5.329999923706055,5.310100078582764,5.315000057220459,18998
2026-01-13 15:50:00,5.315000057220459,5.315000057220459,5.300000190734863,5.304999828338623,45196
2026-01-13 15:55:00,5.304999828338623,5.340000152587891,5.304999828338623,5.304999828338623,53057
2026-01-13 16:00:00,5.304999828338623,5.320000171661377,5.304599761962891,5.316400051116943,54693
2026-01-13 16:05:00,5.320000171661377,5.320000171661377,5.304999828338623,5.304999828338623,15452
2026-01-13 16:10:00,5.304999828338623,5.309999942779541,5.295000076293945,5.300000190734863,36339
2026-01-13 16:15:00,5.304999828338623,5.320000171661377,5.304999828338623,5.315000057220459,49096
2026-01-13 16:20:00,5.315000057220459,5.316999912261963,5.300099849700928,5.304999828338623,41108
2026-01-13 16:25:00,5.304999828338623,5.315000057220459,5.300000190734863,5.315000057220459,13504
2026-01-13 16:30:00,5.315000057220459,5.329999923706055,5.315000057220459,5.329500198364258,18662
2026-01-13 16:35:00,5.328499794006348,5.329999923706055,5.315000057220459,5.316500186920166,10313
2026-01-13 16:40:00,5.315000057220459,5.324999809265137,5.309999942779541,5.315000057220459,21557
2026-01-13 16:45:00,5.309999942779541,5.315000057220459,5.300099849700928,5.309999942779541,11220
2026-01-13 16:50:00,5.315000057220459,5.320000171661377,5.313399791717529,5.320000171661377,4594
2026-01-13 16:55:00,5.315000057220459,5.324999809265137,5.308000087738037,5.321400165557861,46844
2026-01-13 17:00:00,5.32450008392334,5.339900016784668,5.320000171661377,5.324999809265137,17395
2026-01-13 17:05:00,5.328999996185303,5.329999923706055,5.320099830627441,5.325399875640869,6007
2026-01-13 17:10:00,5.322000026702881,5.324999809265137,5.314599990844727,5.324999809265137,30367
2026-01-13 17:15:00,5.323599815368652,5.335000038146973,5.323599815368652,5.32450008392334,20380
2026-01-13 17:20:00,5.329999923706055,5.340000152587891,5.3246002197265625,5.335000038146973,17538
2026-01-13 17:25:00,5.335700035095215,5.378499984741211,5.320000171661377,5.335000038146973,83287
2026-01-13 17:30:00,5.335000038146973,5.339799880981445,5.320000171661377,5.339799880981445,15453
2026-01-13 17:35:00,5.335000038146973,5.349999904632568,5.324999809265137,5.349999904632568,25440
2026-01-13 17:40:00,5.34499979019165,5.355400085449219,5.34499979019165,5.350299835205078,27091
2026-01-13 17:45:00,5.360000133514404,5.369999885559082,5.355000019073486,5.364999771118164,26624
2026-01-13 17:50:00,5.364999771118164,5.366099834442139,5.360000133514404,5.366099834442139,17435
2026-01-13 17:55:00,5.364999771118164,5.369900226593018,5.360000133514404,5.364999771118164,15588
2026-01-13 18:00:00,5.364999771118164,5.375,5.360000133514404,5.371399879455566,31179
2026-01-13 18:05:00,5.375,5.389999866485596,5.375,5.38539981842041,32749
2026-01-13 18:10:00,5.385000228881836,5.395400047302246,5.375,5.39109992980957,41710
2026-01-13 18:15:00,5.399899959564209,5.420000076293945,5.394999980926514,5.414999961853027,59588
2026-01-13 18:20:00,5.414999961853027,5.429999828338623,5.409999847412109,5.429999828338623,59390
2026-01-13 18:25:00,5.425000190734863,5.449999809265137,5.417200088500977,5.448800086975098,85315
2026-01-13 18:30:00,5.449999809265137,5.494999885559082,5.449999809265137,5.494100093841553,73520
2026-01-13 18:35:00,5.499899864196777,5.5,5.480000019073486,5.4899001121521,61105
2026-01-13 18:40:00,5.485000133514404,5.514999866485596,5.480899810791016,5.494999885559082,87220
2026-01-13 18:45:00,5.485000133514404,5.485000133514404,5.460000038146973,5.480000019073486,92633
2026-01-13 18:50:00,5.480000019073486,5.489999771118164,5.480000019073486,5.485499858856201,28945
2026-01-13 18:55:00,5.489999771118164,5.489999771118164,5.46150016784668,5.46999979019165,59246
2026-01-13 19:00:00,5.465000152587891,5.480000019073486,5.463399887084961,5.474999904632568,25435
2026-01-13 19:05:00,5.474999904632568,5.489999771118164,5.474999904632568,5.485000133514404,56246
2026-01-13 19:10:00,5.480000019073486,5.485400199890137,5.46999979019165,5.480000019073486,48597
2026-01-13 19:15:00,5.479000091552734,5.494999885559082,5.46999979019165,5.494999885559082,70674
2026-01-13 19:20:00,5.489999771118164,5.505000114440918,5.480000019073486,5.494999885559082,75216
2026-01-13 19:25:00,5.494999885559082,5.494999885559082,5.480000019073486,5.480000019073486,64634
2026-01-13 19:30:00,5.485000133514404,5.489999771118164,5.474999904632568,5.489999771118164,47058
2026-01-13 19:35:00,5.489999771118164,5.494999885559082,5.46999979019165,5.474999904632568,75739
2026-01-13 19:40:00,5.474999904632568,5.485000133514404,5.474599838256836,5.480000019073486,25412
2026-01-13 19:45:00,5.480000019073486,5.485000133514404,5.46999979019165,5.470099925994873,70176
2026-01-13 19:50:00,5.480000019073486,5.485000133514404,5.470099925994873,5.485000133514404,35194
2026-01-13 19:55:00,5.485000133514404,5.489999771118164,5.480000019073486,5.480000019073486,35734
2026-01-13 20:00:00,5.485000133514404,5.485000133514404,5.46999979019165,5.470099925994873,63941
2026-01-13 20:05:00,5.473199844360352,5.480000019073486,5.465000152587891,5.473299980163574,47799
2026-01-13 20:10:00,5.474999904632568,5.480000019073486,5.464600086212158,5.478899955749512,37834
2026-01-13 20:15:00,5.475100040435791,5.480000019073486,5.46999979019165,5.474999904632568,18674
2026-01-13 20:20:00,5.474999904632568,5.480000019073486,5.460000038146973,5.463200092315674,51319
2026-01-13 20:25:00,5.46999979019165,5.46999979019165,5.449999809265137,5.451300144195557,52122
2026-01-13 20:30:00,5.454999923706055,5.454999923706055,5.440000057220459,5.449999809265137,28649
2026-01-13 20:35:00,5.448699951171875,5.45989990234375,5.440000057220459,5.451300144195557,75931
2026-01-13 20:40:00,5.454999923706055,5.460000038146973,5.4446001052856445,5.445000171661377,118559
2026-01-13 20:45:00,5.449999809265137,5.449999809265137,5.440000057220459,5.4421000480651855,105437
2026-01-13 20:50:00,5.441299915313721,5.449999809265137,5.440000057220459,5.449999809265137,197062
2026-01-13 20:55:00,5.445000171661377,5.449999809265137,5.420000076293945,5.449999809265137,464281
2026-01-14 14:30:00,5.449999809265137,5.449999809265137,5.349999904632568,5.364999771118164,79500
2026-01-14 14:35:00,5.355000019073486,5.400000095367432,5.34499979019165,5.394999980926514,43098
2026-01-14 14:40:00,5.394999980926514,5.429999828338623,5.389999866485596,5.409999847412109,23406
2026-01-14 14:45:00,5.409999847412109,5.429999828338623,5.389999866485596,5.429999828338623,52572
2026-01-14 14:50:00,5.420000076293945,5.429999828338623,5.409999847412109,5.414999961853027,29541
2026-01-14 14:55:00,5.413899898529053,5.418600082397461,5.394999980926514,5.394999980926514,14834
2026-01-14 15:00:00,5.389999866485596,5.400000095367432,5.369999885559082,5.389999866485596,74568
2026-01-14 15:05:00,5.389999866485596,5.425000190734863,5.385000228881836,5.425000190734863,21340
2026-01-14 15:10:00,5.425000190734863,5.428500175476074,5.349999904632568,5.349999904632568,72383
2026-01-14 15:15:00,5.349999904632568,5.364999771118164,5.324999809265137,5.364999771118164,80305
2026-01-14 15:20:00,5.360000133514404,5.360000133514404,5.329899787902832,5.350100040435791,24186
2026-01-14 15:25:00,5.355000019073486,5.355000019073486,5.335000038146973,5.340000152587891,17806
2026-01-14 15:30:00,5.340000152587891,5.355000019073486,5.3358001708984375,5.3358001708984375,28259
2026-01-14 15:35:00,5.331500053405762,5.348800182342529,5.329999923706055,5.34499979019165,26260
2026-01-14 15:40:00,5.349999904632568,5.364999771118164,5.340000152587891,5.349999904632568,49808
2026-01-14 15:45:00,5.355000019073486,5.369999885559082,5.355000019073486,5.359899997711182,21574
2026-01-14 15:50:00,5.355000019073486,5.380000114440918,5.349899768829346,5.375400066375732,52797
2026-01-14 15:55:00,5.378300189971924,5.38539981842041,5.360000133514404,5.360000133514404,26234
2026-01-14 16:00:00,5.360000133514404,5.369999885559082,5.360000133514404,5.364999771118164,6169
2026-01-14 16:05:00,5.360099792480469,5.364999771118164,5.340000152587891,5.340099811553955,15056
2026-01-14 16:10:00,5.34499979019165,5.360000133514404,5.335000038146973,5.355000019073486,66818
2026-01-14 16:15:00,5.349999904632568,5.360000133514404,5.349999904632568,5.349999904632568,30804
2026-01-14 16:20:00,5.355800151824951,5.361499786376953,5.343299865722656,5.360000133514404,36979
2026-01-14 16:25:00,5.359899997711182,5.369900226593018,5.355000019073486,5.369900226593018,25656
2026-01-14 16:30:00,5.369999885559082,5.385000228881836,5.364999771118164,5.364999771118164,116110
2026-01-14 16:35:00,5.369999885559082,5.369999885559082,5.349999904632568,5.355000019073486,18750
2026-01-14 16:40:00,5.355000019073486,5.360000133514404,5.340000152587891,5.34499979019165,31956
2026-01-14 16:45:00,5.340000152587891,5.34499979019165,5.329999923706055,5.335000038146973,30874
2026-01-14 16:50:00,5.340000152587891,5.349899768829346,5.329999923706055,5.34499979019165,44121
2026-01-14 16:55:00,5.34499979019165,5.348499774932861,5.340000152587891,5.34499979019165,16180
2026-01-14 17:00:00,5.347099781036377,5.369999885559082,5.340000152587891,5.369999885559082,40365
2026-01-14 17:05:00,5.364999771118164,5.369999885559082,5.349999904632568,5.355000019073486,36371
2026-01-14 17:10:00,5.360000133514404,5.369999885559082,5.360000133514404,5.369999885559082,22149
2026-01-14 17:15:00,5.36329984664917,5.364999771118164,5.360000133514404,5.364999771118164,13502
2026-01-14 17:20:00,5.360000133514404,5.375,5.354499816894531,5.354499816894531,34934
2026-01-14 17:25:00,5.355000019073486,5.36899995803833,5.355000019073486,5.360099792480469,30492
2026-01-14 17:30:00,5.364200115203857,5.364200115203857,5.340000152587891,5.340000152587891,25751
2026-01-14 17:35:00,5.34499979019165,5.355000019073486,5.335000038146973,5.349999904632568,92396
2026-01-14 17:40:00,5.349999904632568,5.360000133514404,5.349999904632568,5.357800006866455,18837
2026-01-14 17:45:00,5.355000019073486,5.360000133514404,5.354499816894531,5.360000133514404,11603
2026-01-14 17:50:00,5.355000019073486,5.388999938964844,5.355000019073486,5.385000228881836,53453
2026-01-14 17:55:00,5.380099773406982,5.380099773406982,5.369999885559082,5.375,49342
2026-01-14 18:00:00,5.375,5.380000114440918,5.369999885559082,5.375,5866
2026-01-14 18:05:00,5.375,5.409999847412109,5.369999885559082,5.40500020980835,50918
2026-01-14 18:10:00,5.40500020980835,5.429900169372559,5.400000095367432,5.425000190734863,110676
2026-01-14 18:15:00,5.4253997802734375,5.429900169372559,5.420000076293945,5.420100212097168,22644
2026-01-14 18:20:00,5.420000076293945,5.449999809265137,5.420000076293945,5.438700199127197,62332
2026-01-14 18:25:00,5.433199882507324,5.440000057220459,5.430099964141846,5.434999942779541,11168
2026-01-14 18:30:00,5.434999942779541,5.449999809265137,5.434999942779541,5.445000171661377,66751
2026-01-14 18:35:00,5.440000057220459,5.440000057220459,5.429999828338623,5.429999828338623,19607
2026-01-14 18:40:00,5.429999828338623,5.438799858093262,5.429999828338623,5.434999942779541,15291
2026-01-14 18:45:00,5.429999828338623,5.440000057220459,5.425000190734863,5.429999828338623,54891
2026-01-14 18:50:00,5.429999828338623,5.46999979019165,5.429999828338623,5.440999984741211,146696
2026-01-14 18:55:00,5.445000171661377,5.46999979019165,5.440100193023682,5.465000152587891,31968
2026-01-14 19:00:00,5.461400032043457,5.465199947357178,5.460100173950195,5.46150016784668,19399
2026-01-14 19:05:00,5.465400218963623,5.46999979019165,5.460000038146973,5.465000152587891,16100
2026-01-14 19:10:00,5.465000152587891,5.494999885559082,5.460000038146973,5.485000133514404,67403
2026-01-14 19:15:00,5.489999771118164,5.539999961853027,5.480000019073486,5.53000020980835,105405
2026-01-14 19:20:00,5.53000020980835,5.559999942779541,5.53000020980835,5.545000076293945,102436
2026-01-14 19:25:00,5.545000076293945,5.550000190734863,5.53000020980835,5.53000020980835,48411
2026-01-14 19:30:00,5.538000106811523,5.559999942779541,5.519999980926514,5.549300193786621,92576
2026-01-14 19:35:00,5.54010009765625,5.549300193786621,5.524799823760986,5.525000095367432,59396
2026-01-14 19:40:00,5.525000095367432,5.525000095367432,5.5,5.505000114440918,70692
2026-01-14 19:45:00,5.505000114440918,5.510000228881836,5.489999771118164,5.489999771118164,34389
2026-01-14 19:50:00,5.494999885559082,5.510000228881836,5.489999771118164,5.5,32279
2026-01-14 19:55:00,5.505000114440918,5.514999866485596,5.489999771118164,5.510000228881836,28539
2026-01-14 20:00:00,5.514999866485596,5.519999980926514,5.505000114440918,5.51800012588501,37868
2026-01-14 20:05:00,5.519999980926514,5.53000020980835,5.514999866485596,5.518499851226807,29611
2026-01-14 20:10:00,5.514999866485596,5.525000095367432,5.510000228881836,5.514999866485596,45736
2026-01-14 20:15:00,5.514999866485596,5.525000095367432,5.5,5.503300189971924,47958
2026-01-14 20:20:00,5.510000228881836,5.519999980926514,5.503300189971924,5.514999866485596,20264
2026-01-14 20:25:00,5.514999866485596,5.519999980926514,5.505000114440918,5.513199806213379,36154
2026-01-14 20:30:00,5.519999980926514,5.519999980926514,5.510000228881836,5.514999866485596,26028
2026-01-14 20:35:00,5.514999866485596,5.525000095367432,5.505000114440918,5.525000095367432,248914
2026-01-14 20:40:00,5.525000095367432,5.53000020980835,5.514999866485596,5.53000020980835,67780
2026-01-14 20:45:00,5.525000095367432,5.53000020980835,5.510000228881836,5.525000095367432,82618
2026-01-14 20:50:00,5.525000095367432,5.554999828338623,5.519999980926514,5.554999828338623,111574
2026-01-14 20:55:00,5.55109977722168,5.599999904632568,5.55109977722168,5.599999904632568,392970
2026-01-15 14:30:00,5.559999942779541,5.559999942779541,5.449999809265137,5.460000038146973,82172
2026-01-15 14:35:00,5.465000152587891,5.465000152587891,5.425000190734863,5.434999942779541,99566
2026-01-15 14:40:00,5.434999942779541,5.449999809265137,5.409999847412109,5.420000076293945,34149
2026-01-15 14:45:00,5.414999961853027,5.460000038146973,5.409999847412109,5.460000038146973,100479
2026-01-15 14:50:00,5.454999923706055,5.460000038146973,5.429999828338623,5.439070224761963,57346
2026-01-15 14:55:00,5.439899921417236,5.440000057220459,5.420000076293945,5.425000190734863,20156
2026-01-15 15:00:00,5.429999828338623,5.429999828338623,5.420000076293945,5.429999828338623,58163
2026-01-15 15:05:00,5.429999828338623,5.445000171661377,5.420000076293945,5.445000171661377,38255
2026-01-15 15:10:00,5.442500114440918,5.460299968719482,5.440000057220459,5.440000057220459,91334
2026-01-15 15:15:00,5.440000057220459,5.449999809265137,5.429999828338623,5.442800045013428,44709
2026-01-15 15:20:00,5.449999809265137,5.46999979019165,5.444499969482422,5.465000152587891,93538
2026-01-15 15:25:00,5.468999862670898,5.474999904632568,5.460000038146973,5.465799808502197,17808
2026-01-15 15:30:00,5.460100173950195,5.460100173950195,5.440000057220459,5.454999923706055,70315
2026-01-15 15:35:00,5.460000038146973,5.46999979019165,5.449999809265137,5.450099945068359,16545
2026-01-15 15:40:00,5.449999809265137,5.449999809265137,5.440000057220459,5.440199851989746,10974
2026-01-15 15:45:00,5.445000171661377,5.45389986038208,5.440999984741211,5.45389986038208,14008
2026-01-15 15:50:00,5.454999923706055,5.46999979019165,5.454999923706055,5.460000038146973,36743
2026-01-15 15:55:00,5.465000152587891,5.469900131225586,5.449999809265137,5.463099956512451,88469
2026-01-15 16:00:00,5.463099956512451,5.485000133514404,5.461999893188477,5.485000133514404,40302
2026-01-15 16:05:00,5.485000133514404,5.489299774169922,5.46999979019165,5.46999979019165,21601
2026-01-15 16:10:00,5.465000152587891,5.475399971008301,5.460000038146973,5.475399971008301,60567
2026-01-15 16:15:00,5.474999904632568,5.480000019073486,5.474999904632568,5.474999904632568,5239
2026-01-15 16:20:00,5.474999904632568,5.487500190734863,5.474999904632568,5.480100154876709,48403
2026-01-15 16:25:00,5.476500034332275,5.481500148773193,5.46999979019165,5.4807000160217285,24639
2026-01-15 16:30:00,5.484600067138672,5.485000133514404,5.449999809265137,5.449999809265137,15596
2026-01-15 16:35:00,5.456399917602539,5.460100173950195,5.449999809265137,5.45989990234375,52594
2026-01-15 16:40:00,5.454999923706055,5.460000038146973,5.449999809265137,5.460000038146973,7656
2026-01-15 16:45:00,5.451499938964844,5.460000038146973,5.429999828338623,5.460000038146973,149714
2026-01-15 16:50:00,5.45989990234375,5.460000038146973,5.449999809265137,5.449999809265137,11239
2026-01-15 16:55:00,5.449999809265137,5.460000038146973,5.449999809265137,5.454999923706055,13960
2026-01-15 17:00:00,5.453800201416016,5.454999923706055,5.440000057220459,5.448500156402588,59381
2026-01-15 17:05:00,5.446800231933594,5.449900150299072,5.445000171661377,5.445000171661377,9099
2026-01-15 17:10:00,5.449999809265137,5.460000038146973,5.445000171661377,5.454400062561035,27561
2026-01-15 17:15:00,5.454999923706055,5.460000038146973,5.445000171661377,5.454999923706055,86766
2026-01-15 17:20:00,5.449999809265137,5.454999923706055,5.440000057220459,5.440000057220459,11921
2026-01-15 17:25:00,5.440000057220459,5.449999809265137,5.440000057220459,5.445000171661377,3969
2026-01-15 17:30:00,5.449999809265137,5.449999809265137,5.440000057220459,5.440199851989746,4507
2026-01-15 17:35:00,5.444399833679199,5.449999809265137,5.440100193023682,5.445000171661377,7861
2026-01-15 17:40:00,5.444900035858154,5.454999923706055,5.434999942779541,5.452700138092041,69626
2026-01-15 17:45:00,5.449999809265137,5.457300186157227,5.449999809265137,5.454999923706055,9864
2026-01-15 17:50:00,5.454999923706055,5.460000038146973,5.445000171661377,5.445000171661377,11171
2026-01-15 17:55:00,5.448999881744385,5.449999809265137,5.440000057220459,5.441500186920166,24078
2026-01-15 18:00:00,5.449900150299072,5.457200050354004,5.440000057220459,5.453199863433838,53618
2026-01-15 18:05:00,5.460000038146973,5.480000019073486,5.454999923706055,5.480000019073486,110337
2026-01-15 18:10:00,5.480000019073486,5.5,5.46999979019165,5.474999904632568,76035
2026-01-15 18:15:00,5.480000019073486,5.480000019073486,5.480000019073486,5.480000019073486,699
2026-01-15 18:20:00,5.474999904632568,5.499300003051758,5.474999904632568,5.490300178527832,124968
2026-01-15 18:25:00,5.494200229644775,5.495399951934815,5.485000133514404,5.485000133514404,64810
2026-01-15 18:30:00,5.4882001876831055,5.49970006942749,5.480000019073486,5.480100154876709,85640
2026-01-15 18:35:00,5.480999946594238,5.488999843597412,5.480000019073486,5.488999843597412,12053
2026-01-15 18:40:00,5.485000133514404,5.485000133514404,5.483200073242188,5.485000133514404,5356
2026-01-15 18:45:00,5.480000019073486,5.485000133514404,5.480000019073486,5.480000019073486,11239
2026-01-15 18:50:00,5.480000019073486,5.489999771118164,5.474999904632568,5.480000019073486,54223
2026-01-15 18:55:00,5.481599807739258,5.489999771118164,5.481599807739258,5.489999771118164,19471
2026-01-15 19:00:00,5.480000019073486,5.488999843597412,5.474999904632568,5.485000133514404,37120
2026-01-15 19:05:00,5.4899001121521,5.489999771118164,5.480000019073486,5.489999771118164,12509
2026-01-15 19:10:00,5.485000133514404,5.509900093078613,5.485000133514404,5.500100135803223,71610
2026-01-15 19:15:00,5.505000114440918,5.510000228881836,5.504000186920166,5.505000114440918,23090
2026-01-15 19:20:00,5.510000228881836,5.515399932861328,5.510000228881836,5.510000228881836,31888
2026-01-15 19:25:00,5.514999866485596,5.514999866485596,5.5,5.502299785614014,43021
2026-01-15 19:30:00,5.505000114440918,5.528500080108643,5.490099906921387,5.525400161743164,134521
2026-01-15 19:35:00,5.525000095367432,5.539899826049805,5.519999980926514,5.525000095367432,84755
2026-01-15 19:40:00,5.53000020980835,5.550000190734863,5.53000020980835,5.545000076293945,53846
2026-01-15 19:45:00,5.545000076293945,5.579899787902832,5.545000076293945,5.579899787902832,54622
2026-01-15 19:50:00,5.571499824523926,5.579999923706055,5.559999942779541,5.559999942779541,47274
2026-01-15 19:55:00,5.565000057220459,5.574999809265137,5.565000057220459,5.574999809265137,26611
2026-01-15 20:00:00,5.574999809265137,5.574999809265137,5.550000190734863,5.554999828338623,23495
2026-01-15 20:05:00,5.550000190734863,5.554999828338623,5.541399955749512,5.545000076293945,8542
2026-01-15 20:10:00,5.545000076293945,5.550000190734863,5.5326337814331055,5.5326337814331055,52912
2026-01-15 20:15:00,5.534999847412109,5.559999942779541,5.534999847412109,5.555799961090088,59208
2026-01-15 20:20:00,5.558000087738037,5.559999942779541,5.550000190734863,5.559999942779541,32866
2026-01-15 20:25:00,5.554999828338623,5.555399894714356,5.545000076293945,5.545000076293945,58027
2026-01-15 20:30:00,5.545000076293945,5.559999942779541,5.54010009765625,5.554999828338623,36887
2026-01-15 20:35:00,5.550000190734863,5.56689977645874,5.539999961853027,5.554999828338623,103834
2026-01-15 20:40:00,5.550300121307373,5.570000171661377,5.550000190734863,5.568999767303467,78177
2026-01-15 20:45:00,5.570000171661377,5.579999923706055,5.565000057220459,5.565000057220459,81529
2026-01-15 20:50:00,5.565000057220459,5.565000057220459,5.550000190734863,5.559999942779541,117547
2026-01-15 20:55:00,5.559999942779541,5.579999923706055,5.550000190734863,5.574999809265137,249545
2026-01-16 14:30:00,5.559999942779541,5.619999885559082,5.494999885559082,5.505000114440918,145899
2026-01-16 14:35:00,5.505000114440918,5.510000228881836,5.474999904632568,5.474999904632568,150107
2026-01-16 14:40:00,5.480000019073486,5.510000228881836,5.480000019073486,5.495399951934815,72732
2026-01-16 14:45:00,5.493000030517578,5.550000190734863,5.493000030517578,5.514999866485596,115398
2026-01-16 14:50:00,5.514999866485596,5.539999961853027,5.480000019073486,5.480000019073486,622544
2026-01-16 14:55:00,5.4822998046875,5.4822998046875,5.449999809265137,5.465000152587891,130005
2026-01-16 15:00:00,5.465000152587891,5.489999771118164,5.465000152587891,5.46999979019165,80407
2026-01-16 15:05:00,5.465000152587891,5.5,5.460000038146973,5.5,94521
2026-01-16 15:10:00,5.496600151062012,5.505000114440918,5.485000133514404,5.494999885559082,98177
2026-01-16 15:15:00,5.494999885559082,5.510000228881836,5.494999885559082,5.505000114440918,8099
2026-01-16 15:20:00,5.503300189971924,5.508500099182129,5.5,5.505000114440918,13430
2026-01-16 15:25:00,5.500100135803223,5.514999866485596,5.494999885559082,5.506700038909912,26007
2026-01-16 15:30:00,5.5,5.519899845123291,5.494999885559082,5.505000114440918,48704
2026-01-16 15:35:00,5.505000114440918,5.519299983978272,5.5,5.500100135803223,92032
2026-01-16 15:40:00,5.505000114440918,5.514999866485596,5.505000114440918,5.510000228881836,16263
2026-01-16 15:45:00,5.51200008392334,5.514999866485596,5.5,5.505000114440918,15293
2026-01-16 15:50:00,5.505300045013428,5.510000228881836,5.480000019073486,5.489999771118164,19058
2026-01-16 15:55:00,5.480000019073486,5.489999771118164,5.480000019073486,5.485000133514404,3851
2026-01-16 16:00:00,5.489999771118164,5.494999885559082,5.485000133514404,5.489999771118164,61051
2026-01-16 16:05:00,5.5,5.5,5.489999771118164,5.491199970245361,20114
2026-01-16 16:10:00,5.494999885559082,5.53000020980835,5.494999885559082,5.528800010681152,102881
2026-01-16 16:15:00,5.524499893188477,5.53000020980835,5.521500110626221,5.528500080108643,12997
2026-01-16 16:20:00,5.53000020980835,5.550000190734863,5.53000020980835,5.539999961853027,39484
2026-01-16 16:25:00,5.539999961853027,5.559999942779541,5.532700061798096,5.559999942779541,248623
2026-01-16 16:30:00,5.559899806976318,5.565000057220459,5.550000190734863,5.554999828338623,47370
2026-01-16 16:35:00,5.554999828338623,5.559899806976318,5.539999961853027,5.539999961853027,45319
2026-01-16 16:40:00,5.545100212097168,5.559999942779541,5.544600009918213,5.551400184631348,23554
2026-01-16 16:45:00,5.559999942779541,5.559999942779541,5.534999847412109,5.545000076293945,26418
2026-01-16 16:50:00,5.545000076293945,5.546800136566162,5.533100128173828,5.545000076293945,26266
2026-01-16 16:55:00,5.550000190734863,5.550000190734863,5.539999961853027,5.550000190734863,5789
2026-01-16 17:00:00,5.545000076293945,5.579999923706055,5.53000020980835,5.545000076293945,113970
2026-01-16 17:05:00,5.539999961853027,5.539999961853027,5.53000020980835,5.534999847412109,12576
2026-01-16 17:10:00,5.535999774932861,5.535999774932861,5.523200035095215,5.523200035095215,11661
2026-01-16 17:15:00,5.520999908447266,5.5258002281188965,5.510000228881836,5.525000095367432,19608
2026-01-16 17:20:00,5.525000095367432,5.53000020980835,5.514999866485596,5.525000095367432,46623
2026-01-16 17:25:00,5.520100116729736,5.525400161743164,5.510000228881836,5.51609992980957,32832
2026-01-16 17:30:00,5.514999866485596,5.519999980926514,5.513299942016602,5.514999866485596,10568
2026-01-16 17:35:00,5.518799781799316,5.519999980926514,5.510000228881836,5.519999980926514,9164
2026-01-16 17:40:00,5.519999980926514,5.519999980926514,5.510000228881836,5.51200008392334,11629
2026-01-16 17:45:00,5.519999980926514,5.545000076293945,5.510000228881836,5.541200160980225,149067
2026-01-16 17:50:00,5.5493998527526855,5.559999942779541,5.545000076293945,5.554999828338623,40651
2026-01-16 17:55:00,5.550000190734863,5.559999942779541,5.544600009918213,5.559899806976318,61064
2026-01-16 18:00:00,5.559700012207031,5.565000057220459,5.54010009765625,5.558000087738037,84660
2026-01-16 18:05:00,5.558499813079834,5.570000171661377,5.550000190734863,5.550000190734863,63554
2026-01-16 18:10:00,5.550000190734863,5.550000190734863,5.541999816894531,5.545000076293945,12356
2026-01-16 18:15:00,5.545000076293945,5.550000190734863,5.539999961853027,5.550000190734863,11586
2026-01-16 18:20:00,5.545000076293945,5.554999828338623,5.545000076293945,5.554999828338623,10628
2026-01-16 18:25:00,5.559999942779541,5.559999942779541,5.550000190734863,5.555699825286865,5610
2026-01-16 18:30:00,5.559999942779541,5.559999942779541,5.550000190734863,5.550000190734863,11717
2026-01-16 18:35:00,5.550000190734863,5.550000190734863,5.539999961853027,5.545000076293945,24676
2026-01-16 18:40:00,5.545000076293945,5.545599937438965,5.539999961853027,5.545000076293945,12994
2026-01-16 18:45:00,5.545000076293945,5.545000076293945,5.5320000648498535,5.534999847412109,29341
2026-01-16 18:50:00,5.53000020980835,5.545000076293945,5.53000020980835,5.545000076293945,40194
2026-01-16 18:55:00,5.545000076293945,5.559999942779541,5.540200233459473,5.559999942779541,156403
2026-01-16 19:00:00,5.559999942779541,5.570000171661377,5.550000190734863,5.565000057220459,75317
2026-01-16 19:05:00,5.570000171661377,5.570000171661377,5.539999961853027,5.545000076293945,73817
2026-01-16 19:10:00,5.545000076293945,5.550000190734863,5.519999980926514,5.545000076293945,132626
2026-01-16 19:15:00,5.54010009765625,5.559999942779541,5.54010009765625,5.559999942779541,66243
2026-01-16 19:20:00,5.554999828338623,5.559999942779541,5.550000190734863,5.555200099945068,10234
2026-01-16 19:25:00,5.554599761962891,5.579999923706055,5.550000190734863,5.577400207519531,107008
2026-01-16 19:30:00,5.574999809265137,5.574999809265137,5.550000190734863,5.559899806976318,47345
2026-01-16 19:35:00,5.559999942779541,5.590000152587891,5.554599761962891,5.585000038146973,37651
2026-01-16 19:40:00,5.585000038146973,5.599999904632568,5.579999923706055,5.599999904632568,117168
2026-01-16 19:45:00,5.59149980545044,5.610000133514404,5.590000152587891,5.605000019073486,94213
2026-01-16 19:50:00,5.605000019073486,5.610000133514404,5.58459997177124,5.585000038146973,48487
2026-01-16 19:55:00,5.585000038146973,5.590000152587891,5.579999923706055,5.585000038146973,14931
2026-01-16 20:00:00,5.585000038146973,5.585000038146973,5.570000171661377,5.574999809265137,16425
2026-01-16 20:05:00,5.574999809265137,5.585000038146973,5.570000171661377,5.5802001953125,233608
2026-01-16 20:10:00,5.585000038146973,5.590000152587891,5.585000038146973,5.590000152587891,28929
2026-01-16 20:15:00,5.585000038146973,5.599999904632568,5.581500053405762,5.585000038146973,69895
2026-01-16 20:20:00,5.590000152587891,5.590000152587891,5.585000038146973,5.585000038146973,11086
2026-01-16 20:25:00,5.590000152587891,5.590000152587891,5.581200122833252,5.590000152587891,27285
2026-01-16 20:30:00,5.590000152587891,5.60699987411499,5.579999923706055,5.599999904632568,151462
2026-01-16 20:35:00,5.599999904632568,5.610000133514404,5.59119987487793,5.610000133514404,38332
2026-01-16 20:40:00,5.610000133514404,5.639999866485596,5.610000133514404,5.635000228881836,227158
2026-01-16 20:45:00,5.639999866485596,5.675000190734863,5.63100004196167,5.65500020980835,472573
2026-01-16 20:50:00,5.65500020980835,5.695000171661377,5.650000095367432,5.690000057220459,215257
2026-01-16 20:55:00,5.690000057220459,5.699999809265137,5.670000076293945,5.690000057220459,1163315
2026-01-20 14:30:00,5.559999942779541,5.670000076293945,5.545000076293945,5.585000038146973,227876
2026-01-20 14:35:00,5.585000038146973,5.644999980926514,5.579999923706055,5.644999980926514,106735
2026-01-20 14:40:00,5.639999866485596,5.644999980926514,5.579999923706055,5.585000038146973,82597
2026-01-20 14:45:00,5.585000038146973,5.599999904632568,5.565000057220459,5.585000038146973,105790
2026-01-20 14:50:00,5.579999923706055,5.585700035095215,5.5,5.514999866485596,217427
2026-01-20 14:55:00,5.514999866485596,5.554999828338623,5.514999866485596,5.554999828338623,203876
2026-01-20 15:00:00,5.559999942779541,5.579999923706055,5.534999847412109,5.574999809265137,317436
2026-01-20 15:05:00,5.570000171661377,5.625,5.545000076293945,5.554999828338623,150157
2026-01-20 15:10:00,5.559999942779541,5.574999809265137,5.550000190734863,5.565000057220459,116924
2026-01-20 15:15:00,5.570000171661377,5.585000038146973,5.565000057220459,5.574999809265137,43182
2026-01-20 15:20:00,5.574999809265137,5.59499979019165,5.559999942779541,5.59499979019165,74389
2026-01-20 15:25:00,5.59499979019165,5.59499979019165,5.579999923706055,5.585000038146973,28381
2026-01-20 15:30:00,5.579999923706055,5.59499979019165,5.579999923706055,5.585000038146973,29584
2026-01-20 15:35:00,5.614999771118164,5.625,5.614999771118164,5.619999885559082,93994
2026-01-20 15:40:00,5.625,5.625,5.625,5.625,125879
2026-01-20 15:45:00,5.619999885559082,5.638999938964844,5.619999885559082,5.635000228881836,22006
2026-01-20 15:50:00,5.635000228881836,5.664999961853027,5.630000114440918,5.639999866485596,95852
2026-01-20 15:55:00,5.64870023727417,5.64870023727417,5.633699893951416,5.635000228881836,41095
2026-01-20 16:00:00,5.639999866485596,5.639999866485596,5.630000114440918,5.639999866485596,50244
2026-01-20 16:05:00,5.630000114440918,5.639999866485596,5.619999885559082,5.628900051116943,159674
2026-01-20 16:10:00,5.630000114440918,5.648499965667725,5.630000114440918,5.635000228881836,160158
2026-01-20 16:15:00,5.635000228881836,5.639999866485596,5.625,5.639999866485596,77432
2026-01-20 16:20:00,5.639999866485596,5.719299793243408,5.630000114440918,5.701499938964844,919915
2026-01-20 16:25:00,5.704999923706055,5.730000019073486,5.664999961853027,5.724999904632568,395639
2026-01-20 16:30:00,5.7210001945495605,5.789999961853027,5.720699787139893,5.781499862670898,373007
2026-01-20 16:35:00,5.788700103759766,5.809999942779541,5.755000114440918,5.755000114440918,482443
2026-01-20 16:40:00,5.755000114440918,5.769899845123291,5.750999927520752,5.766600131988525,66747
2026-01-20 16:45:00,5.764999866485596,5.769899845123291,5.739999771118164,5.744999885559082,178531
2026-01-20 16:50:00,5.744999885559082,5.75629997253418,5.739999771118164,5.747799873352051,57258
2026-01-20 16:55:00,5.741700172424316,5.755000114440918,5.739999771118164,5.744999885559082,73639
2026-01-20 17:00:00,5.744999885559082,5.75,5.710000038146973,5.735000133514404,269782
2026-01-20 17:05:00,5.7399001121521,5.7399001121521,5.710000038146973,5.71999979019165,60147
2026-01-20 17:10:00,5.724999904632568,5.738999843597412,5.704599857330322,5.730000019073486,108852
2026-01-20 17:15:00,5.735000133514404,5.739999771118164,5.730000019073486,5.735000133514404,33571
2026-01-20 17:20:00,5.7382001876831055,5.744999885559082,5.71999979019165,5.735000133514404,170677
2026-01-20 17:25:00,5.738999843597412,5.744999885559082,5.730000019073486,5.735000133514404,135439
2026-01-20 17:30:00,5.735000133514404,5.739999771118164,5.710000038146973,5.715000152587891,53217
2026-01-20 17:35:00,5.711299896240234,5.71999979019165,5.699999809265137,5.718999862670898,62151
2026-01-20 17:40:00,5.715000152587891,5.715000152587891,5.699999809265137,5.704999923706055,71571
2026-01-20 17:45:00,5.704999923706055,5.710000038146973,5.670000076293945,5.675000190734863,134433
2026-01-20 17:50:00,5.675000190734863,5.679999828338623,5.670000076293945,5.675000190734863,41027
2026-01-20 17:55:00,5.670000076293945,5.675000190734863,5.630000114440918,5.635000228881836,73398
2026-01-20 18:00:00,5.635000228881836,5.639999866485596,5.619999885559082,5.635000228881836,148093
2026-01-20 18:05:00,5.639999866485596,5.679999828338623,5.635000228881836,5.675000190734863,148629
2026-01-20 18:10:00,5.675000190734863,5.689000129699707,5.670000076293945,5.670000076293945,53929
2026-01-20 18:15:00,5.67080020904541,5.679999828338623,5.670000076293945,5.675000190734863,23307
2026-01-20 18:20:00,5.675000190734863,5.679999828338623,5.67140007019043,5.675000190734863,23360
2026-01-20 18:25:00,5.674600124359131,5.679999828338623,5.670000076293945,5.670000076293945,26406
2026-01-20 18:30:00,5.675000190734863,5.679999828338623,5.635000228881836,5.635000228881836,93873
2026-01-20 18:35:00,5.639699935913086,5.646500110626221,5.630000114440918,5.635000228881836,69654
2026-01-20 18:40:00,5.635000228881836,5.639900207519531,5.619999885559082,5.635000228881836,77990
2026-01-20 18:45:00,5.635000228881836,5.638999938964844,5.619999885559082,5.625,80052
2026-01-20 18:50:00,5.620100021362305,5.630000114440918,5.599999904632568,5.605000019073486,96901
2026-01-20 18:55:00,5.599999904632568,5.610000133514404,5.599999904632568,5.605000019073486,25065
2026-01-20 19:00:00,5.609799861907959,5.610000133514404,5.579999923706055,5.585000038146973,112405
2026-01-20 19:05:00,5.582699775695801,5.598599910736084,5.582699775695801,5.59499979019165,37665
2026-01-20 19:10:00,5.59499979019165,5.599999904632568,5.579999923706055,5.589700222015381,46608
2026-01-20 19:15:00,5.585000038146973,5.590000152587891,5.579999923706055,5.585000038146973,38798
2026-01-20 19:20:00,5.585000038146973,5.619999885559082,5.570000171661377,5.579999923706055,340651
2026-01-20 19:25:00,5.579999923706055,5.585000038146973,5.559999942779541,5.565000057220459,87769
2026-01-20 19:30:00,5.559999942779541,5.565000057220459,5.519999980926514,5.519999980926514,355692
2026-01-20 19:35:00,5.525000095367432,5.539999961853027,5.519999980926514,5.525000095367432,153092
2026-01-20 19:40:00,5.53000020980835,5.545000076293945,5.519999980926514,5.539999961853027,102071
2026-01-20 19:45:00,5.545000076293945,5.545000076293945,5.53000020980835,5.545000076293945,84149
2026-01-20 19:50:00,5.545000076293945,5.550000190734863,5.539999961853027,5.539999961853027,69862
2026-01-20 19:55:00,5.545000076293945,5.559999942779541,5.53000020980835,5.550000190734863,199757
2026-01-20 20:00:00,5.559999942779541,5.574999809265137,5.559999942779541,5.565000057220459,63395
2026-01-20 20:05:00,5.559999942779541,5.590000152587891,5.559999942779541,5.590000152587891,93287
2026-01-20 20:10:00,5.590000152587891,5.610000133514404,5.584499835968018,5.60699987411499,133341
2026-01-20 20:15:00,5.605000019073486,5.619999885559082,5.590000152587891,5.614500045776367,126693
2026-01-20 20:20:00,5.614999771118164,5.619999885559082,5.590000152587891,5.59499979019165,89985
2026-01-20 20:25:00,5.599999904632568,5.619999885559082,5.590000152587891,5.61870002746582,104482
2026-01-20 20:30:00,5.614999771118164,5.621500015258789,5.590000152587891,5.621500015258789,266976
2026-01-20 20:35:00,5.625,5.635000228881836,5.619999885559082,5.635000228881836,230323
2026-01-20 20:40:00,5.630000114440918,5.639999866485596,5.619999885559082,5.625,186381
2026-01-20 20:45:00,5.628399848937988,5.659999847412109,5.619999885559082,5.65500020980835,135544
2026-01-20 20:50:00,5.65500020980835,5.670000076293945,5.640699863433838,5.664999961853027,201260
2026-01-20 20:55:00,5.664999961853027,5.670000076293945,5.625,5.630000114440918,712415
2026-01-21 14:30:00,5.710000038146973,5.739999771118164,5.683700084686279,5.704999923706055,217966
2026-01-21 14:35:00,5.704999923706055,5.724999904632568,5.690000057220459,5.724999904632568,77270
2026-01-21 14:40:00,5.730000019073486,5.760000228881836,5.730000019073486,5.735000133514404,157872
2026-01-21 14:45:00,5.739999771118164,5.835000038146973,5.739999771118164,5.824999809265137,168846
2026-01-21 14:50:00,5.820000171661377,5.864999771118164,5.804999828338623,5.820000171661377,467758
2026-01-21 14:55:00,5.824999809265137,5.869999885559082,5.809999942779541,5.860000133514404,255880
2026-01-21 15:00:00,5.860000133514404,5.864999771118164,5.824999809265137,5.840000152587891,418780
2026-01-21 15:05:00,5.835000038146973,5.855000019073486,5.804999828338623,5.829999923706055,653982
2026-01-21 15:10:00,5.835000038146973,5.869999885559082,5.820000171661377,5.84499979019165,333026
2026-01-21 15:15:00,5.840000152587891,5.914999961853027,5.840000152587891,5.885000228881836,1010884
2026-01-21 15:20:00,5.885000228881836,5.889900207519531,5.869999885559082,5.869999885559082,319107
2026-01-21 15:25:00,5.869999885559082,5.889999866485596,5.84499979019165,5.86899995803833,1170719
2026-01-21 15:30:00,5.861299991607666,5.894999980926514,5.860000133514404,5.875,85513
2026-01-21 15:35:00,5.875,5.920000076293945,5.874800205230713,5.914500236511231,106838
2026-01-21 15:40:00,5.909999847412109,5.909999847412109,5.900000095367432,5.909999847412109,40846
2026-01-21 15:45:00,5.90500020980835,5.905399799346924,5.894999980926514,5.896599769592285,24719
2026-01-21 15:50:00,5.894999980926514,5.909999847412109,5.894999980926514,5.90500020980835,53257
2026-01-21 15:55:00,5.908999919891357,5.914999961853027,5.900000095367432,5.90500020980835,49279
2026-01-21 16:00:00,5.90500020980835,5.929999828338623,5.900000095367432,5.928599834442139,124660
2026-01-21 16:05:00,5.925000190734863,5.954999923706055,5.925000190734863,5.934999942779541,225985
2026-01-21 16:10:00,5.940000057220459,5.940000057220459,5.920000076293945,5.921500205993652,91038
2026-01-21 16:15:00,5.920000076293945,5.929900169372559,5.909999847412109,5.914999961853027,48523
2026-01-21 16:20:00,5.909999847412109,5.940000057220459,5.909999847412109,5.925000190734863,267291
2026-01-21 16:25:00,5.925000190734863,5.940000057220459,5.920000076293945,5.934899806976318,112631
2026-01-21 16:30:00,5.940000057220459,5.949999809265137,5.934999942779541,5.949999809265137,48561
2026-01-21 16:35:00,5.940000057220459,5.949900150299072,5.889999866485596,5.914999961853027,546322
2026-01-21 16:40:00,5.914999961853027,5.940000057220459,5.914999961853027,5.914999961853027,1108876
2026-01-21 16:45:00,5.914999961853027,5.927199840545654,5.880000114440918,5.920000076293945,154184
2026-01-21 16:50:00,5.914999961853027,5.920000076293945,5.900000095367432,5.90500020980835,30332
2026-01-21 16:55:00,5.90500020980835,5.909999847412109,5.889999866485596,5.894999980926514,114694
2026-01-21 17:00:00,5.900000095367432,5.920000076293945,5.889999866485596,5.90500020980835,110068
2026-01-21 17:05:00,5.900000095367432,5.906000137329102,5.880000114440918,5.885000228881836,418444
2026-01-21 17:10:00,5.880000114440918,5.899899959564209,5.880000114440918,5.889999866485596,174167
2026-01-21 17:15:00,5.889999866485596,5.914999961853027,5.889999866485596,5.909999847412109,175420
2026-01-21 17:20:00,5.909999847412109,5.920000076293945,5.894999980926514,5.900000095367432,173928
2026-01-21 17:25:00,5.900000095367432,5.90500020980835,5.89900016784668,5.900000095367432,189387
2026-01-21 17:30:00,5.900000095367432,5.90500020980835,5.880000114440918,5.889999866485596,1351390
2026-01-21 17:35:00,5.894999980926514,5.909999847412109,5.880000114440918,5.909999847412109,593697
2026-01-21 17:40:00,5.90500020980835,5.914999961853027,5.869999885559082,5.875,2197115
2026-01-21 17:45:00,5.869999885559082,5.885000228881836,5.869999885559082,5.869999885559082,135760
2026-01-21 17:50:00,5.875,5.894999980926514,5.869999885559082,5.894999980926514,151824
2026-01-21 17:55:00,5.894999980926514,5.914999961853027,5.889999866485596,5.900000095367432,68406
2026-01-21 18:00:00,5.900000095367432,5.914999961853027,5.900000095367432,5.900000095367432,67833
2026-01-21 18:05:00,5.90500020980835,5.909999847412109,5.889999866485596,5.890999794006348,104975
2026-01-21 18:10:00,5.889999866485596,5.915500164031982,5.889999866485596,5.90500020980835,62699
2026-01-21 18:15:00,5.909999847412109,5.920000076293945,5.900000095367432,5.90500020980835,106445
2026-01-21 18:20:00,5.90500020980835,5.909999847412109,5.900000095367432,5.900000095367432,38231
2026-01-21 18:30:00,5.929999828338623,5.934999942779541,5.929999828338623,5.929999828338623,339151
2026-01-21 18:35:00,5.934999942779541,5.940000057220459,5.920000076293945,5.925000190734863,164975
2026-01-21 18:40:00,5.92868185043335,5.92868185043335,5.909999847412109,5.925000190734863,57406
2026-01-21 18:45:00,5.929999828338623,5.940000057220459,5.920000076293945,5.934999942779541,69851
2026-01-21 18:50:00,5.929999828338623,5.974999904632568,5.929999828338623,5.960000038146973,775907
2026-01-21 18:55:00,5.960000038146973,5.96999979019165,5.940000057220459,5.965000152587891,203990
2026-01-21 19:00:00,5.96999979019165,5.980000019073486,5.965000152587891,5.974999904632568,57054
2026-01-21 19:05:00,5.974999904632568,5.979899883270264,5.960000038146973,5.96999979019165,81475
2026-01-21 19:10:00,5.979899883270264,5.980000019073486,5.96999979019165,5.96999979019165,75760
2026-01-21 19:15:00,5.974599838256836,5.980000019073486,5.96999979019165,5.975100040435791,30716
2026-01-21 19:20:00,5.96999979019165,5.989999771118164,5.96999979019165,5.985000133514404,133825
2026-01-21 19:25:00,5.989999771118164,6.106400012969971,5.989999771118164,6.085000038146973,764787
2026-01-21 19:30:00,6.08650016784668,6.099999904632568,6.079999923706055,6.085700035095215,163946
2026-01-21 19:35:00,6.085000038146973,6.099999904632568,6.065000057220459,6.079999923706055,158998
2026-01-21 19:40:00,6.042500019073486,6.089900016784668,6.034999847412109,6.086999893188477,248549
2026-01-21 19:45:00,6.079999923706055,6.09499979019165,6.059999942779541,6.070000171661377,80680
2026-01-21 19:50:00,6.070000171661377,6.074999809265137,6.039999961853027,6.045000076293945,93738
2026-01-21 19:55:00,6.039999961853027,6.059999942779541,6.03000020980835,6.054999828338623,165996
2026-01-21 20:00:00,6.054999828338623,6.059999942779541,6.03000020980835,6.034999847412109,81202
2026-01-21 20:05:00,6.03000020980835,6.045000076293945,6.03000020980835,6.039999961853027,123730
2026-01-21 20:10:00,6.038000106811523,6.045000076293945,6.019999980926514,6.030300140380859,157883
2026-01-21 20:15:00,6.034999847412109,6.03980016708374,6.010000228881836,6.014999866485596,91666
2026-01-21 20:20:00,6.014999866485596,6.039999961853027,6.0,6.034999847412109,106378
2026-01-21 20:25:00,6.034999847412109,6.054999828338623,6.024499893188477,6.039999961853027,121372
2026-01-21 20:30:00,6.034999847412109,6.045000076293945,6.019999980926514,6.034999847412109,149350
2026-01-21 20:35:00,6.034999847412109,6.050000190734863,6.034999847412109,6.045000076293945,106898
2026-01-21 20:40:00,6.050000190734863,6.059999942779541,6.039999961853027,6.054999828338623,128284
2026-01-21 20:45:00,6.059999942779541,6.065000057220459,6.050000190734863,6.058599948883057,211772
2026-01-21 20:50:00,6.054999828338623,6.079999923706055,6.050000190734863,6.079999923706055,172700
2026-01-21 20:55:00,6.079999923706055,6.099999904632568,6.074999809265137,6.090000152587891,644028
2026-01-22 14:30:00,6.159999847412109,6.349999904632568,6.159999847412109,6.348499774932861,464252
2026-01-22 14:35:00,6.349999904632568,6.389999866485596,6.28000020980835,6.2820000648498535,402185
2026-01-22 14:40:00,6.289999961853027,6.335000038146973,6.260000228881836,6.284999847412109,183739
2026-01-22 14:45:00,6.28000020980835,6.284999847412109,6.210000038146973,6.224999904632568,229559
2026-01-22 14:50:00,6.21999979019165,6.340000152587891,6.199999809265137,6.340000152587891,158759
2026-01-22 14:55:00,6.340000152587891,6.349999904632568,6.309999942779541,6.335000038146973,129618
2026-01-22 15:00:00,6.335000038146973,6.335000038146973,6.25,6.260000228881836,89830
2026-01-22 15:05:00,6.260000228881836,6.28000020980835,6.239999771118164,6.258500099182129,100534
2026-01-22 15:10:00,6.255799770355225,6.264999866485596,6.230000019073486,6.230000019073486,102515
2026-01-22 15:15:00,6.235000133514404,6.239999771118164,6.215000152587891,6.215000152587891,128965
2026-01-22 15:20:00,6.215000152587891,6.224999904632568,6.199999809265137,6.204999923706055,55048
2026-01-22 15:25:00,6.201499938964844,6.204999923706055,6.150000095367432,6.190000057220459,113844
2026-01-22 15:30:00,6.179999828338623,6.260000228881836,6.179999828338623,6.254000186920166,75078
2026-01-22 15:35:00,6.25,6.25,6.230000019073486,6.244999885559082,48360
2026-01-22 15:40:00,6.244999885559082,6.289999961853027,6.244999885559082,6.264999866485596,138227
2026-01-22 15:45:00,6.264999866485596,6.28000020980835,6.230000019073486,6.230000019073486,123372
2026-01-22 15:50:00,6.230000019073486,6.236000061035156,6.21999979019165,6.235000133514404,116851
2026-01-22 15:55:00,6.235000133514404,6.2399001121521,6.210000038146973,6.210000038146973,123113
2026-01-22 16:00:00,6.215000152587891,6.244999885559082,6.215000152587891,6.224999904632568,88916
2026-01-22 16:05:00,6.224999904632568,6.255000114440918,6.21999979019165,6.230000019073486,53005
2026-01-22 16:10:00,6.230000019073486,6.239999771118164,6.224999904632568,6.239999771118164,21111
2026-01-22 16:15:00,6.235000133514404,6.239999771118164,6.230000019073486,6.239999771118164,29032
2026-01-22 16:20:00,6.239999771118164,6.239999771118164,6.199999809265137,6.213399887084961,102910
2026-01-22 16:25:00,6.210000038146973,6.219900131225586,6.199999809265137,6.215000152587891,44293
2026-01-22 16:30:00,6.214200019836426,6.21999979019165,6.175000190734863,6.179999828338623,77864
2026-01-22 16:35:00,6.179999828338623,6.195000171661377,6.173180103302002,6.184999942779541,27582
2026-01-22 16:40:00,6.189700126647949,6.190000057220459,6.170000076293945,6.190000057220459,52155
2026-01-22 16:45:00,6.190100193023682,6.199999809265137,6.180099964141846,6.184999942779541,91258
2026-01-22 16:50:00,6.179999828338623,6.190000057220459,6.170000076293945,6.184999942779541,67938
2026-01-22 16:55:00,6.184999942779541,6.199999809265137,6.179999828338623,6.191100120544434,179770
2026-01-22 17:00:00,6.190000057220459,6.199999809265137,6.179999828338623,6.184999942779541,60554
2026-01-22 17:05:00,6.184999942779541,6.190000057220459,6.179999828338623,6.184999942779541,43491
2026-01-22 17:10:00,6.184999942779541,6.195000171661377,6.170100212097168,6.175000190734863,54112
2026-01-22 17:15:00,6.175000190734863,6.190000057220459,6.170000076293945,6.175000190734863,46251
2026-01-22 17:20:00,6.175000190734863,6.199999809265137,6.175000190734863,6.190999984741211,64205
2026-01-22 17:25:00,6.195000171661377,6.199999809265137,6.190000057220459,6.195000171661377,27892
2026-01-22 17:30:00,6.195000171661377,6.219900131225586,6.190100193023682,6.208700180053711,133975
2026-01-22 17:35:00,6.210000038146973,6.230000019073486,6.204999923706055,6.204999923706055,148371
2026-01-22 17:40:00,6.204999923706055,6.239999771118164,6.204999923706055,6.235000133514404,53248
2026-01-22 17:45:00,6.239699840545654,6.239999771118164,6.224999904632568,6.238999843597412,123740
2026-01-22 17:50:00,6.235000133514404,6.244999885559082,6.230000019073486,6.230000019073486,136701
2026-01-22 17:55:00,6.230000019073486,6.230000019073486,6.215000152587891,6.21999979019165,61252
2026-01-22 18:00:00,6.224999904632568,6.260000228881836,6.224999904632568,6.239999771118164,164156
2026-01-22 18:05:00,6.239999771118164,6.245800018310547,6.224999904632568,6.235000133514404,56333
2026-01-22 18:10:00,6.230000019073486,6.244999885559082,6.21999979019165,6.244999885559082,36341
2026-01-22 18:15:00,6.244999885559082,6.25,6.235000133514404,6.244999885559082,83876
2026-01-22 18:20:00,6.244999885559082,6.260000228881836,6.239999771118164,6.255000114440918,62834
2026-01-22 18:25:00,6.25,6.265999794006348,6.25,6.265999794006348,47404
2026-01-22 18:30:00,6.264999866485596,6.284999847412109,6.260000228881836,6.281499862670898,79622
2026-01-22 18:35:00,6.28000020980835,6.28000020980835,6.246500015258789,6.250100135803223,130260
2026-01-22 18:40:00,6.255799770355225,6.255799770355225,6.230000019073486,6.235000133514404,27597
2026-01-22 18:45:00,6.235000133514404,6.239999771118164,6.21999979019165,6.21999979019165,66552
2026-01-22 18:50:00,6.2210001945495605,6.230000019073486,6.21999979019165,6.224999904632568,30599
2026-01-22 18:55:00,6.224999904632568,6.239999771118164,6.21999979019165,6.21999979019165,74032
2026-01-22 19:00:00,6.224999904632568,6.230000019073486,6.199999809265137,6.204999923706055,87489
2026-01-22 19:05:00,6.199999809265137,6.199999809265137,6.190000057220459,6.195000171661377,124155
2026-01-22 19:10:00,6.195000171661377,6.21999979019165,6.195000171661377,6.200099945068359,189740
2026-01-22 19:15:00,6.199999809265137,6.205399990081787,6.190000057220459,6.190000057220459,119427
2026-01-22 19:20:00,6.198599815368652,6.215000152587891,6.190000057220459,6.215000152587891,141549
2026-01-22 19:25:00,6.210000038146973,6.21999979019165,6.199999809265137,6.204999923706055,87442
2026-01-22 19:30:00,6.210000038146973,6.210000038146973,6.190000057220459,6.190000057220459,98976
2026-01-22 19:35:00,6.19950008392334,6.204999923706055,6.179999828338623,6.187300205230713,52391
2026-01-22 19:40:00,6.184999942779541,6.210000038146973,6.184999942779541,6.204999923706055,62610
2026-01-22 19:45:00,6.210000038146973,6.230000019073486,6.199999809265137,6.230000019073486,59110
2026-01-22 19:50:00,6.230000019073486,6.230000019073486,6.210000038146973,6.210000038146973,74547
2026-01-22 19:55:00,6.215000152587891,6.21999979019165,6.190000057220459,6.190000057220459,86083
2026-01-22 20:00:00,6.195000171661377,6.199999809265137,6.179999828338623,6.199999809265137,87928
2026-01-22 20:05:00,6.199999809265137,6.204999923706055,6.179999828338623,6.179999828338623,111101
2026-01-22 20:10:00,6.179999828338623,6.199900150299072,6.179999828338623,6.195000171661377,93066
2026-01-22 20:15:00,6.199999809265137,6.199999809265137,6.190000057220459,6.199999809265137,67420
2026-01-22 20:20:00,6.195000171661377,6.199999809265137,6.190000057220459,6.190000057220459,49340
2026-01-22 20:25:00,6.195000171661377,6.21999979019165,6.190000057220459,6.21999979019165,109276
2026-01-22 20:30:00,6.21999979019165,6.21999979019165,6.195000171661377,6.199999809265137,164523
2026-01-22 20:35:00,6.195000171661377,6.199999809265137,6.184999942779541,6.190000057220459,175598
2026-01-22 20:40:00,6.190000057220459,6.199999809265137,6.190000057220459,6.195000171661377,63384
2026-01-22 20:45:00,6.195000171661377,6.195000171661377,6.144999980926514,6.15500020980835,262319
2026-01-22 20:50:00,6.150000095367432,6.170000076293945,6.150000095367432,6.15500020980835,417927
2026-01-22 20:55:00,6.150000095367432,6.159999847412109,6.139999866485596,6.150000095367432,776298
2026-01-23 14:30:00,6.085000038146973,6.175000190734863,6.085000038146973,6.175000190734863,182621
2026-01-23 14:35:00,6.175000190734863,6.190000057220459,6.144999980926514,6.144999980926514,70140
2026-01-23 14:40:00,6.139900207519531,6.159999847412109,6.125,6.150000095367432,95345
2026-01-23 14:45:00,6.144999980926514,6.164999961853027,6.130099773406982,6.150000095367432,66959
2026-01-23 14:50:00,6.144999980926514,6.159999847412109,6.130000114440918,6.159999847412109,59218
2026-01-23 14:55:00,6.164999961853027,6.199999809265137,6.164999961853027,6.199999809265137,66072
2026-01-23 15:00:00,6.199999809265137,6.210000038146973,6.179999828338623,6.179999828338623,77565
2026-01-23 15:05:00,6.190000057220459,6.190000057220459,6.130000114440918,6.130000114440918,168074
2026-01-23 15:10:00,6.135000228881836,6.1427001953125,6.130000114440918,6.1427001953125,82184
2026-01-23 15:15:00,6.144999980926514,6.144999980926514,6.130000114440918,6.139999866485596,95958
2026-01-23 15:20:00,6.141600131988525,6.150000095367432,6.135000228881836,6.144999980926514,56650
2026-01-23 15:25:00,6.144999980926514,6.190000057220459,6.130000114440918,6.179900169372559,147970
2026-01-23 15:30:00,6.170000076293945,6.170000076293945,6.15500020980835,6.169899940490723,47429
2026-01-23 15:35:00,6.164999961853027,6.170000076293945,6.159999847412109,6.159999847412109,67455
2026-01-23 15:40:00,6.164999961853027,6.169899940490723,6.139999866485596,6.15500020980835,75103
2026-01-23 15:45:00,6.150100231170654,6.179900169372559,6.150100231170654,6.175000190734863,24120
2026-01-23 15:50:00,6.175000190734863,6.190000057220459,6.159999847412109,6.170000076293945,97573
2026-01-23 15:55:00,6.170000076293945,6.179999828338623,6.164599895477295,6.175000190734863,27749
2026-01-23 16:00:00,6.171800136566162,6.171800136566162,6.144999980926514,6.15500020980835,74410
2026-01-23 16:05:00,6.15500020980835,6.179999828338623,6.15500020980835,6.170100212097168,56633
2026-01-23 16:10:00,6.170000076293945,6.171500205993652,6.159999847412109,6.164999961853027,33120
2026-01-23 16:15:00,6.169899940490723,6.179999828338623,6.160099983215332,6.175000190734863,31193
2026-01-23 16:20:00,6.171500205993652,6.179999828338623,6.170000076293945,6.175000190734863,27465
2026-01-23 16:25:00,6.179999828338623,6.190000057220459,6.175000190734863,6.184999942779541,31500
2026-01-23 16:30:00,6.184999942779541,6.190000057220459,6.179999828338623,6.184999942779541,4814
2026-01-23 16:35:00,6.190000057220459,6.204999923706055,6.184599876403809,6.204999923706055,25529
2026-01-23 16:40:00,6.204999923706055,6.205399990081787,6.193999767303467,6.198299884796143,17629
2026-01-23 16:45:00,6.199999809265137,6.210000038146973,6.191100120544434,6.204999923706055,13946
2026-01-23 16:50:00,6.204999923706055,6.210000038146973,6.191199779510498,6.195000171661377,16724
2026-01-23 16:55:00,6.191999912261963,6.192800045013428,6.170000076293945,6.170000076293945,45376
2026-01-23 17:00:00,6.175000190734863,6.179999828338623,6.170000076293945,6.178299903869629,34453
2026-01-23 17:05:00,6.173799991607666,6.178699970245361,6.170000076293945,6.175000190734863,22716
2026-01-23 17:10:00,6.171500205993652,6.178599834442139,6.159999847412109,6.159999847412109,37009
2026-01-23 17:15:00,6.164000034332275,6.164000034332275,6.150000095367432,6.150000095367432,8146
2026-01-23 17:20:00,6.150000095367432,6.164999961853027,6.150000095367432,6.164999961853027,33919
2026-01-23 17:25:00,6.159999847412109,6.170000076293945,6.159999847412109,6.164999961853027,83569
2026-01-23 17:30:00,6.164999961853027,6.170000076293945,6.149899959564209,6.150000095367432,75162
2026-01-23 17:35:00,6.15500020980835,6.159999847412109,6.150000095367432,6.15500020980835,89941
2026-01-23 17:40:00,6.15500020980835,6.159999847412109,6.144999980926514,6.159999847412109,280258
2026-01-23 17:45:00,6.164999961853027,6.170000076293945,6.159999847412109,6.159999847412109,21462
2026-01-23 17:50:00,6.160999774932861,6.170000076293945,6.15500020980835,6.15500020980835,52915
2026-01-23 17:55:00,6.15500020980835,6.159999847412109,6.139999866485596,6.150000095367432,92559
2026-01-23 18:00:00,6.15310001373291,6.159999847412109,6.144999980926514,6.151199817657471,65755
2026-01-23 18:05:00,6.155399799346924,6.166800022125244,6.139999866485596,6.164999961853027,118141
2026-01-23 18:10:00,6.164999961853027,6.169899940490723,6.154600143432617,6.164999961853027,63618
2026-01-23 18:15:00,6.164999961853027,6.170000076293945,6.159999847412109,6.159999847412109,41607
2026-01-23 18:20:00,6.159999847412109,6.166999816894531,6.154600143432617,6.164999961853027,84939
2026-01-23 18:25:00,6.164999961853027,6.170000076293945,6.154600143432617,6.161499977111816,62643
2026-01-23 18:30:00,6.169899940490723,6.169899940490723,6.159999847412109,6.164999961853027,15106
2026-01-23 18:35:00,6.159999847412109,6.17549991607666,6.153299808502197,6.153299808502197,78164
2026-01-23 18:40:00,6.15500020980835,6.16540002822876,6.150000095367432,6.164999961853027,32537
2026-01-23 18:45:00,6.159999847412109,6.160999774932861,6.150000095367432,6.15500020980835,12290
2026-01-23 18:50:00,6.150000095367432,6.159999847412109,6.144999980926514,6.144999980926514,33995
2026-01-23 18:55:00,6.144999980926514,6.150000095367432,6.139999866485596,6.144999980926514,111570
2026-01-23 19:00:00,6.144999980926514,6.144999980926514,6.131400108337402,6.135000228881836,122866
2026-01-23 19:05:00,6.130099773406982,6.159999847412109,6.119999885559082,6.150100231170654,184997
2026-01-23 19:10:00,6.159999847412109,6.159999847412109,6.150000095367432,6.15500020980835,31696
2026-01-23 19:15:00,6.150000095367432,6.159999847412109,6.139999866485596,6.150000095367432,118158
2026-01-23 19:20:00,6.150000095367432,6.150000095367432,6.130000114440918,6.135000228881836,133547
2026-01-23 19:25:00,6.135000228881836,6.139999866485596,6.130000114440918,6.135000228881836,13478
2026-01-23 19:30:00,6.130000114440918,6.139999866485596,6.130000114440918,6.135000228881836,84765
2026-01-23 19:35:00,6.135000228881836,6.150000095367432,6.130000114440918,6.144999980926514,49869
2026-01-23 19:40:00,6.150000095367432,6.150000095367432,6.130000114440918,6.14300012588501,148633
2026-01-23 19:45:00,6.144999980926514,6.150000095367432,6.139999866485596,6.139999866485596,6310
2026-01-23 19:50:00,6.150000095367432,6.150000095367432,6.139999866485596,6.144999980926514,98159
2026-01-23 19:55:00,6.144999980926514,6.179999828338623,6.139999866485596,6.179999828338623,69625
2026-01-23 20:00:00,6.171999931335449,6.175000190734863,6.154200077056885,6.164999961853027,59577
2026-01-23 20:05:00,6.164999961853027,6.179999828338623,6.159999847412109,6.162000179290772,42507
2026-01-23 20:10:00,6.159999847412109,6.1753997802734375,6.15500020980835,6.164999961853027,103087
2026-01-23 20:15:00,6.164999961853027,6.170000076293945,6.159999847412109,6.170000076293945,15735
2026-01-23 20:20:00,6.1641998291015625,6.190000057220459,6.1641998291015625,6.190000057220459,73842
2026-01-23 20:25:00,6.188499927520752,6.190000057220459,6.160099983215332,6.164999961853027,77772
2026-01-23 20:30:00,6.165500164031982,6.179999828338623,6.151400089263916,6.175000190734863,55311
2026-01-23 20:35:00,6.175000190734863,6.179999828338623,6.159999847412109,6.164999961853027,68604
2026-01-23 20:40:00,6.170000076293945,6.179999828338623,6.159999847412109,6.164999961853027,104314
2026-01-23 20:45:00,6.164999961853027,6.170000076293945,6.160099983215332,6.164999961853027,44361
2026-01-23 20:50:00,6.167699813842773,6.199999809265137,6.164999961853027,6.199999809265137,95201
2026-01-23 20:55:00,6.195000171661377,6.21999979019165,6.190000057220459,6.215000152587891,246204
2026-01-26 14:30:00,6.150000095367432,6.230000019073486,6.139999866485596,6.139999866485596,177969
2026-01-26 14:35:00,6.150000095367432,6.150000095367432,6.119999885559082,6.144999980926514,238459
2026-01-26 14:40:00,6.144999980926514,6.215000152587891,6.139999866485596,6.159999847412109,87886
2026-01-26 14:45:00,6.164999961853027,6.21999979019165,6.164999961853027,6.199999809265137,39828
2026-01-26 14:50:00,6.199999809265137,6.199999809265137,6.170000076293945,6.175000190734863,33928
2026-01-26 14:55:00,6.170000076293945,6.175000190734863,6.139999866485596,6.164999961853027,44295
2026-01-26 15:00:00,6.159999847412109,6.164999961853027,6.130000114440918,6.150000095367432,137275
2026-01-26 15:05:00,6.150000095367432,6.150000095367432,6.135000228881836,6.150000095367432,102139
2026-01-26 15:10:00,6.143799781799316,6.199999809265137,6.143799781799316,6.190000057220459,48491
2026-01-26 15:15:00,6.199900150299072,6.21999979019165,6.195000171661377,6.21999979019165,40036
2026-01-26 15:20:00,6.21999979019165,6.21999979019165,6.190000057220459,6.190299987792969,19059
2026-01-26 15:25:00,6.195400238037109,6.195400238037109,6.170000076293945,6.175000190734863,17559
2026-01-26 15:30:00,6.170000076293945,6.190000057220459,6.170000076293945,6.190000057220459,25133
2026-01-26 15:35:00,6.195000171661377,6.199999809265137,6.182000160217285,6.185400009155273,21957
2026-01-26 15:40:00,6.179999828338623,6.185999870300293,6.175000190734863,6.184999942779541,31994
2026-01-26 15:45:00,6.179999828338623,6.195799827575684,6.170000076293945,6.195000171661377,51920
2026-01-26 15:50:00,6.195000171661377,6.203999996185303,6.184000015258789,6.190100193023682,53859
2026-01-26 15:55:00,6.198599815368652,6.204999923706055,6.190000057220459,6.199999809265137,28301
2026-01-26 16:00:00,6.204999923706055,6.219900131225586,6.199999809265137,6.204999923706055,63166
2026-01-26 16:05:00,6.199999809265137,6.210000038146973,6.199999809265137,6.199999809265137,42124
2026-01-26 16:10:00,6.199999809265137,6.210000038146973,6.199999809265137,6.199999809265137,9457
2026-01-26 16:15:00,6.208000183105469,6.21999979019165,6.199999809265137,6.204999923706055,72915
2026-01-26 16:20:00,6.210000038146973,6.230000019073486,6.199999809265137,6.21999979019165,41627
2026-01-26 16:25:00,6.21999979019165,6.235000133514404,6.21999979019165,6.224999904632568,65483
2026-01-26 16:30:00,6.224999904632568,6.25,6.21999979019165,6.25,62942
2026-01-26 16:35:00,6.244999885559082,6.25,6.21999979019165,6.21999979019165,47548
2026-01-26 16:40:00,6.21999979019165,6.21999979019165,6.199999809265137,6.199999809265137,56725
2026-01-26 16:45:00,6.199999809265137,6.210000038146973,6.199999809265137,6.199999809265137,22039
2026-01-26 16:50:00,6.199999809265137,6.208499908447266,6.195000171661377,6.201399803161621,38152
2026-01-26 16:55:00,6.199999809265137,6.210000038146973,6.190000057220459,6.201099872589111,120750
2026-01-26 17:00:00,6.204999923706055,6.209000110626221,6.199999809265137,6.199999809265137,35632
2026-01-26 17:05:00,6.199999809265137,6.20989990234375,6.199999809265137,6.199999809265137,17282
2026-01-26 17:10:00,6.199999809265137,6.205399990081787,6.195000171661377,6.199999809265137,47846
2026-01-26 17:15:00,6.199999809265137,6.205399990081787,6.179999828338623,6.190000057220459,115908
2026-01-26 17:20:00,6.184999942779541,6.204999923706055,6.184999942779541,6.199999809265137,144453
2026-01-26 17:25:00,6.199999809265137,6.204999923706055,6.190000057220459,6.195000171661377,48574
2026-01-26 17:30:00,6.199900150299072,6.210000038146973,6.190000057220459,6.190000057220459,55463
2026-01-26 17:35:00,6.198500156402588,6.204999923706055,6.195000171661377,6.204999923706055,33724
2026-01-26 17:40:00,6.204999923706055,6.210000038146973,6.199999809265137,6.204999923706055,18821
2026-01-26 17:45:00,6.204999923706055,6.210000038146973,6.199999809265137,6.204999923706055,6033
2026-01-26 17:50:00,6.204999923706055,6.21999979019165,6.204999923706055,6.204999923706055,28056
2026-01-26 17:55:00,6.199999809265137,6.210000038146973,6.199999809265137,6.204999923706055,9574
2026-01-26 18:00:00,6.199999809265137,6.210000038146973,6.199999809265137,6.199999809265137,15003
2026-01-26 18:05:00,6.199999809265137,6.204999923706055,6.195000171661377,6.195000171661377,52861
2026-01-26 18:10:00,6.199999809265137,6.204999923706055,6.195000171661377,6.200099945068359,40201
2026-01-26 18:15:00,6.199999809265137,6.199999809265137,6.190000057220459,6.195000171661377,19457
2026-01-26 18:20:00,6.195000171661377,6.199900150299072,6.190000057220459,6.195000171661377,11983
2026-01-26 18:25:00,6.195000171661377,6.199999809265137,6.190000057220459,6.195000171661377,4754
2026-01-26 18:30:00,6.190000057220459,6.210000038146973,6.190000057220459,6.199999809265137,16231
2026-01-26 18:35:00,6.199999809265137,6.210000038146973,6.199999809265137,6.199999809265137,17028
2026-01-26 18:40:00,6.204999923706055,6.210000038146973,6.199999809265137,6.204999923706055,22777
2026-01-26 18:45:00,6.199999809265137,6.210000038146973,6.190000057220459,6.195000171661377,54805
2026-01-26 18:50:00,6.190000057220459,6.199999809265137,6.190000057220459,6.195000171661377,5405
2026-01-26 18:55:00,6.199999809265137,6.210000038146973,6.195000171661377,6.204999923706055,26143
2026-01-26 19:00:00,6.199999809265137,6.215400218963623,6.199999809265137,6.204999923706055,25591
2026-01-26 19:05:00,6.204999923706055,6.225399971008301,6.199999809265137,6.224999904632568,52606
2026-01-26 19:10:00,6.224999904632568,6.230000019073486,6.21999979019165,6.224999904632568,11658
2026-01-26 19:15:00,6.224999904632568,6.230000019073486,6.21999979019165,6.21999979019165,16611
2026-01-26 19:20:00,6.224999904632568,6.224999904632568,6.21999979019165,6.224999904632568,11180
2026-01-26 19:25:00,6.224999904632568,6.224999904632568,6.21999979019165,6.224999904632568,14282
2026-01-26 19:30:00,6.224999904632568,6.25,6.21999979019165,6.244999885559082,36882
2026-01-26 19:35:00,6.244999885559082,6.25,6.21999979019165,6.224999904632568,47981
2026-01-26 19:40:00,6.224999904632568,6.228499889373779,6.21999979019165,6.224999904632568,31018
2026-01-26 19:45:00,6.224999904632568,6.237400054931641,6.21999979019165,6.235000133514404,21908
2026-01-26 19:50:00,6.230000019073486,6.235000133514404,6.230000019073486,6.235000133514404,15090
2026-01-26 19:55:00,6.230000019073486,6.239999771118164,6.230000019073486,6.235000133514404,24097
2026-01-26 20:00:00,6.235000133514404,6.25,6.230000019073486,6.239999771118164,33432
2026-01-26 20:05:00,6.235000133514404,6.244999885559082,6.230000019073486,6.244999885559082,19473
2026-01-26 20:10:00,6.244999885559082,6.28000020980835,6.239999771118164,6.269999980926514,86809
2026-01-26 20:15:00,6.275000095367432,6.284999847412109,6.260000228881836,6.280200004577637,104607
2026-01-26 20:20:00,6.28000020980835,6.289999961853027,6.275000095367432,6.28000020980835,59812
2026-01-26 20:25:00,6.284999847412109,6.289999961853027,6.260000228881836,6.260000228881836,31474
2026-01-26 20:30:00,6.260000228881836,6.264999866485596,6.230000019073486,6.235000133514404,38744
2026-01-26 20:35:00,6.239699840545654,6.245399951934815,6.230000019073486,6.235000133514404,41347
2026-01-26 20:40:00,6.235000133514404,6.235400199890137,6.210000038146973,6.210000038146973,42414
2026-01-26 20:45:00,6.215000152587891,6.224999904632568,6.210000038146973,6.215000152587891,70618
2026-01-26 20:50:00,6.215000152587891,6.215400218963623,6.190100193023682,6.204999923706055,248031
2026-01-26 20:55:00,6.204999923706055,6.210000038146973,6.199999809265137,6.199999809265137,292817
2026-01-27 14:30:00,6.25,6.289999961853027,6.199999809265137,6.210000038146973,208323
2026-01-27 14:35:00,6.210000038146973,6.224999904632568,6.170000076293945,6.199999809265137,295244
2026-01-27 14:40:00,6.204999923706055,6.230000019073486,6.195000171661377,6.206699848175049,220200
2026-01-27 14:45:00,6.204999923706055,6.210000038146973,6.179999828338623,6.199999809265137,198956
2026-01-27 14:50:00,6.204999923706055,6.210000038146973,6.190000057220459,6.190000057220459,94253
2026-01-27 14:55:00,6.190000057220459,6.197299957275391,6.1875,6.190000057220459,63250
2026-01-27 15:00:00,6.179999828338623,6.215000152587891,6.179999828338623,6.215000152587891,55757
2026-01-27 15:05:00,6.215000152587891,6.21999979019165,6.204999923706055,6.21999979019165,39512
2026-01-27 15:10:00,6.211400032043457,6.230000019073486,6.204999923706055,6.215400218963623,47185
2026-01-27 15:15:00,6.215000152587891,6.219900131225586,6.210000038146973,6.210000038146973,11129
2026-01-27 15:20:00,6.215000152587891,6.215400218963623,6.199999809265137,6.204999923706055,32891
2026-01-27 15:25:00,6.199999809265137,6.210000038146973,6.199999809265137,6.204999923706055,25123
2026-01-27 15:30:00,6.204999923706055,6.218999862670898,6.199999809265137,6.204999923706055,40536
2026-01-27 15:35:00,6.210000038146973,6.25,6.204999923706055,6.244999885559082,70723
2026-01-27 15:40:00,6.25,6.28000020980835,6.244999885559082,6.275000095367432,54537
2026-01-27 15:45:00,6.269999980926514,6.290299892425537,6.269999980926514,6.275000095367432,107669
2026-01-27 15:50:00,6.269999980926514,6.289999961853027,6.264999866485596,6.28000020980835,39422
2026-01-27 15:55:00,6.2820000648498535,6.284999847412109,6.28000020980835,6.28000020980835,16847
2026-01-27 16:00:00,6.286799907684326,6.309899806976318,6.275000095367432,6.301000118255615,71206
2026-01-27 16:05:00,6.304999828338623,6.349999904632568,6.304999828338623,6.324999809265137,94104
2026-01-27 16:10:00,6.324999809265137,6.324999809265137,6.289999961853027,6.300000190734863,67365
2026-01-27 16:15:00,6.299699783325195,6.309000015258789,6.284999847412109,6.284999847412109,40654
2026-01-27 16:20:00,6.28000020980835,6.299600124359131,6.275000095367432,6.295000076293945,56347
2026-01-27 16:25:00,6.295000076293945,6.300000190734863,6.295000076293945,6.300000190734863,6661
2026-01-27 16:30:00,6.300000190734863,6.300099849700928,6.264599800109863,6.269999980926514,60587
2026-01-27 16:35:00,6.264999866485596,6.277500152587891,6.264999866485596,6.270699977874756,13802
2026-01-27 16:40:00,6.275000095367432,6.275000095367432,6.260000228881836,6.274199962615967,55257
2026-01-27 16:45:00,6.269999980926514,6.271999835968018,6.260700225830078,6.264699935913086,40318
2026-01-27 16:50:00,6.265699863433838,6.265699863433838,6.239999771118164,6.239999771118164,55122
2026-01-27 16:55:00,6.239999771118164,6.25,6.230000019073486,6.235000133514404,130636
2026-01-27 17:00:00,6.230000019073486,6.235000133514404,6.210000038146973,6.219299793243408,64089
2026-01-27 17:05:00,6.215000152587891,6.215000152587891,6.199999809265137,6.204999923706055,102179
2026-01-27 17:10:00,6.199999809265137,6.204999923706055,6.179999828338623,6.195000171661377,71399
2026-01-27 17:15:00,6.195000171661377,6.195499897003174,6.164999961853027,6.164999961853027,111627
2026-01-27 17:20:00,6.164999961853027,6.215000152587891,6.159999847412109,6.204599857330322,193175
2026-01-27 17:25:00,6.204999923706055,6.215400218963623,6.199999809265137,6.199999809265137,76996
2026-01-27 17:30:00,6.204999923706055,6.210000038146973,6.199999809265137,6.199999809265137,16298
2026-01-27 17:35:00,6.199999809265137,6.210000038146973,6.199999809265137,6.199999809265137,52310
2026-01-27 17:40:00,6.204999923706055,6.215400218963623,6.199999809265137,6.210000038146973,40374
2026-01-27 17:45:00,6.210000038146973,6.21999979019165,6.199999809265137,6.210000038146973,111422
2026-01-27 17:50:00,6.210000038146973,6.215000152587891,6.210000038146973,6.210000038146973,6474
2026-01-27 17:55:00,6.210000038146973,6.215000152587891,6.199999809265137,6.204999923706055,37441
2026-01-27 18:00:00,6.199999809265137,6.21999979019165,6.199999809265137,6.199999809265137,56662
2026-01-27 18:05:00,6.199999809265137,6.210000038146973,6.199999809265137,6.199999809265137,69205
2026-01-27 18:10:00,6.20550012588501,6.20550012588501,6.179999828338623,6.184999942779541,249203
2026-01-27 18:15:00,6.188799858093262,6.215000152587891,6.188799858093262,6.199999809265137,114801
2026-01-27 18:20:00,6.199999809265137,6.20989990234375,6.199999809265137,6.199999809265137,19218
2026-01-27 18:25:00,6.199999809265137,6.215000152587891,6.199999809265137,6.199999809265137,48825
2026-01-27 18:30:00,6.199999809265137,6.206299781799316,6.199999809265137,6.199999809265137,20130
2026-01-27 18:35:00,6.199999809265137,6.204999923706055,6.190000057220459,6.195000171661377,57954
2026-01-27 18:40:00,6.195000171661377,6.195000171661377,6.179999828338623,6.184999942779541,61371
2026-01-27 18:45:00,6.184999942779541,6.190000057220459,6.181300163269043,6.184999942779541,9244
2026-01-27 18:50:00,6.184999942779541,6.190000057220459,6.179999828338623,6.179999828338623,28325
2026-01-27 18:55:00,6.184999942779541,6.190000057220459,6.179999828338623,6.184999942779541,11584
2026-01-27 19:00:00,6.190000057220459,6.199999809265137,6.179999828338623,6.195000171661377,26660
2026-01-27 19:05:00,6.195000171661377,6.199999809265137,6.190000057220459,6.198500156402588,9456
2026-01-27 19:10:00,6.199999809265137,6.20989990234375,6.195000171661377,6.199999809265137,63161
2026-01-27 19:15:00,6.210000038146973,6.21999979019165,6.195000171661377,6.195000171661377,43253
2026-01-27 19:20:00,6.195000171661377,6.224999904632568,6.195000171661377,6.215000152587891,74913
2026-01-27 19:25:00,6.215000152587891,6.218999862670898,6.210000038146973,6.218999862670898,20542
2026-01-27 19:30:00,6.215000152587891,6.21619987487793,6.210000038146973,6.210000038146973,9596
2026-01-27 19:35:00,6.21150016784668,6.21999979019165,6.210000038146973,6.215000152587891,9122
2026-01-27 19:40:00,6.215000152587891,6.21999979019165,6.199999809265137,6.20550012588501,85621
2026-01-27 19:45:00,6.204999923706055,6.21999979019165,6.199999809265137,6.215000152587891,24942
2026-01-27 19:50:00,6.215000152587891,6.235000133514404,6.210000038146973,6.21999979019165,59627
2026-01-27 19:55:00,6.21999979019165,6.229899883270264,6.210000038146973,6.215000152587891,29457
2026-01-27 20:00:00,6.215000152587891,6.224999904632568,6.210000038146973,6.215000152587891,19467
2026-01-27 20:05:00,6.215000152587891,6.235000133514404,6.210000038146973,6.21999979019165,48631
2026-01-27 20:10:00,6.224999904632568,6.239999771118164,6.21999979019165,6.235000133514404,30763
2026-01-27 20:15:00,6.230000019073486,6.260000228881836,6.230000019073486,6.25,101448
2026-01-27 20:20:00,6.25,6.264999866485596,6.239999771118164,6.25,92694
2026-01-27 20:25:00,6.239999771118164,6.239999771118164,6.230000019073486,6.235000133514404,69668
2026-01-27 20:30:00,6.230000019073486,6.235000133514404,6.210000038146973,6.215000152587891,37129
2026-01-27 20:35:00,6.210000038146973,6.215000152587891,6.210000038146973,6.210000038146973,48650
2026-01-27 20:40:00,6.21120023727417,6.224999904632568,6.210000038146973,6.224999904632568,46726
2026-01-27 20:45:00,6.224999904632568,6.230000019073486,6.21999979019165,6.230000019073486,78925
2026-01-27 20:50:00,6.230000019073486,6.235000133514404,6.21999979019165,6.224999904632568,147924
2026-01-27 20:55:00,6.224999904632568,6.230000019073486,6.199999809265137,6.204999923706055,439442
2026-01-28 14:30:00,6.230000019073486,6.28000020980835,6.170000076293945,6.235000133514404,63179
2026-01-28 14:35:00,6.235000133514404,6.249300003051758,6.201000213623047,6.210000038146973,51340
2026-01-28 14:40:00,6.210000038146973,6.21999979019165,6.190000057220459,6.210000038146973,89290
2026-01-28 14:45:00,6.199999809265137,6.210000038146973,6.190000057220459,6.195000171661377,32134
2026-01-28 14:50:00,6.195000171661377,6.195000171661377,6.179999828338623,6.184999942779541,72965
2026-01-28 14:55:00,6.184999942779541,6.190000057220459,6.179999828338623,6.184999942779541,45705
2026-01-28 15:00:00,6.190000057220459,6.224999904632568,6.179999828338623,6.204999923706055,218144
2026-01-28 15:05:00,6.204999923706055,6.204999923706055,6.139999866485596,6.139999866485596,1049746
2026-01-28 15:10:00,6.144499778747559,6.159999847412109,6.119999885559082,6.125,101119
2026-01-28 15:15:00,6.119999885559082,6.130000114440918,6.090000152587891,6.09499979019165,85144
2026-01-28 15:20:00,6.090000152587891,6.119999885559082,6.079999923706055,6.113900184631348,108558
2026-01-28 15:25:00,6.114999771118164,6.117199897766113,6.090000152587891,6.09499979019165,36568
2026-01-28 15:30:00,6.099999904632568,6.099999904632568,6.050000190734863,6.050099849700928,135121
2026-01-28 15:35:00,6.056700229644775,6.090000152587891,6.051000118255615,6.074999809265137,102586
2026-01-28 15:40:00,6.075900077819824,6.079999923706055,6.045000076293945,6.050000190734863,89940
2026-01-28 15:45:00,6.0432000160217285,6.050000190734863,6.0,6.000699996948242,176633
2026-01-28 15:50:00,6.005000114440918,6.005000114440918,5.980000019073486,5.999000072479248,109799
2026-01-28 15:55:00,5.998600006103516,6.005000114440918,5.949999809265137,5.954999923706055,148400
2026-01-28 16:00:00,5.950399875640869,5.980000019073486,5.949999809265137,5.960000038146973,82582
2026-01-28 16:05:00,5.954999923706055,5.965000152587891,5.925000190734863,5.929800033569336,109315
2026-01-28 16:10:00,5.929999828338623,5.949999809265137,5.929999828338623,5.949999809265137,70434
2026-01-28 16:15:00,5.945000171661377,5.946700096130371,5.929999828338623,5.934999942779541,39027
2026-01-28 16:20:00,5.934999942779541,5.940000057220459,5.925000190734863,5.940000057220459,42387
2026-01-28 16:25:00,5.938499927520752,5.954999923706055,5.929999828338623,5.945000171661377,63531
2026-01-28 16:30:00,5.945000171661377,5.949900150299072,5.933300018310547,5.933300018310547,63965
2026-01-28 16:35:00,5.934999942779541,5.934999942779541,5.920000076293945,5.925000190734863,40865
2026-01-28 16:40:00,5.920000076293945,5.929999828338623,5.900000095367432,5.910099983215332,92636
2026-01-28 16:45:00,5.913899898529053,5.920000076293945,5.910999774932861,5.914999961853027,27233
2026-01-28 16:50:00,5.914999961853027,5.929999828338623,5.900000095367432,5.90500020980835,64381
2026-01-28 16:55:00,5.903244972229004,5.925000190734863,5.903244972229004,5.91510009765625,146601
2026-01-28 17:00:00,5.920000076293945,5.940000057220459,5.909999847412109,5.934999942779541,219804
2026-01-28 17:05:00,5.939899921417236,5.96999979019165,5.93310022354126,5.966300010681152,89086
2026-01-28 17:10:00,5.96999979019165,5.978000164031982,5.963600158691406,5.969900131225586,125439
2026-01-28 17:15:00,5.96999979019165,5.989999771118164,5.969900131225586,5.981400012969971,78504
2026-01-28 17:20:00,5.985000133514404,5.985000133514404,5.959000110626221,5.959000110626221,104679
2026-01-28 17:25:00,5.960000038146973,5.960000038146973,5.949999809265137,5.954999923706055,14807
2026-01-28 17:30:00,5.949999809265137,5.949999809265137,5.929999828338623,5.934999942779541,30472
2026-01-28 17:35:00,5.936600208282471,5.959000110626221,5.934999942779541,5.959000110626221,25991
2026-01-28 17:40:00,5.950099945068359,5.956699848175049,5.949999809265137,5.954999923706055,20325
2026-01-28 17:45:00,5.949999809265137,5.949999809265137,5.940000057220459,5.940000057220459,18723
2026-01-28 17:50:00,5.945199966430664,5.946400165557861,5.940000057220459,5.945000171661377,13026
2026-01-28 17:55:00,5.940000057220459,5.946300029754639,5.940000057220459,5.940000057220459,25087
2026-01-28 18:00:00,5.940000057220459,5.974999904632568,5.929999828338623,5.965000152587891,98337
2026-01-28 18:05:00,5.965000152587891,5.968500137329102,5.954999923706055,5.954999923706055,35029
2026-01-28 18:10:00,5.954999923706055,5.965400218963623,5.949999809265137,5.960000038146973,39132
2026-01-28 18:15:00,5.965000152587891,5.965000152587891,5.954999923706055,5.965000152587891,32728
2026-01-28 18:20:00,5.96120023727417,5.96999979019165,5.960000038146973,5.965000152587891,16102
2026-01-28 18:25:00,5.960000038146973,5.965400218963623,5.949999809265137,5.962900161743164,33788
2026-01-28 18:30:00,5.965000152587891,5.96999979019165,5.964499950408936,5.96560001373291,8129
2026-01-28 18:35:00,5.965000152587891,5.966000080108643,5.960000038146973,5.965000152587891,30879
2026-01-28 18:40:00,5.96999979019165,5.96999979019165,5.949999809265137,5.950099945068359,41006
2026-01-28 18:45:00,5.960000038146973,5.975399971008301,5.954999923706055,5.960000038146973,50364
2026-01-28 18:50:00,5.965000152587891,5.96999979019165,5.960000038146973,5.964499950408936,11964
2026-01-28 18:55:00,5.965000152587891,5.96999979019165,5.960000038146973,5.965000152587891,13976
2026-01-28 19:00:00,5.965000152587891,5.96999979019165,5.940000057220459,5.948800086975098,86213
2026-01-28 19:05:00,5.949999809265137,5.954999923706055,5.924600124359131,5.934999942779541,54963
2026-01-28 19:10:00,5.934999942779541,5.945000171661377,5.934999942779541,5.941599845886231,24105
2026-01-28 19:15:00,5.944399833679199,5.949999809265137,5.934999942779541,5.949999809265137,35337
2026-01-28 19:20:00,5.949999809265137,5.949999809265137,5.943399906158447,5.949999809265137,11235
2026-01-28 19:25:00,5.945000171661377,5.960000038146973,5.920000076293945,5.925000190734863,75485
2026-01-28 19:30:00,5.924200057983398,6.065000057220459,5.900000095367432,5.909999847412109,505580
2026-01-28 19:35:00,5.920000076293945,5.925000190734863,5.840000152587891,5.872000217437744,325723
2026-01-28 19:40:00,5.879899978637695,5.90500020980835,5.864999771118164,5.900000095367432,112129
2026-01-28 19:45:00,5.901999950408936,5.914999961853027,5.894999980926514,5.894999980926514,72556
2026-01-28 19:50:00,5.894999980926514,5.920000076293945,5.892000198364258,5.900000095367432,84372
2026-01-28 19:55:00,5.900000095367432,5.920000076293945,5.889999866485596,5.90500020980835,122419
2026-01-28 20:00:00,5.90500020980835,5.914999961853027,5.900000095367432,5.900000095367432,56406
2026-01-28 20:05:00,5.900000095367432,5.919899940490723,5.900000095367432,5.90500020980835,68013
2026-01-28 20:10:00,5.90500020980835,5.954999923706055,5.900000095367432,5.934999942779541,89804
2026-01-28 20:15:00,5.929999828338623,5.940000057220459,5.914999961853027,5.921999931335449,104477
2026-01-28 20:20:00,5.920000076293945,5.940000057220459,5.909999847412109,5.925000190734863,86015
2026-01-28 20:25:00,5.925000190734863,5.929999828338623,5.920000076293945,5.925000190734863,68166
2026-01-28 20:30:00,5.925000190734863,5.940000057220459,5.920000076293945,5.940000057220459,87706
2026-01-28 20:35:00,5.934999942779541,5.96999979019165,5.934999942779541,5.954999923706055,92359
2026-01-28 20:40:00,5.960000038146973,5.96999979019165,5.949999809265137,5.965000152587891,126253
2026-01-28 20:45:00,5.965000152587891,5.96999979019165,5.949999809265137,5.954999923706055,63260
2026-01-28 20:50:00,5.960000038146973,6.0,5.949999809265137,5.985000133514404,379087
2026-01-28 20:55:00,5.985000133514404,5.989999771118164,5.96999979019165,5.974999904632568,401914
2026-01-29 14:30:00,5.949999809265137,5.989999771118164,5.869999885559082,5.909999847412109,106785
2026-01-29 14:35:00,5.90500020980835,6.039999961853027,5.894999980926514,6.034999847412109,63923
2026-01-29 14:40:00,6.034999847412109,6.047200202941895,5.974999904632568,5.989999771118164,37519
2026-01-29 14:45:00,5.985000133514404,5.985000133514404,5.96999979019165,5.985000133514404,40815
2026-01-29 14:50:00,5.980000019073486,5.992000102996826,5.965000152587891,5.989999771118164,27099
2026-01-29 14:55:00,5.989999771118164,5.989999771118164,5.945000171661377,5.945000171661377,34733
2026-01-29 15:00:00,5.949999809265137,5.960000038146973,5.920000076293945,5.936500072479248,60018
2026-01-29 15:05:00,5.940000057220459,5.945000171661377,5.920000076293945,5.934999942779541,65175
2026-01-29 15:10:00,5.93209981918335,5.945000171661377,5.929999828338623,5.940000057220459,17822
2026-01-29 15:15:00,5.947999954223633,5.965000152587891,5.940000057220459,5.949999809265137,62958
2026-01-29 15:20:00,5.947000026702881,5.960000038146973,5.945000171661377,5.952000141143799,29697
2026-01-29 15:25:00,5.95550012588501,5.95550012588501,5.929999828338623,5.934999942779541,34361
2026-01-29 15:30:00,5.935100078582764,5.945000171661377,5.914999961853027,5.920700073242188,31877
2026-01-29 15:35:00,5.920000076293945,5.920000076293945,5.909999847412109,5.914999961853027,28694
2026-01-29 15:40:00,5.909999847412109,5.909999847412109,5.880000114440918,5.883699893951416,59678
2026-01-29 15:45:00,5.880000114440918,5.889999866485596,5.860000133514404,5.875,38757
2026-01-29 15:50:00,5.875,5.880000114440918,5.855000019073486,5.860199928283691,29623
2026-01-29 15:55:00,5.869999885559082,5.900000095367432,5.869900226593018,5.894999980926514,14110
2026-01-29 16:00:00,5.894999980926514,5.894999980926514,5.875,5.885000228881836,33018
2026-01-29 16:05:00,5.882996082305908,5.889999866485596,5.855000019073486,5.866000175476074,23449
2026-01-29 16:10:00,5.863399982452393,5.914999961853027,5.863399982452393,5.909999847412109,58771
2026-01-29 16:15:00,5.909999847412109,5.909999847412109,5.894299983978272,5.899700164794922,34316
2026-01-29 16:20:00,5.900000095367432,5.910099983215332,5.889999866485596,5.9045000076293945,47701
2026-01-29 16:25:00,5.900000095367432,5.909900188446045,5.892000198364258,5.894999980926514,23600
2026-01-29 16:30:00,5.889999866485596,5.90500020980835,5.889999866485596,5.90500020980835,17392
2026-01-29 16:35:00,5.90500020980835,5.90500020980835,5.889999866485596,5.900000095367432,10349
2026-01-29 16:40:00,5.898600101470947,5.909999847412109,5.889999866485596,5.90500020980835,19461
2026-01-29 16:45:00,5.900000095367432,5.918700218200684,5.894999980926514,5.918700218200684,16334
2026-01-29 16:50:00,5.914999961853027,5.914999961853027,5.9008002281188965,5.90500020980835,18444
2026-01-29 16:55:00,5.90500020980835,5.919000148773193,5.90500020980835,5.914999961853027,25280
2026-01-29 17:00:00,5.914999961853027,5.920000076293945,5.914999961853027,5.920000076293945,11483
2026-01-29 17:05:00,5.920000076293945,5.925300121307373,5.910999774932861,5.920000076293945,136239
2026-01-29 17:10:00,5.920000076293945,5.929999828338623,5.909999847412109,5.914999961853027,33573
2026-01-29 17:15:00,5.914999961853027,5.946499824523926,5.914999961853027,5.946499824523926,46973
2026-01-29 17:20:00,5.945000171661377,5.954999923706055,5.945000171661377,5.949999809265137,25017
2026-01-29 17:25:00,5.949999809265137,5.949999809265137,5.929999828338623,5.929999828338623,9061
2026-01-29 17:30:00,5.929999828338623,5.937122821807861,5.920000076293945,5.920000076293945,8115
2026-01-29 17:35:00,5.929999828338623,5.939700126647949,5.920000076293945,5.939700126647949,13412
2026-01-29 17:40:00,5.933700084686279,5.949999809265137,5.925000190734863,5.940000057220459,42032
2026-01-29 17:45:00,5.936699867248535,5.936699867248535,5.920000076293945,5.928999900817871,7332
2026-01-29 17:50:00,5.929900169372559,5.929999828338623,5.909999847412109,5.909999847412109,18146
2026-01-29 17:55:00,5.914999961853027,5.920000076293945,5.909999847412109,5.914999961853027,12947
2026-01-29 18:00:00,5.920000076293945,5.920000076293945,5.860000133514404,5.894999980926514,63505
2026-01-29 18:05:00,5.900000095367432,5.919899940490723,5.894999980926514,5.900000095367432,24555
2026-01-29 18:10:00,5.90500020980835,5.920000076293945,5.90500020980835,5.910999774932861,19947
2026-01-29 18:15:00,5.920000076293945,5.928599834442139,5.90500020980835,5.909999847412109,29827
2026-01-29 18:20:00,5.905099868774414,5.920000076293945,5.90500020980835,5.914999961853027,16401
2026-01-29 18:25:00,5.914999961853027,5.925000190734863,5.909999847412109,5.920100212097168,14377
2026-01-29 18:30:00,5.925000190734863,5.925000190734863,5.90500020980835,5.9141998291015625,27663
2026-01-29 18:35:00,5.914999961853027,5.925000190734863,5.909999847412109,5.925000190734863,14038
2026-01-29 18:40:00,5.929999828338623,5.940000057220459,5.928599834442139,5.934999942779541,17200
2026-01-29 18:45:00,5.929999828338623,5.936699867248535,5.920100212097168,5.934999942779541,32898
2026-01-29 18:50:00,5.934999942779541,5.940000057220459,5.934999942779541,5.940000057220459,14479
2026-01-29 18:55:00,5.945000171661377,5.95989990234375,5.925000190734863,5.925000190734863,31909
2026-01-29 19:00:00,5.920000076293945,5.952000141143799,5.920000076293945,5.949999809265137,21720
2026-01-29 19:05:00,5.945000171661377,5.954999923706055,5.940000057220459,5.949999809265137,15078
2026-01-29 19:10:00,5.960000038146973,5.960000038146973,5.940000057220459,5.940000057220459,18607
2026-01-29 19:15:00,5.941500186920166,5.945000171661377,5.934999942779541,5.945000171661377,20627
2026-01-29 19:20:00,5.948999881744385,5.949999809265137,5.940000057220459,5.945000171661377,3860
2026-01-29 19:25:00,5.945000171661377,5.954999923706055,5.945000171661377,5.9532999992370605,25237
2026-01-29 19:30:00,5.954999923706055,5.954999923706055,5.875,5.885000228881836,123264
2026-01-29 19:35:00,5.880000114440918,5.925000190734863,5.880000114440918,5.921299934387207,61017
2026-01-29 19:40:00,5.920000076293945,5.934999942779541,5.909999847412109,5.920000076293945,54630
2026-01-29 19:45:00,5.920899868011475,5.934999942779541,5.914999961853027,5.925000190734863,44991
2026-01-29 19:50:00,5.925000190734863,5.929999828338623,5.914999961853027,5.929999828338623,41875
2026-01-29 19:55:00,5.925899982452393,5.949999809265137,5.875,5.875,177999
2026-01-29 20:00:00,5.875,5.914999961853027,5.875,5.914999961853027,56240
2026-01-29 20:05:00,5.914999961853027,5.925000190734863,5.909999847412109,5.920000076293945,23750
2026-01-29 20:10:00,5.920000076293945,5.929999828338623,5.914999961853027,5.920000076293945,50155
2026-01-29 20:15:00,5.920000076293945,5.929999828338623,5.909999847412109,5.925000190734863,41023
2026-01-29 20:20:00,5.925000190734863,5.929900169372559,5.920000076293945,5.925000190734863,21593
2026-01-29 20:25:00,5.920000076293945,5.929999828338623,5.920000076293945,5.920000076293945,23401
2026-01-29 20:30:00,5.920000076293945,5.929999828338623,5.920000076293945,5.929999828338623,31686
2026-01-29 20:35:00,5.929999828338623,5.929999828338623,5.920000076293945,5.925000190734863,38940
2026-01-29 20:40:00,5.925000190734863,5.940000057220459,5.914999961853027,5.925000190734863,131183
2026-01-29 20:45:00,5.920000076293945,5.925000190734863,5.909999847412109,5.914999961853027,53412
2026-01-29 20:50:00,5.914999961853027,5.920000076293945,5.889999866485596,5.90500020980835,127875
2026-01-29 20:55:00,5.909999847412109,5.940000057220459,5.90500020980835,5.934999942779541,190130
2026-01-30 14:30:00,5.920000076293945,6.085000038146973,5.920000076293945,6.065000057220459,208788
2026-01-30 14:35:00,6.059999942779541,6.059999942779541,6.010000228881836,6.021500110626221,54670
2026-01-30 14:40:00,6.025000095367432,6.050000190734863,6.000999927520752,6.03000020980835,42018
2026-01-30 14:45:00,6.019999980926514,6.03000020980835,6.0,6.005000114440918,32254
2026-01-30 14:50:00,6.0,6.019999980926514,6.0,6.0,27584
2026-01-30 14:55:00,5.994999885559082,6.005000114440918,5.980000019073486,6.005000114440918,57393
2026-01-30 15:00:00,6.005000114440918,6.025000095367432,6.0,6.014999866485596,42941
2026-01-30 15:05:00,6.019999980926514,6.034999847412109,6.014999866485596,6.019899845123291,54204
2026-01-30 15:10:00,6.014999866485596,6.034999847412109,6.005000114440918,6.034999847412109,29851
2026-01-30 15:15:00,6.03000020980835,6.039999961853027,6.01200008392334,6.022799968719482,30854
2026-02-02 18:45:00,6.045000076293945,6.059999942779541,6.045000076293945,6.059999942779541,48445
2026-02-02 18:50:00,6.050000190734863,6.065000057220459,6.050000190734863,6.054999828338623,47299
2026-02-02 18:55:00,6.054999828338623,6.054999828338623,6.034999847412109,6.034999847412109,33154
2026-02-02 19:00:00,6.034999847412109,6.045000076293945,6.034999847412109,6.045000076293945,20526
2026-02-02 19:05:00,6.050000190734863,6.070000171661377,6.045000076293945,6.045000076293945,38939
2026-02-02 19:10:00,6.050000190734863,6.059999942779541,6.050000190734863,6.054999828338623,41706
2026-02-02 19:15:00,6.054999828338623,6.059999942779541,6.053400039672852,6.054999828338623,7836
2026-02-02 19:20:00,6.054999828338623,6.059999942779541,6.050000190734863,6.050000190734863,19713
2026-02-02 19:25:00,6.050000190734863,6.059999942779541,6.039999961853027,6.059700012207031,24667
2026-02-02 19:30:00,6.054999828338623,6.054999828338623,6.039999961853027,6.045000076293945,33086
2026-02-02 19:35:00,6.045000076293945,6.050000190734863,6.039999961853027,6.050000190734863,10903
2026-02-02 19:40:00,6.04010009765625,6.059999942779541,6.04010009765625,6.054999828338623,24948
2026-02-02 19:45:00,6.059700012207031,6.090000152587891,6.059700012207031,6.090000152587891,27269
2026-02-02 19:50:00,6.090000152587891,6.099999904632568,6.079999923706055,6.085000038146973,47256
2026-02-02 19:55:00,6.084499835968018,6.135000228881836,6.065000057220459,6.065000057220459,214418
2026-02-02 20:00:00,6.070000171661377,6.070000171661377,6.033400058746338,6.070000171661377,213220
2026-02-02 20:05:00,6.06820011138916,6.085000038146973,6.065000057220459,6.085000038146973,26007
2026-02-02 20:10:00,6.090000152587891,6.090000152587891,6.074999809265137,6.074999809265137,30228
2026-02-02 20:15:00,6.074999809265137,6.079999923706055,6.070000171661377,6.071800231933594,14736
2026-02-02 20:20:00,6.071499824523926,6.090000152587891,6.071499824523926,6.079999923706055,40586
2026-02-02 20:25:00,6.074999809265137,6.079899787902832,6.054999828338623,6.054999828338623,35383
2026-02-02 20:30:00,6.054999828338623,6.059999942779541,6.050000190734863,6.050000190734863,19121
2026-02-02 20:35:00,6.050000190734863,6.054999828338623,6.039999961853027,6.045000076293945,29402
2026-02-02 20:40:00,6.045000076293945,6.054999828338623,6.039999961853027,6.039999961853027,43762
2026-02-02 20:45:00,6.045000076293945,6.059999942779541,6.039999961853027,6.054999828338623,52949
2026-02-02 20:50:00,6.054999828338623,6.070000171661377,6.050000190734863,6.054999828338623,80772
2026-02-02 20:55:00,6.050000190734863,6.079999923706055,6.050000190734863,6.068900108337402,260485
2026-02-03 14:30:00,6.03000020980835,6.03000020980835,5.989999771118164,5.992800235748291,99045
2026-02-03 14:35:00,5.989999771118164,6.090000152587891,5.980000019073486,6.090000152587891,116652
2026-02-03 14:40:00,6.09499979019165,6.159999847412109,6.09499979019165,6.15500020980835,246199
2026-02-03 14:45:00,6.15500020980835,6.190000057220459,6.135000228881836,6.184999942779541,178308
2026-02-03 14:50:00,6.184999942779541,6.224999904632568,6.164999961853027,6.215000152587891,90928
2026-02-03 14:55:00,6.215099811553955,6.215099811553955,6.160999774932861,6.179999828338623,31338
2026-02-03 15:00:00,6.179999828338623,6.199999809265137,6.159999847412109,6.184999942779541,145496
2026-02-03 15:05:00,6.184999942779541,6.199999809265137,6.159999847412109,6.195000171661377,106612
2026-02-03 15:10:00,6.199999809265137,6.204999923706055,6.142499923706055,6.145500183105469,73966
2026-02-03 15:15:00,6.144599914550781,6.195000171661377,6.144599914550781,6.195000171661377,52533
2026-02-03 15:20:00,6.195000171661377,6.236599922180176,6.195000171661377,6.21999979019165,81427
2026-02-03 15:25:00,6.21999979019165,6.28000020980835,6.215000152587891,6.269999980926514,82968
2026-02-03 15:30:00,6.264999866485596,6.340000152587891,6.264999866485596,6.309999942779541,89593
2026-02-03 15:35:00,6.309999942779541,6.309999942779541,6.28000020980835,6.28000020980835,28676
2026-02-03 15:40:00,6.28000020980835,6.28000020980835,6.244999885559082,6.244999885559082,36238
2026-02-03 15:45:00,6.244999885559082,6.255000114440918,6.230000019073486,6.25,14252
2026-02-03 15:50:00,6.25,6.28000020980835,6.242000102996826,6.275000095367432,25753
2026-02-03 15:55:00,6.28000020980835,6.286699771881104,6.255000114440918,6.260000228881836,57253
2026-02-03 16:00:00,6.269999980926514,6.28000020980835,6.239999771118164,6.249899864196777,40548
2026-02-03 16:05:00,6.240099906921387,6.244999885559082,6.230000019073486,6.244999885559082,20565
2026-02-03 16:10:00,6.25,6.25,6.21999979019165,6.230000019073486,31405
2026-02-03 16:15:00,6.21999979019165,6.239999771118164,6.215000152587891,6.23199987411499,26021
2026-02-03 16:20:00,6.230000019073486,6.230000019073486,6.210000038146973,6.210000038146973,14939
2026-02-03 16:25:00,6.210000038146973,6.21999979019165,6.2027997970581055,6.2027997970581055,16415
2026-02-03 16:30:00,6.20989990234375,6.20989990234375,6.190000057220459,6.195000171661377,16173
2026-02-03 16:35:00,6.195499897003174,6.199999809265137,6.190000057220459,6.190000057220459,13328
2026-02-03 16:40:00,6.190000057220459,6.195000171661377,6.190000057220459,6.195000171661377,6896
2026-02-03 16:45:00,6.199999809265137,6.199999809265137,6.19320011138916,6.19320011138916,7557
2026-02-03 16:50:00,6.195000171661377,6.204999923706055,6.188600063323975,6.200099945068359,29238
2026-02-03 16:55:00,6.204999923706055,6.210000038146973,6.2017998695373535,6.210000038146973,7657
2026-02-03 17:00:00,6.215000152587891,6.219900131225586,6.211299896240234,6.215000152587891,13869
2026-02-03 17:05:00,6.215000152587891,6.216400146484375,6.210100173950195,6.216400146484375,2603
2026-02-03 17:10:00,6.210000038146973,6.229899883270264,6.199999809265137,6.210000038146973,87407
2026-02-03 17:15:00,6.204999923706055,6.208499908447266,6.195000171661377,6.195000171661377,7065
2026-02-03 17:20:00,6.191999912261963,6.192999839782715,6.175000190734863,6.190000057220459,23130
2026-02-03 17:25:00,6.184999942779541,6.190000057220459,6.150000095367432,6.150000095367432,50093
2026-02-03 17:30:00,6.150000095367432,6.159999847412109,6.142000198364258,6.150000095367432,57802
2026-02-03 17:35:00,6.150000095367432,6.15500020980835,6.139999866485596,6.144999980926514,23674
2026-02-03 17:40:00,6.139999866485596,6.144999980926514,6.135000228881836,6.144999980926514,13261
2026-02-03 17:45:00,6.144999980926514,6.144999980926514,6.130099773406982,6.135000228881836,6308
2026-02-03 17:50:00,6.135000228881836,6.144999980926514,6.119999885559082,6.129899978637695,26334
2026-02-03 17:55:00,6.129899978637695,6.130000114440918,6.119999885559082,6.125,9857
2026-02-03 18:00:00,6.125,6.125,6.111499786376953,6.114999771118164,20056
2026-02-03 18:05:00,6.119999885559082,6.139999866485596,6.119999885559082,6.130000114440918,15456
2026-02-03 18:10:00,6.135000228881836,6.135000228881836,6.0920000076293945,6.119999885559082,79646
2026-02-03 18:15:00,6.119999885559082,6.119999885559082,6.070000171661377,6.099899768829346,63349
2026-02-03 18:20:00,6.09499979019165,6.105000019073486,6.090000152587891,6.09499979019165,16734
2026-02-03 18:25:00,6.09499979019165,6.099999904632568,6.054999828338623,6.059999942779541,47975
2026-02-03 18:30:00,6.054999828338623,6.079999923706055,6.054999828338623,6.070000171661377,50565
2026-02-03 18:35:00,6.070000171661377,6.085000038146973,6.059999942779541,6.085000038146973,15265
2026-02-03 18:40:00,6.085000038146973,6.089900016784668,6.074999809265137,6.079800128936768,16013
2026-02-03 18:45:00,6.074999809265137,6.079899787902832,6.050000190734863,6.059999942779541,22128
2026-02-03 18:50:00,6.054999828338623,6.059999942779541,6.049900054931641,6.050000190734863,53085
2026-02-03 18:55:00,6.048500061035156,6.068399906158447,6.039999961853027,6.039999961853027,82999
2026-02-03 19:00:00,6.034999847412109,6.050000190734863,6.034999847412109,6.041500091552734,34047
2026-02-03 19:05:00,6.045000076293945,6.045000076293945,6.014999866485596,6.014999866485596,22484
2026-02-03 19:10:00,6.018799781799316,6.039999961853027,6.018799781799316,6.034999847412109,27762
2026-02-03 19:15:00,6.039999961853027,6.055500030517578,6.03000020980835,6.054999828338623,27380
2026-02-03 19:20:00,6.055099964141846,6.070000171661377,6.055099964141846,6.070000171661377,19467
2026-02-03 19:25:00,6.059999942779541,6.059999942779541,6.034999847412109,6.039999961853027,39639
2026-02-03 19:30:00,6.034999847412109,6.050000190734863,6.005000114440918,6.034999847412109,68392
2026-02-03 19:35:00,6.034999847412109,6.045000076293945,6.03000020980835,6.045000076293945,20262
2026-02-03 19:40:00,6.045000076293945,6.070000171661377,6.034999847412109,6.059899806976318,74109
2026-02-03 19:45:00,6.054999828338623,6.054999828338623,6.045000076293945,6.050000190734863,8385
2026-02-03 19:50:00,6.045000076293945,6.090000152587891,6.045000076293945,6.074999809265137,57834
2026-02-03 19:55:00,6.079899787902832,6.099999904632568,6.070000171661377,6.099999904632568,30564
2026-02-03 20:00:00,6.090000152587891,6.119999885559082,6.079999923706055,6.114999771118164,43068
2026-02-03 20:05:00,6.114999771118164,6.150000095367432,6.114999771118164,6.139999866485596,28601
2026-02-03 20:10:00,6.135000228881836,6.159999847412109,6.135000228881836,6.144999980926514,52379
2026-02-03 20:15:00,6.148200035095215,6.150000095367432,6.139999866485596,6.144999980926514,9710
2026-02-03 20:20:00,6.144999980926514,6.144999980926514,6.130000114440918,6.130000114440918,26594
2026-02-03 20:25:00,6.135000228881836,6.135000228881836,6.119999885559082,6.130000114440918,48532
2026-02-03 20:30:00,6.119999885559082,6.130000114440918,6.114999771118164,6.125,43569
2026-02-03 20:35:00,6.125,6.130000114440918,6.110000133514404,6.114999771118164,46495
2026-02-03 20:40:00,6.114999771118164,6.119999885559082,6.105000019073486,6.114999771118164,61717
2026-02-03 20:45:00,6.114999771118164,6.119999885559082,6.099999904632568,6.10699987411499,43111
2026-02-03 20:50:00,6.110000133514404,6.119999885559082,6.09499979019165,6.09499979019165,190479
2026-02-03 20:55:00,6.09499979019165,6.130000114440918,6.090099811553955,6.130000114440918,231790
2026-02-04 14:30:00,6.199999809265137,6.440000057220459,6.199999809265137,6.420000076293945,222878
2026-02-04 14:35:00,6.414999961853027,6.414999961853027,6.340000152587891,6.369999885559082,89453
2026-02-04 14:40:00,6.364500045776367,6.400000095367432,6.360000133514404,6.369999885559082,104780
2026-02-04 14:45:00,6.375,6.399899959564209,6.355000019073486,6.389999866485596,76292
2026-02-04 14:50:00,6.385000228881836,6.400000095367432,6.355000019073486,6.369999885559082,157506
2026-02-04 14:55:00,6.364999771118164,6.379899978637695,6.349999904632568,6.349999904632568,56652
2026-02-04 15:00:00,6.346499919891357,6.360000133514404,6.340000152587891,6.360000133514404,100107
2026-02-04 15:05:00,6.357500076293945,6.419899940490723,6.355000019073486,6.419899940490723,123643
2026-02-04 15:10:00,6.409999847412109,6.420000076293945,6.40500020980835,6.409999847412109,41705
2026-02-04 15:15:00,6.409999847412109,6.440000057220459,6.409999847412109,6.413400173187256,50840
2026-02-04 15:20:00,6.420000076293945,6.420000076293945,6.394999980926514,6.400000095367432,19026
2026-02-04 15:25:00,6.400000095367432,6.420000076293945,6.400000095367432,6.401500225067139,29859
2026-02-04 15:30:00,6.400000095367432,6.420000076293945,6.389999866485596,6.394499778747559,41880
2026-02-04 15:35:00,6.394999980926514,6.434999942779541,6.389999866485596,6.409999847412109,65271
2026-02-04 15:40:00,6.425000190734863,6.440000057220459,6.420000076293945,6.429999828338623,40369
2026-02-04 15:45:00,6.438799858093262,6.440000057220459,6.429999828338623,6.434999942779541,18921
2026-02-04 15:50:00,6.440000057220459,6.440000057220459,6.421299934387207,6.429999828338623,27697
2026-02-04 15:55:00,6.429999828338623,6.440000057220459,6.420000076293945,6.440000057220459,33657
2026-02-04 16:00:00,6.440000057220459,6.440000057220459,6.420000076293945,6.425000190734863,43275
2026-02-04 16:05:00,6.420000076293945,6.420000076293945,6.380000114440918,6.383299827575684,162641
2026-02-04 16:10:00,6.380099773406982,6.440000057220459,6.380099773406982,6.434999942779541,108315
2026-02-04 16:15:00,6.434999942779541,6.445000171661377,6.39900016784668,6.39900016784668,102298
2026-02-04 16:20:00,6.394999980926514,6.406700134277344,6.385000228881836,6.40500020980835,27304
2026-02-04 16:25:00,6.409999847412109,6.425000190734863,6.409999847412109,6.420000076293945,31335
2026-02-04 16:30:00,6.425000190734863,6.434999942779541,6.414999961853027,6.425000190734863,67626
2026-02-04 16:35:00,6.420000076293945,6.425000190734863,6.409999847412109,6.409999847412109,38956
2026-02-04 16:40:00,6.414999961853027,6.440000057220459,6.390100002288818,6.420000076293945,138066
2026-02-04 16:45:00,6.409999847412109,6.429999828338623,6.400000095367432,6.409999847412109,64111
2026-02-04 16:50:00,6.41349983215332,6.434999942779541,6.409999847412109,6.429999828338623,42450
2026-02-04 16:55:00,6.429999828338623,6.440000057220459,6.429999828338623,6.434999942779541,11639
2026-02-04 17:00:00,6.434999942779541,6.440000057220459,6.429999828338623,6.440000057220459,26412
2026-02-04 17:05:00,6.434999942779541,6.440000057220459,6.425000190734863,6.429900169372559,47106
2026-02-04 17:10:00,6.429999828338623,6.46999979019165,6.429999828338623,6.46999979019165,222769
2026-02-04 17:15:00,6.465000152587891,6.466700077056885,6.449999809265137,6.465000152587891,36149
2026-02-04 17:20:00,6.460000038146973,6.465000152587891,6.440000057220459,6.445000171661377,37964
2026-02-04 17:25:00,6.445000171661377,6.445000171661377,6.400000095367432,6.400000095367432,340695
2026-02-04 17:30:00,6.40500020980835,6.429999828338623,6.400000095367432,6.40500020980835,105900
2026-02-04 17:35:00,6.400000095367432,6.4054999351501465,6.389999866485596,6.40500020980835,138624
2026-02-04 17:40:00,6.400000095367432,6.420000076293945,6.400000095367432,6.415500164031982,38097
2026-02-04 17:45:00,6.420000076293945,6.429999828338623,6.414999961853027,6.420100212097168,41956
2026-02-04 17:50:00,6.420000076293945,6.429999828338623,6.409999847412109,6.420000076293945,45966
2026-02-04 17:55:00,6.425000190734863,6.429999828338623,6.425000190734863,6.429900169372559,9550
2026-02-04 18:00:00,6.425000190734863,6.429999828338623,6.409999847412109,6.420000076293945,65367
2026-02-04 18:05:00,6.425000190734863,6.434999942779541,6.41949987411499,6.420000076293945,124720
2026-02-04 18:10:00,6.414999961853027,6.4268999099731445,6.414999961853027,6.414999961853027,31414
2026-02-04 18:15:00,6.420000076293945,6.429999828338623,6.409999847412109,6.428599834442139,59581
2026-02-04 18:20:00,6.420100212097168,6.438600063323975,6.420100212097168,6.434999942779541,11530
2026-02-04 18:25:00,6.440000057220459,6.454999923706055,6.440000057220459,6.445000171661377,53437
2026-02-04 18:30:00,6.440000057220459,6.445000171661377,6.409999847412109,6.414999961853027,117822
2026-02-04 18:35:00,6.414999961853027,6.425000190734863,6.409999847412109,6.409999847412109,35362
2026-02-04 18:40:00,6.414999961853027,6.420000076293945,6.409999847412109,6.420000076293945,14451
2026-02-04 18:45:00,6.414999961853027,6.420000076293945,6.414999961853027,6.414999961853027,12887
2026-02-04 18:50:00,6.414999961853027,6.429999828338623,6.409999847412109,6.42110013961792,67331
2026-02-04 18:55:00,6.429999828338623,6.445000171661377,6.40500020980835,6.40500020980835,185603
2026-02-04 19:00:00,6.40500020980835,6.425000190734863,6.400000095367432,6.409999847412109,166260
2026-02-04 19:05:00,6.409999847412109,6.425000190734863,6.400000095367432,6.425000190734863,27596
2026-02-04 19:10:00,6.429999828338623,6.440000057220459,6.425000190734863,6.440000057220459,22122
2026-02-04 19:15:00,6.434500217437744,6.460000038146973,6.420000076293945,6.452000141143799,96842
2026-02-04 19:20:00,6.453499794006348,6.4766998291015625,6.449999809265137,6.474999904632568,49687
2026-02-04 19:25:00,6.474999904632568,6.5,6.472799777984619,6.489999771118164,153183
2026-02-04 19:30:00,6.494999885559082,6.499899864196777,6.470099925994873,6.494999885559082,95133
2026-02-04 19:35:00,6.489999771118164,6.497200012207031,6.480000019073486,6.485000133514404,63083
2026-02-04 19:40:00,6.485000133514404,6.5,6.480000019073486,6.5,29604
2026-02-04 19:45:00,6.5,6.519999980926514,6.480000019073486,6.510000228881836,178004
2026-02-04 19:50:00,6.514999866485596,6.550000190734863,6.505000114440918,6.534999847412109,85582
2026-02-04 19:55:00,6.53000020980835,6.545000076293945,6.525000095367432,6.545000076293945,90173
2026-02-04 20:00:00,6.545000076293945,6.570000171661377,6.539999961853027,6.559999942779541,87829
2026-02-04 20:05:00,6.565000057220459,6.565000057220459,6.539999961853027,6.545000076293945,71015
2026-02-04 20:10:00,6.539999961853027,6.550000190734863,6.525000095367432,6.550000190734863,105822
2026-02-04 20:15:00,6.539999961853027,6.550000190734863,6.539999961853027,6.550000190734863,38083
2026-02-04 20:20:00,6.539999961853027,6.550000190734863,6.510000228881836,6.53000020980835,156950
2026-02-04 20:25:00,6.519999980926514,6.539999961853027,6.510000228881836,6.53000020980835,126154
2026-02-04 20:30:00,6.539999961853027,6.559999942779541,6.53000020980835,6.550000190734863,175145
2026-02-04 20:35:00,6.550000190734863,6.559999942779541,6.53000020980835,6.534999847412109,138640
2026-02-04 20:40:00,6.534999847412109,6.539999961853027,6.53000020980835,6.534999847412109,78276
2026-02-04 20:45:00,6.534999847412109,6.545000076293945,6.53000020980835,6.53000020980835,87603
2026-02-04 20:50:00,6.534999847412109,6.534999847412109,6.5,6.5,195996
2026-02-04 20:55:00,6.5,6.519999980926514,6.5,6.5,423158
2026-02-05 14:30:00,6.420000076293945,6.527999877929688,6.420000076293945,6.480000019073486,148413
2026-02-05 14:35:00,6.480000019073486,6.525000095367432,6.409999847412109,6.420000076293945,223365
2026-02-05 14:40:00,6.429999828338623,6.480000019073486,6.420000076293945,6.476799964904785,62512
2026-02-05 14:45:00,6.480000019073486,6.480000019073486,6.440000057220459,6.445000171661377,106257
2026-02-05 14:50:00,6.445000171661377,6.465000152587891,6.389999866485596,6.414999961853027,99103
2026-02-05 14:55:00,6.414999961853027,6.414999961853027,6.394999980926514,6.409999847412109,43159
2026-02-05 15:00:00,6.420000076293945,6.440000057220459,6.400000095367432,6.429999828338623,90899
2026-02-05 15:05:00,6.429999828338623,6.449999809265137,6.420000076293945,6.449999809265137,74212
2026-02-05 15:10:00,6.445000171661377,6.449999809265137,6.409999847412109,6.425000190734863,26993
2026-02-05 15:15:00,6.420000076293945,6.4257001876831055,6.389999866485596,6.409999847412109,104389
2026-02-05 15:20:00,6.40500020980835,6.409999847412109,6.390100002288818,6.394999980926514,37975
2026-02-05 15:25:00,6.400000095367432,6.40500020980835,6.360000133514404,6.371699810028076,70464
2026-02-05 15:30:00,6.379899978637695,6.380000114440918,6.329999923706055,6.335000038146973,115543
2026-02-05 15:35:00,6.329999923706055,6.349999904632568,6.320000171661377,6.34499979019165,79960
2026-02-05 15:40:00,6.34499979019165,6.360000133514404,6.324999809265137,6.355000019073486,137383
2026-02-05 15:45:00,6.349999904632568,6.364999771118164,6.340000152587891,6.360000133514404,63564
2026-02-05 15:50:00,6.360000133514404,6.3850998878479,6.360000133514404,6.380000114440918,53123
2026-02-05 15:55:00,6.380000114440918,6.400000095367432,6.369999885559082,6.394999980926514,39162
2026-02-05 16:00:00,6.400000095367432,6.40500020980835,6.389999866485596,6.394999980926514,24720
2026-02-05 16:05:00,6.394999980926514,6.400000095367432,6.380000114440918,6.380000114440918,32287
2026-02-05 16:10:00,6.385000228881836,6.40500020980835,6.349999904632568,6.355000019073486,62143
2026-02-05 16:15:00,6.355000019073486,6.359899997711182,6.329999923706055,6.335000038146973,38873
2026-02-05 16:20:00,6.339900016784668,6.350100040435791,6.335000038146973,6.340000152587891,43931
2026-02-05 16:25:00,6.34499979019165,6.34499979019165,6.320000171661377,6.320000171661377,62614
2026-02-05 16:30:00,6.320000171661377,6.335000038146973,6.300000190734863,6.315100193023682,106759
2026-02-05 16:35:00,6.309999942779541,6.324999809265137,6.300000190734863,6.300000190734863,47307
2026-02-05 16:40:00,6.309999942779541,6.309999942779541,6.28000020980835,6.289999961853027,28014
2026-02-05 16:45:00,6.289999961853027,6.295000076293945,6.280099868774414,6.295000076293945,27958
2026-02-05 16:50:00,6.295000076293945,6.315000057220459,6.28000020980835,6.304999828338623,67564
2026-02-05 16:55:00,6.309999942779541,6.335000038146973,6.304999828338623,6.335000038146973,50634
2026-02-05 17:00:00,6.340000152587891,6.340000152587891,6.300000190734863,6.304999828338623,20089
2026-02-05 17:05:00,6.304999828338623,6.309999942779541,6.289999961853027,6.309999942779541,32542
2026-02-05 17:10:00,6.3094000816345215,6.309999942779541,6.289999961853027,6.304999828338623,29894
2026-02-05 17:15:00,6.300000190734863,6.309999942779541,6.289999961853027,6.300000190734863,64851
2026-02-05 17:20:00,6.304999828338623,6.309999942779541,6.295000076293945,6.304999828338623,50808
2026-02-05 17:25:00,6.309999942779541,6.320000171661377,6.295000076293945,6.320000171661377,38048
2026-02-05 17:30:00,6.320000171661377,6.329999923706055,6.2914252281188965,6.3018999099731445,72005
2026-02-05 17:35:00,6.300000190734863,6.329999923706055,6.300000190734863,6.300000190734863,45834
2026-02-05 17:40:00,6.295000076293945,6.324999809265137,6.295000076293945,6.309899806976318,52212
2026-02-05 17:45:00,6.309999942779541,6.320000171661377,6.304999828338623,6.320000171661377,43469
2026-02-05 17:50:00,6.309999942779541,6.325300216674805,6.289999961853027,6.289999961853027,38805
2026-02-05 17:55:00,6.293499946594238,6.300000190734863,6.284999847412109,6.284999847412109,11959
2026-02-05 18:00:00,6.28000020980835,6.295000076293945,6.275000095367432,6.289100170135498,26074
2026-02-05 18:05:00,6.28000020980835,6.284999847412109,6.269999980926514,6.284999847412109,34208
2026-02-05 18:10:00,6.284999847412109,6.300000190734863,6.284999847412109,6.295000076293945,21101
2026-02-05 18:15:00,6.295000076293945,6.300000190734863,6.284999847412109,6.284999847412109,31091
2026-02-05 18:20:00,6.284999847412109,6.284999847412109,6.275000095367432,6.275000095367432,12049
2026-02-05 18:25:00,6.275000095367432,6.295000076293945,6.275000095367432,6.286699771881104,38861
2026-02-05 18:30:00,6.289999961853027,6.296800136566162,6.260000228881836,6.264999866485596,38899
2026-02-05 18:35:00,6.264999866485596,6.269999980926514,6.260000228881836,6.264999866485596,6764
2026-02-05 18:40:00,6.260000228881836,6.265100002288818,6.244999885559082,6.260000228881836,64520
2026-02-05 18:45:00,6.255000114440918,6.269999980926514,6.255000114440918,6.264699935913086,10280
2026-02-05 18:50:00,6.264999866485596,6.264999866485596,6.239999771118164,6.239999771118164,59003
2026-02-05 18:55:00,6.239999771118164,6.248499870300293,6.233099937438965,6.235000133514404,38583
2026-02-05 19:00:00,6.235000133514404,6.235000133514404,6.199999809265137,6.215000152587891,62820
2026-02-05 19:05:00,6.215000152587891,6.239999771118164,6.210000038146973,6.235000133514404,38091
2026-02-05 19:10:00,6.239999771118164,6.2571001052856445,6.239999771118164,6.25,29259
2026-02-05 19:15:00,6.25,6.260000228881836,6.25,6.25,10263
2026-02-05 19:20:00,6.255000114440918,6.260000228881836,6.25,6.255000114440918,10459
2026-02-05 19:25:00,6.255000114440918,6.28000020980835,6.244999885559082,6.275000095367432,46057
2026-02-05 19:30:00,6.269999980926514,6.275000095367432,6.255000114440918,6.260000228881836,80536
2026-02-05 19:35:00,6.260000228881836,6.275000095367432,6.255000114440918,6.264999866485596,31459
2026-02-05 19:40:00,6.264999866485596,6.269999980926514,6.260000228881836,6.269999980926514,10698
2026-02-05 19:45:00,6.2652997970581055,6.266900062561035,6.255000114440918,6.260000228881836,48957
2026-02-05 19:50:00,6.260000228881836,6.269999980926514,6.260000228881836,6.260000228881836,10609
2026-02-05 19:55:00,6.264999866485596,6.264999866485596,6.21999979019165,6.239999771118164,102901
2026-02-05 20:00:00,6.235000133514404,6.239999771118164,6.210000038146973,6.21999979019165,93193
2026-02-05 20:05:00,6.224999904632568,6.235700130462647,6.199999809265137,6.21649980545044,126897
2026-02-05 20:10:00,6.215000152587891,6.21999979019165,6.199999809265137,6.204999923706055,54488
2026-02-05 20:15:00,6.199999809265137,6.210000038146973,6.164999961853027,6.179999828338623,62446
2026-02-05 20:20:00,6.179999828338623,6.179999828338623,6.15500020980835,6.15880012512207,89609
2026-02-05 20:25:00,6.15500020980835,6.169899940490723,6.140100002288818,6.150000095367432,76045
2026-02-05 20:30:00,6.15500020980835,6.159999847412109,6.139999866485596,6.14900016784668,87785
2026-02-05 20:35:00,6.144999980926514,6.166800022125244,6.135000228881836,6.164999961853027,74251
2026-02-05 20:40:00,6.164999961853027,6.195000171661377,6.164999961853027,6.190100193023682,124726
2026-02-05 20:45:00,6.195000171661377,6.210000038146973,6.179999828338623,6.195000171661377,133289
2026-02-05 20:50:00,6.190000057220459,6.195000171661377,6.139999866485596,6.15500020980835,267162
2026-02-05 20:55:00,6.15500020980835,6.179999828338623,6.139999866485596,6.159999847412109,422944
2026-02-06 14:30:00,6.275000095367432,6.679999828338623,6.275000095367432,6.630000114440918,776640
2026-02-06 14:35:00,6.619999885559082,6.729899883270264,6.570000171661377,6.5879998207092285,218001
2026-02-06 14:40:00,6.590000152587891,6.689899921417236,6.534999847412109,6.598800182342529,105293
2026-02-06 14:45:00,6.599999904632568,6.670000076293945,6.599999904632568,6.65500020980835,136941
2026-02-06 14:50:00,6.65500020980835,6.679999828338623,6.591000080108643,6.610000133514404,95088
2026-02-06 14:55:00,6.610000133514404,6.670000076293945,6.590000152587891,6.659999847412109,109843
2026-02-06 15:00:00,6.659999847412109,6.760000228881836,6.659999847412109,6.744999885559082,308685
2026-02-06 15:05:00,6.75,6.829999923706055,6.724999904632568,6.795000076293945,242800
2026-02-06 15:10:00,6.798399925231934,6.869999885559082,6.784999847412109,6.855000019073486,367651
2026-02-06 15:15:00,6.855000019073486,6.925000190734863,6.849999904632568,6.862500190734863,259206
2026-02-06 15:20:00,6.869999885559082,6.88700008392334,6.831399917602539,6.849999904632568,88013
2026-02-06 15:25:00,6.84499979019165,6.860000133514404,6.820000171661377,6.824999809265137,113850
2026-02-06 15:40:00,6.801599979400635,6.845200061798096,6.801000118255615,6.84499979019165,565442
2026-02-06 15:45:00,6.84499979019165,6.849999904632568,6.789999961853027,6.8125,121092
2026-02-06 15:50:00,6.809999942779541,6.809999942779541,6.795000076293945,6.804999828338623,35724
2026-02-06 15:55:00,6.824999809265137,6.869900226593018,6.824999809265137,6.850100040435791,353132
2026-02-06 16:00:00,6.945000171661377,6.954999923706055,6.945000171661377,6.949900150299072,258591
2026-02-06 16:05:00,6.961999893188477,6.965000152587891,6.929999828338623,6.960000038146973,149927
2026-02-06 16:10:00,6.949999809265137,6.954999923706055,6.909999847412109,6.940000057220459,131395
2026-02-06 16:15:00,6.940000057220459,6.949999809265137,6.929999828338623,6.945499897003174,52101
2026-02-06 16:20:00,6.940000057220459,6.945000171661377,6.929999828338623,6.940000057220459,60454
2026-02-06 16:25:00,6.929999828338623,6.934999942779541,6.920000076293945,6.925000190734863,77719
2026-02-06 16:30:00,6.929999828338623,6.989999771118164,6.920000076293945,6.985000133514404,210273
2026-02-06 16:35:00,6.985000133514404,7.034999847412109,6.96999979019165,7.025000095367432,361428
2026-02-06 16:40:00,7.03000020980835,7.034999847412109,7.010000228881836,7.014999866485596,110823
2026-02-06 16:45:00,7.014999866485596,7.039999961853027,7.014999866485596,7.025000095367432,62622
2026-02-06 16:50:00,7.025000095367432,7.079999923706055,7.021434783935547,7.074999809265137,73458
2026-02-06 16:55:00,7.074999809265137,7.090000152587891,7.059999942779541,7.082099914550781,70633
2026-02-06 17:00:00,7.085000038146973,7.099999904632568,7.079999923706055,7.085000038146973,98881
2026-02-06 17:05:00,7.085000038146973,7.099999904632568,7.079999923706055,7.085000038146973,64414
2026-02-06 17:10:00,7.085000038146973,7.090000152587891,7.054999828338623,7.070000171661377,141498
2026-02-06 17:15:00,7.065000057220459,7.079899787902832,7.051400184631348,7.059999942779541,79851
2026-02-06 17:20:00,7.059999942779541,7.070000171661377,7.03000020980835,7.032800197601318,126157
2026-02-06 17:25:00,7.034999847412109,7.059999942779541,7.019999980926514,7.025000095367432,106994
2026-02-06 17:30:00,7.025000095367432,7.029900074005127,6.980000019073486,6.983399868011475,83579
2026-02-06 17:35:00,6.986800193786621,7.01639986038208,6.960000038146973,6.994999885559082,121598
2026-02-06 17:40:00,6.990099906921387,7.025000095367432,6.989999771118164,7.014999866485596,65947
2026-02-06 17:45:00,7.019999980926514,7.059999942779541,6.980000019073486,7.059999942779541,106864
2026-02-06 17:50:00,7.054999828338623,7.099999904632568,7.054999828338623,7.079999923706055,97297
2026-02-06 17:55:00,7.085000038146973,7.105000019073486,7.085000038146973,7.105000019073486,75421
2026-02-06 18:00:00,7.110000133514404,7.150000095367432,7.105000019073486,7.144999980926514,150950
2026-02-06 18:05:00,7.144999980926514,7.170000076293945,7.143099784851074,7.15500020980835,89735
2026-02-06 18:10:00,7.152100086212158,7.175000190734863,7.150000095367432,7.170100212097168,56907
2026-02-06 18:15:00,7.164999961853027,7.195000171661377,7.163099765777588,7.191100120544434,87785
2026-02-06 18:20:00,7.195000171661377,7.230000019073486,7.190100193023682,7.224999904632568,129396
2026-02-06 18:25:00,7.224999904632568,7.235000133514404,7.179999828338623,7.235000133514404,71836
2026-02-06 18:30:00,7.230000019073486,7.230000019073486,7.203000068664551,7.21999979019165,52171
2026-02-06 18:35:00,7.21999979019165,7.224899768829346,7.210000038146973,7.21999979019165,45841
2026-02-06 18:40:00,7.21999979019165,7.21999979019165,7.190000057220459,7.215000152587891,77569
2026-02-06 18:45:00,7.215000152587891,7.230000019073486,7.199999809265137,7.218500137329102,94700
2026-02-06 18:50:00,7.21999979019165,7.230000019073486,7.210100173950195,7.224999904632568,87488
2026-02-06 18:55:00,7.220099925994873,7.239999771118164,7.21999979019165,7.224999904632568,50256
2026-02-06 19:00:00,7.230000019073486,7.230000019073486,7.204999923706055,7.215000152587891,74516
2026-02-06 19:05:00,7.215000152587891,7.21999979019165,7.210000038146973,7.215000152587891,56460
2026-02-06 19:10:00,7.210000038146973,7.215000152587891,7.150000095367432,7.175000190734863,272996
2026-02-06 19:15:00,7.175000190734863,7.179999828338623,7.144999980926514,7.175000190734863,75156
2026-02-06 19:20:00,7.175000190734863,7.184999942779541,7.170000076293945,7.175000190734863,41945
2026-02-06 19:25:00,7.175000190734863,7.210000038146973,7.171500205993652,7.204999923706055,111102
2026-02-06 19:30:00,7.210000038146973,7.229300022125244,7.201499938964844,7.215000152587891,135104
2026-02-06 19:35:00,7.215000152587891,7.224999904632568,7.199999809265137,7.20989990234375,78035
2026-02-06 19:40:00,7.210000038146973,7.224999904632568,7.199999809265137,7.204999923706055,72042
2026-02-06 19:45:00,7.200300216674805,7.224999904632568,7.200099945068359,7.224999904632568,71887
2026-02-06 19:50:00,7.227499961853027,7.230000019073486,7.204999923706055,7.215000152587891,153907
2026-02-06 19:55:00,7.21150016784668,7.230000019073486,7.210100173950195,7.230000019073486,45737
2026-02-06 20:00:00,7.230000019073486,7.269999980926514,7.220099925994873,7.260000228881836,119165
2026-02-06 20:05:00,7.264999866485596,7.264999866485596,7.235000133514404,7.255000114440918,116361
2026-02-06 20:10:00,7.255000114440918,7.28000020980835,7.251100063323975,7.275000095367432,101489
2026-02-06 20:15:00,7.28000020980835,7.289999961853027,7.264500141143799,7.28000020980835,131333
2026-02-06 20:20:00,7.281499862670898,7.300000190734863,7.275000095367432,7.28980016708374,98191
2026-02-06 20:25:00,7.289999961853027,7.295000076293945,7.275000095367432,7.289999961853027,97638
2026-02-06 20:30:00,7.284999847412109,7.309999942779541,7.269999980926514,7.309999942779541,168219
2026-02-06 20:35:00,7.309999942779541,7.309999942779541,7.289999961853027,7.300000190734863,124445
2026-02-06 20:40:00,7.309999942779541,7.320000171661377,7.300099849700928,7.315000057220459,199831
2026-02-06 20:45:00,7.309999942779541,7.340000152587891,7.309999942779541,7.315000057220459,152282
2026-02-06 20:50:00,7.315000057220459,7.364999771118164,7.309999942779541,7.360000133514404,179918
2026-02-06 20:55:00,7.360000133514404,7.364999771118164,7.324999809265137,7.335000038146973,805294
2026-02-09 14:30:00,7.150000095367432,7.380000114440918,7.150000095367432,7.340000152587891,363429
2026-02-09 14:35:00,7.340000152587891,7.409999847412109,7.329999923706055,7.389999866485596,185176
2026-02-09 14:40:00,7.380000114440918,7.479300022125244,7.364999771118164,7.465000152587891,177763
2026-02-09 14:45:00,7.460000038146973,7.460000038146973,7.320000171661377,7.355000019073486,112615
2026-02-09 14:50:00,7.349999904632568,7.429999828338623,7.336599826812744,7.420000076293945,130192
2026-02-09 14:55:00,7.420000076293945,7.460000038146973,7.409999847412109,7.454999923706055,73253
2026-02-09 15:00:00,7.449999809265137,7.449999809265137,7.400000095367432,7.434999942779541,67465
2026-02-09 15:05:00,7.434999942779541,7.469900131225586,7.389999866485596,7.469900131225586,102895
2026-02-09 15:10:00,7.465000152587891,7.5,7.445000171661377,7.4899001121521,104506
2026-02-09 15:15:00,7.485000133514404,7.525000095367432,7.485000133514404,7.510000228881836,87847
2026-02-09 15:20:00,7.510000228881836,7.519999980926514,7.494999885559082,7.498799800872803,46513
2026-02-09 15:25:00,7.494999885559082,7.525000095367432,7.485000133514404,7.519700050354004,27623
2026-02-09 15:30:00,7.5100998878479,7.610000133514404,7.510000228881836,7.607100009918213,79410
2026-02-09 15:35:00,7.605000019073486,7.614999771118164,7.579999923706055,7.59499979019165,68639
2026-02-09 15:40:00,7.59499979019165,7.610000133514404,7.570000171661377,7.574999809265137,55367
2026-02-09 15:45:00,7.572999954223633,7.619999885559082,7.572999954223633,7.599999904632568,30003
2026-02-09 15:50:00,7.605000019073486,7.610000133514404,7.590000152587891,7.610000133514404,39880
2026-02-09 15:55:00,7.610000133514404,7.650000095367432,7.610000133514404,7.650000095367432,53869
2026-02-09 16:00:00,7.641499996185303,7.650000095367432,7.574999809265137,7.574999809265137,90793
2026-02-09 16:05:00,7.574999809265137,7.574999809265137,7.525000095367432,7.525000095367432,64485
2026-02-09 16:10:00,7.525000095367432,7.539999961853027,7.510000228881836,7.525000095367432,57709
2026-02-09 16:15:00,7.525000095367432,7.550000190734863,7.5100998878479,7.539999961853027,80476
2026-02-09 16:20:00,7.534999847412109,7.539999961853027,7.525000095367432,7.539999961853027,24045
2026-02-09 16:25:00,7.539999961853027,7.559999942779541,7.534999847412109,7.554999828338623,86257
2026-02-09 16:30:00,7.554999828338623,7.57859992980957,7.545000076293945,7.574999809265137,28662
2026-02-09 16:35:00,7.574999809265137,7.574999809265137,7.550000190734863,7.554999828338623,51657
2026-02-09 16:40:00,7.554999828338623,7.579999923706055,7.550000190734863,7.554999828338623,64933
2026-02-09 16:45:00,7.550000190734863,7.5594000816345215,7.539999961853027,7.545000076293945,41923
2026-02-09 16:50:00,7.539999961853027,7.554999828338623,7.534999847412109,7.550000190734863,80750
2026-02-09 16:55:00,7.539999961853027,7.550000190734863,7.534999847412109,7.539999961853027,56475
2026-02-09 17:00:00,7.540299892425537,7.565000057220459,7.534999847412109,7.560100078582764,67870
2026-02-09 17:05:00,7.560100078582764,7.569900035858154,7.559999942779541,7.569699764251709,9656
2026-02-09 17:10:00,7.565000057220459,7.639999866485596,7.560100078582764,7.599999904632568,130605
2026-02-09 17:15:00,7.605000019073486,7.610000133514404,7.554999828338623,7.554999828338623,129849
2026-02-09 17:20:00,7.554999828338623,7.579999923706055,7.550000190734863,7.554299831390381,72471
2026-02-09 17:25:00,7.554999828338623,7.554999828338623,7.519999980926514,7.53000020980835,54536
2026-02-09 17:30:00,7.525000095367432,7.539899826049805,7.510000228881836,7.525000095367432,36721
2026-02-09 17:35:00,7.525000095367432,7.539999961853027,7.519999980926514,7.53000020980835,33329
2026-02-09 17:40:00,7.534999847412109,7.539999961853027,7.519999980926514,7.539999961853027,77695
2026-02-09 17:45:00,7.534999847412109,7.559999942779541,7.53410005569458,7.554999828338623,90658
2026-02-09 17:50:00,7.554999828338623,7.559999942779541,7.539999961853027,7.545000076293945,49016
2026-02-09 17:55:00,7.545000076293945,7.550000190734863,7.519999980926514,7.519999980926514,18440
2026-02-09 18:00:00,7.519999980926514,7.519999980926514,7.500100135803223,7.505000114440918,14062
2026-02-09 18:05:00,7.505000114440918,7.539999961853027,7.502500057220459,7.534999847412109,42208
2026-02-09 18:10:00,7.534999847412109,7.545000076293945,7.53000020980835,7.545000076293945,43741
2026-02-09 18:15:00,7.545000076293945,7.550000190734863,7.543499946594238,7.545000076293945,20582
2026-02-09 18:20:00,7.543300151824951,7.570000171661377,7.514999866485596,7.559999942779541,192438
2026-02-09 18:25:00,7.554999828338623,7.559899806976318,7.534999847412109,7.554999828338623,25559
2026-02-09 18:30:00,7.559999942779541,7.565000057220459,7.539999961853027,7.545000076293945,33797
2026-02-09 18:35:00,7.550000190734863,7.599999904632568,7.550000190734863,7.599999904632568,46607
2026-02-09 18:40:00,7.599999904632568,7.610000133514404,7.594699859619141,7.607500076293945,47966
2026-02-09 18:45:00,7.604599952697754,7.639999866485596,7.59499979019165,7.635000228881836,55035
2026-02-09 18:50:00,7.630099773406982,7.639999866485596,7.621799945831299,7.625,24786
2026-02-09 18:55:00,7.623199939727783,7.637899875640869,7.614999771118164,7.630000114440918,35638
2026-02-09 19:00:00,7.625,7.635000228881836,7.625,7.635000228881836,8934
2026-02-09 19:05:00,7.630000114440918,7.630000114440918,7.600100040435791,7.614999771118164,65225
2026-02-09 19:10:00,7.614999771118164,7.639999866485596,7.614999771118164,7.635000228881836,10897
2026-02-09 19:15:00,7.635000228881836,7.650000095367432,7.635000228881836,7.635000228881836,44645
2026-02-09 19:20:00,7.635000228881836,7.635000228881836,7.610199928283691,7.615099906921387,30373
2026-02-09 19:25:00,7.610000133514404,7.611999988555908,7.599999904632568,7.599999904632568,54747
2026-02-09 19:30:00,7.605000019073486,7.609899997711182,7.590000152587891,7.600100040435791,53164
2026-02-09 19:35:00,7.605000019073486,7.605000019073486,7.590000152587891,7.605000019073486,29049
2026-02-09 19:40:00,7.605000019073486,7.650000095367432,7.605000019073486,7.644999980926514,56652
2026-02-09 19:45:00,7.644999980926514,7.65500020980835,7.641900062561035,7.644999980926514,32584
2026-02-09 19:50:00,7.644999980926514,7.650100231170654,7.64300012588501,7.650000095367432,25092
2026-02-09 19:55:00,7.644999980926514,7.655799865722656,7.639999866485596,7.644999980926514,47247
2026-02-09 20:00:00,7.644999980926514,7.644999980926514,7.610000133514404,7.61329984664917,54784
2026-02-09 20:05:00,7.619999885559082,7.635000228881836,7.614999771118164,7.625,25659
2026-02-09 20:10:00,7.625,7.630000114440918,7.619999885559082,7.625,33723
2026-02-09 20:15:00,7.625,7.650000095367432,7.620100021362305,7.647200107574463,44908
2026-02-09 20:20:00,7.650000095367432,7.670000076293945,7.640100002288818,7.664999961853027,26947
2026-02-09 20:25:00,7.664999961853027,7.670000076293945,7.652599811553955,7.65500020980835,53174
2026-02-09 20:30:00,7.650000095367432,7.659999847412109,7.639999866485596,7.650000095367432,141637
2026-02-09 20:35:00,7.650000095367432,7.679999828338623,7.644999980926514,7.675000190734863,65280
2026-02-09 20:40:00,7.679999828338623,7.699999809265137,7.672999858856201,7.695000171661377,123708
2026-02-09 20:45:00,7.695000171661377,7.699999809265137,7.670000076293945,7.675000190734863,77237
2026-02-09 20:50:00,7.670000076293945,7.690000057220459,7.639999866485596,7.639999866485596,132631
2026-02-09 20:55:00,7.644999980926514,7.670000076293945,7.625,7.650000095367432,276655
2026-02-10 14:30:00,7.190000057220459,7.269999980926514,7.014999866485596,7.045000076293945,641808
2026-02-10 14:35:00,7.050000190734863,7.105000019073486,6.949999809265137,7.099999904632568,262479
2026-02-10 14:40:00,7.090099811553955,7.090099811553955,6.989999771118164,7.012499809265137,147252
2026-02-10 14:45:00,7.019999980926514,7.079999923706055,7.010000228881836,7.074999809265137,194070
2026-02-10 14:50:00,7.074999809265137,7.099999904632568,6.980000019073486,6.989999771118164,248760
2026-02-10 14:55:00,6.989999771118164,6.993500232696533,6.920000076293945,6.923200130462647,167094
2026-02-10 15:00:00,6.925000190734863,6.96750020980835,6.889999866485596,6.91379976272583,258934
2026-02-10 15:05:00,6.909999847412109,6.929900169372559,6.900000095367432,6.914999961853027,100623
2026-02-10 15:10:00,6.909999847412109,6.920000076293945,6.809999942779541,6.860799789428711,423568
2026-02-10 15:15:00,6.864999771118164,6.869999885559082,6.809999942779541,6.824999809265137,99958
2026-02-10 15:20:00,6.829999923706055,6.96999979019165,6.829999923706055,6.90500020980835,164916
2026-02-10 15:25:00,6.90500020980835,6.90500020980835,6.860000133514404,6.885000228881836,60886
2026-02-10 15:30:00,6.885000228881836,6.949999809265137,6.885000228881836,6.949999809265137,178453
2026-02-10 15:35:00,6.949999809265137,6.979899883270264,6.920100212097168,6.952400207519531,149362
2026-02-10 15:40:00,6.951499938964844,6.989999771118164,6.949999809265137,6.989999771118164,319943
2026-02-10 15:45:00,6.989299774169922,6.989299774169922,6.929999828338623,6.949999809265137,103887
2026-02-10 15:50:00,6.949999809265137,6.949999809265137,6.914999961853027,6.934999942779541,76409
2026-02-10 15:55:00,6.940000057220459,6.980000019073486,6.940000057220459,6.974999904632568,76270
2026-02-10 16:00:00,6.970300197601318,7.03000020980835,6.96999979019165,7.029900074005127,178947
2026-02-10 16:05:00,7.026500225067139,7.059999942779541,7.021500110626221,7.045000076293945,72359
2026-02-10 16:10:00,7.039999961853027,7.054999828338623,7.025000095367432,7.025000095367432,139453
2026-02-10 16:15:00,7.021500110626221,7.068900108337402,7.021500110626221,7.045000076293945,84192
2026-02-10 16:20:00,7.045000076293945,7.079999923706055,7.045000076293945,7.070099830627441,79073
2026-02-10 16:25:00,7.074999809265137,7.09499979019165,7.064000129699707,7.090000152587891,69870
2026-02-10 16:30:00,7.09499979019165,7.099999904632568,7.050000190734863,7.079999923706055,110846
2026-02-10 16:35:00,7.079999923706055,7.099999904632568,7.065000057220459,7.070000171661377,89907
2026-02-10 16:40:00,7.074999809265137,7.074999809265137,7.054999828338623,7.06440019607544,45739
2026-02-10 16:45:00,7.065000057220459,7.079999923706055,7.054999828338623,7.070000171661377,61404
2026-02-10 16:50:00,7.070099830627441,7.079999923706055,7.065000057220459,7.071700096130371,52210
2026-02-10 16:55:00,7.070000171661377,7.070000171661377,7.054999828338623,7.054999828338623,58903
2026-02-10 17:00:00,7.051400184631348,7.059999942779541,7.019999980926514,7.025000095367432,38395
2026-02-10 17:05:00,7.019999980926514,7.03000020980835,6.989999771118164,7.019999980926514,134952
2026-02-10 17:10:00,7.014999866485596,7.019999980926514,6.991000175476074,7.005000114440918,123667
2026-02-10 17:15:00,7.005000114440918,7.025000095367432,7.0,7.018599987030029,54186
2026-02-10 17:20:00,7.014999866485596,7.014999866485596,6.989999771118164,6.989999771118164,93601
2026-02-10 17:25:00,6.991399765014648,6.991399765014648,6.949999809265137,6.949999809265137,183445
2026-02-10 17:30:00,6.945000171661377,6.949900150299072,6.933899879455566,6.934999942779541,81697
2026-02-10 17:35:00,6.934999942779541,6.934999942779541,6.920000076293945,6.925000190734863,119694
2026-02-10 17:40:00,6.925000190734863,6.954999923706055,6.921299934387207,6.949999809265137,70171
2026-02-10 17:45:00,6.949999809265137,6.954999923706055,6.940000057220459,6.949999809265137,63626
2026-02-10 17:50:00,6.940000057220459,6.940000057220459,6.929999828338623,6.931399822235107,16955
2026-02-10 17:55:00,6.931399822235107,6.939899921417236,6.920000076293945,6.925000190734863,51402
2026-02-10 18:00:00,6.920000076293945,6.940000057220459,6.900000095367432,6.934999942779541,128675
2026-02-10 18:05:00,6.931399822235107,6.934999942779541,6.914999961853027,6.918600082397461,34591
2026-02-10 18:10:00,6.911399841308594,6.941800117492676,6.90500020980835,6.930099964141846,58247
2026-02-10 18:15:00,6.929999828338623,6.949999809265137,6.920100212097168,6.945000171661377,45975
2026-02-10 18:20:00,6.949999809265137,6.960000038146973,6.945000171661377,6.954999923706055,32425
2026-02-10 18:25:00,6.954999923706055,6.954999923706055,6.925000190734863,6.925000190734863,40297
2026-02-10 18:30:00,6.920000076293945,6.949999809265137,6.920000076293945,6.949900150299072,44381
2026-02-10 18:35:00,6.945000171661377,6.949999809265137,6.931300163269043,6.945000171661377,31979
2026-02-10 18:40:00,6.940000057220459,6.96999979019165,6.940000057220459,6.965000152587891,25782
2026-02-10 18:45:00,6.96999979019165,6.96999979019165,6.925000190734863,6.934999942779541,48188
2026-02-10 18:50:00,6.934999942779541,6.935500144958496,6.909999847412109,6.914999961853027,63850
2026-02-10 18:55:00,6.914999961853027,6.940000057220459,6.914999961853027,6.925000190734863,38584
2026-02-10 19:00:00,6.925000190734863,6.934999942779541,6.920000076293945,6.925000190734863,42218
2026-02-10 19:05:00,6.920000076293945,6.920000076293945,6.900000095367432,6.914999961853027,213562
2026-02-10 19:10:00,6.914999961853027,6.920000076293945,6.900000095367432,6.901299953460693,92301
2026-02-10 19:15:00,6.90500020980835,6.925000190734863,6.901100158691406,6.915800094604492,76961
2026-02-10 19:20:00,6.914999961853027,6.929999828338623,6.914999961853027,6.925000190734863,23031
2026-02-10 19:25:00,6.925000190734863,6.929999828338623,6.914999961853027,6.914999961853027,62375
2026-02-10 19:30:00,6.910099983215332,6.920000076293945,6.909999847412109,6.911699771881104,52885
2026-02-10 19:35:00,6.914999961853027,6.914999961853027,6.889999866485596,6.894999980926514,174444
2026-02-10 19:40:00,6.890100002288818,6.909999847412109,6.880000114440918,6.889999866485596,162884
2026-02-10 19:45:00,6.885000228881836,6.900000095367432,6.88070011138916,6.899899959564209,61873
2026-02-10 19:50:00,6.894999980926514,6.894999980926514,6.880000114440918,6.885000228881836,42111
2026-02-10 19:55:00,6.882500171661377,6.889900207519531,6.864999771118164,6.875,82057
2026-02-10 20:00:00,6.879899978637695,6.909999847412109,6.869999885559082,6.880000114440918,63907
2026-02-10 20:05:00,6.880000114440918,6.90500020980835,6.880000114440918,6.900000095367432,64299
2026-02-10 20:10:00,6.90500020980835,6.909999847412109,6.900000095367432,6.90500020980835,34300
2026-02-10 20:15:00,6.90500020980835,6.929999828338623,6.894999980926514,6.929999828338623,266505
2026-02-10 20:20:00,6.929900169372559,6.934999942779541,6.920000076293945,6.929999828338623,52152
2026-02-10 20:25:00,6.929999828338623,6.940000057220459,6.912499904632568,6.934999942779541,79222
2026-02-10 20:30:00,6.934999942779541,6.940000057220459,6.920100212097168,6.925000190734863,36557
2026-02-10 20:35:00,6.925000190734863,6.929900169372559,6.909999847412109,6.913000106811523,64203
2026-02-10 20:40:00,6.914999961853027,6.929999828338623,6.909999847412109,6.914999961853027,34796
2026-02-10 20:45:00,6.911300182342529,6.920000076293945,6.900000095367432,6.90500020980835,79394
2026-02-10 20:50:00,6.90500020980835,6.909999847412109,6.849999904632568,6.849999904632568,89760
2026-02-10 20:55:00,6.849999904632568,6.849999904632568,6.809999942779541,6.835000038146973,592099
2026-02-11 14:30:00,6.880000114440918,6.894999980926514,6.71999979019165,6.807799816131592,273542
2026-02-11 14:35:00,6.809999942779541,6.820000171661377,6.752500057220459,6.815000057220459,38776
2026-02-11 14:40:00,6.820000171661377,6.900000095367432,6.820000171661377,6.83650016784668,56020
2026-02-11 14:45:00,6.829999923706055,6.829999923706055,6.78000020980835,6.784999847412109,33792
2026-02-11 14:50:00,6.78000020980835,6.79010009765625,6.760000228881836,6.760000228881836,39367
2026-02-11 14:55:00,6.764999866485596,6.789999961853027,6.744999885559082,6.764999866485596,21441
2026-02-11 15:00:00,6.769999980926514,6.775000095367432,6.739999771118164,6.759900093078613,43979
2026-02-11 15:05:00,6.75,6.75,6.71999979019165,6.724999904632568,9425
2026-02-11 15:10:00,6.71999979019165,6.71999979019165,6.690000057220459,6.7017998695373535,62521
2026-02-11 15:15:00,6.704999923706055,6.71999979019165,6.695000171661377,6.703000068664551,23595
2026-02-11 15:20:00,6.699999809265137,6.699999809265137,6.671299934387207,6.671299934387207,17818
2026-02-11 15:25:00,6.675000190734863,6.710000038146973,6.660999774932861,6.690000057220459,28421
2026-02-11 15:30:00,6.688700199127197,6.704999923706055,6.679999828338623,6.695000171661377,21086
2026-02-11 15:35:00,6.695000171661377,6.704999923706055,6.692790985107422,6.699999809265137,11086
2026-02-11 15:40:00,6.704999923706055,6.71999979019165,6.699999809265137,6.715000152587891,32157
2026-02-11 15:45:00,6.715000152587891,6.71999979019165,6.703199863433838,6.704999923706055,31136
2026-02-11 15:50:00,6.700099945068359,6.724999904632568,6.699999809265137,6.704999923706055,52885
2026-02-11 15:55:00,6.703496932983398,6.729899883270264,6.703496932983398,6.724999904632568,6208
2026-02-11 16:00:00,6.724999904632568,6.75,6.724999904632568,6.739999771118164,32533
2026-02-11 16:05:00,6.7399001121521,6.760000228881836,6.735000133514404,6.739999771118164,29969
2026-02-11 16:10:00,6.743329048156738,6.760000228881836,6.739999771118164,6.759900093078613,32752
2026-02-11 16:15:00,6.755000114440918,6.800000190734863,6.755000114440918,6.795000076293945,41170
2026-02-11 16:20:00,6.795000076293945,6.815000057220459,6.784999847412109,6.789999961853027,40728
2026-02-11 16:25:00,6.789899826049805,6.789899826049805,6.75,6.755000114440918,52502
2026-02-11 16:30:00,6.755000114440918,6.760000228881836,6.751100063323975,6.760000228881836,12095
2026-02-11 16:35:00,6.755000114440918,6.760000228881836,6.735000133514404,6.735000133514404,17001
2026-02-11 16:40:00,6.739999771118164,6.75,6.735000133514404,6.744999885559082,10528
2026-02-11 16:45:00,6.739999771118164,6.744999885559082,6.735000133514404,6.744999885559082,10353
2026-02-11 16:50:00,6.739999771118164,6.75,6.739999771118164,6.744999885559082,3447
2026-02-11 16:55:00,6.744999885559082,6.744999885559082,6.730000019073486,6.735000133514404,8761
2026-02-11 17:00:00,6.730000019073486,6.730000019073486,6.704999923706055,6.704999923706055,26929
2026-02-11 17:05:00,6.710000038146973,6.71999979019165,6.695000171661377,6.710100173950195,37240
2026-02-11 17:10:00,6.715000152587891,6.718500137329102,6.690040111541748,6.690040111541748,13545
2026-02-11 17:15:00,6.695000171661377,6.699999809265137,6.679999828338623,6.684999942779541,17560
2026-02-11 17:20:00,6.679999828338623,6.684999942779541,6.675000190734863,6.680099964141846,18410
2026-02-11 17:25:00,6.684999942779541,6.684999942779541,6.675000190734863,6.675000190734863,7800
2026-02-11 17:30:00,6.675000190734863,6.679999828338623,6.639999866485596,6.640100002288818,29906
2026-02-11 17:35:00,6.646599769592285,6.650000095367432,6.641499996185303,6.644999980926514,8987
2026-02-11 17:40:00,6.644999980926514,6.649899959564209,6.635000228881836,6.644999980926514,24554
2026-02-11 17:45:00,6.644999980926514,6.644999980926514,6.625,6.625,39911
2026-02-11 17:50:00,6.625,6.625,6.619999885559082,6.625,4699
2026-02-11 17:55:00,6.625,6.625,6.590000152587891,6.59499979019165,45624
2026-02-11 18:00:00,6.590000152587891,6.610000133514404,6.574999809265137,6.603000164031982,38535
2026-02-11 18:05:00,6.600100040435791,6.605000019073486,6.590000152587891,6.59499979019165,45616
2026-02-11 18:10:00,6.590000152587891,6.609899997711182,6.580100059509277,6.584000110626221,19455
2026-02-11 18:15:00,6.585000038146973,6.599999904632568,6.585000038146973,6.599999904632568,20340
2026-02-11 18:20:00,6.605000019073486,6.607200145721436,6.59499979019165,6.600299835205078,17309
2026-02-11 18:25:00,6.599999904632568,6.610000133514404,6.599999904632568,6.605000019073486,11763
2026-02-11 18:30:00,6.610000133514404,6.635000228881836,6.610000133514404,6.625,25016
2026-02-11 18:35:00,6.624800205230713,6.630000114440918,6.624800205230713,6.625,1642
2026-02-11 18:40:00,6.625,6.659999847412109,6.625,6.659999847412109,8934
2026-02-11 18:45:00,6.659999847412109,6.659999847412109,6.620999813079834,6.630000114440918,24558
2026-02-11 18:50:00,6.625,6.635000228881836,6.614999771118164,6.635000228881836,25106
2026-02-11 18:55:00,6.639999866485596,6.650000095367432,6.625,6.625,15389
2026-02-11 19:00:00,6.625,6.650000095367432,6.619999885559082,6.650000095367432,27560
2026-02-11 19:05:00,6.659999847412109,6.690000057220459,6.659999847412109,6.679999828338623,9774
2026-02-11 19:10:00,6.679999828338623,6.739999771118164,6.679999828338623,6.739999771118164,20970
2026-02-11 19:15:00,6.739999771118164,6.739999771118164,6.719900131225586,6.730000019073486,23720
2026-02-11 19:20:00,6.731400012969971,6.739999771118164,6.730100154876709,6.735000133514404,18245
2026-02-11 19:25:00,6.735000133514404,6.769999980926514,6.735000133514404,6.764999866485596,53640
2026-02-11 19:30:00,6.764999866485596,6.775000095367432,6.744999885559082,6.755000114440918,36746
2026-02-11 19:35:00,6.760000228881836,6.769999980926514,6.744999885559082,6.744999885559082,55767
2026-02-11 19:40:00,6.744999885559082,6.744999885559082,6.735000133514404,6.735000133514404,6359
2026-02-11 19:45:00,6.732800006866455,6.755000114440918,6.731200218200684,6.744999885559082,36838
2026-02-11 19:50:00,6.744999885559082,6.759900093078613,6.735000133514404,6.744999885559082,29773
2026-02-11 19:55:00,6.744999885559082,6.744999885559082,6.724999904632568,6.724999904632568,49531
2026-02-11 20:00:00,6.724999904632568,6.736999988555908,6.715000152587891,6.735000133514404,17747
2026-02-11 20:05:00,6.735000133514404,6.739999771118164,6.730100154876709,6.735000133514404,8533
2026-02-11 20:10:00,6.730000019073486,6.744999885559082,6.722499847412109,6.744999885559082,31470
2026-02-11 20:15:00,6.744999885559082,6.75600004196167,6.735000133514404,6.735000133514404,39602
2026-02-11 20:20:00,6.735000133514404,6.744999885559082,6.71999979019165,6.71999979019165,42860
2026-02-11 20:25:00,6.724999904632568,6.727499961853027,6.701499938964844,6.703700065612793,51235
2026-02-11 20:30:00,6.704999923706055,6.704999923706055,6.684999942779541,6.695000171661377,64364
2026-02-11 20:35:00,6.695000171661377,6.730000019073486,6.695000171661377,6.724999904632568,47020
2026-02-11 20:40:00,6.730000019073486,6.735000133514404,6.71999979019165,6.724999904632568,43108
2026-02-11 20:45:00,6.724999904632568,6.730000019073486,6.71999979019165,6.724999904632568,40763
2026-02-11 20:50:00,6.730000019073486,6.760000228881836,6.724999904632568,6.760000228881836,90813
2026-02-11 20:55:00,6.760000228881836,6.760000228881836,6.739999771118164,6.75,247926
2026-02-12 14:30:00,6.710000038146973,6.880000114440918,6.630000114440918,6.840000152587891,146158
2026-02-12 14:35:00,6.84499979019165,6.890100002288818,6.78000020980835,6.890100002288818,37776
2026-02-12 14:40:00,6.900000095367432,6.909999847412109,6.809899806976318,6.815000057220459,41703
2026-02-12 14:45:00,6.809999942779541,6.821000099182129,6.789999961853027,6.800000190734863,25187
2026-02-12 14:50:00,6.800000190734863,6.809999942779541,6.760000228881836,6.804999828338623,26334
2026-02-12 14:55:00,6.804999828338623,6.875,6.795000076293945,6.875,52897
2026-02-12 15:00:00,6.875,6.939899921417236,6.869999885559082,6.911900043487549,80016
2026-02-12 15:05:00,6.909999847412109,6.909999847412109,6.875,6.894999980926514,27726
2026-02-12 15:10:00,6.894999980926514,6.929999828338623,6.894999980926514,6.925000190734863,47825
2026-02-12 15:15:00,6.925000190734863,6.925000190734863,6.900000095367432,6.914999961853027,27278
2026-02-12 15:20:00,6.914999961853027,6.96750020980835,6.910099983215332,6.949999809265137,28068
2026-02-12 15:25:00,6.949999809265137,6.985000133514404,6.940000057220459,6.985000133514404,76420
2026-02-12 15:30:00,6.985000133514404,7.0,6.949999809265137,6.954999923706055,90907
2026-02-12 15:35:00,6.954999923706055,7.009900093078613,6.954999923706055,6.986400127410889,66196
2026-02-12 15:40:00,6.985000133514404,7.018899917602539,6.980100154876709,7.007699966430664,62355
2026-02-12 15:45:00,7.010000228881836,7.019999980926514,6.929999828338623,6.949999809265137,55285
2026-02-12 15:50:00,6.945000171661377,6.960000038146973,6.940000057220459,6.954999923706055,21565
2026-02-12 15:55:00,6.956600189208984,6.989999771118164,6.940000057220459,6.945000171661377,64324
2026-02-12 16:00:00,6.940000057220459,6.974999904632568,6.940000057220459,6.949999809265137,37930
2026-02-12 16:05:00,6.948999881744385,6.951499938964844,6.894999980926514,6.894999980926514,31504
2026-02-12 16:10:00,6.900000095367432,6.909999847412109,6.883299827575684,6.889999866485596,36439
2026-02-12 16:15:00,6.889999866485596,6.909900188446045,6.880000114440918,6.889999866485596,42204
2026-02-12 16:20:00,6.894999980926514,6.900000095367432,6.869999885559082,6.880000114440918,49815
2026-02-12 16:25:00,6.885000228881836,6.885000228881836,6.820099830627441,6.826499938964844,69538
2026-02-12 16:30:00,6.828000068664551,6.84499979019165,6.810100078582764,6.824999809265137,56844
2026-02-12 16:35:00,6.824999809265137,6.840000152587891,6.820000171661377,6.829999923706055,55912
2026-02-12 16:40:00,6.835000038146973,6.840000152587891,6.815000057220459,6.831399917602539,39614
2026-02-12 16:45:00,6.835000038146973,6.835000038146973,6.808599948883057,6.815000057220459,18863
2026-02-12 16:50:00,6.815000057220459,6.817500114440918,6.800000190734863,6.800000190734863,32716
2026-02-12 16:55:00,6.809999942779541,6.820000171661377,6.803299903869629,6.815000057220459,30367
2026-02-12 17:00:00,6.815000057220459,6.815000057220459,6.769999980926514,6.78000020980835,45210
2026-02-12 17:05:00,6.78849983215332,6.795000076293945,6.769999980926514,6.79010009765625,23358
2026-02-12 17:10:00,6.790200233459473,6.790200233459473,6.769899845123291,6.769899845123291,22602
2026-02-12 17:15:00,6.769999980926514,6.7795000076293945,6.75,6.750100135803223,17717
2026-02-12 17:20:00,6.757500171661377,6.806700229644775,6.757500171661377,6.804999828338623,34019
2026-02-12 17:25:00,6.800000190734863,6.816999912261963,6.730000019073486,6.730100154876709,74257
2026-02-12 17:30:00,6.735000133514404,6.75,6.724999904632568,6.749899864196777,27935
2026-02-12 17:35:00,6.75,6.777999877929688,6.75,6.764999866485596,26385
2026-02-12 17:40:00,6.76140022277832,6.775000095367432,6.740099906921387,6.740099906921387,17236
2026-02-12 17:45:00,6.744999885559082,6.755000114440918,6.724999904632568,6.724999904632568,18662
2026-02-12 17:50:00,6.724999904632568,6.7266998291015625,6.710100173950195,6.715000152587891,12299
2026-02-12 17:55:00,6.713500022888184,6.713500022888184,6.690000057220459,6.695000171661377,34388
2026-02-12 18:00:00,6.699999809265137,6.715000152587891,6.670000076293945,6.700699806213379,51446
2026-02-12 18:05:00,6.704999923706055,6.724999904632568,6.700099945068359,6.715000152587891,34134
2026-02-12 18:10:00,6.715000152587891,6.715000152587891,6.704999923706055,6.715000152587891,12908
2026-02-12 18:15:00,6.710000038146973,6.730000019073486,6.704999923706055,6.729700088500977,38335
2026-02-12 18:20:00,6.730000019073486,6.764999866485596,6.730000019073486,6.764999866485596,13583
2026-02-12 18:25:00,6.769999980926514,6.800000190734863,6.699999809265137,6.730000019073486,315983
2026-02-12 18:30:00,6.739999771118164,6.764999866485596,6.71999979019165,6.764999866485596,48580
2026-02-12 18:35:00,6.769999980926514,6.778500080108643,6.761600017547607,6.775000095367432,17152
2026-02-12 18:40:00,6.775000095367432,6.795000076293945,6.775000095367432,6.795000076293945,13193
2026-02-12 18:45:00,6.795000076293945,6.798699855804443,6.78000020980835,6.784999847412109,12863
2026-02-12 18:50:00,6.78000020980835,6.797100067138672,6.769999980926514,6.795000076293945,11358
2026-02-12 18:55:00,6.800000190734863,6.809999942779541,6.724999904632568,6.755000114440918,234016
2026-02-12 19:00:00,6.760000228881836,6.804999828338623,6.760000228881836,6.78439998626709,38604
2026-02-12 19:05:00,6.789999961853027,6.808499813079834,6.789999961853027,6.800000190734863,41643
2026-02-12 19:10:00,6.804999828338623,6.815000057220459,6.800000190734863,6.815000057220459,9229
2026-02-12 19:15:00,6.809999942779541,6.829999923706055,6.804999828338623,6.829999923706055,5701
2026-02-12 19:20:00,6.824999809265137,6.835000038146973,6.815000057220459,6.819900035858154,16887
2026-02-12 19:25:00,6.809999942779541,6.815000057220459,6.760000228881836,6.78000020980835,62368
2026-02-12 19:30:00,6.780300140380859,6.824999809265137,6.775000095367432,6.824999809265137,13489
2026-02-12 19:35:00,6.82889986038208,6.84499979019165,6.824999809265137,6.84499979019165,12942
2026-02-12 19:40:00,6.840000152587891,6.849999904632568,6.831999778747559,6.835000038146973,20318
2026-02-12 19:45:00,6.835000038146973,6.84499979019165,6.829999923706055,6.843400001525879,13657
2026-02-12 19:50:00,6.84499979019165,6.849999904632568,6.840000152587891,6.84499979019165,14533
2026-02-12 19:55:00,6.841899871826172,6.860000133514404,6.800000190734863,6.815000057220459,183505
2026-02-12 20:00:00,6.820000171661377,6.855000019073486,6.820000171661377,6.850100040435791,18828
2026-02-12 20:05:00,6.855000019073486,6.855000019073486,6.829999923706055,6.835000038146973,23484
2026-02-12 20:10:00,6.835000038146973,6.84499979019165,6.829999923706055,6.835000038146973,23026
2026-02-12 20:15:00,6.829999923706055,6.840000152587891,6.829999923706055,6.829999923706055,17331
2026-02-12 20:20:00,6.835000038146973,6.835700035095215,6.820000171661377,6.829999923706055,20027
2026-02-12 20:25:00,6.829999923706055,6.829999923706055,6.809999942779541,6.809999942779541,16375
2026-02-12 20:30:00,6.815000057220459,6.829999923706055,6.815000057220459,6.829999923706055,20273
2026-02-12 20:35:00,6.829999923706055,6.829999923706055,6.809999942779541,6.815000057220459,28801
2026-02-12 20:40:00,6.815000057220459,6.820000171661377,6.804999828338623,6.804999828338623,33904
2026-02-12 20:45:00,6.804999828338623,6.809999942779541,6.793499946594238,6.795000076293945,29942
2026-02-12 20:50:00,6.795000076293945,6.835000038146973,6.795000076293945,6.829999923706055,94145
2026-02-12 20:55:00,6.835000038146973,6.840000152587891,6.809999942779541,6.829999923706055,230431
2026-02-13 14:30:00,6.840000152587891,6.909999847412109,6.809999942779541,6.864999771118164,61220
2026-02-13 14:35:00,6.860000133514404,6.866499900817871,6.800099849700928,6.800099849700928,15648
2026-02-13 14:40:00,6.808599948883057,6.809999942779541,6.755000114440918,6.804999828338623,50856
2026-02-13 14:45:00,6.809999942779541,6.820000171661377,6.75,6.75,9610
2026-02-13 14:50:00,6.750100135803223,6.789999961853027,6.7399001121521,6.78000020980835,44702
2026-02-13 14:55:00,6.789999961853027,6.809999942779541,6.760000228881836,6.78000020980835,14001
2026-02-13 15:00:00,6.788300037384033,6.849999904632568,6.788300037384033,6.849999904632568,41710
2026-02-13 15:05:00,6.849999904632568,6.869999885559082,6.835000038146973,6.869999885559082,44062
2026-02-13 15:10:00,6.864999771118164,6.880000114440918,6.809999942779541,6.809999942779541,28673
2026-02-13 15:15:00,6.81220006942749,6.828000068664551,6.784999847412109,6.795000076293945,36709
2026-02-13 15:20:00,6.800000190734863,6.820000171661377,6.789999961853027,6.804999828338623,19399
2026-02-13 15:25:00,6.804999828338623,6.860000133514404,6.804999828338623,6.855000019073486,20253
2026-02-13 15:30:00,6.855000019073486,6.858799934387207,6.829999923706055,6.835000038146973,13591
2026-02-13 15:35:00,6.829999923706055,6.860000133514404,6.824999809265137,6.855000019073486,24375
2026-02-13 15:40:00,6.855000019073486,6.864999771118164,6.820000171661377,6.820000171661377,24339
2026-02-13 15:45:00,6.820000171661377,6.855000019073486,6.820000171661377,6.84499979019165,50050
2026-02-13 15:50:00,6.849999904632568,6.889999866485596,6.849999904632568,6.880000114440918,18570
2026-02-13 15:55:00,6.889999866485596,6.894999980926514,6.875,6.875,16434
2026-02-13 16:00:00,6.880000114440918,6.914999961853027,6.879899978637695,6.914999961853027,23117
2026-02-13 16:05:00,6.914999961853027,6.940000057220459,6.889999866485596,6.92549991607666,65196
2026-02-13 16:10:00,6.925000190734863,6.940000057220459,6.914999961853027,6.934999942779541,17359
2026-02-13 16:15:00,6.940000057220459,6.949999809265137,6.929999828338623,6.940000057220459,12331
2026-02-13 16:20:00,6.940000057220459,6.949999809265137,6.920000076293945,6.949999809265137,52511
2026-02-13 16:25:00,6.949999809265137,6.980000019073486,6.94350004196167,6.980000019073486,24377
2026-02-13 16:30:00,6.980000019073486,6.989999771118164,6.96999979019165,6.989999771118164,17450
2026-02-13 16:35:00,6.989999771118164,6.989999771118164,6.96999979019165,6.974999904632568,17885
2026-02-13 16:40:00,6.96999979019165,6.980000019073486,6.96999979019165,6.96999979019165,6278
2026-02-13 16:45:00,6.974999904632568,6.980000019073486,6.960000038146973,6.965000152587891,39427
2026-02-13 16:50:00,6.965000152587891,6.985000133514404,6.965000152587891,6.985000133514404,19308
2026-02-13 16:55:00,6.985000133514404,6.989999771118164,6.965000152587891,6.965000152587891,17191
2026-02-13 17:00:00,6.965000152587891,7.0,6.965000152587891,6.994999885559082,27076
2026-02-13 17:05:00,6.994999885559082,7.019999980926514,6.994999885559082,7.014999866485596,70327
2026-02-13 17:10:00,7.014999866485596,7.019999980926514,7.010000228881836,7.014999866485596,12062
2026-02-13 17:15:00,7.013000011444092,7.014999866485596,7.005000114440918,7.014999866485596,28362
2026-02-13 17:20:00,7.010000228881836,7.014999866485596,7.00029993057251,7.00029993057251,15457
2026-02-13 17:25:00,7.0,7.005000114440918,6.980000019073486,6.989999771118164,28048
2026-02-13 17:30:00,6.994999885559082,7.0,6.985000133514404,6.994999885559082,14022
2026-02-13 17:35:00,6.994999885559082,7.0,6.984799861907959,6.985000133514404,39346
2026-02-13 17:40:00,6.985000133514404,6.985000133514404,6.980000019073486,6.985000133514404,1409
2026-02-13 17:45:00,6.985000133514404,7.0,6.985000133514404,6.994999885559082,16514
2026-02-13 17:50:00,6.994999885559082,6.994999885559082,6.990099906921387,6.992800235748291,5464
2026-02-13 17:55:00,6.991499900817871,6.991499900817871,6.96999979019165,6.96999979019165,12169
2026-02-13 18:00:00,6.980000019073486,6.980000019073486,6.964600086212158,6.974999904632568,16767
2026-02-13 18:05:00,6.96999979019165,6.974999904632568,6.965000152587891,6.974999904632568,10074
2026-02-13 18:10:00,6.980000019073486,6.985000133514404,6.980000019073486,6.980000019073486,11319
2026-02-13 18:15:00,6.980000019073486,6.980000019073486,6.954999923706055,6.954999923706055,11452
2026-02-13 18:20:00,6.960000038146973,6.978899955749512,6.960000038146973,6.978899955749512,11640
2026-02-13 18:25:00,6.96999979019165,6.96999979019165,6.920000076293945,6.940000057220459,63112
2026-02-13 18:30:00,6.940000057220459,6.949999809265137,6.934999942779541,6.940000057220459,39888
2026-02-13 18:35:00,6.936699867248535,6.954999923706055,6.934999942779541,6.954999923706055,16141
2026-02-13 18:40:00,6.954999923706055,6.954999923706055,6.940000057220459,6.945000171661377,17997
2026-02-13 18:45:00,6.949900150299072,6.956500053405762,6.945000171661377,6.954999923706055,17695
2026-02-13 18:50:00,6.954999923706055,6.954999923706055,6.940000057220459,6.954999923706055,13848
2026-02-13 18:55:00,6.954999923706055,6.960000038146973,6.949999809265137,6.954999923706055,34311
2026-02-13 19:00:00,6.949999809265137,6.974999904632568,6.949999809265137,6.965000152587891,20761
2026-02-13 19:05:00,6.96999979019165,6.980100154876709,6.96999979019165,6.974999904632568,10203
2026-02-13 19:10:00,6.978000164031982,6.985000133514404,6.965000152587891,6.974999904632568,21535
2026-02-13 19:15:00,6.978300094604492,6.985000133514404,6.974999904632568,6.974999904632568,5268
2026-02-13 19:20:00,6.974999904632568,6.980000019073486,6.96999979019165,6.971499919891357,7935
2026-02-13 19:25:00,6.973700046539307,6.973700046539307,6.900000095367432,6.919700145721436,62227
2026-02-13 19:30:00,6.920000076293945,6.95989990234375,6.920000076293945,6.954999923706055,27693
2026-02-13 19:35:00,6.954999923706055,6.954999923706055,6.93179988861084,6.940000057220459,35650
2026-02-13 19:40:00,6.945000171661377,6.945000171661377,6.940000057220459,6.945000171661377,3340
2026-02-13 19:45:00,6.940000057220459,6.954999923706055,6.940000057220459,6.949999809265137,14255
2026-02-13 19:50:00,6.945400238037109,6.945400238037109,6.929999828338623,6.929999828338623,18559
2026-02-13 19:55:00,6.934999942779541,6.938700199127197,6.909999847412109,6.920000076293945,25300
2026-02-13 20:00:00,6.925000190734863,6.940299987792969,6.925000190734863,6.940299987792969,10775
2026-02-13 20:05:00,6.945000171661377,6.949999809265137,6.945000171661377,6.945000171661377,3787
2026-02-13 20:10:00,6.945000171661377,6.945000171661377,6.934999942779541,6.939899921417236,17746
2026-02-13 20:15:00,6.929999828338623,6.949999809265137,6.929999828338623,6.949999809265137,73908
2026-02-13 20:20:00,6.949999809265137,6.949999809265137,6.940000057220459,6.945000171661377,8250
2026-02-13 20:25:00,6.945000171661377,6.949999809265137,6.929999828338623,6.934999942779541,64495
2026-02-13 20:30:00,6.934999942779541,6.949999809265137,6.934999942779541,6.945000171661377,11916
2026-02-13 20:35:00,6.945000171661377,6.960000038146973,6.940000057220459,6.954999923706055,29167
2026-02-13 20:40:00,6.949999809265137,6.965000152587891,6.949999809265137,6.965000152587891,17601
2026-02-13 20:45:00,6.965000152587891,6.980000019073486,6.960000038146973,6.980000019073486,35288
2026-02-13 20:50:00,6.974999904632568,6.974999904632568,6.949999809265137,6.974999904632568,94950
2026-02-13 20:55:00,6.96999979019165,6.980000019073486,6.960000038146973,6.960000038146973,161684
2026-02-17 14:30:00,6.989999771118164,7.196700096130371,6.989999771118164,7.079999923706055,176091
2026-02-17 14:35:00,7.074999809265137,7.079999923706055,7.019999980926514,7.065000057220459,74135
2026-02-17 14:40:00,7.065000057220459,7.074999809265137,7.045000076293945,7.059999942779541,40333
2026-02-17 14:45:00,7.054999828338623,7.1493000984191895,7.039999961853027,7.13670015335083,110223
2026-02-17 14:50:00,7.135000228881836,7.144999980926514,7.114999771118164,7.126500129699707,40314
2026-02-17 14:55:00,7.125,7.159999847412109,7.114999771118164,7.129499912261963,49981
2026-02-17 15:00:00,7.125,7.190000057220459,7.119999885559082,7.190000057220459,40458
2026-02-17 15:05:00,7.195000171661377,7.309999942779541,7.190000057220459,7.264999866485596,361145
2026-02-17 15:10:00,7.264999866485596,7.309999942779541,7.264999866485596,7.300000190734863,73809
2026-02-17 15:15:00,7.295000076293945,7.324999809265137,7.260000228881836,7.320000171661377,97809
2026-02-17 15:20:00,7.315000057220459,7.324999809265137,7.235000133514404,7.255000114440918,87958
2026-02-17 15:25:00,7.260000228881836,7.264999866485596,7.210000038146973,7.235000133514404,55733
2026-02-17 15:30:00,7.230000019073486,7.230000019073486,7.194799900054932,7.204999923706055,46283
2026-02-17 15:35:00,7.204999923706055,7.235000133514404,7.190000057220459,7.190000057220459,86436
2026-02-17 15:40:00,7.190000057220459,7.215000152587891,7.190000057220459,7.195000171661377,28028
2026-02-17 15:45:00,7.195000171661377,7.235000133514404,7.195000171661377,7.216599941253662,73495
2026-02-17 15:50:00,7.215000152587891,7.269999980926514,7.199999809265137,7.269299983978271,66551
2026-02-17 15:55:00,7.269999980926514,7.329999923706055,7.269999980926514,7.324999809265137,211499
2026-02-17 16:00:00,7.324999809265137,7.355000019073486,7.320000171661377,7.355000019073486,132694
2026-02-17 16:05:00,7.355999946594238,7.389999866485596,7.349999904632568,7.389999866485596,54621
2026-02-17 16:10:00,7.399899959564209,7.460000038146973,7.390500068664551,7.460000038146973,85550
2026-02-17 16:15:00,7.454999923706055,7.46999979019165,7.440100193023682,7.450200080871582,74326
2026-02-17 16:20:00,7.449999809265137,7.480000019073486,7.440100193023682,7.460000038146973,51977
2026-02-17 16:25:00,7.465000152587891,7.474999904632568,7.449900150299072,7.449900150299072,86289
2026-02-17 16:30:00,7.449999809265137,7.449999809265137,7.401400089263916,7.434999942779541,55353
2026-02-17 16:35:00,7.434999942779541,7.46999979019165,7.434999942779541,7.454999923706055,30844
2026-02-17 16:40:00,7.454999923706055,7.456999778747559,7.414999961853027,7.425000190734863,51456
2026-02-17 16:45:00,7.428599834442139,7.445000171661377,7.425000190734863,7.433499813079834,40748
2026-02-17 16:50:00,7.440000057220459,7.480000019073486,7.429999828338623,7.453100204467773,86640
2026-02-17 16:55:00,7.454999923706055,7.465000152587891,7.430099964141846,7.453199863433838,93916
2026-02-17 17:00:00,7.454999923706055,7.454999923706055,7.433199882507324,7.434999942779541,34212
2026-02-17 17:05:00,7.429999828338623,7.440000057220459,7.420000076293945,7.420000076293945,22728
2026-02-17 17:10:00,7.420000076293945,7.420000076293945,7.400000095367432,7.417300224304199,17342
2026-02-17 17:15:00,7.420000076293945,7.449999809265137,7.414999961853027,7.446899890899658,29629
2026-02-17 17:20:00,7.440000057220459,7.454999923706055,7.433499813079834,7.434999942779541,31516
2026-02-17 17:25:00,7.440000057220459,7.45989990234375,7.431000232696533,7.459000110626221,20304
2026-02-17 17:30:00,7.460000038146973,7.474999904632568,7.449999809265137,7.473199844360352,55000
2026-02-17 17:35:00,7.474999904632568,7.489999771118164,7.46999979019165,7.46999979019165,45586
2026-02-17 17:40:00,7.46999979019165,7.485000133514404,7.460000038146973,7.485000133514404,56537
2026-02-17 17:45:00,7.480000019073486,7.499899864196777,7.46999979019165,7.485000133514404,56542
2026-02-17 17:50:00,7.485000133514404,7.510000228881836,7.484399795532227,7.494999885559082,73525
2026-02-17 17:55:00,7.490099906921387,7.53000020980835,7.490099906921387,7.53000020980835,16833
2026-02-17 18:00:00,7.52400016784668,7.545000076293945,7.52400016784668,7.534999847412109,44005
2026-02-17 18:05:00,7.534999847412109,7.545000076293945,7.53000020980835,7.534999847412109,46347
2026-02-17 18:10:00,7.534999847412109,7.534999847412109,7.510000228881836,7.510000228881836,36679
2026-02-17 18:15:00,7.509900093078613,7.510000228881836,7.485000133514404,7.488399982452393,30810
2026-02-17 18:20:00,7.485000133514404,7.53000020980835,7.480000019073486,7.514999866485596,80003
2026-02-17 18:25:00,7.514999866485596,7.534999847412109,7.514999866485596,7.520299911499023,35227
2026-02-17 18:30:00,7.53000020980835,7.539899826049805,7.510700225830078,7.519999980926514,41405
2026-02-17 18:35:00,7.519999980926514,7.53000020980835,7.519999980926514,7.525000095367432,32511
2026-02-17 18:40:00,7.528600215911865,7.545000076293945,7.525000095367432,7.545000076293945,38197
2026-02-17 18:45:00,7.545000076293945,7.570000171661377,7.539999961853027,7.550000190734863,84293
2026-02-17 18:50:00,7.554999828338623,7.579999923706055,7.550000190734863,7.565000057220459,84549
2026-02-17 18:55:00,7.559999942779541,7.570000171661377,7.539999961853027,7.545000076293945,27759
2026-02-17 19:00:00,7.545000076293945,7.570000171661377,7.53000020980835,7.554999828338623,24316
2026-02-17 19:05:00,7.554800033569336,7.570000171661377,7.550000190734863,7.550099849700928,49066
2026-02-17 19:10:00,7.554999828338623,7.570000171661377,7.534999847412109,7.550000190734863,40945
2026-02-17 19:15:00,7.553500175476074,7.554999828338623,7.534999847412109,7.534999847412109,13953
2026-02-17 19:20:00,7.53000020980835,7.550000190734863,7.519999980926514,7.546800136566162,41386
2026-02-17 19:25:00,7.539999961853027,7.550000190734863,7.519999980926514,7.534999847412109,38990
2026-02-17 19:30:00,7.534999847412109,7.550000190734863,7.531400203704834,7.541600227355957,26808
2026-02-17 19:35:00,7.545000076293945,7.550000190734863,7.520999908447266,7.520999908447266,14813
2026-02-17 19:40:00,7.525000095367432,7.525000095367432,7.510700225830078,7.525000095367432,25929
2026-02-17 19:45:00,7.526599884033203,7.526599884033203,7.489999771118164,7.505000114440918,40144
2026-02-17 19:50:00,7.5030999183654785,7.53000020980835,7.500100135803223,7.519999980926514,40921
2026-02-17 19:55:00,7.525000095367432,7.536099910736084,7.514999866485596,7.519999980926514,25076
2026-02-17 20:00:00,7.514999866485596,7.53000020980835,7.513999938964844,7.53000020980835,26017
2026-02-17 20:05:00,7.539899826049805,7.539999961853027,7.525000095367432,7.525000095367432,10199
2026-02-17 20:10:00,7.519999980926514,7.519999980926514,7.485000133514404,7.505000114440918,81241
2026-02-17 20:15:00,7.505000114440918,7.514999866485596,7.5,7.514999866485596,34797
2026-02-17 20:20:00,7.514999866485596,7.525000095367432,7.510000228881836,7.514999866485596,34661
2026-02-17 20:25:00,7.514999866485596,7.534999847412109,7.514999866485596,7.525000095367432,53372
2026-02-17 20:30:00,7.519999980926514,7.519999980926514,7.494999885559082,7.5,73066
2026-02-17 20:35:00,7.499800205230713,7.510000228881836,7.497499942779541,7.510000228881836,28029
2026-02-17 20:40:00,7.510000228881836,7.534999847412109,7.505000114440918,7.53000020980835,56577
2026-02-17 20:45:00,7.53000020980835,7.559999942779541,7.53000020980835,7.554999828338623,113201
2026-02-17 20:50:00,7.559999942779541,7.585000038146973,7.559999942779541,7.579800128936768,181729
2026-02-17 20:55:00,7.574999809265137,7.579999923706055,7.53000020980835,7.534999847412109,373454
2026-02-18 14:30:00,7.539999961853027,7.650000095367432,7.494999885559082,7.6305999755859375,225156
2026-02-18 14:35:00,7.630000114440918,7.644999980926514,7.574999809265137,7.592999935150146,102061
2026-02-18 14:40:00,7.599999904632568,7.610000133514404,7.53000020980835,7.549799919128418,65202
2026-02-18 14:45:00,7.550000190734863,7.590000152587891,7.53000020980835,7.559999942779541,64079
2026-02-18 14:50:00,7.550000190734863,7.570000171661377,7.53000020980835,7.559999942779541,42012
2026-02-18 14:55:00,7.564799785614014,7.598999977111816,7.559999942779541,7.585000038146973,27423
2026-02-18 15:00:00,7.590000152587891,7.619999885559082,7.579999923706055,7.605000019073486,40865
2026-02-18 15:05:00,7.600100040435791,7.619999885559082,7.590000152587891,7.614999771118164,25750
2026-02-18 15:10:00,7.619999885559082,7.619999885559082,7.590000152587891,7.599999904632568,29661
2026-02-18 15:15:00,7.590000152587891,7.599699974060059,7.543499946594238,7.543499946594238,63297
2026-02-18 15:20:00,7.550000190734863,7.590000152587891,7.550000190734863,7.569900035858154,42259
2026-02-18 15:25:00,7.569799900054932,7.599999904632568,7.565000057220459,7.599999904632568,38213
2026-02-18 15:30:00,7.605000019073486,7.650000095367432,7.605000019073486,7.64300012588501,30042
2026-02-18 15:35:00,7.639999866485596,7.650000095367432,7.630099773406982,7.650000095367432,58925
2026-02-18 15:40:00,7.659999847412109,7.690000057220459,7.653500080108643,7.675000190734863,86878
2026-02-18 15:45:00,7.677800178527832,7.679999828338623,7.671000003814697,7.671299934387207,14287
2026-02-18 15:50:00,7.673399925231934,7.675000190734863,7.65500020980835,7.664999961853027,36633
2026-02-18 15:55:00,7.664999961853027,7.670000076293945,7.664999961853027,7.665500164031982,2997
2026-02-18 16:00:00,7.664999961853027,7.670000076293945,7.639999866485596,7.644999980926514,31151
2026-02-18 16:05:00,7.644999980926514,7.670000076293945,7.644999980926514,7.670000076293945,29848
2026-02-18 16:10:00,7.664999961853027,7.689700126647949,7.664999961853027,7.684999942779541,9890
2026-02-18 16:15:00,7.679999828338623,7.701499938964844,7.675000190734863,7.695000171661377,48179
2026-02-18 16:20:00,7.690000057220459,7.704999923706055,7.679999828338623,7.699699878692627,189042
2026-02-18 16:25:00,7.695000171661377,7.699999809265137,7.690000057220459,7.695000171661377,38740
2026-02-18 16:30:00,7.695000171661377,7.699999809265137,7.690000057220459,7.695000171661377,8615
2026-02-18 16:35:00,7.695000171661377,7.71999979019165,7.695000171661377,7.715000152587891,43427
2026-02-18 16:40:00,7.71999979019165,7.724999904632568,7.713880062103271,7.715000152587891,49211
2026-02-18 16:45:00,7.715000152587891,7.724999904632568,7.715000152587891,7.724999904632568,12430
2026-02-18 16:50:00,7.7270002365112305,7.739299774169922,7.715000152587891,7.735000133514404,29356
2026-02-18 16:55:00,7.730100154876709,7.75,7.730100154876709,7.744999885559082,31185
2026-02-18 17:00:00,7.744999885559082,7.75,7.739999771118164,7.744999885559082,12426
2026-02-18 17:05:00,7.744999885559082,7.764999866485596,7.740099906921387,7.755000114440918,39321
2026-02-18 17:10:00,7.755000114440918,7.795000076293945,7.753200054168701,7.780099868774414,89826
2026-02-18 17:15:00,7.784999847412109,7.784999847412109,7.755000114440918,7.769999980926514,28152
2026-02-18 17:20:00,7.763000011444092,7.764999866485596,7.755000114440918,7.764999866485596,15042
2026-02-18 17:25:00,7.760000228881836,7.78000020980835,7.753300189971924,7.755000114440918,39735
2026-02-18 17:30:00,7.755000114440918,7.760000228881836,7.75,7.75600004196167,5575
2026-02-18 17:35:00,7.755000114440918,7.769999980926514,7.750100135803223,7.769999980926514,21169
2026-02-18 17:40:00,7.760000228881836,7.769999980926514,7.760000228881836,7.769999980926514,10315
2026-02-18 17:45:00,7.760000228881836,7.766900062561035,7.740099906921387,7.744999885559082,18652
2026-02-18 17:50:00,7.741600036621094,7.755000114440918,7.740699768066406,7.744999885559082,13191
2026-02-18 17:55:00,7.744999885559082,7.745999813079834,7.710000038146973,7.715000152587891,16820
2026-02-18 18:00:00,7.710000038146973,7.710100173950195,7.680099964141846,7.690000057220459,39207
2026-02-18 18:05:00,7.695000171661377,7.695000171661377,7.683300018310547,7.684999942779541,10768
2026-02-18 18:10:00,7.684999942779541,7.709700107574463,7.683499813079834,7.699999809265137,18904
2026-02-18 18:15:00,7.695000171661377,7.710000038146973,7.695000171661377,7.704999923706055,4071
2026-02-18 18:20:00,7.699999809265137,7.709000110626221,7.639999866485596,7.639999866485596,40069
2026-02-18 18:25:00,7.639999866485596,7.65500020980835,7.635000228881836,7.644999980926514,48256
2026-02-18 18:30:00,7.650000095367432,7.664999961853027,7.621300220489502,7.639999866485596,53497
2026-02-18 18:35:00,7.63670015335083,7.639999866485596,7.614999771118164,7.625,52725
2026-02-18 18:40:00,7.625,7.638599872589111,7.614999771118164,7.635000228881836,37512
2026-02-18 18:45:00,7.635000228881836,7.664999961853027,7.630000114440918,7.65500020980835,20694
2026-02-18 18:50:00,7.650000095367432,7.650000095367432,7.625,7.639999866485596,13201
2026-02-18 18:55:00,7.644999980926514,7.649899959564209,7.611499786376953,7.630000114440918,33247
2026-02-18 19:00:00,7.630000114440918,7.650000095367432,7.630000114440918,7.639999866485596,14135
2026-02-18 19:05:00,7.6402997970581055,7.641499996185303,7.600100040435791,7.600100040435791,9221
2026-02-18 19:10:00,7.599999904632568,7.619999885559082,7.599999904632568,7.614999771118164,59359
2026-02-18 19:15:00,7.610000133514404,7.614999771118164,7.574999809265137,7.579999923706055,56221
2026-02-18 19:20:00,7.585000038146973,7.614999771118164,7.585000038146973,7.605000019073486,52135
2026-02-18 19:25:00,7.605000019073486,7.630000114440918,7.585000038146973,7.610099792480469,75184
2026-02-18 19:30:00,7.614999771118164,7.619800090789795,7.580100059509277,7.605000019073486,55380
2026-02-18 19:35:00,7.600100040435791,7.614999771118164,7.590000152587891,7.599899768829346,47242
2026-02-18 19:40:00,7.59060001373291,7.599999904632568,7.585000038146973,7.598499774932861,10694
2026-02-18 19:45:00,7.599999904632568,7.619999885559082,7.599999904632568,7.610000133514404,12724
2026-02-18 19:50:00,7.614999771118164,7.621300220489502,7.614999771118164,7.614999771118164,30832
2026-02-18 19:55:00,7.610000133514404,7.619999885559082,7.590000152587891,7.614200115203857,51916
2026-02-18 20:00:00,7.614999771118164,7.628399848937988,7.59499979019165,7.599899768829346,41970
2026-02-18 20:05:00,7.590000152587891,7.59499979019165,7.579999923706055,7.585000038146973,74331
2026-02-18 20:10:00,7.586699962615967,7.59499979019165,7.574999809265137,7.585000038146973,67711
2026-02-18 20:15:00,7.579999923706055,7.599999904632568,7.565000057220459,7.590000152587891,68674
2026-02-18 20:20:00,7.59499979019165,7.59499979019165,7.565000057220459,7.565000057220459,76146
2026-02-18 20:25:00,7.565000057220459,7.5680999755859375,7.539999961853027,7.539999961853027,99931
2026-02-18 20:30:00,7.545000076293945,7.585000038146973,7.539999961853027,7.585000038146973,79253
2026-02-18 20:35:00,7.579999923706055,7.599999904632568,7.570000171661377,7.59499979019165,48948
2026-02-18 20:40:00,7.59499979019165,7.616700172424316,7.59499979019165,7.610000133514404,72746
2026-02-18 20:45:00,7.610000133514404,7.635000228881836,7.610000133514404,7.635000228881836,61050
2026-02-18 20:50:00,7.630000114440918,7.659999847412109,7.614999771118164,7.65500020980835,162027
2026-02-18 20:55:00,7.650000095367432,7.65500020980835,7.619999885559082,7.619999885559082,392116
2026-02-19 14:30:00,7.579999923706055,7.599999904632568,7.480000019073486,7.589099884033203,162083
2026-02-19 14:35:00,7.570000171661377,7.570000171661377,7.505000114440918,7.525000095367432,61531
2026-02-19 14:40:00,7.525000095367432,7.565000057220459,7.501999855041504,7.565000057220459,35040
2026-02-19 14:45:00,7.565000057220459,7.567999839782715,7.510000228881836,7.514999866485596,49529
2026-02-19 14:50:00,7.510000228881836,7.519999980926514,7.489999771118164,7.510000228881836,25343
2026-02-19 14:55:00,7.5,7.519999980926514,7.474999904632568,7.485000133514404,35196
2026-02-19 15:00:00,7.485499858856201,7.519999980926514,7.460000038146973,7.5,41094
2026-02-19 15:05:00,7.489999771118164,7.494999885559082,7.46999979019165,7.46999979019165,32750
2026-02-19 15:10:00,7.474999904632568,7.480000019073486,7.440000057220459,7.448599815368652,30860
2026-02-19 15:15:00,7.449999809265137,7.46999979019165,7.449999809265137,7.46999979019165,13633
2026-02-19 15:20:00,7.460000038146973,7.5,7.449999809265137,7.5,39931
2026-02-19 15:25:00,7.489999771118164,7.5,7.449999809265137,7.450099945068359,29867
2026-02-19 15:30:00,7.454999923706055,7.46999979019165,7.440000057220459,7.465000152587891,19683
2026-02-19 15:35:00,7.46999979019165,7.485000133514404,7.454999923706055,7.454999923706055,28047
2026-02-19 15:40:00,7.453700065612793,7.460000038146973,7.43310022354126,7.440000057220459,17324
2026-02-19 15:45:00,7.445000171661377,7.449999809265137,7.425000190734863,7.425000190734863,28226
2026-02-19 15:50:00,7.425000190734863,7.434999942779541,7.409999847412109,7.429999828338623,55223
2026-02-19 15:55:00,7.425000190734863,7.45930004119873,7.425000190734863,7.451499938964844,30870
2026-02-19 16:00:00,7.449999809265137,7.456699848175049,7.440000057220459,7.440000057220459,7636
2026-02-19 16:05:00,7.440000057220459,7.449999809265137,7.440000057220459,7.445000171661377,7420
2026-02-19 16:10:00,7.445000171661377,7.445000171661377,7.434999942779541,7.440100193023682,11884
2026-02-19 16:15:00,7.440100193023682,7.454999923706055,7.440100193023682,7.449999809265137,4952
2026-02-19 16:20:00,7.449999809265137,7.454999923706055,7.434999942779541,7.440000057220459,24293
2026-02-19 16:25:00,7.440000057220459,7.454999923706055,7.434999942779541,7.440000057220459,66609
2026-02-19 16:30:00,7.434999942779541,7.460000038146973,7.434999942779541,7.454999923706055,29594
2026-02-19 16:35:00,7.453499794006348,7.465000152587891,7.453499794006348,7.465000152587891,4975
2026-02-19 16:40:00,7.465000152587891,7.466599941253662,7.454999923706055,7.460000038146973,6819
2026-02-19 16:45:00,7.460000038146973,7.480000019073486,7.440000057220459,7.440000057220459,14922
2026-02-19 16:50:00,7.440000057220459,7.454999923706055,7.434999942779541,7.454999923706055,12951
2026-02-19 16:55:00,7.449999809265137,7.449999809265137,7.429999828338623,7.440000057220459,9093
2026-02-19 17:00:00,7.445000171661377,7.445000171661377,7.430099964141846,7.434999942779541,8803
2026-02-19 17:05:00,7.434999942779541,7.434999942779541,7.425000190734863,7.429999828338623,18732
2026-02-19 17:10:00,7.434999942779541,7.441999912261963,7.429999828338623,7.434999942779541,6886
2026-02-19 17:15:00,7.440000057220459,7.454999923706055,7.429999828338623,7.445000171661377,26885
2026-02-19 17:20:00,7.445000171661377,7.460000038146973,7.441400051116943,7.454400062561035,11579
2026-02-19 17:25:00,7.454999923706055,7.456399917602539,7.429999828338623,7.454999923706055,19527
2026-02-19 17:30:00,7.454999923706055,7.460000038146973,7.4430999755859375,7.4430999755859375,10052
2026-02-19 17:35:00,7.445000171661377,7.445000171661377,7.409999847412109,7.425000190734863,35755
2026-02-19 17:40:00,7.421899795532227,7.429999828338623,7.420000076293945,7.429999828338623,4870
2026-02-19 17:45:00,7.420000076293945,7.420000076293945,7.380300045013428,7.385000228881836,61119
2026-02-19 17:50:00,7.385000228881836,7.389999866485596,7.380000114440918,7.389999866485596,23378
2026-02-19 17:55:00,7.389999866485596,7.400000095367432,7.385000228881836,7.389999866485596,32191
2026-02-19 18:00:00,7.394999980926514,7.394999980926514,7.375,7.380000114440918,11744
2026-02-19 18:05:00,7.380000114440918,7.38100004196167,7.369999885559082,7.375,70534
2026-02-19 18:10:00,7.375,7.389999866485596,7.373499870300293,7.389999866485596,31177
2026-02-19 18:15:00,7.389999866485596,7.394999980926514,7.369999885559082,7.375,14787
2026-02-19 18:20:00,7.369999885559082,7.380000114440918,7.360000133514404,7.373499870300293,7813
2026-02-19 18:25:00,7.380000114440918,7.385000228881836,7.369999885559082,7.375,15535
2026-02-19 18:30:00,7.375,7.380000114440918,7.369999885559082,7.375,8642
2026-02-19 18:35:00,7.375,7.385000228881836,7.373300075531006,7.385000228881836,8418
2026-02-19 18:40:00,7.381400108337402,7.420000076293945,7.381400108337402,7.420000076293945,11874
2026-02-19 18:45:00,7.425000190734863,7.429999828338623,7.420000076293945,7.420000076293945,5902
2026-02-19 18:50:00,7.429999828338623,7.440000057220459,7.425000190734863,7.440000057220459,6290
2026-02-19 18:55:00,7.440000057220459,7.449999809265137,7.429999828338623,7.449999809265137,19778
2026-02-19 19:00:00,7.449999809265137,7.454999923706055,7.440000057220459,7.445000171661377,13236
2026-02-19 19:05:00,7.445000171661377,7.460000038146973,7.444399833679199,7.454999923706055,8228
2026-02-19 19:10:00,7.454999923706055,7.454999923706055,7.429999828338623,7.440100193023682,19339
2026-02-19 19:15:00,7.445000171661377,7.454999923706055,7.434999942779541,7.454999923706055,25580
2026-02-19 19:20:00,7.45989990234375,7.46999979019165,7.454999923706055,7.465000152587891,6291
2026-02-19 19:25:00,7.465000152587891,7.46999979019165,7.429999828338623,7.454999923706055,72447
2026-02-19 19:30:00,7.451000213623047,7.454999923706055,7.425000190734863,7.429900169372559,11690
2026-02-19 19:35:00,7.425000190734863,7.425000190734863,7.409999847412109,7.409999847412109,10493
2026-02-19 19:40:00,7.409999847412109,7.429999828338623,7.409999847412109,7.425000190734863,8951
2026-02-19 19:45:00,7.429699897766113,7.449999809265137,7.425000190734863,7.448599815368652,6561
2026-02-19 19:50:00,7.445000171661377,7.454999923706055,7.429999828338623,7.454999923706055,102865
2026-02-19 19:55:00,7.449999809265137,7.454999923706055,7.440000057220459,7.445000171661377,18079
2026-02-19 20:00:00,7.440000057220459,7.474999904632568,7.440000057220459,7.470099925994873,15055
2026-02-19 20:05:00,7.474999904632568,7.5,7.46999979019165,7.5,20785
2026-02-19 20:10:00,7.494999885559082,7.519999980926514,7.494999885559082,7.519999980926514,11642
2026-02-19 20:15:00,7.516499996185303,7.519999980926514,7.489999771118164,7.494999885559082,28667
2026-02-19 20:20:00,7.491399765014648,7.494999885559082,7.480000019073486,7.485000133514404,13309
2026-02-19 20:25:00,7.480000019073486,7.485000133514404,7.460000038146973,7.465000152587891,22502
2026-02-19 20:30:00,7.465000152587891,7.474999904632568,7.463500022888184,7.465000152587891,23162
2026-02-19 20:35:00,7.465000152587891,7.494999885559082,7.460100173950195,7.494999885559082,22580
2026-02-19 20:40:00,7.494999885559082,7.5,7.480000019073486,7.494999885559082,38787
2026-02-19 20:45:00,7.494999885559082,7.510000228881836,7.489999771118164,7.510000228881836,25938
2026-02-19 20:50:00,7.505000114440918,7.514999866485596,7.489999771118164,7.5,151272
2026-02-19 20:55:00,7.505000114440918,7.510000228881836,7.454999923706055,7.5,215269
2026-02-20 14:30:00,7.480000019073486,7.53000020980835,7.452000141143799,7.519999980926514,65633
2026-02-20 14:35:00,7.525000095367432,7.579999923706055,7.514999866485596,7.579999923706055,56006
2026-02-20 14:40:00,7.574999809265137,7.590000152587891,7.53000020980835,7.550000190734863,36946
2026-02-20 14:45:00,7.549600124359131,7.579999923706055,7.539999961853027,7.539999961853027,12731
2026-02-20 14:50:00,7.534999847412109,7.585000038146973,7.534999847412109,7.565000057220459,20891
2026-02-20 14:55:00,7.559999942779541,7.574999809265137,7.550000190734863,7.574999809265137,10776
2026-02-20 15:00:00,7.579999923706055,7.849999904632568,7.574999809265137,7.804999828338623,249401
2026-02-20 15:05:00,7.809999942779541,7.815000057220459,7.710000038146973,7.739999771118164,121061
2026-02-20 15:10:00,7.75,7.78000020980835,7.670000076293945,7.70989990234375,85496
2026-02-20 15:15:00,7.699999809265137,7.789999961853027,7.690000057220459,7.764999866485596,68018
2026-02-20 15:20:00,7.769299983978271,7.789999961853027,7.744999885559082,7.755000114440918,38418
2026-02-20 15:25:00,7.75,7.789999961853027,7.730000019073486,7.775000095367432,80876
2026-02-20 15:30:00,7.775000095367432,7.78000020980835,7.704999923706055,7.715000152587891,129172
2026-02-20 15:35:00,7.715000152587891,7.724999904632568,7.699999809265137,7.699999809265137,26853
2026-02-20 15:40:00,7.699999809265137,7.699999809265137,7.639999866485596,7.650000095367432,27630
2026-02-20 15:45:00,7.650000095367432,7.690000057220459,7.650000095367432,7.675000190734863,72465
2026-02-20 15:50:00,7.676799774169922,7.704999923706055,7.659999847412109,7.698699951171875,58093
2026-02-20 15:55:00,7.695000171661377,7.715000152587891,7.679999828338623,7.690000057220459,45761
2026-02-20 16:00:00,7.695000171661377,7.704999923706055,7.673500061035156,7.699999809265137,27806
2026-02-20 16:05:00,7.695000171661377,7.695000171661377,7.65500020980835,7.65500020980835,38376
2026-02-20 16:10:00,7.650700092315674,7.679999828338623,7.650000095367432,7.658999919891357,12027
2026-02-20 16:15:00,7.65500020980835,7.65500020980835,7.599999904632568,7.635000228881836,81291
2026-02-20 16:20:00,7.638999938964844,7.659999847412109,7.635000228881836,7.650000095367432,44527
2026-02-20 16:25:00,7.650000095367432,7.656599998474121,7.631100177764893,7.636499881744385,17999
2026-02-20 16:30:00,7.630000114440918,7.639999866485596,7.625,7.635000228881836,23742
2026-02-20 16:35:00,7.633500099182129,7.644999980926514,7.610099792480469,7.619999885559082,58697
2026-02-20 16:40:00,7.620299816131592,7.638000011444092,7.614999771118164,7.630000114440918,13940
2026-02-20 16:45:00,7.625,7.635000228881836,7.610000133514404,7.625,24787
2026-02-20 16:50:00,7.619999885559082,7.639999866485596,7.619999885559082,7.635000228881836,10850
2026-02-20 16:55:00,7.632800102233887,7.639999866485596,7.619999885559082,7.619999885559082,25045
2026-02-20 17:00:00,7.621500015258789,7.625,7.590000152587891,7.59499979019165,34645
2026-02-20 17:05:00,7.590000152587891,7.59499979019165,7.579999923706055,7.585000038146973,24213
2026-02-20 17:10:00,7.579999923706055,7.585000038146973,7.570000171661377,7.579999923706055,20951
2026-02-20 17:15:00,7.570000171661377,7.570000171661377,7.525000095367432,7.539299964904785,28418
2026-02-20 17:20:00,7.534999847412109,7.559999942779541,7.534500122070312,7.554999828338623,48424
2026-02-20 17:25:00,7.565000057220459,7.590000152587891,7.554999828338623,7.570000171661377,56414
2026-02-20 17:30:00,7.570000171661377,7.585000038146973,7.561800003051758,7.585000038146973,24758
2026-02-20 17:35:00,7.585000038146973,7.59499979019165,7.539999961853027,7.579999923706055,215597
2026-02-20 17:40:00,7.585000038146973,7.590000152587891,7.570000171661377,7.585000038146973,22896
2026-02-20 17:45:00,7.585000038146973,7.630099773406982,7.585000038146973,7.630099773406982,19008
2026-02-20 17:50:00,7.630000114440918,7.644999980926514,7.625,7.644999980926514,33676
2026-02-20 17:55:00,7.639999866485596,7.657999992370605,7.625,7.65500020980835,24752
2026-02-20 18:00:00,7.651999950408935,7.670000076293945,7.650000095367432,7.654300212860107,32666
2026-02-20 18:05:00,7.65500020980835,7.664999961853027,7.635000228881836,7.635000228881836,30859
2026-02-20 18:10:00,7.63100004196167,7.644999980926514,7.630000114440918,7.644999980926514,17249
2026-02-20 18:15:00,7.644999980926514,7.675000190734863,7.644999980926514,7.675000190734863,56731
2026-02-20 18:20:00,7.6707000732421875,7.679999828338623,7.638500213623047,7.659999847412109,56587
2026-02-20 18:25:00,7.664999961853027,7.675000190734863,7.662099838256836,7.675000190734863,10788
2026-02-20 18:30:00,7.675000190734863,7.724999904632568,7.670000076293945,7.704999923706055,51083
2026-02-20 18:35:00,7.699999809265137,7.715000152587891,7.659999847412109,7.699999809265137,75655
2026-02-20 18:40:00,7.704999923706055,7.769999980926514,7.704999923706055,7.769999980926514,44999
2026-02-20 18:45:00,7.764999866485596,7.789999961853027,7.7600998878479,7.789999961853027,34782
2026-02-20 18:50:00,7.789999961853027,7.820000171661377,7.769999980926514,7.820000171661377,73642
2026-02-20 18:55:00,7.829999923706055,7.829999923706055,7.804999828338623,7.824999809265137,44523
2026-02-20 19:00:00,7.824999809265137,7.835000038146973,7.810999870300293,7.815000057220459,27064
2026-02-20 19:05:00,7.815000057220459,7.829999923706055,7.804999828338623,7.815000057220459,36598
2026-02-20 19:10:00,7.815000057220459,7.81820011138916,7.795000076293945,7.799300193786621,17453
2026-02-20 19:15:00,7.795000076293945,7.800000190734863,7.78000020980835,7.78000020980835,15106
2026-02-20 19:20:00,7.784999847412109,7.8084001541137695,7.78000020980835,7.80620002746582,54192
2026-02-20 19:25:00,7.809999942779541,7.809999942779541,7.784999847412109,7.799600124359131,88826
2026-02-20 19:30:00,7.795000076293945,7.820000171661377,7.795000076293945,7.820000171661377,49102
2026-02-20 19:35:00,7.820000171661377,7.840000152587891,7.814499855041504,7.820000171661377,30834
2026-02-20 19:40:00,7.824999809265137,7.829999923706055,7.809999942779541,7.817999839782715,13804
2026-02-20 19:45:00,7.815000057220459,7.816299915313721,7.804999828338623,7.815000057220459,21098
2026-02-20 19:50:00,7.815000057220459,7.835000038146973,7.815000057220459,7.829999923706055,21610
2026-02-20 19:55:00,7.824999809265137,7.826000213623047,7.800000190734863,7.826000213623047,65943
2026-02-20 20:00:00,7.824999809265137,7.840000152587891,7.824999809265137,7.840000152587891,35177
2026-02-20 20:05:00,7.840000152587891,7.875100135803223,7.840000152587891,7.86899995803833,111947
2026-02-20 20:10:00,7.867489814758301,7.880000114440918,7.851900100708008,7.875,107807
2026-02-20 20:15:00,7.871399879455566,7.875,7.855000019073486,7.864999771118164,43519
2026-02-20 20:20:00,7.864999771118164,7.889999866485596,7.864999771118164,7.885000228881836,43876
2026-02-20 20:25:00,7.889999866485596,7.889999866485596,7.871200084686279,7.875,62656
2026-02-20 20:30:00,7.880000114440918,7.889999866485596,7.860000133514404,7.869900226593018,41496
2026-02-20 20:35:00,7.869999885559082,7.875,7.8607001304626465,7.864999771118164,44026
2026-02-20 20:40:00,7.860000133514404,7.875,7.849999904632568,7.875,116060
2026-02-20 20:45:00,7.875,7.887400150299072,7.864999771118164,7.870100021362305,118631
2026-02-20 20:50:00,7.875,7.889900207519531,7.860000133514404,7.885000228881836,64728
2026-02-20 20:55:00,7.885000228881836,7.906700134277344,7.869999885559082,7.885000228881836,250857
2026-02-23 14:30:00,7.829999923706055,7.829999923706055,7.71999979019165,7.764999866485596,88901
2026-02-23 14:35:00,7.75,7.796000003814697,7.739999771118164,7.769999980926514,46073
2026-02-23 14:40:00,7.760000228881836,7.760000228881836,7.670000076293945,7.695000171661377,52304
2026-02-23 14:45:00,7.690000057220459,7.706200122833252,7.630000114440918,7.639999866485596,62344
2026-02-23 14:50:00,7.650000095367432,7.667399883270264,7.619999885559082,7.625,22813
2026-02-23 14:55:00,7.637800216674805,7.639999866485596,7.599999904632568,7.610000133514404,39109
2026-02-23 15:00:00,7.599999904632568,7.619999885559082,7.559800148010254,7.565000057220459,55953
2026-02-23 15:05:00,7.559999942779541,7.559999942779541,7.53000020980835,7.53000020980835,41039
2026-02-23 15:10:00,7.539999961853027,7.539999961853027,7.460000038146973,7.460700035095215,53554
2026-02-23 15:15:00,7.460000038146973,7.46999979019165,7.440000057220459,7.445000171661377,63208
2026-02-23 15:20:00,7.445000171661377,7.5,7.440000057220459,7.480000019073486,58305
2026-02-23 15:25:00,7.46999979019165,7.46999979019165,7.449999809265137,7.46999979019165,16085
2026-02-23 15:30:00,7.474999904632568,7.5,7.460000038146973,7.480000019073486,52284
2026-02-23 15:35:00,7.460000038146973,7.482800006866455,7.460000038146973,7.480000019073486,15519
2026-02-23 15:40:00,7.483099937438965,7.483099937438965,7.445000171661377,7.449999809265137,26264
2026-02-23 15:45:00,7.453299999237059,7.46999979019165,7.449999809265137,7.460000038146973,42405
2026-02-23 15:50:00,7.460000038146973,7.510000228881836,7.460000038146973,7.510000228881836,41123
2026-02-23 15:55:00,7.5,7.53000020980835,7.494999885559082,7.526999950408935,68630
2026-02-23 16:00:00,7.53000020980835,7.545000076293945,7.505000114440918,7.519999980926514,74777
2026-02-23 16:05:00,7.525000095367432,7.525000095367432,7.460000038146973,7.474999904632568,99733
2026-02-23 16:10:00,7.474999904632568,7.485000133514404,7.474999904632568,7.478600025177002,7122
2026-02-23 16:15:00,7.474999904632568,7.494999885559082,7.46999979019165,7.49399995803833,19613
2026-02-23 16:20:00,7.489999771118164,7.5,7.474999904632568,7.481100082397461,35460
2026-02-23 16:25:00,7.485000133514404,7.489999771118164,7.46999979019165,7.479000091552734,26480
2026-02-23 16:30:00,7.485000133514404,7.485000133514404,7.452700138092041,7.465000152587891,37594
2026-02-23 16:35:00,7.460000038146973,7.46999979019165,7.454999923706055,7.460000038146973,16925
2026-02-23 16:40:00,7.460000038146973,7.460000038146973,7.449999809265137,7.449999809265137,13611
2026-02-23 16:45:00,7.449999809265137,7.456799983978271,7.434999942779541,7.446499824523926,53552
2026-02-23 16:50:00,7.440800189971924,7.454999923706055,7.440100193023682,7.440100193023682,19262
2026-02-23 16:55:00,7.445000171661377,7.454999923706055,7.429999828338623,7.454999923706055,18464
2026-02-23 17:00:00,7.454999923706055,7.459000110626221,7.440299987792969,7.445000171661377,18552
2026-02-23 17:05:00,7.449999809265137,7.454999923706055,7.434999942779541,7.434999942779541,12071
2026-02-23 17:10:00,7.434999942779541,7.434999942779541,7.411300182342529,7.411300182342529,59174
2026-02-23 17:15:00,7.414999961853027,7.420000076293945,7.410099983215332,7.414999961853027,9366
2026-02-23 17:20:00,7.414999961853027,7.414999961853027,7.394999980926514,7.400000095367432,50551
2026-02-23 17:25:00,7.40500020980835,7.429999828338623,7.404699802398682,7.410099983215332,32088
2026-02-23 17:30:00,7.410299777984619,7.411399841308594,7.400000095367432,7.400000095367432,26202
2026-02-23 17:35:00,7.400000095367432,7.409999847412109,7.389999866485596,7.400000095367432,28433
2026-02-23 17:40:00,7.394999980926514,7.409999847412109,7.394999980926514,7.402493000030518,19690
2026-02-23 17:45:00,7.400000095367432,7.409999847412109,7.394999980926514,7.409999847412109,21111
2026-02-23 17:50:00,7.40500020980835,7.420000076293945,7.40500020980835,7.419899940490723,19226
2026-02-23 17:55:00,7.414999961853027,7.434999942779541,7.413400173187256,7.429999828338623,26108
2026-02-23 18:00:00,7.434999942779541,7.440000057220459,7.434000015258789,7.440000057220459,16040
2026-02-23 18:05:00,7.440000057220459,7.449999809265137,7.440000057220459,7.449999809265137,7460
2026-02-23 18:10:00,7.449999809265137,7.454999923706055,7.449999809265137,7.454999923706055,13765
2026-02-23 18:15:00,7.454999923706055,7.454999923706055,7.445000171661377,7.445000171661377,36085
2026-02-23 18:20:00,7.445000171661377,7.46999979019165,7.445000171661377,7.46999979019165,13439
2026-02-23 18:25:00,7.46999979019165,7.505000114440918,7.465099811553955,7.501100063323975,17038
2026-02-23 18:30:00,7.505000114440918,7.505000114440918,7.474999904632568,7.500100135803223,39565
2026-02-23 18:35:00,7.503300189971924,7.514999866485596,7.485000133514404,7.485000133514404,33870
2026-02-23 18:40:00,7.480100154876709,7.485499858856201,7.474999904632568,7.480000019073486,10524
2026-02-23 18:45:00,7.480000019073486,7.493100166320801,7.480000019073486,7.491000175476074,23465
2026-02-23 18:50:00,7.494999885559082,7.494999885559082,7.480000019073486,7.480000019073486,11642
2026-02-23 18:55:00,7.474999904632568,7.4770002365112305,7.460000038146973,7.465000152587891,15083
2026-02-23 19:00:00,7.465000152587891,7.46999979019165,7.460000038146973,7.460000038146973,6873
2026-02-23 19:05:00,7.465000152587891,7.489999771118164,7.460000038146973,7.481800079345703,30032
2026-02-23 19:10:00,7.485000133514404,7.489999771118164,7.472899913787842,7.485000133514404,14711
2026-02-23 19:15:00,7.485000133514404,7.489999771118164,7.480000019073486,7.480000019073486,9257
2026-02-23 19:20:00,7.480999946594238,7.485000133514404,7.46999979019165,7.474999904632568,7833
2026-02-23 19:25:00,7.47790002822876,7.47790002822876,7.449999809265137,7.449999809265137,13849
2026-02-23 19:30:00,7.454999923706055,7.485000133514404,7.449999809265137,7.485000133514404,22020
2026-02-23 19:35:00,7.480000019073486,7.5,7.480000019073486,7.5,8284
2026-02-23 19:40:00,7.5,7.510000228881836,7.5,7.510000228881836,5941
2026-02-23 19:45:00,7.505000114440918,7.534999847412109,7.505000114440918,7.525000095367432,26022
2026-02-23 19:50:00,7.525000095367432,7.53000020980835,7.525000095367432,7.525000095367432,4240
2026-02-23 19:55:00,7.525000095367432,7.53000020980835,7.510000228881836,7.510000228881836,34887
2026-02-23 20:00:00,7.505000114440918,7.519999980926514,7.505000114440918,7.510000228881836,7075
2026-02-23 20:05:00,7.514999866485596,7.514999866485596,7.5,7.505000114440918,15172
2026-02-23 20:10:00,7.505000114440918,7.516499996185303,7.480000019073486,7.485000133514404,28136
2026-02-23 20:15:00,7.485000133514404,7.494999885559082,7.485000133514404,7.494999885559082,13646
2026-02-23 20:20:00,7.489999771118164,7.489999771118164,7.474999904632568,7.480000019073486,20962
2026-02-23 20:25:00,7.480000019073486,7.489999771118164,7.474999904632568,7.485000133514404,36403
2026-02-23 20:30:00,7.489999771118164,7.5,7.489999771118164,7.494999885559082,17658
2026-02-23 20:35:00,7.494999885559082,7.514999866485596,7.494999885559082,7.505000114440918,49466
2026-02-23 20:40:00,7.505000114440918,7.505000114440918,7.489999771118164,7.505000114440918,20589
2026-02-23 20:45:00,7.505000114440918,7.510000228881836,7.5,7.505000114440918,16077
2026-02-23 20:50:00,7.505000114440918,7.505000114440918,7.474999904632568,7.485000133514404,85673
2026-02-23 20:55:00,7.484499931335449,7.494999885559082,7.440000057220459,7.445000171661377,259059
2026-02-24 14:30:00,7.449999809265137,7.46999979019165,7.400000095367432,7.420000076293945,99090
2026-02-24 14:35:00,7.429999828338623,7.429999828338623,7.315000057220459,7.324999809265137,107862
2026-02-24 14:40:00,7.329999923706055,7.329999923706055,7.25,7.300000190734863,76442
2026-02-24 14:45:00,7.300000190734863,7.385000228881836,7.289999961853027,7.360000133514404,142760
2026-02-24 14:50:00,7.369999885559082,7.389999866485596,7.362299919128418,7.389699935913086,28046
2026-02-24 14:55:00,7.385000228881836,7.385000228881836,7.340000152587891,7.360000133514404,29632
2026-02-24 15:00:00,7.364999771118164,7.429999828338623,7.364999771118164,7.409999847412109,90528
2026-02-24 15:05:00,7.420000076293945,7.465000152587891,7.420000076293945,7.465000152587891,29217
2026-02-24 15:10:00,7.465000152587891,7.46999979019165,7.434999942779541,7.440000057220459,27825
2026-02-24 15:15:00,7.445000171661377,7.489999771118164,7.440000057220459,7.489999771118164,30067
2026-02-24 15:20:00,7.494999885559082,7.5,7.46999979019165,7.483399868011475,23277
2026-02-24 15:25:00,7.485000133514404,7.494999885559082,7.460000038146973,7.4899001121521,21908
2026-02-24 15:30:00,7.489999771118164,7.5,7.469900131225586,7.469900131225586,13236
2026-02-24 15:35:00,7.465000152587891,7.485000133514404,7.460000038146973,7.480000019073486,14230
2026-02-24 15:40:00,7.474999904632568,7.489999771118164,7.469699859619141,7.480000019073486,16591
2026-02-24 15:45:00,7.485000133514404,7.505000114440918,7.485000133514404,7.505000114440918,23709
2026-02-24 15:50:00,7.505000114440918,7.506800174713135,7.489999771118164,7.489999771118164,23239
2026-02-24 15:55:00,7.489999771118164,7.514999866485596,7.480000019073486,7.505000114440918,16093
2026-02-24 16:00:00,7.510000228881836,7.514999866485596,7.5,7.505499839782715,8840
2026-02-24 16:05:00,7.5,7.510000228881836,7.494999885559082,7.494999885559082,20061
2026-02-24 16:10:00,7.489999771118164,7.5,7.489999771118164,7.494999885559082,25905
2026-02-24 16:15:00,7.499899864196777,7.505000114440918,7.480000019073486,7.494999885559082,24456
2026-02-24 16:20:00,7.499000072479248,7.505000114440918,7.489999771118164,7.491700172424316,7869
2026-02-24 16:25:00,7.494999885559082,7.494999885559082,7.480000019073486,7.485000133514404,7619
2026-02-24 16:30:00,7.485000133514404,7.485000133514404,7.429999828338623,7.445000171661377,19594
2026-02-24 16:35:00,7.447000026702881,7.460000038146973,7.445000171661377,7.449999809265137,26138
2026-02-24 16:40:00,7.445000171661377,7.46999979019165,7.445000171661377,7.454999923706055,35294
2026-02-24 16:45:00,7.458600044250488,7.465000152587891,7.454999923706055,7.456799983978271,13095
2026-02-24 16:50:00,7.454999923706055,7.46999979019165,7.453100204467773,7.4629998207092285,22670
2026-02-24 16:55:00,7.465000152587891,7.485899925231934,7.465000152587891,7.485899925231934,7141
2026-02-24 17:00:00,7.485000133514404,7.489999771118164,7.480000019073486,7.485000133514404,5037
2026-02-24 17:05:00,7.489999771118164,7.5,7.474999904632568,7.480100154876709,38604
2026-02-24 17:10:00,7.485000133514404,7.485000133514404,7.46999979019165,7.480000019073486,5741
2026-02-24 17:15:00,7.480000019073486,7.485000133514404,7.46999979019165,7.474999904632568,18154
2026-02-24 17:20:00,7.480000019073486,7.480000019073486,7.470099925994873,7.474999904632568,7392
2026-02-24 17:25:00,7.474999904632568,7.494999885559082,7.474999904632568,7.491499900817871,6311
2026-02-24 17:30:00,7.489999771118164,7.5,7.489999771118164,7.49399995803833,12191
2026-02-24 17:35:00,7.489999771118164,7.490099906921387,7.46999979019165,7.4832000732421875,24551
2026-02-24 17:40:00,7.480000019073486,7.480000019073486,7.474999904632568,7.479700088500977,9205
2026-02-24 17:45:00,7.47569990158081,7.47569990158081,7.465000152587891,7.46999979019165,11124
2026-02-24 17:50:00,7.46999979019165,7.480000019073486,7.465000152587891,7.474999904632568,8249
2026-02-24 17:55:00,7.474999904632568,7.480000019073486,7.474999904632568,7.474999904632568,2107
2026-02-24 18:00:00,7.46999979019165,7.489999771118164,7.460000038146973,7.489999771118164,16670
2026-02-24 18:05:00,7.5,7.5,7.474999904632568,7.474999904632568,12788
2026-02-24 18:10:00,7.474999904632568,7.474999904632568,7.46999979019165,7.474999904632568,3699
2026-02-24 18:15:00,7.474999904632568,7.480100154876709,7.474999904632568,7.474999904632568,9767
2026-02-24 18:20:00,7.479000091552734,7.485000133514404,7.474999904632568,7.474999904632568,8100
2026-02-24 18:25:00,7.480000019073486,7.485000133514404,7.474999904632568,7.480000019073486,3656
2026-02-24 18:30:00,7.485000133514404,7.494999885559082,7.485000133514404,7.490099906921387,1944
2026-02-24 18:35:00,7.489999771118164,7.5,7.489999771118164,7.494999885559082,8105
2026-02-24 18:40:00,7.5,7.519999980926514,7.5,7.510000228881836,18076
2026-02-24 18:45:00,7.514999866485596,7.545000076293945,7.514999866485596,7.541399955749512,20217
2026-02-24 18:50:00,7.545000076293945,7.559999942779541,7.545000076293945,7.550000190734863,4484
2026-02-24 18:55:00,7.557400226593018,7.570000171661377,7.514999866485596,7.514999866485596,29201
2026-02-24 19:00:00,7.514999866485596,7.539999961853027,7.505000114440918,7.534999847412109,12770
2026-02-24 19:05:00,7.531199932098389,7.534999847412109,7.505000114440918,7.510000228881836,15449
2026-02-24 19:10:00,7.505000114440918,7.505000114440918,7.5,7.5,5115
2026-02-24 19:15:00,7.5,7.510000228881836,7.489999771118164,7.489999771118164,45045
2026-02-24 19:20:00,7.494999885559082,7.494999885559082,7.485000133514404,7.490099906921387,11637
2026-02-24 19:25:00,7.5,7.5,7.474999904632568,7.480000019073486,25429
2026-02-24 19:30:00,7.485000133514404,7.485000133514404,7.485000133514404,7.485000133514404,4423
2026-02-24 19:35:00,7.485000133514404,7.510000228881836,7.485000133514404,7.505000114440918,11347
2026-02-24 19:40:00,7.505000114440918,7.510000228881836,7.50439977645874,7.510000228881836,7758
2026-02-24 19:45:00,7.519999980926514,7.53000020980835,7.514999866485596,7.525000095367432,10357
2026-02-24 19:50:00,7.525000095367432,7.539999961853027,7.525000095367432,7.539999961853027,11609
2026-02-24 19:55:00,7.534999847412109,7.550000190734863,7.53000020980835,7.539999961853027,25324
2026-02-24 20:00:00,7.545000076293945,7.554999828338623,7.539999961853027,7.554999828338623,23102
2026-02-24 20:05:00,7.550000190734863,7.554999828338623,7.541100025177002,7.545000076293945,10394
2026-02-24 20:10:00,7.539999961853027,7.559999942779541,7.539999961853027,7.559999942779541,14625
2026-02-24 20:15:00,7.559999942779541,7.559999942779541,7.550000190734863,7.554999828338623,7900
2026-02-24 20:20:00,7.554999828338623,7.559999942779541,7.550000190734863,7.550000190734863,16383
2026-02-24 20:25:00,7.552599906921387,7.559999942779541,7.53000020980835,7.534999847412109,49948
2026-02-24 20:30:00,7.534999847412109,7.559999942779541,7.53000020980835,7.554999828338623,23474
2026-02-24 20:35:00,7.554999828338623,7.570000171661377,7.554999828338623,7.570000171661377,20954
2026-02-24 20:40:00,7.565000057220459,7.570000171661377,7.559999942779541,7.565000057220459,15999
2026-02-24 20:45:00,7.565000057220459,7.579999923706055,7.550000190734863,7.554999828338623,41550
2026-02-24 20:50:00,7.550000190734863,7.559999942779541,7.525000095367432,7.525000095367432,78439
2026-02-24 20:55:00,7.525000095367432,7.550000190734863,7.519999980926514,7.545000076293945,111813
2026-02-25 14:30:00,7.550000190734863,7.641499996185303,7.510000228881836,7.639999866485596,70290
2026-02-25 14:35:00,7.630000114440918,7.635000228881836,7.560200214385986,7.599999904632568,25146
2026-02-25 14:40:00,7.608799934387207,7.614999771118164,7.570000171661377,7.590000152587891,25181
2026-02-25 14:45:00,7.579999923706055,7.579999923706055,7.519999980926514,7.53000020980835,28892
2026-02-25 14:50:00,7.53000020980835,7.53000020980835,7.474999904632568,7.489999771118164,29389
2026-02-25 14:55:00,7.489999771118164,7.494999885559082,7.480000019073486,7.489999771118164,24409
2026-02-25 15:00:00,7.489999771118164,7.53000020980835,7.480100154876709,7.525000095367432,19712
2026-02-25 15:05:00,7.525000095367432,7.525000095367432,7.498600006103516,7.510000228881836,16770
2026-02-25 15:10:00,7.510000228881836,7.510000228881836,7.489399909973144,7.494999885559082,21164
2026-02-25 15:15:00,7.499899864196777,7.53000020980835,7.480000019073486,7.519999980926514,24164
2026-02-25 15:20:00,7.510000228881836,7.516300201416016,7.494999885559082,7.494999885559082,8279
2026-02-25 15:25:00,7.495500087738037,7.519999980926514,7.485000133514404,7.494999885559082,39324
2026-02-25 15:30:00,7.5,7.5,7.465000152587891,7.465000152587891,24184
2026-02-25 15:35:00,7.460000038146973,7.465000152587891,7.449999809265137,7.454999923706055,20103
2026-02-25 15:40:00,7.449999809265137,7.46999979019165,7.449999809265137,7.460000038146973,21146
2026-02-25 15:45:00,7.460000038146973,7.465000152587891,7.434999942779541,7.434999942779541,31619
2026-02-25 15:50:00,7.440000057220459,7.454999923706055,7.434999942779541,7.440000057220459,20150
2026-02-25 15:55:00,7.449999809265137,7.465000152587891,7.449999809265137,7.460000038146973,20610
2026-02-25 16:00:00,7.460000038146973,7.475500106811523,7.439899921417236,7.440000057220459,22377
2026-02-25 16:05:00,7.434999942779541,7.454999923706055,7.434999942779541,7.453499794006348,17751
2026-02-25 16:10:00,7.454999923706055,7.454999923706055,7.429999828338623,7.434999942779541,23757
2026-02-25 16:15:00,7.434999942779541,7.440000057220459,7.429999828338623,7.434999942779541,13803
2026-02-25 16:20:00,7.440000057220459,7.454999923706055,7.434999942779541,7.454999923706055,15630
2026-02-25 16:25:00,7.454999923706055,7.480000019073486,7.450099945068359,7.474999904632568,8572
2026-02-25 16:30:00,7.480000019073486,7.489999771118164,7.474999904632568,7.480000019073486,18965
2026-02-25 16:35:00,7.474999904632568,7.479800224304199,7.46999979019165,7.473400115966797,3248
2026-02-25 16:40:00,7.474999904632568,7.480000019073486,7.46999979019165,7.480000019073486,2603
2026-02-25 16:45:00,7.474999904632568,7.480000019073486,7.46999979019165,7.46999979019165,4822
2026-02-25 16:50:00,7.474999904632568,7.474999904632568,7.449999809265137,7.449999809265137,22987
2026-02-25 16:55:00,7.449999809265137,7.454999923706055,7.445000171661377,7.445000171661377,5431
2026-02-25 17:00:00,7.440000057220459,7.465000152587891,7.440000057220459,7.465000152587891,20802
2026-02-25 17:05:00,7.465000152587891,7.46999979019165,7.454999923706055,7.460000038146973,18128
2026-02-25 17:10:00,7.460000038146973,7.46999979019165,7.454999923706055,7.460000038146973,18956
2026-02-25 17:15:00,7.454999923706055,7.454999923706055,7.450099945068359,7.454999923706055,4045
2026-02-25 17:20:00,7.454999923706055,7.45550012588501,7.449999809265137,7.45550012588501,3171
2026-02-25 17:25:00,7.450099945068359,7.450099945068359,7.420000076293945,7.425000190734863,30343
2026-02-25 17:30:00,7.425000190734863,7.429999828338623,7.414999961853027,7.414999961853027,12887
2026-02-25 17:35:00,7.414199829101562,7.429999828338623,7.409999847412109,7.425000190734863,23512
2026-02-25 17:40:00,7.420000076293945,7.42710018157959,7.420000076293945,7.422500133514404,9125
2026-02-25 17:45:00,7.420000076293945,7.425000190734863,7.414999961853027,7.414999961853027,23263
2026-02-25 17:50:00,7.420000076293945,7.425000190734863,7.409999847412109,7.418600082397461,16359
2026-02-25 17:55:00,7.420000076293945,7.425000190734863,7.414999961853027,7.419899940490723,9338
2026-02-25 18:00:00,7.420000076293945,7.420000076293945,7.409999847412109,7.414999961853027,3760
2026-02-25 18:05:00,7.409999847412109,7.425000190734863,7.409999847412109,7.414999961853027,11396
2026-02-25 18:10:00,7.414999961853027,7.414999961853027,7.400000095367432,7.400000095367432,11258
2026-02-25 18:15:00,7.400000095367432,7.400000095367432,7.375,7.385000228881836,32317
2026-02-25 18:20:00,7.380000114440918,7.380000114440918,7.375,7.375,9518
2026-02-25 18:25:00,7.375,7.388599872589111,7.369999885559082,7.385000228881836,14186
2026-02-25 18:30:00,7.389900207519531,7.389900207519531,7.380000114440918,7.380000114440918,2121
2026-02-25 18:35:00,7.385000228881836,7.388700008392334,7.375,7.385000228881836,14795
2026-02-25 18:40:00,7.385000228881836,7.389999866485596,7.375,7.380000114440918,12654
2026-02-25 18:45:00,7.3755998611450195,7.3755998611450195,7.375,7.375,3869
2026-02-25 18:50:00,7.375,7.375,7.369999885559082,7.375,3264
2026-02-25 18:55:00,7.375,7.375,7.361400127410889,7.364999771118164,10463
2026-02-25 19:00:00,7.360000133514404,7.368899822235107,7.360000133514404,7.364999771118164,9259
2026-02-25 19:05:00,7.360199928283691,7.364999771118164,7.34499979019165,7.349999904632568,15712
2026-02-25 19:10:00,7.355000019073486,7.355000019073486,7.329999923706055,7.335000038146973,24179
2026-02-25 19:15:00,7.335000038146973,7.335000038146973,7.320000171661377,7.331099987030029,17739
2026-02-25 19:20:00,7.329999923706055,7.355000019073486,7.324999809265137,7.340000152587891,22898
2026-02-25 19:25:00,7.340000152587891,7.355000019073486,7.340000152587891,7.34499979019165,24153
2026-02-25 19:30:00,7.349999904632568,7.349999904632568,7.335000038146973,7.34499979019165,16581
2026-02-25 19:35:00,7.349999904632568,7.360000133514404,7.349999904632568,7.355000019073486,9144
2026-02-25 19:40:00,7.349999904632568,7.355000019073486,7.349999904632568,7.355000019073486,5639
2026-02-25 19:45:00,7.355000019073486,7.360000133514404,7.351099967956543,7.355000019073486,13092
2026-02-25 19:50:00,7.355000019073486,7.375,7.355000019073486,7.364999771118164,23214
2026-02-25 19:55:00,7.364999771118164,7.365699768066406,7.360000133514404,7.364999771118164,8515
2026-02-25 20:00:00,7.364999771118164,7.376699924468994,7.360000133514404,7.376699924468994,11740
2026-02-25 20:05:00,7.375,7.375,7.364999771118164,7.364999771118164,5669
2026-02-25 20:10:00,7.364999771118164,7.376500129699707,7.364999771118164,7.375,10185
2026-02-25 20:15:00,7.375,7.375,7.343400001525879,7.34499979019165,10834
2026-02-25 20:20:00,7.34499979019165,7.355000019073486,7.340000152587891,7.34499979019165,14152
2026-02-25 20:25:00,7.34499979019165,7.34499979019165,7.320000171661377,7.324999809265137,25056
2026-02-25 20:30:00,7.320000171661377,7.375,7.320000171661377,7.37060022354126,36835
2026-02-25 20:35:00,7.369999885559082,7.400000095367432,7.369999885559082,7.385000228881836,26513
2026-02-25 20:40:00,7.389999866485596,7.389999866485596,7.375,7.375,13247
2026-02-25 20:45:00,7.369999885559082,7.385000228881836,7.364999771118164,7.375,51307
2026-02-25 20:50:00,7.369999885559082,7.400000095367432,7.364999771118164,7.369999885559082,69539
2026-02-25 20:55:00,7.369999885559082,7.380000114440918,7.360000133514404,7.364999771118164,227573
2026-02-26 14:30:00,7.400000095367432,7.46999979019165,7.380000114440918,7.449999809265137,51702
2026-02-26 14:35:00,7.474999904632568,7.5,7.440000057220459,7.489999771118164,40301
2026-02-26 14:40:00,7.480000019073486,7.485000133514404,7.454999923706055,7.454999923706055,21333
2026-02-26 14:45:00,7.449999809265137,7.454999923706055,7.434999942779541,7.451200008392334,14211
2026-02-26 14:50:00,7.460000038146973,7.488800048828125,7.449999809265137,7.465000152587891,30349
2026-02-26 14:55:00,7.474999904632568,7.480000019073486,7.460000038146973,7.46999979019165,9378
2026-02-26 15:00:00,7.46999979019165,7.480000019073486,7.460000038146973,7.480000019073486,21689
2026-02-26 15:05:00,7.46999979019165,7.474999904632568,7.449999809265137,7.460000038146973,31207
2026-02-26 15:10:00,7.460000038146973,7.494999885559082,7.460000038146973,7.485000133514404,20043
2026-02-26 15:15:00,7.480000019073486,7.494999885559082,7.460000038146973,7.474999904632568,42063
2026-02-26 15:20:00,7.46999979019165,7.474999904632568,7.445000171661377,7.454999923706055,8445
2026-02-26 15:25:00,7.454999923706055,7.5,7.449999809265137,7.489999771118164,75019
2026-02-26 15:30:00,7.489999771118164,7.510000228881836,7.474999904632568,7.480000019073486,92475
2026-02-26 15:35:00,7.480000019073486,7.505000114440918,7.480000019073486,7.5,80369
2026-02-26 15:40:00,7.5,7.5,7.482100009918213,7.5,74968
2026-02-26 15:45:00,7.5,7.534999847412109,7.5,7.525000095367432,170104
2026-02-26 15:50:00,7.525000095367432,7.559999942779541,7.519999980926514,7.539999961853027,29227
2026-02-26 15:55:00,7.539999961853027,7.559999942779541,7.539999961853027,7.554999828338623,28350
2026-02-26 16:00:00,7.554999828338623,7.561500072479248,7.534999847412109,7.534999847412109,23876
2026-02-26 16:05:00,7.534999847412109,7.534999847412109,7.519999980926514,7.519999980926514,11181
2026-02-26 16:10:00,7.519999980926514,7.519999980926514,7.494999885559082,7.505000114440918,8083
2026-02-26 16:15:00,7.505000114440918,7.505000114440918,7.449999809265137,7.449999809265137,9346
2026-02-26 16:20:00,7.454999923706055,7.454999923706055,7.434999942779541,7.440100193023682,10658
2026-02-26 16:25:00,7.440199851989746,7.449999809265137,7.429999828338623,7.445000171661377,15207
2026-02-26 16:30:00,7.440700054168701,7.449999809265137,7.425000190734863,7.425000190734863,11411
2026-02-26 16:35:00,7.429299831390381,7.429299831390381,7.409999847412109,7.414999961853027,14064
2026-02-26 16:40:00,7.409999847412109,7.409999847412109,7.389999866485596,7.409999847412109,15862
2026-02-26 16:45:00,7.40500020980835,7.449999809265137,7.40500020980835,7.442500114440918,19698
2026-02-26 16:50:00,7.440100193023682,7.456699848175049,7.440000057220459,7.454999923706055,5002
2026-02-26 16:55:00,7.460000038146973,7.473700046539307,7.454999923706055,7.470399856567383,17322
2026-02-26 17:00:00,7.46999979019165,7.485000133514404,7.46999979019165,7.485000133514404,7040
2026-02-26 17:05:00,7.485000133514404,7.489999771118164,7.480100154876709,7.485000133514404,4749
2026-02-26 17:10:00,7.485000133514404,7.494999885559082,7.46999979019165,7.46999979019165,22897
2026-02-26 17:15:00,7.465000152587891,7.465000152587891,7.450099945068359,7.45930004119873,8262
2026-02-26 17:20:00,7.454999923706055,7.460000038146973,7.434999942779541,7.434999942779541,5956
2026-02-26 17:25:00,7.436600208282471,7.436600208282471,7.420000076293945,7.420000076293945,25646
2026-02-26 17:30:00,7.425000190734863,7.433700084686279,7.414999961853027,7.433700084686279,43968
2026-02-26 17:35:00,7.429999828338623,7.429999828338623,7.414999961853027,7.420000076293945,9359
2026-02-26 17:40:00,7.420000076293945,7.429999828338623,7.420000076293945,7.425000190734863,9536
2026-02-26 17:45:00,7.425000190734863,7.429900169372559,7.422900199890137,7.425000190734863,5373
2026-02-26 17:50:00,7.425000190734863,7.425000190734863,7.409999847412109,7.420000076293945,25294
2026-02-26 17:55:00,7.420000076293945,7.420000076293945,7.414999961853027,7.414999961853027,2069
2026-02-26 18:00:00,7.409999847412109,7.409999847412109,7.394999980926514,7.394999980926514,14666
2026-02-26 18:05:00,7.398499965667725,7.400000095367432,7.3902997970581055,7.400000095367432,29694
2026-02-26 18:10:00,7.400000095367432,7.409999847412109,7.380000114440918,7.380000114440918,38463
2026-02-26 18:15:00,7.389999866485596,7.409999847412109,7.383200168609619,7.409999847412109,9326
2026-02-26 18:20:00,7.40500020980835,7.40500020980835,7.392799854278564,7.394999980926514,8513
2026-02-26 18:25:00,7.400000095367432,7.409999847412109,7.399899959564209,7.40500020980835,8956
2026-02-26 18:30:00,7.409999847412109,7.440000057220459,7.409999847412109,7.440000057220459,12015
2026-02-26 18:35:00,7.434999942779541,7.445000171661377,7.434999942779541,7.434999942779541,10785
2026-02-26 18:40:00,7.440000057220459,7.445000171661377,7.434999942779541,7.440000057220459,22170
2026-02-26 18:45:00,7.440000057220459,7.449999809265137,7.43149995803833,7.434999942779541,7050
2026-02-26 18:50:00,7.434999942779541,7.441199779510498,7.430699825286865,7.441199779510498,8184
2026-02-26 18:55:00,7.445000171661377,7.449999809265137,7.434999942779541,7.434999942779541,9012
2026-02-26 19:00:00,7.429999828338623,7.441500186920166,7.429999828338623,7.434999942779541,18990
2026-02-26 19:05:00,7.434999942779541,7.440000057220459,7.43149995803833,7.434999942779541,3747
2026-02-26 19:10:00,7.439400196075439,7.449999809265137,7.439400196075439,7.445000171661377,11187
2026-02-26 19:15:00,7.445000171661377,7.460000038146973,7.445000171661377,7.445000171661377,36145
2026-02-26 19:20:00,7.445000171661377,7.458899974822998,7.440000057220459,7.445000171661377,18347
2026-02-26 19:25:00,7.440000057220459,7.440000057220459,7.429999828338623,7.434999942779541,7975
2026-02-26 19:30:00,7.429999828338623,7.440000057220459,7.420000076293945,7.440000057220459,15622
2026-02-26 19:35:00,7.440000057220459,7.445000171661377,7.433300018310547,7.440000057220459,9692
2026-02-26 19:40:00,7.445000171661377,7.445000171661377,7.429999828338623,7.434999942779541,33898
2026-02-26 19:45:00,7.429999828338623,7.454999923706055,7.429999828338623,7.454999923706055,23091
2026-02-26 19:50:00,7.454999923706055,7.460000038146973,7.445000171661377,7.445000171661377,21654
2026-02-26 19:55:00,7.440000057220459,7.445000171661377,7.4334001541137695,7.434999942779541,37603
2026-02-26 20:00:00,7.434999942779541,7.445000171661377,7.434999942779541,7.434999942779541,32233
2026-02-26 20:05:00,7.434999942779541,7.434999942779541,7.414999961853027,7.414999961853027,19072
2026-02-26 20:10:00,7.420000076293945,7.429999828338623,7.416299819946289,7.425000190734863,12460
2026-02-26 20:15:00,7.425000190734863,7.429999828338623,7.40500020980835,7.409999847412109,25328
2026-02-26 20:20:00,7.414999961853027,7.434999942779541,7.410099983215332,7.414999961853027,32852
2026-02-26 20:25:00,7.420000076293945,7.429999828338623,7.400000095367432,7.40500020980835,21577
2026-02-26 20:30:00,7.400000095367432,7.40500020980835,7.389999866485596,7.394999980926514,24339
2026-02-26 20:35:00,7.394999980926514,7.414999961853027,7.389999866485596,7.390699863433838,45994
2026-02-26 20:40:00,7.394199848175049,7.394999980926514,7.389999866485596,7.394999980926514,14478
2026-02-26 20:45:00,7.394999980926514,7.409999847412109,7.389999866485596,7.394999980926514,77022
2026-02-26 20:50:00,7.394999980926514,7.40500020980835,7.380000114440918,7.394999980926514,85556
2026-02-26 20:55:00,7.394999980926514,7.400000095367432,7.380000114440918,7.380000114440918,204325
2026-02-27 14:30:00,7.28000020980835,7.28000020980835,7.190000057220459,7.190700054168701,98081
2026-02-27 14:35:00,7.190100193023682,7.204999923706055,7.159999847412109,7.179999828338623,40911
2026-02-27 14:40:00,7.159999847412109,7.159999847412109,7.131199836730957,7.144999980926514,55078
2026-02-27 14:45:00,7.139999866485596,7.139999866485596,7.079999923706055,7.098599910736084,45816
2026-02-27 14:50:00,7.090000152587891,7.110000133514404,7.079999923706055,7.105000019073486,49910
2026-02-27 14:55:00,7.099999904632568,7.099999904632568,7.070000171661377,7.074999809265137,40546
2026-02-27 15:00:00,7.070000171661377,7.079999923706055,7.039999961853027,7.059999942779541,32767
2026-02-27 15:05:00,7.059999942779541,7.119999885559082,7.059999942779541,7.110000133514404,52852
2026-02-27 15:10:00,7.105000019073486,7.159999847412109,7.105000019073486,7.130000114440918,41145
2026-02-27 15:15:00,7.125,7.136499881744385,7.110000133514404,7.130000114440918,24796
2026-02-27 15:20:00,7.135000228881836,7.15500020980835,7.119999885559082,7.139999866485596,13461
2026-02-27 15:25:00,7.135000228881836,7.150000095367432,7.130000114440918,7.150000095367432,58523
2026-02-27 15:30:00,7.144999980926514,7.150000095367432,7.119999885559082,7.14139986038208,33395
2026-02-27 15:35:00,7.144999980926514,7.15500020980835,7.139999866485596,7.150000095367432,16378
2026-02-27 15:40:00,7.15500020980835,7.1585001945495605,7.139999866485596,7.150000095367432,19542
2026-02-27 15:45:00,7.139999866485596,7.156899929046631,7.132900238037109,7.132900238037109,27567
2026-02-27 15:50:00,7.13670015335083,7.15500020980835,7.135000228881836,7.139999866485596,24944
2026-02-27 15:55:00,7.13070011138916,7.164999961853027,7.13070011138916,7.160600185394287,26021
2026-02-27 16:00:00,7.164999961853027,7.196800231933594,7.164999961853027,7.190100193023682,19410
2026-02-27 16:05:00,7.190000057220459,7.190000057220459,7.150000095367432,7.15500020980835,29503
2026-02-27 16:10:00,7.15500020980835,7.15500020980835,7.130000114440918,7.144999980926514,53269
2026-02-27 16:15:00,7.144999980926514,7.144999980926514,7.130000114440918,7.130300045013428,13578
2026-02-27 16:20:00,7.130000114440918,7.130000114440918,7.114999771118164,7.125,42313
2026-02-27 16:25:00,7.130000114440918,7.139999866485596,7.110000133514404,7.110000133514404,30300
2026-02-27 16:30:00,7.119800090789795,7.135499954223633,7.114999771118164,7.119999885559082,24801
2026-02-27 16:35:00,7.125500202178955,7.125500202178955,7.105000019073486,7.110099792480469,10123
2026-02-27 16:40:00,7.110000133514404,7.110000133514404,7.099999904632568,7.099999904632568,10079
2026-02-27 16:45:00,7.09499979019165,7.09499979019165,7.059999942779541,7.059999942779541,44028
2026-02-27 16:50:00,7.059999942779541,7.065000057220459,7.050000190734863,7.050000190734863,28065
2026-02-27 16:55:00,7.050000190734863,7.050000190734863,7.03000020980835,7.045000076293945,83390
2026-02-27 17:00:00,7.045000076293945,7.065000057220459,7.045000076293945,7.054999828338623,10511
2026-02-27 17:05:00,7.059999942779541,7.079999923706055,7.054999828338623,7.074999809265137,68353
2026-02-27 17:10:00,7.074999809265137,7.074999809265137,7.025000095367432,7.03000020980835,75661
2026-02-27 17:15:00,7.034999847412109,7.038599967956543,7.014999866485596,7.014999866485596,29423
2026-02-27 17:20:00,7.010000228881836,7.025000095367432,6.989999771118164,7.025000095367432,35370
2026-02-27 17:25:00,7.0229997634887695,7.039999961853027,7.019999980926514,7.039999961853027,13723
2026-02-27 17:30:00,7.034999847412109,7.079999923706055,7.034999847412109,7.079999923706055,25390
2026-02-27 17:35:00,7.070000171661377,7.099999904632568,7.070000171661377,7.090000152587891,7796
2026-02-27 17:40:00,7.090000152587891,7.109899997711182,7.074999809265137,7.105000019073486,28688
2026-02-27 17:45:00,7.099999904632568,7.114999771118164,7.09499979019165,7.114999771118164,20654
2026-02-27 17:50:00,7.114999771118164,7.114999771118164,7.09499979019165,7.09499979019165,12514
2026-02-27 17:55:00,7.09499979019165,7.130000114440918,7.09499979019165,7.130000114440918,19678
2026-02-27 18:00:00,7.125,7.135000228881836,7.114999771118164,7.114999771118164,8578
2026-02-27 18:05:00,7.114999771118164,7.144999980926514,7.105000019073486,7.130199909210205,20663
2026-02-27 18:10:00,7.130000114440918,7.142000198364258,7.130000114440918,7.135000228881836,4351
2026-02-27 18:15:00,7.135000228881836,7.15500020980835,7.135000228881836,7.144999980926514,56718
2026-02-27 18:20:00,7.150000095367432,7.159999847412109,7.125,7.130000114440918,71314
2026-02-27 18:25:00,7.130000114440918,7.144999980926514,7.125,7.144999980926514,21513
2026-02-27 18:30:00,7.139999866485596,7.142499923706055,7.119999885559082,7.135000228881836,15936
2026-02-27 18:35:00,7.130000114440918,7.130000114440918,7.105000019073486,7.114999771118164,21703
2026-02-27 18:40:00,7.110000133514404,7.114999771118164,7.105000019073486,7.110000133514404,17199
2026-02-27 18:45:00,7.110099792480469,7.114999771118164,7.100100040435791,7.105000019073486,17297
2026-02-27 18:50:00,7.105000019073486,7.132668972015381,7.105000019073486,7.132668972015381,11436
2026-02-27 18:55:00,7.130000114440918,7.130199909210205,7.110000133514404,7.110000133514404,18320
2026-02-27 19:00:00,7.114999771118164,7.125,7.114999771118164,7.119999885559082,6853
2026-02-27 19:05:00,7.119999885559082,7.130000114440918,7.106500148773193,7.114999771118164,15153
2026-02-27 19:10:00,7.114999771118164,7.119900226593018,7.110000133514404,7.110099792480469,2408
2026-02-27 19:15:00,7.114999771118164,7.114999771118164,7.090000152587891,7.09499979019165,22424
2026-02-27 19:20:00,7.099999904632568,7.110000133514404,7.094799995422363,7.110000133514404,8336
2026-02-27 19:25:00,7.105000019073486,7.125,7.105000019073486,7.110000133514404,12493
2026-02-27 19:30:00,7.110000133514404,7.110099792480469,7.09499979019165,7.09499979019165,21977
2026-02-27 19:35:00,7.09499979019165,7.119999885559082,7.09499979019165,7.114999771118164,14507
2026-02-27 19:40:00,7.114999771118164,7.114999771118164,7.099999904632568,7.101600170135498,8736
2026-02-27 19:45:00,7.107341766357422,7.110000133514404,7.09499979019165,7.09499979019165,21669
2026-02-27 19:50:00,7.090000152587891,7.100100040435791,7.090000152587891,7.100100040435791,9730
2026-02-27 19:55:00,7.099999904632568,7.099999904632568,7.079999923706055,7.079999923706055,8825
2026-02-27 20:00:00,7.085000038146973,7.125,7.085000038146973,7.119999885559082,16799
2026-02-27 20:05:00,7.119999885559082,7.119999885559082,7.099999904632568,7.114999771118164,19556
2026-02-27 20:10:00,7.114999771118164,7.199999809265137,7.114999771118164,7.199999809265137,60510
2026-02-27 20:15:00,7.199999809265137,7.21999979019165,7.193699836730957,7.21999979019165,45456
2026-02-27 20:20:00,7.215000152587891,7.230000019073486,7.199999809265137,7.230000019073486,37246
2026-02-27 20:25:00,7.230000019073486,7.239999771118164,7.210000038146973,7.210000038146973,54587
2026-02-27 20:30:00,7.204999923706055,7.239999771118164,7.204999923706055,7.230000019073486,47871
2026-02-27 20:35:00,7.229100227355957,7.230000019073486,7.210000038146973,7.215000152587891,75418
2026-02-27 20:40:00,7.215000152587891,7.239999771118164,7.214700222015381,7.224999904632568,70980
2026-02-27 20:45:00,7.229899883270264,7.230000019073486,7.199999809265137,7.199999809265137,75132
2026-02-27 20:50:00,7.199999809265137,7.230000019073486,7.195000171661377,7.224999904632568,115688
2026-02-27 20:55:00,7.230000019073486,7.25,7.21999979019165,7.235000133514404,230017
2026-03-02 14:30:00,6.949999809265137,7.057499885559082,6.929999828338623,7.010000228881836,149857
2026-03-02 14:35:00,7.010000228881836,7.070000171661377,7.010000228881836,7.039999961853027,29358
2026-03-02 14:40:00,7.039999961853027,7.059999942779541,7.010000228881836,7.010000228881836,7152
2026-03-02 14:45:00,7.03000020980835,7.065000057220459,7.03000020980835,7.03000020980835,18500
2026-03-02 14:50:00,7.03000020980835,7.050000190734863,7.014999866485596,7.025000095367432,42094
2026-03-02 14:55:00,7.019999980926514,7.059999942779541,7.010000228881836,7.050099849700928,59721
2026-03-02 15:00:00,7.054999828338623,7.139999866485596,7.034999847412109,7.130000114440918,76816
2026-03-02 15:05:00,7.125,7.150000095367432,7.099999904632568,7.105000019073486,20546
2026-03-02 15:10:00,7.100100040435791,7.119999885559082,7.090000152587891,7.105000019073486,30271
2026-03-02 15:15:00,7.099999904632568,7.114999771118164,7.090000152587891,7.114999771118164,24250
2026-03-02 15:20:00,7.110000133514404,7.110000133514404,7.070000171661377,7.074999809265137,23999
2026-03-02 15:25:00,7.070000171661377,7.099999904632568,7.065000057220459,7.079999923706055,9770
2026-03-02 15:30:00,7.079999923706055,7.099999904632568,7.065000057220459,7.070000171661377,17145
2026-03-02 15:35:00,7.074999809265137,7.09499979019165,7.070000171661377,7.09499979019165,9015
2026-03-02 15:40:00,7.09499979019165,7.099999904632568,7.074999809265137,7.098199844360352,33017
2026-03-02 15:45:00,7.09499979019165,7.119999885559082,7.079999923706055,7.110000133514404,46711
2026-03-02 15:50:00,7.105000019073486,7.130000114440918,7.099699974060059,7.099699974060059,26576
2026-03-02 15:55:00,7.09499979019165,7.125,7.090199947357178,7.09499979019165,25255
2026-03-02 16:00:00,7.090099811553955,7.110000133514404,7.090000152587891,7.110000133514404,15512
2026-03-02 16:05:00,7.099999904632568,7.125,7.093100070953369,7.110000133514404,28484
2026-03-02 16:10:00,7.108699798583984,7.110099792480469,7.085000038146973,7.099999904632568,68248
2026-03-02 16:15:00,7.09630012512207,7.122499942779541,7.09630012512207,7.110000133514404,33969
2026-03-02 16:20:00,7.105000019073486,7.111000061035156,7.079999923706055,7.080100059509277,23221
2026-03-02 16:25:00,7.085000038146973,7.085000038146973,7.070000171661377,7.070000171661377,13212
2026-03-02 16:30:00,7.070000171661377,7.074999809265137,7.065000057220459,7.074999809265137,16332
2026-03-02 16:35:00,7.074999809265137,7.110000133514404,7.074999809265137,7.105000019073486,14571
2026-03-02 16:40:00,7.106900215148926,7.144999980926514,7.105000019073486,7.135000228881836,43782
2026-03-02 16:45:00,7.130000114440918,7.15500020980835,7.130000114440918,7.143700122833252,57322
2026-03-02 16:50:00,7.139999866485596,7.159999847412109,7.139999866485596,7.143199920654297,28466
2026-03-02 16:55:00,7.139999866485596,7.144999980926514,7.135000228881836,7.139900207519531,12065
2026-03-02 17:00:00,7.139999866485596,7.159999847412109,7.135000228881836,7.150000095367432,26718
2026-03-02 17:05:00,7.144999980926514,7.149899959564209,7.114999771118164,7.119999885559082,45322
2026-03-02 17:10:00,7.125,7.130000114440918,7.110000133514404,7.130000114440918,13679
2026-03-02 17:15:00,7.125,7.135000228881836,7.119999885559082,7.123300075531006,16045
2026-03-02 17:20:00,7.125,7.130000114440918,7.119999885559082,7.130000114440918,5599
2026-03-02 17:25:00,7.125,7.130000114440918,7.105000019073486,7.105000019073486,8781
2026-03-02 17:30:00,7.105000019073486,7.105000019073486,7.090000152587891,7.09499979019165,34467
2026-03-02 17:35:00,7.09499979019165,7.110000133514404,7.092800140380859,7.09499979019165,18883
2026-03-02 17:40:00,7.099899768829346,7.099999904632568,7.092700004577637,7.09499979019165,15812
2026-03-02 17:45:00,7.099999904632568,7.110000133514404,7.097690105438232,7.110000133514404,13360
2026-03-02 17:50:00,7.105000019073486,7.110000133514404,7.093299865722656,7.09499979019165,22560
2026-03-02 17:55:00,7.090000152587891,7.130000114440918,7.090000152587891,7.125,35234
2026-03-02 18:00:00,7.135000228881836,7.135000228881836,7.121099948883057,7.125,12273
2026-03-02 18:05:00,7.130000114440918,7.150000095367432,7.130000114440918,7.144999980926514,14764
2026-03-02 18:10:00,7.144999980926514,7.144999980926514,7.130000114440918,7.135000228881836,3377
2026-03-02 18:15:00,7.135000228881836,7.139999866485596,7.132199764251709,7.135000228881836,4484
2026-03-02 18:20:00,7.130000114440918,7.150300025939941,7.125,7.150000095367432,8053
2026-03-02 18:25:00,7.150000095367432,7.159999847412109,7.144999980926514,7.15500020980835,10496
2026-03-02 18:30:00,7.15500020980835,7.15500020980835,7.144999980926514,7.144999980926514,9554
2026-03-02 18:35:00,7.139999866485596,7.170000076293945,7.139999866485596,7.144999980926514,45326
2026-03-02 18:40:00,7.141499996185303,7.144999980926514,7.135000228881836,7.135000228881836,15929
2026-03-02 18:45:00,7.135000228881836,7.135000228881836,7.119999885559082,7.130000114440918,38927
2026-03-02 18:50:00,7.130000114440918,7.130000114440918,7.110000133514404,7.110000133514404,31222
2026-03-02 18:55:00,7.114999771118164,7.130000114440918,7.110000133514404,7.114999771118164,16252
2026-03-02 19:00:00,7.114999771118164,7.119999885559082,7.114999771118164,7.119999885559082,10969
2026-03-02 19:05:00,7.119999885559082,7.130000114440918,7.114999771118164,7.130000114440918,16476
2026-03-02 19:10:00,7.125,7.130000114440918,7.125,7.125,9199
2026-03-02 19:15:00,7.130000114440918,7.135000228881836,7.130000114440918,7.135000228881836,6129
2026-03-02 19:20:00,7.135000228881836,7.159999847412109,7.132199764251709,7.132199764251709,22601
2026-03-02 19:25:00,7.130000114440918,7.150000095367432,7.125,7.144999980926514,10456
2026-03-02 19:30:00,7.144999980926514,7.15500020980835,7.143199920654297,7.15500020980835,17923
2026-03-02 19:35:00,7.151800155639648,7.170000076293945,7.150000095367432,7.170000076293945,7940
2026-03-02 19:40:00,7.164999961853027,7.164999961853027,7.139999866485596,7.144999980926514,15239
2026-03-02 19:45:00,7.144999980926514,7.15500020980835,7.139999866485596,7.15500020980835,6757
2026-03-02 19:50:00,7.150000095367432,7.159999847412109,7.150000095367432,7.150000095367432,3394
2026-03-02 19:55:00,7.15500020980835,7.159999847412109,7.125,7.125,13885
2026-03-02 20:00:00,7.125,7.139999866485596,7.125,7.139999866485596,11739
2026-03-02 20:05:00,7.135000228881836,7.139999866485596,7.119999885559082,7.119999885559082,12221
2026-03-02 20:10:00,7.119999885559082,7.125,7.113699913024902,7.114999771118164,14369
2026-03-02 20:15:00,7.111000061035156,7.139999866485596,7.110000133514404,7.130000114440918,34979
2026-03-02 20:20:00,7.119999885559082,7.126599788665772,7.105000019073486,7.105000019073486,10591
2026-03-02 20:25:00,7.105000019073486,7.114999771118164,7.09499979019165,7.114999771118164,70141
2026-03-02 20:30:00,7.118199825286865,7.139999866485596,7.114999771118164,7.139999866485596,33909
2026-03-02 20:35:00,7.135000228881836,7.135000228881836,7.09499979019165,7.099999904632568,44913
2026-03-02 20:40:00,7.09499979019165,7.09499979019165,7.079999923706055,7.079999923706055,12897
2026-03-02 20:45:00,7.079999923706055,7.110000133514404,7.074999809265137,7.110000133514404,67414
2026-03-02 20:50:00,7.105000019073486,7.105000019073486,7.085000038146973,7.09499979019165,53228
2026-03-02 20:55:00,7.09499979019165,7.09499979019165,7.059999942779541,7.065000057220459,223747
2026-03-03 14:30:00,6.699999809265137,6.75,6.650000095367432,6.69920015335083,265057
2026-03-03 14:35:00,6.695000171661377,6.739999771118164,6.690000057220459,6.730000019073486,41789
2026-03-03 14:40:00,6.739999771118164,6.940000057220459,6.724999904632568,6.849999904632568,375566
2026-03-03 14:45:00,6.820000171661377,6.900000095367432,6.760000228881836,6.769999980926514,106104
2026-03-03 14:50:00,6.739999771118164,6.789999961853027,6.739999771118164,6.771200180053711,60027
2026-03-03 14:55:00,6.770699977874756,6.809999942779541,6.744999885559082,6.809999942779541,29325
2026-03-03 15:00:00,6.820000171661377,6.829999923706055,6.764999866485596,6.803199768066406,47784
2026-03-03 15:05:00,6.809999942779541,6.820000171661377,6.730000019073486,6.738900184631348,52106
2026-03-03 15:10:00,6.739999771118164,6.800000190734863,6.730000019073486,6.789999961853027,46419
2026-03-03 15:15:00,6.784999847412109,6.796999931335449,6.739999771118164,6.741099834442139,30255
2026-03-03 15:20:00,6.739999771118164,6.739999771118164,6.670000076293945,6.670000076293945,52006
2026-03-03 15:25:00,6.670000076293945,6.690000057220459,6.650000095367432,6.684999942779541,71550
2026-03-03 15:30:00,6.690000057220459,6.710000038146973,6.659999847412109,6.670000076293945,47662
2026-03-03 15:35:00,6.670000076293945,6.704999923706055,6.659999847412109,6.703000068664551,40073
2026-03-03 15:40:00,6.695000171661377,6.710000038146973,6.659999847412109,6.679999828338623,63809
2026-03-03 15:45:00,6.684999942779541,6.71999979019165,6.679999828338623,6.699999809265137,75165
2026-03-03 15:50:00,6.695000171661377,6.744999885559082,6.690000057220459,6.735000133514404,41952
2026-03-03 15:55:00,6.735000133514404,6.769899845123291,6.724999904632568,6.760000228881836,54878
2026-03-03 16:00:00,6.755000114440918,6.764999866485596,6.735000133514404,6.760000228881836,30696
2026-03-03 16:05:00,6.764999866485596,6.824999809265137,6.764999866485596,6.824999809265137,175189
2026-03-03 16:10:00,6.829999923706055,6.860000133514404,6.815000057220459,6.855000019073486,83316
2026-03-03 16:15:00,6.855000019073486,6.855000019073486,6.809999942779541,6.829999923706055,35860
2026-03-03 16:20:00,6.824999809265137,6.855000019073486,6.824999809265137,6.84499979019165,28179
2026-03-03 16:25:00,6.84499979019165,6.864999771118164,6.829999923706055,6.860000133514404,37868
2026-03-03 16:30:00,6.860000133514404,6.864999771118164,6.824999809265137,6.860000133514404,24173
2026-03-03 16:35:00,6.860000133514404,6.900000095367432,6.849999904632568,6.894999980926514,66667
2026-03-03 16:40:00,6.889999866485596,6.900000095367432,6.875,6.880000114440918,30892
2026-03-03 16:45:00,6.880000114440918,6.914999961853027,6.880000114440918,6.900000095367432,34544
2026-03-03 16:50:00,6.900300025939941,6.909999847412109,6.889999866485596,6.893400192260742,18430
2026-03-03 16:55:00,6.900000095367432,6.909999847412109,6.889999866485596,6.90500020980835,16792
2026-03-03 17:00:00,6.909999847412109,6.909999847412109,6.855000019073486,6.855000019073486,23213
2026-03-03 17:05:00,6.860000133514404,6.875,6.849999904632568,6.849999904632568,16635
2026-03-03 17:10:00,6.84499979019165,6.860000133514404,6.840000152587891,6.860000133514404,18815
2026-03-03 17:15:00,6.85290002822876,6.909599781036377,6.85290002822876,6.901199817657471,63161
2026-03-03 17:20:00,6.90500020980835,6.929999828338623,6.889999866485596,6.920000076293945,27277
2026-03-03 17:25:00,6.920100212097168,6.929999828338623,6.900000095367432,6.926000118255615,33954
2026-03-03 17:30:00,6.925000190734863,6.949999809265137,6.925000190734863,6.945000171661377,45476
2026-03-03 17:35:00,6.949999809265137,6.960000038146973,6.929999828338623,6.960000038146973,56409
2026-03-03 17:40:00,6.954999923706055,6.96999979019165,6.948500156402588,6.963399887084961,14447
2026-03-03 17:45:00,6.963399887084961,6.974999904632568,6.954999923706055,6.974999904632568,16552
2026-03-03 17:50:00,6.974999904632568,6.980000019073486,6.949999809265137,6.949999809265137,20665
2026-03-03 17:55:00,6.960000038146973,6.997799873352051,6.960000038146973,6.994999885559082,15473
2026-03-03 18:00:00,6.993299961090088,7.014999866485596,6.993299961090088,7.005000114440918,16694
2026-03-03 18:05:00,7.005000114440918,7.010000228881836,6.989999771118164,7.005000114440918,33235
2026-03-03 18:10:00,7.010000228881836,7.014999866485596,6.989999771118164,6.994999885559082,12036
2026-03-03 18:15:00,7.0,7.025000095367432,7.0,7.005000114440918,21176
2026-03-03 18:20:00,7.010000228881836,7.025000095367432,7.005000114440918,7.019999980926514,33183
2026-03-03 18:25:00,7.019999980926514,7.025000095367432,7.010000228881836,7.014999866485596,16243
2026-03-03 18:30:00,7.010000228881836,7.045000076293945,7.005000114440918,7.034999847412109,46913
2026-03-03 18:35:00,7.034999847412109,7.054999828338623,7.033699989318848,7.054999828338623,13551
2026-03-03 18:40:00,7.054999828338623,7.065000057220459,7.019999980926514,7.025000095367432,26593
2026-03-03 18:45:00,7.03000020980835,7.050000190734863,7.014999866485596,7.049900054931641,32141
2026-03-03 18:50:00,7.045000076293945,7.055600166320801,7.045000076293945,7.055600166320801,30688
2026-03-03 18:55:00,7.050000190734863,7.070000171661377,7.050000190734863,7.059999942779541,11983
2026-03-03 19:00:00,7.059999942779541,7.059999942779541,7.039999961853027,7.045000076293945,28625
2026-03-03 19:05:00,7.045000076293945,7.045000076293945,7.03000020980835,7.034999847412109,14290
2026-03-03 19:10:00,7.03000020980835,7.045000076293945,7.019999980926514,7.045000076293945,16368
2026-03-03 19:15:00,7.045000076293945,7.050000190734863,7.039999961853027,7.04010009765625,9532
2026-03-03 19:20:00,7.045000076293945,7.059999942779541,7.045000076293945,7.050000190734863,15468
2026-03-03 19:25:00,7.039999961853027,7.045000076293945,7.025000095367432,7.034999847412109,23468
2026-03-03 19:30:00,7.03000020980835,7.034999847412109,6.994999885559082,6.994999885559082,38071
2026-03-03 19:35:00,6.994999885559082,7.045000076293945,6.994999885559082,7.025000095367432,33487
2026-03-03 19:40:00,7.025000095367432,7.079999923706055,7.025000095367432,7.070000171661377,29201
2026-03-03 19:45:00,7.070000171661377,7.074999809265137,7.039999961853027,7.059999942779541,17434
2026-03-03 19:50:00,7.065000057220459,7.065000057220459,7.050000190734863,7.059999942779541,10348
2026-03-03 19:55:00,7.061299800872803,7.061299800872803,7.03000020980835,7.054999828338623,18097
2026-03-03 20:00:00,7.050099849700928,7.065000057220459,7.045000076293945,7.065000057220459,17828
2026-03-03 20:05:00,7.059999942779541,7.059999942779541,7.025000095367432,7.025000095367432,26441
2026-03-03 20:10:00,7.025000095367432,7.025000095367432,7.0,7.010000228881836,18101
2026-03-03 20:15:00,7.010000228881836,7.014999866485596,6.989999771118164,6.994999885559082,15620
2026-03-03 20:20:00,6.994999885559082,7.010000228881836,6.989999771118164,6.991799831390381,18253
2026-03-03 20:25:00,6.994999885559082,7.0,6.980000019073486,6.994999885559082,52038
2026-03-03 20:30:00,7.0,7.019999980926514,6.994999885559082,7.010000228881836,54634
2026-03-03 20:35:00,7.005000114440918,7.019999980926514,7.005000114440918,7.014999866485596,30287
2026-03-03 20:40:00,7.019999980926514,7.03000020980835,7.014999866485596,7.026299953460693,39860
2026-03-03 20:45:00,7.025000095367432,7.039999961853027,7.025000095367432,7.034999847412109,26849
2026-03-03 20:50:00,7.039999961853027,7.039999961853027,7.010000228881836,7.014999866485596,46874
2026-03-03 20:55:00,7.019999980926514,7.019999980926514,6.96999979019165,6.980000019073486,167870
2026-03-04 14:30:00,7.039999961853027,7.039999961853027,6.835000038146973,6.849999904632568,162693
2026-03-04 14:35:00,6.849999904632568,6.859399795532227,6.820000171661377,6.824999809265137,55220
2026-03-04 14:40:00,6.829999923706055,6.835000038146973,6.75,6.760000228881836,55845
2026-03-04 14:45:00,6.760000228881836,6.764999866485596,6.715000152587891,6.71999979019165,94764
2026-03-04 14:50:00,6.71999979019165,6.730000019073486,6.670000076293945,6.695199966430664,80747
2026-03-04 14:55:00,6.695000171661377,6.71999979019165,6.679999828338623,6.71999979019165,30963
2026-03-04 15:00:00,6.71999979019165,6.789999961853027,6.71999979019165,6.769999980926514,107568
2026-03-04 15:05:00,6.78000020980835,6.784999847412109,6.703999996185303,6.71999979019165,20410
2026-03-04 15:10:00,6.71999979019165,6.744999885559082,6.715000152587891,6.730000019073486,14302
2026-03-04 15:15:00,6.739999771118164,6.75,6.71999979019165,6.739999771118164,57025
2026-03-04 15:20:00,6.744999885559082,6.75600004196167,6.724999904632568,6.75,18278
2026-03-04 15:25:00,6.739999771118164,6.75,6.728300094604492,6.740200042724609,12340
2026-03-04 15:30:00,6.75,6.764999866485596,6.735000133514404,6.735000133514404,26071
2026-03-04 15:35:00,6.735000133514404,6.775000095367432,6.724999904632568,6.764999866485596,37119
2026-03-04 15:40:00,6.763800144195557,6.795000076293945,6.760000228881836,6.786200046539307,37628
2026-03-04 15:45:00,6.782800197601318,6.820000171661377,6.775000095367432,6.789999961853027,64676
2026-03-04 15:50:00,6.789999961853027,6.804999828338623,6.769999980926514,6.784999847412109,52094
2026-03-04 15:55:00,6.789999961853027,6.816199779510498,6.789999961853027,6.804999828338623,22816
2026-03-04 16:00:00,6.809999942779541,6.829999923706055,6.809999942779541,6.824999809265137,15823
2026-03-04 16:05:00,6.824999809265137,6.849999904632568,6.807700157165527,6.809999942779541,32137
2026-03-04 16:10:00,6.809999942779541,6.815000057220459,6.78000020980835,6.78000020980835,16351
2026-03-04 16:15:00,6.779900074005127,6.789899826049805,6.755000114440918,6.759900093078613,25262
2026-03-04 16:20:00,6.760000228881836,6.800000190734863,6.750100135803223,6.795000076293945,20552
2026-03-04 16:25:00,6.800000190734863,6.84499979019165,6.78000020980835,6.840000152587891,138310
2026-03-04 16:30:00,6.84499979019165,6.849999904632568,6.824999809265137,6.824999809265137,46242
2026-03-04 16:35:00,6.820000171661377,6.820000171661377,6.775000095367432,6.775000095367432,30029
2026-03-04 16:40:00,6.769999980926514,6.789999961853027,6.764999866485596,6.764999866485596,13272
2026-03-04 16:45:00,6.764999866485596,6.764999866485596,6.735000133514404,6.749899864196777,67303
2026-03-04 16:50:00,6.744999885559082,6.764999866485596,6.744999885559082,6.764999866485596,19724
2026-03-04 16:55:00,6.769999980926514,6.78000020980835,6.764999866485596,6.775000095367432,21039
2026-03-04 17:00:00,6.775000095367432,6.77869987487793,6.764999866485596,6.775000095367432,7961
2026-03-04 17:05:00,6.769999980926514,6.78000020980835,6.755000114440918,6.78000020980835,11155
2026-03-04 17:10:00,6.784999847412109,6.784999847412109,6.775000095367432,6.784999847412109,65553
2026-03-04 17:15:00,6.780300140380859,6.795000076293945,6.780300140380859,6.795000076293945,17218
2026-03-04 17:20:00,6.800000190734863,6.800000190734863,6.784999847412109,6.789999961853027,8096
2026-03-04 17:25:00,6.789999961853027,6.795000076293945,6.769999980926514,6.775000095367432,14584
2026-03-04 17:30:00,6.775000095367432,6.78000020980835,6.769999980926514,6.775000095367432,6517
2026-03-04 17:35:00,6.78000020980835,6.78000020980835,6.760000228881836,6.764999866485596,13561
2026-03-04 17:40:00,6.764999866485596,6.769999980926514,6.760000228881836,6.764999866485596,8820
2026-03-04 17:45:00,6.769999980926514,6.775000095367432,6.764100074768066,6.775000095367432,15878
2026-03-04 17:50:00,6.775000095367432,6.795000076293945,6.775000095367432,6.789999961853027,25140
2026-03-04 17:55:00,6.789999961853027,6.795000076293945,6.775000095367432,6.784999847412109,13057
2026-03-04 18:00:00,6.784999847412109,6.789999961853027,6.783100128173828,6.784999847412109,4927
2026-03-04 18:05:00,6.781300067901611,6.7947998046875,6.78000020980835,6.7947998046875,8149
2026-03-04 18:10:00,6.789999961853027,6.795000076293945,6.784999847412109,6.784999847412109,8026
2026-03-04 18:15:00,6.789999961853027,6.791600227355957,6.78000020980835,6.789999961853027,28168
2026-03-04 18:20:00,6.789999961853027,6.800000190734863,6.784999847412109,6.784999847412109,8809
2026-03-04 18:25:00,6.78000020980835,6.78000020980835,6.775000095367432,6.78000020980835,12307
2026-03-04 18:30:00,6.77869987487793,6.784999847412109,6.769999980926514,6.769999980926514,14010
2026-03-04 18:35:00,6.779900074005127,6.779900074005127,6.75,6.760000228881836,11710
2026-03-04 18:40:00,6.760000228881836,6.764999866485596,6.744999885559082,6.764999866485596,28198
2026-03-04 18:45:00,6.760000228881836,6.769999980926514,6.760000228881836,6.764999866485596,8555
2026-03-04 18:50:00,6.769999980926514,6.775000095367432,6.760000228881836,6.764999866485596,38102
2026-03-04 18:55:00,6.764999866485596,6.764999866485596,6.739999771118164,6.756700038909912,51991
2026-03-04 19:00:00,6.759900093078613,6.769999980926514,6.75,6.764999866485596,11329
2026-03-04 19:05:00,6.763199806213379,6.789999961853027,6.763199806213379,6.78380012512207,14617
2026-03-04 19:10:00,6.784999847412109,6.784999847412109,6.784999847412109,6.784999847412109,2514
2026-03-04 19:15:00,6.784999847412109,6.789999961853027,6.764999866485596,6.764999866485596,15353
2026-03-04 19:20:00,6.764999866485596,6.769999980926514,6.760000228881836,6.764999866485596,7475
2026-03-04 19:25:00,6.760000228881836,6.764999866485596,6.760000228881836,6.764999866485596,4197
2026-03-04 19:30:00,6.764999866485596,6.78000020980835,6.760000228881836,6.775000095367432,9029
2026-03-04 19:35:00,6.775000095367432,6.775000095367432,6.764999866485596,6.769999980926514,5702
2026-03-04 19:40:00,6.769999980926514,6.784999847412109,6.764999866485596,6.784999847412109,12651
2026-03-04 19:45:00,6.784999847412109,6.789999961853027,6.78000020980835,6.784999847412109,6441
2026-03-04 19:50:00,6.789999961853027,6.795000076293945,6.784999847412109,6.795000076293945,11594
2026-03-04 19:55:00,6.795000076293945,6.795000076293945,6.78000020980835,6.78000020980835,18815
2026-03-04 20:00:00,6.78000020980835,6.789999961853027,6.764999866485596,6.775400161743164,25637
2026-03-04 20:05:00,6.775000095367432,6.775000095367432,6.744999885559082,6.764999866485596,49956
2026-03-04 20:10:00,6.761600017547607,6.769999980926514,6.744999885559082,6.769800186157227,16055
2026-03-04 20:15:00,6.769999980926514,6.78000020980835,6.769999980926514,6.769999980926514,7877
2026-03-04 20:20:00,6.775000095367432,6.789999961853027,6.760000228881836,6.784999847412109,16316
2026-03-04 20:25:00,6.784999847412109,6.784999847412109,6.78000020980835,6.784999847412109,5064
2026-03-04 20:30:00,6.789999961853027,6.789999961853027,6.760000228881836,6.769999980926514,73549
2026-03-04 20:35:00,6.764999866485596,6.784999847412109,6.735000133514404,6.744999885559082,148624
2026-03-04 20:40:00,6.739999771118164,6.769999980926514,6.739999771118164,6.760000228881836,67177
2026-03-04 20:45:00,6.750100135803223,6.756199836730957,6.739999771118164,6.744999885559082,101941
2026-03-04 20:50:00,6.744999885559082,6.744999885559082,6.720300197601318,6.724999904632568,70281
2026-03-04 20:55:00,6.724999904632568,6.730000019073486,6.690000057220459,6.690000057220459,228406
2026-03-05 14:30:00,6.599999904632568,6.670000076293945,6.570000171661377,6.650000095367432,83272
2026-03-05 14:35:00,6.659999847412109,6.690000057220459,6.63070011138916,6.684999942779541,17991
2026-03-05 14:40:00,6.679999828338623,6.679999828338623,6.644999980926514,6.679999828338623,10967
2026-03-05 14:45:00,6.679999828338623,6.684999942779541,6.659999847412109,6.659999847412109,21005
2026-03-05 14:50:00,6.659999847412109,6.71999979019165,6.659999847412109,6.71999979019165,16971
2026-03-05 14:55:00,6.715000152587891,6.715000152587891,6.699999809265137,6.699999809265137,19471
2026-03-05 15:00:00,6.699999809265137,6.71999979019165,6.690000057220459,6.695000171661377,31379
2026-03-05 15:05:00,6.690000057220459,6.699999809265137,6.679999828338623,6.695000171661377,28214
2026-03-05 15:10:00,6.699999809265137,6.739999771118164,6.679999828338623,6.735000133514404,58006
2026-03-05 15:15:00,6.739999771118164,6.739999771118164,6.670000076293945,6.699999809265137,41098
2026-03-05 15:20:00,6.695000171661377,6.695000171661377,6.664999961853027,6.664999961853027,30684
2026-03-05 15:25:00,6.664999961853027,6.670000076293945,6.660099983215332,6.664999961853027,15070
2026-03-05 15:30:00,6.664999961853027,6.670000076293945,6.605000019073486,6.611100196838379,61818
2026-03-05 15:35:00,6.610000133514404,6.610000133514404,6.570000171661377,6.585000038146973,80350
2026-03-05 15:40:00,6.585000038146973,6.585000038146973,6.559899806976318,6.574999809265137,27094
2026-03-05 15:45:00,6.574999809265137,6.585000038146973,6.565000057220459,6.574999809265137,36586
2026-03-05 15:50:00,6.574999809265137,6.610000133514404,6.574999809265137,6.599999904632568,33591
2026-03-05 15:55:00,6.59499979019165,6.610000133514404,6.574999809265137,6.610000133514404,22494
2026-03-05 16:00:00,6.605000019073486,6.610000133514404,6.565000057220459,6.570000171661377,19007
2026-03-05 16:05:00,6.570000171661377,6.570000171661377,6.559999942779541,6.565000057220459,16246
2026-03-05 16:10:00,6.565000057220459,6.565000057220459,6.525000095367432,6.534999847412109,34968
2026-03-05 16:15:00,6.531000137329102,6.534999847412109,6.510000228881836,6.53000020980835,27232
2026-03-05 16:20:00,6.53000020980835,6.539999961853027,6.523399829864502,6.523399829864502,15092
2026-03-05 16:25:00,6.52899980545044,6.539999961853027,6.522900104522705,6.534999847412109,55946
2026-03-05 16:30:00,6.539999961853027,6.570000171661377,6.539999961853027,6.5493998527526855,33127
2026-03-05 16:35:00,6.550000190734863,6.570000171661377,6.550000190734863,6.5625,5218
2026-03-05 16:40:00,6.565000057220459,6.565000057220459,6.545000076293945,6.559899806976318,6194
2026-03-05 16:45:00,6.559999942779541,6.570000171661377,6.559999942779541,6.565000057220459,11185
2026-03-05 16:50:00,6.565000057220459,6.565000057220459,6.545000076293945,6.554999828338623,10738
2026-03-05 16:55:00,6.554999828338623,6.554999828338623,6.550000190734863,6.554999828338623,3236
2026-03-05 17:00:00,6.559999942779541,6.579999923706055,6.559000015258789,6.579500198364258,14868
2026-03-05 17:05:00,6.579999923706055,6.579999923706055,6.554999828338623,6.574999809265137,15895
2026-03-05 17:10:00,6.570000171661377,6.570000171661377,6.559999942779541,6.565000057220459,5076
2026-03-05 17:15:00,6.559999942779541,6.559999942779541,6.539999961853027,6.554999828338623,18798
2026-03-05 17:20:00,6.558499813079834,6.558499813079834,6.550000190734863,6.554999828338623,15353
2026-03-05 17:25:00,6.550000190734863,6.554999828338623,6.543399810791016,6.545000076293945,22050
2026-03-05 17:30:00,6.549799919128418,6.549799919128418,6.534999847412109,6.539999961853027,18574
2026-03-05 17:35:00,6.539999961853027,6.549900054931641,6.519999980926514,6.549900054931641,15592
2026-03-05 17:40:00,6.550000190734863,6.559999942779541,6.53000020980835,6.539999961853027,32554
2026-03-05 17:45:00,6.53000020980835,6.550000190734863,6.53000020980835,6.534999847412109,10433
2026-03-05 17:50:00,6.531499862670898,6.539999961853027,6.525000095367432,6.53000020980835,10985
2026-03-05 17:55:00,6.534999847412109,6.553400039672852,6.53000020980835,6.553400039672852,20617
2026-03-05 18:00:00,6.551700115203857,6.551700115203857,6.541200160980225,6.550000190734863,14426
2026-03-05 18:05:00,6.554999828338623,6.585000038146973,6.554999828338623,6.585000038146973,29506
2026-03-05 18:10:00,6.585000038146973,6.585000038146973,6.570000171661377,6.570000171661377,17229
2026-03-05 18:15:00,6.559999942779541,6.566599845886231,6.545000076293945,6.545000076293945,13160
2026-03-05 18:20:00,6.545000076293945,6.574999809265137,6.545000076293945,6.559999942779541,85438
2026-03-05 18:25:00,6.559999942779541,6.565000057220459,6.550000190734863,6.554999828338623,17387
2026-03-05 18:30:00,6.559999942779541,6.559999942779541,6.525000095367432,6.539999961853027,61246
2026-03-05 18:35:00,6.536499977111816,6.550000190734863,6.53000020980835,6.53000020980835,17561
2026-03-05 18:40:00,6.539999961853027,6.559999942779541,6.534999847412109,6.550000190734863,18351
2026-03-05 18:45:00,6.545000076293945,6.550000190734863,6.539999961853027,6.539999961853027,6625
2026-03-05 18:50:00,6.545000076293945,6.550000190734863,6.525000095367432,6.53000020980835,29315
2026-03-05 18:55:00,6.539999961853027,6.550000190734863,6.534999847412109,6.539999961853027,24702
2026-03-05 19:00:00,6.539999961853027,6.545000076293945,6.53380012512207,6.53380012512207,11505
2026-03-05 19:05:00,6.539999961853027,6.539999961853027,6.519999980926514,6.525000095367432,29267
2026-03-05 19:10:00,6.525000095367432,6.53000020980835,6.510000228881836,6.515999794006348,18846
2026-03-05 19:15:00,6.519999980926514,6.519999980926514,6.489999771118164,6.505000114440918,153357
2026-03-05 19:20:00,6.505000114440918,6.519999980926514,6.505000114440918,6.514999866485596,17461
2026-03-05 19:25:00,6.510000228881836,6.510000228881836,6.480000019073486,6.480000019073486,24328
2026-03-05 19:30:00,6.483799934387207,6.494999885559082,6.480000019073486,6.494999885559082,20666
2026-03-05 19:35:00,6.491499900817871,6.494999885559082,6.46999979019165,6.474999904632568,24940
2026-03-05 19:40:00,6.474999904632568,6.489999771118164,6.4710001945495605,6.485000133514404,40730
2026-03-05 19:45:00,6.480000019073486,6.5,6.480000019073486,6.499899864196777,10095
2026-03-05 19:50:00,6.489999771118164,6.514999866485596,6.489999771118164,6.5,27011
2026-03-05 19:55:00,6.493400096893311,6.505000114440918,6.489999771118164,6.494999885559082,15240
2026-03-05 20:00:00,6.494999885559082,6.510000228881836,6.489999771118164,6.510000228881836,40422
2026-03-05 20:05:00,6.5,6.510000228881836,6.5,6.510000228881836,26897
2026-03-05 20:10:00,6.519999980926514,6.545000076293945,6.519899845123291,6.539999961853027,40693
2026-03-05 20:15:00,6.534999847412109,6.545000076293945,6.53000020980835,6.545000076293945,20402
2026-03-05 20:20:00,6.539999961853027,6.548799991607666,6.534999847412109,6.548799991607666,22899
2026-03-05 20:25:00,6.550000190734863,6.559999942779541,6.534999847412109,6.545000076293945,57894
2026-03-05 20:30:00,6.539999961853027,6.550000190734863,6.505000114440918,6.550000190734863,93167
2026-03-05 20:35:00,6.539999961853027,6.550000190734863,6.534999847412109,6.545000076293945,50240
2026-03-05 20:40:00,6.545000076293945,6.559999942779541,6.545000076293945,6.554999828338623,34671
2026-03-05 20:45:00,6.554999828338623,6.559999942779541,6.510000228881836,6.534999847412109,135126
2026-03-05 20:50:00,6.539999961853027,6.550000190734863,6.53000020980835,6.545000076293945,104854
2026-03-05 20:55:00,6.545000076293945,6.559999942779541,6.53000020980835,6.550000190734863,244422
2026-03-06 14:30:00,6.400000095367432,6.494999885559082,6.369999885559082,6.460000038146973,83363
2026-03-06 14:35:00,6.449999809265137,6.449999809265137,6.380000114440918,6.380000114440918,21619
2026-03-06 14:40:00,6.380000114440918,6.385000228881836,6.349999904632568,6.360700130462647,45862
2026-03-06 14:45:00,6.355000019073486,6.380000114440918,6.340000152587891,6.349999904632568,31440
2026-03-06 14:50:00,6.349999904632568,6.360000133514404,6.34499979019165,6.355000019073486,39731
2026-03-06 14:55:00,6.349999904632568,6.375,6.34499979019165,6.359700202941895,25029
2026-03-06 15:00:00,6.360000133514404,6.414999961853027,6.355000019073486,6.369999885559082,85592
2026-03-06 15:05:00,6.375,6.375,6.321000099182129,6.329999923706055,51065
2026-03-06 15:10:00,6.340000152587891,6.380000114440918,6.340000152587891,6.380000114440918,33083
2026-03-06 15:15:00,6.380000114440918,6.40500020980835,6.369999885559082,6.40500020980835,27161
2026-03-06 15:20:00,6.400000095367432,6.420000076293945,6.385000228881836,6.420000076293945,44028
2026-03-06 15:25:00,6.414999961853027,6.440000057220459,6.414999961853027,6.434999942779541,14495
2026-03-06 15:30:00,6.440000057220459,6.440000057220459,6.429999828338623,6.429999828338623,13181
2026-03-06 15:35:00,6.434999942779541,6.449999809265137,6.414999961853027,6.439300060272217,33892
2026-03-06 15:40:00,6.429999828338623,6.429999828338623,6.409999847412109,6.420000076293945,25481
2026-03-06 15:45:00,6.425000190734863,6.425000190734863,6.394999980926514,6.409999847412109,28695
2026-03-06 15:50:00,6.400000095367432,6.409999847412109,6.369999885559082,6.393899917602539,39959
2026-03-06 15:55:00,6.400000095367432,6.440000057220459,6.400000095367432,6.434999942779541,26341
2026-03-06 16:00:00,6.434999942779541,6.454999923706055,6.414999961853027,6.443900108337402,60892
2026-03-06 16:05:00,6.445000171661377,6.445000171661377,6.425000190734863,6.434999942779541,14378
2026-03-06 16:10:00,6.434999942779541,6.440000057220459,6.40500020980835,6.40500020980835,20141
2026-03-06 16:15:00,6.40500020980835,6.429999828338623,6.394999980926514,6.429999828338623,23456
2026-03-06 16:20:00,6.425000190734863,6.425000190734863,6.394999980926514,6.409999847412109,53834
2026-03-06 16:25:00,6.409999847412109,6.420000076293945,6.400000095367432,6.40500020980835,21673
2026-03-06 16:30:00,6.40500020980835,6.413099765777588,6.394999980926514,6.400000095367432,32297
2026-03-06 16:35:00,6.400000095367432,6.429999828338623,6.400000095367432,6.425000190734863,15139
2026-03-06 16:40:00,6.429999828338623,6.449999809265137,6.425000190734863,6.429999828338623,36065
2026-03-06 16:45:00,6.434999942779541,6.460000038146973,6.434999942779541,6.460000038146973,35215
2026-03-06 16:50:00,6.460000038146973,6.46999979019165,6.449999809265137,6.456500053405762,28834
2026-03-06 16:55:00,6.449999809265137,6.449999809265137,6.434999942779541,6.440000057220459,16304
2026-03-06 17:00:00,6.445000171661377,6.460000038146973,6.445000171661377,6.449999809265137,25919
2026-03-06 17:05:00,6.449999809265137,6.454999923706055,6.429999828338623,6.429999828338623,20325
2026-03-06 17:10:00,6.434999942779541,6.434999942779541,6.420000076293945,6.429999828338623,11107
2026-03-06 17:15:00,6.425000190734863,6.445000171661377,6.414999961853027,6.445000171661377,33982
2026-03-06 17:20:00,6.449999809265137,6.460000038146973,6.445000171661377,6.449900150299072,17041
2026-03-06 17:25:00,6.440000057220459,6.445000171661377,6.425000190734863,6.426599979400635,22029
2026-03-06 17:30:00,6.425000190734863,6.425000190734863,6.414999961853027,6.425000190734863,27362
2026-03-06 17:35:00,6.425000190734863,6.429999828338623,6.400000095367432,6.40500020980835,15711
2026-03-06 17:40:00,6.400000095367432,6.40500020980835,6.380000114440918,6.380000114440918,10132
2026-03-06 17:45:00,6.385000228881836,6.409999847412109,6.385000228881836,6.40500020980835,26827
2026-03-06 17:50:00,6.400000095367432,6.409999847412109,6.389999866485596,6.400000095367432,20673
2026-03-06 17:55:00,6.400000095367432,6.409999847412109,6.393799781799316,6.394999980926514,47835
2026-03-06 18:00:00,6.394999980926514,6.429999828338623,6.394999980926514,6.414999961853027,36204
2026-03-06 18:05:00,6.420000076293945,6.429999828338623,6.414999961853027,6.420000076293945,14437
2026-03-06 18:10:00,6.420000076293945,6.460000038146973,6.414999961853027,6.454999923706055,49533
2026-03-06 18:15:00,6.454999923706055,6.460000038146973,6.440000057220459,6.449999809265137,19369
2026-03-06 18:20:00,6.445000171661377,6.460000038146973,6.440000057220459,6.445000171661377,27996
2026-03-06 18:25:00,6.445000171661377,6.449999809265137,6.434999942779541,6.445000171661377,22527
2026-03-06 18:30:00,6.445000171661377,6.460000038146973,6.445000171661377,6.449999809265137,13872
2026-03-06 18:35:00,6.440000057220459,6.445000171661377,6.429999828338623,6.434999942779541,11090
2026-03-06 18:40:00,6.429999828338623,6.440000057220459,6.429999828338623,6.429999828338623,24287
2026-03-06 18:45:00,6.434999942779541,6.440000057220459,6.409999847412109,6.434999942779541,45530
2026-03-06 18:50:00,6.429999828338623,6.445000171661377,6.4191999435424805,6.430099964141846,32921
2026-03-06 18:55:00,6.429999828338623,6.429999828338623,6.425000190734863,6.425000190734863,8677
2026-03-06 19:00:00,6.425000190734863,6.429999828338623,6.40500020980835,6.409999847412109,17301
2026-03-06 19:05:00,6.402699947357178,6.409999847412109,6.400000095367432,6.400000095367432,20234
2026-03-06 19:10:00,6.409999847412109,6.414999961853027,6.400000095367432,6.40500020980835,29806
2026-03-06 19:15:00,6.40500020980835,6.414999961853027,6.400000095367432,6.414999961853027,11955
2026-03-06 19:20:00,6.411300182342529,6.411300182342529,6.385000228881836,6.388500213623047,30863
2026-03-06 19:25:00,6.385000228881836,6.409999847412109,6.380000114440918,6.40500020980835,18681
2026-03-06 19:30:00,6.400000095367432,6.414999961853027,6.400000095367432,6.40500020980835,29244
2026-03-06 19:35:00,6.400000095367432,6.414999961853027,6.394999980926514,6.394999980926514,20667
2026-03-06 19:40:00,6.394999980926514,6.40500020980835,6.394999980926514,6.394999980926514,16214
2026-03-06 19:45:00,6.389999866485596,6.394999980926514,6.380000114440918,6.385000228881836,39606
2026-03-06 19:50:00,6.389999866485596,6.389999866485596,6.380000114440918,6.385000228881836,13439
2026-03-06 19:55:00,6.385000228881836,6.389999866485596,6.380000114440918,6.385000228881836,15386
2026-03-06 20:00:00,6.389999866485596,6.409999847412109,6.385000228881836,6.394999980926514,29093
2026-03-06 20:05:00,6.394999980926514,6.40500020980835,6.389999866485596,6.40500020980835,27797
2026-03-06 20:10:00,6.400000095367432,6.409999847412109,6.394999980926514,6.40500020980835,16383
2026-03-06 20:15:00,6.400000095367432,6.409999847412109,6.394999980926514,6.394999980926514,26890
2026-03-06 20:20:00,6.394999980926514,6.394999980926514,6.380000114440918,6.380000114440918,17971
2026-03-06 20:25:00,6.380000114440918,6.385000228881836,6.369999885559082,6.375,32796
2026-03-06 20:30:00,6.369999885559082,6.400000095367432,6.369999885559082,6.394999980926514,41064
2026-03-06 20:35:00,6.389999866485596,6.394999980926514,6.375,6.389999866485596,41331
2026-03-06 20:40:00,6.385000228881836,6.389999866485596,6.375,6.380300045013428,28218
2026-03-06 20:45:00,6.38100004196167,6.389999866485596,6.364999771118164,6.370999813079834,82635
2026-03-06 20:50:00,6.380000114440918,6.389999866485596,6.360000133514404,6.389999866485596,95322
2026-03-06 20:55:00,6.389999866485596,6.409999847412109,6.389999866485596,6.409999847412109,213097
