timestamp,Open,High,Low,Close,Volume
2026-01-07 14:30:00,36.30500030517578,36.560001373291016,36.04999923706055,36.30500030517578,19222
2026-01-07 14:35:00,36.09999847412109,36.30500030517578,36.060001373291016,36.13999938964844,891
2026-01-07 14:40:00,36.060001373291016,36.30500030517578,36.060001373291016,36.060001373291016,4681
2026-01-07 14:45:00,36.060001373291016,36.08000183105469,36.04999923706055,36.04999923706055,867
2026-01-07 14:50:00,36.08000183105469,36.08000183105469,35.90999984741211,35.97999954223633,1118
2026-01-07 14:55:00,35.83000183105469,35.83000183105469,35.75,35.779998779296875,641
2026-01-07 15:00:00,35.97999954223633,35.97999954223633,35.650001525878906,35.66999816894531,2928
2026-01-07 15:05:00,35.619998931884766,35.71500015258789,35.599998474121094,35.71500015258789,3298
2026-01-07 15:10:00,35.720001220703125,35.720001220703125,35.54999923706055,35.54999923706055,1353
2026-01-07 15:15:00,35.650001525878906,35.65999984741211,35.474998474121094,35.4900016784668,1353
2026-01-07 15:20:00,35.625,35.625,35.46500015258789,35.540000915527344,1874
2026-01-07 15:25:00,35.529998779296875,35.60499954223633,35.529998779296875,35.60499954223633,377
2026-01-07 15:30:00,35.60499954223633,35.60499954223633,35.47999954223633,35.60499954223633,977
2026-01-07 15:35:00,35.60499954223633,35.77000045776367,35.4900016784668,35.70000076293945,9406
2026-01-07 15:40:00,35.66999816894531,35.66999816894531,35.560001373291016,35.560001373291016,6574
2026-01-07 15:45:00,35.52000045776367,35.529998779296875,35.459999084472656,35.459999084472656,5996
2026-01-07 15:50:00,35.470001220703125,35.470001220703125,35.40999984741211,35.40999984741211,571
2026-01-07 15:55:00,35.5,35.5,35.40999984741211,35.47999954223633,1795
2026-01-07 16:00:00,35.47999954223633,35.56510162353516,35.45000076293945,35.474998474121094,5505
2026-01-07 16:05:00,35.474998474121094,35.474998474121094,35.474998474121094,35.474998474121094,200
2026-01-07 16:10:00,35.560001373291016,35.560001373291016,35.560001373291016,35.560001373291016,7775
2026-01-07 16:15:00,35.630001068115234,35.66999816894531,35.599998474121094,35.66999816894531,1039
2026-01-07 16:20:00,35.68000030517578,35.68000030517578,35.584999084472656,35.584999084472656,2280
2026-01-07 16:25:00,35.58000183105469,35.630001068115234,35.58000183105469,35.630001068115234,3045
2026-01-07 16:30:00,35.63999938964844,35.650001525878906,35.63999938964844,35.650001525878906,494
2026-01-07 16:35:00,35.64500045776367,35.65999984741211,35.62860107421875,35.62860107421875,5256
2026-01-07 16:40:00,35.66999816894531,35.68000030517578,35.66999816894531,35.68000030517578,1407
2026-01-07 16:45:00,35.66999816894531,35.66999816894531,35.6150016784668,35.6150016784668,2553
2026-01-07 16:50:00,35.6150016784668,35.6150016784668,35.56999969482422,35.61000061035156,5194
2026-01-07 16:55:00,35.584999084472656,35.584999084472656,35.52000045776367,35.52000045776367,2308
2026-01-07 17:00:00,35.59000015258789,35.599998474121094,35.529998779296875,35.529998779296875,5212
2026-01-07 17:05:00,35.529998779296875,35.529998779296875,35.400001525878906,35.439998626708984,6591
2026-01-07 17:10:00,35.41999816894531,35.56999969482422,35.41999816894531,35.529998779296875,4111
2026-01-07 17:15:00,35.529998779296875,35.529998779296875,35.5099983215332,35.5099983215332,3468
2026-01-07 17:20:00,35.505001068115234,35.540000915527344,35.505001068115234,35.51499938964844,1300
2026-01-07 17:25:00,35.5099983215332,35.5099983215332,35.48500061035156,35.48500061035156,1522
2026-01-07 17:30:00,35.48500061035156,35.4900016784668,35.45000076293945,35.47999954223633,6560
2026-01-07 17:35:00,35.474998474121094,35.47999954223633,35.439998626708984,35.47999954223633,5055
2026-01-07 17:40:00,35.48040008544922,35.529998779296875,35.470001220703125,35.529998779296875,4945
2026-01-07 17:45:00,35.5,35.540000915527344,35.474998474121094,35.474998474121094,8453
2026-01-07 17:50:00,35.459999084472656,35.47999954223633,35.36000061035156,35.369998931884766,12150
2026-01-07 17:55:00,35.3650016784668,35.459999084472656,35.36000061035156,35.36000061035156,5119
2026-01-07 18:00:00,35.310001373291016,35.349998474121094,35.275001525878906,35.314998626708984,5517
2026-01-07 18:05:00,35.29999923706055,35.29999923706055,35.29999923706055,35.29999923706055,950
2026-01-07 18:10:00,35.36000061035156,35.36000061035156,35.20000076293945,35.224998474121094,6778
2026-01-07 18:15:00,35.209999084472656,35.22999954223633,35.20000076293945,35.20000076293945,1689
2026-01-07 18:20:00,35.20000076293945,35.27000045776367,35.16999816894531,35.2599983215332,5632
2026-01-07 18:25:00,35.27000045776367,35.275001525878906,35.16999816894531,35.16999816894531,2563
2026-01-07 18:30:00,35.20500183105469,35.279998779296875,35.15129852294922,35.27000045776367,3685
2026-01-07 18:35:00,35.22999954223633,35.33000183105469,35.20000076293945,35.33000183105469,8153
2026-01-07 18:40:00,35.33000183105469,35.33000183105469,35.2599983215332,35.2599983215332,2051
2026-01-07 18:45:00,35.22999954223633,35.22999954223633,35.060001373291016,35.095001220703125,9538
2026-01-07 18:50:00,35.095001220703125,35.130001068115234,35.08000183105469,35.130001068115234,3294
2026-01-07 18:55:00,35.125,35.125,35.08000183105469,35.084999084472656,2027
2026-01-07 19:00:00,35.060001373291016,35.095001220703125,34.97999954223633,35.09000015258789,10405
2026-01-07 19:05:00,35.040000915527344,35.17499923706055,35.040000915527344,35.145999908447266,3241
2026-01-07 19:10:00,35.11130142211914,35.189998626708984,35.11000061035156,35.165000915527344,2989
2026-01-07 19:15:00,35.16999816894531,35.209999084472656,35.16999816894531,35.19499969482422,1933
2026-01-07 19:20:00,35.18000030517578,35.20000076293945,35.16999816894531,35.189998626708984,2402
2026-01-07 19:25:00,35.16999816894531,35.22999954223633,35.16999816894531,35.220001220703125,2437
2026-01-07 19:30:00,35.2400016784668,35.349998474121094,35.2400016784668,35.334999084472656,3976
2026-01-07 19:35:00,35.349998474121094,35.40999984741211,35.32500076293945,35.40999984741211,3005
2026-01-07 19:40:00,35.40999984741211,35.47999954223633,35.38999938964844,35.41999816894531,4280
2026-01-07 19:45:00,35.43000030517578,35.43000030517578,35.38999938964844,35.400001525878906,2784
2026-01-07 19:50:00,35.38999938964844,35.474998474121094,35.38999938964844,35.470001220703125,7508
2026-01-07 19:55:00,35.470001220703125,35.474998474121094,35.459999084472656,35.46500015258789,3595
2026-01-07 20:00:00,35.45000076293945,35.45000076293945,35.349998474121094,35.349998474121094,3503
2026-01-07 20:05:00,35.33000183105469,35.36000061035156,35.32500076293945,35.34000015258789,3791
2026-01-07 20:10:00,35.349998474121094,35.380001068115234,35.29999923706055,35.31999969482422,5159
2026-01-07 20:15:00,35.33000183105469,35.34000015258789,35.27360153198242,35.27360153198242,5121
2026-01-07 20:20:00,35.26499938964844,35.27000045776367,35.22999954223633,35.26499938964844,170791
2026-01-07 20:25:00,35.26499938964844,35.26499938964844,35.2239990234375,35.255001068115234,0
2026-01-07 20:30:00,35.25,35.255001068115234,35.1349983215332,35.18000030517578,7311
2026-01-07 20:35:00,35.18000030517578,35.18000030517578,35.119998931884766,35.125,4313
2026-01-07 20:40:00,35.150001525878906,35.15999984741211,35.119998931884766,35.12900161743164,7566
2026-01-07 20:45:00,35.15999984741211,35.22999954223633,35.119998931884766,35.119998931884766,15785
2026-01-07 20:50:00,35.11000061035156,35.209999084472656,35.06999969482422,35.16999816894531,26944
2026-01-07 20:55:00,35.150001525878906,35.150001525878906,35.060001373291016,35.060001373291016,34854
2026-01-08 14:30:00,34.77000045776367,34.790000915527344,34.68000030517578,34.790000915527344,6998
2026-01-08 14:35:00,34.79499816894531,35.08000183105469,34.79499816894531,35.06999969482422,1498
2026-01-08 14:40:00,35.0,35.08000183105469,34.88999938964844,34.88999938964844,10676
2026-01-08 14:45:00,34.849998474121094,35.040000915527344,34.849998474121094,35.040000915527344,4259
2026-01-08 14:50:00,34.959999084472656,35.06999969482422,34.95000076293945,35.06999969482422,2158
2026-01-08 14:55:00,34.9900016784668,35.2599983215332,34.974998474121094,35.224998474121094,13003
2026-01-08 15:00:00,35.23500061035156,35.25,35.13999938964844,35.13999938964844,5089
2026-01-08 15:05:00,35.130001068115234,35.369998931884766,35.130001068115234,35.32500076293945,10970
2026-01-08 15:15:00,35.56999969482422,35.59000015258789,35.56999969482422,35.59000015258789,1463
2026-01-08 15:20:00,35.540000915527344,35.54999923706055,35.45000076293945,35.45000076293945,7101
2026-01-08 15:25:00,35.5,35.60499954223633,35.5,35.59000015258789,5153
2026-01-08 15:30:00,35.59000015258789,35.67499923706055,35.4900016784668,35.67499923706055,4822
2026-01-08 15:35:00,35.75,35.790000915527344,35.7400016784668,35.790000915527344,936
2026-01-08 15:40:00,35.78499984741211,35.81999969482422,35.779998779296875,35.779998779296875,3182
2026-01-08 15:45:00,35.790000915527344,35.790000915527344,35.70000076293945,35.775001525878906,6478
2026-01-08 15:50:00,35.7400016784668,35.7599983215332,35.689998626708984,35.724998474121094,3584
2026-01-08 15:55:00,35.71500015258789,35.720001220703125,35.63999938964844,35.68000030517578,11761
2026-01-08 16:00:00,35.68000030517578,35.69499969482422,35.630001068115234,35.630001068115234,6516
2026-01-08 16:05:00,35.63999938964844,35.75,35.61000061035156,35.70000076293945,9774
2026-01-08 16:10:00,35.69179916381836,35.755001068115234,35.69179916381836,35.720001220703125,2693
2026-01-08 16:15:00,35.720001220703125,35.744998931884766,35.630001068115234,35.72999954223633,4184
2026-01-08 16:20:00,35.72999954223633,35.845001220703125,35.720001220703125,35.810001373291016,7117
2026-01-08 16:25:00,35.779998779296875,35.814998626708984,35.7400016784668,35.80500030517578,6648
2026-01-08 16:30:00,35.7599983215332,35.82500076293945,35.7599983215332,35.82500076293945,1396
2026-01-08 16:35:00,35.85499954223633,35.9900016784668,35.85499954223633,35.9900016784668,2384
2026-01-08 16:40:00,35.95000076293945,35.95000076293945,35.880001068115234,35.880001068115234,2816
2026-01-08 16:45:00,35.90999984741211,35.915000915527344,35.84000015258789,35.849998474121094,1139
2026-01-08 16:50:00,35.915000915527344,35.915000915527344,35.849998474121094,35.86000061035156,3674
2026-01-08 16:55:00,35.86000061035156,36.07749938964844,35.86000061035156,36.05500030517578,13680
2026-01-08 17:00:00,36.05500030517578,36.07500076293945,35.959999084472656,36.04999923706055,4104
2026-01-08 17:05:00,36.04999923706055,36.05500030517578,36.0099983215332,36.01499938964844,3264
2026-01-08 17:10:00,36.0,36.02000045776367,35.95000076293945,35.9900016784668,3331
2026-01-08 17:15:00,35.939998626708984,36.0099983215332,35.939998626708984,36.0099983215332,1719
2026-01-08 17:20:00,36.01499938964844,36.02000045776367,35.9900016784668,36.0,1770
2026-01-08 17:25:00,36.0,36.04999923706055,36.0,36.04999923706055,8408
2026-01-08 17:30:00,36.084999084472656,36.10499954223633,36.04999923706055,36.10499954223633,1985
2026-01-08 17:35:00,36.11000061035156,36.11000061035156,36.02000045776367,36.07500076293945,3307
2026-01-08 17:40:00,36.07500076293945,36.09000015258789,36.07500076293945,36.08000183105469,706
2026-01-08 17:45:00,36.0620002746582,36.09000015258789,36.04999923706055,36.08000183105469,3141
2026-01-08 17:50:00,36.09999847412109,36.11000061035156,36.09000015258789,36.09000015258789,938
2026-01-08 17:55:00,36.09000015258789,36.09000015258789,36.060001373291016,36.060001373291016,662
2026-01-08 18:00:00,36.09000015258789,36.13999938964844,36.09000015258789,36.09000015258789,2234
2026-01-08 18:05:00,36.060001373291016,36.060001373291016,36.0,36.0,1945
2026-01-08 18:10:00,35.9900016784668,36.0,35.9900016784668,36.0,1227
2026-01-08 18:15:00,36.03499984741211,36.13999938964844,36.03499984741211,36.13999938964844,5460
2026-01-08 18:20:00,36.13999938964844,36.13999938964844,36.09999847412109,36.09999847412109,2435
2026-01-08 18:25:00,36.101200103759766,36.119998931884766,36.09999847412109,36.09999847412109,995
2026-01-08 18:30:00,36.13999938964844,36.185001373291016,36.13999938964844,36.185001373291016,1777
2026-01-08 18:35:00,36.14189910888672,36.209999084472656,36.14189910888672,36.18000030517578,2846
2026-01-08 18:40:00,36.16999816894531,36.18399810791016,36.15999984741211,36.18000030517578,2013
2026-01-08 18:45:00,36.15999984741211,36.41999816894531,36.15999984741211,36.41999816894531,4069
2026-01-08 18:50:00,36.40999984741211,36.40999984741211,36.38999938964844,36.38999938964844,3991
2026-01-08 18:55:00,36.40999984741211,36.43000030517578,36.38999938964844,36.43000030517578,2776
2026-01-08 19:00:00,36.470001220703125,36.5,36.380001068115234,36.43000030517578,6946
2026-01-08 19:05:00,36.43000030517578,36.49990081787109,36.36000061035156,36.42499923706055,1637
2026-01-08 19:10:00,36.42499923706055,36.42499923706055,36.34999847412109,36.369998931884766,5244
2026-01-08 19:15:00,36.35200119018555,36.45000076293945,36.35200119018555,36.415000915527344,7979
2026-01-08 19:20:00,36.41999816894531,36.459999084472656,36.39500045776367,36.39500045776367,8286
2026-01-08 19:25:00,36.369998931884766,36.40999984741211,36.3650016784668,36.380001068115234,2473
2026-01-08 19:30:00,36.400001525878906,36.400001525878906,36.34999847412109,36.34999847412109,2631
2026-01-08 19:35:00,36.34999847412109,36.375,36.34999847412109,36.34999847412109,4546
2026-01-08 19:40:00,36.34999847412109,36.380001068115234,36.33000183105469,36.375,9903
2026-01-08 19:45:00,36.375,36.52000045776367,36.369998931884766,36.52000045776367,9164
2026-01-08 19:50:00,36.53499984741211,36.58269882202149,36.4900016784668,36.58269882202149,4420
2026-01-08 19:55:00,36.59799957275391,36.65999984741211,36.58000183105469,36.65800094604492,6162
2026-01-08 20:00:00,36.61389923095703,36.66999816894531,36.560001373291016,36.58000183105469,13000
2026-01-08 20:05:00,36.61000061035156,36.619998931884766,36.56999969482422,36.61000061035156,4469
2026-01-08 20:10:00,36.59000015258789,36.650001525878906,36.560001373291016,36.560001373291016,13622
2026-01-08 20:15:00,36.560001373291016,36.560001373291016,36.4900016784668,36.54999923706055,7113
2026-01-08 20:20:00,36.540000915527344,36.56999969482422,36.5099983215332,36.54999923706055,4975
2026-01-08 20:25:00,36.560001373291016,36.56999969482422,36.52000045776367,36.52000045776367,7926
2026-01-08 20:30:00,36.52999877929688,36.560001373291016,36.5,36.51499938964844,5265
2026-01-08 20:35:00,36.52999877929688,36.540000915527344,36.47999954223633,36.5,9111
2026-01-08 20:40:00,36.5,36.54999923706055,36.5,36.52999877929688,5524
2026-01-08 20:45:00,36.52999877929688,36.584999084472656,36.43999862670898,36.584999084472656,23075
2026-01-08 20:50:00,36.619998931884766,36.630001068115234,36.525001525878906,36.54999923706055,16629
2026-01-08 20:55:00,36.52000045776367,36.55500030517578,36.494998931884766,36.525001525878906,56688
2026-01-09 14:30:00,36.709999084472656,37.08000183105469,36.69499969482422,36.93999862670898,43044
2026-01-09 14:35:00,36.88999938964844,36.88999938964844,36.68999862670898,36.709999084472656,2704
2026-01-09 14:40:00,36.7400016784668,36.81499862670898,36.54999923706055,36.560001373291016,2925
2026-01-09 14:45:00,36.54999923706055,36.7400016784668,36.4900016784668,36.5,3575
2026-01-09 14:50:00,36.5,36.60499954223633,36.43999862670898,36.45000076293945,2225
2026-01-09 14:55:00,36.459999084472656,36.54499816894531,36.34999847412109,36.34999847412109,2751
2026-01-09 15:00:00,36.34999847412109,36.4900016784668,36.04999923706055,36.04999923706055,6986
2026-01-09 15:05:00,36.0,36.0,35.70000076293945,35.810001373291016,6655
2026-01-09 15:10:00,35.83000183105469,35.8849983215332,35.81999969482422,35.82500076293945,2738
2026-01-09 15:15:00,35.77000045776367,35.9900016784668,35.77000045776367,35.970001220703125,2914
2026-01-09 15:20:00,35.91999816894531,36.165000915527344,35.91999816894531,36.165000915527344,10283
2026-01-09 15:25:00,36.165000915527344,36.22999954223633,36.09999847412109,36.09999847412109,6469
2026-01-09 15:30:00,36.1349983215332,36.27999877929688,36.09000015258789,36.27000045776367,2865
2026-01-09 15:35:00,36.209999084472656,36.45840072631836,36.209999084472656,36.375,2796
2026-01-09 15:40:00,36.415000915527344,36.415000915527344,36.2400016784668,36.2599983215332,6137
2026-01-09 15:45:00,36.220001220703125,36.240501403808594,36.16999816894531,36.16999816894531,5682
2026-01-09 15:50:00,36.16999816894531,36.16999816894531,36.09000015258789,36.09000015258789,4213
2026-01-09 15:55:00,36.06999969482422,36.18999862670898,36.06999969482422,36.18999862670898,15715
2026-01-09 16:00:00,36.150001525878906,36.25,36.150001525878906,36.21500015258789,3506
2026-01-09 16:05:00,36.220001220703125,36.27000045776367,36.209999084472656,36.209999084472656,2766
2026-01-09 16:10:00,36.209999084472656,36.34000015258789,36.18000030517578,36.34000015258789,4278
2026-01-09 16:15:00,36.3650016784668,36.3650016784668,36.34000015258789,36.34000015258789,1575
2026-01-09 16:20:00,36.345001220703125,36.345001220703125,36.290000915527344,36.290000915527344,2392
2026-01-09 16:25:00,36.27000045776367,36.34000015258789,36.25,36.34000015258789,1935
2026-01-09 16:30:00,36.33000183105469,36.33000183105469,36.290000915527344,36.29499816894531,1861
2026-01-09 16:35:00,36.31999969482422,36.400001525878906,36.31999969482422,36.400001525878906,1271
2026-01-09 16:40:00,36.369998931884766,36.459999084472656,36.369998931884766,36.42499923706055,4280
2026-01-09 16:45:00,36.435001373291016,36.52000045776367,36.435001373291016,36.52000045776367,2503
2026-01-09 16:50:00,36.52539825439453,36.52539825439453,36.459999084472656,36.459999084472656,2195
2026-01-09 16:55:00,36.459999084472656,36.540000915527344,36.459999084472656,36.540000915527344,1745
2026-01-09 17:00:00,36.52000045776367,36.52000045776367,36.43000030517578,36.43000030517578,3418
2026-01-09 17:05:00,36.40999984741211,36.40999984741211,36.40999984741211,36.40999984741211,749
2026-01-09 17:10:00,36.400001525878906,36.47499847412109,36.369998931884766,36.47499847412109,4597
2026-01-09 17:15:00,36.4900016784668,36.4900016784668,36.42499923706055,36.44499969482422,5469
2026-01-09 17:20:00,36.44499969482422,36.47999954223633,36.44499969482422,36.459999084472656,3456
2026-01-09 17:25:00,36.47999954223633,36.47999954223633,36.41999816894531,36.459999084472656,5112
2026-01-09 17:30:00,36.47999954223633,36.5,36.45000076293945,36.45000076293945,3767
2026-01-09 17:35:00,36.43999862670898,36.43999862670898,36.400001525878906,36.400001525878906,1922
2026-01-09 17:40:00,36.400001525878906,36.400001525878906,36.380001068115234,36.380001068115234,1005
2026-01-09 17:45:00,36.40999984741211,36.43999862670898,36.40999984741211,36.41999816894531,3578
2026-01-09 17:50:00,36.459999084472656,36.470001220703125,36.43000030517578,36.46319961547852,3566
2026-01-09 17:55:00,36.41999816894531,36.41999816894531,36.34999847412109,36.380001068115234,2786
2026-01-09 18:00:00,36.369998931884766,36.369998931884766,36.34000015258789,36.3650016784668,2100
2026-01-09 18:05:00,36.34000015258789,36.3650016784668,36.34000015258789,36.3650016784668,1447
2026-01-09 18:10:00,36.380001068115234,36.380001068115234,36.34999847412109,36.369998931884766,2501
2026-01-09 18:15:00,36.34999847412109,36.34999847412109,36.34999847412109,36.34999847412109,671
2026-01-09 18:20:00,36.380001068115234,36.40499877929688,36.380001068115234,36.380001068115234,3535
2026-01-09 18:25:00,36.38999938964844,36.5099983215332,36.36000061035156,36.5099983215332,15118
2026-01-09 18:30:00,36.59999847412109,36.66999816894531,36.59999847412109,36.66999816894531,5943
2026-01-09 18:35:00,36.68000030517578,36.68000030517578,36.59000015258789,36.59000015258789,8025
2026-01-09 18:40:00,36.59000015258789,36.59999847412109,36.560001373291016,36.59000015258789,6377
2026-01-09 18:45:00,36.59000015258789,36.59000015258789,36.54999923706055,36.57500076293945,2497
2026-01-09 18:50:00,36.54999923706055,36.630001068115234,36.54999923706055,36.55500030517578,8582
2026-01-09 18:55:00,36.54999923706055,36.54999923706055,36.52000045776367,36.540000915527344,2027
2026-01-09 19:00:00,36.54999923706055,36.625,36.54999923706055,36.625,9843
2026-01-09 19:05:00,36.619998931884766,36.6349983215332,36.61000061035156,36.61000061035156,2808
2026-01-09 19:10:00,36.61000061035156,36.619998931884766,36.55500030517578,36.584999084472656,5510
2026-01-09 19:15:00,36.61000061035156,36.6150016784668,36.560001373291016,36.560001373291016,4147
2026-01-09 19:20:00,36.54999923706055,36.56999969482422,36.4900016784668,36.56999969482422,4504
2026-01-09 19:25:00,36.57500076293945,36.630001068115234,36.57500076293945,36.61000061035156,7427
2026-01-09 19:30:00,36.61000061035156,36.61000061035156,36.58000183105469,36.58000183105469,2913
2026-01-09 19:35:00,36.54999923706055,36.56840133666992,36.54999923706055,36.560001373291016,1239
2026-01-09 19:40:00,36.540000915527344,36.54999923706055,36.52999877929688,36.53499984741211,4704
2026-01-09 19:45:00,36.52999877929688,36.560001373291016,36.52999877929688,36.55989837646485,3743
2026-01-09 19:50:00,36.59999847412109,36.59999847412109,36.58000183105469,36.58000183105469,5323
2026-01-09 19:55:00,36.58000183105469,36.58000183105469,36.560001373291016,36.58000183105469,7420
2026-01-09 20:00:00,36.560001373291016,36.58000183105469,36.52000045776367,36.53499984741211,8908
2026-01-09 20:05:00,36.53499984741211,36.59999847412109,36.5099983215332,36.59999847412109,9346
2026-01-09 20:10:00,36.61000061035156,36.619998931884766,36.56999969482422,36.61000061035156,8914
2026-01-09 20:15:00,36.61000061035156,36.630001068115234,36.52000045776367,36.52999877929688,15089
2026-01-09 20:20:00,36.56999969482422,36.56999969482422,36.47999954223633,36.4900016784668,14875
2026-01-09 20:25:00,36.4900016784668,36.56999969482422,36.4900016784668,36.56999969482422,8734
2026-01-09 20:30:00,36.56999969482422,36.61000061035156,36.56999969482422,36.595001220703125,7875
2026-01-09 20:35:00,36.595001220703125,36.595001220703125,36.5,36.5,5003
2026-01-09 20:40:00,36.5,36.5099983215332,36.459999084472656,36.47999954223633,9081
2026-01-09 20:45:00,36.4900016784668,36.52000045776367,36.459999084472656,36.4900016784668,12815
2026-01-09 20:50:00,36.4900016784668,36.59000015258789,36.43000030517578,36.59000015258789,16287
2026-01-09 20:55:00,36.595001220703125,36.595001220703125,36.470001220703125,36.5099983215332,39661
2026-01-12 14:30:00,36.58000183105469,36.59000015258789,36.36000061035156,36.36000061035156,8057
2026-01-12 14:35:00,35.9900016784668,35.9900016784668,35.9900016784668,35.9900016784668,203
2026-01-12 14:40:00,36.40470123291016,36.40470123291016,36.18999862670898,36.18999862670898,12842
2026-01-12 14:45:00,36.38479995727539,36.425201416015625,36.220001220703125,36.220001220703125,3822
2026-01-12 14:50:00,36.25,36.4203987121582,36.25,36.33000183105469,5714
2026-01-12 14:55:00,36.31499862670898,36.59000015258789,36.31499862670898,36.59000015258789,6082
2026-01-12 15:00:00,36.55500030517578,36.560001373291016,36.52000045776367,36.52000045776367,5311
2026-01-12 15:05:00,36.560001373291016,36.61259841918945,36.470001220703125,36.61259841918945,5313
2026-01-12 15:10:00,36.5099983215332,36.54999923706055,36.45000076293945,36.45000076293945,1141
2026-01-12 15:15:00,36.584999084472656,36.584999084472656,36.4900016784668,36.4900016784668,1558
2026-01-12 15:20:00,36.470001220703125,36.47999954223633,36.45000076293945,36.47999954223633,3334
2026-01-12 15:25:00,36.53919982910156,36.630001068115234,36.52000045776367,36.630001068115234,11841
2026-01-12 15:30:00,36.630001068115234,36.68000030517578,36.56999969482422,36.67499923706055,8164
2026-01-12 15:35:00,36.67499923706055,36.67499923706055,36.56999969482422,36.56999969482422,3866
2026-01-12 15:40:00,36.52000045776367,36.540000915527344,36.52000045776367,36.540000915527344,2037
2026-01-12 15:45:00,36.52000045776367,36.56999969482422,36.47060012817383,36.56999969482422,4255
2026-01-12 15:50:00,36.59000015258789,36.59000015258789,36.59000015258789,36.59000015258789,461
2026-01-12 15:55:00,36.59000015258789,36.59000015258789,36.56499862670898,36.56499862670898,3948
2026-01-12 16:00:00,36.540000915527344,36.605098724365234,36.52000045776367,36.60499954223633,2089
2026-01-12 16:05:00,36.59999847412109,36.66999816894531,36.59999847412109,36.59999847412109,5704
2026-01-12 16:10:00,36.619998931884766,36.70000076293945,36.619998931884766,36.70000076293945,3385
2026-01-12 16:15:00,36.70500183105469,36.77000045776367,36.70500183105469,36.72999954223633,4607
2026-01-12 16:20:00,36.760101318359375,36.760101318359375,36.7400016784668,36.7400016784668,1228
2026-01-12 16:25:00,36.7599983215332,36.77000045776367,36.65999984741211,36.7599983215332,17669
2026-01-12 16:30:00,36.77999877929688,36.77999877929688,36.595001220703125,36.6349983215332,4324
2026-01-12 16:35:00,36.630001068115234,36.68000030517578,36.619998931884766,36.619998931884766,4776
2026-01-12 16:45:00,36.6150016784668,36.63999938964844,36.59000015258789,36.59999847412109,4764
2026-01-12 16:50:00,36.59999847412109,36.6150016784668,36.54999923706055,36.54999923706055,1878
2026-01-12 16:55:00,36.59999847412109,36.60879898071289,36.54999923706055,36.60530090332031,2946
2026-01-12 17:00:00,36.58000183105469,36.650001525878906,36.55009841918945,36.59000015258789,13945
2026-01-12 17:05:00,36.560001373291016,36.62369918823242,36.560001373291016,36.61000061035156,3012
2026-01-12 17:10:00,36.59000015258789,36.59000015258789,36.54999923706055,36.54999923706055,2801
2026-01-12 17:15:00,36.56999969482422,36.619998931884766,36.56999969482422,36.619998931884766,2325
2026-01-12 17:20:00,36.63999938964844,36.650001525878906,36.619998931884766,36.650001525878906,2160
2026-01-12 17:25:00,36.61000061035156,36.61000061035156,36.61000061035156,36.61000061035156,837
2026-01-12 17:30:00,36.630001068115234,36.650001525878906,36.61000061035156,36.650001525878906,3653
2026-01-12 17:35:00,36.6349983215332,36.72999954223633,36.6349983215332,36.720001220703125,3031
2026-01-12 17:40:00,36.75,36.86000061035156,36.75,36.86000061035156,3303
2026-01-12 17:45:00,36.86000061035156,36.89550018310547,36.86000061035156,36.89550018310547,2514
2026-01-12 17:50:00,36.880001068115234,36.900001525878906,36.880001068115234,36.900001525878906,946
2026-01-12 17:55:00,36.869998931884766,36.900001525878906,36.84709930419922,36.900001525878906,2782
2026-01-12 18:00:00,36.93000030517578,36.93000030517578,36.90999984741211,36.90999984741211,869
2026-01-12 18:05:00,36.88999938964844,36.88999938964844,36.880001068115234,36.88999938964844,1940
2026-01-12 18:10:00,36.869998931884766,36.88999938964844,36.810001373291016,36.810001373291016,4520
2026-01-12 18:15:00,36.810001373291016,36.88999938964844,36.79999923706055,36.880001068115234,3275
2026-01-12 18:20:00,36.90999984741211,36.94499969482422,36.90999984741211,36.94499969482422,2761
2026-01-12 18:25:00,36.92499923706055,36.92499923706055,36.900001525878906,36.900001525878906,1402
2026-01-12 18:30:00,36.88999938964844,36.94499969482422,36.88999938964844,36.94499969482422,1992
2026-01-12 18:35:00,36.970001220703125,37.05500030517578,36.959999084472656,37.05500030517578,2628
2026-01-12 18:40:00,37.06999969482422,37.08000183105469,36.97999954223633,37.040000915527344,6535
2026-01-12 18:45:00,37.040000915527344,37.04999923706055,37.040000915527344,37.04999923706055,1545
2026-01-12 18:50:00,37.060001373291016,37.06999969482422,37.060001373291016,37.060001373291016,1950
2026-01-12 18:55:00,37.060001373291016,37.09999847412109,37.060001373291016,37.09999847412109,1764
2026-01-12 19:00:00,37.119998931884766,37.119998931884766,37.08000183105469,37.08000183105469,1835
2026-01-12 19:05:00,37.08819961547852,37.09999847412109,37.060001373291016,37.08000183105469,7850
2026-01-12 19:10:00,37.08380126953125,37.09000015258789,37.06999969482422,37.06999969482422,4797
2026-01-12 19:15:00,37.09000015258789,37.11000061035156,37.08000183105469,37.09999847412109,2214
2026-01-12 19:20:00,37.09999847412109,37.09999847412109,37.060001373291016,37.060001373291016,4251
2026-01-12 19:25:00,37.060001373291016,37.060001373291016,37.04999923706055,37.04999923706055,2786
2026-01-12 19:30:00,37.04999923706055,37.08000183105469,37.040000915527344,37.04499816894531,2952
2026-01-12 19:35:00,37.040000915527344,37.040000915527344,37.02000045776367,37.02000045776367,2368
2026-01-12 19:40:00,37.005001068115234,37.060001373291016,36.98500061035156,36.994998931884766,8970
2026-01-12 19:45:00,37.02000045776367,37.02000045776367,37.0099983215332,37.02000045776367,2623
2026-01-12 19:50:00,37.0,37.0,36.96500015258789,36.96500015258789,3577
2026-01-12 19:55:00,36.97999954223633,36.9900016784668,36.97999954223633,36.9900016784668,2214
2026-01-12 20:00:00,37.0,37.0099983215332,36.9900016784668,36.994998931884766,2549
2026-01-12 20:05:00,36.994998931884766,37.0099983215332,36.97999954223633,36.97999954223633,3491
2026-01-12 20:10:00,36.97999954223633,36.97999954223633,36.93000030517578,36.95500183105469,7173
2026-01-12 20:15:00,36.970001220703125,37.0,36.93000030517578,36.959999084472656,6031
2026-01-12 20:20:00,36.959999084472656,36.959999084472656,36.93999862670898,36.93999862670898,3253
2026-01-12 20:25:00,36.935001373291016,36.959999084472656,36.900001525878906,36.959999084472656,4935
2026-01-12 20:30:00,36.970001220703125,37.0099983215332,36.93000030517578,36.95500183105469,13127
2026-01-12 20:35:00,36.95500183105469,36.9900016784668,36.93999862670898,36.97499847412109,10804
2026-01-12 20:40:00,36.97999954223633,37.02999877929688,36.95000076293945,36.95000076293945,19354
2026-01-12 20:45:00,36.93000030517578,37.02999877929688,36.88999938964844,37.0099983215332,10801
2026-01-12 20:50:00,37.0,37.02999877929688,36.970001220703125,37.02999877929688,21775
2026-01-12 20:55:00,37.03499984741211,37.20500183105469,37.0099983215332,37.20000076293945,90329
2026-01-13 14:30:00,36.52000045776367,36.72499847412109,36.27999877929688,36.40999984741211,34833
2026-01-13 14:35:00,36.54999923706055,36.54999923706055,35.9900016784668,36.3849983215332,6787
2026-01-13 14:40:00,36.33000183105469,36.47499847412109,36.20000076293945,36.20000076293945,21706
2026-01-13 14:45:00,36.20000076293945,36.27000045776367,36.09000015258789,36.09000015258789,0
2026-01-13 14:50:00,36.11000061035156,36.27000045776367,36.0,36.040000915527344,13445
2026-01-13 14:55:00,36.0,36.06999969482422,36.0,36.0,7763
2026-01-13 15:00:00,36.09000015258789,36.31999969482422,36.09000015258789,36.20000076293945,9125
2026-01-13 15:05:00,36.19499969482422,36.375,36.19499969482422,36.29999923706055,12473
2026-01-13 15:10:00,36.31499862670898,36.31499862670898,36.15999984741211,36.244998931884766,50600
2026-01-13 15:15:00,36.244998931884766,36.290000915527344,36.2400016784668,36.26499938964844,0
2026-01-13 15:20:00,36.2400016784668,36.290000915527344,36.19499969482422,36.290000915527344,17649
2026-01-13 15:25:00,36.290000915527344,36.41999816894531,36.25,36.400001525878906,13642
2026-01-13 15:30:00,36.400001525878906,36.48500061035156,36.29999923706055,36.34000015258789,8721
2026-01-13 15:35:00,36.369998931884766,36.54999923706055,36.369998931884766,36.52999877929688,8350
2026-01-13 15:40:00,36.54999923706055,36.66999816894531,36.54999923706055,36.56999969482422,4199
2026-01-13 15:45:00,36.56999969482422,36.56999969482422,36.40999984741211,36.428001403808594,8403
2026-01-13 15:50:00,36.38999938964844,36.41999816894531,36.23500061035156,36.244998931884766,6832
2026-01-13 15:55:00,36.209999084472656,36.27000045776367,36.16999816894531,36.2400016784668,10406
2026-01-13 16:00:00,36.209999084472656,36.209999084472656,36.060001373291016,36.09000015258789,14897
2026-01-13 16:05:00,36.05500030517578,36.09999847412109,36.0099983215332,36.0099983215332,8265
2026-01-13 16:10:00,36.0099983215332,36.0099983215332,35.91999816894531,35.95000076293945,3963
2026-01-13 16:15:00,35.91999816894531,35.95000076293945,35.880001068115234,35.904998779296875,9041
2026-01-13 16:20:00,35.904998779296875,35.93000030517578,35.84000015258789,35.86000061035156,8737
2026-01-13 16:25:00,35.84000015258789,35.84000015258789,35.7599983215332,35.79999923706055,4170
2026-01-13 16:30:00,35.75,35.83000183105469,35.7400016784668,35.790000915527344,5657
2026-01-13 16:35:00,35.7599983215332,35.83000183105469,35.69499969482422,35.83000183105469,4429
2026-01-13 16:40:00,35.90999984741211,35.939998626708984,35.869998931884766,35.875,26588
2026-01-13 16:45:00,35.845001220703125,35.88999938964844,35.810001373291016,35.88999938964844,6180
2026-01-13 16:50:00,35.850101470947266,36.02000045776367,35.849998474121094,36.0099983215332,12133
2026-01-13 16:55:00,36.0,36.0,35.959999084472656,36.0,7585
2026-01-13 17:00:00,35.994998931884766,36.150001525878906,35.994998931884766,36.04499816894531,15219
2026-01-13 17:05:00,36.04499816894531,36.04499816894531,36.0,36.02999877929688,4774
2026-01-13 17:10:00,36.040000915527344,36.130001068115234,36.040000915527344,36.130001068115234,10624
2026-01-13 17:15:00,36.13999938964844,36.20000076293945,36.13999938964844,36.15499877929688,5794
2026-01-13 17:20:00,36.15499877929688,36.15999984741211,36.119998931884766,36.15499877929688,2598
2026-01-13 17:25:00,36.15499877929688,36.21500015258789,36.119998931884766,36.21500015258789,4427
2026-01-13 17:30:00,36.21500015258789,36.21500015258789,36.13999938964844,36.15999984741211,6882
2026-01-13 17:35:00,36.130001068115234,36.150001525878906,36.09999847412109,36.130001068115234,5761
2026-01-13 17:40:00,36.130001068115234,36.18000030517578,36.11000061035156,36.165000915527344,5037
2026-01-13 17:45:00,36.16999816894531,36.20000076293945,36.119998931884766,36.13999938964844,5825
2026-01-13 17:50:00,36.13999938964844,36.13999938964844,36.09000015258789,36.119998931884766,7322
2026-01-13 17:55:00,36.11000061035156,36.119998931884766,36.10499954223633,36.11000061035156,2507
2026-01-13 18:00:00,36.11000061035156,36.13999938964844,36.08000183105469,36.130001068115234,9164
2026-01-13 18:05:00,36.130001068115234,36.13999938964844,36.040000915527344,36.040000915527344,6716
2026-01-13 18:10:00,36.02999877929688,36.11000061035156,36.02000045776367,36.11000061035156,5242
2026-01-13 18:15:00,36.09000015258789,36.130001068115234,36.09000015258789,36.10499954223633,5886
2026-01-13 18:20:00,36.08000183105469,36.13999938964844,36.08000183105469,36.130001068115234,6332
2026-01-13 18:25:00,36.13999938964844,36.220001220703125,36.13999938964844,36.20000076293945,7349
2026-01-13 18:30:00,36.209999084472656,36.27000045776367,36.20000076293945,36.25,6997
2026-01-13 18:35:00,36.2599983215332,36.369998931884766,36.2599983215332,36.36000061035156,6699
2026-01-13 18:40:00,36.34999847412109,36.380001068115234,36.34000015258789,36.3650016784668,5371
2026-01-13 18:45:00,36.34999847412109,36.40999984741211,36.34000015258789,36.39500045776367,7264
2026-01-13 18:50:00,36.38999938964844,36.400001525878906,36.380001068115234,36.400001525878906,5516
2026-01-13 18:55:00,36.39500045776367,36.44499969482422,36.345001220703125,36.44499969482422,7057
2026-01-13 19:00:00,36.43999862670898,36.43999862670898,36.38999938964844,36.38999938964844,4883
2026-01-13 19:05:00,36.400001525878906,36.45000076293945,36.38999938964844,36.38999938964844,8072
2026-01-13 19:10:00,36.38999938964844,36.400001525878906,36.31999969482422,36.31999969482422,4805
2026-01-13 19:15:00,36.31499862670898,36.36000061035156,36.31499862670898,36.31499862670898,3218
2026-01-13 19:20:00,36.33000183105469,36.34999847412109,36.31999969482422,36.31999969482422,5985
2026-01-13 19:25:00,36.334999084472656,36.400001525878906,36.31999969482422,36.400001525878906,5212
2026-01-13 19:30:00,36.400001525878906,36.48500061035156,36.400001525878906,36.48500061035156,4549
2026-01-13 19:35:00,36.45000076293945,36.45000076293945,36.31999969482422,36.33000183105469,9249
2026-01-13 19:40:00,36.32500076293945,36.380001068115234,36.32500076293945,36.33000183105469,5446
2026-01-13 19:45:00,36.32500076293945,36.34999847412109,36.31999969482422,36.34999847412109,4445
2026-01-13 19:50:00,36.34000015258789,36.34000015258789,36.29999923706055,36.310001373291016,5480
2026-01-13 19:55:00,36.29999923706055,36.38999938964844,36.29999923706055,36.38999938964844,5750
2026-01-13 20:00:00,36.400001525878906,36.41999816894531,36.380001068115234,36.41999816894531,5613
2026-01-13 20:05:00,36.43000030517578,36.505001068115234,36.415000915527344,36.459999084472656,5505
2026-01-13 20:10:00,36.459999084472656,36.459999084472656,36.38999938964844,36.415000915527344,5108
2026-01-13 20:15:00,36.400001525878906,36.41999816894531,36.380001068115234,36.38999938964844,8130
2026-01-13 20:20:00,36.38999938964844,36.43999862670898,36.380001068115234,36.41999816894531,7716
2026-01-13 20:25:00,36.40999984741211,36.43000030517578,36.400001525878906,36.43000030517578,9845
2026-01-13 20:30:00,36.41999816894531,36.43000030517578,36.33000183105469,36.34999847412109,11327
2026-01-13 20:35:00,36.36000061035156,36.369998931884766,36.33000183105469,36.34000015258789,11993
2026-01-13 20:40:00,36.34000015258789,36.40999984741211,36.34000015258789,36.400001525878906,12063
2026-01-13 20:45:00,36.40999984741211,36.40999984741211,36.34000015258789,36.39500045776367,12934
2026-01-13 20:50:00,36.380001068115234,36.380001068115234,36.22999954223633,36.27999877929688,27032
2026-01-13 20:55:00,36.27000045776367,36.34999847412109,36.18999862670898,36.334999084472656,100174
2026-01-14 14:30:00,36.27000045776367,36.459999084472656,36.27000045776367,36.459999084472656,3905
2026-01-14 14:35:00,36.720001220703125,36.845001220703125,36.70000076293945,36.70000076293945,1245
2026-01-14 14:40:00,37.060001373291016,37.08000183105469,37.060001373291016,37.08000183105469,807
2026-01-14 14:45:00,37.11000061035156,37.150001525878906,37.060001373291016,37.06999969482422,5906
2026-01-14 14:50:00,37.150001525878906,37.18000030517578,37.060001373291016,37.18000030517578,1908
2026-01-14 14:55:00,37.16999816894531,37.20000076293945,37.04999923706055,37.18000030517578,3611
2026-01-14 15:00:00,37.11000061035156,37.130001068115234,37.060001373291016,37.10499954223633,3965
2026-01-14 15:05:00,37.060001373291016,37.060001373291016,36.935001373291016,36.96500015258789,3728
2026-01-14 15:10:00,37.08000183105469,37.08000183105469,36.959999084472656,36.959999084472656,4318
2026-01-14 15:15:00,36.90999984741211,36.90999984741211,36.59999847412109,36.7599983215332,2468
2026-01-14 15:20:00,36.755001068115234,36.93999862670898,36.755001068115234,36.93999862670898,3872
2026-01-14 15:25:00,36.95000076293945,36.970001220703125,36.82500076293945,36.82500076293945,3336
2026-01-14 15:30:00,36.76499938964844,36.880001068115234,36.76499938964844,36.77000045776367,1748
2026-01-14 15:35:00,36.84000015258789,36.90999984741211,36.84000015258789,36.88999938964844,2581
2026-01-14 15:40:00,36.84999847412109,36.89500045776367,36.82500076293945,36.84999847412109,1470
2026-01-14 15:45:00,36.91999816894531,36.91999816894531,36.84000015258789,36.86000061035156,561
2026-01-14 15:50:00,36.83000183105469,36.900001525878906,36.7400016784668,36.880001068115234,6235
2026-01-14 15:55:00,36.90499877929688,36.95000076293945,36.90499877929688,36.93000030517578,2530
2026-01-14 16:00:00,36.90999984741211,36.970001220703125,36.880001068115234,36.970001220703125,8119
2026-01-14 16:05:00,36.959999084472656,37.040000915527344,36.959999084472656,37.02999877929688,7242
2026-01-14 16:10:00,37.040000915527344,37.13999938964844,37.0099983215332,37.119998931884766,3731
2026-01-14 16:15:00,37.13999938964844,37.16999816894531,37.119998931884766,37.119998931884766,3820
2026-01-14 16:20:00,37.125,37.21500015258789,37.125,37.18999862670898,3702
2026-01-14 16:25:00,37.185001373291016,37.220001220703125,37.150001525878906,37.15999984741211,7677
2026-01-14 16:30:00,37.150001525878906,37.23500061035156,37.150001525878906,37.209999084472656,4229
2026-01-14 16:35:00,37.209999084472656,37.209999084472656,37.16999816894531,37.18000030517578,4853
2026-01-14 16:40:00,37.18000030517578,37.209999084472656,37.15999984741211,37.15999984741211,4398
2026-01-14 16:45:00,37.15999984741211,37.16999816894531,37.1150016784668,37.160099029541016,3411
2026-01-14 16:50:00,37.16999816894531,37.209999084472656,37.15999984741211,37.20000076293945,5358
2026-01-14 16:55:00,37.209999084472656,37.209999084472656,37.060001373291016,37.06999969482422,4975
2026-01-14 17:00:00,37.07500076293945,37.09000015258789,37.060001373291016,37.060001373291016,1867
2026-01-14 17:05:00,37.06499862670898,37.119998931884766,37.06499862670898,37.11000061035156,3797
2026-01-14 17:10:00,37.130001068115234,37.16999816894531,37.119998931884766,37.165000915527344,2668
2026-01-14 17:15:00,37.150001525878906,37.150001525878906,37.130001068115234,37.130001068115234,3947
2026-01-14 17:20:00,37.11000061035156,37.119998931884766,37.06999969482422,37.09999847412109,3628
2026-01-14 17:25:00,37.119998931884766,37.16450119018555,37.119998931884766,37.13999938964844,3271
2026-01-14 17:30:00,37.119998931884766,37.119998931884766,37.09000015258789,37.09000015258789,1573
2026-01-14 17:35:00,37.09550094604492,37.09999847412109,37.08000183105469,37.08000183105469,2661
2026-01-14 17:40:00,37.095001220703125,37.13999938964844,37.095001220703125,37.130001068115234,4105
2026-01-14 17:45:00,37.13999938964844,37.209999084472656,37.13999938964844,37.209999084472656,1984
2026-01-14 17:50:00,37.18999862670898,37.18999862670898,37.13999938964844,37.15999984741211,2338
2026-01-14 17:55:00,37.165000915527344,37.165000915527344,37.06999969482422,37.06999969482422,4624
2026-01-14 18:00:00,37.08000183105469,37.09999847412109,37.08000183105469,37.095001220703125,1805
2026-01-14 18:05:00,37.06999969482422,37.06999969482422,37.02000045776367,37.06499862670898,4014
2026-01-14 18:10:00,37.08000183105469,37.11000061035156,37.08000183105469,37.084999084472656,1649
2026-01-14 18:15:00,37.08000183105469,37.08000183105469,36.959999084472656,37.08000183105469,2897
2026-01-14 18:20:00,37.119998931884766,37.13999938964844,37.11000061035156,37.125,1861
2026-01-14 18:25:00,37.119998931884766,37.15999984741211,37.119998931884766,37.15999984741211,1711
2026-01-14 18:30:00,37.15999984741211,37.15999984741211,37.130001068115234,37.130001068115234,1001
2026-01-14 18:35:00,37.119998931884766,37.119998931884766,37.08000183105469,37.08000183105469,3814
2026-01-14 18:40:00,37.10499954223633,37.13999938964844,37.10499954223633,37.13999938964844,1156
2026-01-14 18:45:00,37.10010147094727,37.130001068115234,37.10010147094727,37.119998931884766,1195
2026-01-14 18:50:00,37.1150016784668,37.16999816894531,37.1150016784668,37.16999816894531,1953
2026-01-14 18:55:00,37.18999862670898,37.20000076293945,37.150001525878906,37.150001525878906,2599
2026-01-14 19:00:00,37.16999816894531,37.18000030517578,37.119998931884766,37.119998931884766,1936
2026-01-14 19:05:00,37.11000061035156,37.130001068115234,37.08000183105469,37.10499954223633,2545
2026-01-14 19:10:00,37.15999984741211,37.2400016784668,37.15999984741211,37.20000076293945,3705
2026-01-14 19:15:00,37.22499847412109,37.22499847412109,37.18999862670898,37.18999862670898,1858
2026-01-14 19:20:00,37.18999862670898,37.209999084472656,37.16999816894531,37.209999084472656,2990
2026-01-14 19:25:00,37.18999862670898,37.20000076293945,37.18999862670898,37.20000076293945,1161
2026-01-14 19:30:00,37.209999084472656,37.209999084472656,37.119998931884766,37.119998931884766,4204
2026-01-14 19:35:00,37.130001068115234,37.15999984741211,37.119998931884766,37.150001525878906,4018
2026-01-14 19:40:00,37.16999816894531,37.18000030517578,37.16999816894531,37.18000030517578,1267
2026-01-14 19:45:00,37.15999984741211,37.16999816894531,37.119998931884766,37.16999816894531,2752
2026-01-14 19:50:00,37.18000030517578,37.18999862670898,37.16999816894531,37.18999862670898,1301
2026-01-14 19:55:00,37.16999816894531,37.20000076293945,37.16999816894531,37.20000076293945,2571
2026-01-14 20:00:00,37.18999862670898,37.18999862670898,37.08000183105469,37.09000015258789,5729
2026-01-14 20:05:00,37.11000061035156,37.119998931884766,37.070098876953125,37.119998931884766,6372
2026-01-14 20:10:00,37.130001068115234,37.16999816894531,37.130001068115234,37.16999816894531,2606
2026-01-14 20:15:00,37.15999984741211,37.15999984741211,37.119998931884766,37.150001525878906,4582
2026-01-14 20:20:00,37.16999816894531,37.16999816894531,37.150001525878906,37.150001525878906,2517
2026-01-14 20:25:00,37.13999938964844,37.15999984741211,37.130001068115234,37.150001525878906,4599
2026-01-14 20:30:00,37.16999816894531,37.18000030517578,37.13999938964844,37.13999938964844,6340
2026-01-14 20:35:00,37.130001068115234,37.130001068115234,37.04999923706055,37.06999969482422,7782
2026-01-14 20:40:00,37.08000183105469,37.09000015258789,37.04499816894531,37.04999923706055,9076
2026-01-14 20:45:00,37.02000045776367,37.02999877929688,36.880001068115234,36.880001068115234,11958
2026-01-14 20:50:00,36.869998931884766,36.93999862670898,36.77000045776367,36.86000061035156,49953
2026-01-14 20:55:00,36.84000015258789,36.95000076293945,36.84000015258789,36.935001373291016,87218
2026-01-15 14:30:00,37.07500076293945,37.07500076293945,36.97999954223633,36.97999954223633,4546
2026-01-15 14:35:00,36.86000061035156,36.86000061035156,36.36000061035156,36.59000015258789,4161
2026-01-15 14:40:00,36.59999847412109,36.86000061035156,36.54999923706055,36.79999923706055,4611
2026-01-15 14:45:00,36.54999923706055,36.7599983215332,36.43999862670898,36.72999954223633,7374
2026-01-15 14:50:00,36.685001373291016,36.77000045776367,36.61000061035156,36.619998931884766,5525
2026-01-15 14:55:00,36.61000061035156,36.72999954223633,36.61000061035156,36.619998931884766,3628
2026-01-15 15:00:00,36.619998931884766,36.63999938964844,36.619998931884766,36.63999938964844,944
2026-01-15 15:05:00,36.66999816894531,36.70000076293945,36.619998931884766,36.65999984741211,4029
2026-01-15 15:10:00,36.65999984741211,36.77999877929688,36.65999984741211,36.75,3320
2026-01-15 15:15:00,36.75,36.80500030517578,36.7400016784668,36.80500030517578,2276
2026-01-15 15:20:00,36.915000915527344,36.915000915527344,36.915000915527344,36.915000915527344,889
2026-01-15 15:25:00,36.93999862670898,36.93999862670898,36.83000183105469,36.84000015258789,1795
2026-01-15 15:30:00,36.84999847412109,36.86000061035156,36.84000015258789,36.86000061035156,1748
2026-01-15 15:35:00,36.86000061035156,36.88999938964844,36.81999969482422,36.81999969482422,2680
2026-01-15 15:40:00,36.83000183105469,36.91999816894531,36.83000183105469,36.84000015258789,1516
2026-01-15 15:45:00,36.8650016784668,36.880001068115234,36.810001373291016,36.845001220703125,2393
2026-01-15 15:50:00,36.81999969482422,36.880001068115234,36.81999969482422,36.869998931884766,4566
2026-01-15 15:55:00,36.84999847412109,36.880001068115234,36.83000183105469,36.869998931884766,2460
2026-01-15 16:00:00,36.869998931884766,37.02999877929688,36.869998931884766,37.02999877929688,5549
2026-01-15 16:05:00,37.0099983215332,37.02000045776367,36.959999084472656,37.0099983215332,4589
2026-01-15 16:10:00,37.040000915527344,37.07989883422852,37.040000915527344,37.040000915527344,2748
2026-01-15 16:15:00,37.0099983215332,37.08000183105469,36.9900016784668,37.02999877929688,6087
2026-01-15 16:20:00,36.9900016784668,37.0,36.970001220703125,36.970001220703125,2395
2026-01-15 16:25:00,36.98820114135742,37.01499938964844,36.959999084472656,37.01499938964844,3976
2026-01-15 16:30:00,37.040000915527344,37.06999969482422,37.040000915527344,37.04999923706055,3294
2026-01-15 16:35:00,37.04999923706055,37.08000183105469,36.890098571777344,36.959999084472656,16977
2026-01-15 16:40:00,36.93000030517578,36.959999084472656,36.90999984741211,36.90999984741211,3404
2026-01-15 16:45:00,36.900001525878906,36.900001525878906,36.86000061035156,36.900001525878906,5016
2026-01-15 16:50:00,36.915000915527344,36.915000915527344,36.86000061035156,36.88999938964844,1842
2026-01-15 16:55:00,36.88999938964844,36.88999938964844,36.84999847412109,36.86000061035156,3081
2026-01-15 17:00:00,36.880001068115234,36.900001525878906,36.83000183105469,36.86000061035156,3600
2026-01-15 17:05:00,36.84000015258789,36.84000015258789,36.84000015258789,36.84000015258789,1860
2026-01-15 17:10:00,36.880001068115234,36.88999938964844,36.86000061035156,36.86000061035156,1467
2026-01-15 17:15:00,36.869998931884766,36.880001068115234,36.83000183105469,36.869998931884766,3344
2026-01-15 17:20:00,36.869998931884766,36.869998931884766,36.83000183105469,36.83000183105469,2709
2026-01-15 17:25:00,36.84999847412109,36.880001068115234,36.84999847412109,36.8650016784668,3330
2026-01-15 17:30:00,36.8650016784668,36.8650016784668,36.8650016784668,36.8650016784668,1465
2026-01-15 17:35:00,36.8650016784668,36.90999984741211,36.8650016784668,36.89500045776367,2357
2026-01-15 17:40:00,36.900001525878906,36.90499877929688,36.900001525878906,36.90499877929688,1425
2026-01-15 17:45:00,36.91999816894531,36.93999862670898,36.91999816894531,36.93999862670898,2004
2026-01-15 17:50:00,37.0,37.0,36.84000015258789,36.86000061035156,5991
2026-01-15 17:55:00,36.84000015258789,36.869998931884766,36.77000045776367,36.77000045776367,3053
2026-01-15 18:00:00,36.74909973144531,36.77999877929688,36.7400016784668,36.77000045776367,3201
2026-01-15 18:05:00,36.77000045776367,36.775001525878906,36.72999954223633,36.72999954223633,2946
2026-01-15 18:10:00,36.72999954223633,36.77000045776367,36.72999954223633,36.7400016784668,5706
2026-01-15 18:15:00,36.720001220703125,36.720001220703125,36.63999938964844,36.63999938964844,5619
2026-01-15 18:20:00,36.67499923706055,36.72999954223633,36.67499923706055,36.72999954223633,2853
2026-01-15 18:25:00,36.72999954223633,36.72999954223633,36.70000076293945,36.70000076293945,1454
2026-01-15 18:30:00,36.70000076293945,36.72999954223633,36.70000076293945,36.720001220703125,3701
2026-01-15 18:35:00,36.72999954223633,36.75,36.650001525878906,36.650001525878906,3291
2026-01-15 18:40:00,36.65999984741211,36.66999816894531,36.63999938964844,36.63999938964844,2317
2026-01-15 18:45:00,36.63999938964844,36.68989944458008,36.63999938964844,36.63999938964844,4150
2026-01-15 18:50:00,36.630001068115234,36.650001525878906,36.630001068115234,36.650001525878906,3078
2026-01-15 18:55:00,36.63999938964844,36.709999084472656,36.59000015258789,36.6796989440918,6400
2026-01-15 19:00:00,36.71680068969727,36.71680068969727,36.65999984741211,36.68999862670898,3807
2026-01-15 19:05:00,36.68000030517578,36.709999084472656,36.66999816894531,36.709999084472656,3665
2026-01-15 19:10:00,36.709999084472656,36.720001220703125,36.65999984741211,36.65999984741211,4278
2026-01-15 19:15:00,36.68000030517578,36.709999084472656,36.68000030517578,36.68000030517578,1832
2026-01-15 19:20:00,36.68000030517578,36.70500183105469,36.68000030517578,36.70500183105469,2525
2026-01-15 19:25:00,36.709999084472656,36.744998931884766,36.709999084472656,36.72999954223633,4717
2026-01-15 19:30:00,36.709999084472656,36.76499938964844,36.70500183105469,36.76499938964844,4849
2026-01-15 19:35:00,36.76499938964844,36.77000045776367,36.72999954223633,36.77000045776367,3367
2026-01-15 19:40:00,36.76499938964844,36.77999877929688,36.75,36.77000045776367,2299
2026-01-15 19:45:00,36.77999877929688,36.79999923706055,36.77000045776367,36.79999923706055,5453
2026-01-15 19:50:00,36.810001373291016,36.84999847412109,36.810001373291016,36.81999969482422,4194
2026-01-15 19:55:00,36.81999969482422,36.81999969482422,36.79999923706055,36.79999923706055,6363
2026-01-15 20:00:00,36.790000915527344,36.790000915527344,36.755001068115234,36.7599983215332,4659
2026-01-15 20:05:00,36.7599983215332,36.77999877929688,36.75,36.75,4317
2026-01-15 20:10:00,36.7599983215332,36.77000045776367,36.72999954223633,36.75,6494
2026-01-15 20:15:00,36.73500061035156,36.75,36.68999862670898,36.68999862670898,5272
2026-01-15 20:20:00,36.68000030517578,36.68000030517578,36.630001068115234,36.630001068115234,5020
2026-01-15 20:25:00,36.630001068115234,36.65999984741211,36.630001068115234,36.650001525878906,4591
2026-01-15 20:30:00,36.63999938964844,36.709999084472656,36.619998931884766,36.650001525878906,15946
2026-01-15 20:35:00,36.650001525878906,36.65999984741211,36.61000061035156,36.619998931884766,7239
2026-01-15 20:40:00,36.630001068115234,36.65999984741211,36.58000183105469,36.58000183105469,10360
2026-01-15 20:45:00,36.56999969482422,36.650001525878906,36.560001373291016,36.619998931884766,9487
2026-01-15 20:50:00,36.619998931884766,36.619998931884766,36.494998931884766,36.5,28937
2026-01-15 20:55:00,36.5099983215332,36.54999923706055,36.400001525878906,36.47999954223633,119439
2026-01-16 14:30:00,36.27999877929688,36.505001068115234,36.27999877929688,36.505001068115234,6038
2026-01-16 14:35:00,36.47999954223633,36.48500061035156,36.47999954223633,36.48500061035156,1228
2026-01-16 14:40:00,36.2599983215332,36.459999084472656,36.16999816894531,36.310001373291016,7820
2026-01-16 14:45:00,36.40999984741211,36.63999938964844,36.33000183105469,36.54499816894531,9704
2026-01-16 14:50:00,36.45000076293945,36.53499984741211,36.45000076293945,36.53499984741211,2274
2026-01-16 14:55:00,36.52999877929688,36.58000183105469,36.47999954223633,36.47999954223633,469
2026-01-16 15:00:00,36.53499984741211,36.77000045776367,36.52999877929688,36.77000045776367,4627
2026-01-16 15:05:00,36.790000915527344,36.790000915527344,36.65999984741211,36.68999862670898,9222
2026-01-16 15:10:00,36.7599983215332,36.79999923706055,36.71500015258789,36.79999923706055,6040
2026-01-16 15:15:00,36.83000183105469,36.84999847412109,36.75,36.75,3068
2026-01-16 15:20:00,36.7400016784668,36.790000915527344,36.720001220703125,36.790000915527344,1698
2026-01-16 15:25:00,36.79499816894531,36.834999084472656,36.77999877929688,36.83000183105469,2659
2026-01-16 15:30:00,36.84999847412109,36.8650016784668,36.65999984741211,36.7140007019043,4061
2026-01-16 15:35:00,36.66999816894531,36.71500015258789,36.63999938964844,36.65499877929688,4981
2026-01-16 15:40:00,36.63999938964844,36.67499923706055,36.63999938964844,36.67499923706055,1254
2026-01-16 15:45:00,36.68000030517578,36.709999084472656,36.68000030517578,36.709999084472656,2892
2026-01-16 15:50:00,36.72999954223633,36.7400016784668,36.65999984741211,36.65999984741211,4722
2026-01-16 15:55:00,36.63999938964844,36.650001525878906,36.63999938964844,36.63999938964844,935
2026-01-16 16:00:00,36.68000030517578,36.68000030517578,36.650001525878906,36.650001525878906,1691
2026-01-16 16:05:00,36.66999816894531,36.73500061035156,36.650001525878906,36.68000030517578,4185
2026-01-16 16:10:00,36.630001068115234,36.65499877929688,36.630001068115234,36.63999938964844,1437
2026-01-16 16:15:00,36.66999816894531,36.7400016784668,36.66999816894531,36.7400016784668,4406
2026-01-16 16:20:00,36.7599983215332,36.84000015258789,36.7599983215332,36.79999923706055,5891
2026-01-16 16:25:00,36.79999923706055,36.83000183105469,36.77999877929688,36.77999877929688,3213
2026-01-16 16:30:00,36.79999923706055,36.84000015258789,36.79499816894531,36.83000183105469,3075
2026-01-16 16:35:00,36.810001373291016,36.83000183105469,36.810001373291016,36.810001373291016,2786
2026-01-16 16:40:00,36.83000183105469,36.83000183105469,36.75,36.755001068115234,6601
2026-01-16 16:45:00,36.7400016784668,36.79999923706055,36.7400016784668,36.75,3154
2026-01-16 16:50:00,36.77000045776367,36.84000015258789,36.77000045776367,36.83000183105469,3990
2026-01-16 16:55:00,36.83000183105469,36.84999847412109,36.79999923706055,36.79999923706055,3109
2026-01-16 17:00:00,36.79999923706055,36.84999847412109,36.77999877929688,36.83000183105469,4102
2026-01-16 17:05:00,36.845001220703125,36.84999847412109,36.810001373291016,36.84999847412109,3214
2026-01-16 17:10:00,36.81999969482422,36.84000015258789,36.810001373291016,36.810001373291016,5197
2026-01-16 17:15:00,36.83000183105469,36.83000183105469,36.72999954223633,36.81499862670898,6367
2026-01-16 17:20:00,36.79999923706055,36.82500076293945,36.77999877929688,36.77999877929688,2071
2026-01-16 17:25:00,36.77000045776367,36.77000045776367,36.70000076293945,36.70000076293945,3436
2026-01-16 17:30:00,36.720001220703125,36.744998931884766,36.68000030517578,36.70000076293945,5225
2026-01-16 17:35:00,36.65999984741211,36.665000915527344,36.63999938964844,36.63999938964844,2269
2026-01-16 17:40:00,36.63999938964844,36.65079879760742,36.61000061035156,36.61000061035156,3480
2026-01-16 17:45:00,36.619998931884766,36.630001068115234,36.560001373291016,36.58000183105469,5690
2026-01-16 17:50:00,36.58000183105469,36.584999084472656,36.560001373291016,36.56999969482422,4528
2026-01-16 17:55:00,36.56999969482422,36.58000183105469,36.56999969482422,36.57500076293945,3758
2026-01-16 18:00:00,36.56999969482422,36.64500045776367,36.560001373291016,36.64500045776367,4631
2026-01-16 18:05:00,36.68999862670898,36.68999862670898,36.66999816894531,36.67499923706055,3325
2026-01-16 18:10:00,36.67499923706055,36.82500076293945,36.67499923706055,36.81499862670898,5946
2026-01-16 18:15:00,36.790000915527344,36.79999923706055,36.72999954223633,36.7599983215332,3145
2026-01-16 18:20:00,36.72999954223633,36.7400016784668,36.68000030517578,36.72999954223633,3983
2026-01-16 18:25:00,36.75,36.77000045776367,36.75,36.76499938964844,3864
2026-01-16 18:30:00,36.75,36.75,36.68999862670898,36.68999862670898,2330
2026-01-16 18:35:00,36.709999084472656,36.709999084472656,36.58000183105469,36.58000183105469,2912
2026-01-16 18:40:00,36.595001220703125,36.595001220703125,36.560001373291016,36.560001373291016,2298
2026-01-16 18:45:00,36.54999923706055,36.54999923706055,36.5,36.52999877929688,3292
2026-01-16 18:50:00,36.540000915527344,36.59000015258789,36.52999877929688,36.59000015258789,6166
2026-01-16 18:55:00,36.595001220703125,36.595001220703125,36.470001220703125,36.5,4716
2026-01-16 19:00:00,36.5,36.665000915527344,36.5,36.630001068115234,10914
2026-01-16 19:05:00,36.630001068115234,36.65499877929688,36.59000015258789,36.59000015258789,4802
2026-01-16 19:10:00,36.58000183105469,36.58000183105469,36.5099983215332,36.5099983215332,4427
2026-01-16 19:15:00,36.5,36.560001373291016,36.5,36.560001373291016,4156
2026-01-16 19:20:00,36.540000915527344,36.560001373291016,36.52999877929688,36.54999923706055,4340
2026-01-16 19:25:00,36.52999877929688,36.560001373291016,36.52000045776367,36.54999923706055,7029
2026-01-16 19:30:00,36.52999877929688,36.56999969482422,36.470001220703125,36.560001373291016,9309
2026-01-16 19:35:00,36.58000183105469,36.7599983215332,36.58000183105469,36.7400016784668,13584
2026-01-16 19:40:00,36.7599983215332,36.7599983215332,36.720001220703125,36.720001220703125,166937
2026-01-16 19:45:00,36.72029876708984,36.77999877929688,36.70000076293945,36.70000076293945,0
2026-01-16 19:50:00,36.70000076293945,36.72999954223633,36.68000030517578,36.68000030517578,10084
2026-01-16 19:55:00,36.67499923706055,36.68000030517578,36.59000015258789,36.59999847412109,3436
2026-01-16 20:00:00,36.59000015258789,36.619998931884766,36.58000183105469,36.619998931884766,5835
2026-01-16 20:05:00,36.6150016784668,36.6349983215332,36.56999969482422,36.56999969482422,4865
2026-01-16 20:10:00,36.560001373291016,36.560001373291016,36.470001220703125,36.5099983215332,11392
2026-01-16 20:15:00,36.52939987182617,36.560001373291016,36.52939987182617,36.54499816894531,4030
2026-01-16 20:20:00,36.540000915527344,36.61000061035156,36.540000915527344,36.61000061035156,5324
2026-01-16 20:25:00,36.60499954223633,36.625,36.59999847412109,36.625,7657
2026-01-16 20:30:00,36.625,36.63999938964844,36.56999969482422,36.59000015258789,9470
2026-01-16 20:35:00,36.56999969482422,36.630001068115234,36.56999969482422,36.56999969482422,11394
2026-01-16 20:40:00,36.560001373291016,36.560001373291016,36.45000076293945,36.470001220703125,14971
2026-01-16 20:45:00,36.47999954223633,36.52000045776367,36.45500183105469,36.45500183105469,17388
2026-01-16 20:50:00,36.45500183105469,36.45500183105469,36.27999877929688,36.33000183105469,52984
2026-01-16 20:55:00,36.31999969482422,36.3849983215332,36.290000915527344,36.33000183105469,133899
2026-01-20 14:30:00,35.959999084472656,36.209999084472656,35.875,36.04999923706055,15055
2026-01-20 14:35:00,35.869998931884766,35.994998931884766,35.869998931884766,35.994998931884766,1275
2026-01-20 14:40:00,36.02000045776367,36.08000183105469,35.86000061035156,35.939998626708984,6286
2026-01-20 14:45:00,35.900001525878906,35.900001525878906,35.77000045776367,35.77000045776367,3653
2026-01-20 14:50:00,35.76499938964844,35.76499938964844,35.43000030517578,35.439998626708984,10122
2026-01-20 14:55:00,35.439998626708984,35.60499954223633,35.36000061035156,35.564998626708984,31434
2026-01-20 15:00:00,35.564998626708984,35.564998626708984,35.36000061035156,35.36000061035156,16498
2026-01-20 15:05:00,35.34000015258789,35.564998626708984,35.33000183105469,35.470001220703125,13587
2026-01-20 15:10:00,35.459999084472656,35.56079864501953,35.25,35.36000061035156,6780
2026-01-20 15:15:00,35.374000549316406,35.470001220703125,35.349998474121094,35.46500015258789,13375
2026-01-20 15:20:00,35.439998626708984,35.5099983215332,35.439998626708984,35.459999084472656,3334
2026-01-20 15:25:00,35.52000045776367,35.540000915527344,35.5099983215332,35.529998779296875,3354
2026-01-20 15:30:00,35.54999923706055,35.65999984741211,35.54999923706055,35.64500045776367,3308
2026-01-20 15:35:00,35.599998474121094,35.68000030517578,35.5099983215332,35.68000030517578,10660
2026-01-20 15:40:00,35.65999984741211,35.689998626708984,35.630001068115234,35.67499923706055,2629
2026-01-20 15:45:00,35.65999984741211,35.66999816894531,35.56999969482422,35.630001068115234,4314
2026-01-20 15:50:00,35.58000183105469,35.58000183105469,35.58000183105469,35.58000183105469,368
2026-01-20 15:55:00,35.599998474121094,35.599998474121094,35.599998474121094,35.599998474121094,6279
2026-01-20 16:00:00,35.60499954223633,35.60499954223633,35.439998626708984,35.439998626708984,4862
2026-01-20 16:05:00,35.439998626708984,35.529998779296875,35.439998626708984,35.529998779296875,3711
2026-01-20 16:10:00,35.54999923706055,35.59000015258789,35.494998931884766,35.494998931884766,3508
2026-01-20 16:15:00,35.470001220703125,35.65999984741211,35.470001220703125,35.58000183105469,7859
2026-01-20 16:20:00,35.564998626708984,35.564998626708984,35.529998779296875,35.540000915527344,4427
2026-01-20 16:25:00,35.540000915527344,35.65999984741211,35.540000915527344,35.61000061035156,7780
2026-01-20 16:30:00,35.619998931884766,35.709999084472656,35.619998931884766,35.630001068115234,5877
2026-01-20 16:35:00,35.61000061035156,35.63999938964844,35.61000061035156,35.63999938964844,1779
2026-01-20 16:40:00,35.630001068115234,35.63999938964844,35.54999923706055,35.584999084472656,6715
2026-01-20 16:45:00,35.599998474121094,35.65999984741211,35.599998474121094,35.599998474121094,3146
2026-01-20 16:50:00,35.619998931884766,35.65999984741211,35.54999923706055,35.54999923706055,4830
2026-01-20 16:55:00,35.56999969482422,35.599998474121094,35.56999969482422,35.58000183105469,4895
2026-01-20 17:00:00,35.61000061035156,35.689998626708984,35.61000061035156,35.619998931884766,4962
2026-01-20 17:05:00,35.630001068115234,35.66999816894531,35.630001068115234,35.650001525878906,2969
2026-01-20 17:10:00,35.630001068115234,35.66999816894531,35.59000015258789,35.66999816894531,3250
2026-01-20 17:15:00,35.68000030517578,35.685001373291016,35.65999984741211,35.65999984741211,2657
2026-01-20 17:20:00,35.65999984741211,35.66999816894531,35.63999938964844,35.63999938964844,4799
2026-01-20 17:25:00,35.63999938964844,35.68000030517578,35.630001068115234,35.68000030517578,3829
2026-01-20 17:30:00,35.66999816894531,35.68000030517578,35.630001068115234,35.6349983215332,5099
2026-01-20 17:35:00,35.61000061035156,35.654998779296875,35.59000015258789,35.650001525878906,3786
2026-01-20 17:40:00,35.65999984741211,35.65999984741211,35.61000061035156,35.61000061035156,5204
2026-01-20 17:45:00,35.59000015258789,35.595001220703125,35.54999923706055,35.58000183105469,3672
2026-01-20 17:50:00,35.54999923706055,35.63999938964844,35.54999923706055,35.6150016784668,4421
2026-01-20 17:55:00,35.6150016784668,35.66999816894531,35.604000091552734,35.665000915527344,3789
2026-01-20 18:00:00,35.630001068115234,35.68000030517578,35.619998931884766,35.68000030517578,5026
2026-01-20 18:05:00,35.665000915527344,35.75,35.665000915527344,35.72999954223633,6275
2026-01-20 18:10:00,35.7400016784668,35.779998779296875,35.7400016784668,35.7599983215332,3545
2026-01-20 18:15:00,35.75,35.779998779296875,35.75,35.77000045776367,6894
2026-01-20 18:20:00,35.77000045776367,35.790000915527344,35.7400016784668,35.775001525878906,3545
2026-01-20 18:25:00,35.77000045776367,35.77000045776367,35.72999954223633,35.7599983215332,3111
2026-01-20 18:30:00,35.7599983215332,35.79999923706055,35.7400016784668,35.7400016784668,5486
2026-01-20 18:35:00,35.7400016784668,35.76070022583008,35.720001220703125,35.76070022583008,5664
2026-01-20 18:40:00,35.75,35.77000045776367,35.72999954223633,35.75,7570
2026-01-20 18:45:00,35.744998931884766,35.75,35.69990158081055,35.72999954223633,16005
2026-01-20 18:50:00,35.720001220703125,35.7599983215332,35.65999984741211,35.720001220703125,13182
2026-01-20 18:55:00,35.720001220703125,35.7599983215332,35.720001220703125,35.75,5000
2026-01-20 19:00:00,35.7400016784668,35.81999969482422,35.720001220703125,35.80500030517578,4781
2026-01-20 19:05:00,35.80500030517578,35.810001373291016,35.779998779296875,35.79999923706055,6404
2026-01-20 19:10:00,35.810001373291016,35.880001068115234,35.810001373291016,35.849998474121094,4993
2026-01-20 19:15:00,35.83000183105469,35.83000183105469,35.75,35.7599983215332,6735
2026-01-20 19:20:00,35.7599983215332,35.880001068115234,35.7599983215332,35.880001068115234,9039
2026-01-20 19:25:00,35.86000061035156,35.880001068115234,35.845001220703125,35.880001068115234,224453
2026-01-20 19:30:00,35.8650016784668,35.8650016784668,35.70000076293945,35.70000076293945,0
2026-01-20 19:35:00,35.70000076293945,35.7599983215332,35.70000076293945,35.7400016784668,13679
2026-01-20 19:40:00,35.7400016784668,35.7599983215332,35.66999816894531,35.709999084472656,30279
2026-01-20 19:45:00,35.709999084472656,35.709999084472656,35.630001068115234,35.63999938964844,17295
2026-01-20 19:50:00,35.63999938964844,35.63999938964844,35.59000015258789,35.60499954223633,20023
2026-01-20 19:55:00,35.599998474121094,35.625,35.56999969482422,35.56999969482422,14143
2026-01-20 20:00:00,35.57500076293945,35.63999938964844,35.52000045776367,35.58000183105469,33696
2026-01-20 20:05:00,35.56999969482422,35.61000061035156,35.560001373291016,35.599998474121094,22142
2026-01-20 20:10:00,35.619998931884766,35.619998931884766,35.52000045776367,35.58000183105469,22123
2026-01-20 20:15:00,35.59000015258789,35.65999984741211,35.584999084472656,35.584999084472656,26791
2026-01-20 20:20:00,35.59000015258789,35.599998474121094,35.51499938964844,35.529998779296875,14495
2026-01-20 20:25:00,35.54999923706055,35.58000183105469,35.54999923706055,35.564998626708984,17087
2026-01-20 20:30:00,35.54999923706055,35.70000076293945,35.529998779296875,35.63999938964844,32488
2026-01-20 20:35:00,35.650001525878906,35.650001525878906,35.595001220703125,35.619998931884766,31531
2026-01-20 20:40:00,35.619998931884766,35.650001525878906,35.584999084472656,35.59000015258789,42574
2026-01-20 20:45:00,35.599998474121094,35.65999984741211,35.58000183105469,35.58000183105469,38158
2026-01-20 20:50:00,35.56999969482422,35.56999969482422,35.29999923706055,35.31999969482422,90413
2026-01-20 20:55:00,35.33000183105469,35.439998626708984,35.2400016784668,35.36000061035156,234874
2026-01-21 14:30:00,35.595001220703125,36.040000915527344,35.595001220703125,35.96500015258789,15208
2026-01-21 14:35:00,36.02000045776367,36.244998931884766,36.02000045776367,36.06999969482422,3659
2026-01-21 14:40:00,36.06499862670898,36.06999969482422,35.81999969482422,35.83000183105469,2618
2026-01-21 14:45:00,35.81999969482422,35.81999969482422,35.709999084472656,35.7599983215332,4136
2026-01-21 14:50:00,35.709999084472656,35.709999084472656,35.529998779296875,35.529998779296875,4704
2026-01-21 14:55:00,35.584999084472656,35.599998474121094,35.459999084472656,35.459999084472656,4298
2026-01-21 15:00:00,35.459999084472656,35.529998779296875,35.439998626708984,35.529998779296875,3493
2026-01-21 15:05:00,35.41999816894531,35.5099983215332,35.290000915527344,35.41999816894531,7641
2026-01-21 15:10:00,35.35499954223633,35.44499969482422,35.33000183105469,35.36000061035156,6513
2026-01-21 15:15:00,35.2599983215332,35.29999923706055,35.2599983215332,35.29999923706055,3144
2026-01-21 15:20:00,35.2599983215332,35.2599983215332,35.18000030517578,35.220001220703125,6426
2026-01-21 15:25:00,35.22999954223633,35.255001068115234,35.16999816894531,35.189998626708984,3892
2026-01-21 15:30:00,35.29999923706055,35.369998931884766,35.27000045776367,35.29499816894531,3307
2026-01-21 15:40:00,35.337100982666016,35.337100982666016,35.337100982666016,35.337100982666016,807
2026-01-21 15:45:00,35.330101013183594,35.369998931884766,35.189998626708984,35.189998626708984,6208
2026-01-21 15:50:00,35.21500015258789,35.21500015258789,35.11000061035156,35.119998931884766,2829
2026-01-21 15:55:00,35.130001068115234,35.290000915527344,35.130001068115234,35.25,5026
2026-01-21 16:00:00,35.2400016784668,35.25,35.2400016784668,35.25,853
2026-01-21 16:05:00,35.220001220703125,35.220001220703125,35.119998931884766,35.119998931884766,3761
2026-01-21 16:10:00,35.099998474121094,35.10499954223633,35.099998474121094,35.10499954223633,1248
2026-01-21 16:15:00,35.10499954223633,35.13999938964844,34.95500183105469,34.98500061035156,15983
2026-01-21 16:20:00,34.98500061035156,34.98500061035156,34.900001525878906,34.904998779296875,6043
2026-01-21 16:25:00,34.900001525878906,34.900001525878906,34.84000015258789,34.89690017700195,6455
2026-01-21 16:30:00,34.86000061035156,34.869998931884766,34.77000045776367,34.81999969482422,4294
2026-01-21 16:35:00,34.810001373291016,34.81999969482422,34.78499984741211,34.78499984741211,5710
2026-01-21 16:40:00,34.77000045776367,34.79999923706055,34.709999084472656,34.75,11144
2026-01-21 16:45:00,34.75,34.790000915527344,34.72999954223633,34.790000915527344,6101
2026-01-21 16:50:00,34.730098724365234,34.78499984741211,34.730098724365234,34.7400016784668,4289
2026-01-21 16:55:00,34.77000045776367,34.77000045776367,34.75,34.75,1755
2026-01-21 17:00:00,34.76499938964844,34.76499938964844,34.65999984741211,34.70000076293945,7751
2026-01-21 17:05:00,34.71500015258789,34.7400016784668,34.68000030517578,34.68000030517578,4342
2026-01-21 17:10:00,34.69499969482422,34.79999923706055,34.689998626708984,34.75,9181
2026-01-21 17:15:00,34.75,34.88999938964844,34.72999954223633,34.88999938964844,6025
2026-01-21 17:20:00,34.875,34.994998931884766,34.86000061035156,34.994998931884766,4667
2026-01-21 17:25:00,35.060001373291016,35.21500015258789,35.060001373291016,35.21500015258789,7238
2026-01-21 17:30:00,35.21500015258789,35.224998474121094,35.150001525878906,35.220001220703125,6397
2026-01-21 17:35:00,35.2400016784668,35.27000045776367,35.189998626708984,35.255001068115234,9100
2026-01-21 17:40:00,35.279998779296875,35.310001373291016,35.21500015258789,35.27000045776367,5543
2026-01-21 17:45:00,35.26499938964844,35.314998626708984,35.25,35.290000915527344,5344
2026-01-21 17:50:00,35.310001373291016,35.38999938964844,35.310001373291016,35.38999938964844,6125
2026-01-21 17:55:00,35.369998931884766,35.43000030517578,35.36000061035156,35.41999816894531,5442
2026-01-21 18:00:00,35.43000030517578,35.43000030517578,35.38999938964844,35.38999938964844,7828
2026-01-21 18:05:00,35.38999938964844,35.41999816894531,35.36000061035156,35.3849983215332,9431
2026-01-21 18:10:00,35.369998931884766,35.38999938964844,35.2400016784668,35.27000045776367,7069
2026-01-21 18:15:00,35.25,35.279998779296875,35.16999816894531,35.22999954223633,20151
2026-01-21 18:20:00,35.22999954223633,35.2400016784668,35.11000061035156,35.119998931884766,7864
2026-01-21 18:25:00,35.14500045776367,35.1875,35.11000061035156,35.11000061035156,9739
2026-01-21 18:30:00,35.13999938964844,35.209999084472656,35.13999938964844,35.209999084472656,9563
2026-01-21 18:35:00,35.220001220703125,35.26499938964844,35.18000030517578,35.25,10322
2026-01-21 18:45:00,35.224998474121094,35.224998474121094,35.20500183105469,35.220001220703125,15546
2026-01-21 18:50:00,35.209999084472656,35.22999954223633,35.189998626708984,35.20000076293945,8617
2026-01-21 18:55:00,35.189998626708984,35.20500183105469,35.16999816894531,35.189998626708984,4983
2026-01-21 19:00:00,35.185001373291016,35.189998626708984,35.16999816894531,35.189998626708984,7017
2026-01-21 19:05:00,35.18000030517578,35.22999954223633,35.16999816894531,35.22999954223633,6464
2026-01-21 19:10:00,35.2400016784668,35.255001068115234,35.209999084472656,35.22999954223633,10326
2026-01-21 19:15:00,35.209999084472656,35.224998474121094,35.15999984741211,35.21500015258789,19757
2026-01-21 19:20:00,35.220001220703125,35.220001220703125,35.119998931884766,35.15999984741211,7332
2026-01-21 19:25:00,35.185001373291016,35.38999938964844,35.17660140991211,35.369998931884766,15748
2026-01-21 19:30:00,35.349998474121094,35.43000030517578,35.349998474121094,35.43000030517578,9361
2026-01-21 19:35:00,35.42499923706055,35.6150016784668,35.40999984741211,35.584999084472656,19166
2026-01-21 19:40:00,35.56999969482422,35.57500076293945,35.400001525878906,35.540000915527344,13578
2026-01-21 19:45:00,35.5099983215332,35.54999923706055,35.400001525878906,35.470001220703125,16136
2026-01-21 19:50:00,35.4900016784668,35.494998931884766,35.375,35.375,7291
2026-01-21 19:55:00,35.3849983215332,35.5,35.3849983215332,35.4900016784668,8571
2026-01-21 20:00:00,35.54999923706055,35.58000183105469,35.43000030517578,35.459999084472656,8608
2026-01-21 20:05:00,35.45000076293945,35.4900016784668,35.38999938964844,35.38999938964844,6850
2026-01-21 20:10:00,35.415000915527344,35.41999816894531,35.380001068115234,35.38999938964844,7831
2026-01-21 20:15:00,35.43000030517578,35.439998626708984,35.25,35.25,12828
2026-01-21 20:20:00,35.2400016784668,35.26499938964844,35.18000030517578,35.18000030517578,14523
2026-01-21 20:25:00,35.18000030517578,35.20000076293945,35.14500045776367,35.16999816894531,13760
2026-01-21 20:30:00,35.16999816894531,35.22999954223633,35.1349983215332,35.20000076293945,17651
2026-01-21 20:35:00,35.20500183105469,35.2599983215332,35.20500183105469,35.22999954223633,21819
2026-01-21 20:40:00,35.22999954223633,35.25,35.209999084472656,35.25,14773
2026-01-21 20:45:00,35.25,35.310001373291016,35.22999954223633,35.279998779296875,27837
2026-01-21 20:50:00,35.28499984741211,35.38999938964844,35.27000045776367,35.36000061035156,50333
2026-01-21 20:55:00,35.34000015258789,35.4900016784668,35.314998626708984,35.459999084472656,127501
2026-01-22 14:30:00,35.560001373291016,36.22999954223633,35.36000061035156,35.5099983215332,15752
2026-01-22 14:35:00,35.5099983215332,35.81999969482422,35.5099983215332,35.81999969482422,3416
2026-01-22 14:40:00,35.95000076293945,35.95000076293945,35.744998931884766,35.76060104370117,1643
2026-01-22 14:45:00,35.77080154418945,35.939998626708984,35.70000076293945,35.8036003112793,8124
2026-01-22 14:50:00,35.75,35.790000915527344,35.61000061035156,35.630001068115234,4766
2026-01-22 14:55:00,35.6349983215332,35.64500045776367,35.6349983215332,35.64500045776367,2826
2026-01-22 15:00:00,35.75,35.75,35.69499969482422,35.70000076293945,1327
2026-01-22 15:05:00,35.70000076293945,35.93000030517578,35.70000076293945,35.93000030517578,3135
2026-01-22 15:10:00,35.93000030517578,35.95000076293945,35.83000183105469,35.90999984741211,14313
2026-01-22 15:15:00,35.880001068115234,35.97999954223633,35.78499984741211,35.915000915527344,7626
2026-01-22 15:20:00,35.939998626708984,35.939998626708984,35.869998931884766,35.91999816894531,2524
2026-01-22 15:25:00,35.90999984741211,35.94499969482422,35.86000061035156,35.91999816894531,8082
2026-01-22 15:30:00,35.869998931884766,35.880001068115234,35.7400016784668,35.7400016784668,6197
2026-01-22 15:35:00,35.650001525878906,35.68000030517578,35.61000061035156,35.64500045776367,5977
2026-01-22 15:40:00,35.63999938964844,35.689998626708984,35.56999969482422,35.56999969482422,8109
2026-01-22 15:45:00,35.560001373291016,35.6349983215332,35.560001373291016,35.599998474121094,4338
2026-01-22 15:50:00,35.595001220703125,35.6150016784668,35.57500076293945,35.599998474121094,10380
2026-01-22 15:55:00,35.61000061035156,35.61000061035156,35.54999923706055,35.599998474121094,10456
2026-01-22 16:00:00,35.599998474121094,35.64500045776367,35.58000183105469,35.61000061035156,12667
2026-01-22 16:05:00,35.60499954223633,35.73500061035156,35.60499954223633,35.720001220703125,6393
2026-01-22 16:10:00,35.709999084472656,35.86000061035156,35.689998626708984,35.84000015258789,8000
2026-01-22 16:15:00,35.834999084472656,35.834999084472656,35.779998779296875,35.81999969482422,2633
2026-01-22 16:20:00,35.81999969482422,35.81999969482422,35.7599983215332,35.775001525878906,5013
2026-01-22 16:25:00,35.77000045776367,35.779998779296875,35.72999954223633,35.72999954223633,4957
2026-01-22 16:30:00,35.689998626708984,35.720001220703125,35.689998626708984,35.70000076293945,1362
2026-01-22 16:35:00,35.709999084472656,35.724998474121094,35.709999084472656,35.709999084472656,2739
2026-01-22 16:40:00,35.689998626708984,35.70000076293945,35.68000030517578,35.689998626708984,2730
2026-01-22 16:45:00,35.68000030517578,35.69499969482422,35.66999816894531,35.69499969482422,2416
2026-01-22 16:50:00,35.709999084472656,35.73500061035156,35.65999984741211,35.65999984741211,5726
2026-01-22 16:55:00,35.689998626708984,35.689998626708984,35.61000061035156,35.619998931884766,2446
2026-01-22 17:00:00,35.630001068115234,35.70000076293945,35.630001068115234,35.70000076293945,2249
2026-01-22 17:05:00,35.709999084472656,35.75,35.689998626708984,35.75,2459
2026-01-22 17:10:00,35.7599983215332,35.77000045776367,35.75,35.77000045776367,1847
2026-01-22 17:15:00,35.779998779296875,35.810001373291016,35.779998779296875,35.80500030517578,2937
2026-01-22 17:20:00,35.78499984741211,35.79499816894531,35.7599983215332,35.79499816894531,3389
2026-01-22 17:25:00,35.779998779296875,35.85499954223633,35.779998779296875,35.83000183105469,5839
2026-01-22 17:30:00,35.85499954223633,35.869998931884766,35.7599983215332,35.7599983215332,9302
2026-01-22 17:35:00,35.7599983215332,35.79499816894531,35.72999954223633,35.72999954223633,8884
2026-01-22 17:40:00,35.72999954223633,35.77000045776367,35.72999954223633,35.7599983215332,4749
2026-01-22 17:45:00,35.7599983215332,35.7599983215332,35.72999954223633,35.72999954223633,2608
2026-01-22 17:50:00,35.720001220703125,35.72999954223633,35.66999816894531,35.66999816894531,3830
2026-01-22 17:55:00,35.650001525878906,35.65999984741211,35.61000061035156,35.630001068115234,2723
2026-01-22 18:00:00,35.625,35.7599983215332,35.599998474121094,35.744998931884766,4732
2026-01-22 18:05:00,35.75,35.790000915527344,35.68000030517578,35.68000030517578,18676
2026-01-22 18:10:00,35.66999816894531,35.709999084472656,35.650001525878906,35.709999084472656,4615
2026-01-22 18:15:00,35.689998626708984,35.755001068115234,35.689998626708984,35.72999954223633,4628
2026-01-22 18:20:00,35.7400016784668,35.77000045776367,35.709999084472656,35.77000045776367,4431
2026-01-22 18:25:00,35.7400016784668,35.7599983215332,35.72999954223633,35.72999954223633,3146
2026-01-22 18:30:00,35.75,35.83000183105469,35.75,35.779998779296875,6019
2026-01-22 18:35:00,35.779998779296875,35.79999923706055,35.7599983215332,35.78499984741211,5816
2026-01-22 18:40:00,35.77000045776367,35.79499816894531,35.77000045776367,35.790000915527344,2003
2026-01-22 18:45:00,35.79999923706055,35.80899810791016,35.76839828491211,35.80899810791016,6172
2026-01-22 18:50:00,35.810001373291016,35.87189865112305,35.810001373291016,35.83000183105469,7354
2026-01-22 18:55:00,35.83000183105469,35.869998931884766,35.814998626708984,35.869998931884766,7559
2026-01-22 19:00:00,35.875,35.880001068115234,35.81999969482422,35.8650016784668,7075
2026-01-22 19:05:00,35.86000061035156,35.939998626708984,35.85499954223633,35.900001525878906,9379
2026-01-22 19:10:00,35.880001068115234,35.88999938964844,35.849998474121094,35.88999938964844,6819
2026-01-22 19:15:00,35.88999938964844,35.93000030517578,35.880001068115234,35.90999984741211,7417
2026-01-22 19:20:00,35.91999816894531,35.939998626708984,35.91590118408203,35.91999816894531,3377
2026-01-22 19:25:00,35.91999816894531,35.93000030517578,35.900001525878906,35.93000030517578,5187
2026-01-22 19:30:00,35.91999816894531,35.91999816894531,35.810001373291016,35.810001373291016,9658
2026-01-22 19:35:00,35.8047981262207,35.810001373291016,35.755001068115234,35.755001068115234,11798
2026-01-22 19:40:00,35.755001068115234,35.77000045776367,35.72999954223633,35.7400016784668,5132
2026-01-22 19:45:00,35.7400016784668,35.75,35.689998626708984,35.70000076293945,267635
2026-01-22 19:50:00,35.689998626708984,35.70000076293945,35.61000061035156,35.61000061035156,0
2026-01-22 19:55:00,35.61000061035156,35.619998931884766,35.560001373291016,35.560001373291016,8371
2026-01-22 20:00:00,35.529998779296875,35.56999969482422,35.52000045776367,35.54999923706055,7605
2026-01-22 20:05:00,35.560001373291016,35.599998474121094,35.529998779296875,35.599998474121094,8427
2026-01-22 20:10:00,35.60499954223633,35.60499954223633,35.560001373291016,35.57500076293945,8470
2026-01-22 20:15:00,35.560001373291016,35.62990188598633,35.540000915527344,35.59000015258789,13933
2026-01-22 20:20:00,35.59000015258789,35.595001220703125,35.56999969482422,35.59000015258789,8454
2026-01-22 20:25:00,35.58000183105469,35.599998474121094,35.4900016784668,35.5,22121
2026-01-22 20:30:00,35.5,35.52000045776367,35.459999084472656,35.470001220703125,16845
2026-01-22 20:35:00,35.470001220703125,35.5099983215332,35.459999084472656,35.470001220703125,12714
2026-01-22 20:40:00,35.48500061035156,35.51499938964844,35.48500061035156,35.5,14100
2026-01-22 20:45:00,35.5,35.505001068115234,35.459999084472656,35.459999084472656,19556
2026-01-22 20:50:00,35.459999084472656,35.4640007019043,35.400001525878906,35.400001525878906,32564
2026-01-22 20:55:00,35.38999938964844,35.400001525878906,35.20000076293945,35.20500183105469,126556
2026-01-23 14:30:00,35.20000076293945,35.380001068115234,35.20000076293945,35.380001068115234,8099
2026-01-23 14:35:00,35.209999084472656,35.285701751708984,35.209999084472656,35.285701751708984,4689
2026-01-23 14:40:00,35.36000061035156,35.38999938964844,35.12990188598633,35.29999923706055,2136
2026-01-23 14:45:00,35.29499816894531,35.400001525878906,35.29499816894531,35.400001525878906,3013
2026-01-23 14:50:00,35.310001373291016,35.310001373291016,35.06999969482422,35.16999816894531,3222
2026-01-23 14:55:00,35.18000030517578,35.38999938964844,35.18000030517578,35.38999938964844,1777
2026-01-23 15:00:00,35.36000061035156,35.38999938964844,35.36000061035156,35.38999938964844,4616
2026-01-23 15:05:00,35.38999938964844,35.38999938964844,35.25,35.375,2673
2026-01-23 15:10:00,35.2599983215332,35.38999938964844,35.209999084472656,35.349998474121094,9168
2026-01-23 15:15:00,35.220001220703125,35.345001220703125,35.14500045776367,35.14500045776367,6285
2026-01-23 15:20:00,35.13999938964844,35.499900817871094,35.1349983215332,35.400001525878906,9619
2026-01-23 15:25:00,35.30009841918945,35.380001068115234,35.290000915527344,35.36000061035156,6083
2026-01-23 15:30:00,35.41999816894531,35.41999816894531,35.310001373291016,35.35499954223633,4168
2026-01-23 15:35:00,35.349998474121094,35.43000030517578,35.349998474121094,35.404998779296875,4334
2026-01-23 15:40:00,35.46500015258789,35.46500015258789,35.43000030517578,35.43000030517578,2655
2026-01-23 15:45:00,35.46500015258789,35.477500915527344,35.36000061035156,35.36000061035156,22331
2026-01-23 15:50:00,35.3650016784668,35.439998626708984,35.3650016784668,35.40999984741211,13652
2026-01-23 15:55:00,35.404998779296875,35.459999084472656,35.36000061035156,35.439998626708984,9916
2026-01-23 16:00:00,35.439998626708984,35.630001068115234,35.439998626708984,35.57500076293945,10046
2026-01-23 16:05:00,35.619998931884766,35.630001068115234,35.560001373291016,35.58000183105469,6286
2026-01-23 16:10:00,35.54999923706055,35.54999923706055,35.459999084472656,35.540000915527344,8884
2026-01-23 16:15:00,35.511600494384766,35.599998474121094,35.511600494384766,35.599998474121094,3242
2026-01-23 16:20:00,35.599998474121094,35.599998474121094,35.54999923706055,35.54999923706055,5659
2026-01-23 16:25:00,35.58000183105469,35.58000183105469,35.540000915527344,35.540000915527344,3082
2026-01-23 16:30:00,35.54499816894531,35.54499816894531,35.5099983215332,35.525001525878906,2002
2026-01-23 16:35:00,35.525001525878906,35.525001525878906,35.4900016784668,35.51499938964844,3401
2026-01-23 16:40:00,35.540000915527344,35.540000915527344,35.4900016784668,35.5,4495
2026-01-23 16:45:00,35.5,35.52000045776367,35.4900016784668,35.52000045776367,2621
2026-01-23 16:50:00,35.540000915527344,35.6349983215332,35.540000915527344,35.61000061035156,4229
2026-01-23 16:55:00,35.619998931884766,35.86000061035156,35.619998931884766,35.86000061035156,8624
2026-01-23 17:00:00,35.869998931884766,35.9900016784668,35.869998931884766,35.880001068115234,16603
2026-01-23 17:05:00,35.86000061035156,35.8838005065918,35.7400016784668,35.77000045776367,6686
2026-01-23 17:10:00,35.77000045776367,35.790000915527344,35.72999954223633,35.790000915527344,7140
2026-01-23 17:15:00,35.83000183105469,35.96500015258789,35.83000183105469,35.96500015258789,4954
2026-01-23 17:20:00,35.97999954223633,35.9900016784668,35.939998626708984,35.95000076293945,6002
2026-01-23 17:25:00,35.939998626708984,36.08000183105469,35.939998626708984,35.994998931884766,17508
2026-01-23 17:30:00,35.970001220703125,35.970001220703125,35.880001068115234,35.880001068115234,6322
2026-01-23 17:35:00,35.86000061035156,35.91999816894531,35.86000061035156,35.900001525878906,3395
2026-01-23 17:40:00,35.880001068115234,35.89500045776367,35.790000915527344,35.790000915527344,12745
2026-01-23 17:45:00,35.7599983215332,35.779998779296875,35.70000076293945,35.7599983215332,6312
2026-01-23 17:50:00,35.72999954223633,35.72999954223633,35.689998626708984,35.689998626708984,188258
2026-01-23 17:55:00,35.689998626708984,35.709999084472656,35.65999984741211,35.65999984741211,0
2026-01-23 18:00:00,35.68000030517578,35.779998779296875,35.66999816894531,35.75,7435
2026-01-23 18:05:00,35.755001068115234,35.83000183105469,35.75,35.83000183105469,3726
2026-01-23 18:10:00,35.83000183105469,35.83000183105469,35.7400016784668,35.78499984741211,9831
2026-01-23 18:15:00,35.78499984741211,35.79999923706055,35.7599983215332,35.7599983215332,6262
2026-01-23 18:20:00,35.7400016784668,35.79999923706055,35.7400016784668,35.75,7741
2026-01-23 18:25:00,35.75,35.79999923706055,35.7400016784668,35.79999923706055,6609
2026-01-23 18:30:00,35.79999923706055,35.79999923706055,35.75,35.779998779296875,8006
2026-01-23 18:35:00,35.779998779296875,35.83000183105469,35.77000045776367,35.83000183105469,5858
2026-01-23 18:40:00,35.81999969482422,35.84000015258789,35.790000915527344,35.79999923706055,6252
2026-01-23 18:45:00,35.79999923706055,35.81999969482422,35.7599983215332,35.81999969482422,6145
2026-01-23 18:50:00,35.779998779296875,35.85499954223633,35.779998779296875,35.85499954223633,5735
2026-01-23 18:55:00,35.85499954223633,35.880001068115234,35.81999969482422,35.86000061035156,6815
2026-01-23 19:00:00,35.83000183105469,35.88999938964844,35.81999969482422,35.849998474121094,5734
2026-01-23 19:05:00,35.880001068115234,35.880001068115234,35.779998779296875,35.86000061035156,7558
2026-01-23 19:10:00,35.86000061035156,35.880001068115234,35.83000183105469,35.83000183105469,7022
2026-01-23 19:15:00,35.82500076293945,35.82500076293945,35.77000045776367,35.77000045776367,4547
2026-01-23 19:20:00,35.810001373291016,35.869998931884766,35.790000915527344,35.790000915527344,8251
2026-01-23 19:25:00,35.77000045776367,35.83000183105469,35.77000045776367,35.81999969482422,5427
2026-01-23 19:30:00,35.81999969482422,35.81999969482422,35.790000915527344,35.810001373291016,6757
2026-01-23 19:35:00,35.810001373291016,35.81999969482422,35.779998779296875,35.81999969482422,9093
2026-01-23 19:40:00,35.845001220703125,35.86000061035156,35.810001373291016,35.810001373291016,6209
2026-01-23 19:45:00,35.810001373291016,35.869998931884766,35.810001373291016,35.86000061035156,4308
2026-01-23 19:50:00,35.86000061035156,35.880001068115234,35.82500076293945,35.82500076293945,7864
2026-01-23 19:55:00,35.810001373291016,35.849998474121094,35.79999923706055,35.79999923706055,6149
2026-01-23 20:00:00,35.790000915527344,35.814998626708984,35.7599983215332,35.814998626708984,6588
2026-01-23 20:05:00,35.79999923706055,35.810001373291016,35.779998779296875,35.810001373291016,8059
2026-01-23 20:10:00,35.810001373291016,35.81999969482422,35.77880096435547,35.79999923706055,11728
2026-01-23 20:15:00,35.79999923706055,35.834999084472656,35.790000915527344,35.814998626708984,26610
2026-01-23 20:20:00,35.814998626708984,35.93000030517578,35.810001373291016,35.91999816894531,29766
2026-01-23 20:25:00,35.91999816894531,35.959999084472656,35.900001525878906,35.94499969482422,16119
2026-01-23 20:30:00,35.94499969482422,36.209999084472656,35.88999938964844,36.11000061035156,127138
2026-01-23 20:35:00,36.11000061035156,36.21500015258789,36.040000915527344,36.040000915527344,34110
2026-01-23 20:40:00,36.040000915527344,36.15499877929688,36.040000915527344,36.150001525878906,31312
2026-01-23 20:45:00,36.19499969482422,36.2599983215332,36.19499969482422,36.2400016784668,31511
2026-01-23 20:50:00,36.25,36.58000183105469,36.2400016784668,36.52000045776367,90302
2026-01-23 20:55:00,36.52000045776367,36.540000915527344,36.380001068115234,36.5,214546
2026-01-26 14:30:00,36.68000030517578,36.79499816894531,36.500099182128906,36.790000915527344,15505
2026-01-26 14:35:00,36.77999877929688,36.93999862670898,36.77999877929688,36.77999877929688,9117
2026-01-26 14:40:00,36.83000183105469,36.86000061035156,36.720001220703125,36.81999969482422,14053
2026-01-26 14:45:00,36.81999969482422,36.90999984741211,36.81999969482422,36.84999847412109,13195
2026-01-26 14:50:00,36.880001068115234,36.880001068115234,36.650001525878906,36.810001373291016,8175
2026-01-26 14:55:00,36.775001525878906,36.79499816894531,36.61000061035156,36.630001068115234,11594
2026-01-26 15:00:00,36.65999984741211,36.70000076293945,36.59000015258789,36.59000015258789,22416
2026-01-26 15:05:00,36.56999969482422,36.75,36.47999954223633,36.7400016784668,11513
2026-01-26 15:10:00,36.76499938964844,36.76499938964844,36.709999084472656,36.75,8306
2026-01-26 15:15:00,36.75,36.80500030517578,36.709999084472656,36.71500015258789,16546
2026-01-26 15:20:00,36.71500015258789,36.71500015258789,36.40999984741211,36.43999862670898,11777
2026-01-26 15:25:00,36.38999938964844,36.52999877929688,36.2400016784668,36.2400016784668,10382
2026-01-26 15:30:00,36.2599983215332,36.5,36.2599983215332,36.4900016784668,94734
2026-01-26 15:35:00,36.48989868164063,36.56999969482422,36.48989868164063,36.540000915527344,0
2026-01-26 15:40:00,36.52999877929688,36.59999847412109,36.5099983215332,36.56999969482422,7181
2026-01-26 15:45:00,36.57500076293945,36.61000061035156,36.52000045776367,36.540000915527344,12405
2026-01-26 15:50:00,36.54999923706055,36.560001373291016,36.5099983215332,36.5099983215332,5701
2026-01-26 15:55:00,36.5099983215332,36.5099983215332,36.43000030517578,36.470001220703125,8603
2026-01-26 16:00:00,36.43999862670898,36.45000076293945,36.33000183105469,36.34999847412109,10617
2026-01-26 16:05:00,36.34000015258789,36.38999938964844,36.310001373291016,36.380001068115234,9681
2026-01-26 16:10:00,36.35499954223633,36.380001068115234,36.31999969482422,36.369998931884766,6508
2026-01-26 16:15:00,36.369998931884766,36.435001373291016,36.3650016784668,36.43000030517578,8771
2026-01-26 16:20:00,36.459999084472656,36.459999084472656,36.369998931884766,36.369998931884766,7930
2026-01-26 16:25:00,36.36000061035156,36.400001525878906,36.36000061035156,36.369998931884766,4057
2026-01-26 16:30:00,36.369998931884766,36.375,36.29999923706055,36.34999847412109,3745
2026-01-26 16:35:00,36.33000183105469,36.33000183105469,36.220001220703125,36.244998931884766,30028
2026-01-26 16:40:00,36.27000045776367,36.27999877929688,36.08000183105469,36.15999984741211,8833
2026-01-26 16:45:00,36.15999984741211,36.20000076293945,36.09999847412109,36.09999847412109,6254
2026-01-26 16:50:00,36.04999923706055,36.130001068115234,36.04999923706055,36.119998931884766,3371
2026-01-26 16:55:00,36.09000015258789,36.09999847412109,36.060001373291016,36.09999847412109,4676
2026-01-26 17:00:00,36.09999847412109,36.220001220703125,36.09000015258789,36.18999862670898,11657
2026-01-26 17:05:00,36.150001525878906,36.2599983215332,36.150001525878906,36.2400016784668,8689
2026-01-26 17:10:00,36.220001220703125,36.22499847412109,36.185001373291016,36.20000076293945,6280
2026-01-26 17:15:00,36.20000076293945,36.209999084472656,36.15999984741211,36.16999816894531,9808
2026-01-26 17:20:00,36.18000030517578,36.209999084472656,36.13999938964844,36.15999984741211,7693
2026-01-26 17:25:00,36.16999816894531,36.18000030517578,36.130001068115234,36.130001068115234,5530
2026-01-26 17:30:00,36.130001068115234,36.150001525878906,36.11000061035156,36.13999938964844,6704
2026-01-26 17:35:00,36.13999938964844,36.150001525878906,36.08000183105469,36.09000015258789,7475
2026-01-26 17:40:00,36.08000183105469,36.130001068115234,36.08000183105469,36.130001068115234,6342
2026-01-26 17:45:00,36.119998931884766,36.16999816894531,36.119998931884766,36.16999816894531,8809
2026-01-26 17:50:00,36.15999984741211,36.209999084472656,36.150001525878906,36.209999084472656,5642
2026-01-26 17:55:00,36.22499847412109,36.275001525878906,36.20000076293945,36.20000076293945,7174
2026-01-26 18:00:00,36.18999862670898,36.19160079956055,36.150001525878906,36.15999984741211,3097
2026-01-26 18:05:00,36.15999984741211,36.220001220703125,36.04999923706055,36.04999923706055,10730
2026-01-26 18:10:00,36.04999923706055,36.09999847412109,36.0099983215332,36.0099983215332,3825
2026-01-26 18:15:00,36.0099983215332,36.02999877929688,35.959999084472656,35.959999084472656,3410
2026-01-26 18:20:00,35.93000030517578,36.06999969482422,35.93000030517578,36.005001068115234,5978
2026-01-26 18:25:00,36.060001373291016,36.16999816894531,36.05500030517578,36.16999816894531,3838
2026-01-26 18:30:00,36.18000030517578,36.27999877929688,36.18000030517578,36.2400016784668,5805
2026-01-26 18:35:00,36.244998931884766,36.290000915527344,36.20000076293945,36.20000076293945,5112
2026-01-26 18:40:00,36.20000076293945,36.2400016784668,36.150001525878906,36.150001525878906,6390
2026-01-26 18:45:00,36.13999938964844,36.18999862670898,36.13999938964844,36.16999816894531,4299
2026-01-26 18:50:00,36.18000030517578,36.18000030517578,36.13999938964844,36.15999984741211,5146
2026-01-26 18:55:00,36.15999984741211,36.15999984741211,36.13999938964844,36.13999938964844,5054
2026-01-26 19:00:00,36.130001068115234,36.209999084472656,36.119998931884766,36.20000076293945,5452
2026-01-26 19:05:00,36.209999084472656,36.29499816894531,36.209999084472656,36.2599983215332,4440
2026-01-26 19:10:00,36.2400016784668,36.26499938964844,36.209999084472656,36.23249816894531,7117
2026-01-26 19:15:00,36.220001220703125,36.244998931884766,36.220001220703125,36.22999954223633,5227
2026-01-26 19:20:00,36.220001220703125,36.220001220703125,36.18999862670898,36.18999862670898,4569
2026-01-26 19:25:00,36.18000030517578,36.209999084472656,36.17499923706055,36.209999084472656,4158
2026-01-26 19:30:00,36.220001220703125,36.244998931884766,36.209999084472656,36.209999084472656,5517
2026-01-26 19:35:00,36.20000076293945,36.44499969482422,36.18999862670898,36.435001373291016,14520
2026-01-26 19:40:00,36.435001373291016,36.435001373291016,36.380001068115234,36.41999816894531,346964
2026-01-26 19:45:00,36.38999938964844,36.43000030517578,36.380001068115234,36.380001068115234,15667
2026-01-26 19:50:00,36.400001525878906,36.435001373291016,36.38999938964844,36.39500045776367,0
2026-01-26 19:55:00,36.400001525878906,36.45000076293945,36.400001525878906,36.42499923706055,7412
2026-01-26 20:00:00,36.42499923706055,36.52000045776367,36.41999816894531,36.5099983215332,11858
2026-01-26 20:05:00,36.52999877929688,36.58000183105469,36.52000045776367,36.53499984741211,8744
2026-01-26 20:10:00,36.560001373291016,36.66999816894531,36.560001373291016,36.66999816894531,13624
2026-01-26 20:15:00,36.66999816894531,36.66999816894531,36.584999084472656,36.619998931884766,26344
2026-01-26 20:20:00,36.60499954223633,36.720001220703125,36.59000015258789,36.720001220703125,18770
2026-01-26 20:25:00,36.72999954223633,36.75,36.709999084472656,36.72999954223633,12906
2026-01-26 20:30:00,36.7400016784668,36.810001373291016,36.72999954223633,36.810001373291016,28168
2026-01-26 20:35:00,36.810001373291016,36.83000183105469,36.68000030517578,36.69649887084961,28892
2026-01-26 20:40:00,36.68000030517578,36.709999084472656,36.65999984741211,36.65999984741211,16264
2026-01-26 20:45:00,36.650001525878906,36.68000030517578,36.61000061035156,36.66999816894531,18795
2026-01-26 20:50:00,36.65999984741211,36.880001068115234,36.55500030517578,36.77999877929688,538045
2026-01-26 20:55:00,36.77999877929688,36.77999877929688,36.380001068115234,36.40999984741211,0
2026-01-27 14:30:00,36.31999969482422,36.459999084472656,36.275001525878906,36.275001525878906,5670
2026-01-27 14:35:00,36.44469833374024,36.44469833374024,36.22999954223633,36.22999954223633,1447
2026-01-27 14:40:00,36.27999877929688,36.47520065307617,36.09000015258789,36.119998931884766,8197
2026-01-27 14:45:00,36.119998931884766,36.28499984741211,36.119998931884766,36.2599983215332,2485
2026-01-27 14:50:00,36.34999847412109,36.369998931884766,36.15999984741211,36.15999984741211,9017
2026-01-27 14:55:00,36.0900993347168,36.25,36.09000015258789,36.11000061035156,5285
2026-01-27 15:00:00,36.09000015258789,36.209999084472656,35.9900016784668,35.9900016784668,4977
2026-01-27 15:05:00,35.97999954223633,36.06999969482422,35.93000030517578,36.06999969482422,6899
2026-01-27 15:10:00,36.06999969482422,36.09999847412109,36.0,36.060001373291016,6115
2026-01-27 15:15:00,36.095001220703125,36.09999847412109,36.04999923706055,36.06999969482422,6509
2026-01-27 15:20:00,36.06999969482422,36.06999969482422,35.900001525878906,36.02000045776367,4487
2026-01-27 15:25:00,35.994998931884766,36.07989883422852,35.959999084472656,35.970001220703125,12293
2026-01-27 15:30:00,35.970001220703125,36.02999877929688,35.93000030517578,36.02999877929688,7665
2026-01-27 15:35:00,36.040000915527344,36.09000015258789,35.939998626708984,35.939998626708984,5549
2026-01-27 15:40:00,35.94200134277344,36.02999877929688,35.939998626708984,36.02999877929688,1880
2026-01-27 15:45:00,35.9900016784668,36.130001068115234,35.9900016784668,36.11000061035156,8438
2026-01-27 15:50:00,36.09000015258789,36.09000015258789,35.97010040283203,35.9900016784668,6980
2026-01-27 15:55:00,35.97999954223633,36.02000045776367,35.97999954223633,36.0,3947
2026-01-27 16:00:00,36.060001373291016,36.119998931884766,36.060001373291016,36.095001220703125,2365
2026-01-27 16:05:00,36.095001220703125,36.20000076293945,36.095001220703125,36.18000030517578,3560
2026-01-27 16:10:00,36.15999984741211,36.16999816894531,36.11000061035156,36.15499877929688,3844
2026-01-27 16:15:00,36.13999938964844,36.15499877929688,36.09000015258789,36.125,3062
2026-01-27 16:20:00,36.150001525878906,36.20000076293945,36.14500045776367,36.20000076293945,2775
2026-01-27 16:25:00,36.20000076293945,36.20000076293945,36.11000061035156,36.18999862670898,3416
2026-01-27 16:30:00,36.19499969482422,36.19499969482422,36.13999938964844,36.13999938964844,4079
2026-01-27 16:35:00,36.13999938964844,36.13999938964844,36.005001068115234,36.02999877929688,15684
2026-01-27 16:40:00,36.04999923706055,36.13999938964844,36.04999923706055,36.119998931884766,9006
2026-01-27 16:45:00,36.09999847412109,36.15499877929688,36.09999847412109,36.130001068115234,4105
2026-01-27 16:50:00,36.130001068115234,36.22999954223633,36.11000061035156,36.22999954223633,4678
2026-01-27 16:55:00,36.209999084472656,36.220001220703125,36.209999084472656,36.220001220703125,3515
2026-01-27 17:00:00,36.209999084472656,36.22999954223633,36.209999084472656,36.21500015258789,1482
2026-01-27 17:05:00,36.20000076293945,36.2400016784668,36.16999816894531,36.16999816894531,6347
2026-01-27 17:10:00,36.18999862670898,36.18999862670898,36.130001068115234,36.130001068115234,2370
2026-01-27 17:15:00,36.130001068115234,36.150001525878906,36.130001068115234,36.13999938964844,1369
2026-01-27 17:20:00,36.13999938964844,36.18000030517578,36.13999938964844,36.13999938964844,3811
2026-01-27 17:25:00,36.09999847412109,36.13999938964844,36.06999969482422,36.09999847412109,6520
2026-01-27 17:30:00,36.10499954223633,36.107398986816406,35.970001220703125,35.970001220703125,5969
2026-01-27 17:35:00,35.970001220703125,36.01499938964844,35.970001220703125,36.0,3420
2026-01-27 17:40:00,35.97999954223633,36.0,35.959999084472656,36.0,1965
2026-01-27 17:45:00,35.99700164794922,35.99700164794922,35.95000076293945,35.95000076293945,2537
2026-01-27 17:50:00,35.95000076293945,36.02000045776367,35.939998626708984,36.02000045776367,2312
2026-01-27 17:55:00,36.01599884033203,36.02999877929688,36.01599884033203,36.02999877929688,1031
2026-01-27 18:00:00,36.02999877929688,36.08000183105469,36.02999877929688,36.07500076293945,3726
2026-01-27 18:05:00,36.07500076293945,36.07500076293945,36.02999877929688,36.02999877929688,2975
2026-01-27 18:10:00,36.02000045776367,36.02000045776367,35.95000076293945,35.9900016784668,3650
2026-01-27 18:15:00,35.974998474121094,35.9900016784668,35.939998626708984,35.970001220703125,3743
2026-01-27 18:20:00,35.9900016784668,36.05989837646485,35.9900016784668,36.0,2496
2026-01-27 18:25:00,36.0,36.095001220703125,36.0,36.095001220703125,9766
2026-01-27 18:30:00,36.10499954223633,36.22499847412109,36.09999847412109,36.22499847412109,18183
2026-01-27 18:35:00,36.220001220703125,36.26499938964844,36.18999862670898,36.2400016784668,8887
2026-01-27 18:40:00,36.209999084472656,36.220001220703125,36.16999816894531,36.18000030517578,8433
2026-01-27 18:45:00,36.15999984741211,36.23500061035156,36.119998931884766,36.185001373291016,15355
2026-01-27 18:50:00,36.20000076293945,36.22999954223633,36.18000030517578,36.20000076293945,12362
2026-01-27 18:55:00,36.18000030517578,36.26499938964844,36.18000030517578,36.26499938964844,9974
2026-01-27 19:00:00,36.22999954223633,36.25,36.20000076293945,36.209999084472656,15441
2026-01-27 19:05:00,36.220001220703125,36.22499847412109,36.150001525878906,36.220001220703125,9326
2026-01-27 19:10:00,36.209999084472656,36.209999084472656,36.16999816894531,36.20000076293945,11245
2026-01-27 19:15:00,36.20000076293945,36.20000076293945,36.15999984741211,36.20000076293945,9927
2026-01-27 19:20:00,36.20000076293945,36.22999954223633,36.20000076293945,36.209999084472656,8837
2026-01-27 19:25:00,36.209999084472656,36.255001068115234,36.18999862670898,36.255001068115234,14099
2026-01-27 19:30:00,36.27000045776367,36.275001525878906,36.2400016784668,36.2599983215332,8396
2026-01-27 19:35:00,36.2599983215332,36.27000045776367,36.220001220703125,36.25,10528
2026-01-27 19:40:00,36.25,36.27000045776367,36.220001220703125,36.2400016784668,12892
2026-01-27 19:45:00,36.2400016784668,36.31999969482422,36.2400016784668,36.29999923706055,15359
2026-01-27 19:50:00,36.33000183105469,36.369998931884766,36.29999923706055,36.29999923706055,10032
2026-01-27 19:55:00,36.29999923706055,36.31999969482422,36.290000915527344,36.31999969482422,5000
2026-01-27 20:00:00,36.310001373291016,36.33000183105469,36.22999954223633,36.2400016784668,8983
2026-01-27 20:05:00,36.2599983215332,36.31999969482422,36.25,36.29999923706055,9472
2026-01-27 20:10:00,36.29999923706055,36.369998931884766,36.29999923706055,36.36000061035156,8046
2026-01-27 20:15:00,36.35499954223633,36.369998931884766,36.22999954223633,36.290000915527344,16505
2026-01-27 20:20:00,36.27999877929688,36.290000915527344,36.220001220703125,36.2400016784668,14865
2026-01-27 20:25:00,36.220001220703125,36.2599983215332,36.20000076293945,36.2400016784668,14706
2026-01-27 20:30:00,36.22499847412109,36.310001373291016,36.22499847412109,36.290000915527344,28799
2026-01-27 20:35:00,36.290000915527344,36.29999923706055,36.26499938964844,36.27000045776367,16077
2026-01-27 20:40:00,36.2599983215332,36.27999877929688,36.209999084472656,36.2599983215332,18161
2026-01-27 20:45:00,36.2599983215332,36.2599983215332,36.220001220703125,36.2400016784668,13287
2026-01-27 20:50:00,36.2599983215332,36.2599983215332,36.18000030517578,36.25,33868
2026-01-27 20:55:00,36.25,36.29499816894531,36.16999816894531,36.18000030517578,226687
2026-01-28 14:30:00,36.43000030517578,36.459999084472656,36.29999923706055,36.29999923706055,7613
2026-01-28 14:35:00,36.23500061035156,36.33000183105469,36.15999984741211,36.15999984741211,1917
2026-01-28 14:40:00,36.18000030517578,36.244998931884766,36.16999816894531,36.16999816894531,1888
2026-01-28 14:45:00,36.244998931884766,36.29999923706055,36.20000076293945,36.255001068115234,6638
2026-01-28 14:50:00,36.22999954223633,36.2400016784668,35.9900016784668,35.9900016784668,4224
2026-01-28 14:55:00,36.0,36.0,35.77000045776367,35.83000183105469,33256
2026-01-28 15:00:00,35.849998474121094,36.040000915527344,35.849998474121094,36.0099983215332,0
2026-01-28 15:05:00,36.02000045776367,36.04999923706055,35.970001220703125,36.0,12249
2026-01-28 15:10:00,35.9900016784668,36.09999847412109,35.939998626708984,36.09999847412109,7163
2026-01-28 15:15:00,36.05500030517578,36.11000061035156,36.02000045776367,36.11000061035156,2152
2026-01-28 15:20:00,36.11000061035156,36.13999938964844,36.09000015258789,36.09000015258789,6200
2026-01-28 15:25:00,36.08000183105469,36.20750045776367,36.06999969482422,36.18000030517578,7353
2026-01-28 15:30:00,36.16999816894531,36.220001220703125,36.15999984741211,36.16999816894531,3745
2026-01-28 15:35:00,36.19499969482422,36.31999969482422,36.19499969482422,36.290000915527344,4124
2026-01-28 15:40:00,36.36000061035156,36.369998931884766,36.290000915527344,36.36000061035156,3511
2026-01-28 15:45:00,36.36000061035156,36.369998931884766,36.26499938964844,36.26499938964844,9321
2026-01-28 15:50:00,36.275001525878906,36.27999877929688,36.15999984741211,36.16999816894531,7176
2026-01-28 15:55:00,36.16999816894531,36.209999084472656,36.16999816894531,36.18999862670898,6278
2026-01-28 16:00:00,36.18000030517578,36.18000030517578,36.119998931884766,36.119998931884766,5427
2026-01-28 16:05:00,36.119998931884766,36.150001525878906,36.09999847412109,36.150001525878906,3086
2026-01-28 16:10:00,36.150001525878906,36.150001525878906,36.1176986694336,36.130001068115234,3781
2026-01-28 16:15:00,36.13169860839844,36.16999816894531,36.13169860839844,36.15999984741211,5427
2026-01-28 16:20:00,36.15999984741211,36.20000076293945,36.15999984741211,36.18519973754883,3480
2026-01-28 16:25:00,36.209999084472656,36.45500183105469,36.209999084472656,36.45500183105469,5344
2026-01-28 16:30:00,36.43999862670898,36.52999877929688,36.41999816894531,36.52000045776367,5667
2026-01-28 16:35:00,36.58000183105469,36.63999938964844,36.58000183105469,36.630001068115234,3067
2026-01-28 16:40:00,36.560001373291016,36.68999862670898,36.560001373291016,36.68999862670898,4835
2026-01-28 16:45:00,36.709999084472656,36.709999084472656,36.59999847412109,36.619998931884766,6800
2026-01-28 16:50:00,36.66999816894531,36.72999954223633,36.66999816894531,36.68000030517578,6589
2026-01-28 16:55:00,36.65999984741211,36.68999862670898,36.630001068115234,36.65999984741211,5070
2026-01-28 17:00:00,36.65999984741211,36.66999816894531,36.59999847412109,36.61000061035156,6360
2026-01-28 17:05:00,36.59999847412109,36.619998931884766,36.54999923706055,36.619998931884766,6046
2026-01-28 17:10:00,36.6150016784668,36.6349983215332,36.5099983215332,36.54999923706055,8968
2026-01-28 17:15:00,36.540000915527344,36.595001220703125,36.5099983215332,36.5099983215332,126673
2026-01-28 17:20:00,36.52000045776367,36.540000915527344,36.45000076293945,36.45000076293945,0
2026-01-28 17:25:00,36.45000076293945,36.45000076293945,36.38999938964844,36.41999816894531,11503
2026-01-28 17:30:00,36.40999984741211,36.41999816894531,36.29999923706055,36.32500076293945,15062
2026-01-28 17:35:00,36.29999923706055,36.29999923706055,36.2400016784668,36.25,3634
2026-01-28 17:40:00,36.25,36.29999923706055,36.25,36.27000045776367,15009
2026-01-28 17:45:00,36.209999084472656,36.27000045776367,36.209999084472656,36.25,6968
2026-01-28 17:50:00,36.25,36.29999923706055,36.20000076293945,36.29999923706055,10410
2026-01-28 17:55:00,36.29999923706055,36.29999923706055,36.209999084472656,36.209999084472656,2490
2026-01-28 18:00:00,36.209999084472656,36.23500061035156,36.18999862670898,36.18999862670898,4197
2026-01-28 18:05:00,36.20500183105469,36.2400016784668,36.16999816894531,36.16999816894531,4958
2026-01-28 18:10:00,36.16999816894531,36.209999084472656,36.15999984741211,36.18000030517578,10073
2026-01-28 18:15:00,36.18999862670898,36.209999084472656,36.13999938964844,36.15999984741211,7646
2026-01-28 18:20:00,36.15999984741211,36.20000076293945,36.119998931884766,36.15999984741211,7654
2026-01-28 18:25:00,36.18000030517578,36.18239974975586,36.150001525878906,36.150001525878906,2278
2026-01-28 18:30:00,36.18519973754883,36.18519973754883,36.15999984741211,36.165000915527344,2698
2026-01-28 18:35:00,36.15999984741211,36.20000076293945,36.15999984741211,36.185001373291016,3642
2026-01-28 18:40:00,36.20000076293945,36.27999877929688,36.20000076293945,36.27999877929688,2397
2026-01-28 18:45:00,36.27999877929688,36.41999816894531,36.27999877929688,36.38999938964844,5623
2026-01-28 18:50:00,36.3849983215332,36.40999984741211,36.33000183105469,36.33000183105469,5330
2026-01-28 18:55:00,36.31999969482422,36.34000015258789,36.29499816894531,36.29999923706055,12825
2026-01-28 19:00:00,36.290000915527344,36.290000915527344,36.20000076293945,36.22999954223633,16450
2026-01-28 19:05:00,36.26499938964844,36.27999877929688,36.15999984741211,36.18000030517578,9570
2026-01-28 19:10:00,36.18000030517578,36.20000076293945,36.150001525878906,36.20000076293945,6336
2026-01-28 19:15:00,36.20000076293945,36.20000076293945,36.13999938964844,36.150001525878906,4536
2026-01-28 19:20:00,36.14500045776367,36.14500045776367,36.09000015258789,36.09999847412109,5910
2026-01-28 19:25:00,36.11000061035156,36.150001525878906,36.05500030517578,36.05500030517578,14236
2026-01-28 19:30:00,35.970001220703125,36.459999084472656,35.91999816894531,36.16999816894531,17027
2026-01-28 19:35:00,36.23500061035156,36.255001068115234,35.77000045776367,35.91999816894531,17962
2026-01-28 19:40:00,35.86000061035156,35.93000030517578,35.79999923706055,35.91999816894531,14113
2026-01-28 19:45:00,35.90999984741211,36.16999816894531,35.90999984741211,36.09000015258789,299350
2026-01-28 19:50:00,36.09000015258789,36.150001525878906,36.02000045776367,36.130001068115234,0
2026-01-28 19:55:00,36.125,36.2400016784668,36.09999847412109,36.2400016784668,10155
2026-01-28 20:00:00,36.22999954223633,36.27999877929688,36.18000030517578,36.25,13407
2026-01-28 20:05:00,36.2599983215332,36.290000915527344,36.23500061035156,36.26499938964844,10346
2026-01-28 20:10:00,36.25,36.290000915527344,36.220001220703125,36.2599983215332,14538
2026-01-28 20:15:00,36.2599983215332,36.310001373291016,36.220001220703125,36.2400016784668,16851
2026-01-28 20:20:00,36.220001220703125,36.27000045776367,36.220001220703125,36.25,16497
2026-01-28 20:25:00,36.244998931884766,36.27989959716797,36.18999862670898,36.19499969482422,23805
2026-01-28 20:30:00,36.18000030517578,36.290000915527344,36.18000030517578,36.220001220703125,38043
2026-01-28 20:35:00,36.220001220703125,36.255001068115234,36.14500045776367,36.255001068115234,30939
2026-01-28 20:40:00,36.25,36.25,36.15499877929688,36.19499969482422,43251
2026-01-28 20:45:00,36.19499969482422,36.209999084472656,36.03499984741211,36.04999923706055,48329
2026-01-28 20:50:00,36.040000915527344,36.125,35.959999084472656,36.0,68501
2026-01-28 20:55:00,36.0,36.06999969482422,35.970001220703125,35.994998931884766,183685
2026-01-29 14:30:00,36.41999816894531,36.43999862670898,36.0099983215332,36.0099983215332,28155
2026-01-29 14:35:00,36.22499847412109,36.25,36.0099983215332,36.06999969482422,9187
2026-01-29 14:40:00,36.06999969482422,36.22499847412109,35.88999938964844,35.91999816894531,7381
2026-01-29 14:45:00,35.84000015258789,35.900001525878906,35.810001373291016,35.81999969482422,1784
2026-01-29 14:50:00,35.81999969482422,35.98500061035156,35.810001373291016,35.98500061035156,7717
2026-01-29 14:55:00,36.0099983215332,36.02000045776367,35.79999923706055,35.86000061035156,3194
2026-01-29 15:00:00,35.86000061035156,35.970001220703125,35.81999969482422,35.86000061035156,6689
2026-01-29 15:05:00,35.904998779296875,35.95000076293945,35.83000183105469,35.95000076293945,5813
2026-01-29 15:10:00,35.939998626708984,36.02000045776367,35.900001525878906,36.02000045776367,3200
2026-01-29 15:15:00,35.98500061035156,35.98500061035156,35.939998626708984,35.939998626708984,2204
2026-01-29 15:20:00,35.939998626708984,36.06999969482422,35.90999984741211,36.040000915527344,4359
2026-01-29 15:25:00,36.049598693847656,36.13999938964844,36.040000915527344,36.09000015258789,21786
2026-01-29 15:30:00,36.11000061035156,36.14500045776367,36.09000015258789,36.130001068115234,3627
2026-01-29 15:35:00,36.130001068115234,36.130001068115234,36.02999877929688,36.040000915527344,9554
2026-01-29 15:40:00,36.08000183105469,36.09000015258789,36.0,36.0,6133
2026-01-29 15:45:00,36.0,36.084999084472656,36.0,36.01499938964844,6317
2026-01-29 15:50:00,36.01499938964844,36.04999923706055,35.88999938964844,35.91999816894531,6109
2026-01-29 15:55:00,35.88949966430664,35.93000030517578,35.869998931884766,35.92499923706055,3548
2026-01-29 16:00:00,35.93000030517578,35.97999954223633,35.93000030517578,35.959999084472656,4432
2026-01-29 16:05:00,35.970001220703125,35.98820114135742,35.880001068115234,35.880001068115234,13737
2026-01-29 16:10:00,35.880001068115234,36.04999923706055,35.86000061035156,36.02999877929688,7679
2026-01-29 16:15:00,36.02000045776367,36.09999847412109,36.02000045776367,36.089298248291016,6086
2026-01-29 16:20:00,36.08000183105469,36.084999084472656,35.90999984741211,35.91999816894531,5547
2026-01-29 16:25:00,35.94499969482422,35.94499969482422,35.849998474121094,35.88999938964844,11563
2026-01-29 16:30:00,35.88999938964844,36.02000045776367,35.88999938964844,35.959999084472656,9122
2026-01-29 16:35:00,35.935001373291016,35.9900016784668,35.90999984741211,35.97999954223633,7483
2026-01-29 16:40:00,35.959999084472656,36.09999847412109,35.959999084472656,36.040000915527344,9058
2026-01-29 16:45:00,36.060001373291016,36.08000183105469,36.0099983215332,36.04499816894531,8807
2026-01-29 16:50:00,36.04499816894531,36.06999969482422,36.02000045776367,36.060001373291016,4092
2026-01-29 16:55:00,36.06999969482422,36.07500076293945,35.9900016784668,36.02999877929688,13021
2026-01-29 17:00:00,36.02999877929688,36.18999862670898,36.02000045776367,36.16999816894531,7964
2026-01-29 17:05:00,36.165000915527344,36.220001220703125,36.119998931884766,36.19499969482422,7125
2026-01-29 17:10:00,36.18000030517578,36.255001068115234,36.18000030517578,36.22999954223633,4432
2026-01-29 17:15:00,36.2400016784668,36.29999923706055,36.22999954223633,36.26499938964844,5866
2026-01-29 17:20:00,36.27000045776367,36.27000045776367,36.18000030517578,36.20000076293945,4648
2026-01-29 17:25:00,36.20500183105469,36.2400016784668,36.20500183105469,36.209999084472656,7008
2026-01-29 17:30:00,36.18000030517578,36.220001220703125,36.11000061035156,36.11000061035156,6755
2026-01-29 17:35:00,36.130001068115234,36.25,36.11000061035156,36.25,3989
2026-01-29 17:40:00,36.2400016784668,36.2400016784668,36.209999084472656,36.209999084472656,4100
2026-01-29 17:45:00,36.19499969482422,36.19499969482422,36.16999816894531,36.16999816894531,1836
2026-01-29 17:50:00,36.185001373291016,36.185001373291016,36.119998931884766,36.119998931884766,3911
2026-01-29 17:55:00,36.09999847412109,36.15999984741211,36.09999847412109,36.09999847412109,4768
2026-01-29 18:00:00,36.09999847412109,36.13999938964844,36.02999877929688,36.119998931884766,8374
2026-01-29 18:05:00,36.150001525878906,36.20000076293945,36.130001068115234,36.130001068115234,4330
2026-01-29 18:10:00,36.1599006652832,36.21500015258789,36.1599006652832,36.209999084472656,2727
2026-01-29 18:15:00,36.22999954223633,36.27000045776367,36.22999954223633,36.26499938964844,7252
2026-01-29 18:20:00,36.25,36.33000183105469,36.25,36.29499816894531,5475
2026-01-29 18:25:00,36.2599983215332,36.27999877929688,36.22999954223633,36.275001525878906,5148
2026-01-29 18:30:00,36.2599983215332,36.2599983215332,36.18000030517578,36.18000030517578,8142
2026-01-29 18:35:00,36.18000030517578,36.25,36.15999984741211,36.209999084472656,4659
2026-01-29 18:40:00,36.19499969482422,36.209999084472656,36.130001068115234,36.130001068115234,7550
2026-01-29 18:45:00,36.130001068115234,36.130001068115234,36.0,36.119998931884766,5550
2026-01-29 18:50:00,36.09999847412109,36.1150016784668,36.0099983215332,36.0099983215332,4168
2026-01-29 18:55:00,36.0,36.1150016784668,36.0,36.0,7343
2026-01-29 19:00:00,35.97999954223633,36.084999084472656,35.96500015258789,36.08000183105469,168193
2026-01-29 19:05:00,36.09999847412109,36.130001068115234,36.040000915527344,36.06999969482422,9149
2026-01-29 19:10:00,36.040000915527344,36.04999923706055,35.959999084472656,35.96500015258789,8856
2026-01-29 19:15:00,35.970001220703125,35.9900016784668,35.91999816894531,35.97999954223633,11172
2026-01-29 19:20:00,35.974998474121094,35.97999954223633,35.95000076293945,35.974998474121094,2488
2026-01-29 19:25:00,35.974998474121094,36.060001373291016,35.95000076293945,36.04999923706055,12242
2026-01-29 19:30:00,36.04999923706055,36.130001068115234,35.970001220703125,36.04999923706055,15026
2026-01-29 19:35:00,36.03499984741211,36.1349983215332,36.03499984741211,36.125,8806
2026-01-29 19:40:00,36.09999847412109,36.150001525878906,36.09000015258789,36.130001068115234,7430
2026-01-29 19:45:00,36.1349983215332,36.150001525878906,36.08000183105469,36.08000183105469,6435
2026-01-29 19:50:00,36.06999969482422,36.06999969482422,36.0099983215332,36.040000915527344,10140
2026-01-29 19:55:00,36.02999877929688,36.040000915527344,35.93000030517578,35.93000030517578,11185
2026-01-29 20:00:00,35.939998626708984,36.0,35.939998626708984,36.0,16647
2026-01-29 20:05:00,36.0,36.060001373291016,36.0,36.04999923706055,6895
2026-01-29 20:10:00,36.060001373291016,36.06999969482422,36.040000915527344,36.040000915527344,7335
2026-01-29 20:15:00,36.040000915527344,36.040000915527344,35.9900016784668,36.040000915527344,9424
2026-01-29 20:20:00,36.040000915527344,36.04999923706055,36.02999877929688,36.02999877929688,13717
2026-01-29 20:25:00,36.02999877929688,36.06999969482422,36.02999877929688,36.040000915527344,15828
2026-01-29 20:30:00,36.01499938964844,36.095001220703125,36.0,36.095001220703125,27597
2026-01-29 20:35:00,36.08000183105469,36.09999847412109,36.02000045776367,36.04999923706055,24392
2026-01-29 20:40:00,36.04999923706055,36.09000015258789,36.02999877929688,36.04499816894531,13928
2026-01-29 20:45:00,36.02999877929688,36.02999877929688,35.939998626708984,35.939998626708984,10876
2026-01-29 20:50:00,35.959999084472656,36.02000045776367,35.90999984741211,36.0,41760
2026-01-29 20:55:00,36.0099983215332,36.0099983215332,35.915000915527344,35.970001220703125,173770
2026-01-30 14:30:00,36.20000076293945,36.54800033569336,36.02999877929688,36.33000183105469,18052
2026-01-30 14:35:00,36.150001525878906,36.34000015258789,36.130001068115234,36.29499816894531,2782
2026-01-30 14:40:00,36.25,36.5099983215332,36.11000061035156,36.45000076293945,6199
2026-01-30 14:45:00,36.369998931884766,36.52999877929688,36.31999969482422,36.4900016784668,3315
2026-01-30 14:50:00,36.31999969482422,36.470001220703125,36.22999954223633,36.375,3779
2026-01-30 14:55:00,36.34000015258789,36.7599983215332,36.34000015258789,36.75,12285
2026-01-30 15:00:00,36.75,36.76499938964844,36.5099983215332,36.65999984741211,19158
2026-01-30 15:05:00,36.66999816894531,36.79999923706055,36.66999816894531,36.790000915527344,7543
2026-01-30 15:10:00,36.68999862670898,36.810001373291016,36.459999084472656,36.52999877929688,27099
2026-01-30 15:15:00,36.459999084472656,36.4900016784668,36.185001373291016,36.209999084472656,12968
2026-01-30 15:20:00,36.185001373291016,36.380001068115234,36.18000030517578,36.330299377441406,8656
2026-01-30 15:25:00,36.34000015258789,36.345001220703125,36.02999877929688,36.02999877929688,95308
2026-01-30 15:30:00,35.9900016784668,36.09999847412109,35.959999084472656,36.02999877929688,26210
2026-02-02 19:00:00,35.290000915527344,35.290000915527344,35.290000915527344,35.290000915527344,0
2026-02-02 19:05:00,35.310001373291016,35.34000015258789,35.310001373291016,35.32500076293945,3128
2026-02-02 19:10:00,35.33000183105469,35.41999816894531,35.33000183105469,35.33000183105469,6237
2026-02-02 19:15:00,35.310001373291016,35.310001373291016,35.27000045776367,35.27000045776367,6499
2026-02-02 19:20:00,35.25,35.255001068115234,35.209999084472656,35.224998474121094,4094
2026-02-02 19:25:00,35.209999084472656,35.32500076293945,35.209999084472656,35.255001068115234,17296
2026-02-02 19:30:00,35.255001068115234,35.255001068115234,35.20000076293945,35.2400016784668,10238
2026-02-02 19:35:00,35.224998474121094,35.310001373291016,35.224998474121094,35.25,9336
2026-02-02 19:40:00,35.26499938964844,35.349998474121094,35.26499938964844,35.349998474121094,5601
2026-02-02 19:45:00,35.349998474121094,35.400001525878906,35.349998474121094,35.349998474121094,7890
2026-02-02 19:50:00,35.36000061035156,35.42499923706055,35.31999969482422,35.31999969482422,19903
2026-02-02 19:55:00,35.33000183105469,35.439998626708984,35.310001373291016,35.380001068115234,17739
2026-02-02 20:00:00,35.38999938964844,35.400001525878906,35.31999969482422,35.36000061035156,12072
2026-02-02 20:05:00,35.349998474121094,35.43000030517578,35.349998474121094,35.40999984741211,11668
2026-02-02 20:10:00,35.38999938964844,35.400001525878906,35.380001068115234,35.39500045776367,7364
2026-02-02 20:15:00,35.380001068115234,35.380001068115234,35.310001373291016,35.314998626708984,12874
2026-02-02 20:20:00,35.31999969482422,35.36000061035156,35.29999923706055,35.349998474121094,7348
2026-02-02 20:25:00,35.36000061035156,35.400001525878906,35.36000061035156,35.38999938964844,6330
2026-02-02 20:30:00,35.400001525878906,35.40999984741211,35.31999969482422,35.31999969482422,18932
2026-02-02 20:35:00,35.31999969482422,35.38999938964844,35.31999969482422,35.32500076293945,23609
2026-02-02 20:40:00,35.32500076293945,35.32500076293945,35.279998779296875,35.279998779296875,22759
2026-02-02 20:45:00,35.279998779296875,35.369998931884766,35.279998779296875,35.369998931884766,16481
2026-02-02 20:50:00,35.36000061035156,35.369998931884766,35.150001525878906,35.150001525878906,36735
2026-02-02 20:55:00,35.150001525878906,35.279998779296875,35.09000015258789,35.27000045776367,131526
2026-02-03 14:30:00,35.279998779296875,35.56999969482422,35.099998474121094,35.099998474121094,6773
2026-02-03 14:35:00,35.15999984741211,35.349998474121094,35.13999938964844,35.31999969482422,3168
2026-02-03 14:40:00,35.45000076293945,35.643699645996094,35.439998626708984,35.59000015258789,4943
2026-02-03 14:45:00,35.59000015258789,35.59000015258789,35.439998626708984,35.47999954223633,3152
2026-02-03 14:50:00,35.56999969482422,35.7400016784668,35.56999969482422,35.7400016784668,2158
2026-02-03 14:55:00,35.779998779296875,35.779998779296875,35.779998779296875,35.779998779296875,292
2026-02-03 15:00:00,35.85499954223633,35.85499954223633,35.52000045776367,35.70000076293945,14320
2026-02-03 15:05:00,35.71500015258789,35.71500015258789,35.40999984741211,35.40999984741211,8865
2026-02-03 15:10:00,35.41999816894531,35.54499816894531,35.41999816894531,35.45000076293945,5154
2026-02-03 15:15:00,35.45000076293945,35.619998931884766,35.45000076293945,35.54999923706055,9224
2026-02-03 15:20:00,35.54999923706055,35.810001373291016,35.529998779296875,35.72999954223633,6685
2026-02-03 15:25:00,35.83000183105469,36.0,35.83000183105469,35.95000076293945,13847
2026-02-03 15:30:00,35.95000076293945,36.04999923706055,35.869998931884766,35.869998931884766,13294
2026-02-03 15:35:00,35.84000015258789,35.880001068115234,35.79999923706055,35.79999923706055,11103
2026-02-03 15:40:00,35.779998779296875,35.80500030517578,35.70000076293945,35.709999084472656,10251
2026-02-03 15:45:00,35.71500015258789,35.7400016784668,35.66999816894531,35.72999954223633,9704
2026-02-03 15:50:00,35.72999954223633,35.810001373291016,35.709999084472656,35.709999084472656,8965
2026-02-03 15:55:00,35.68000030517578,35.720001220703125,35.66999816894531,35.709999084472656,7296
2026-02-03 16:00:00,35.70000076293945,35.70000076293945,35.66999816894531,35.66999816894531,5270
2026-02-03 16:05:00,35.66999816894531,35.689998626708984,35.630001068115234,35.630001068115234,6930
2026-02-03 16:10:00,35.619998931884766,35.630001068115234,35.61000061035156,35.630001068115234,3077
2026-02-03 16:15:00,35.619998931884766,35.630001068115234,35.599998474121094,35.630001068115234,3628
2026-02-03 16:20:00,35.630001068115234,35.6349983215332,35.619998931884766,35.619998931884766,5663
2026-02-03 16:25:00,35.59000015258789,35.66999816894531,35.59000015258789,35.66999816894531,5853
2026-02-03 16:30:00,35.65999984741211,35.66999816894531,35.65999984741211,35.66999816894531,2066
2026-02-03 16:35:00,35.66999816894531,35.733001708984375,35.66999816894531,35.720001220703125,4417
2026-02-03 16:40:00,35.7400016784668,35.744998931884766,35.720001220703125,35.7400016784668,5987
2026-02-03 16:45:00,35.7400016784668,35.75,35.68000030517578,35.720001220703125,6647
2026-02-03 16:50:00,35.7599983215332,35.81999969482422,35.720001220703125,35.81999969482422,3913
2026-02-03 16:55:00,35.83000183105469,35.869998931884766,35.75,35.779998779296875,18607
2026-02-03 17:00:00,35.79499816894531,35.79499816894531,35.70000076293945,35.7400016784668,4532
2026-02-03 17:05:00,35.720001220703125,35.7400016784668,35.58000183105469,35.58000183105469,6823
2026-02-03 17:10:00,35.59000015258789,35.61000061035156,35.5099983215332,35.52000045776367,7276
2026-02-03 17:15:00,35.5099983215332,35.540000915527344,35.47999954223633,35.5099983215332,5431
2026-02-03 17:20:00,35.52000045776367,35.529998779296875,35.470001220703125,35.5,5037
2026-02-03 17:25:00,35.52000045776367,35.52000045776367,35.439998626708984,35.439998626708984,3272
2026-02-03 17:30:00,35.439998626708984,35.439998626708984,35.349998474121094,35.349998474121094,6044
2026-02-03 17:35:00,35.349998474121094,35.380001068115234,35.29999923706055,35.29999923706055,6197
2026-02-03 17:40:00,35.29999923706055,35.33000183105469,35.28499984741211,35.33000183105469,5377
2026-02-03 17:45:00,35.34000015258789,35.43000030517578,35.34000015258789,35.43000030517578,6538
2026-02-03 17:50:00,35.435001373291016,35.45000076293945,35.369998931884766,35.380001068115234,14359
2026-02-03 17:55:00,35.3849983215332,35.38999938964844,35.310001373291016,35.310001373291016,6439
2026-02-03 18:00:00,35.314998626708984,35.380001068115234,35.314998626708984,35.349998474121094,6475
2026-02-03 18:05:00,35.3650016784668,35.369998931884766,35.33000183105469,35.33000183105469,5579
2026-02-03 18:10:00,35.31999969482422,35.32500076293945,35.08000183105469,35.130001068115234,8684
2026-02-03 18:15:00,35.150001525878906,35.150001525878906,35.029998779296875,35.08000183105469,5848
2026-02-03 18:20:00,35.06999969482422,35.06999969482422,35.02000045776367,35.02000045776367,3084
2026-02-03 18:25:00,35.02000045776367,35.02000045776367,34.900001525878906,34.900001525878906,10128
2026-02-03 18:30:00,34.92499923706055,34.95000076293945,34.84000015258789,34.84000015258789,9211
2026-02-03 18:35:00,34.810001373291016,34.88999938964844,34.810001373291016,34.88999938964844,10753
2026-02-03 18:40:00,34.880001068115234,34.880001068115234,34.849998474121094,34.875,4417
2026-02-03 18:45:00,34.875,34.900001525878906,34.86000061035156,34.88999938964844,5851
2026-02-03 18:50:00,34.900001525878906,34.91999816894531,34.900001525878906,34.903499603271484,11316
2026-02-03 18:55:00,34.91999816894531,35.025001525878906,34.91999816894531,34.959999084472656,12367
2026-02-03 19:00:00,34.939998626708984,34.9900016784668,34.91999816894531,34.95000076293945,7770
2026-02-03 19:05:00,34.959999084472656,34.959999084472656,34.81999969482422,34.81999969482422,8233
2026-02-03 19:10:00,34.869998931884766,34.88999938964844,34.83000183105469,34.88999938964844,11533
2026-02-03 19:15:00,34.900001525878906,34.95000076293945,34.900001525878906,34.94499969482422,11314
2026-02-03 19:20:00,34.959999084472656,34.974998474121094,34.95000076293945,34.95000076293945,3792
2026-02-03 19:25:00,35.0,35.0,34.86000061035156,34.90999984741211,6959
2026-02-03 19:30:00,34.8849983215332,34.939998626708984,34.84000015258789,34.939998626708984,11512
2026-02-03 19:35:00,34.939998626708984,35.02000045776367,34.88999938964844,34.970001220703125,15031
2026-02-03 19:40:00,35.0,35.07500076293945,35.0,35.07500076293945,4347
2026-02-03 19:45:00,35.040000915527344,35.060001373291016,35.0099983215332,35.04999923706055,6189
2026-02-03 19:50:00,35.040000915527344,35.09000015258789,35.0,35.0099983215332,10764
2026-02-03 19:55:00,35.02000045776367,35.060001373291016,35.0,35.060001373291016,3935
2026-02-03 20:00:00,35.060001373291016,35.130001068115234,35.060001373291016,35.125,5027
2026-02-03 20:05:00,35.130001068115234,35.189998626708984,35.11000061035156,35.17499923706055,6956
2026-02-03 20:10:00,35.209999084472656,35.21500015258789,35.130001068115234,35.14500045776367,8883
2026-02-03 20:15:00,35.15999984741211,35.209999084472656,35.15999984741211,35.20000076293945,5197
2026-02-03 20:20:00,35.209999084472656,35.209999084472656,35.189998626708984,35.20000076293945,6312
2026-02-03 20:25:00,35.20500183105469,35.279998779296875,35.16999816894531,35.279998779296875,9267
2026-02-03 20:30:00,35.27000045776367,35.279998779296875,35.22999954223633,35.2599983215332,10066
2026-02-03 20:35:00,35.2599983215332,35.27000045776367,35.21500015258789,35.22999954223633,11144
2026-02-03 20:40:00,35.209999084472656,35.209999084472656,35.130001068115234,35.130001068115234,10695
2026-02-03 20:45:00,35.130001068115234,35.13010025024414,35.02000045776367,35.099998474121094,33127
2026-02-03 20:50:00,35.10499954223633,35.11000061035156,35.060001373291016,35.084999084472656,28991
2026-02-03 20:55:00,35.09000015258789,35.20000076293945,35.040000915527344,35.10499954223633,192098
2026-02-04 14:30:00,35.709999084472656,35.709999084472656,35.65999984741211,35.65999984741211,7974
2026-02-04 14:35:00,35.665000915527344,35.86000061035156,35.619998931884766,35.79999923706055,4278
2026-02-04 14:40:00,35.848899841308594,35.90999984741211,35.72999954223633,35.85499954223633,6522
2026-02-04 14:45:00,36.02999877929688,36.02999877929688,35.779998779296875,35.904998779296875,3379
2026-02-04 14:50:00,35.790000915527344,35.97999954223633,35.65999984741211,35.755001068115234,50072
2026-02-04 14:55:00,35.77000045776367,35.88999938964844,35.70000076293945,35.775001525878906,22987
2026-02-04 15:00:00,35.849998474121094,35.880001068115234,35.75,35.7599983215332,20988
2026-02-04 15:05:00,35.834999084472656,36.23500061035156,35.834999084472656,36.23500061035156,45438
2026-02-04 15:10:00,36.150001525878906,36.290000915527344,36.150001525878906,36.18999862670898,13067
2026-02-04 15:15:00,36.345001220703125,36.43999862670898,36.209999084472656,36.43999862670898,7693
2026-02-04 15:20:00,36.45000076293945,36.66999816894531,36.45000076293945,36.56999969482422,59661
2026-02-04 15:25:00,36.56999969482422,36.83000183105469,36.52000045776367,36.755001068115234,42520
2026-02-04 15:30:00,36.77999877929688,36.77999877929688,36.5099983215332,36.5099983215332,19354
2026-02-04 15:35:00,36.5099983215332,36.54999923706055,36.470001220703125,36.47999954223633,23861
2026-02-04 15:40:00,36.54999923706055,36.775001525878906,36.54999923706055,36.650001525878906,24450
2026-02-04 15:45:00,36.650001525878906,36.65999984741211,36.43999862670898,36.525001525878906,45459
2026-02-04 15:50:00,36.47999954223633,36.709999084472656,36.47999954223633,36.70500183105469,34813
2026-02-04 15:55:00,36.70500183105469,36.7400016784668,36.61000061035156,36.665000915527344,31319
2026-02-04 16:00:00,36.68999862670898,36.744998931884766,36.5,36.744998931884766,45668
2026-02-04 16:05:00,36.75,36.75,36.4900016784668,36.4900016784668,9233
2026-02-04 16:10:00,36.4900016784668,36.64179992675781,36.47999954223633,36.59000015258789,19895
2026-02-04 16:15:00,36.56999969482422,36.67499923706055,36.54999923706055,36.65999984741211,14686
2026-02-04 16:20:00,36.630001068115234,36.7400016784668,36.619998931884766,36.70000076293945,7800
2026-02-04 16:25:00,36.720001220703125,36.7599983215332,36.650001525878906,36.650001525878906,61723
2026-02-04 16:30:00,36.63999938964844,36.834999084472656,36.59000015258789,36.81499862670898,11613
2026-02-04 16:35:00,36.83639907836914,36.83639907836914,36.619998931884766,36.630001068115234,16396
2026-02-04 16:40:00,36.63999938964844,36.63999938964844,36.540000915527344,36.540000915527344,11527
2026-02-04 16:45:00,36.56999969482422,36.56999969482422,36.459999084472656,36.470001220703125,6599
2026-02-04 16:50:00,36.470001220703125,36.54999923706055,36.459999084472656,36.459999084472656,25136
2026-02-04 16:55:00,36.45000076293945,36.4900016784668,36.3650016784668,36.41999816894531,8927
2026-02-04 17:00:00,36.380001068115234,36.43000030517578,36.369998931884766,36.3849983215332,17048
2026-02-04 17:05:00,36.43569946289063,36.459999084472656,36.380001068115234,36.43000030517578,4740
2026-02-04 17:10:00,36.43000030517578,36.540000915527344,36.43000030517578,36.5,11079
2026-02-04 17:15:00,36.52000045776367,36.52000045776367,36.43999862670898,36.470001220703125,14505
2026-02-04 17:20:00,36.470001220703125,36.470001220703125,36.38999938964844,36.400001525878906,10508
2026-02-04 17:25:00,36.38999938964844,36.400001525878906,36.27999877929688,36.290000915527344,10045
2026-02-04 17:30:00,36.31510162353516,36.45000076293945,36.31499862670898,36.43000030517578,16024
2026-02-04 17:35:00,36.41999816894531,36.540000915527344,36.41999816894531,36.43000030517578,17483
2026-02-04 17:40:00,36.41999816894531,36.59999847412109,36.41999816894531,36.56999969482422,8650
2026-02-04 17:45:00,36.61000061035156,36.630001068115234,36.58000183105469,36.630001068115234,8619
2026-02-04 17:50:00,36.619998931884766,36.65999984741211,36.61000061035156,36.65999984741211,8555
2026-02-04 17:55:00,36.66999816894531,36.82500076293945,36.66999816894531,36.81999969482422,12494
2026-02-04 18:00:00,36.82500076293945,36.82500076293945,36.70000076293945,36.79999923706055,16937
2026-02-04 18:05:00,36.83000183105469,36.90999984741211,36.75,36.75,6192
2026-02-04 18:10:00,36.77000045776367,36.79999923706055,36.75,36.75,10060
2026-02-04 18:15:00,36.75,36.77999877929688,36.72999954223633,36.749298095703125,10077
2026-02-04 18:20:00,36.75,36.900001525878906,36.75,36.900001525878906,13097
2026-02-04 18:25:00,36.90999984741211,37.18000030517578,36.90499877929688,37.165000915527344,72128
2026-02-04 18:30:00,37.20000076293945,37.209999084472656,37.09000015258789,37.119998931884766,9286
2026-02-04 18:35:00,37.119998931884766,37.119998931884766,36.9900016784668,37.040000915527344,13520
2026-02-04 18:40:00,37.0099983215332,37.20000076293945,36.994998931884766,37.119998931884766,163489
2026-02-04 18:45:00,37.11000061035156,37.29999923706055,36.900001525878906,36.900001525878906,43829
2026-02-04 18:50:00,36.900001525878906,36.93000030517578,36.86000061035156,36.92499923706055,13086
2026-02-04 18:55:00,36.92499923706055,36.97999954223633,36.869998931884766,36.880001068115234,16497
2026-02-04 19:00:00,36.86000061035156,36.93000030517578,36.77999877929688,36.77999877929688,14341
2026-02-04 19:05:00,36.77000045776367,36.790000915527344,36.70000076293945,36.71500015258789,10916
2026-02-04 19:10:00,36.71500015258789,36.81999969482422,36.71500015258789,36.790000915527344,19252
2026-02-04 19:15:00,36.79499816894531,36.90010070800781,36.77000045776367,36.90010070800781,25206
2026-02-04 19:20:00,36.900001525878906,36.97999954223633,36.86000061035156,36.97999954223633,22572
2026-02-04 19:25:00,37.0,37.01499938964844,36.95000076293945,36.959999084472656,7541
2026-02-04 19:30:00,36.98500061035156,37.02999877929688,36.900001525878906,36.93999862670898,11486
2026-02-04 19:35:00,36.93999862670898,36.97499847412109,36.93000030517578,36.93999862670898,6904
2026-02-04 19:40:00,36.93000030517578,36.93999862670898,36.92499923706055,36.935001373291016,9736
2026-02-04 19:45:00,36.935001373291016,37.220001220703125,36.93000030517578,37.09000015258789,32440
2026-02-04 19:50:00,37.06999969482422,37.084999084472656,37.02999877929688,37.04999923706055,7667
2026-02-04 19:55:00,37.04999923706055,37.05500030517578,37.0099983215332,37.03499984741211,28231
2026-02-04 20:00:00,37.02000045776367,37.07500076293945,37.02000045776367,37.06499862670898,13639
2026-02-04 20:05:00,37.06499862670898,37.20000076293945,37.02000045776367,37.18000030517578,234132
2026-02-04 20:10:00,37.16999816894531,37.20000076293945,37.08000183105469,37.10499954223633,30112
2026-02-04 20:15:00,37.13999938964844,37.150001525878906,37.02000045776367,37.02999877929688,18159
2026-02-04 20:20:00,37.02999877929688,37.060001373291016,36.94010162353516,36.9900016784668,22346
2026-02-04 20:25:00,36.970001220703125,36.970001220703125,36.88999938964844,36.900001525878906,24148
2026-02-04 20:30:00,36.90999984741211,37.2400016784668,36.90999984741211,37.2400016784668,123495
2026-02-04 20:35:00,37.25,37.36640167236328,37.09999847412109,37.20000076293945,166665
2026-02-04 20:40:00,37.21500015258789,37.29999923706055,37.20000076293945,37.22999954223633,25103
2026-02-04 20:45:00,37.244998931884766,37.369998931884766,37.17499923706055,37.31999969482422,103251
2026-02-04 20:50:00,37.369998931884766,37.58000183105469,37.369998931884766,37.53499984741211,108015
2026-02-04 20:55:00,37.54999923706055,37.56999969482422,37.459999084472656,37.55500030517578,232372
2026-02-05 14:30:00,36.970001220703125,37.23270034790039,36.970001220703125,37.1150016784668,8787
2026-02-05 14:35:00,37.1150016784668,37.43000030517578,37.11000061035156,37.43000030517578,2765
2026-02-05 14:40:00,36.72999954223633,36.72999954223633,36.470001220703125,36.630001068115234,6550
2026-02-05 14:45:00,36.630001068115234,37.02000045776367,36.59000015258789,36.59000015258789,2960
2026-02-05 14:50:00,36.685001373291016,37.0,36.38999938964844,36.459999084472656,14500
2026-02-05 14:55:00,36.52000045776367,36.70000076293945,36.52000045776367,36.540000915527344,16061
2026-02-05 15:00:00,36.685001373291016,36.77000045776367,36.47499847412109,36.709999084472656,21367
2026-02-05 15:05:00,36.72499847412109,36.72499847412109,36.59000015258789,36.59000015258789,3631
2026-02-05 15:10:00,36.59000015258789,36.68999862670898,36.58000183105469,36.630001068115234,18643
2026-02-05 15:15:00,36.630001068115234,36.84000015258789,36.56999969482422,36.77999877929688,26463
2026-02-05 15:20:00,36.77999877929688,36.79999923706055,36.65999984741211,36.665000915527344,18042
2026-02-05 15:25:00,36.72999954223633,36.75,36.58000183105469,36.58000183105469,14806
2026-02-05 15:30:00,36.63999938964844,36.70000076293945,36.47999954223633,36.47999954223633,10888
2026-02-05 15:35:00,36.47999954223633,36.5099983215332,36.36000061035156,36.45000076293945,14429
2026-02-05 15:40:00,36.38999938964844,36.41999816894531,36.31499862670898,36.41999816894531,11601
2026-02-05 15:45:00,36.400001525878906,36.43000030517578,36.33000183105469,36.369998931884766,6955
2026-02-05 15:50:00,36.40999984741211,36.61000061035156,36.40999984741211,36.54999923706055,11188
2026-02-05 15:55:00,36.52999877929688,36.5635986328125,36.470001220703125,36.470001220703125,5731
2026-02-05 16:00:00,36.470001220703125,36.53499984741211,36.470001220703125,36.53499984741211,2547
2026-02-05 16:05:00,36.4900016784668,36.4900016784668,36.33000183105469,36.33000183105469,9947
2026-02-05 16:10:00,36.38999938964844,36.57500076293945,36.34999847412109,36.54999923706055,17379
2026-02-05 16:15:00,36.58000183105469,36.58000183105469,36.470001220703125,36.470001220703125,17959
2026-02-05 16:20:00,36.470001220703125,36.525001525878906,36.470001220703125,36.4900016784668,8497
2026-02-05 16:25:00,36.4900016784668,36.52999877929688,36.45000076293945,36.470001220703125,9487
2026-02-05 16:30:00,36.459999084472656,36.459999084472656,36.380001068115234,36.380001068115234,4218
2026-02-05 16:35:00,36.39500045776367,36.39500045776367,36.34000015258789,36.34000015258789,1320
2026-02-05 16:40:00,36.334999084472656,36.369998931884766,36.32500076293945,36.369998931884766,5286
2026-02-05 16:45:00,36.40499877929688,36.44499969482422,36.40499877929688,36.44499969482422,3427
2026-02-05 16:50:00,36.45500183105469,36.5099983215332,36.45500183105469,36.5,3039
2026-02-05 16:55:00,36.54999923706055,36.54999923706055,36.47999954223633,36.505001068115234,3738
2026-02-05 17:00:00,36.470001220703125,36.470001220703125,36.41999816894531,36.43000030517578,3140
2026-02-05 17:05:00,36.40999984741211,36.459999084472656,36.40999984741211,36.43000030517578,1524
2026-02-05 17:10:00,36.459999084472656,36.459999084472656,36.43999862670898,36.43999862670898,2308
2026-02-05 17:15:00,36.459999084472656,36.47999954223633,36.459999084472656,36.47999954223633,2047
2026-02-05 17:20:00,36.540000915527344,36.56999969482422,36.540000915527344,36.56999969482422,2272
2026-02-05 17:25:00,36.630001068115234,36.7400016784668,36.630001068115234,36.7400016784668,2318
2026-02-05 17:30:00,36.77000045776367,36.84999847412109,36.76250076293945,36.84999847412109,6468
2026-02-05 17:35:00,36.82500076293945,36.88999938964844,36.81999969482422,36.880001068115234,9392
2026-02-05 17:40:00,36.869998931884766,36.970001220703125,36.86000061035156,36.90999984741211,69647
2026-02-05 17:45:00,36.88999938964844,36.90230178833008,36.79999923706055,36.79999923706055,21585
2026-02-05 17:50:00,36.7400016784668,36.84000015258789,36.7400016784668,36.77000045776367,13954
2026-02-05 17:55:00,36.7599983215332,36.7599983215332,36.66999816894531,36.744998931884766,9929
2026-02-05 18:00:00,36.75,36.79499816894531,36.709999084472656,36.720001220703125,12084
2026-02-05 18:05:00,36.72499847412109,36.79999923706055,36.68999862670898,36.790000915527344,10245
2026-02-05 18:10:00,36.81999969482422,36.880001068115234,36.810001373291016,36.81999969482422,11153
2026-02-05 18:15:00,36.79999923706055,36.83000183105469,36.7599983215332,36.7599983215332,32978
2026-02-05 18:20:00,36.77000045776367,36.77000045776367,36.619998931884766,36.66999816894531,26048
2026-02-05 18:25:00,36.68000030517578,36.75,36.650001525878906,36.650001525878906,10171
2026-02-05 18:30:00,36.68000030517578,36.68999862670898,36.650001525878906,36.650001525878906,4745
2026-02-05 18:35:00,36.650001525878906,36.665000915527344,36.53499984741211,36.560001373291016,5649
2026-02-05 18:40:00,36.560001373291016,36.58000183105469,36.52000045776367,36.58000183105469,7473
2026-02-05 18:45:00,36.58000183105469,36.69499969482422,36.56999969482422,36.65999984741211,4979
2026-02-05 18:50:00,36.65999984741211,36.67499923706055,36.630001068115234,36.67499923706055,4061
2026-02-05 18:55:00,36.67499923706055,36.70500183105469,36.67499923706055,36.70500183105469,6737
2026-02-05 19:00:00,36.68999862670898,36.68999862670898,36.56999969482422,36.58000183105469,16324
2026-02-05 19:05:00,36.60499954223633,36.630001068115234,36.59000015258789,36.61000061035156,8820
2026-02-05 19:10:00,36.61000061035156,36.72999954223633,36.61000061035156,36.720001220703125,6429
2026-02-05 19:15:00,36.720001220703125,36.7400016784668,36.70000076293945,36.71500015258789,4975
2026-02-05 19:20:00,36.72999954223633,36.810001373291016,36.72999954223633,36.77000045776367,10619
2026-02-05 19:25:00,36.77000045776367,36.77999877929688,36.68999862670898,36.68999862670898,8502
2026-02-05 19:30:00,36.68999862670898,36.7400016784668,36.630001068115234,36.65499877929688,7366
2026-02-05 19:35:00,36.630001068115234,36.650001525878906,36.59000015258789,36.619998931884766,7558
2026-02-05 19:40:00,36.61000061035156,36.6150016784668,36.59999847412109,36.59999847412109,1607
2026-02-05 19:45:00,36.630001068115234,36.65999984741211,36.61000061035156,36.63999938964844,5370
2026-02-05 19:50:00,36.650001525878906,36.66999816894531,36.650001525878906,36.650001525878906,1499
2026-02-05 19:55:00,36.66859817504883,36.66999816894531,36.619998931884766,36.625,11808
2026-02-05 20:00:00,36.625,36.68989944458008,36.625,36.68989944458008,8069
2026-02-05 20:05:00,36.70000076293945,36.790000915527344,36.70000076293945,36.790000915527344,4310
2026-02-05 20:10:00,36.810001373291016,36.810001373291016,36.72999954223633,36.7400016784668,8339
2026-02-05 20:15:00,36.720001220703125,36.720001220703125,36.65999984741211,36.65999984741211,4295
2026-02-05 20:20:00,36.67499923706055,36.72499847412109,36.66999816894531,36.70500183105469,12952
2026-02-05 20:25:00,36.70500183105469,36.75,36.70000076293945,36.7400016784668,7678
2026-02-05 20:30:00,36.72999954223633,36.755001068115234,36.68999862670898,36.720001220703125,11364
2026-02-05 20:35:00,36.72999954223633,36.81999969482422,36.72999954223633,36.790000915527344,18726
2026-02-05 20:40:00,36.77999877929688,36.83000183105469,36.77999877929688,36.790000915527344,12110
2026-02-05 20:45:00,36.77999877929688,36.78499984741211,36.68999862670898,36.78499984741211,24915
2026-02-05 20:50:00,36.77000045776367,36.85499954223633,36.68000030517578,36.81999969482422,30037
2026-02-05 20:55:00,36.77999877929688,36.790000915527344,36.66999816894531,36.720001220703125,113710
2026-02-06 14:30:00,37.15999984741211,37.15999984741211,36.310001373291016,36.34999847412109,14291
2026-02-06 14:45:00,37.29499816894531,37.400001525878906,36.91999816894531,37.19499969482422,12131
2026-02-06 14:50:00,37.32500076293945,37.48540115356445,37.32419967651367,37.32419967651367,4931
2026-02-06 14:55:00,37.40999984741211,37.40999984741211,37.40999984741211,37.40999984741211,101
2026-02-06 15:00:00,37.27999877929688,37.40999984741211,37.150001525878906,37.150001525878906,4708
2026-02-06 15:05:00,37.15999984741211,37.55500030517578,37.15999984741211,37.55500030517578,6998
2026-02-06 15:10:00,37.459999084472656,37.560001373291016,37.25,37.435001373291016,50173
2026-02-06 15:15:00,37.47499847412109,37.48500061035156,37.34000015258789,37.36000061035156,4239
2026-02-06 15:20:00,37.36000061035156,37.5,37.36000061035156,37.369998931884766,10480
2026-02-06 15:25:00,37.369998931884766,37.52000045776367,37.33000183105469,37.34999847412109,16447
2026-02-06 15:30:00,37.4900016784668,37.56999969482422,37.40999984741211,37.54999923706055,9398
2026-02-06 15:35:00,37.52999877929688,37.650001525878906,37.52000045776367,37.630001068115234,8149
2026-02-06 15:40:00,37.65499877929688,37.720001220703125,37.619998931884766,37.720001220703125,3828
2026-02-06 15:55:00,37.72999954223633,37.79999923706055,37.72999954223633,37.79999923706055,25195
2026-02-06 16:00:00,37.83000183105469,38.04499816894531,37.83000183105469,38.005001068115234,9964
2026-02-06 16:05:00,38.005001068115234,38.0099983215332,37.83000183105469,37.83000183105469,6622
2026-02-06 16:10:00,38.0099983215332,38.0099983215332,38.0,38.0,13127
2026-02-06 16:15:00,38.040000915527344,38.040000915527344,38.040000915527344,38.040000915527344,8915
2026-02-06 16:20:00,38.06999969482422,38.06999969482422,37.97999954223633,38.02000045776367,5955
2026-02-06 16:25:00,37.9900016784668,38.040000915527344,37.97999954223633,38.040000915527344,4254
2026-02-06 16:30:00,38.04499816894531,38.04999923706055,37.970001220703125,37.9900016784668,6844
2026-02-06 16:35:00,37.97999954223633,37.97999954223633,37.900001525878906,37.93000030517578,4544
2026-02-06 16:40:00,37.93000030517578,37.970001220703125,37.93000030517578,37.95000076293945,2942
2026-02-06 16:45:00,37.93999862670898,37.97999954223633,37.91999816894531,37.95000076293945,17907
2026-02-06 16:50:00,37.959999084472656,38.13999938964844,37.95000076293945,38.13999938964844,27744
2026-02-06 16:55:00,38.13999938964844,38.17499923706055,38.09999847412109,38.15999984741211,6014
2026-02-06 17:00:00,38.15999984741211,38.290000915527344,38.130001068115234,38.290000915527344,7867
2026-02-06 17:05:00,38.28499984741211,38.31999969482422,38.2599983215332,38.27999877929688,5938
2026-02-06 17:10:00,38.27999877929688,38.31930160522461,38.15999984741211,38.15999984741211,10865
2026-02-06 17:15:00,38.15999984741211,38.17499923706055,38.09999847412109,38.17499923706055,8023
2026-02-06 17:20:00,38.15999984741211,38.209999084472656,38.150001525878906,38.18000030517578,2589
2026-02-06 17:25:00,38.20000076293945,38.2400016784668,38.20000076293945,38.22999954223633,5535
2026-02-06 17:30:00,38.27000045776367,38.27000045776367,38.22999954223633,38.25,2541
2026-02-06 17:35:00,38.220001220703125,38.27999877929688,38.220001220703125,38.27999877929688,2797
2026-02-06 17:40:00,38.27999877929688,38.27999877929688,38.27000045776367,38.27000045776367,1317
2026-02-06 17:45:00,38.2400016784668,38.380001068115234,38.22999954223633,38.34000015258789,10593
2026-02-06 17:50:00,38.34000015258789,38.34000015258789,38.27999877929688,38.27999877929688,2831
2026-02-06 17:55:00,38.290000915527344,38.34999847412109,38.27999877929688,38.34000015258789,4673
2026-02-06 18:00:00,38.34989929199219,38.34999847412109,38.334999084472656,38.34999847412109,3588
2026-02-06 18:05:00,38.36000061035156,38.44499969482422,38.36000061035156,38.44499969482422,3309
2026-02-06 18:10:00,38.415000915527344,38.43000030517578,38.400001525878906,38.400001525878906,4253
2026-02-06 18:15:00,38.400001525878906,38.5,38.400001525878906,38.5,2483
2026-02-06 18:20:00,38.51499938964844,38.58000183105469,38.47999954223633,38.58000183105469,4543
2026-02-06 18:25:00,38.52999877929688,38.52999877929688,38.43000030517578,38.43000030517578,7032
2026-02-06 18:30:00,38.43000030517578,38.540000915527344,38.400001525878906,38.540000915527344,16535
2026-02-06 18:35:00,38.52000045776367,38.58000183105469,38.47999954223633,38.52999877929688,11763
2026-02-06 18:40:00,38.53499984741211,38.56999969482422,38.52999877929688,38.560001373291016,7287
2026-02-06 18:45:00,38.52000045776367,38.52999877929688,38.4900016784668,38.52999877929688,5192
2026-02-06 18:50:00,38.4900016784668,38.505001068115234,38.47999954223633,38.48500061035156,2911
2026-02-06 18:55:00,38.47999954223633,38.54499816894531,38.470001220703125,38.5,4526
2026-02-06 19:00:00,38.525001525878906,38.54999923706055,38.470001220703125,38.53499984741211,6608
2026-02-06 19:05:00,38.52000045776367,38.54999923706055,38.45000076293945,38.47499847412109,13431
2026-02-06 19:10:00,38.5,38.5,38.43000030517578,38.43000030517578,7389
2026-02-06 19:15:00,38.4900016784668,38.630001068115234,38.470001220703125,38.52999877929688,31934
2026-02-06 19:20:00,38.52000045776367,38.58000183105469,38.5099983215332,38.5099983215332,11484
2026-02-06 19:25:00,38.5,38.57500076293945,38.4900016784668,38.560001373291016,8282
2026-02-06 19:30:00,38.540000915527344,38.55500030517578,38.459999084472656,38.5,8931
2026-02-06 19:35:00,38.470001220703125,38.52000045776367,38.459999084472656,38.47999954223633,6590
2026-02-06 19:40:00,38.4900016784668,38.61000061035156,38.4900016784668,38.52999877929688,6465
2026-02-06 19:45:00,38.560001373291016,38.6349983215332,38.54999923706055,38.630001068115234,5496
2026-02-06 19:50:00,38.630001068115234,38.63059997558594,38.59999847412109,38.59999847412109,5872
2026-02-06 19:55:00,38.59000015258789,38.630001068115234,38.56999969482422,38.59999847412109,4860
2026-02-06 20:00:00,38.58000183105469,38.63999938964844,38.560001373291016,38.63999938964844,4862
2026-02-06 20:05:00,38.6150016784668,38.685001373291016,38.61000061035156,38.61000061035156,6377
2026-02-06 20:10:00,38.58000183105469,38.58000183105469,38.54999923706055,38.58000183105469,5036
2026-02-06 20:15:00,38.59999847412109,38.67499923706055,38.59000015258789,38.67499923706055,8078
2026-02-06 20:20:00,38.68000030517578,38.709999084472656,38.650001525878906,38.709999084472656,6624
2026-02-06 20:25:00,38.720001220703125,38.720001220703125,38.65999984741211,38.65999984741211,7098
2026-02-06 20:30:00,38.65999984741211,38.709999084472656,38.650001525878906,38.69499969482422,9000
2026-02-06 20:35:00,38.70500183105469,38.709999084472656,38.63999938964844,38.66999816894531,15691
2026-02-06 20:40:00,38.68000030517578,38.70000076293945,38.619998931884766,38.665000915527344,17243
2026-02-06 20:45:00,38.665000915527344,38.67499923706055,38.59999847412109,38.63999938964844,29810
2026-02-06 20:50:00,38.630001068115234,38.630001068115234,38.560001373291016,38.619998931884766,34996
2026-02-06 20:55:00,38.630001068115234,38.665000915527344,38.56999969482422,38.6150016784668,137144
2026-02-09 14:30:00,38.630001068115234,38.63999938964844,38.44499969482422,38.44499969482422,8758
2026-02-09 14:35:00,38.14500045776367,38.25,37.98149871826172,38.25,4996
2026-02-09 14:40:00,38.1150016784668,38.130001068115234,37.82500076293945,37.959999084472656,4047
2026-02-09 14:45:00,37.8650016784668,37.8650016784668,37.85499954223633,37.85499954223633,2646
2026-02-09 14:50:00,37.85499954223633,38.02999877929688,37.85499954223633,38.02000045776367,4230
2026-02-09 14:55:00,38.02000045776367,38.02000045776367,37.84000015258789,37.93999862670898,4964
2026-02-09 15:00:00,37.98500061035156,38.18999862670898,37.98500061035156,38.17499923706055,7274
2026-02-09 15:05:00,38.09999847412109,38.29499816894531,38.09999847412109,38.29499816894531,4635
2026-02-09 15:10:00,38.27999877929688,38.470001220703125,38.27999877929688,38.470001220703125,6724
2026-02-09 15:15:00,38.47999954223633,38.53499984741211,38.43000030517578,38.53499984741211,6676
2026-02-09 15:20:00,38.470001220703125,38.61000061035156,38.470001220703125,38.560001373291016,4286
2026-02-09 15:25:00,38.52000045776367,38.63999938964844,38.52000045776367,38.63999938964844,2846
2026-02-09 15:30:00,38.63999938964844,38.75,38.63999938964844,38.72999954223633,6242
2026-02-09 15:35:00,38.72999954223633,38.89500045776367,38.72999954223633,38.810001373291016,20119
2026-02-09 15:40:00,38.84000015258789,38.93999862670898,38.77999877929688,38.77999877929688,11997
2026-02-09 15:45:00,38.77999877929688,38.880001068115234,38.77999877929688,38.880001068115234,8299
2026-02-09 15:50:00,38.8650016784668,38.880001068115234,38.79999923706055,38.79999923706055,12204
2026-02-09 15:55:00,38.79999923706055,38.79999923706055,38.72999954223633,38.7599983215332,11811
2026-02-09 16:00:00,38.810001373291016,38.810001373291016,38.7599983215332,38.79999923706055,7317
2026-02-09 16:05:00,38.790000915527344,38.84999847412109,38.78499984741211,38.78499984741211,4273
2026-02-09 16:10:00,38.790000915527344,38.810001373291016,38.7599983215332,38.7599983215332,7982
2026-02-09 16:15:00,38.75,38.7599983215332,38.68000030517578,38.68000030517578,8738
2026-02-09 16:20:00,38.68999862670898,38.720001220703125,38.68999862670898,38.720001220703125,2630
2026-02-09 16:25:00,38.70000076293945,38.810001373291016,38.70000076293945,38.77999877929688,4821
2026-02-09 16:30:00,38.81999969482422,38.84000015258789,38.77000045776367,38.77000045776367,4867
2026-02-09 16:35:00,38.75,38.76499938964844,38.720001220703125,38.75,5922
2026-02-09 16:40:00,38.755001068115234,38.755001068115234,38.72999954223633,38.72999954223633,2432
2026-02-09 16:45:00,38.77000045776367,38.81999969482422,38.77000045776367,38.79499816894531,3957
2026-02-09 16:50:00,38.79499816894531,38.810001373291016,38.77999877929688,38.77999877929688,3364
2026-02-09 16:55:00,38.810001373291016,38.81999969482422,38.810001373291016,38.810001373291016,2518
2026-02-09 17:00:00,38.83000183105469,38.900001525878906,38.82500076293945,38.84999847412109,6852
2026-02-09 17:05:00,38.880001068115234,38.880001068115234,38.869998931884766,38.869998931884766,2450
2026-02-09 17:10:00,38.880001068115234,38.93000030517578,38.880001068115234,38.93000030517578,1993
2026-02-09 17:15:00,38.90999984741211,38.93999862670898,38.900001525878906,38.90999984741211,4988
2026-02-09 17:20:00,38.880001068115234,38.970001220703125,38.880001068115234,38.970001220703125,4848
2026-02-09 17:25:00,38.959999084472656,39.150001525878906,38.959999084472656,39.119998931884766,4567
2026-02-09 17:30:00,39.130001068115234,39.150001525878906,39.08000183105469,39.10499954223633,6134
2026-02-09 17:35:00,39.1072998046875,39.130001068115234,39.060001373291016,39.095001220703125,5279
2026-02-09 17:40:00,39.119998931884766,39.1349983215332,39.06999969482422,39.1349983215332,2989
2026-02-09 17:45:00,39.119998931884766,39.150001525878906,39.1150016784668,39.119998931884766,4988
2026-02-09 17:50:00,39.1150016784668,39.130001068115234,39.060001373291016,39.060001373291016,3309
2026-02-09 17:55:00,39.060001373291016,39.09000015258789,39.060001373291016,39.08000183105469,5106
2026-02-09 18:00:00,39.084999084472656,39.09999847412109,39.06999969482422,39.09999847412109,3365
2026-02-09 18:05:00,39.08000183105469,39.09999847412109,39.06999969482422,39.09999847412109,4505
2026-02-09 18:10:00,39.060001373291016,39.060001373291016,39.02000045776367,39.02999877929688,4270
2026-02-09 18:15:00,39.02000045776367,39.040000915527344,39.0099983215332,39.025001525878906,4709
2026-02-09 18:20:00,39.0099983215332,39.05500030517578,38.95000076293945,39.05500030517578,6640
2026-02-09 18:25:00,39.040000915527344,39.11000061035156,39.040000915527344,39.11000061035156,4168
2026-02-09 18:30:00,39.11000061035156,39.13999938964844,39.11000061035156,39.13999938964844,3032
2026-02-09 18:35:00,39.15999984741211,39.15999984741211,39.13999938964844,39.13999938964844,1267
2026-02-09 18:40:00,39.130001068115234,39.150001525878906,39.11000061035156,39.150001525878906,4497
2026-02-09 18:45:00,39.130001068115234,39.130001068115234,39.095001220703125,39.095001220703125,4053
2026-02-09 18:50:00,39.095001220703125,39.14500045776367,39.095001220703125,39.14500045776367,3517
2026-02-09 18:55:00,39.15499877929688,39.18000030517578,39.150001525878906,39.16999816894531,3271
2026-02-09 19:00:00,39.18000030517578,39.18000030517578,39.13999938964844,39.15999984741211,5404
2026-02-09 19:05:00,39.16999816894531,39.16999816894531,39.110198974609375,39.14500045776367,7319
2026-02-09 19:10:00,39.14500045776367,39.15999984741211,39.130001068115234,39.150001525878906,10167
2026-02-09 19:15:00,39.150001525878906,39.150001525878906,39.119998931884766,39.119998931884766,8777
2026-02-09 19:20:00,39.119998931884766,39.165000915527344,39.119998931884766,39.165000915527344,2863
2026-02-09 19:25:00,39.15999984741211,39.15999984741211,39.119998931884766,39.15999984741211,11450
2026-02-09 19:30:00,39.17499923706055,39.17499923706055,39.119998931884766,39.119998931884766,5113
2026-02-09 19:35:00,39.1349983215332,39.13999938964844,39.09999847412109,39.130001068115234,11078
2026-02-09 19:40:00,39.150001525878906,39.17499923706055,39.150001525878906,39.17499923706055,7963
2026-02-09 19:45:00,39.18000030517578,39.2400016784668,39.150001525878906,39.2400016784668,16782
2026-02-09 19:50:00,39.220001220703125,39.22999954223633,39.18999862670898,39.20000076293945,4710
2026-02-09 19:55:00,39.209999084472656,39.22999954223633,39.20000076293945,39.209999084472656,2305
2026-02-09 20:00:00,39.22999954223633,39.22999954223633,39.15999984741211,39.16999816894531,7686
2026-02-09 20:05:00,39.16999816894531,39.22999954223633,39.16999816894531,39.22999954223633,7959
2026-02-09 20:10:00,39.23350143432617,39.2599983215332,39.220001220703125,39.244998931884766,5097
2026-02-09 20:15:00,39.244998931884766,39.25,39.16999816894531,39.17990112304688,7666
2026-02-09 20:20:00,39.209999084472656,39.2400016784668,39.20000076293945,39.2400016784668,5997
2026-02-09 20:25:00,39.22999954223633,39.27000045776367,39.220001220703125,39.255001068115234,10289
2026-02-09 20:30:00,39.2599983215332,39.39500045776367,39.2599983215332,39.39500045776367,6229
2026-02-09 20:35:00,39.380001068115234,39.38999938964844,39.34999847412109,39.38999938964844,10644
2026-02-09 20:40:00,39.38999938964844,39.43000030517578,39.36000061035156,39.43000030517578,16544
2026-02-09 20:45:00,39.43000030517578,39.45000076293945,39.369998931884766,39.3849983215332,16463
2026-02-09 20:50:00,39.369998931884766,39.5,39.31999969482422,39.31999969482422,50185
2026-02-09 20:55:00,39.31999969482422,39.369998931884766,39.30500030517578,39.33000183105469,127842
2026-02-10 14:30:00,39.470001220703125,39.900001525878906,39.435001373291016,39.470001220703125,20049
2026-02-10 14:35:00,39.7599983215332,39.810001373291016,39.47999954223633,39.52999877929688,8296
2026-02-10 14:40:00,39.95000076293945,40.1349983215332,39.84000015258789,39.91999816894531,15180
2026-02-10 14:45:00,39.900001525878906,40.0099983215332,39.77000045776367,40.0099983215332,16990
2026-02-10 14:50:00,40.0099983215332,40.0099983215332,39.86000061035156,39.89500045776367,5933
2026-02-10 14:55:00,39.880001068115234,39.880001068115234,39.834999084472656,39.834999084472656,3669
2026-02-10 15:00:00,39.834999084472656,39.900001525878906,39.7599983215332,39.869998931884766,5747
2026-02-10 15:05:00,39.8650016784668,39.88999938964844,39.77999877929688,39.88999938964844,2524
2026-02-10 15:10:00,39.8849983215332,39.8849983215332,39.67499923706055,39.67499923706055,4016
2026-02-10 15:15:00,39.66999816894531,39.7400016784668,39.665000915527344,39.73500061035156,1268
2026-02-10 15:20:00,39.70500183105469,39.70500183105469,39.70500183105469,39.70500183105469,775
2026-02-10 15:25:00,39.709999084472656,39.89500045776367,39.709999084472656,39.84999847412109,4766
2026-02-10 15:30:00,39.90499877929688,39.90999984741211,39.84000015258789,39.84999847412109,6859
2026-02-10 15:35:00,39.869998931884766,39.93000030517578,39.810001373291016,39.845001220703125,5368
2026-02-10 15:40:00,39.85499954223633,39.95000076293945,39.85499954223633,39.90999984741211,4156
2026-02-10 15:45:00,39.90999984741211,39.90999984741211,39.880001068115234,39.880001068115234,2896
2026-02-10 15:50:00,39.880001068115234,39.93000030517578,39.84000015258789,39.90999984741211,5870
2026-02-10 15:55:00,39.90999984741211,39.97999954223633,39.90999984741211,39.959999084472656,4052
2026-02-10 16:00:00,39.93999862670898,39.959999084472656,39.90999984741211,39.959999084472656,3567
2026-02-10 16:05:00,39.970001220703125,39.97999954223633,39.95000076293945,39.97999954223633,2692
2026-02-10 16:10:00,39.97999954223633,40.0,39.88999938964844,39.92499923706055,8054
2026-02-10 16:15:00,39.94499969482422,39.97999954223633,39.935001373291016,39.935001373291016,7022
2026-02-10 16:20:00,39.959999084472656,39.97999954223633,39.91999816894531,39.935001373291016,13469
2026-02-10 16:25:00,39.93999862670898,40.040000915527344,39.93999862670898,40.02000045776367,15728
2026-02-10 16:30:00,39.970001220703125,39.97999954223633,39.880001068115234,39.880001068115234,4381
2026-02-10 16:35:00,39.869998931884766,39.91999816894531,39.869998931884766,39.91999816894531,6116
2026-02-10 16:40:00,39.91999816894531,39.94499969482422,39.91999816894531,39.93000030517578,2003
2026-02-10 16:45:00,39.935001373291016,39.959999084472656,39.935001373291016,39.95500183105469,1831
2026-02-10 16:50:00,39.92499923706055,39.93999862670898,39.90999984741211,39.90999984741211,3968
2026-02-10 16:55:00,39.900001525878906,39.93999862670898,39.900001525878906,39.90499877929688,3557
2026-02-10 17:00:00,39.90999984741211,39.93999862670898,39.86000061035156,39.93000030517578,3123
2026-02-10 17:05:00,39.93999862670898,40.04999923706055,39.93000030517578,40.040000915527344,3808
2026-02-10 17:10:00,40.02999877929688,40.09999847412109,40.02000045776367,40.04999923706055,4065
2026-02-10 17:15:00,40.04999923706055,40.125,40.04999923706055,40.125,4455
2026-02-10 17:20:00,40.09000015258789,40.09999847412109,40.0,40.040000915527344,5410
2026-02-10 17:25:00,40.08000183105469,40.13199996948242,40.06999969482422,40.13199996948242,3166
2026-02-10 17:30:00,40.10499954223633,40.150001525878906,40.09999847412109,40.150001525878906,3313
2026-02-10 17:35:00,40.13999938964844,40.18000030517578,40.13999938964844,40.17499923706055,6460
2026-02-10 17:40:00,40.18000030517578,40.18000030517578,40.15999984741211,40.16999816894531,4465
2026-02-10 17:45:00,40.16999816894531,40.18000030517578,40.15999984741211,40.17499923706055,5476
2026-02-10 17:50:00,40.16999816894531,40.18999862670898,40.16999816894531,40.16999816894531,3043
2026-02-10 17:55:00,40.18000030517578,40.22999954223633,40.18000030517578,40.20000076293945,4428
2026-02-10 18:00:00,40.18000030517578,40.18000030517578,40.084999084472656,40.084999084472656,6348
2026-02-10 18:05:00,40.06999969482422,40.09999847412109,39.9900016784668,39.9900016784668,5788
2026-02-10 18:10:00,39.9900016784668,39.9900016784668,39.959999084472656,39.97999954223633,3987
2026-02-10 18:15:00,39.97999954223633,40.0,39.93000030517578,39.95000076293945,4627
2026-02-10 18:20:00,39.95000076293945,39.959999084472656,39.91999816894531,39.91999816894531,4577
2026-02-10 18:25:00,39.900001525878906,39.994998931884766,39.88999938964844,39.994998931884766,3939
2026-02-10 18:30:00,39.9900016784668,39.994998931884766,39.970001220703125,39.994998931884766,4803
2026-02-10 18:35:00,39.994998931884766,40.09000015258789,39.994998931884766,40.06999969482422,3679
2026-02-10 18:40:00,40.04999923706055,40.060001373291016,40.0099983215332,40.0099983215332,6865
2026-02-10 18:45:00,40.0099983215332,40.0099983215332,39.93999862670898,39.93999862670898,4976
2026-02-10 18:50:00,39.96500015258789,39.96500015258789,39.90999984741211,39.90999984741211,3959
2026-02-10 18:55:00,39.900001525878906,39.95000076293945,39.869998931884766,39.935001373291016,6820
2026-02-10 19:00:00,39.91999816894531,40.01499938964844,39.91999816894531,39.95000076293945,7269
2026-02-10 19:05:00,39.97999954223633,40.02000045776367,39.970001220703125,40.02000045776367,5836
2026-02-10 19:10:00,40.0,40.0099983215332,39.9900016784668,40.0099983215332,5557
2026-02-10 19:15:00,40.02999877929688,40.02999877929688,40.0099983215332,40.02999877929688,5625
2026-02-10 19:20:00,40.02999877929688,40.06900024414063,40.02999877929688,40.06900024414063,4381
2026-02-10 19:25:00,40.06999969482422,40.22499847412109,40.06999969482422,40.20000076293945,9832
2026-02-10 19:30:00,40.20000076293945,40.22499847412109,40.150001525878906,40.19499969482422,4807
2026-02-10 19:35:00,40.22999954223633,40.25,40.21500015258789,40.23500061035156,2226
2026-02-10 19:40:00,40.22999954223633,40.244998931884766,40.16999816894531,40.20500183105469,6891
2026-02-10 19:45:00,40.18000030517578,40.26499938964844,40.18000030517578,40.2400016784668,5931
2026-02-10 19:50:00,40.22999954223633,40.23500061035156,40.209999084472656,40.209999084472656,2272
2026-02-10 19:55:00,40.23500061035156,40.23500061035156,40.18000030517578,40.18000030517578,6826
2026-02-10 20:00:00,40.220001220703125,40.220001220703125,40.16999816894531,40.16999816894531,8591
2026-02-10 20:05:00,40.18000030517578,40.20000076293945,40.16999816894531,40.16999816894531,3660
2026-02-10 20:10:00,40.16999816894531,40.220001220703125,40.16999816894531,40.220001220703125,3441
2026-02-10 20:15:00,40.220001220703125,40.22999954223633,40.20000076293945,40.20000076293945,4973
2026-02-10 20:20:00,40.22999954223633,40.321998596191406,40.209999084472656,40.25,10398
2026-02-10 20:25:00,40.22999954223633,40.22999954223633,40.209999084472656,40.209999084472656,9329
2026-02-10 20:30:00,40.22499847412109,40.25,40.20000076293945,40.22999954223633,14062
2026-02-10 20:35:00,40.22999954223633,40.257999420166016,40.220001220703125,40.25,14447
2026-02-10 20:40:00,40.244998931884766,40.244998931884766,40.18000030517578,40.18000030517578,15005
2026-02-10 20:45:00,40.18000030517578,40.25,40.150001525878906,40.244998931884766,11185
2026-02-10 20:50:00,40.244998931884766,40.2599983215332,40.18000030517578,40.19499969482422,19107
2026-02-10 20:55:00,40.18000030517578,40.2400016784668,40.16999816894531,40.22999954223633,114352
2026-02-11 14:30:00,40.209999084472656,40.380001068115234,39.97999954223633,40.06499862670898,10268
2026-02-11 14:35:00,39.86000061035156,40.02000045776367,39.84000015258789,39.90999984741211,1865
2026-02-11 14:40:00,40.017799377441406,40.25,39.90999984741211,40.02000045776367,7058
2026-02-11 14:45:00,40.119998931884766,40.119998931884766,40.02000045776367,40.02999877929688,2758
2026-02-11 14:50:00,39.93999862670898,39.97499847412109,39.93999862670898,39.97499847412109,478
2026-02-11 14:55:00,40.13999938964844,40.13999938964844,39.96839904785156,39.97499847412109,1615
2026-02-11 15:00:00,39.97499847412109,40.13999938964844,39.93999862670898,39.93999862670898,2027
2026-02-11 15:05:00,39.93999862670898,39.970001220703125,39.75,39.88999938964844,2996
2026-02-11 15:10:00,39.72999954223633,39.900001525878906,39.68000030517578,39.78499984741211,2014
2026-02-11 15:15:00,39.78499984741211,39.78499984741211,39.5,39.5,3714
2026-02-11 15:20:00,39.540000915527344,39.56999969482422,39.525001525878906,39.525001525878906,1374
2026-02-11 15:25:00,39.43000030517578,39.540000915527344,39.220001220703125,39.2599983215332,8831
2026-02-11 15:30:00,39.290000915527344,39.38999938964844,39.290000915527344,39.38999938964844,2068
2026-02-11 15:35:00,39.400001525878906,39.44499969482422,39.400001525878906,39.415000915527344,1632
2026-02-11 15:40:00,39.44499969482422,39.560001373291016,39.44499969482422,39.525001525878906,2707
2026-02-11 15:45:00,39.47999954223633,39.47999954223633,39.400001525878906,39.43000030517578,1934
2026-02-11 15:50:00,39.45000076293945,39.470001220703125,39.43999862670898,39.43999862670898,2311
2026-02-11 15:55:00,39.45000076293945,39.4900016784668,39.43999862670898,39.45000076293945,1656
2026-02-11 16:00:00,39.48500061035156,39.48500061035156,39.40999984741211,39.40999984741211,1970
2026-02-11 16:05:00,39.400001525878906,39.46979904174805,39.400001525878906,39.46979904174805,1593
2026-02-11 16:10:00,39.4900016784668,39.505001068115234,39.43999862670898,39.47999954223633,5038
2026-02-11 16:15:00,39.47999954223633,39.56999969482422,39.47999954223633,39.56499862670898,2411
2026-02-11 16:20:00,39.560001373291016,39.630001068115234,39.560001373291016,39.630001068115234,1733
2026-02-11 16:25:00,39.59000015258789,39.59000015258789,39.54999923706055,39.57749938964844,3739
2026-02-11 16:30:00,39.560001373291016,39.619998931884766,39.560001373291016,39.619998931884766,1514
2026-02-11 16:35:00,39.59999847412109,39.622501373291016,39.56999969482422,39.56999969482422,1492
2026-02-11 16:40:00,39.56999969482422,39.59999847412109,39.540000915527344,39.540000915527344,3194
2026-02-11 16:45:00,39.540000915527344,39.54999923706055,39.47999954223633,39.47999954223633,1528
2026-02-11 16:50:00,39.45000076293945,39.4900016784668,39.400001525878906,39.48500061035156,8538
2026-02-11 16:55:00,39.48500061035156,39.52000045776367,39.470401763916016,39.52000045776367,2103
2026-02-11 17:00:00,39.5,39.52999877929688,39.45000076293945,39.45000076293945,3225
2026-02-11 17:05:00,39.45000076293945,39.47999954223633,39.400001525878906,39.47999954223633,2445
2026-02-11 17:10:00,39.45000076293945,39.45000076293945,39.45000076293945,39.45000076293945,1198
2026-02-11 17:15:00,39.43000030517578,39.43000030517578,39.31999969482422,39.34999847412109,7015
2026-02-11 17:20:00,39.31999969482422,39.36000061035156,39.310001373291016,39.34000015258789,56157
2026-02-11 17:25:00,39.334999084472656,39.34000015258789,39.290000915527344,39.290000915527344,0
2026-02-11 17:30:00,39.27000045776367,39.34000015258789,39.27000045776367,39.34000015258789,2551
2026-02-11 17:35:00,39.31499862670898,39.369998931884766,39.29999923706055,39.369998931884766,3700
2026-02-11 17:40:00,39.400001525878906,39.400001525878906,39.369998931884766,39.375,1062
2026-02-11 17:45:00,39.369998931884766,39.38999938964844,39.33000183105469,39.33000183105469,4371
2026-02-11 17:50:00,39.33000183105469,39.334999084472656,39.20500183105469,39.20500183105469,2437
2026-02-11 17:55:00,39.18000030517578,39.19499969482422,39.130001068115234,39.130001068115234,1914
2026-02-11 18:00:00,39.130001068115234,39.1349983215332,39.119998931884766,39.1349983215332,1959
2026-02-11 18:05:00,39.14500045776367,39.14500045776367,39.060001373291016,39.060001373291016,2237
2026-02-11 18:10:00,39.04999923706055,39.08990097045898,39.02000045776367,39.040000915527344,3996
2026-02-11 18:15:00,39.0099983215332,39.02000045776367,38.9900016784668,39.005001068115234,2371
2026-02-11 18:20:00,38.970001220703125,38.970001220703125,38.90499877929688,38.90499877929688,1951
2026-02-11 18:25:00,38.869998931884766,38.93999862670898,38.869998931884766,38.93000030517578,3764
2026-02-11 18:30:00,38.92499923706055,38.959999084472656,38.92499923706055,38.95000076293945,2181
2026-02-11 18:35:00,39.0,39.0099983215332,39.0,39.0099983215332,1211
2026-02-11 18:40:00,39.02000045776367,39.02000045776367,39.0099983215332,39.0099983215332,1244
2026-02-11 18:45:00,39.0099983215332,39.09999847412109,39.0099983215332,39.04999923706055,3683
2026-02-11 18:50:00,39.02999877929688,39.040000915527344,39.0099983215332,39.040000915527344,2476
2026-02-11 18:55:00,39.0,39.040000915527344,39.0,39.0099983215332,2680
2026-02-11 19:00:00,39.02999877929688,39.11000061035156,39.0,39.11000061035156,2974
2026-02-11 19:05:00,39.125,39.125,39.05500030517578,39.09999847412109,5903
2026-02-11 19:10:00,39.09999847412109,39.26499938964844,39.08000183105469,39.2599983215332,8003
2026-02-11 19:15:00,39.244998931884766,39.27999877929688,39.220001220703125,39.2599983215332,4768
2026-02-11 19:20:00,39.22999954223633,39.22999954223633,39.22999954223633,39.22999954223633,1240
2026-02-11 19:25:00,39.22999954223633,39.2400016784668,39.22999954223633,39.2400016784668,2324
2026-02-11 19:30:00,39.2400016784668,39.310001373291016,39.209999084472656,39.30500030517578,4758
2026-02-11 19:35:00,39.27000045776367,39.275001525878906,39.2400016784668,39.2400016784668,3589
2026-02-11 19:40:00,39.27999877929688,39.27999877929688,39.18000030517578,39.18000030517578,3656
2026-02-11 19:45:00,39.130001068115234,39.13999938964844,39.119998931884766,39.1349983215332,2554
2026-02-11 19:50:00,39.15499877929688,39.15499877929688,38.880001068115234,38.880001068115234,44405
2026-02-11 19:55:00,38.880001068115234,38.93000030517578,38.86000061035156,38.86000061035156,2580
2026-02-11 20:00:00,38.88999938964844,38.93999862670898,38.86000061035156,38.880001068115234,7621
2026-02-11 20:05:00,38.88999938964844,38.91999816894531,38.880001068115234,38.88999938964844,4235
2026-02-11 20:10:00,38.880001068115234,38.900001525878906,38.86000061035156,38.900001525878906,3299
2026-02-11 20:15:00,38.86000061035156,38.86989974975586,38.79999923706055,38.84999847412109,5781
2026-02-11 20:20:00,38.84999847412109,38.880001068115234,38.84999847412109,38.880001068115234,3048
2026-02-11 20:25:00,38.869998931884766,38.88999938964844,38.77999877929688,38.77999877929688,5462
2026-02-11 20:30:00,38.7400016784668,38.775001525878906,38.650001525878906,38.650001525878906,8190
2026-02-11 20:35:00,38.68000030517578,38.720001220703125,38.68000030517578,38.720001220703125,2489
2026-02-11 20:40:00,38.7400016784668,38.810001373291016,38.70009994506836,38.70009994506836,14373
2026-02-11 20:45:00,38.73500061035156,38.81999969482422,38.720001220703125,38.79999923706055,9432
2026-02-11 20:50:00,38.81999969482422,38.875,38.790000915527344,38.84999847412109,13613
2026-02-11 20:55:00,38.85499954223633,38.90999984741211,38.75,38.88999938964844,57019
2026-02-12 14:30:00,39.5,39.5,39.0,39.27000045776367,17129
2026-02-12 14:35:00,38.970001220703125,39.220001220703125,38.586700439453125,39.09999847412109,6560
2026-02-12 14:40:00,38.9900016784668,39.0,38.9900016784668,38.9900016784668,1269
2026-02-12 14:45:00,38.994998931884766,38.994998931884766,38.994998931884766,38.994998931884766,2418
2026-02-12 14:50:00,38.79999923706055,38.79999923706055,38.7599983215332,38.7599983215332,1639
2026-02-12 14:55:00,39.0,39.0,38.80500030517578,38.80500030517578,1448
2026-02-12 15:00:00,38.83000183105469,38.845001220703125,38.83000183105469,38.845001220703125,1334
2026-02-12 15:05:00,38.72999954223633,38.90999984741211,38.54999923706055,38.90999984741211,11204
2026-02-12 15:10:00,38.959999084472656,39.0099983215332,38.935001373291016,39.0,1801
2026-02-12 15:15:00,39.109901428222656,39.11000061035156,38.88999938964844,38.91999816894531,4322
2026-02-12 15:20:00,38.900001525878906,38.959999084472656,38.869998931884766,38.90499877929688,2820
2026-02-12 15:25:00,38.8849983215332,38.959999084472656,38.83000183105469,38.959999084472656,2552
2026-02-12 15:30:00,38.93999862670898,38.95000076293945,38.8650016784668,38.875,2776
2026-02-12 15:35:00,38.790000915527344,38.86000061035156,38.72999954223633,38.72999954223633,2832
2026-02-12 15:40:00,38.7599983215332,38.77000045776367,38.459999084472656,38.47100067138672,4806
2026-02-12 15:45:00,38.45500183105469,38.52000045776367,38.34999847412109,38.34999847412109,4906
2026-02-12 15:50:00,38.22999954223633,38.22999954223633,38.03010177612305,38.095001220703125,2911
2026-02-12 15:55:00,38.040000915527344,38.13999938964844,38.0,38.10499954223633,10279
2026-02-12 16:00:00,38.130001068115234,38.130001068115234,37.93999862670898,37.93999862670898,3485
2026-02-12 16:05:00,38.0,38.0,37.84999847412109,37.88999938964844,14151
2026-02-12 16:10:00,37.81999969482422,37.900001525878906,37.79999923706055,37.82500076293945,3879
2026-02-12 16:15:00,37.82500076293945,37.82500076293945,37.68000030517578,37.70000076293945,9886
2026-02-12 16:20:00,37.68000030517578,37.709999084472656,37.59999847412109,37.59999847412109,6826
2026-02-12 16:25:00,37.560001373291016,37.560001373291016,37.400001525878906,37.44499969482422,8795
2026-02-12 16:30:00,37.44499969482422,37.4900016784668,37.2599983215332,37.290000915527344,27744
2026-02-12 16:35:00,37.310001373291016,37.31499862670898,37.2400016784668,37.31499862670898,6272
2026-02-12 16:40:00,37.31999969482422,37.47999954223633,37.31999969482422,37.470001220703125,3949
2026-02-12 16:45:00,37.5,37.5,37.41999816894531,37.459999084472656,3981
2026-02-12 16:50:00,37.47999954223633,37.47999954223633,37.36000061035156,37.36000061035156,1827
2026-02-12 16:55:00,37.36000061035156,37.36000061035156,37.255001068115234,37.33000183105469,6992
2026-02-12 17:00:00,37.31999969482422,37.31999969482422,37.18000030517578,37.18000030517578,5387
2026-02-12 17:05:00,37.18000030517578,37.18000030517578,37.119998931884766,37.17499923706055,3791
2026-02-12 17:10:00,37.15999984741211,37.15999984741211,36.90999984741211,36.90999984741211,9217
2026-02-12 17:15:00,36.90999984741211,36.90999984741211,36.76499938964844,36.81999969482422,12157
2026-02-12 17:20:00,36.81999969482422,37.02999877929688,36.81999969482422,36.95000076293945,9910
2026-02-12 17:25:00,36.95000076293945,36.95000076293945,36.82500076293945,36.900001525878906,9817
2026-02-12 17:30:00,36.84000015258789,36.92390060424805,36.84000015258789,36.880001068115234,12300
2026-02-12 17:35:00,36.91999816894531,37.040000915527344,36.875,36.91999816894531,31203
2026-02-12 17:40:00,36.915000915527344,37.06999969482422,36.915000915527344,37.0099983215332,23498
2026-02-12 17:45:00,37.0099983215332,37.0099983215332,36.81999969482422,36.93999862670898,20693
2026-02-12 17:50:00,36.970001220703125,37.16999816894531,36.92499923706055,37.11000061035156,17074
2026-02-12 17:55:00,37.15999984741211,37.16999816894531,36.994998931884766,37.0,18959
2026-02-12 18:00:00,37.04999923706055,37.060001373291016,36.810001373291016,36.94499969482422,221833
2026-02-12 18:05:00,36.959999084472656,37.09000015258789,36.900001525878906,37.09000015258789,17122
2026-02-12 18:10:00,37.03499984741211,37.16999816894531,37.03499984741211,37.15999984741211,5154
2026-02-12 18:15:00,37.15999984741211,37.25,37.09000015258789,37.2400016784668,179780
2026-02-12 18:20:00,37.2599983215332,37.459999084472656,37.2599983215332,37.45000076293945,6388
2026-02-12 18:25:00,37.41999816894531,37.45000076293945,37.31999969482422,37.31999969482422,9306
2026-02-12 18:30:00,37.31999969482422,37.40499877929688,37.310001373291016,37.40499877929688,3722
2026-02-12 18:35:00,37.400001525878906,37.43999862670898,37.400001525878906,37.42499923706055,1768
2026-02-12 18:40:00,37.400001525878906,37.525001525878906,37.2599983215332,37.38999938964844,131236
2026-02-12 18:45:00,37.33000183105469,37.45000076293945,37.33000183105469,37.45000076293945,2999
2026-02-12 18:50:00,37.5,37.560001373291016,37.459999084472656,37.494998931884766,11715
2026-02-12 18:55:00,37.494998931884766,37.61000061035156,37.494998931884766,37.560001373291016,12997
2026-02-12 19:00:00,37.59999847412109,37.59999847412109,37.40999984741211,37.40999984741211,5805
2026-02-12 19:05:00,37.40999984741211,37.44499969482422,37.3849983215332,37.44499969482422,5012
2026-02-12 19:10:00,37.45500183105469,37.65499877929688,37.45500183105469,37.56499862670898,13581
2026-02-12 19:15:00,37.59999847412109,37.63999938964844,37.58000183105469,37.6150016784668,2502
2026-02-12 19:20:00,37.61000061035156,37.67499923706055,37.591400146484375,37.650001525878906,2947
2026-02-12 19:25:00,37.64500045776367,37.65999984741211,37.560001373291016,37.59999847412109,8083
2026-02-12 19:30:00,37.59999847412109,37.73500061035156,37.59999847412109,37.6952018737793,6035
2026-02-12 19:35:00,37.720001220703125,37.720001220703125,37.52999877929688,37.560001373291016,16497
2026-02-12 19:40:00,37.54999923706055,37.56999969482422,37.5,37.54499816894531,4556
2026-02-12 19:45:00,37.56999969482422,37.630001068115234,37.56499862670898,37.59000015258789,3727
2026-02-12 19:50:00,37.59000015258789,37.68999862670898,37.59000015258789,37.619998931884766,16401
2026-02-12 19:55:00,37.619998931884766,37.68000030517578,37.61000061035156,37.625,8429
2026-02-12 20:00:00,37.63999938964844,37.650001525878906,37.59000015258789,37.59999847412109,10871
2026-02-12 20:05:00,37.56999969482422,37.595001220703125,37.52999877929688,37.52999877929688,10181
2026-02-12 20:10:00,37.54499816894531,37.63999938964844,37.52000045776367,37.63999938964844,6178
2026-02-12 20:15:00,37.63999938964844,37.85499954223633,37.595001220703125,37.85499954223633,165124
2026-02-12 20:20:00,37.88999938964844,38.02999877929688,37.86000061035156,38.0,6936
2026-02-12 20:25:00,37.97999954223633,38.09999847412109,37.81999969482422,37.81999969482422,13874
2026-02-12 20:30:00,37.86000061035156,37.880001068115234,37.79499816894531,37.82500076293945,4854
2026-02-12 20:35:00,37.83000183105469,38.130001068115234,37.83000183105469,38.09999847412109,12460
2026-02-12 20:40:00,38.09999847412109,38.13999938964844,38.0,38.04999923706055,10271
2026-02-12 20:45:00,38.01499938964844,38.01499938964844,37.86000061035156,37.86000061035156,5896
2026-02-12 20:50:00,37.88999938964844,38.0,37.869998931884766,37.959999084472656,22675
2026-02-12 20:55:00,37.8849983215332,37.900001525878906,37.810001373291016,37.810001373291016,50615
2026-02-13 14:30:00,38.11000061035156,38.30500030517578,38.060001373291016,38.060001373291016,22577
2026-02-13 14:35:00,38.130001068115234,38.150001525878906,37.93000030517578,38.13999938964844,2113
2026-02-13 14:40:00,37.95050048828125,37.96500015258789,37.95050048828125,37.95500183105469,1976
2026-02-13 14:45:00,37.95500183105469,38.18999862670898,37.95500183105469,38.08000183105469,5300
2026-02-13 14:50:00,37.880001068115234,38.005001068115234,37.880001068115234,38.0,891
2026-02-13 14:55:00,38.08000183105469,38.13999938964844,37.91999816894531,37.959999084472656,2188
2026-02-13 15:00:00,37.959999084472656,38.060001373291016,37.959999084472656,38.01499938964844,6251
2026-02-13 15:05:00,38.025001525878906,38.02999877929688,37.91999816894531,37.95500183105469,4550
2026-02-13 15:10:00,37.94490051269531,37.94490051269531,37.7400016784668,37.80500030517578,8118
2026-02-13 15:15:00,37.81999969482422,37.81999969482422,37.52999877929688,37.52999877929688,2654
2026-02-13 15:20:00,37.58000183105469,37.619998931884766,37.43000030517578,37.619998931884766,13113
2026-02-13 15:25:00,37.75,37.84000015258789,37.68000030517578,37.755001068115234,2531
2026-02-13 15:30:00,37.76499938964844,37.76499938964844,37.70000076293945,37.76499938964844,2676
2026-02-13 15:35:00,37.7400016784668,37.970001220703125,37.7400016784668,37.970001220703125,2717
2026-02-13 15:40:00,37.9900016784668,37.9900016784668,37.810001373291016,37.810001373291016,2223
2026-02-13 15:45:00,37.880001068115234,38.02000045776367,37.875,37.95000076293945,11847
2026-02-13 15:50:00,37.970001220703125,38.0,37.93000030517578,37.93000030517578,4826
2026-02-13 15:55:00,37.97499847412109,38.02000045776367,37.8849983215332,37.8849983215332,8891
2026-02-13 16:00:00,37.90999984741211,37.90999984741211,37.834999084472656,37.86000061035156,3826
2026-02-13 16:05:00,37.88999938964844,37.97999954223633,37.88999938964844,37.97999954223633,5521
2026-02-13 16:10:00,37.97999954223633,38.01499938964844,37.88999938964844,37.88999938964844,4471
2026-02-13 16:15:00,37.93000030517578,38.02000045776367,37.93000030517578,37.970001220703125,9357
2026-02-13 16:20:00,37.90999984741211,37.90999984741211,37.84000015258789,37.869998931884766,3019
2026-02-13 16:25:00,37.88999938964844,37.95000076293945,37.88999938964844,37.95000076293945,3898
2026-02-13 16:30:00,37.970001220703125,38.095001220703125,37.970001220703125,38.05500030517578,2224
2026-02-13 16:35:00,38.05500030517578,38.09000015258789,38.01499938964844,38.09000015258789,6075
2026-02-13 16:40:00,38.11000061035156,38.15999984741211,38.060001373291016,38.060001373291016,3391
2026-02-13 16:45:00,38.05500030517578,38.09999847412109,38.04249954223633,38.084999084472656,6128
2026-02-13 16:50:00,38.11000061035156,38.15999984741211,38.09000015258789,38.15999984741211,6938
2026-02-13 16:55:00,38.15999984741211,38.18000030517578,38.09000015258789,38.09000015258789,4278
2026-02-13 17:00:00,38.08000183105469,38.09249877929688,38.04999923706055,38.06499862670898,10569
2026-02-13 17:05:00,38.09000015258789,38.09000015258789,38.005001068115234,38.005001068115234,5310
2026-02-13 17:10:00,38.005001068115234,38.09999847412109,38.005001068115234,38.09999847412109,7653
2026-02-13 17:15:00,38.09999847412109,38.09999847412109,38.02000045776367,38.02000045776367,4239
2026-02-13 17:20:00,38.040000915527344,38.11000061035156,38.02000045776367,38.05500030517578,6080
2026-02-13 17:25:00,38.05500030517578,38.09000015258789,38.02000045776367,38.02000045776367,5194
2026-02-13 17:30:00,38.01499938964844,38.09999847412109,38.01499938964844,38.09999847412109,8790
2026-02-13 17:35:00,38.09999847412109,38.09999847412109,38.07500076293945,38.07500076293945,87527
2026-02-13 17:40:00,38.084999084472656,38.1349983215332,38.084999084472656,38.09000015258789,0
2026-02-13 17:45:00,38.09000015258789,38.11000061035156,38.07749938964844,38.10499954223633,16888
2026-02-13 17:50:00,38.10499954223633,38.119998931884766,37.9900016784668,37.9900016784668,11577
2026-02-13 17:55:00,37.959999084472656,37.96500015258789,37.880001068115234,37.915000915527344,3300
2026-02-13 18:00:00,37.915000915527344,37.915000915527344,37.880001068115234,37.880001068115234,2553
2026-02-13 18:05:00,37.86000061035156,37.86000061035156,37.84000015258789,37.84000015258789,1565
2026-02-13 18:10:00,37.85499954223633,37.85499954223633,37.7599983215332,37.77999877929688,19414
2026-02-13 18:15:00,37.77999877929688,37.834999084472656,37.70000076293945,37.720001220703125,25893
2026-02-13 18:20:00,37.73500061035156,37.88999938964844,37.709999084472656,37.84999847412109,14385
2026-02-13 18:25:00,37.81999969482422,37.84000015258789,37.7400016784668,37.79499816894531,9797
2026-02-13 18:30:00,37.79499816894531,37.81999969482422,37.79499816894531,37.79999923706055,665
2026-02-13 18:35:00,37.83000183105469,37.84000015258789,37.790000915527344,37.810001373291016,2369
2026-02-13 18:40:00,37.810001373291016,37.810001373291016,37.77000045776367,37.775001525878906,1974
2026-02-13 18:45:00,37.775001525878906,37.775001525878906,37.72999954223633,37.7599983215332,5683
2026-02-13 18:50:00,37.75,37.845001220703125,37.744998931884766,37.81999969482422,10601
2026-02-13 18:55:00,37.82500076293945,37.82500076293945,37.7400016784668,37.77000045776367,8416
2026-02-13 19:00:00,37.77999877929688,37.875,37.77999877929688,37.875,2237
2026-02-13 19:05:00,37.900001525878906,37.900001525878906,37.900001525878906,37.900001525878906,629
2026-02-13 19:10:00,37.88999938964844,37.95000076293945,37.84999847412109,37.95000076293945,2989
2026-02-13 19:15:00,37.97990036010742,37.9900016784668,37.90999984741211,37.90999984741211,8690
2026-02-13 19:20:00,37.90499877929688,37.91999816894531,37.90499877929688,37.91999816894531,2759
2026-02-13 19:25:00,37.880001068115234,37.880001068115234,37.810001373291016,37.81999969482422,3138
2026-02-13 19:30:00,37.83000183105469,37.91999816894531,37.83000183105469,37.91999816894531,2659
2026-02-13 19:35:00,37.91999816894531,37.91999816894531,37.869998931884766,37.869998931884766,2821
2026-02-13 19:40:00,37.86000061035156,37.880001068115234,37.84000015258789,37.880001068115234,5030
2026-02-13 19:45:00,37.88999938964844,37.97999954223633,37.88999938964844,37.97999954223633,3158
2026-02-13 19:50:00,37.97999954223633,37.98500061035156,37.93999862670898,37.93999862670898,3959
2026-02-13 19:55:00,37.95000076293945,37.970001220703125,37.869998931884766,37.89500045776367,4196
2026-02-13 20:00:00,37.93000030517578,37.970001220703125,37.93000030517578,37.95000076293945,3143
2026-02-13 20:05:00,37.959999084472656,37.9900016784668,37.95000076293945,37.97999954223633,4018
2026-02-13 20:10:00,37.9900016784668,37.9900016784668,37.96590042114258,37.970001220703125,2343
2026-02-13 20:15:00,37.959999084472656,38.0,37.95000076293945,37.9900016784668,4258
2026-02-13 20:20:00,37.97999954223633,37.97999954223633,37.90999984741211,37.935001373291016,9169
2026-02-13 20:25:00,37.93000030517578,37.93000030517578,37.90999984741211,37.93000030517578,3303
2026-02-13 20:30:00,37.91999816894531,37.935001373291016,37.84999847412109,37.88999938964844,8375
2026-02-13 20:35:00,37.88999938964844,37.90999984741211,37.86000061035156,37.90499877929688,5568
2026-02-13 20:40:00,37.90999984741211,37.90999984741211,37.86000061035156,37.86000061035156,7827
2026-02-13 20:45:00,37.84999847412109,37.88999938964844,37.81999969482422,37.81999969482422,9920
2026-02-13 20:50:00,37.84000015258789,37.84000015258789,37.70000076293945,37.7932014465332,39854
2026-02-13 20:55:00,37.79999923706055,37.86000061035156,37.75,37.7599983215332,66105
2026-02-17 14:30:00,38.13999938964844,38.34999847412109,38.13999938964844,38.34999847412109,16469
2026-02-17 14:35:00,38.18000030517578,38.22999954223633,37.459999084472656,37.665000915527344,1703
2026-02-17 14:40:00,37.665000915527344,37.7599983215332,37.665000915527344,37.7400016784668,2084
2026-02-17 14:45:00,37.775001525878906,37.775001525878906,37.77000045776367,37.775001525878906,1507
2026-02-17 14:50:00,37.77000045776367,37.900001525878906,37.45000076293945,37.900001525878906,3292
2026-02-17 14:55:00,37.650001525878906,37.650001525878906,37.4900016784668,37.64500045776367,2345
2026-02-17 15:00:00,37.56499862670898,37.65999984741211,37.47999954223633,37.63999938964844,4247
2026-02-17 15:05:00,37.63999938964844,37.84999847412109,37.63999938964844,37.7400016784668,2532
2026-02-17 15:10:00,37.7400016784668,37.85499954223633,37.7400016784668,37.775001525878906,2654
2026-02-17 15:15:00,37.78499984741211,37.84999847412109,37.70000076293945,37.790000915527344,107806
2026-02-17 15:20:00,37.79499816894531,37.90999984741211,37.540000915527344,37.70500183105469,235832
2026-02-17 15:25:00,37.619998931884766,37.619998931884766,37.459999084472656,37.494998931884766,4529
2026-02-17 15:30:00,37.459999084472656,37.459999084472656,37.34999847412109,37.380001068115234,2915
2026-02-17 15:35:00,37.35499954223633,37.400001525878906,37.33000183105469,37.34999847412109,5226
2026-02-17 15:40:00,37.34999847412109,37.34999847412109,37.13999938964844,37.15999984741211,13560
2026-02-17 15:45:00,37.15999984741211,37.27000045776367,37.15999984741211,37.23500061035156,5887
2026-02-17 15:50:00,37.209999084472656,37.2400016784668,37.165000915527344,37.220001220703125,4191
2026-02-17 15:55:00,37.25,37.31999969482422,37.2400016784668,37.290000915527344,6381
2026-02-17 16:00:00,37.33000183105469,37.47999954223633,37.33000183105469,37.40999984741211,7823
2026-02-17 16:05:00,37.40999984741211,37.459999084472656,37.400001525878906,37.40999984741211,6361
2026-02-17 16:10:00,37.38999938964844,37.470001220703125,37.38999938964844,37.43999862670898,9522
2026-02-17 16:15:00,37.43999862670898,37.52000045776367,37.380001068115234,37.435001373291016,14511
2026-02-17 16:20:00,37.38999938964844,37.54499816894531,37.38999938964844,37.52000045776367,8073
2026-02-17 16:25:00,37.54999923706055,37.61000061035156,37.54999923706055,37.54999923706055,3967
2026-02-17 16:30:00,37.52000045776367,37.52000045776367,37.47499847412109,37.5,3864
2026-02-17 16:35:00,37.5,37.525001525878906,37.5,37.525001525878906,1588
2026-02-17 16:40:00,37.525001525878906,37.525001525878906,37.36000061035156,37.36000061035156,4429
2026-02-17 16:45:00,37.34999847412109,37.34999847412109,37.310001373291016,37.310001373291016,2077
2026-02-17 16:50:00,37.27999877929688,37.310001373291016,37.23500061035156,37.310001373291016,2924
2026-02-17 16:55:00,37.310001373291016,37.33000183105469,37.209999084472656,37.2400016784668,2781
2026-02-17 17:00:00,37.220001220703125,37.220001220703125,37.11000061035156,37.11000061035156,4990
2026-02-17 17:05:00,37.09999847412109,37.09999847412109,37.08000183105469,37.095001220703125,1543
2026-02-17 17:10:00,37.06999969482422,37.06999969482422,36.970001220703125,37.005001068115234,10299
2026-02-17 17:15:00,36.95000076293945,36.970001220703125,36.93000030517578,36.970001220703125,3217
2026-02-17 17:20:00,36.9900016784668,36.9900016784668,36.90999984741211,36.93999862670898,2244
2026-02-17 17:25:00,36.935001373291016,36.9900016784668,36.880001068115234,36.970001220703125,5363
2026-02-17 17:30:00,36.970001220703125,36.9900016784668,36.93000030517578,36.970001220703125,2624
2026-02-17 17:35:00,36.95000076293945,36.97999954223633,36.880001068115234,36.94499969482422,5212
2026-02-17 17:40:00,36.88999938964844,36.88999938964844,36.81999969482422,36.81999969482422,6761
2026-02-17 17:45:00,36.82500076293945,36.88999938964844,36.82500076293945,36.869998931884766,4689
2026-02-17 17:50:00,36.84000015258789,36.84000015258789,36.7400016784668,36.77999877929688,2577
2026-02-17 17:55:00,36.775001525878906,36.79999923706055,36.7400016784668,36.79999923706055,6219
2026-02-17 18:00:00,36.77999877929688,36.81999969482422,36.77999877929688,36.79999923706055,4418
2026-02-17 18:05:00,36.81499862670898,36.845001220703125,36.81499862670898,36.83000183105469,2796
2026-02-17 18:10:00,36.84000015258789,36.84000015258789,36.72999954223633,36.755001068115234,3924
2026-02-17 18:15:00,36.72999954223633,36.755001068115234,36.625,36.630001068115234,9092
2026-02-17 18:20:00,36.63999938964844,36.790000915527344,36.630001068115234,36.77999877929688,9756
2026-02-17 18:25:00,36.720001220703125,36.80500030517578,36.709999084472656,36.80500030517578,4189
2026-02-17 18:30:00,36.77999877929688,36.790000915527344,36.75,36.75,3832
2026-02-17 18:35:00,36.72999954223633,36.75,36.709999084472656,36.75,4140
2026-02-17 18:40:00,36.7599983215332,36.86000061035156,36.7599983215332,36.86000061035156,7252
2026-02-17 18:45:00,36.86000061035156,36.959999084472656,36.86000061035156,36.95000076293945,4621
2026-02-17 18:50:00,36.95000076293945,36.959999084472656,36.900001525878906,36.91999816894531,3205
2026-02-17 18:55:00,36.88999938964844,36.88999938964844,36.83000183105469,36.84000015258789,4840
2026-02-17 19:00:00,36.81999969482422,36.84999847412109,36.81499862670898,36.81499862670898,4070
2026-02-17 19:05:00,36.81499862670898,36.83000183105469,36.77000045776367,36.79999923706055,6242
2026-02-17 19:10:00,36.77000045776367,36.84999847412109,36.77000045776367,36.82500076293945,11866
2026-02-17 19:15:00,36.82500076293945,36.845001220703125,36.82500076293945,36.845001220703125,1414
2026-02-17 19:20:00,36.810001373291016,36.959999084472656,36.79999923706055,36.959999084472656,6483
2026-02-17 19:25:00,36.93000030517578,36.970001220703125,36.93000030517578,36.95500183105469,4374
2026-02-17 19:30:00,36.959999084472656,36.96060180664063,36.93999862670898,36.959999084472656,3318
2026-02-17 19:35:00,36.970001220703125,37.169898986816406,36.970001220703125,37.06499862670898,39065
2026-02-17 19:40:00,37.040000915527344,37.13990020751953,37.02999877929688,37.11000061035156,5864
2026-02-17 19:45:00,37.09000015258789,37.11000061035156,37.060001373291016,37.095001220703125,4116
2026-02-17 19:50:00,37.09000015258789,37.095001220703125,36.9900016784668,37.084999084472656,14448
2026-02-17 19:55:00,37.07500076293945,37.130001068115234,37.0,37.10499954223633,15654
2026-02-17 20:00:00,37.08000183105469,37.08000183105469,37.040000915527344,37.060001373291016,4518
2026-02-17 20:05:00,37.06499862670898,37.0801010131836,37.04999923706055,37.0801010131836,4290
2026-02-17 20:10:00,37.08000183105469,37.084999084472656,37.060001373291016,37.084999084472656,4406
2026-02-17 20:15:00,37.060001373291016,37.125,37.060001373291016,37.08000183105469,6097
2026-02-17 20:20:00,37.08000183105469,37.09999847412109,37.07500076293945,37.09999847412109,5878
2026-02-17 20:25:00,37.08000183105469,37.08000183105469,37.040000915527344,37.060001373291016,17799
2026-02-17 20:30:00,37.04999923706055,37.09000015258789,37.040000915527344,37.07170104980469,9785
2026-02-17 20:35:00,37.06999969482422,37.084999084472656,37.040000915527344,37.07500076293945,9278
2026-02-17 20:40:00,37.04999923706055,37.11000061035156,37.04999923706055,37.084999084472656,36868
2026-02-17 20:45:00,37.08000183105469,37.1150016784668,37.060001373291016,37.1150016784668,22205
2026-02-17 20:50:00,37.09999847412109,37.290000915527344,37.040000915527344,37.130001068115234,68494
2026-02-17 20:55:00,37.15999984741211,37.20000076293945,37.06499862670898,37.10499954223633,161609
2026-02-18 14:30:00,37.119998931884766,37.900001525878906,37.0,37.0,9541
2026-02-18 14:35:00,36.9900016784668,37.06999969482422,36.834999084472656,37.06999969482422,1964
2026-02-18 14:40:00,36.88999938964844,37.06999969482422,36.88999938964844,37.06999969482422,1327
2026-02-18 14:45:00,37.04999923706055,37.09000015258789,37.04499816894531,37.04499816894531,3074
2026-02-18 14:55:00,37.125,37.23500061035156,37.119998931884766,37.1349983215332,12656
2026-02-18 15:00:00,37.15999984741211,37.27000045776367,37.09999847412109,37.09999847412109,14849
2026-02-18 15:05:00,37.150001525878906,37.20970153808594,37.08000183105469,37.20970153808594,7007
2026-02-18 15:10:00,37.150001525878906,37.150001525878906,37.02000045776367,37.060001373291016,3433
2026-02-18 15:15:00,37.060001373291016,37.18000030517578,37.02999877929688,37.04499816894531,5513
2026-02-18 15:20:00,37.02999877929688,37.04499816894531,37.0099983215332,37.02000045776367,3590
2026-02-18 15:25:00,37.02000045776367,37.09000015258789,36.97999954223633,37.060001373291016,4997
2026-02-18 15:30:00,37.08000183105469,37.09000015258789,37.040000915527344,37.040000915527344,1909
2026-02-18 15:35:00,37.02999877929688,37.02999877929688,36.9900016784668,37.0,2990
2026-02-18 15:40:00,37.04499816894531,37.150001525878906,37.04499816894531,37.09999847412109,5407
2026-02-18 15:45:00,37.10499954223633,37.10499954223633,37.040000915527344,37.040000915527344,4208
2026-02-18 15:50:00,36.959999084472656,36.959999084472656,36.959999084472656,36.959999084472656,429
2026-02-18 15:55:00,36.9900016784668,37.01100158691406,36.9900016784668,37.0,898
2026-02-18 16:00:00,37.025001525878906,37.025001525878906,36.959999084472656,36.959999084472656,1442
2026-02-18 16:05:00,37.02859878540039,37.02859878540039,36.9900016784668,36.9900016784668,4551
2026-02-18 16:10:00,37.0099983215332,37.0099983215332,36.970001220703125,36.97999954223633,1869
2026-02-18 16:15:00,37.0,37.0,36.95000076293945,36.97499847412109,2572
2026-02-18 16:20:00,36.900001525878906,36.900001525878906,36.68999862670898,36.68999862670898,5553
2026-02-18 16:25:00,36.68999862670898,36.82500076293945,36.66999816894531,36.82500076293945,11713
2026-02-18 16:30:00,36.82500076293945,36.88999938964844,36.82500076293945,36.869998931884766,4616
2026-02-18 16:35:00,36.88999938964844,36.88999938964844,36.810001373291016,36.83000183105469,3934
2026-02-18 16:40:00,36.85499954223633,36.875,36.83000183105469,36.869998931884766,6510
2026-02-18 16:45:00,36.83000183105469,36.93000030517578,36.81999969482422,36.93000030517578,4100
2026-02-18 16:50:00,36.900001525878906,36.90999984741211,36.880001068115234,36.88999938964844,3186
2026-02-18 16:55:00,36.900001525878906,36.935001373291016,36.900001525878906,36.90999984741211,2462
2026-02-18 17:00:00,36.88999938964844,36.95000076293945,36.875,36.95000076293945,5786
2026-02-18 17:05:00,36.970001220703125,37.025001525878906,36.970001220703125,37.025001525878906,2498
2026-02-18 17:10:00,37.02000045776367,37.02999877929688,37.0,37.02000045776367,2467
2026-02-18 17:15:00,37.03499984741211,37.06999969482422,37.02999877929688,37.02999877929688,1608
2026-02-18 17:20:00,37.02000045776367,37.06999969482422,37.02000045776367,37.060001373291016,4446
2026-02-18 17:25:00,37.09000015258789,37.119998931884766,37.05350112915039,37.05350112915039,6326
2026-02-18 17:30:00,37.06999969482422,37.07500076293945,37.02000045776367,37.02999877929688,3181
2026-02-18 17:35:00,37.02000045776367,37.060001373291016,37.02000045776367,37.02999877929688,5021
2026-02-18 17:40:00,37.02999877929688,37.05500030517578,37.0,37.05500030517578,9779
2026-02-18 17:45:00,37.05500030517578,37.05500030517578,37.040000915527344,37.05500030517578,2452
2026-02-18 17:50:00,37.06999969482422,37.06999969482422,37.040000915527344,37.05500030517578,7147
2026-02-18 17:55:00,37.041500091552734,37.041500091552734,37.0,37.02000045776367,4323
2026-02-18 18:00:00,37.02999877929688,37.05500030517578,37.0099983215332,37.0099983215332,3401
2026-02-18 18:05:00,37.0099983215332,37.02000045776367,36.98500061035156,36.98500061035156,4166
2026-02-18 18:10:00,36.970001220703125,36.97999954223633,36.93000030517578,36.970001220703125,7050
2026-02-18 18:15:00,36.970001220703125,36.98500061035156,36.95000076293945,36.95000076293945,1921
2026-02-18 18:20:00,36.93999862670898,36.959999084472656,36.915000915527344,36.93000030517578,5842
2026-02-18 18:25:00,36.90499877929688,36.90999984741211,36.810001373291016,36.834999084472656,9996
2026-02-18 18:30:00,36.86000061035156,36.90999984741211,36.86000061035156,36.90999984741211,5424
2026-02-18 18:35:00,36.91999816894531,36.93999862670898,36.915000915527344,36.92499923706055,3249
2026-02-18 18:40:00,36.93000030517578,36.95000076293945,36.915000915527344,36.95000076293945,6339
2026-02-18 18:45:00,36.96500015258789,36.96500015258789,36.93999862670898,36.93999862670898,1904
2026-02-18 18:50:00,36.90999984741211,36.90999984741211,36.84999847412109,36.880001068115234,4136
2026-02-18 18:55:00,36.869998931884766,36.869998931884766,36.83000183105469,36.834999084472656,2984
2026-02-18 19:00:00,36.86000061035156,36.880001068115234,36.86000061035156,36.8650016784668,5069
2026-02-18 19:05:00,36.84999847412109,36.84999847412109,36.79999923706055,36.81999969482422,8257
2026-02-18 19:10:00,36.81499862670898,36.86000061035156,36.77999877929688,36.77999877929688,6879
2026-02-18 19:15:00,36.7599983215332,36.7599983215332,36.630001068115234,36.650001525878906,7552
2026-02-18 19:20:00,36.65499877929688,36.7400016784668,36.65499877929688,36.72010040283203,5294
2026-02-18 19:25:00,36.7400016784668,36.7599983215332,36.70000076293945,36.72999954223633,8309
2026-02-18 19:30:00,36.720001220703125,36.7599983215332,36.70000076293945,36.720001220703125,5162
2026-02-18 19:35:00,36.709999084472656,36.709999084472656,36.66999816894531,36.709999084472656,6900
2026-02-18 19:40:00,36.720001220703125,36.75,36.720001220703125,36.75,1682
2026-02-18 19:45:00,36.75,36.790000915527344,36.75,36.78499984741211,6128
2026-02-18 19:50:00,36.79999923706055,36.89500045776367,36.79999923706055,36.83000183105469,5134
2026-02-18 19:55:00,36.810001373291016,36.86000061035156,36.79999923706055,36.86000061035156,5725
2026-02-18 20:00:00,36.869998931884766,36.8849983215332,36.84999847412109,36.8849983215332,4241
2026-02-18 20:05:00,36.8849983215332,36.8849983215332,36.77999877929688,36.78499984741211,6401
2026-02-18 20:10:00,36.78499984741211,36.79999923706055,36.72999954223633,36.75,10081
2026-02-18 20:15:00,36.744998931884766,36.77999877929688,36.744998931884766,36.75,4727
2026-02-18 20:20:00,36.7400016784668,36.744998931884766,36.70000076293945,36.720001220703125,9695
2026-02-18 20:25:00,36.709999084472656,36.709999084472656,36.63999938964844,36.66999816894531,9617
2026-02-18 20:30:00,36.65999984741211,36.709999084472656,36.619998931884766,36.709999084472656,13421
2026-02-18 20:35:00,36.720001220703125,36.88999938964844,36.68170166015625,36.84000015258789,22635
2026-02-18 20:40:00,36.86000061035156,36.869998931884766,36.75,36.75,11819
2026-02-18 20:45:00,36.7400016784668,36.7400016784668,36.70500183105469,36.7400016784668,13903
2026-02-18 20:50:00,36.7400016784668,36.83000183105469,36.66999816894531,36.68000030517578,37461
2026-02-18 20:55:00,36.65499877929688,36.65999984741211,36.54499816894531,36.619998931884766,91842
2026-02-19 14:30:00,37.75,38.13999938964844,37.61000061035156,38.119998931884766,94323
2026-02-19 14:35:00,38.119998931884766,38.68000030517578,38.119998931884766,38.68000030517578,3257
2026-02-19 14:40:00,38.70000076293945,39.04999923706055,38.494998931884766,39.04999923706055,27202
2026-02-19 14:45:00,39.04999923706055,39.16999816894531,38.880001068115234,38.880001068115234,44591
2026-02-19 14:50:00,38.97999954223633,39.5,38.97999954223633,39.400001525878906,39025
2026-02-19 14:55:00,39.42499923706055,39.5,39.2400016784668,39.27000045776367,7521
2026-02-19 15:00:00,39.27000045776367,39.27000045776367,39.08000183105469,39.11000061035156,8953
2026-02-19 15:05:00,39.06999969482422,39.06999969482422,38.880001068115234,38.959999084472656,16047
2026-02-19 15:10:00,38.99300003051758,38.99300003051758,38.880001068115234,38.93000030517578,5609
2026-02-19 15:15:00,38.915000915527344,39.13999938964844,38.915000915527344,39.060001373291016,8636
2026-02-19 15:20:00,39.04999923706055,39.1349983215332,39.040000915527344,39.04499816894531,2211
2026-02-19 15:25:00,39.0,39.0,38.72999954223633,38.85499954223633,10465
2026-02-19 15:30:00,38.8650016784668,38.875,38.79999923706055,38.85499954223633,1879
2026-02-19 15:35:00,38.90999984741211,39.185001373291016,38.88999938964844,39.185001373291016,4551
2026-02-19 15:40:00,39.15999984741211,39.334999084472656,39.15999984741211,39.16999816894531,19846
2026-02-19 15:45:00,39.20000076293945,39.36000061035156,39.20000076293945,39.25,7260
2026-02-19 15:50:00,39.2599983215332,39.380001068115234,39.119998931884766,39.375,46918
2026-02-19 15:55:00,39.39500045776367,39.39500045776367,39.22499847412109,39.25,7926
2026-02-19 16:00:00,39.209999084472656,39.435001373291016,39.209999084472656,39.435001373291016,4627
2026-02-19 16:05:00,39.43000030517578,39.435001373291016,39.22499847412109,39.22499847412109,6014
2026-02-19 16:10:00,39.22499847412109,39.33000183105469,39.22499847412109,39.33000183105469,2958
2026-02-19 16:15:00,39.33000183105469,39.369998931884766,39.25,39.25,4320
2026-02-19 16:20:00,39.25,39.29999923706055,39.09999847412109,39.18000030517578,11058
2026-02-19 16:25:00,39.17499923706055,39.17499923706055,38.959999084472656,39.0,19195
2026-02-19 16:30:00,39.0,39.18000030517578,39.0,39.15999984741211,182918
2026-02-19 16:35:00,39.185001373291016,39.27000045776367,39.15999984741211,39.165000915527344,0
2026-02-19 16:40:00,39.20000076293945,39.220001220703125,39.150001525878906,39.209999084472656,44556
2026-02-19 16:45:00,39.27000045776367,39.375,39.27000045776367,39.30500030517578,5104
2026-02-19 16:50:00,39.310001373291016,39.470001220703125,39.30500030517578,39.470001220703125,10045
2026-02-19 16:55:00,39.41999816894531,39.44499969482422,39.33000183105469,39.34000015258789,8304
2026-02-19 17:00:00,39.3650016784668,39.40999984741211,39.33000183105469,39.355098724365234,3670
2026-02-19 17:05:00,39.36000061035156,39.36000061035156,39.29999923706055,39.29999923706055,2842
2026-02-19 17:10:00,39.310001373291016,39.33000183105469,39.2599983215332,39.2599983215332,3573
2026-02-19 17:15:00,39.27999877929688,39.400001525878906,39.27999877929688,39.38999938964844,9047
2026-02-19 17:20:00,39.40999984741211,39.41999816894531,39.3849983215332,39.41999816894531,6195
2026-02-19 17:25:00,39.415000915527344,39.54999923706055,39.36000061035156,39.470001220703125,250183
2026-02-19 17:30:00,39.45750045776367,39.45750045776367,39.369998931884766,39.40499877929688,0
2026-02-19 17:35:00,39.39500045776367,39.39500045776367,39.27000045776367,39.369998931884766,4255
2026-02-19 17:40:00,39.470001220703125,39.63999938964844,39.470001220703125,39.56999969482422,29922
2026-02-19 17:45:00,39.61000061035156,39.66999816894531,39.459999084472656,39.47999954223633,4200
2026-02-19 17:50:00,39.47999954223633,39.5,39.375,39.375,2283
2026-02-19 17:55:00,39.34999847412109,39.3650016784668,39.22999954223633,39.31999969482422,4923
2026-02-19 18:00:00,39.29029846191406,39.369998931884766,39.25,39.33000183105469,10130
2026-02-19 18:05:00,39.28499984741211,39.29499816894531,39.209999084472656,39.27999877929688,11868
2026-02-19 18:10:00,39.25,39.334999084472656,39.25,39.25,4472
2026-02-19 18:15:00,39.290000915527344,39.345001220703125,39.22999954223633,39.29999923706055,7712
2026-02-19 18:20:00,39.290000915527344,39.290000915527344,39.220001220703125,39.25,7201
2026-02-19 18:25:00,39.27999877929688,39.27999877929688,39.04999923706055,39.18000030517578,19922
2026-02-19 18:30:00,39.20000076293945,39.20000076293945,39.04790115356445,39.06499862670898,3559
2026-02-19 18:35:00,39.06499862670898,39.08940124511719,39.0,39.0099983215332,3881
2026-02-19 18:40:00,39.02000045776367,39.09000015258789,39.0,39.06999969482422,4022
2026-02-19 18:45:00,39.060001373291016,39.09000015258789,39.0,39.08000183105469,7090
2026-02-19 18:50:00,39.07500076293945,39.09999847412109,39.040000915527344,39.04499816894531,3318
2026-02-19 18:55:00,39.04499816894531,39.04999923706055,38.970001220703125,39.04999923706055,7991
2026-02-19 19:00:00,39.06999969482422,39.09000015258789,39.0,39.06460189819336,9521
2026-02-19 19:05:00,39.02999877929688,39.040000915527344,38.869998931884766,38.88999938964844,25997
2026-02-19 19:10:00,38.900001525878906,38.959999084472656,38.821998596191406,38.959999084472656,12261
2026-02-19 19:15:00,38.95000076293945,38.95000076293945,38.83000183105469,38.83000183105469,6391
2026-02-19 19:20:00,38.83000183105469,38.880001068115234,38.7400016784668,38.869998931884766,13966
2026-02-19 19:25:00,38.84999847412109,38.88999938964844,38.81999969482422,38.88999938964844,7026
2026-02-19 19:30:00,38.869998931884766,38.869998931884766,38.79999923706055,38.79999923706055,2016
2026-02-19 19:35:00,38.79499816894531,38.79499816894531,38.68999862670898,38.68999862670898,5602
2026-02-19 19:40:00,38.70000076293945,38.79999923706055,38.70000076293945,38.79499816894531,9461
2026-02-19 19:45:00,38.83000183105469,38.900001525878906,38.790000915527344,38.880001068115234,7728
2026-02-19 19:50:00,38.900001525878906,38.935001373291016,38.869998931884766,38.935001373291016,5128
2026-02-19 19:55:00,38.90999984741211,38.93999862670898,38.900001525878906,38.93999862670898,5217
2026-02-19 20:00:00,38.95000076293945,38.97499847412109,38.95000076293945,38.97499847412109,2552
2026-02-19 20:05:00,38.97499847412109,39.0099983215332,38.970001220703125,38.970001220703125,4641
2026-02-19 20:10:00,38.96500015258789,39.0099983215332,38.90999984741211,39.005001068115234,10921
2026-02-19 20:15:00,39.0,39.02000045776367,38.88999938964844,38.910099029541016,13472
2026-02-19 20:20:00,38.90999984741211,38.97999954223633,38.869998931884766,38.970001220703125,18230
2026-02-19 20:25:00,38.95000076293945,39.06499862670898,38.95000076293945,38.97999954223633,42007
2026-02-19 20:30:00,38.9900016784668,39.040000915527344,38.970001220703125,39.02000045776367,18685
2026-02-19 20:35:00,39.02000045776367,39.040000915527344,38.970001220703125,39.02000045776367,27015
2026-02-19 20:40:00,39.02999877929688,39.06999969482422,39.0,39.060001373291016,29007
2026-02-19 20:45:00,39.060001373291016,39.15999984741211,39.060001373291016,39.15999984741211,30586
2026-02-19 20:50:00,39.150001525878906,39.15499877929688,38.992000579833984,39.060001373291016,43445
2026-02-19 20:55:00,39.060001373291016,39.06499862670898,38.93999862670898,39.0,115981
2026-02-20 14:30:00,38.970001220703125,39.025001525878906,38.43999862670898,38.45000076293945,6907
2026-02-20 14:35:00,38.709999084472656,39.0,38.43999862670898,38.52000045776367,3447
2026-02-20 14:40:00,38.5099983215332,38.93999862670898,38.125,38.47499847412109,12080
2026-02-20 14:45:00,38.4900016784668,38.490699768066406,38.04999923706055,38.060001373291016,2983
2026-02-20 14:50:00,38.22999954223633,38.22999954223633,38.08000183105469,38.22999954223633,2657
2026-02-20 14:55:00,38.36000061035156,38.59999847412109,38.29999923706055,38.59999847412109,7449
2026-02-20 15:00:00,38.4900016784668,39.025001525878906,38.4900016784668,39.025001525878906,3588
2026-02-20 15:05:00,38.92499923706055,39.02999877929688,38.92499923706055,38.970001220703125,3029
2026-02-20 15:10:00,39.084999084472656,39.09000015258789,38.79999923706055,38.900001525878906,5797
2026-02-20 15:15:00,38.81999969482422,38.869998931884766,38.709999084472656,38.790000915527344,20820
2026-02-20 15:20:00,38.68999862670898,38.68999862670898,38.525001525878906,38.525001525878906,7260
2026-02-20 15:25:00,38.525001525878906,38.52999877929688,38.525001525878906,38.52999877929688,1963
2026-02-20 15:30:00,38.53499984741211,38.59999847412109,38.459999084472656,38.59000015258789,12601
2026-02-20 15:35:00,38.59999847412109,38.59999847412109,38.459999084472656,38.459999084472656,2611
2026-02-20 15:40:00,38.45000076293945,38.47499847412109,38.27999877929688,38.27999877929688,7779
2026-02-20 15:45:00,38.30500030517578,38.310001373291016,38.19499969482422,38.310001373291016,6158
2026-02-20 15:50:00,38.2400016784668,38.25,38.16999816894531,38.22999954223633,3193
2026-02-20 15:55:00,38.22999954223633,38.22999954223633,38.13999938964844,38.165000915527344,2868
2026-02-20 16:00:00,38.13999938964844,38.165000915527344,38.09000015258789,38.15499877929688,5103
2026-02-20 16:05:00,38.20000076293945,38.2599983215332,38.20000076293945,38.20000076293945,2787
2026-02-20 16:10:00,38.220001220703125,38.435001373291016,38.220001220703125,38.435001373291016,8230
2026-02-20 16:15:00,38.45000076293945,38.47999954223633,38.38999938964844,38.40999984741211,2409
2026-02-20 16:20:00,38.415000915527344,38.415000915527344,38.380001068115234,38.400001525878906,3057
2026-02-20 16:25:00,38.40999984741211,38.45000076293945,38.40499877929688,38.40499877929688,3263
2026-02-20 16:30:00,38.40999984741211,38.43000030517578,38.400001525878906,38.40999984741211,7621
2026-02-20 16:35:00,38.43000030517578,38.540000915527344,38.43000030517578,38.540000915527344,5833
2026-02-20 16:40:00,38.560001373291016,38.73989868164063,38.52999877929688,38.72999954223633,18289
2026-02-20 16:45:00,38.67499923706055,38.67499923706055,38.613800048828125,38.63999938964844,2437
2026-02-20 16:50:00,38.63999938964844,38.63999938964844,38.59999847412109,38.619998931884766,20261
2026-02-20 16:55:00,38.58000183105469,38.58000183105469,38.43999862670898,38.43999862670898,4028
2026-02-20 17:00:00,38.45000076293945,38.470001220703125,38.43000030517578,38.43000030517578,3230
2026-02-20 17:05:00,38.40999984741211,38.40999984741211,38.369998931884766,38.38999938964844,4819
2026-02-20 17:10:00,38.369998931884766,38.47999954223633,38.33380126953125,38.435001373291016,3815
2026-02-20 17:15:00,38.43000030517578,38.43000030517578,38.33000183105469,38.33000183105469,4105
2026-02-20 17:20:00,38.33000183105469,38.34000015258789,38.310001373291016,38.34000015258789,3326
2026-02-20 17:25:00,38.33000183105469,38.34999847412109,38.33000183105469,38.34999847412109,4968
2026-02-20 17:30:00,38.36000061035156,38.40999984741211,38.36000061035156,38.400001525878906,3639
2026-02-20 17:35:00,38.459999084472656,38.470001220703125,38.40999984741211,38.46500015258789,5338
2026-02-20 17:40:00,38.470001220703125,38.47999954223633,38.470001220703125,38.47499847412109,845
2026-02-20 17:45:00,38.43999862670898,38.470001220703125,38.18999862670898,38.209999084472656,60974
2026-02-20 17:50:00,38.130001068115234,38.22999954223633,38.09999847412109,38.09999847412109,9334
2026-02-20 17:55:00,38.06999969482422,38.2599983215332,38.0,38.25,284291
2026-02-20 18:00:00,38.22999954223633,38.290000915527344,38.22999954223633,38.290000915527344,3530
2026-02-20 18:05:00,38.310001373291016,38.310001373291016,38.11000061035156,38.11000061035156,6097
2026-02-20 18:10:00,38.18000030517578,38.33000183105469,38.18000030517578,38.33000183105469,2173
2026-02-20 18:15:00,38.33000183105469,38.37990188598633,38.27000045776367,38.31999969482422,6074
2026-02-20 18:20:00,38.31999969482422,38.31999969482422,38.1349983215332,38.20000076293945,10453
2026-02-20 18:25:00,38.220001220703125,38.220001220703125,38.16999816894531,38.20000076293945,13199
2026-02-20 18:30:00,38.18000030517578,38.27000045776367,38.10499954223633,38.10499954223633,11675
2026-02-20 18:35:00,38.130001068115234,38.130001068115234,38.09999847412109,38.09999847412109,7964
2026-02-20 18:40:00,38.09999847412109,38.209999084472656,38.09999847412109,38.150001525878906,4785
2026-02-20 18:45:00,38.220001220703125,38.22999954223633,38.16360092163086,38.16360092163086,10593
2026-02-20 18:50:00,38.15499877929688,38.185001373291016,38.02999877929688,38.185001373291016,24930
2026-02-20 18:55:00,38.20000076293945,38.23949813842773,38.16999816894531,38.19499969482422,4252
2026-02-20 19:00:00,38.244998931884766,38.290000915527344,38.15999984741211,38.16999816894531,8293
2026-02-20 19:05:00,38.15999984741211,38.18999862670898,38.09000015258789,38.10499954223633,3673
2026-02-20 19:10:00,38.10499954223633,38.10499954223633,38.06999969482422,38.10499954223633,8146
2026-02-20 19:15:00,38.095001220703125,38.095001220703125,38.040000915527344,38.060001373291016,9882
2026-02-20 19:20:00,38.060001373291016,38.13999938964844,38.02999877929688,38.13999938964844,11681
2026-02-20 19:25:00,38.10499954223633,38.28499984741211,38.09999847412109,38.220001220703125,88599
2026-02-20 19:30:00,38.27000045776367,38.31999969482422,38.25,38.27000045776367,6905
2026-02-20 19:35:00,38.255001068115234,38.36000061035156,38.220001220703125,38.220001220703125,61196
2026-02-20 19:40:00,38.2400016784668,38.2400016784668,38.16999816894531,38.20000076293945,7827
2026-02-20 19:45:00,38.20500183105469,38.27000045776367,38.20500183105469,38.255001068115234,39787
2026-02-20 19:50:00,38.244998931884766,38.34999847412109,38.244998931884766,38.310001373291016,15110
2026-02-20 19:55:00,38.290000915527344,38.459999084472656,38.20000076293945,38.3849983215332,112632
2026-02-20 20:00:00,38.400001525878906,38.41999816894531,38.34000015258789,38.34000015258789,214807
2026-02-20 20:05:00,38.31999969482422,38.380001068115234,38.27000045776367,38.33000183105469,14205
2026-02-20 20:10:00,38.36000061035156,38.45000076293945,38.36000061035156,38.43000030517578,3392
2026-02-20 20:15:00,38.435001373291016,38.435001373291016,38.33000183105469,38.34000015258789,6861
2026-02-20 20:20:00,38.34999847412109,38.4900016784668,38.31999969482422,38.45500183105469,12752
2026-02-20 20:25:00,38.45500183105469,38.45500183105469,38.31499862670898,38.33000183105469,14570
2026-02-20 20:30:00,38.33000183105469,38.380001068115234,38.29999923706055,38.375,9980
2026-02-20 20:35:00,38.369998931884766,38.369998931884766,38.34000015258789,38.35499954223633,5905
2026-02-20 20:40:00,38.35499954223633,38.35499954223633,38.290000915527344,38.33000183105469,21741
2026-02-20 20:45:00,38.334999084472656,38.34000015258789,38.220001220703125,38.220001220703125,49570
2026-02-20 20:50:00,38.209999084472656,38.310001373291016,38.15999984741211,38.29499816894531,51923
2026-02-20 20:55:00,38.29499816894531,38.31999969482422,38.209999084472656,38.31999969482422,131797
2026-02-23 14:30:00,38.209999084472656,38.34040069580078,38.18000030517578,38.18999862670898,0
2026-02-23 14:35:00,38.20000076293945,38.58000183105469,38.18999862670898,38.4900016784668,9320
2026-02-23 14:40:00,38.59999847412109,38.59999847412109,38.400001525878906,38.52000045776367,2394
2026-02-23 14:45:00,38.44499969482422,38.47999954223633,38.23500061035156,38.2400016784668,5761
2026-02-23 14:50:00,38.27999877929688,38.36000061035156,38.08000183105469,38.08000183105469,5463
2026-02-23 14:55:00,38.18999862670898,38.18999862670898,38.11000061035156,38.11000061035156,656
2026-02-23 15:00:00,38.20000076293945,38.20000076293945,38.04499816894531,38.04499816894531,4008
2026-02-23 15:05:00,38.10499954223633,38.10499954223633,37.970001220703125,38.0,3109
2026-02-23 15:10:00,37.9900016784668,38.17499923706055,37.98500061035156,38.08000183105469,6293
2026-02-23 15:15:00,38.11000061035156,38.11000061035156,38.0099983215332,38.0099983215332,1220
2026-02-23 15:20:00,38.02000045776367,38.02000045776367,38.02000045776367,38.02000045776367,434
2026-02-23 15:25:00,38.02999877929688,38.16999816894531,38.0,38.16999816894531,4959
2026-02-23 15:30:00,38.22999954223633,38.29999923706055,38.20000076293945,38.20000076293945,7925
2026-02-23 15:35:00,38.2400016784668,38.369998931884766,38.2400016784668,38.369998931884766,6224
2026-02-23 15:40:00,38.369998931884766,38.45000076293945,38.27000045776367,38.27000045776367,6149
2026-02-23 15:45:00,38.25,38.25,38.18000030517578,38.18999862670898,4113
2026-02-23 15:50:00,38.19499969482422,38.19499969482422,38.08000183105469,38.130001068115234,3541
2026-02-23 15:55:00,38.18000030517578,38.18000030517578,38.09999847412109,38.09999847412109,1500
2026-02-23 16:00:00,38.08000183105469,38.08000183105469,37.93999862670898,37.93999862670898,6930
2026-02-23 16:05:00,37.91999816894531,37.9900016784668,37.90999984741211,37.95000076293945,2343
2026-02-23 16:10:00,37.97999954223633,37.9900016784668,37.84379959106445,37.84379959106445,7932
2026-02-23 16:15:00,37.810001373291016,37.810001373291016,37.810001373291016,37.810001373291016,875
2026-02-23 16:20:00,37.86000061035156,37.86000061035156,37.84999847412109,37.86000061035156,6043
2026-02-23 16:25:00,37.86000061035156,37.959999084472656,37.86000061035156,37.959999084472656,7494
2026-02-23 16:30:00,37.8849983215332,37.8849983215332,37.81499862670898,37.875,2775
2026-02-23 16:35:00,37.84999847412109,37.84999847412109,37.84999847412109,37.84999847412109,1444
2026-02-23 16:40:00,37.845001220703125,37.845001220703125,37.790000915527344,37.790000915527344,896
2026-02-23 16:45:00,37.7599983215332,37.77000045776367,37.650001525878906,37.68999862670898,4989
2026-02-23 16:50:00,37.7400016784668,37.75,37.70000076293945,37.720001220703125,2530
2026-02-23 16:55:00,37.709999084472656,37.72999954223633,37.65999984741211,37.72499847412109,5278
2026-02-23 17:00:00,37.72999954223633,37.72999954223633,37.61000061035156,37.68000030517578,5201
2026-02-23 17:05:00,37.65999984741211,37.67499923706055,37.61000061035156,37.64500045776367,6356
2026-02-23 17:10:00,37.63999938964844,37.70000076293945,37.59000015258789,37.59999847412109,11822
2026-02-23 17:15:00,37.59000015258789,37.59000015258789,37.540000915527344,37.58000183105469,4914
2026-02-23 17:20:00,37.57500076293945,37.57500076293945,37.36000061035156,37.41999816894531,9661
2026-02-23 17:25:00,37.38999938964844,37.43999862670898,37.38999938964844,37.43000030517578,4298
2026-02-23 17:30:00,37.40499877929688,37.40499877929688,37.2599983215332,37.2599983215332,13634
2026-02-23 17:35:00,37.22499847412109,37.31999969482422,37.22499847412109,37.31499862670898,6668
2026-02-23 17:40:00,37.369998931884766,37.369998931884766,37.31999969482422,37.36000061035156,23623
2026-02-23 17:45:00,37.369998931884766,37.369998931884766,37.220001220703125,37.22499847412109,5960
2026-02-23 17:50:00,37.255001068115234,37.2599983215332,37.18999862670898,37.2599983215332,1970
2026-02-23 17:55:00,37.18999862670898,37.18999862670898,37.11000061035156,37.1150016784668,9651
2026-02-23 18:00:00,37.1150016784668,37.209999084472656,37.1150016784668,37.17499923706055,24755
2026-02-23 18:05:00,37.209999084472656,37.27000045776367,37.209999084472656,37.2400016784668,3625
2026-02-23 18:10:00,37.25,37.290000915527344,37.220401763916016,37.290000915527344,2954
2026-02-23 18:15:00,37.27999877929688,37.310001373291016,37.2599983215332,37.275001525878906,2408
2026-02-23 18:20:00,37.27000045776367,37.29999923706055,37.2400016784668,37.27999877929688,4704
2026-02-23 18:25:00,37.29999923706055,37.380001068115234,37.290000915527344,37.34999847412109,24868
2026-02-23 18:30:00,37.33000183105469,37.40499877929688,37.310001373291016,37.40499877929688,4674
2026-02-23 18:35:00,37.400001525878906,37.400001525878906,37.30500030517578,37.34000015258789,148169
2026-02-23 18:40:00,37.34000015258789,37.400001525878906,37.290000915527344,37.33000183105469,0
2026-02-23 18:45:00,37.36000061035156,37.36000061035156,37.25,37.31999969482422,10316
2026-02-23 18:50:00,37.29999923706055,37.310001373291016,37.290000915527344,37.29999923706055,10987
2026-02-23 18:55:00,37.33000183105469,37.33000183105469,37.27000045776367,37.28499984741211,5944
2026-02-23 19:00:00,37.28499984741211,37.29999923706055,37.220001220703125,37.220001220703125,12291
2026-02-23 19:05:00,37.244998931884766,37.244998931884766,37.09000015258789,37.09999847412109,4383
2026-02-23 19:10:00,37.08000183105469,37.16999816894531,37.060001373291016,37.150001525878906,20696
2026-02-23 19:15:00,37.16999816894531,37.16999816894531,37.09000015258789,37.11000061035156,6639
2026-02-23 19:20:00,37.13999938964844,37.13999938964844,37.04999923706055,37.04999923706055,7579
2026-02-23 19:25:00,37.04999923706055,37.18000030517578,37.04999923706055,37.18000030517578,29026
2026-02-23 19:30:00,37.150001525878906,37.220001220703125,37.11000061035156,37.119998931884766,40327
2026-02-23 19:35:00,37.119998931884766,37.119998931884766,36.9900016784668,36.9900016784668,15180
2026-02-23 19:40:00,36.959999084472656,37.0,36.95000076293945,36.994998931884766,6068
2026-02-23 19:45:00,36.994998931884766,37.19499969482422,36.994998931884766,37.19499969482422,16146
2026-02-23 19:50:00,37.18999862670898,37.25,37.16999816894531,37.20000076293945,15536
2026-02-23 19:55:00,37.18999862670898,37.22499847412109,37.1349983215332,37.14500045776367,13464
2026-02-23 20:00:00,37.13999938964844,37.16999816894531,37.130001068115234,37.150001525878906,9751
2026-02-23 20:05:00,37.150001525878906,37.18999862670898,37.09700012207031,37.165000915527344,38379
2026-02-23 20:10:00,37.220001220703125,37.22999954223633,37.18000030517578,37.22999954223633,11948
2026-02-23 20:15:00,37.22999954223633,37.310001373291016,37.0,37.095001220703125,147647
2026-02-23 20:20:00,37.095001220703125,37.095001220703125,36.89500045776367,36.94499969482422,64327
2026-02-23 20:25:00,37.02000045776367,37.11000061035156,36.83000183105469,37.06499862670898,112774
2026-02-23 20:30:00,37.06499862670898,37.09999847412109,36.9900016784668,37.09999847412109,16384
2026-02-23 20:35:00,37.09000015258789,37.209999084472656,37.09000015258789,37.16999816894531,18683
2026-02-23 20:40:00,37.16999816894531,37.16999816894531,37.04999923706055,37.084999084472656,18495
2026-02-23 20:45:00,37.06010055541992,37.13999938964844,37.060001373291016,37.09999847412109,23121
2026-02-23 20:50:00,37.09999847412109,37.220001220703125,36.970001220703125,37.04499816894531,67144
2026-02-23 20:55:00,37.02999877929688,37.119998931884766,36.97010040283203,37.09999847412109,127816
2026-02-24 14:30:00,36.959999084472656,37.0099983215332,36.81999969482422,37.0099983215332,232877
2026-02-24 14:35:00,37.040000915527344,37.06999969482422,36.709999084472656,36.775001525878906,3503
2026-02-24 14:40:00,36.68999862670898,36.810001373291016,36.61000061035156,36.65999984741211,3101
2026-02-24 14:45:00,36.65999984741211,36.84999847412109,36.619998931884766,36.834999084472656,6677
2026-02-24 14:50:00,36.79999923706055,36.97499847412109,36.790000915527344,36.90499877929688,8214
2026-02-24 14:55:00,36.90499877929688,37.02999877929688,36.900001525878906,37.02999877929688,2137
2026-02-24 15:00:00,36.93999862670898,36.97999954223633,36.900001525878906,36.93000030517578,5983
2026-02-24 15:05:00,36.97999954223633,37.040000915527344,36.95000076293945,36.970699310302734,11895
2026-02-24 15:10:00,36.959999084472656,36.97999954223633,36.900001525878906,36.92499923706055,8626
2026-02-24 15:15:00,36.88999938964844,37.01499938964844,36.84000015258789,36.95000076293945,10906
2026-02-24 15:20:00,36.88999938964844,36.959999084472656,36.84999847412109,36.95500183105469,4558
2026-02-24 15:25:00,36.93999862670898,36.95500183105469,36.86000061035156,36.880001068115234,4345
2026-02-24 15:30:00,36.89500045776367,36.89500045776367,36.720001220703125,36.7400016784668,7873
2026-02-24 15:35:00,36.72999954223633,36.72999954223633,36.650001525878906,36.66999816894531,5279
2026-02-24 15:40:00,36.65999984741211,36.68000030517578,36.59000015258789,36.66999816894531,6578
2026-02-24 15:45:00,36.65499877929688,36.7400016784668,36.65499877929688,36.73500061035156,5618
2026-02-24 15:50:00,36.81999969482422,37.09999847412109,36.81999969482422,37.01499938964844,110813
2026-02-24 15:55:00,37.0,37.060001373291016,36.9900016784668,37.040000915527344,8982
2026-02-24 16:00:00,37.040000915527344,37.09000015258789,37.0099983215332,37.04999923706055,8835
2026-02-24 16:05:00,37.040000915527344,37.21500015258789,37.040000915527344,37.18999862670898,14451
2026-02-24 16:10:00,37.22999954223633,37.2400016784668,37.20000076293945,37.22999954223633,3172
2026-02-24 16:15:00,37.22999954223633,37.2599983215332,37.150001525878906,37.2400016784668,13711
2026-02-24 16:20:00,37.2400016784668,37.27000045776367,37.060001373291016,37.08000183105469,12483
2026-02-24 16:25:00,37.08000183105469,37.130001068115234,37.06999969482422,37.130001068115234,5196
2026-02-24 16:30:00,37.130001068115234,37.15999984741211,37.04999923706055,37.08000183105469,7500
2026-02-24 16:35:00,37.095001220703125,37.2400016784668,37.095001220703125,37.21500015258789,6682
2026-02-24 16:40:00,37.22320175170898,37.25,37.150001525878906,37.150001525878906,5209
2026-02-24 16:45:00,37.16999816894531,37.16999816894531,37.08000183105469,37.10499954223633,9318
2026-02-24 16:50:00,37.10499954223633,37.33000183105469,37.10499954223633,37.33000183105469,15676
2026-02-24 16:55:00,37.35499954223633,37.38999938964844,37.22999954223633,37.29999923706055,13496
2026-02-24 17:00:00,37.30500030517578,37.380001068115234,37.30500030517578,37.3650016784668,12434
2026-02-24 17:05:00,37.3650016784668,37.40999984741211,37.334999084472656,37.40999984741211,6217
2026-02-24 17:10:00,37.43000030517578,37.540000915527344,37.42499923706055,37.470001220703125,8521
2026-02-24 17:15:00,37.470001220703125,37.5,37.42499923706055,37.43000030517578,11080
2026-02-24 17:20:00,37.43000030517578,37.43000030517578,37.310001373291016,37.310001373291016,13110
2026-02-24 17:25:00,37.30500030517578,37.345001220703125,37.30500030517578,37.345001220703125,6370
2026-02-24 17:30:00,37.345001220703125,37.3849983215332,37.334999084472656,37.3849983215332,6118
2026-02-24 17:35:00,37.400001525878906,37.400001525878906,37.36000061035156,37.375,3001
2026-02-24 17:40:00,37.400001525878906,37.46500015258789,37.3849983215332,37.46500015258789,4870
2026-02-24 17:45:00,37.46500015258789,37.470001220703125,37.43999862670898,37.470001220703125,12582
2026-02-24 17:50:00,37.470001220703125,37.470001220703125,37.470001220703125,37.470001220703125,2661
2026-02-24 17:55:00,37.46500015258789,37.46500015258789,37.40999984741211,37.43999862670898,5910
2026-02-24 18:00:00,37.459999084472656,37.47999954223633,37.43000030517578,37.46500015258789,6001
2026-02-24 18:05:00,37.4900016784668,37.54499816894531,37.32500076293945,37.33000183105469,14046
2026-02-24 18:10:00,37.31999969482422,37.38999938964844,37.31999969482422,37.380001068115234,5909
2026-02-24 18:15:00,37.380001068115234,37.45000076293945,37.380001068115234,37.43999862670898,10013
2026-02-24 18:20:00,37.43999862670898,37.43999862670898,37.400001525878906,37.415000915527344,8965
2026-02-24 18:25:00,37.415000915527344,37.41999816894531,37.34000015258789,37.34000015258789,15471
2026-02-24 18:30:00,37.34000015258789,37.41999816894531,37.33000183105469,37.38999938964844,11177
2026-02-24 18:35:00,37.400001525878906,37.58000183105469,37.400001525878906,37.58000183105469,15674
2026-02-24 18:40:00,37.540000915527344,37.540000915527344,37.459999084472656,37.505001068115234,13807
2026-02-24 18:45:00,37.52999877929688,37.57500076293945,37.52000045776367,37.57500076293945,2573
2026-02-24 18:50:00,37.57500076293945,37.60499954223633,37.52000045776367,37.52999877929688,6711
2026-02-24 18:55:00,37.52999877929688,37.540000915527344,37.5099983215332,37.52000045776367,8916
2026-02-24 19:00:00,37.5,37.51499938964844,37.43999862670898,37.43999862670898,11073
2026-02-24 19:05:00,37.43999862670898,37.560001373291016,37.43999862670898,37.54499816894531,42344
2026-02-24 19:10:00,37.54499816894531,37.58000183105469,37.5099983215332,37.5099983215332,9637
2026-02-24 19:15:00,37.5,37.5099983215332,37.45000076293945,37.45000076293945,7596
2026-02-24 19:20:00,37.45500183105469,37.48500061035156,37.41999816894531,37.47999954223633,11356
2026-02-24 19:25:00,37.47999954223633,37.52000045776367,37.47999954223633,37.5099983215332,8175
2026-02-24 19:30:00,37.5099983215332,37.54999923706055,37.47999954223633,37.540000915527344,14707
2026-02-24 19:35:00,37.540000915527344,37.65999984741211,37.540000915527344,37.625,17150
2026-02-24 19:40:00,37.650001525878906,37.685001373291016,37.650001525878906,37.685001373291016,4531
2026-02-24 19:45:00,37.66999816894531,37.7400016784668,37.66999816894531,37.7400016784668,8449
2026-02-24 19:50:00,37.7400016784668,37.790000915527344,37.7400016784668,37.77000045776367,6259
2026-02-24 19:55:00,37.775001525878906,37.81999969482422,37.650001525878906,37.650001525878906,15663
2026-02-24 20:00:00,37.650001525878906,37.67499923706055,37.61000061035156,37.650001525878906,11488
2026-02-24 20:05:00,37.650001525878906,37.67499923706055,37.63999938964844,37.650001525878906,3749
2026-02-24 20:10:00,37.66999816894531,37.77000045776367,37.66999816894531,37.744998931884766,9901
2026-02-24 20:15:00,37.7400016784668,37.7400016784668,37.720001220703125,37.720001220703125,9422
2026-02-24 20:20:00,37.73500061035156,37.744998931884766,37.709999084472656,37.744998931884766,8209
2026-02-24 20:25:00,37.72999954223633,37.79499816894531,37.70000076293945,37.709999084472656,29040
2026-02-24 20:30:00,37.709999084472656,37.709999084472656,37.68999862670898,37.70500183105469,10724
2026-02-24 20:35:00,37.68999862670898,37.755001068115234,37.650001525878906,37.744998931884766,29883
2026-02-24 20:40:00,37.72999954223633,37.73500061035156,37.64500045776367,37.72999954223633,27970
2026-02-24 20:45:00,37.72999954223633,37.7400016784668,37.66999816894531,37.720001220703125,22181
2026-02-24 20:50:00,37.72999954223633,37.81999969482422,37.685001373291016,37.81999969482422,32198
2026-02-24 20:55:00,37.81999969482422,38.060001373291016,37.75,38.060001373291016,150308
2026-02-25 14:30:00,37.27999877929688,38.40999984741211,37.27000045776367,37.85499954223633,10357
2026-02-25 14:35:00,38.01499938964844,38.5,38.0,38.5,1249
2026-02-25 14:40:00,38.4900016784668,38.89149856567383,38.470001220703125,38.869998931884766,6495
2026-02-25 14:45:00,38.900001525878906,39.5,38.70000076293945,39.43999862670898,9718
2026-02-25 14:50:00,39.244998931884766,39.244998931884766,38.84999847412109,39.08000183105469,8221
2026-02-25 14:55:00,38.959999084472656,39.09000015258789,38.959999084472656,39.0099983215332,4513
2026-02-25 15:00:00,38.91999816894531,39.0099983215332,38.88999938964844,38.994998931884766,5898
2026-02-25 15:05:00,38.9900016784668,39.2400016784668,38.70000076293945,38.94499969482422,68695
2026-02-25 15:10:00,38.91999816894531,39.119998931884766,38.709999084472656,39.11000061035156,13004
2026-02-25 15:15:00,39.005001068115234,39.33000183105469,39.005001068115234,39.33000183105469,3979
2026-02-25 15:20:00,39.27999877929688,39.400001525878906,39.209999084472656,39.334999084472656,5606
2026-02-25 15:25:00,39.25,39.41999816894531,39.2400016784668,39.41999816894531,3578
2026-02-25 15:30:00,39.45000076293945,39.72999954223633,39.45000076293945,39.665000915527344,19152
2026-02-25 15:35:00,39.63999938964844,39.63999938964844,39.25,39.34000015258789,49368
2026-02-25 15:40:00,39.29999923706055,39.29999923706055,39.18000030517578,39.18000030517578,1733
2026-02-25 15:45:00,39.29499816894531,39.29499816894531,39.04999923706055,39.11000061035156,4811
2026-02-25 15:50:00,39.119998931884766,39.18999862670898,39.119998931884766,39.16999816894531,5082
2026-02-25 15:55:00,39.209999084472656,39.34999847412109,39.209999084472656,39.34999847412109,7462
2026-02-25 16:00:00,39.310001373291016,39.40999984741211,39.18999862670898,39.40999984741211,24780
2026-02-25 16:05:00,39.415000915527344,39.5,39.415000915527344,39.470001220703125,4310
2026-02-25 16:10:00,39.45000076293945,39.45000076293945,39.290000915527344,39.310001373291016,5481
2026-02-25 16:15:00,39.29999923706055,39.334999084472656,39.220001220703125,39.26499938964844,2818
2026-02-25 16:20:00,39.2599983215332,39.34000015258789,39.2599983215332,39.34000015258789,3698
2026-02-25 16:25:00,39.31499862670898,39.380001068115234,39.2400016784668,39.31999969482422,5330
2026-02-25 16:30:00,39.31999969482422,39.36000061035156,39.220001220703125,39.244998931884766,4906
2026-02-25 16:35:00,39.2400016784668,39.2400016784668,39.02999877929688,39.02999877929688,4096
2026-02-25 16:40:00,39.0,39.06999969482422,38.97499847412109,38.9900016784668,9557
2026-02-25 16:45:00,38.994998931884766,39.040000915527344,38.75,38.84000015258789,9724
2026-02-25 16:50:00,38.84999847412109,38.869998931884766,38.72999954223633,38.869998931884766,4647
2026-02-25 16:55:00,38.86000061035156,38.970001220703125,38.86000061035156,38.959999084472656,3579
2026-02-25 17:00:00,38.96500015258789,39.0,38.869998931884766,39.0,5519
2026-02-25 17:05:00,39.06999969482422,39.119998931884766,38.93999862670898,38.93999862670898,4149
2026-02-25 17:10:00,38.93000030517578,38.97999954223633,38.869998931884766,38.95500183105469,3877
2026-02-25 17:15:00,39.040000915527344,39.13999938964844,38.980098724365234,39.13999938964844,4722
2026-02-25 17:20:00,39.150001525878906,39.150001525878906,39.09999847412109,39.09999847412109,2059
2026-02-25 17:25:00,39.09999847412109,39.11000061035156,39.0099983215332,39.11000061035156,4299
2026-02-25 17:30:00,39.060001373291016,39.09000015258789,39.02000045776367,39.04499816894531,4307
2026-02-25 17:35:00,39.040000915527344,39.08000183105469,39.040000915527344,39.08000183105469,1464
2026-02-25 17:40:00,39.08000183105469,39.400001525878906,39.08000183105469,39.334999084472656,16255
2026-02-25 17:45:00,39.310001373291016,39.41999816894531,39.27999877929688,39.41999816894531,3419
2026-02-25 17:50:00,39.38999938964844,39.38999938964844,39.130001068115234,39.209999084472656,23393
2026-02-25 17:55:00,39.18999862670898,39.22999954223633,39.18999862670898,39.22999954223633,4543
2026-02-25 18:00:00,39.2599983215332,39.41999816894531,39.18000030517578,39.40999984741211,35519
2026-02-25 18:05:00,39.4900016784668,39.4900016784668,39.47499847412109,39.47499847412109,1331
2026-02-25 18:10:00,39.5,39.5,39.40999984741211,39.40999984741211,2835
2026-02-25 18:15:00,39.45000076293945,39.45000076293945,39.380001068115234,39.380001068115234,3058
2026-02-25 18:20:00,39.33000183105469,39.36000061035156,39.29499816894531,39.33000183105469,4398
2026-02-25 18:25:00,39.380001068115234,39.459999084472656,39.380001068115234,39.435001373291016,5217
2026-02-25 18:30:00,39.435001373291016,39.619998931884766,39.435001373291016,39.59000015258789,3679
2026-02-25 18:35:00,39.68000030517578,39.755001068115234,39.650001525878906,39.650001525878906,7110
2026-02-25 18:40:00,39.67499923706055,39.67499923706055,39.619998931884766,39.619998931884766,1691
2026-02-25 18:45:00,39.650001525878906,39.71500015258789,39.625,39.69499969482422,8285
2026-02-25 18:50:00,39.68999862670898,39.790000915527344,39.68999862670898,39.75,3679
2026-02-25 18:55:00,39.790000915527344,39.84000015258789,39.77999877929688,39.84000015258789,7257
2026-02-25 19:00:00,39.84999847412109,39.91999816894531,39.83000183105469,39.8849983215332,3955
2026-02-25 19:05:00,39.91999816894531,39.93000030517578,39.869998931884766,39.93000030517578,1943
2026-02-25 19:10:00,39.91999816894531,39.91999816894531,39.709999084472656,39.790000915527344,6925
2026-02-25 19:15:00,39.77999877929688,39.83000183105469,39.77999877929688,39.79999923706055,4721
2026-02-25 19:20:00,39.81999969482422,39.869998931884766,39.81999969482422,39.84999847412109,3201
2026-02-25 19:25:00,39.81999969482422,39.81999969482422,39.7400016784668,39.790000915527344,3617
2026-02-25 19:30:00,39.83000183105469,39.880001068115234,39.7400016784668,39.880001068115234,7308
2026-02-25 19:35:00,39.83000183105469,39.869998931884766,39.81999969482422,39.84999847412109,3660
2026-02-25 19:40:00,39.85499954223633,39.880001068115234,39.84000015258789,39.869998931884766,2932
2026-02-25 19:45:00,39.88999938964844,39.93999862670898,39.869998931884766,39.869998931884766,4541
2026-02-25 19:50:00,39.880001068115234,39.91999816894531,39.81010055541992,39.88999938964844,10470
2026-02-25 19:55:00,39.88999938964844,39.93000030517578,39.88999938964844,39.88999938964844,4063
2026-02-25 20:00:00,39.880001068115234,39.88999938964844,39.77000045776367,39.79999923706055,6421
2026-02-25 20:05:00,39.79999923706055,39.810001373291016,39.72999954223633,39.77999877929688,4513
2026-02-25 20:10:00,39.810001373291016,39.810001373291016,39.77999877929688,39.77999877929688,2447
2026-02-25 20:15:00,39.7599983215332,39.775001525878906,39.71500015258789,39.72999954223633,3736
2026-02-25 20:20:00,39.709999084472656,39.7400016784668,39.560001373291016,39.59999847412109,17428
2026-02-25 20:25:00,39.619998931884766,39.7400016784668,39.54999923706055,39.7400016784668,18255
2026-02-25 20:30:00,39.77000045776367,39.91510009765625,39.7599983215332,39.91510009765625,5724
2026-02-25 20:35:00,39.90499877929688,40.130001068115234,39.90499877929688,40.060001373291016,21202
2026-02-25 20:40:00,40.06999969482422,40.220001220703125,40.02999877929688,40.209999084472656,10601
2026-02-25 20:45:00,40.209999084472656,40.27999877929688,40.16999816894531,40.2400016784668,9166
2026-02-25 20:50:00,40.290000915527344,40.310001373291016,40.22999954223633,40.30500030517578,20007
2026-02-25 20:55:00,40.29999923706055,40.52999877929688,40.29999923706055,40.4900016784668,106051
2026-02-26 14:30:00,40.290000915527344,40.52000045776367,40.20000076293945,40.290000915527344,319402
2026-02-26 14:35:00,40.290000915527344,40.83000183105469,40.290000915527344,40.560001373291016,2453
2026-02-26 14:40:00,40.58000183105469,40.58000183105469,40.33000183105469,40.34000015258789,2776
2026-02-26 14:45:00,40.334999084472656,40.334999084472656,39.88999938964844,40.09999847412109,6245
2026-02-26 14:50:00,40.13999938964844,40.27000045776367,40.11000061035156,40.13999938964844,3829
2026-02-26 14:55:00,40.220001220703125,40.33000183105469,40.09000015258789,40.130001068115234,5969
2026-02-26 15:00:00,40.20000076293945,40.27410125732422,40.06999969482422,40.18000030517578,9605
2026-02-26 15:05:00,40.27999877929688,40.5,40.244998931884766,40.5,17297
2026-02-26 15:10:00,40.5,40.51499938964844,40.25,40.25,45457
2026-02-26 15:15:00,40.25,40.34000015258789,40.08000183105469,40.130001068115234,0
2026-02-26 15:20:00,40.16999816894531,40.17499923706055,39.709999084472656,39.86000061035156,9682
2026-02-26 15:25:00,39.85499954223633,40.09000015258789,39.84000015258789,40.025001525878906,10274
2026-02-26 15:30:00,40.040000915527344,40.31999969482422,40.040000915527344,40.310001373291016,7307
2026-02-26 15:35:00,40.244998931884766,40.36000061035156,40.2400016784668,40.29499816894531,6214
2026-02-26 15:40:00,40.29499816894531,40.34000015258789,40.27999877929688,40.29999923706055,4601
2026-02-26 15:45:00,40.35499954223633,40.380001068115234,40.17499923706055,40.37030029296875,28925
2026-02-26 15:50:00,40.29999923706055,40.29999923706055,40.13999938964844,40.13999938964844,9024
2026-02-26 15:55:00,40.130001068115234,40.41999816894531,40.10499954223633,40.36000061035156,9486
2026-02-26 16:00:00,40.34999847412109,40.369998931884766,40.18999862670898,40.2400016784668,6058
2026-02-26 16:05:00,40.2400016784668,40.310001373291016,40.220001220703125,40.29999923706055,4686
2026-02-26 16:10:00,40.31719970703125,40.45000076293945,40.26969909667969,40.45000076293945,7329
2026-02-26 16:15:00,40.41999816894531,40.41999816894531,40.2599983215332,40.27000045776367,9482
2026-02-26 16:20:00,40.27000045776367,40.27999877929688,40.21500015258789,40.2400016784668,6198
2026-02-26 16:25:00,40.2400016784668,40.31900024414063,40.2400016784668,40.31900024414063,3752
2026-02-26 16:30:00,40.27000045776367,40.290000915527344,40.18769836425781,40.209999084472656,4582
2026-02-26 16:35:00,40.18000030517578,40.18000030517578,40.08000183105469,40.08000183105469,3700
2026-02-26 16:40:00,40.08000183105469,40.16999816894531,40.060001373291016,40.130001068115234,5109
2026-02-26 16:45:00,40.11000061035156,40.21500015258789,40.10499954223633,40.21500015258789,4372
2026-02-26 16:50:00,40.20000076293945,40.20000076293945,40.09000015258789,40.125,3601
2026-02-26 16:55:00,40.15999984741211,40.17499923706055,40.09000015258789,40.09000015258789,3646
2026-02-26 17:00:00,40.09000015258789,40.09999847412109,39.9900016784668,40.0099983215332,4068
2026-02-26 17:05:00,40.02999877929688,40.04999923706055,40.0,40.0,2365
2026-02-26 17:10:00,39.9900016784668,40.02999877929688,39.9900016784668,40.005001068115234,1999
2026-02-26 17:15:00,39.970001220703125,40.04499816894531,39.95000076293945,40.02000045776367,5288
2026-02-26 17:20:00,40.02000045776367,40.060001373291016,40.0,40.04650115966797,2675
2026-02-26 17:25:00,40.060001373291016,40.060001373291016,39.90999984741211,39.90999984741211,2842
2026-02-26 17:30:00,39.91999816894531,39.959999084472656,39.91999816894531,39.91999816894531,4246
2026-02-26 17:35:00,39.90999984741211,39.90999984741211,39.7599983215332,39.81999969482422,3905
2026-02-26 17:40:00,39.84000015258789,39.84000015258789,39.77000045776367,39.77000045776367,3695
2026-02-26 17:45:00,39.790000915527344,40.150001525878906,39.77999877929688,40.01480102539063,31214
2026-02-26 17:50:00,40.08000183105469,40.09000015258789,39.95000076293945,39.959999084472656,4234
2026-02-26 17:55:00,39.95000076293945,40.0099983215332,39.90999984741211,39.994998931884766,4769
2026-02-26 18:00:00,39.97999954223633,40.0099983215332,39.93999862670898,39.96500015258789,6613
2026-02-26 18:05:00,39.96500015258789,40.04999923706055,39.96500015258789,39.970001220703125,4034
2026-02-26 18:10:00,40.02999877929688,40.03499984741211,39.97999954223633,40.03499984741211,2147
2026-02-26 18:15:00,40.025001525878906,40.119998931884766,39.97999954223633,40.09999847412109,7612
2026-02-26 18:20:00,40.119998931884766,40.119998931884766,40.04999923706055,40.084999084472656,3658
2026-02-26 18:25:00,40.119998931884766,40.18000030517578,40.09999847412109,40.18000030517578,3598
2026-02-26 18:30:00,40.15999984741211,40.2400016784668,40.15999984741211,40.20000076293945,5006
2026-02-26 18:35:00,40.209999084472656,40.38999938964844,40.209999084472656,40.3650016784668,2720
2026-02-26 18:40:00,40.369998931884766,40.45000076293945,40.369998931884766,40.42499923706055,4990
2026-02-26 18:45:00,40.459999084472656,40.494998931884766,40.400001525878906,40.42499923706055,6072
2026-02-26 18:50:00,40.43999862670898,40.47999954223633,40.40499877929688,40.47999954223633,5779
2026-02-26 18:55:00,40.459999084472656,40.52000045776367,40.41999816894531,40.52000045776367,12124
2026-02-26 19:00:00,40.53900146484375,40.59000015258789,40.53900146484375,40.59000015258789,5075
2026-02-26 19:05:00,40.60900115966797,40.68000030517578,40.58000183105469,40.625,7460
2026-02-26 19:10:00,40.6349983215332,40.68000030517578,40.619998931884766,40.63999938964844,6068
2026-02-26 19:15:00,40.63999938964844,40.709999084472656,40.63999938964844,40.68999862670898,6465
2026-02-26 19:20:00,40.70000076293945,40.70000076293945,40.59000015258789,40.59000015258789,5483
2026-02-26 19:25:00,40.595001220703125,40.625,40.560001373291016,40.560001373291016,6797
2026-02-26 19:30:00,40.59000015258789,40.68999862670898,40.59000015258789,40.685001373291016,6051
2026-02-26 19:35:00,40.68999862670898,40.74800109863281,40.67499923706055,40.70000076293945,6556
2026-02-26 19:40:00,40.685001373291016,40.720001220703125,40.685001373291016,40.70000076293945,4769
2026-02-26 19:45:00,40.68000030517578,40.70000076293945,40.66999816894531,40.70000076293945,4930
2026-02-26 19:50:00,40.709999084472656,40.7400016784668,40.70000076293945,40.70500183105469,4041
2026-02-26 19:55:00,40.70500183105469,40.70500183105469,40.56999969482422,40.56999969482422,8263
2026-02-26 20:00:00,40.59000015258789,40.78499984741211,40.584999084472656,40.77000045776367,7430
2026-02-26 20:05:00,40.7599983215332,40.7599983215332,40.66999816894531,40.709999084472656,6294
2026-02-26 20:10:00,40.70000076293945,40.70000076293945,40.619998931884766,40.65999984741211,4661
2026-02-26 20:15:00,40.630001068115234,40.709999084472656,40.630001068115234,40.66999816894531,8385
2026-02-26 20:20:00,40.709999084472656,40.7400016784668,40.54999923706055,40.57500076293945,13614
2026-02-26 20:25:00,40.57500076293945,40.630001068115234,40.52000045776367,40.619998931884766,46499
2026-02-26 20:30:00,40.60499954223633,40.72499847412109,40.52999877929688,40.68999862670898,21787
2026-02-26 20:35:00,40.68999862670898,40.790000915527344,40.68999862670898,40.7400016784668,11206
2026-02-26 20:40:00,40.75,40.75,40.709999084472656,40.72999954223633,7593
2026-02-26 20:45:00,40.71500015258789,40.79990005493164,40.71500015258789,40.78499984741211,15450
2026-02-26 20:50:00,40.7599983215332,40.84000015258789,40.709999084472656,40.810001373291016,30610
2026-02-26 20:55:00,40.81999969482422,40.970001220703125,40.81999969482422,40.959999084472656,93048
2026-02-27 14:30:00,40.36000061035156,40.36000061035156,40.290000915527344,40.290000915527344,12501
2026-02-27 14:35:00,40.11000061035156,40.18000030517578,40.09000015258789,40.09000015258789,920
2026-02-27 14:40:00,40.09999847412109,40.20000076293945,40.01499938964844,40.20000076293945,2730
2026-02-27 14:45:00,40.14250183105469,40.22990036010742,40.09000015258789,40.09000015258789,1060
2026-02-27 14:50:00,40.09999847412109,40.31999969482422,40.084999084472656,40.26499938964844,3237
2026-02-27 14:55:00,40.255001068115234,40.255001068115234,40.11000061035156,40.209999084472656,675
2026-02-27 15:00:00,40.25,40.470001220703125,40.25,40.43999862670898,2754
2026-02-27 15:05:00,40.387001037597656,40.54999923706055,40.387001037597656,40.54999923706055,1234
2026-02-27 15:10:00,40.46500015258789,40.560001373291016,40.46500015258789,40.52000045776367,2845
2026-02-27 15:15:00,40.560001373291016,40.58000183105469,40.470001220703125,40.48500061035156,3998
2026-02-27 15:20:00,40.41999816894531,40.54999923706055,40.41999816894531,40.45000076293945,977
2026-02-27 15:25:00,40.54999923706055,40.75,40.54999923706055,40.709999084472656,4508
2026-02-27 15:30:00,40.709999084472656,40.72999954223633,40.59999847412109,40.72999954223633,9431
2026-02-27 15:40:00,40.880001068115234,40.880001068115234,40.86000061035156,40.86000061035156,893
2026-02-27 15:45:00,40.86000061035156,40.8650016784668,40.86000061035156,40.8650016784668,1905
2026-02-27 15:50:00,40.89500045776367,40.90999984741211,40.790000915527344,40.85499954223633,3620
2026-02-27 15:55:00,40.89580154418945,40.93000030517578,40.89500045776367,40.93000030517578,2851
2026-02-27 16:00:00,40.92499923706055,40.935001373291016,40.869998931884766,40.935001373291016,4902
2026-02-27 16:05:00,40.900001525878906,40.935001373291016,40.84999847412109,40.89500045776367,4370
2026-02-27 16:10:00,40.86000061035156,40.869998931884766,40.760101318359375,40.760101318359375,3471
2026-02-27 16:15:00,40.81999969482422,40.900001525878906,40.80500030517578,40.88999938964844,8215
2026-02-27 16:20:00,40.85499954223633,40.85499954223633,40.85499954223633,40.85499954223633,700
2026-02-27 16:25:00,40.8650016784668,40.91999816894531,40.8650016784668,40.91999816894531,2038
2026-02-27 16:30:00,40.95000076293945,40.95000076293945,40.93000030517578,40.93000030517578,1339
2026-02-27 16:35:00,40.91999816894531,40.91999816894531,40.83000183105469,40.84000015258789,2926
2026-02-27 16:40:00,40.7599983215332,40.79999923706055,40.75,40.79999923706055,1465
2026-02-27 16:45:00,40.77999877929688,40.77999877929688,40.77999877929688,40.77999877929688,1419
2026-02-27 16:50:00,40.77000045776367,40.79499816894531,40.77000045776367,40.79499816894531,2051
2026-02-27 16:55:00,40.70000076293945,40.72999954223633,40.65999984741211,40.68000030517578,1833
2026-02-27 17:00:00,40.720001220703125,40.810001373291016,40.720001220703125,40.79999923706055,2989
2026-02-27 17:05:00,40.77999877929688,40.83000183105469,40.77999877929688,40.80239868164063,1091
2026-02-27 17:10:00,40.84000015258789,40.84000015258789,40.650001525878906,40.650001525878906,5303
2026-02-27 17:15:00,40.52000045776367,40.560001373291016,40.50249862670898,40.55500030517578,4639
2026-02-27 17:20:00,40.540000915527344,40.540000915527344,40.41999816894531,40.41999816894531,2548
2026-02-27 17:25:00,40.459999084472656,40.470001220703125,40.38999938964844,40.45000076293945,4716
2026-02-27 17:30:00,40.470001220703125,40.4900016784668,40.43999862670898,40.4900016784668,3395
2026-02-27 17:35:00,40.47499847412109,40.52000045776367,40.47499847412109,40.47999954223633,3043
2026-02-27 17:40:00,40.47999954223633,40.61000061035156,40.459999084472656,40.61000061035156,3526
2026-02-27 17:45:00,40.54999923706055,40.584999084472656,40.5099983215332,40.540000915527344,9773
2026-02-27 17:50:00,40.560001373291016,40.560001373291016,40.5099983215332,40.5099983215332,2871
2026-02-27 17:55:00,40.4900016784668,40.4900016784668,40.41999816894531,40.43999862670898,2429
2026-02-27 18:00:00,40.47999954223633,40.5,40.459999084472656,40.47999954223633,2813
2026-02-27 18:05:00,40.5099983215332,40.52000045776367,40.40499877929688,40.46989822387695,5508
2026-02-27 18:10:00,40.470001220703125,40.54999923706055,40.470001220703125,40.52999877929688,12218
2026-02-27 18:15:00,40.540000915527344,40.54499816894531,40.5,40.5,4019
2026-02-27 18:20:00,40.48500061035156,40.5099983215332,40.48500061035156,40.505001068115234,3538
2026-02-27 18:25:00,40.5,40.5,40.43999862670898,40.48350143432617,3817
2026-02-27 18:30:00,40.47999954223633,40.56999969482422,40.47999954223633,40.54999923706055,3206
2026-02-27 18:35:00,40.54999923706055,40.63999938964844,40.5099983215332,40.63999938964844,3297
2026-02-27 18:40:00,40.65999984741211,40.720001220703125,40.65999984741211,40.720001220703125,1907
2026-02-27 18:45:00,40.720001220703125,40.77000045776367,40.720001220703125,40.75,2381
2026-02-27 18:50:00,40.720001220703125,40.790000915527344,40.720001220703125,40.78499984741211,2372
2026-02-27 18:55:00,40.77999877929688,40.782501220703125,40.6150016784668,40.67499923706055,6832
2026-02-27 19:00:00,40.68999862670898,40.70500183105469,40.67499923706055,40.70500183105469,1962
2026-02-27 19:05:00,40.70500183105469,40.70500183105469,40.59999847412109,40.59999847412109,5220
2026-02-27 19:10:00,40.58000183105469,40.59999847412109,40.52000045776367,40.52000045776367,6514
2026-02-27 19:15:00,40.5099983215332,40.59000015258789,40.5099983215332,40.59000015258789,4617
2026-02-27 19:20:00,40.540000915527344,40.59000015258789,40.540000915527344,40.56499862670898,3281
2026-02-27 19:25:00,40.56499862670898,40.56499862670898,40.4900016784668,40.4900016784668,4043
2026-02-27 19:30:00,40.5099983215332,40.5099983215332,40.41999816894531,40.43000030517578,6465
2026-02-27 19:35:00,40.43999862670898,40.48500061035156,40.42499923706055,40.43999862670898,6259
2026-02-27 19:40:00,40.459999084472656,40.46500015258789,40.40999984741211,40.46500015258789,5828
2026-02-27 19:45:00,40.470001220703125,40.470001220703125,40.40999984741211,40.40999984741211,3921
2026-02-27 19:50:00,40.369998931884766,40.47499847412109,40.36000061035156,40.470001220703125,7127
2026-02-27 19:55:00,40.47499847412109,40.47499847412109,40.45000076293945,40.47499847412109,975
2026-02-27 20:00:00,40.505001068115234,40.52000045776367,40.470001220703125,40.505001068115234,4595
2026-02-27 20:05:00,40.5099983215332,40.5099983215332,40.43999862670898,40.4900016784668,8766
2026-02-27 20:10:00,40.4640998840332,40.52000045776367,40.4640998840332,40.50640106201172,3429
2026-02-27 20:15:00,40.5,40.55500030517578,40.4900016784668,40.540000915527344,6766
2026-02-27 20:20:00,40.54499816894531,40.59999847412109,40.54499816894531,40.54999923706055,6920
2026-02-27 20:25:00,40.58000183105469,40.619998931884766,40.56999969482422,40.59999847412109,5862
2026-02-27 20:30:00,40.595001220703125,40.61000061035156,40.52999877929688,40.560001373291016,20742
2026-02-27 20:35:00,40.54499816894531,40.54999923706055,40.5099983215332,40.52999877929688,3434
2026-02-27 20:40:00,40.52999877929688,40.58000183105469,40.5099983215332,40.53499984741211,13532
2026-02-27 20:45:00,40.52000045776367,40.540000915527344,40.40999984741211,40.40999984741211,13843
2026-02-27 20:50:00,40.45000076293945,40.54499816894531,40.40999984741211,40.53499984741211,23046
2026-02-27 20:55:00,40.525001525878906,40.61000061035156,40.5099983215332,40.5099983215332,62553
2026-03-02 14:30:00,39.86000061035156,39.994998931884766,39.369998931884766,39.40499877929688,35105
2026-03-02 14:35:00,39.43999862670898,39.58000183105469,39.43999862670898,39.58000183105469,5720
2026-03-02 14:40:00,39.58000183105469,39.70000076293945,39.58000183105469,39.70000076293945,2651
2026-03-02 14:45:00,39.78499984741211,39.84000015258789,39.65999984741211,39.78499984741211,2417
2026-03-02 14:50:00,39.78499984741211,39.78499984741211,39.57500076293945,39.57500076293945,4010
2026-03-02 14:55:00,39.45000076293945,39.60499954223633,39.45000076293945,39.540000915527344,3745
2026-03-02 15:00:00,39.66999816894531,39.744998931884766,39.60499954223633,39.72999954223633,4308
2026-03-02 15:05:00,39.77999877929688,39.915000915527344,39.77999877929688,39.83000183105469,4795
2026-03-02 15:10:00,39.89500045776367,39.89500045776367,39.59999847412109,39.59999847412109,7059
2026-03-02 15:15:00,39.619998931884766,39.73759841918945,39.58000183105469,39.69499969482422,3353
2026-03-02 15:20:00,39.68999862670898,39.71929931640625,39.63999938964844,39.71929931640625,20801
2026-03-02 15:25:00,39.65999984741211,39.68000030517578,39.63999938964844,39.63999938964844,0
2026-03-02 15:30:00,39.63999938964844,39.77999877929688,39.63999938964844,39.68999862670898,6643
2026-03-02 15:35:00,39.69499969482422,39.82500076293945,39.68999862670898,39.82500076293945,2599
2026-03-02 15:40:00,39.82500076293945,39.93000030517578,39.810001373291016,39.93000030517578,2331
2026-03-02 15:45:00,39.95000076293945,40.02999877929688,39.95000076293945,40.02999877929688,3662
2026-03-02 15:50:00,40.03499984741211,40.04499816894531,39.97999954223633,39.97999954223633,6592
2026-03-02 15:55:00,39.935001373291016,40.02000045776367,39.935001373291016,39.95000076293945,4778
2026-03-02 16:00:00,39.93999862670898,40.05500030517578,39.93000030517578,40.05500030517578,2331
2026-03-02 16:05:00,40.02000045776367,40.02000045776367,39.869998931884766,39.95000076293945,3389
2026-03-02 16:10:00,39.93999862670898,40.0,39.900001525878906,39.91999816894531,2005
2026-03-02 16:15:00,39.88999938964844,39.93000030517578,39.86000061035156,39.86000061035156,2151
2026-03-02 16:20:00,39.821998596191406,39.88999938964844,39.81999969482422,39.88999938964844,4114
2026-03-02 16:25:00,39.91999816894531,39.91999816894531,39.84999847412109,39.84999847412109,3913
2026-03-02 16:30:00,39.84000015258789,39.875,39.81999969482422,39.845001220703125,2823
2026-03-02 16:35:00,39.8650016784668,39.90499877929688,39.84999847412109,39.880001068115234,1648
2026-03-02 16:40:00,39.85499954223633,39.875,39.77000045776367,39.875,10254
2026-03-02 16:45:00,39.84000015258789,39.880001068115234,39.84000015258789,39.86000061035156,1607
2026-03-02 16:50:00,39.88999938964844,39.91999816894531,39.84000015258789,39.84000015258789,3231
2026-03-02 16:55:00,39.83000183105469,39.86000061035156,39.810001373291016,39.86000061035156,3672
2026-03-02 17:00:00,39.88999938964844,39.93000030517578,39.88999938964844,39.91999816894531,2260
2026-03-02 17:05:00,39.95500183105469,39.95500183105469,39.91999816894531,39.93000030517578,1142
2026-03-02 17:10:00,39.93000030517578,40.02000045776367,39.88999938964844,40.02000045776367,2419
2026-03-02 17:15:00,40.02000045776367,40.06999969482422,39.994998931884766,40.06999969482422,4017
2026-03-02 17:20:00,40.08000183105469,40.08000183105469,40.0,40.040000915527344,2587
2026-03-02 17:25:00,40.040000915527344,40.040000915527344,39.9900016784668,39.9900016784668,3286
2026-03-02 17:30:00,39.994998931884766,40.025001525878906,39.99300003051758,40.025001525878906,1963
2026-03-02 17:35:00,40.025001525878906,40.0620002746582,40.0099983215332,40.0099983215332,2682
2026-03-02 17:40:00,39.9900016784668,40.0099983215332,39.9900016784668,40.0099983215332,1595
2026-03-02 17:45:00,40.02000045776367,40.060001373291016,40.0,40.060001373291016,1215
2026-03-02 17:50:00,40.04999923706055,40.11000061035156,40.04999923706055,40.11000061035156,4322
2026-03-02 17:55:00,40.09000015258789,40.09000015258789,40.02999877929688,40.06999969482422,2536
2026-03-02 18:00:00,40.119998931884766,40.130001068115234,40.119998931884766,40.130001068115234,501
2026-03-02 18:05:00,40.119998931884766,40.20000076293945,40.09999847412109,40.20000076293945,3508
2026-03-02 18:10:00,40.18999862670898,40.18999862670898,40.18000030517578,40.18000030517578,1652
2026-03-02 18:15:00,40.20000076293945,40.20000076293945,40.130001068115234,40.150001525878906,2336
2026-03-02 18:20:00,40.150001525878906,40.22999954223633,40.130001068115234,40.19499969482422,6538
2026-03-02 18:25:00,40.22999954223633,40.27000045776367,40.20500183105469,40.27000045776367,5440
2026-03-02 18:30:00,40.275001525878906,40.275001525878906,40.25,40.25,968
2026-03-02 18:35:00,40.27999877929688,40.31499862670898,40.275001525878906,40.30500030517578,3463
2026-03-02 18:40:00,40.27999877929688,40.27999877929688,40.18999862670898,40.25,8747
2026-03-02 18:45:00,40.18000030517578,40.18000030517578,40.16999816894531,40.16999816894531,4578
2026-03-02 18:50:00,40.22999954223633,40.22999954223633,40.16999816894531,40.16999816894531,3690
2026-03-02 18:55:00,40.17499923706055,40.209999084472656,40.14619827270508,40.209999084472656,4313
2026-03-02 19:00:00,40.18000030517578,40.18000030517578,40.17499923706055,40.17499923706055,1295
2026-03-02 19:05:00,40.20000076293945,40.20000076293945,40.11000061035156,40.15999984741211,4259
2026-03-02 19:10:00,40.165000915527344,40.22999954223633,40.165000915527344,40.22999954223633,4098
2026-03-02 19:15:00,40.22499847412109,40.290000915527344,40.22499847412109,40.290000915527344,2114
2026-03-02 19:20:00,40.29999923706055,40.34999847412109,40.27000045776367,40.27000045776367,3601
2026-03-02 19:25:00,40.27999877929688,40.33000183105469,40.220001220703125,40.32500076293945,3731
2026-03-02 19:30:00,40.36000061035156,40.38999938964844,40.345001220703125,40.38999938964844,1897
2026-03-02 19:35:00,40.44499969482422,40.45500183105469,40.34000015258789,40.34000015258789,4348
2026-03-02 19:40:00,40.31999969482422,40.380001068115234,40.31999969482422,40.369998931884766,3882
2026-03-02 19:45:00,40.35010147094727,40.375,40.34999847412109,40.34999847412109,3050
2026-03-02 19:50:00,40.34999847412109,40.40499877929688,40.34999847412109,40.40499877929688,4781
2026-03-02 19:55:00,40.40999984741211,40.40999984741211,40.40999984741211,40.40999984741211,1090
2026-03-02 20:00:00,40.39500045776367,40.45000076293945,40.39500045776367,40.40999984741211,110970
2026-03-02 20:05:00,40.415000915527344,40.415000915527344,40.33000183105469,40.33000183105469,5582
2026-03-02 20:10:00,40.290000915527344,40.290000915527344,40.2400016784668,40.244998931884766,12257
2026-03-02 20:15:00,40.22999954223633,40.36000061035156,40.22999954223633,40.34999847412109,5683
2026-03-02 20:20:00,40.31999969482422,40.43000030517578,40.290000915527344,40.43000030517578,6512
2026-03-02 20:25:00,40.43999862670898,40.56999969482422,40.40999984741211,40.54999923706055,12837
2026-03-02 20:30:00,40.54499816894531,40.56999969482422,40.52000045776367,40.560001373291016,7897
2026-03-02 20:35:00,40.56999969482422,40.59999847412109,40.540000915527344,40.57500076293945,11282
2026-03-02 20:40:00,40.56999969482422,40.56999969482422,40.52000045776367,40.52999877929688,15464
2026-03-02 20:45:00,40.54999923706055,40.59000015258789,40.54999923706055,40.58000183105469,10848
2026-03-02 20:50:00,40.59000015258789,40.834999084472656,40.59000015258789,40.81499862670898,63406
2026-03-02 20:55:00,40.79999923706055,40.810001373291016,40.66999816894531,40.78499984741211,114523
2026-03-03 14:30:00,39.63999938964844,40.07500076293945,39.400001525878906,39.48500061035156,16748
2026-03-03 14:35:00,39.48500061035156,39.48500061035156,39.27000045776367,39.31499862670898,3165
2026-03-03 14:40:00,39.31499862670898,39.459999084472656,39.0,39.02000045776367,12908
2026-03-03 14:45:00,39.025001525878906,39.15999984741211,38.95500183105469,39.10499954223633,6980
2026-03-03 14:50:00,38.9900016784668,38.9900016784668,38.67490005493164,38.7400016784668,22788
2026-03-03 14:55:00,38.79499816894531,38.79499816894531,38.68000030517578,38.70000076293945,3484
2026-03-03 15:00:00,38.78499984741211,38.78499984741211,38.540000915527344,38.65499877929688,7046
2026-03-03 15:05:00,38.650001525878906,38.650001525878906,38.43999862670898,38.64500045776367,9735
2026-03-03 15:10:00,38.63999938964844,38.84000015258789,38.6349983215332,38.7599983215332,5958
2026-03-03 15:15:00,38.755001068115234,38.76499938964844,38.630001068115234,38.630001068115234,16602
2026-03-03 15:20:00,38.709999084472656,38.79999923706055,38.630001068115234,38.77000045776367,6455
2026-03-03 15:25:00,38.83000183105469,39.0,38.83000183105469,38.875,12150
2026-03-03 15:30:00,38.875,38.93000030517578,38.59999847412109,38.59999847412109,27860
2026-03-03 15:35:00,38.61000061035156,38.720001220703125,38.595001220703125,38.71749877929688,5788
2026-03-03 15:40:00,38.665000915527344,38.7400016784668,38.665000915527344,38.7400016784668,3421
2026-03-03 15:45:00,38.665000915527344,38.72999954223633,38.58000183105469,38.59000015258789,18527
2026-03-03 15:50:00,38.650001525878906,38.650001525878906,38.45000076293945,38.45000076293945,18185
2026-03-03 15:55:00,38.459999084472656,38.54499816894531,38.40999984741211,38.52000045776367,11746
2026-03-03 16:00:00,38.54999923706055,38.72999954223633,38.54999923706055,38.685001373291016,20799
2026-03-03 16:05:00,38.67499923706055,38.790000915527344,38.650001525878906,38.77000045776367,10474
2026-03-03 16:10:00,38.80820083618164,38.93999862670898,38.790000915527344,38.93000030517578,5414
2026-03-03 16:15:00,38.935001373291016,39.04999923706055,38.8849983215332,38.8849983215332,24017
2026-03-03 16:20:00,38.8849983215332,38.97999954223633,38.8849983215332,38.959999084472656,5485
2026-03-03 16:25:00,38.959999084472656,39.0,38.900001525878906,38.97999954223633,11815
2026-03-03 16:30:00,38.90439987182617,38.915000915527344,38.845001220703125,38.845001220703125,6205
2026-03-03 16:35:00,38.85499954223633,39.02999877929688,38.85499954223633,39.02000045776367,11738
2026-03-03 16:40:00,39.025001525878906,39.09999847412109,38.9900016784668,39.09999847412109,11128
2026-03-03 16:45:00,39.13999938964844,39.27000045776367,39.13999938964844,39.27000045776367,3457
2026-03-03 16:50:00,39.27000045776367,39.36000061035156,39.18000030517578,39.2400016784668,26109
2026-03-03 16:55:00,39.21500015258789,39.25,39.16999816894531,39.16999816894531,7945
2026-03-03 17:00:00,39.119998931884766,39.16999816894531,39.08000183105469,39.15999984741211,9327
2026-03-03 17:05:00,39.16999816894531,39.290000915527344,39.16999816894531,39.25,7813
2026-03-03 17:10:00,39.23500061035156,39.380001068115234,39.23500061035156,39.380001068115234,12224
2026-03-03 17:15:00,39.380001068115234,39.470001220703125,39.380001068115234,39.470001220703125,3856
2026-03-03 17:20:00,39.560001373291016,39.72999954223633,39.560001373291016,39.70000076293945,3453
2026-03-03 17:25:00,39.70000076293945,39.70000076293945,39.595001220703125,39.63999938964844,5096
2026-03-03 17:30:00,39.650001525878906,39.68999862670898,39.61000061035156,39.630001068115234,12490
2026-03-03 17:35:00,39.66999816894531,39.77000045776367,39.65999984741211,39.75,3912
2026-03-03 17:40:00,39.7599983215332,39.95000076293945,39.7599983215332,39.95000076293945,8590
2026-03-03 17:45:00,39.95000076293945,40.0,39.95000076293945,40.0,12584
2026-03-03 17:50:00,40.0,40.04999923706055,39.959999084472656,39.97499847412109,6704
2026-03-03 17:55:00,39.98500061035156,40.06999969482422,39.98500061035156,40.06999969482422,2487
2026-03-03 18:00:00,40.060001373291016,40.09000015258789,40.060001373291016,40.06999969482422,3129
2026-03-03 18:05:00,40.02000045776367,40.060001373291016,40.02000045776367,40.060001373291016,2190
2026-03-03 18:10:00,40.07500076293945,40.07500076293945,40.0,40.0,3258
2026-03-03 18:15:00,40.04999923706055,40.08000183105469,40.04999923706055,40.08000183105469,2853
2026-03-03 18:20:00,40.08000183105469,40.13999938964844,40.08000183105469,40.13999938964844,3949
2026-03-03 18:25:00,40.13999938964844,40.18000030517578,40.13999938964844,40.18000030517578,1611
2026-03-03 18:30:00,40.13999938964844,40.22999954223633,40.13999938964844,40.22999954223633,7600
2026-03-03 18:35:00,40.22999954223633,40.22999954223633,40.14500045776367,40.20500183105469,4839
2026-03-03 18:40:00,40.25,40.2599983215332,40.20000076293945,40.20500183105469,2619
2026-03-03 18:45:00,40.21500015258789,40.310001373291016,40.21500015258789,40.310001373291016,5286
2026-03-03 18:50:00,40.27000045776367,40.27000045776367,40.220001220703125,40.255001068115234,2967
2026-03-03 18:55:00,40.28990173339844,40.29999923706055,40.22999954223633,40.2400016784668,6644
2026-03-03 19:00:00,40.244998931884766,40.27999877929688,40.165000915527344,40.27999877929688,6836
2026-03-03 19:05:00,40.220001220703125,40.25970077514648,40.18999862670898,40.25,3440
2026-03-03 19:10:00,40.27999877929688,40.310001373291016,40.27999877929688,40.310001373291016,4350
2026-03-03 19:15:00,40.34000015258789,40.369998931884766,40.34000015258789,40.369998931884766,3471
2026-03-03 19:20:00,40.400001525878906,40.43999862670898,40.34999847412109,40.34999847412109,4942
2026-03-03 19:25:00,40.34999847412109,40.369998931884766,40.29499816894531,40.29499816894531,3933
2026-03-03 19:30:00,40.27999877929688,40.36000061035156,40.209999084472656,40.255001068115234,5195
2026-03-03 19:35:00,40.22999954223633,40.36000061035156,40.22999954223633,40.27999877929688,5485
2026-03-03 19:40:00,40.29499816894531,40.5,40.29499816894531,40.400001525878906,26744
2026-03-03 19:45:00,40.400001525878906,40.4900016784668,40.400001525878906,40.48500061035156,6708
2026-03-03 19:50:00,40.48500061035156,40.540000915527344,40.41999816894531,40.41999816894531,2407
2026-03-03 19:55:00,40.45500183105469,40.48759841918945,40.32500076293945,40.32500076293945,4979
2026-03-03 20:00:00,40.33050155639648,40.400001525878906,40.33050155639648,40.38999938964844,5042
2026-03-03 20:05:00,40.38999938964844,40.45989990234375,40.369998931884766,40.369998931884766,9821
2026-03-03 20:10:00,40.42499923706055,40.470001220703125,40.34000015258789,40.34000015258789,7820
2026-03-03 20:15:00,40.2599983215332,40.43000030517578,40.22999954223633,40.43000030517578,17091
2026-03-03 20:20:00,40.34000015258789,40.459999084472656,40.34000015258789,40.400001525878906,6722
2026-03-03 20:25:00,40.47999954223633,40.47999954223633,40.290000915527344,40.290000915527344,6316
2026-03-03 20:30:00,40.29999923706055,40.38999938964844,40.25,40.26499938964844,10574
2026-03-03 20:35:00,40.26499938964844,40.29759979248047,40.220001220703125,40.22999954223633,23893
2026-03-03 20:40:00,40.22999954223633,40.22999954223633,39.91999816894531,39.93000030517578,22230
2026-03-03 20:45:00,39.95000076293945,39.9900016784668,39.77999877929688,39.81999969482422,22915
2026-03-03 20:50:00,39.86000061035156,39.900001525878906,39.75,39.77000045776367,36361
2026-03-03 20:55:00,39.84999847412109,40.02000045776367,39.70000076293945,40.0,126906
2026-03-04 14:30:00,40.34000015258789,40.34000015258789,40.02999877929688,40.02999877929688,0
2026-03-04 14:35:00,40.040000915527344,40.040000915527344,40.040000915527344,40.040000915527344,261
2026-03-04 14:40:00,40.040000915527344,40.040000915527344,39.77999877929688,39.77999877929688,2360
2026-03-04 14:45:00,39.630001068115234,39.650001525878906,39.34999847412109,39.34999847412109,1531
2026-03-04 14:50:00,39.470001220703125,39.65999984741211,39.400001525878906,39.58000183105469,8162
2026-03-04 14:55:00,39.55500030517578,39.60499954223633,39.52000045776367,39.60499954223633,2367
2026-03-04 15:00:00,39.70000076293945,39.81999969482422,39.59999847412109,39.67499923706055,17325
2026-03-04 15:05:00,39.720001220703125,39.84000015258789,39.65999984741211,39.84000015258789,15936
2026-03-04 15:10:00,39.790000915527344,39.869998931884766,39.70000076293945,39.75,17604
2026-03-04 15:15:00,39.77999877929688,39.79499816894531,39.67499923706055,39.709999084472656,10832
2026-03-04 15:20:00,39.70000076293945,39.7400016784668,39.650001525878906,39.69499969482422,11630
2026-03-04 15:25:00,39.70000076293945,39.7599983215332,39.650001525878906,39.650001525878906,6548
2026-03-04 15:30:00,39.650001525878906,39.810001373291016,39.650001525878906,39.755001068115234,7667
2026-03-04 15:35:00,39.7599983215332,39.81999969482422,39.72999954223633,39.810001373291016,7347
2026-03-04 15:40:00,39.790000915527344,39.81999969482422,39.7599983215332,39.79499816894531,5847
2026-03-04 15:45:00,39.79999923706055,39.95000076293945,39.79999923706055,39.900001525878906,9310
2026-03-04 15:50:00,39.900001525878906,39.95000076293945,39.84000015258789,39.89500045776367,21425
2026-03-04 15:55:00,39.89500045776367,39.91999816894531,39.79499816894531,39.79499816894531,7047
2026-03-04 16:00:00,39.81999969482422,39.81999969482422,39.77999877929688,39.790000915527344,5426
2026-03-04 16:05:00,39.790000915527344,39.810001373291016,39.7400016784668,39.810001373291016,6969
2026-03-04 16:10:00,39.79999923706055,39.80500030517578,39.66999816894531,39.68000030517578,12521
2026-03-04 16:15:00,39.67499923706055,39.77999877929688,39.64469909667969,39.755001068115234,8758
2026-03-04 16:20:00,39.720001220703125,39.97999954223633,39.70500183105469,39.97999954223633,4853
2026-03-04 16:25:00,39.900001525878906,39.900001525878906,39.75,39.775001525878906,4974
2026-03-04 16:30:00,39.720001220703125,39.85499954223633,39.720001220703125,39.85499954223633,2116
2026-03-04 16:35:00,39.81999969482422,39.84000015258789,39.77000045776367,39.790000915527344,4108
2026-03-04 16:40:00,39.790000915527344,39.810001373291016,39.76499938964844,39.810001373291016,3066
2026-03-04 16:45:00,39.790000915527344,39.90999984741211,39.790000915527344,39.90999984741211,8634
2026-03-04 16:50:00,39.92499923706055,39.959999084472656,39.92499923706055,39.959999084472656,1497
2026-03-04 16:55:00,39.98500061035156,39.9900016784668,39.98500061035156,39.9900016784668,1713
2026-03-04 17:00:00,39.91999816894531,39.994998931884766,39.91999816894531,39.994998931884766,1879
2026-03-04 17:05:00,39.994998931884766,39.994998931884766,39.994998931884766,39.994998931884766,1056
2026-03-04 17:10:00,39.959999084472656,40.0,39.959999084472656,39.97999954223633,1982
2026-03-04 17:15:00,39.959999084472656,40.040000915527344,39.95000076293945,39.95000076293945,6265
2026-03-04 17:20:00,39.93999862670898,39.93999862670898,39.93999862670898,39.93999862670898,260
2026-03-04 17:25:00,39.93000030517578,39.970001220703125,39.89500045776367,39.89500045776367,3700
2026-03-04 17:30:00,39.89500045776367,39.95000076293945,39.88999938964844,39.92499923706055,4599
2026-03-04 17:35:00,39.93000030517578,40.0,39.93000030517578,39.98500061035156,4000
2026-03-04 17:40:00,39.959999084472656,39.959999084472656,39.93000030517578,39.93000030517578,2067
2026-03-04 17:45:00,39.93000030517578,39.9900016784668,39.93000030517578,39.97499847412109,4531
2026-03-04 17:50:00,40.0099983215332,40.060001373291016,39.97999954223633,40.025001525878906,5698
2026-03-04 17:55:00,40.025001525878906,40.040000915527344,40.0099983215332,40.040000915527344,4230
2026-03-04 18:00:00,40.0099983215332,40.02000045776367,39.869998931884766,39.93999862670898,6007
2026-03-04 18:05:00,39.93999862670898,39.94499969482422,39.880001068115234,39.88999938964844,3749
2026-03-04 18:10:00,40.0,40.040000915527344,40.0,40.040000915527344,2100
2026-03-04 18:15:00,40.06499862670898,40.06999969482422,40.02999877929688,40.02999877929688,1828
2026-03-04 18:20:00,40.040000915527344,40.06999969482422,39.959999084472656,40.06999969482422,3095
2026-03-04 18:25:00,40.0525016784668,40.119998931884766,40.02999877929688,40.09999847412109,4469
2026-03-04 18:30:00,40.11090087890625,40.11090087890625,40.02999877929688,40.02999877929688,1485
2026-03-04 18:35:00,40.06499862670898,40.11000061035156,40.06499862670898,40.09000015258789,21355
2026-03-04 18:40:00,40.095001220703125,40.130001068115234,39.93999862670898,39.93999862670898,6959
2026-03-04 18:45:00,39.96500015258789,40.04999923706055,39.959999084472656,40.04999923706055,3651
2026-03-04 18:50:00,40.04999923706055,40.04999923706055,40.04999923706055,40.04999923706055,2190
2026-03-04 18:55:00,40.09999847412109,40.09999847412109,40.06499862670898,40.095001220703125,5174
2026-03-04 19:00:00,40.095001220703125,40.095001220703125,40.04999923706055,40.04999923706055,3672
2026-03-04 19:05:00,40.04999923706055,40.21500015258789,40.04999923706055,40.21500015258789,5151
2026-03-04 19:10:00,40.220001220703125,40.27999877929688,40.16999816894531,40.27999877929688,5248
2026-03-04 19:15:00,40.26499938964844,40.31990051269531,40.22859954833984,40.22999954223633,3900
2026-03-04 19:20:00,40.275001525878906,40.334999084472656,40.22999954223633,40.334999084472656,2292
2026-03-04 19:25:00,40.34000015258789,40.38999938964844,40.290000915527344,40.34000015258789,2262
2026-03-04 19:30:00,40.334999084472656,40.38999938964844,40.334999084472656,40.35499954223633,3396
2026-03-04 19:35:00,40.369998931884766,40.369998931884766,40.334999084472656,40.334999084472656,4107
2026-03-04 19:40:00,40.34999847412109,40.39899826049805,40.34999847412109,40.3650016784668,5258
2026-03-04 19:45:00,40.3650016784668,40.3650016784668,40.33000183105469,40.33000183105469,830
2026-03-04 19:50:00,40.33000183105469,40.41999816894531,40.33000183105469,40.375,8488
2026-03-04 19:55:00,40.369998931884766,40.400001525878906,40.34999847412109,40.400001525878906,5208
2026-03-04 20:00:00,40.400001525878906,40.40499877929688,40.33000183105469,40.33000183105469,15616
2026-03-04 20:05:00,40.345001220703125,40.34999847412109,40.27999877929688,40.310001373291016,10956
2026-03-04 20:10:00,40.29999923706055,40.29999923706055,40.275001525878906,40.28499984741211,3012
2026-03-04 20:15:00,40.27999877929688,40.27999877929688,40.275001525878906,40.27999877929688,2498
2026-03-04 20:20:00,40.27999877929688,40.31999969482422,40.275001525878906,40.29999923706055,7055
2026-03-04 20:25:00,40.29999923706055,40.36000061035156,40.29999923706055,40.36000061035156,6983
2026-03-04 20:30:00,40.38999938964844,40.43000030517578,40.36000061035156,40.36000061035156,13491
2026-03-04 20:35:00,40.38999938964844,40.5099983215332,40.38999938964844,40.5099983215332,8249
2026-03-04 20:40:00,40.47999954223633,40.59000015258789,40.47999954223633,40.540000915527344,12989
2026-03-04 20:45:00,40.55500030517578,40.560001373291016,40.40499877929688,40.40499877929688,37734
2026-03-04 20:50:00,40.40499877929688,40.54999923706055,40.40499877929688,40.54999923706055,34398
2026-03-04 20:55:00,40.505001068115234,40.630001068115234,40.5,40.52999877929688,124740
2026-03-05 14:30:00,40.22999954223633,40.52000045776367,39.75,40.0,759782
2026-03-05 14:35:00,40.209999084472656,40.59000015258789,39.7599983215332,40.1150016784668,4343
2026-03-05 14:40:00,40.290000915527344,40.290000915527344,40.09000015258789,40.09000015258789,751
2026-03-05 14:45:00,40.060001373291016,40.15499877929688,39.970001220703125,39.970001220703125,3691
2026-03-05 14:50:00,40.130001068115234,40.3650016784668,40.130001068115234,40.334999084472656,5162
2026-03-05 15:00:00,40.09999847412109,40.310001373291016,40.09000015258789,40.11000061035156,3826
2026-03-05 15:05:00,40.09000015258789,40.30500030517578,40.09000015258789,40.26499938964844,7793
2026-03-05 15:10:00,40.08000183105469,40.209999084472656,39.93999862670898,40.14500045776367,8591
2026-03-05 15:15:00,40.02999877929688,40.14500045776367,40.0,40.0,3157
2026-03-05 15:20:00,40.0,40.14500045776367,40.0,40.08000183105469,1855
2026-03-05 15:25:00,40.09999847412109,40.2400016784668,39.93999862670898,40.22999954223633,18397
2026-03-05 15:30:00,40.22999954223633,40.22999954223633,40.1150016784668,40.119998931884766,12695
2026-03-05 15:35:00,40.119998931884766,40.119998931884766,39.90999984741211,39.94499969482422,3888
2026-03-05 15:40:00,40.03499984741211,40.03499984741211,39.81999969482422,39.915000915527344,3602
2026-03-05 15:45:00,39.81999969482422,39.90999984741211,39.81999969482422,39.880001068115234,1624
2026-03-05 15:50:00,39.935001373291016,40.060001373291016,39.90999984741211,40.05500030517578,11825
2026-03-05 15:55:00,40.06999969482422,40.15999984741211,40.04999923706055,40.15999984741211,4220
2026-03-05 16:00:00,40.15999984741211,40.18000030517578,40.09999847412109,40.09999847412109,4889
2026-03-05 16:05:00,40.0099983215332,40.04499816894531,40.0099983215332,40.02999877929688,5256
2026-03-05 16:10:00,40.02999877929688,40.09999847412109,39.91999816894531,40.04999923706055,8240
2026-03-05 16:15:00,40.02000045776367,40.06999969482422,39.95500183105469,40.06999969482422,5326
2026-03-05 16:20:00,40.07500076293945,40.08000183105469,39.90999984741211,39.90999984741211,4473
2026-03-05 16:25:00,40.02999877929688,40.130001068115234,40.02999877929688,40.130001068115234,3275
2026-03-05 16:30:00,40.13999938964844,40.20000076293945,40.125,40.150001525878906,14372
2026-03-05 16:35:00,40.15999984741211,40.209999084472656,40.09000015258789,40.15999984741211,3085
2026-03-05 16:40:00,40.17499923706055,40.21599960327149,40.08000183105469,40.1150016784668,7935
2026-03-05 16:45:00,40.130001068115234,40.13999938964844,40.10850143432617,40.10850143432617,1828
2026-03-05 16:50:00,40.18000030517578,40.18000030517578,40.06999969482422,40.16999816894531,7031
2026-03-05 16:55:00,40.185001373291016,40.220001220703125,40.185001373291016,40.220001220703125,2451
2026-03-05 17:00:00,40.22999954223633,40.2599983215332,40.209999084472656,40.2599983215332,2007
2026-03-05 17:05:00,40.2400016784668,40.25,40.18999862670898,40.220001220703125,3988
2026-03-05 17:10:00,40.18999862670898,40.22499847412109,40.15499877929688,40.22499847412109,5399
2026-03-05 17:15:00,40.18000030517578,40.2400016784668,40.18000030517578,40.20249938964844,3097
2026-03-05 17:20:00,40.2400016784668,40.27000045776367,40.2400016784668,40.25,1471
2026-03-05 17:25:00,40.2599983215332,40.2599983215332,40.16999816894531,40.209999084472656,2896
2026-03-05 17:30:00,40.2150993347168,40.31999969482422,40.21500015258789,40.290000915527344,7553
2026-03-05 17:35:00,40.255001068115234,40.29999923706055,40.209999084472656,40.29999923706055,3656
2026-03-05 17:40:00,40.220001220703125,40.26499938964844,40.10499954223633,40.10499954223633,10263
2026-03-05 17:45:00,40.084999084472656,40.09000015258789,39.90999984741211,39.959999084472656,19949
2026-03-05 17:50:00,39.91999816894531,39.91999816894531,39.810001373291016,39.83000183105469,4754
2026-03-05 17:55:00,39.83000183105469,39.90999984741211,39.77000045776367,39.90999984741211,9942
2026-03-05 18:00:00,39.86000061035156,39.86000061035156,39.720001220703125,39.77000045776367,3751
2026-03-05 18:05:00,39.782501220703125,39.84999847412109,39.7400016784668,39.84999847412109,3382
2026-03-05 18:10:00,39.81999969482422,39.86000061035156,39.790000915527344,39.81499862670898,4905
2026-03-05 18:15:00,39.810001373291016,39.94499969482422,39.810001373291016,39.90999984741211,6102
2026-03-05 18:20:00,39.880001068115234,40.02999877929688,39.84000015258789,39.94499969482422,12493
2026-03-05 18:25:00,39.98500061035156,40.02000045776367,39.959999084472656,39.959999084472656,4015
2026-03-05 18:30:00,40.06999969482422,40.06999969482422,40.04999923706055,40.04999923706055,3547
2026-03-05 18:35:00,40.04999923706055,40.09000015258789,40.04999923706055,40.06999969482422,7519
2026-03-05 18:40:00,40.119998931884766,40.220001220703125,40.119998931884766,40.17499923706055,2379
2026-03-05 18:45:00,40.18999862670898,40.2400016784668,40.18000030517578,40.23500061035156,5279
2026-03-05 18:50:00,40.23500061035156,40.23500061035156,40.22499847412109,40.22499847412109,2667
2026-03-05 18:55:00,40.22499847412109,40.31999969482422,40.22499847412109,40.31999969482422,10026
2026-03-05 19:00:00,40.310001373291016,40.31999969482422,40.23500061035156,40.23500061035156,7684
2026-03-05 19:05:00,40.23500061035156,40.24250030517578,40.23500061035156,40.23500061035156,4146
2026-03-05 19:10:00,40.23500061035156,40.27000045776367,40.20000076293945,40.25249862670898,9603
2026-03-05 19:15:00,40.244998931884766,40.2599983215332,40.20000076293945,40.2599983215332,5389
2026-03-05 19:20:00,40.2599983215332,40.32500076293945,40.185001373291016,40.20500183105469,17586
2026-03-05 19:25:00,40.18999862670898,40.18999862670898,40.06999969482422,40.11000061035156,5818
2026-03-05 19:30:00,40.06999969482422,40.119998931884766,40.02999877929688,40.119998931884766,5461
2026-03-05 19:35:00,40.150001525878906,40.220001220703125,40.119998931884766,40.17499923706055,3761
2026-03-05 19:40:00,40.16999816894531,40.2400016784668,40.1619987487793,40.185001373291016,5546
2026-03-05 19:45:00,40.18000030517578,40.220001220703125,40.13999938964844,40.17499923706055,5358
2026-03-05 19:50:00,40.125,40.16999816894531,40.10499954223633,40.13999938964844,5260
2026-03-05 19:55:00,40.130001068115234,40.16999816894531,40.119998931884766,40.125,5023
2026-03-05 20:00:00,40.165000915527344,40.18000030517578,40.09799957275391,40.1349983215332,9327
2026-03-05 20:05:00,40.18000030517578,40.220001220703125,40.16999816894531,40.220001220703125,4334
2026-03-05 20:10:00,40.22999954223633,40.27280044555664,40.22999954223633,40.27280044555664,3171
2026-03-05 20:15:00,40.25,40.25,40.185001373291016,40.220001220703125,10418
2026-03-05 20:20:00,40.220001220703125,40.29999923706055,40.220001220703125,40.29999923706055,5342
2026-03-05 20:25:00,40.34000015258789,40.34000015258789,40.31999969482422,40.32500076293945,4794
2026-03-05 20:30:00,40.29999923706055,40.36000061035156,40.290000915527344,40.34999847412109,13089
2026-03-05 20:35:00,40.34999847412109,40.36000061035156,40.32500076293945,40.334999084472656,9777
2026-03-05 20:40:00,40.36000061035156,40.3849983215332,40.36000061035156,40.380001068115234,10437
2026-03-05 20:45:00,40.3849983215332,40.470001220703125,40.375,40.44499969482422,13772
2026-03-05 20:50:00,40.470001220703125,40.59000015258789,40.45000076293945,40.584999084472656,34178
2026-03-05 20:55:00,40.595001220703125,40.595001220703125,40.43000030517578,40.4900016784668,67589
2026-03-06 14:30:00,40.0,40.20000076293945,39.68000030517578,39.68000030517578,35475
2026-03-06 14:35:00,39.72999954223633,39.790000915527344,39.650001525878906,39.650001525878906,2531
2026-03-06 14:40:00,39.650001525878906,39.68000030517578,39.380001068115234,39.380001068115234,2944
2026-03-06 14:45:00,39.18999862670898,39.63999938964844,39.18999862670898,39.63999938964844,16126
2026-03-06 14:50:00,39.44499969482422,39.44499969482422,39.18999862670898,39.41999816894531,7816
2026-03-06 14:55:00,39.41999816894531,39.41999816894531,39.09000015258789,39.31499862670898,13700
2026-03-06 15:00:00,39.310001373291016,39.5099983215332,39.08000183105469,39.290000915527344,11348
2026-03-06 15:05:00,39.290000915527344,39.290000915527344,39.09000015258789,39.09999847412109,7233
2026-03-06 15:10:00,39.2599983215332,39.380001068115234,39.150001525878906,39.380001068115234,15245
2026-03-06 15:15:00,39.310001373291016,39.310001373291016,39.220001220703125,39.22010040283203,5684
2026-03-06 15:20:00,39.220001220703125,39.29999923706055,39.220001220703125,39.29499816894531,2077
2026-03-06 15:25:00,39.209999084472656,39.28499984741211,39.209999084472656,39.28499984741211,3055
2026-03-06 15:30:00,39.33000183105469,39.380001068115234,39.290000915527344,39.380001068115234,7592
2026-03-06 15:35:00,39.43000030517578,39.52000045776367,39.43000030517578,39.4900016784668,4521
2026-03-06 15:40:00,39.400001525878906,39.619998931884766,39.38999938964844,39.619998931884766,6662
2026-03-06 15:45:00,39.525001525878906,39.61000061035156,39.45000076293945,39.45000076293945,3729
2026-03-06 15:50:00,39.459999084472656,39.494998931884766,39.275001525878906,39.275001525878906,12791
2026-03-06 15:55:00,39.33000183105469,39.45000076293945,39.31999969482422,39.45000076293945,5527
2026-03-06 16:00:00,39.4900016784668,39.65999984741211,39.47499847412109,39.65999984741211,4920
2026-03-06 16:05:00,39.650001525878906,39.650001525878906,39.34000015258789,39.5099983215332,4013
2026-03-06 16:10:00,39.41999816894531,39.47999954223633,39.41999816894531,39.459999084472656,3903
2026-03-06 16:15:00,39.459999084472656,39.4900016784668,39.400001525878906,39.40999984741211,6998
2026-03-06 16:20:00,39.43000030517578,39.43999862670898,39.11000061035156,39.18000030517578,51195
2026-03-06 16:25:00,39.20309829711914,39.27000045776367,39.165000915527344,39.20000076293945,8763
2026-03-06 16:30:00,39.220001220703125,39.220001220703125,39.04999923706055,39.04999923706055,4147
2026-03-06 16:35:00,39.005001068115234,39.09000015258789,38.994998931884766,39.04999923706055,5316
2026-03-06 16:40:00,39.04999923706055,39.220001220703125,39.0099983215332,39.220001220703125,17303
2026-03-06 16:45:00,39.209999084472656,39.209999084472656,39.15999984741211,39.20000076293945,6313
2026-03-06 16:50:00,39.18999862670898,39.20989990234375,39.130001068115234,39.130001068115234,23617
2026-03-06 16:55:00,39.1150016784668,39.25,39.1150016784668,39.25,5242
2026-03-06 17:00:00,39.18999862670898,39.310001373291016,39.18999862670898,39.310001373291016,5602
2026-03-06 17:05:00,39.2599983215332,39.29999923706055,39.2599983215332,39.28499984741211,1888
2026-03-06 17:10:00,39.310001373291016,39.310001373291016,39.22999954223633,39.26499938964844,2215
2026-03-06 17:15:00,39.29999923706055,39.3650016784668,39.290000915527344,39.3650016784668,6060
2026-03-06 17:20:00,39.38999938964844,39.43000030517578,39.38999938964844,39.40999984741211,3346
2026-03-06 17:25:00,39.40999984741211,39.40999984741211,39.27999877929688,39.31499862670898,4217
2026-03-06 17:30:00,39.26539993286133,39.369998931884766,39.26539993286133,39.369998931884766,2448
2026-03-06 17:35:00,39.380001068115234,39.38999938964844,39.36000061035156,39.36000061035156,1632
2026-03-06 17:40:00,39.34999847412109,39.34999847412109,39.18000030517578,39.2400016784668,7820
2026-03-06 17:45:00,39.22999954223633,39.27999877929688,39.22999954223633,39.27999877929688,1835
2026-03-06 17:50:00,39.36000061035156,39.369998931884766,39.290000915527344,39.30500030517578,7683
2026-03-06 17:55:00,39.34000015258789,39.34000015258789,39.310001373291016,39.31499862670898,3615
2026-03-06 18:00:00,39.34999847412109,39.369998931884766,39.29999923706055,39.334999084472656,5721
2026-03-06 18:05:00,39.33000183105469,39.34000015258789,39.33000183105469,39.34000015258789,2392
2026-03-06 18:10:00,39.400001525878906,39.5099983215332,39.380001068115234,39.5,8557
2026-03-06 18:15:00,39.470001220703125,39.540000915527344,39.470001220703125,39.540000915527344,2746
2026-03-06 18:20:00,39.52000045776367,39.52000045776367,39.38999938964844,39.40499877929688,5930
2026-03-06 18:25:00,39.40999984741211,39.470001220703125,39.400001525878906,39.43999862670898,6584
2026-03-06 18:30:00,39.43000030517578,39.43000030517578,39.35499954223633,39.38600158691406,5219
2026-03-06 18:35:00,39.400001525878906,39.40999984741211,39.33000183105469,39.400001525878906,6138
2026-03-06 18:40:00,39.369998931884766,39.43999862670898,39.36000061035156,39.435001373291016,3819
2026-03-06 18:45:00,39.43000030517578,39.45000076293945,39.400001525878906,39.44499969482422,4380
2026-03-06 18:50:00,39.45000076293945,39.45000076293945,39.38999938964844,39.415000915527344,10462
2026-03-06 18:55:00,39.43999862670898,39.5099983215332,39.43000030517578,39.43000030517578,6927
2026-03-06 19:00:00,39.459999084472656,39.459999084472656,39.41999816894531,39.43999862670898,3439
2026-03-06 19:05:00,39.400001525878906,39.43000030517578,39.400001525878906,39.40499877929688,3333
2026-03-06 19:10:00,39.40499877929688,39.470001220703125,39.40499877929688,39.43000030517578,4255
2026-03-06 19:15:00,39.39500045776367,39.4005012512207,39.34999847412109,39.39500045776367,4740
2026-03-06 19:20:00,39.40499877929688,39.40499877929688,39.369998931884766,39.3849983215332,6061
2026-03-06 19:25:00,39.345001220703125,39.435001373291016,39.29499816894531,39.40999984741211,6449
2026-03-06 19:30:00,39.40999984741211,39.42499923706055,39.40499877929688,39.42499923706055,2699
2026-03-06 19:35:00,39.42499923706055,39.4900016784668,39.42499923706055,39.470001220703125,5596
2026-03-06 19:40:00,39.46500015258789,39.52999877929688,39.46500015258789,39.47999954223633,6592
2026-03-06 19:45:00,39.43999862670898,39.47499847412109,39.430301666259766,39.45000076293945,4093
2026-03-06 19:50:00,39.40999984741211,39.45000076293945,39.3650016784668,39.442501068115234,4791
2026-03-06 19:55:00,39.43999862670898,39.52000045776367,39.43999862670898,39.52000045776367,4471
2026-03-06 20:00:00,39.52999877929688,39.52999877929688,39.5,39.5,4283
2026-03-06 20:05:00,39.54999923706055,39.560001373291016,39.52000045776367,39.54499816894531,4539
2026-03-06 20:10:00,39.52000045776367,39.52000045776367,39.4900016784668,39.4900016784668,2214
2026-03-06 20:15:00,39.47999954223633,39.52000045776367,39.47999954223633,39.52000045776367,5834
2026-03-06 20:20:00,39.53400039672852,39.56999969482422,39.5099983215332,39.56999969482422,7211
2026-03-06 20:25:00,39.59999847412109,39.59999847412109,39.560001373291016,39.595001220703125,5857
2026-03-06 20:30:00,39.56999969482422,39.61000061035156,39.56999969482422,39.59999847412109,6609
2026-03-06 20:35:00,39.61000061035156,39.61000061035156,39.560001373291016,39.59000015258789,5457
2026-03-06 20:40:00,39.56999969482422,39.619998931884766,39.56999969482422,39.61000061035156,14493
2026-03-06 20:45:00,39.584999084472656,39.61000061035156,39.52000045776367,39.52999877929688,8440
2026-03-06 20:50:00,39.5099983215332,39.56999969482422,39.470001220703125,39.5,19266
2026-03-06 20:55:00,39.5,39.52999877929688,39.47999954223633,39.4900016784668,48782
