timestamp,Open,High,Low,Close,Volume
2026-01-07 14:30:00,42.77000045776367,42.81999969482422,42.505001068115234,42.59000015258789,10541
2026-01-07 14:35:00,42.58000183105469,42.58000183105469,42.52999877929688,42.56999969482422,2770
2026-01-07 14:40:00,42.540000915527344,42.540000915527344,42.4900016784668,42.49599838256836,1847
2026-01-07 14:45:00,42.47999954223633,42.68999862670898,42.470001220703125,42.59000015258789,5023
2026-01-07 14:50:00,42.59000015258789,42.595001220703125,42.58000183105469,42.595001220703125,1452
2026-01-07 14:55:00,42.59999847412109,42.69499969482422,42.59999847412109,42.65999984741211,2350
2026-01-07 15:00:00,42.58000183105469,42.65999984741211,42.435001373291016,42.435001373291016,8805
2026-01-07 15:05:00,42.435001373291016,42.43999862670898,42.380001068115234,42.400001525878906,2134
2026-01-07 15:10:00,42.34999847412109,42.38999938964844,42.28499984741211,42.28499984741211,13095
2026-01-07 15:15:00,42.275001525878906,42.290000915527344,42.25,42.25,3177
2026-01-07 15:20:00,42.2599983215332,42.2599983215332,42.17499923706055,42.209999084472656,7551
2026-01-07 15:25:00,42.2400016784668,42.25,42.22999954223633,42.244998931884766,7754
2026-01-07 15:30:00,42.209999084472656,42.2599983215332,42.20000076293945,42.2599983215332,4452
2026-01-07 15:35:00,42.220001220703125,42.31999969482422,42.220001220703125,42.31999969482422,3375
2026-01-07 15:40:00,42.369998931884766,42.369998931884766,42.310001373291016,42.32500076293945,2219
2026-01-07 15:45:00,42.31999969482422,42.34999847412109,42.27000045776367,42.27000045776367,4161
2026-01-07 15:55:00,42.31999969482422,42.31999969482422,42.31999969482422,42.31999969482422,5657
2026-01-07 16:00:00,42.29999923706055,42.30500030517578,42.25,42.27000045776367,4760
2026-01-07 16:05:00,42.2333984375,42.25360107421875,42.20000076293945,42.22499847412109,5569
2026-01-07 16:10:00,42.22499847412109,42.2400016784668,42.20500183105469,42.20500183105469,2571
2026-01-07 16:15:00,42.22999954223633,42.27999877929688,42.22999954223633,42.2599983215332,4904
2026-01-07 16:20:00,42.2599983215332,42.27000045776367,42.220001220703125,42.27000045776367,4613
2026-01-07 16:25:00,42.25,42.2598991394043,42.220001220703125,42.220001220703125,1990
2026-01-07 16:30:00,42.22499847412109,42.22999954223633,42.209999084472656,42.22499847412109,2619
2026-01-07 16:35:00,42.22499847412109,42.25,42.20500183105469,42.22999954223633,5691
2026-01-07 16:40:00,42.2400016784668,42.33000183105469,42.2400016784668,42.33000183105469,22404
2026-01-07 16:45:00,42.28499984741211,42.290000915527344,42.22999954223633,42.290000915527344,5271
2026-01-07 16:50:00,42.290000915527344,42.290000915527344,42.25,42.25,5084
2026-01-07 16:55:00,42.25,42.27999877929688,42.25,42.2599983215332,3356
2026-01-07 17:00:00,42.27000045776367,42.29999923706055,42.27000045776367,42.29499816894531,2740
2026-01-07 17:05:00,42.29499816894531,42.31999969482422,42.290000915527344,42.31499862670898,5498
2026-01-07 17:10:00,42.310001373291016,42.310001373291016,42.275001525878906,42.275001525878906,3699
2026-01-07 17:15:00,42.27999877929688,42.290000915527344,42.275001525878906,42.28499984741211,3159
2026-01-07 17:20:00,42.29999923706055,42.310001373291016,42.28499984741211,42.29999923706055,5104
2026-01-07 17:25:00,42.27000045776367,42.290000915527344,42.27000045776367,42.27000045776367,2029
2026-01-07 17:30:00,42.2599983215332,42.2599983215332,42.2400016784668,42.25,3009
2026-01-07 17:35:00,42.255001068115234,42.2599983215332,42.22499847412109,42.2400016784668,4581
2026-01-07 17:40:00,42.220001220703125,42.22999954223633,42.209999084472656,42.220001220703125,3165
2026-01-07 17:45:00,42.22999954223633,42.24990081787109,42.21049880981445,42.22999954223633,3839
2026-01-07 17:50:00,42.209999084472656,42.220001220703125,42.20500183105469,42.220001220703125,3534
2026-01-07 17:55:00,42.18999862670898,42.209999084472656,42.18999862670898,42.209999084472656,1920
2026-01-07 18:00:00,42.18999862670898,42.209999084472656,42.18000030517578,42.209999084472656,3735
2026-01-07 18:05:00,42.21500015258789,42.21500015258789,42.21500015258789,42.21500015258789,1154
2026-01-07 18:10:00,42.21500015258789,42.21500015258789,42.18999862670898,42.18999862670898,4418
2026-01-07 18:15:00,42.185001373291016,42.185001373291016,42.15999984741211,42.16999816894531,4964
2026-01-07 18:20:00,42.16999816894531,42.16999816894531,42.16999816894531,42.16999816894531,1322
2026-01-07 18:25:00,42.15999984741211,42.18000030517578,42.15999984741211,42.16999816894531,3948
2026-01-07 18:30:00,42.17499923706055,42.18999862670898,42.15999984741211,42.18999862670898,2030
2026-01-07 18:35:00,42.18000030517578,42.18000030517578,42.15999984741211,42.15999984741211,5788
2026-01-07 18:40:00,42.16999816894531,42.18999862670898,42.15499877929688,42.15999984741211,5881
2026-01-07 18:45:00,42.13999938964844,42.15999984741211,42.13999938964844,42.13999938964844,1725
2026-01-07 18:50:00,42.119998931884766,42.130001068115234,42.119998931884766,42.130001068115234,3485
2026-01-07 18:55:00,42.13999938964844,42.13999938964844,42.130001068115234,42.1349983215332,2466
2026-01-07 19:00:00,42.1349983215332,42.1349983215332,42.09000015258789,42.09999847412109,4436
2026-01-07 19:05:00,42.09000015258789,42.1150016784668,42.09000015258789,42.09999847412109,4694
2026-01-07 19:10:00,42.09000015258789,42.119998931884766,42.08000183105469,42.1150016784668,6779
2026-01-07 19:15:00,42.11000061035156,42.15999984741211,42.11000061035156,42.150001525878906,6546
2026-01-07 19:20:00,42.15999984741211,42.16999816894531,42.119998931884766,42.119998931884766,7052
2026-01-07 19:25:00,42.095001220703125,42.1349983215332,42.095001220703125,42.1349983215332,4237
2026-01-07 19:30:00,42.150001525878906,42.150001525878906,42.06010055541992,42.06010055541992,6469
2026-01-07 19:35:00,42.060001373291016,42.06499862670898,41.93999862670898,41.93999862670898,55728
2026-01-07 19:40:00,41.9379997253418,42.040000915527344,41.9379997253418,42.03499984741211,22594
2026-01-07 19:45:00,42.040000915527344,42.10499954223633,42.040000915527344,42.08000183105469,4676
2026-01-07 19:50:00,42.09999847412109,42.09999847412109,42.04999923706055,42.060001373291016,6278
2026-01-07 19:55:00,42.040000915527344,42.07500076293945,42.040000915527344,42.060001373291016,5667
2026-01-07 20:00:00,42.060001373291016,42.130001068115234,42.040000915527344,42.1150016784668,10062
2026-01-07 20:05:00,42.119998931884766,42.13999938964844,42.09999847412109,42.11000061035156,8253
2026-01-07 20:10:00,42.09999847412109,42.119998931884766,42.09000015258789,42.09999847412109,8406
2026-01-07 20:15:00,42.08000183105469,42.08000183105469,42.060001373291016,42.060001373291016,4195
2026-01-07 20:20:00,42.04999923706055,42.04999923706055,41.994998931884766,42.0,17214
2026-01-07 20:25:00,42.0,42.02000045776367,41.994998931884766,42.01499938964844,10477
2026-01-07 20:30:00,42.01499938964844,42.07500076293945,42.01499938964844,42.06999969482422,12421
2026-01-07 20:35:00,42.060001373291016,42.06999969482422,42.03499984741211,42.06999969482422,20321
2026-01-07 20:40:00,42.08000183105469,42.09000015258789,42.060001373291016,42.09000015258789,14604
2026-01-07 20:45:00,42.06999969482422,42.15499877929688,42.060001373291016,42.13999938964844,21669
2026-01-07 20:50:00,42.130001068115234,42.18000030517578,42.119998931884766,42.18000030517578,43967
2026-01-07 20:55:00,42.18999862670898,42.209999084472656,42.14500045776367,42.16999816894531,96320
2026-01-08 14:30:00,42.02000045776367,42.32989883422852,42.0099983215332,42.32989883422852,11578
2026-01-08 14:35:00,42.25,42.57500076293945,42.25,42.57500076293945,9032
2026-01-08 14:40:00,42.56499862670898,42.56499862670898,42.470001220703125,42.494998931884766,4302
2026-01-08 14:45:00,42.52000045776367,42.54999923706055,42.47999954223633,42.51499938964844,2802
2026-01-08 14:50:00,42.4900016784668,42.5099983215332,42.47499847412109,42.47499847412109,2658
2026-01-08 14:55:00,42.47499847412109,42.61000061035156,42.47499847412109,42.59439849853516,7388
2026-01-08 15:00:00,42.625,42.650001525878906,42.61000061035156,42.625,3744
2026-01-08 15:05:00,42.595001220703125,42.650001525878906,42.58000183105469,42.58000183105469,11797
2026-01-08 15:10:00,42.584999084472656,42.65999984741211,42.56999969482422,42.650001525878906,10295
2026-01-08 15:15:00,42.68000030517578,42.755001068115234,42.640098571777344,42.75460052490234,7149
2026-01-08 15:20:00,42.755001068115234,42.755001068115234,42.67499923706055,42.67499923706055,4926
2026-01-08 15:25:00,42.70000076293945,42.72999954223633,42.65999984741211,42.72999954223633,6634
2026-01-08 15:30:00,42.709999084472656,42.77000045776367,42.6875,42.755001068115234,6852
2026-01-08 15:35:00,42.755001068115234,42.755001068115234,42.709999084472656,42.71500015258789,6537
2026-01-08 15:40:00,42.72999954223633,42.72999954223633,42.65800094604492,42.65800094604492,4985
2026-01-08 15:45:00,42.650001525878906,42.650001525878906,42.61000061035156,42.64500045776367,6147
2026-01-08 15:50:00,42.650001525878906,42.65999984741211,42.62009811401367,42.63999938964844,3897
2026-01-08 15:55:00,42.63999938964844,42.720001220703125,42.63999938964844,42.66999816894531,10857
2026-01-08 16:00:00,42.685001373291016,42.70000076293945,42.61000061035156,42.61000061035156,10031
2026-01-08 16:05:00,42.61000061035156,42.61000061035156,42.54999923706055,42.56999969482422,5399
2026-01-08 16:10:00,42.56499862670898,42.59999847412109,42.54999923706055,42.59999847412109,5226
2026-01-08 16:15:00,42.59000015258789,42.63999938964844,42.59000015258789,42.63999938964844,4345
2026-01-08 16:20:00,42.625,42.63999938964844,42.61000061035156,42.619998931884766,6960
2026-01-08 16:25:00,42.6150016784668,42.720001220703125,42.6150016784668,42.70000076293945,5373
2026-01-08 16:30:00,42.720001220703125,42.7400016784668,42.709999084472656,42.7400016784668,4531
2026-01-08 16:35:00,42.7400016784668,42.76499938964844,42.730098724365234,42.744998931884766,7049
2026-01-08 16:40:00,42.744998931884766,42.744998931884766,42.70000076293945,42.70000076293945,7457
2026-01-08 16:45:00,42.71500015258789,42.72999954223633,42.68000030517578,42.68000030517578,4495
2026-01-08 16:50:00,42.68999862670898,42.709999084472656,42.68999862670898,42.70000076293945,5236
2026-01-08 16:55:00,42.70000076293945,42.720001220703125,42.66999816894531,42.70000076293945,5559
2026-01-08 17:00:00,42.68000030517578,42.709999084472656,42.65999984741211,42.70500183105469,4758
2026-01-08 17:05:00,42.70500183105469,42.72999954223633,42.70500183105469,42.720001220703125,4534
2026-01-08 17:10:00,42.72499847412109,42.72949981689453,42.66999816894531,42.68000030517578,8018
2026-01-08 17:15:00,42.650001525878906,42.65999984741211,42.59000015258789,42.6150016784668,4237
2026-01-08 17:20:00,42.6150016784668,42.619998931884766,42.59999847412109,42.60699844360352,4349
2026-01-08 17:25:00,42.61000061035156,42.650001525878906,42.59999847412109,42.650001525878906,6168
2026-01-08 17:30:00,42.6349983215332,42.66999816894531,42.6349983215332,42.65999984741211,5884
2026-01-08 17:35:00,42.65999984741211,42.68000030517578,42.650001525878906,42.68000030517578,3151
2026-01-08 17:40:00,42.68000030517578,42.68999862670898,42.66999816894531,42.68999862670898,6609
2026-01-08 17:45:00,42.685001373291016,42.70000076293945,42.66999816894531,42.70000076293945,4540
2026-01-08 17:50:00,42.68999862670898,42.709999084472656,42.68999862670898,42.70500183105469,2869
2026-01-08 17:55:00,42.709999084472656,42.720001220703125,42.68999862670898,42.68999862670898,6693
2026-01-08 18:00:00,42.685001373291016,42.709999084472656,42.68000030517578,42.68999862670898,6702
2026-01-08 18:05:00,42.68999862670898,42.720001220703125,42.66999816894531,42.720001220703125,5197
2026-01-08 18:10:00,42.71500015258789,42.72999954223633,42.68999862670898,42.68999862670898,3334
2026-01-08 18:15:00,42.68009948730469,42.69499969482422,42.68000030517578,42.69499969482422,6864
2026-01-08 18:20:00,42.68000030517578,42.68000030517578,42.6609992980957,42.67499923706055,4878
2026-01-08 18:25:00,42.67499923706055,42.70000076293945,42.665000915527344,42.70000076293945,10979
2026-01-08 18:30:00,42.70000076293945,42.72999954223633,42.70000076293945,42.720001220703125,5619
2026-01-08 18:35:00,42.71009826660156,42.72499847412109,42.68999862670898,42.70000076293945,7634
2026-01-08 18:40:00,42.70500183105469,42.709999084472656,42.68000030517578,42.69499969482422,6104
2026-01-08 18:45:00,42.69499969482422,42.720001220703125,42.68999862670898,42.70000076293945,9195
2026-01-08 18:50:00,42.70000076293945,42.7400016784668,42.68999862670898,42.72499847412109,6644
2026-01-08 18:55:00,42.72499847412109,42.7400016784668,42.72499847412109,42.7400016784668,5914
2026-01-08 19:00:00,42.75,42.75,42.720001220703125,42.7400016784668,6895
2026-01-08 19:05:00,42.75,42.790000915527344,42.75,42.790000915527344,10686
2026-01-08 19:10:00,42.790000915527344,42.790000915527344,42.77000045776367,42.790000915527344,7270
2026-01-08 19:15:00,42.77999877929688,42.790000915527344,42.77000045776367,42.78499984741211,6535
2026-01-08 19:20:00,42.790000915527344,42.81499862670898,42.790000915527344,42.81499862670898,6728
2026-01-08 19:25:00,42.81499862670898,42.81499862670898,42.79999923706055,42.810001373291016,10742
2026-01-08 19:30:00,42.81999969482422,42.81999969482422,42.77000045776367,42.77000045776367,7668
2026-01-08 19:35:00,42.76499938964844,42.76499938964844,42.709999084472656,42.72999954223633,11727
2026-01-08 19:40:00,42.72499847412109,42.775001525878906,42.72499847412109,42.775001525878906,9273
2026-01-08 19:45:00,42.78609848022461,42.79999923706055,42.76499938964844,42.77000045776367,13234
2026-01-08 19:50:00,42.75,42.7599983215332,42.72999954223633,42.72999954223633,5723
2026-01-08 19:55:00,42.709999084472656,42.720001220703125,42.68000030517578,42.68999862670898,7105
2026-01-08 20:00:00,42.68000030517578,42.69499969482422,42.6349983215332,42.64500045776367,13671
2026-01-08 20:05:00,42.64500045776367,42.68999862670898,42.64500045776367,42.68999862670898,9764
2026-01-08 20:10:00,42.68999862670898,42.720001220703125,42.68999862670898,42.70000076293945,9446
2026-01-08 20:15:00,42.68999862670898,42.68999862670898,42.65999984741211,42.66999816894531,9357
2026-01-08 20:20:00,42.66999816894531,42.66999816894531,42.61000061035156,42.619998931884766,14080
2026-01-08 20:25:00,42.619998931884766,42.619998931884766,42.55500030517578,42.59000015258789,16324
2026-01-08 20:30:00,42.59000015258789,42.59999847412109,42.560001373291016,42.59000015258789,19495
2026-01-08 20:35:00,42.59000015258789,42.59999847412109,42.56999969482422,42.56999969482422,19072
2026-01-08 20:40:00,42.58000183105469,42.584999084472656,42.560001373291016,42.584999084472656,20835
2026-01-08 20:45:00,42.584999084472656,42.665000915527344,42.55500030517578,42.65999984741211,37005
2026-01-08 20:50:00,42.650001525878906,42.709999084472656,42.650001525878906,42.68999862670898,61855
2026-01-08 20:55:00,42.68999862670898,42.75,42.63769912719727,42.709999084472656,202685
2026-01-09 14:30:00,42.900001525878906,43.040000915527344,42.7400016784668,42.98500061035156,16658
2026-01-09 14:35:00,43.0,43.060001373291016,42.98500061035156,42.9900016784668,8537
2026-01-09 14:40:00,43.04999923706055,43.15499877929688,43.04999923706055,43.09999847412109,5640
2026-01-09 14:45:00,43.150001525878906,43.20000076293945,43.09999847412109,43.15999984741211,6272
2026-01-09 14:50:00,43.0900993347168,43.290000915527344,43.0900993347168,43.18999862670898,25020
2026-01-09 14:55:00,43.185001373291016,43.33000183105469,43.185001373291016,43.27999877929688,7849
2026-01-09 15:00:00,43.31999969482422,43.369998931884766,43.290000915527344,43.33000183105469,10400
2026-01-09 15:05:00,43.32500076293945,43.36000061035156,43.29499816894531,43.345001220703125,7141
2026-01-09 15:10:00,43.310001373291016,43.34000015258789,43.27999877929688,43.290000915527344,7953
2026-01-09 15:15:00,43.290000915527344,43.290000915527344,43.22999954223633,43.22999954223633,7381
2026-01-09 15:20:00,43.220001220703125,43.22999954223633,43.14500045776367,43.18000030517578,7572
2026-01-09 15:25:00,43.165000915527344,43.20000076293945,43.13999938964844,43.18999862670898,4924
2026-01-09 15:30:00,43.185001373291016,43.185001373291016,43.06999969482422,43.06999969482422,8025
2026-01-09 15:35:00,43.084999084472656,43.084999084472656,43.02999877929688,43.04999923706055,8096
2026-01-09 15:40:00,43.040000915527344,43.09000015258789,43.02999877929688,43.09000015258789,5773
2026-01-09 15:45:00,43.084999084472656,43.16999816894531,43.06999969482422,43.15499877929688,13322
2026-01-09 15:50:00,43.16999816894531,43.18000030517578,43.13999938964844,43.18000030517578,9718
2026-01-09 15:55:00,43.18899917602539,43.18999862670898,43.13999938964844,43.18000030517578,7340
2026-01-09 16:00:00,43.160400390625,43.16999816894531,43.13999938964844,43.13999938964844,8785
2026-01-09 16:05:00,43.150001525878906,43.18000030517578,43.119998931884766,43.15499877929688,9668
2026-01-09 16:10:00,43.15999984741211,43.15999984741211,43.11000061035156,43.130001068115234,6713
2026-01-09 16:15:00,43.13999938964844,43.13999938964844,43.08000183105469,43.08000183105469,3995
2026-01-09 16:20:00,43.08000183105469,43.11000061035156,43.08000183105469,43.09999847412109,6502
2026-01-09 16:25:00,43.119998931884766,43.119998931884766,43.06999969482422,43.09000015258789,7752
2026-01-09 16:30:00,43.09999847412109,43.11000061035156,42.97999954223633,42.97999954223633,7295
2026-01-09 16:35:00,42.97999954223633,43.040000915527344,42.97999954223633,43.02999877929688,6944
2026-01-09 16:40:00,43.02000045776367,43.02999877929688,42.970001220703125,43.02999877929688,5998
2026-01-09 16:45:00,43.02999877929688,43.060001373291016,43.02000045776367,43.060001373291016,8451
2026-01-09 16:50:00,43.06999969482422,43.06999969482422,43.0099983215332,43.0099983215332,10694
2026-01-09 16:55:00,43.0,43.0,42.97999954223633,42.97999954223633,4645
2026-01-09 17:00:00,42.970001220703125,43.040000915527344,42.970001220703125,43.02999877929688,8479
2026-01-09 17:05:00,43.025001525878906,43.04499816894531,43.025001525878906,43.04499816894531,2285
2026-01-09 17:10:00,43.02999877929688,43.060001373291016,43.02000045776367,43.060001373291016,5961
2026-01-09 17:15:00,43.05500030517578,43.09000015258789,43.04999923706055,43.084999084472656,5177
2026-01-09 17:20:00,43.08000183105469,43.119998931884766,43.06499862670898,43.06499862670898,8266
2026-01-09 17:25:00,43.06499862670898,43.06499862670898,43.02000045776367,43.04499816894531,6480
2026-01-09 17:30:00,43.04499816894531,43.04999923706055,43.04499816894531,43.04999923706055,1405
2026-01-09 17:35:00,43.05009841918945,43.09000015258789,43.040000915527344,43.084999084472656,8034
2026-01-09 17:40:00,43.08000183105469,43.09000015258789,43.060001373291016,43.06999969482422,4607
2026-01-09 17:45:00,43.04999923706055,43.060001373291016,43.02999877929688,43.04999923706055,4252
2026-01-09 17:50:00,43.060001373291016,43.060001373291016,43.040000915527344,43.040000915527344,3622
2026-01-09 17:55:00,43.04999923706055,43.060001373291016,43.025001525878906,43.025001525878906,5565
2026-01-09 18:00:00,43.0099983215332,43.02000045776367,42.9900016784668,43.0,18029
2026-01-09 18:05:00,43.0099983215332,43.060001373291016,43.005001068115234,43.060001373291016,9261
2026-01-09 18:10:00,43.060001373291016,43.08000183105469,43.060001373291016,43.07619857788086,3688
2026-01-09 18:15:00,43.06999969482422,43.11000061035156,43.06999969482422,43.08000183105469,7478
2026-01-09 18:20:00,43.10499954223633,43.119998931884766,43.09999847412109,43.119998931884766,4940
2026-01-09 18:25:00,43.11000061035156,43.11000061035156,43.09999847412109,43.11000061035156,3290
2026-01-09 18:30:00,43.1150016784668,43.150001525878906,43.11000061035156,43.13999938964844,5880
2026-01-09 18:35:00,43.13999938964844,43.150001525878906,43.13999938964844,43.150001525878906,5455
2026-01-09 18:40:00,43.150001525878906,43.150001525878906,43.084999084472656,43.09000015258789,11561
2026-01-09 18:45:00,43.095001220703125,43.095001220703125,43.060001373291016,43.06999969482422,5070
2026-01-09 18:50:00,43.060001373291016,43.060001373291016,43.02999877929688,43.040000915527344,4911
2026-01-09 18:55:00,43.02999877929688,43.02999877929688,43.0099983215332,43.02000045776367,4971
2026-01-09 19:00:00,43.02000045776367,43.02000045776367,43.0,43.0,4560
2026-01-09 19:05:00,43.0,43.0099983215332,42.88999938964844,42.94499969482422,29960
2026-01-09 19:10:00,42.94499969482422,42.959999084472656,42.94499969482422,42.95000076293945,3336
2026-01-09 19:15:00,42.95000076293945,42.970001220703125,42.95000076293945,42.95500183105469,6459
2026-01-09 19:20:00,42.95500183105469,42.95500183105469,42.90999984741211,42.94499969482422,8024
2026-01-09 19:25:00,42.93999862670898,42.95989990234375,42.93000030517578,42.93999862670898,14326
2026-01-09 19:30:00,42.95000076293945,42.97999954223633,42.91999816894531,42.91999816894531,10252
2026-01-09 19:35:00,42.91999816894531,42.91999816894531,42.88999938964844,42.900001525878906,5759
2026-01-09 19:40:00,42.900001525878906,42.90010070800781,42.845001220703125,42.86000061035156,15252
2026-01-09 19:45:00,42.880001068115234,42.900001525878906,42.875,42.89500045776367,7632
2026-01-09 19:50:00,42.90999984741211,42.915000915527344,42.880001068115234,42.880001068115234,8598
2026-01-09 19:55:00,42.869998931884766,42.880001068115234,42.83000183105469,42.834999084472656,9307
2026-01-09 20:00:00,42.834999084472656,42.84000015258789,42.79999923706055,42.810001373291016,13584
2026-01-09 20:05:00,42.81999969482422,42.82989883422852,42.79999923706055,42.810001373291016,14346
2026-01-09 20:10:00,42.810001373291016,42.81990051269531,42.7599983215332,42.7599983215332,8244
2026-01-09 20:15:00,42.790000915527344,42.81999969482422,42.7599983215332,42.81999969482422,13843
2026-01-09 20:20:00,42.83000183105469,42.84999847412109,42.77999877929688,42.77999877929688,19079
2026-01-09 20:25:00,42.77999877929688,42.790000915527344,42.75,42.77999877929688,16830
2026-01-09 20:30:00,42.77999877929688,42.82500076293945,42.77999877929688,42.81499862670898,14993
2026-01-09 20:35:00,42.81999969482422,42.84999847412109,42.79999923706055,42.80500030517578,16202
2026-01-09 20:40:00,42.80500030517578,42.834999084472656,42.79999923706055,42.83000183105469,19079
2026-01-09 20:45:00,42.82500076293945,42.82500076293945,42.79499816894531,42.810001373291016,20473
2026-01-09 20:50:00,42.810001373291016,42.84999847412109,42.79999923706055,42.82500076293945,52281
2026-01-09 20:55:00,42.81999969482422,42.84999847412109,42.790000915527344,42.83000183105469,130526
2026-01-12 14:30:00,42.68000030517578,42.810001373291016,42.650001525878906,42.650001525878906,9098
2026-01-12 14:35:00,42.773399353027344,42.773399353027344,42.66999816894531,42.75,6052
2026-01-12 14:40:00,42.76190185546875,42.95000076293945,42.742000579833984,42.90999984741211,11674
2026-01-12 14:45:00,42.89500045776367,42.970001220703125,42.880001068115234,42.95949935913086,13384
2026-01-12 14:50:00,42.91999816894531,42.970001220703125,42.91999816894531,42.94499969482422,2666
2026-01-12 14:55:00,42.94499969482422,43.0099983215332,42.94499969482422,43.0099983215332,8488
2026-01-12 15:00:00,43.0,43.01499938964844,42.93999862670898,43.01499938964844,8852
2026-01-12 15:05:00,43.02999877929688,43.060001373291016,43.0099983215332,43.02999877929688,7712
2026-01-12 15:10:00,43.02999877929688,43.040000915527344,42.98500061035156,42.994998931884766,10012
2026-01-12 15:15:00,42.9900016784668,43.025001525878906,42.970001220703125,42.970001220703125,3964
2026-01-12 15:20:00,42.959999084472656,42.97999954223633,42.935001373291016,42.935001373291016,3588
2026-01-12 15:25:00,42.93999862670898,42.93999862670898,42.86000061035156,42.900001525878906,4049
2026-01-12 15:30:00,42.90999984741211,42.959999084472656,42.90999984741211,42.959999084472656,5005
2026-01-12 15:35:00,42.959999084472656,42.959999084472656,42.915000915527344,42.92990112304688,4805
2026-01-12 15:40:00,42.90999984741211,42.93999862670898,42.88999938964844,42.915000915527344,4323
2026-01-12 15:45:00,42.93000030517578,42.970001220703125,42.900001525878906,42.95000076293945,8234
2026-01-12 15:50:00,42.90999984741211,42.94499969482422,42.90999984741211,42.94499969482422,2500
2026-01-12 15:55:00,42.94499969482422,42.97499847412109,42.94499969482422,42.959999084472656,3962
2026-01-12 16:00:00,42.970001220703125,42.9900016784668,42.93000030517578,42.959999084472656,6675
2026-01-12 16:05:00,42.95000076293945,42.96500015258789,42.935001373291016,42.95000076293945,5737
2026-01-12 16:10:00,42.95949935913086,42.95949935913086,42.90999984741211,42.90999984741211,3082
2026-01-12 16:15:00,42.90999984741211,42.91999816894531,42.8849983215332,42.885101318359375,4868
2026-01-12 16:20:00,42.84999847412109,42.880001068115234,42.84999847412109,42.8650016784668,4258
2026-01-12 16:25:00,42.880001068115234,42.88999938964844,42.81999969482422,42.82500076293945,6168
2026-01-12 16:30:00,42.810001373291016,42.81499862670898,42.790000915527344,42.810001373291016,3832
2026-01-12 16:35:00,42.81999969482422,42.81999969482422,42.810001373291016,42.81499862670898,3510
2026-01-12 16:40:00,42.790000915527344,42.790000915527344,42.7599983215332,42.77000045776367,7482
2026-01-12 16:45:00,42.77999877929688,42.79999923706055,42.77000045776367,42.790000915527344,4137
2026-01-12 16:50:00,42.77000045776367,42.77000045776367,42.71500015258789,42.71500015258789,4430
2026-01-12 16:55:00,42.720001220703125,42.720001220703125,42.68000030517578,42.68000030517578,5937
2026-01-12 17:00:00,42.70000076293945,42.70000076293945,42.66999816894531,42.67499923706055,7243
2026-01-12 17:05:00,42.67499923706055,42.67499923706055,42.619998931884766,42.630001068115234,7832
2026-01-12 17:10:00,42.630001068115234,42.6697998046875,42.630001068115234,42.64500045776367,10069
2026-01-12 17:15:00,42.64500045776367,42.6599006652832,42.630001068115234,42.6414909362793,4938
2026-01-12 17:20:00,42.630001068115234,42.63999938964844,42.619998931884766,42.6349983215332,4410
2026-01-12 17:25:00,42.6349983215332,42.650001525878906,42.619998931884766,42.619998931884766,2991
2026-01-12 17:30:00,42.619998931884766,42.650001525878906,42.619998931884766,42.6349983215332,10816
2026-01-12 17:35:00,42.619998931884766,42.630001068115234,42.60499954223633,42.61000061035156,6385
2026-01-12 17:40:00,42.61000061035156,42.619998931884766,42.59000015258789,42.60499954223633,7171
2026-01-12 17:45:00,42.60499954223633,42.61000061035156,42.59999847412109,42.59999847412109,4576
2026-01-12 17:50:00,42.59999847412109,42.630001068115234,42.59999847412109,42.59999847412109,7926
2026-01-12 17:55:00,42.60499954223633,42.63999938964844,42.60499954223633,42.6349983215332,5724
2026-01-12 18:00:00,42.619998931884766,42.65999984741211,42.61000061035156,42.6349983215332,13062
2026-01-12 18:05:00,42.63999938964844,42.63999938964844,42.6150016784668,42.625,3928
2026-01-12 18:10:00,42.625,42.63999938964844,42.59999847412109,42.59999847412109,5340
2026-01-12 18:15:00,42.595001220703125,42.63999938964844,42.595001220703125,42.630001068115234,6739
2026-01-12 18:20:00,42.630001068115234,42.685001373291016,42.630001068115234,42.65499877929688,18087
2026-01-12 18:25:00,42.65999984741211,42.66999816894531,42.63010025024414,42.635101318359375,5281
2026-01-12 18:30:00,42.6349983215332,42.6349983215332,42.59000015258789,42.59999847412109,26375
2026-01-12 18:35:00,42.58349990844727,42.59999847412109,42.54999923706055,42.56499862670898,6556
2026-01-12 18:40:00,42.560001373291016,42.58000183105469,42.54999923706055,42.55500030517578,5960
2026-01-12 18:45:00,42.52999877929688,42.56999969482422,42.52000045776367,42.54999923706055,68782
2026-01-12 18:50:00,42.56999969482422,42.59999847412109,42.56499862670898,42.584999084472656,6355
2026-01-12 18:55:00,42.56999969482422,42.57500076293945,42.54999923706055,42.560001373291016,6523
2026-01-12 19:00:00,42.560001373291016,42.59000015258789,42.560001373291016,42.59000015258789,7069
2026-01-12 19:05:00,42.59299850463867,42.59999847412109,42.52999877929688,42.52999877929688,18062
2026-01-12 19:10:00,42.55500030517578,42.58000183105469,42.540000915527344,42.560001373291016,17594
2026-01-12 19:15:00,42.560001373291016,42.560001373291016,42.540000915527344,42.54999923706055,6163
2026-01-12 19:20:00,42.54499816894531,42.54999923706055,42.525001525878906,42.54999923706055,5406
2026-01-12 19:25:00,42.54349899291992,42.55989837646485,42.52000045776367,42.55989837646485,5411
2026-01-12 19:30:00,42.54199981689453,42.60499954223633,42.54199981689453,42.59999847412109,13710
2026-01-12 19:35:00,42.59999847412109,42.59999847412109,42.525001525878906,42.560001373291016,10041
2026-01-12 19:40:00,42.54999923706055,42.584999084472656,42.54999923706055,42.584999084472656,5831
2026-01-12 19:45:00,42.58000183105469,42.59999847412109,42.56999969482422,42.56999969482422,6792
2026-01-12 19:50:00,42.58000183105469,42.59000015258789,42.56499862670898,42.59000015258789,11629
2026-01-12 19:55:00,42.58000183105469,42.61000061035156,42.525001525878906,42.540000915527344,27697
2026-01-12 20:00:00,42.52000045776367,42.54999923706055,42.5099983215332,42.525001525878906,10004
2026-01-12 20:05:00,42.525001525878906,42.560001373291016,42.52000045776367,42.540000915527344,73826
2026-01-12 20:10:00,42.54499816894531,42.54499816894531,42.4900016784668,42.4900016784668,21916
2026-01-12 20:15:00,42.47999954223633,42.47999954223633,42.45000076293945,42.45000076293945,9842
2026-01-12 20:20:00,42.45000076293945,42.45000076293945,42.400001525878906,42.41999816894531,25052
2026-01-12 20:25:00,42.41999816894531,42.43999862670898,42.40999984741211,42.41999816894531,17241
2026-01-12 20:30:00,42.43000030517578,42.4900016784668,42.43000030517578,42.48500061035156,16214
2026-01-12 20:35:00,42.4900016784668,42.5099983215332,42.4900016784668,42.4900016784668,11819
2026-01-12 20:40:00,42.470001220703125,42.470001220703125,42.45000076293945,42.459999084472656,14903
2026-01-12 20:45:00,42.459999084472656,42.54499816894531,42.459999084472656,42.525001525878906,17497
2026-01-12 20:50:00,42.52000045776367,42.560001373291016,42.470001220703125,42.52000045776367,49918
2026-01-12 20:55:00,42.52000045776367,42.52999877929688,42.459999084472656,42.47999954223633,158344
2026-01-13 14:30:00,42.470001220703125,42.55500030517578,42.470001220703125,42.55500030517578,15443
2026-01-13 14:35:00,42.56999969482422,42.56999969482422,42.47999954223633,42.56499862670898,2657
2026-01-13 14:40:00,42.5099983215332,42.525001525878906,42.47999954223633,42.47999954223633,8605
2026-01-13 14:45:00,42.4900016784668,42.5,42.44499969482422,42.5,2621
2026-01-13 14:50:00,42.4900016784668,42.560001373291016,42.47999954223633,42.54999923706055,5883
2026-01-13 14:55:00,42.56999969482422,42.584999084472656,42.54999923706055,42.560001373291016,4369
2026-01-13 15:00:00,42.54999923706055,42.66999816894531,42.54999923706055,42.66999816894531,18343
2026-01-13 15:05:00,42.709999084472656,42.73649978637695,42.678199768066406,42.73649978637695,9363
2026-01-13 15:10:00,42.73500061035156,42.75,42.70500183105469,42.75,16116
2026-01-13 15:15:00,42.77999877929688,42.81999969482422,42.750099182128906,42.810001373291016,9197
2026-01-13 15:20:00,42.81999969482422,42.81999969482422,42.790000915527344,42.810001373291016,8933
2026-01-13 15:25:00,42.81499862670898,42.869998931884766,42.81499862670898,42.869998931884766,8146
2026-01-13 15:30:00,42.869998931884766,42.88999938964844,42.85499954223633,42.86000061035156,7651
2026-01-13 15:35:00,42.86000061035156,42.8849983215332,42.834999084472656,42.880001068115234,5863
2026-01-13 15:40:00,42.880001068115234,42.89500045776367,42.84000015258789,42.845001220703125,10991
2026-01-13 15:45:00,42.83000183105469,42.915000915527344,42.83000183105469,42.915000915527344,18436
2026-01-13 15:50:00,42.90499877929688,42.915000915527344,42.83000183105469,42.83000183105469,14681
2026-01-13 15:55:00,42.810001373291016,42.810001373291016,42.744998931884766,42.744998931884766,9698
2026-01-13 16:00:00,42.75,42.75,42.709999084472656,42.709999084472656,6151
2026-01-13 16:05:00,42.70000076293945,42.709999084472656,42.65999984741211,42.70000076293945,11268
2026-01-13 16:10:00,42.68999862670898,42.69499969482422,42.66999816894531,42.66999816894531,5351
2026-01-13 16:15:00,42.65999984741211,42.65999984741211,42.625,42.65499877929688,78311
2026-01-13 16:20:00,42.65999984741211,42.65999984741211,42.61000061035156,42.6150016784668,6254
2026-01-13 16:25:00,42.60499954223633,42.61000061035156,42.56999969482422,42.56999969482422,8373
2026-01-13 16:30:00,42.560001373291016,42.60499954223633,42.51499938964844,42.584999084472656,19003
2026-01-13 16:35:00,42.58000183105469,42.61000061035156,42.54999923706055,42.59000015258789,7794
2026-01-13 16:40:00,42.59999847412109,42.619998931884766,42.59000015258789,42.619998931884766,6952
2026-01-13 16:45:00,42.61000061035156,42.61000061035156,42.54499816894531,42.59999847412109,12088
2026-01-13 16:50:00,42.59130096435547,42.61000061035156,42.52999877929688,42.52999877929688,6168
2026-01-13 16:55:00,42.540000915527344,42.56930160522461,42.4900016784668,42.4900016784668,7459
2026-01-13 17:00:00,42.5,42.525001525878906,42.470001220703125,42.525001525878906,8300
2026-01-13 17:05:00,42.5099983215332,42.5099983215332,42.47499847412109,42.47499847412109,3356
2026-01-13 17:10:00,42.47499847412109,42.540000915527344,42.47499847412109,42.540000915527344,6073
2026-01-13 17:15:00,42.54999923706055,42.59999847412109,42.52999877929688,42.59999847412109,3055
2026-01-13 17:20:00,42.59999847412109,42.6349983215332,42.59000015258789,42.61000061035156,4616
2026-01-13 17:25:00,42.61000061035156,42.63999938964844,42.61000061035156,42.63999938964844,2586
2026-01-13 17:30:00,42.650001525878906,42.650001525878906,42.630001068115234,42.650001525878906,5774
2026-01-13 17:35:00,42.65499877929688,42.709999084472656,42.619998931884766,42.709999084472656,48087
2026-01-13 17:40:00,42.709999084472656,42.709999084472656,42.65499877929688,42.66999816894531,3615
2026-01-13 17:45:00,42.685001373291016,42.70000076293945,42.66999816894531,42.66999816894531,5757
2026-01-13 17:50:00,42.68000030517578,42.72499847412109,42.68000030517578,42.709999084472656,7765
2026-01-13 17:55:00,42.72499847412109,42.78499984741211,42.72499847412109,42.78499984741211,7672
2026-01-13 18:00:00,42.79499816894531,42.81499862670898,42.77000045776367,42.81499862670898,5915
2026-01-13 18:05:00,42.810001373291016,42.810001373291016,42.73500061035156,42.73500061035156,6417
2026-01-13 18:10:00,42.73500061035156,42.775001525878906,42.73500061035156,42.75379943847656,6311
2026-01-13 18:15:00,42.7400016784668,42.7599983215332,42.7400016784668,42.75,3935
2026-01-13 18:20:00,42.75,42.77000045776367,42.75,42.7599983215332,6786
2026-01-13 18:25:00,42.77000045776367,42.77999877929688,42.7599983215332,42.77989959716797,7211
2026-01-13 18:30:00,42.77999877929688,42.81999969482422,42.77999877929688,42.810001373291016,6793
2026-01-13 18:35:00,42.81999969482422,42.84000015258789,42.81999969482422,42.84000015258789,3583
2026-01-13 18:40:00,42.83000183105469,42.84999847412109,42.83000183105469,42.84999847412109,3489
2026-01-13 18:45:00,42.84999847412109,42.869998931884766,42.84999847412109,42.869998931884766,3194
2026-01-13 18:50:00,42.862300872802734,42.91999816894531,42.86000061035156,42.91999816894531,5029
2026-01-13 18:55:00,42.93000030517578,42.97999954223633,42.93000030517578,42.97999954223633,3427
2026-01-13 19:00:00,42.980098724365234,43.0,42.959999084472656,42.970001220703125,7151
2026-01-13 19:05:00,42.970001220703125,42.9900016784668,42.95000076293945,42.9900016784668,17213
2026-01-13 19:10:00,42.97999954223633,42.98500061035156,42.959999084472656,42.959999084472656,5207
2026-01-13 19:15:00,42.97999954223633,42.97999954223633,42.959999084472656,42.970001220703125,2731
2026-01-13 19:20:00,42.97999954223633,43.005001068115234,42.971900939941406,42.9900016784668,5883
2026-01-13 19:25:00,43.005001068115234,43.005001068115234,42.95000076293945,42.970001220703125,10346
2026-01-13 19:30:00,42.970001220703125,42.98500061035156,42.970001220703125,42.97499847412109,5057
2026-01-13 19:35:00,42.97499847412109,42.9900016784668,42.95500183105469,42.97999954223633,8377
2026-01-13 19:40:00,42.970001220703125,43.0,42.96500015258789,43.0,8377
2026-01-13 19:45:00,43.02000045776367,43.02999877929688,42.994998931884766,42.994998931884766,11105
2026-01-13 19:50:00,42.99639892578125,42.99639892578125,42.93999862670898,42.959999084472656,8328
2026-01-13 19:55:00,42.95000076293945,42.959999084472656,42.93999862670898,42.95000076293945,11023
2026-01-13 20:00:00,42.95000076293945,42.95000076293945,42.94499969482422,42.94499969482422,1985
2026-01-13 20:05:00,42.93999862670898,42.97999954223633,42.93000030517578,42.95500183105469,10382
2026-01-13 20:10:00,42.95500183105469,42.97999954223633,42.93000030517578,42.93999862670898,8003
2026-01-13 20:15:00,42.95000076293945,42.95000076293945,42.935001373291016,42.95000076293945,8423
2026-01-13 20:20:00,42.93999862670898,42.93999862670898,42.89500045776367,42.900001525878906,13896
2026-01-13 20:25:00,42.900001525878906,42.900001525878906,42.8650016784668,42.869998931884766,8385
2026-01-13 20:30:00,42.880001068115234,42.93000030517578,42.880001068115234,42.88999938964844,14526
2026-01-13 20:35:00,42.88999938964844,42.900001525878906,42.880001068115234,42.88999938964844,11139
2026-01-13 20:40:00,42.88999938964844,42.90999984741211,42.8650016784668,42.8849983215332,11189
2026-01-13 20:45:00,42.88999938964844,42.900001525878906,42.880001068115234,42.900001525878906,16298
2026-01-13 20:50:00,42.900001525878906,42.93999862670898,42.869998931884766,42.91999816894531,33599
2026-01-13 20:55:00,42.91999816894531,42.9900016784668,42.900001525878906,42.96500015258789,124917
2026-01-14 14:30:00,42.97999954223633,43.1349983215332,42.97999954223633,43.1349983215332,6627
2026-01-14 14:35:00,43.2599983215332,43.27000045776367,43.11000061035156,43.150001525878906,5129
2026-01-14 14:40:00,43.14799880981445,43.20000076293945,43.130001068115234,43.16999816894531,3965
2026-01-14 14:45:00,43.16999816894531,43.16999816894531,43.119998931884766,43.119998931884766,1729
2026-01-14 14:50:00,43.15499877929688,43.20000076293945,43.15499877929688,43.18999862670898,1723
2026-01-14 14:55:00,43.16999816894531,43.255001068115234,43.165000915527344,43.255001068115234,2225
2026-01-14 15:00:00,43.27000045776367,43.310001373291016,43.23500061035156,43.30500030517578,6869
2026-01-14 15:05:00,43.290000915527344,43.310001373291016,43.27000045776367,43.27999877929688,8439
2026-01-14 15:10:00,43.27000045776367,43.31999969482422,43.27000045776367,43.30500030517578,8853
2026-01-14 15:15:00,43.29999923706055,43.310001373291016,43.27999877929688,43.27999877929688,3578
2026-01-14 15:20:00,43.310001373291016,43.31999969482422,43.29999923706055,43.29999923706055,3395
2026-01-14 15:25:00,43.30500030517578,43.30500030517578,43.27999877929688,43.290000915527344,1813
2026-01-14 15:30:00,43.29999923706055,43.310001373291016,43.27000045776367,43.29999923706055,7915
2026-01-14 15:35:00,43.27999877929688,43.290000915527344,43.255001068115234,43.2599983215332,5873
2026-01-14 15:40:00,43.27999877929688,43.28499984741211,43.27999877929688,43.27999877929688,2100
2026-01-14 15:45:00,43.2599983215332,43.310001373291016,43.25,43.310001373291016,3326
2026-01-14 15:50:00,43.29999923706055,43.31999969482422,43.27000045776367,43.29999923706055,10044
2026-01-14 15:55:00,43.29999923706055,43.345001220703125,43.290000915527344,43.31999969482422,4621
2026-01-14 16:00:00,43.29999923706055,43.29999923706055,43.27000045776367,43.27000045776367,3443
2026-01-14 16:05:00,43.26440048217773,43.29999923706055,43.255001068115234,43.290000915527344,4505
2026-01-14 16:10:00,43.290000915527344,43.30500030517578,43.28670120239258,43.29999923706055,6559
2026-01-14 16:15:00,43.29999923706055,43.29999923706055,43.255001068115234,43.2599983215332,3525
2026-01-14 16:20:00,43.2599983215332,43.2599983215332,43.22999954223633,43.25,6239
2026-01-14 16:25:00,43.25,43.290000915527344,43.25,43.290000915527344,6313
2026-01-14 16:30:00,43.290000915527344,43.334999084472656,43.27999877929688,43.31999969482422,8969
2026-01-14 16:35:00,43.310001373291016,43.34000015258789,43.28499984741211,43.33000183105469,8898
2026-01-14 16:40:00,43.33000183105469,43.33000183105469,43.29999923706055,43.310001373291016,5252
2026-01-14 16:45:00,43.30500030517578,43.34999847412109,43.30500030517578,43.34999847412109,6712
2026-01-14 16:50:00,43.34999847412109,43.38999938964844,43.34999847412109,43.38999938964844,6014
2026-01-14 16:55:00,43.369998931884766,43.369998931884766,43.33000183105469,43.334999084472656,2327
2026-01-14 17:00:00,43.34999847412109,43.36000061035156,43.33000183105469,43.33000183105469,3319
2026-01-14 17:05:00,43.33000183105469,43.35499954223633,43.32500076293945,43.345001220703125,2875
2026-01-14 17:10:00,43.345001220703125,43.36000061035156,43.32500076293945,43.36000061035156,4637
2026-01-14 17:15:00,43.369998931884766,43.380001068115234,43.36000061035156,43.36000061035156,2969
2026-01-14 17:20:00,43.369998931884766,43.380001068115234,43.35499954223633,43.380001068115234,3225
2026-01-14 17:25:00,43.380001068115234,43.40499877929688,43.380001068115234,43.38999938964844,3534
2026-01-14 17:30:00,43.3849983215332,43.400001525878906,43.34999847412109,43.3849983215332,7387
2026-01-14 17:35:00,43.36000061035156,43.400001525878906,43.36000061035156,43.38999938964844,4011
2026-01-14 17:40:00,43.400001525878906,43.43000030517578,43.39500045776367,43.43000030517578,11272
2026-01-14 17:45:00,43.43000030517578,43.43000030517578,43.400001525878906,43.40679931640625,4785
2026-01-14 17:50:00,43.400001525878906,43.400001525878906,43.380001068115234,43.400001525878906,4281
2026-01-14 17:55:00,43.40999984741211,43.42499923706055,43.40999984741211,43.40999984741211,3971
2026-01-14 18:00:00,43.415000915527344,43.415000915527344,43.380001068115234,43.400001525878906,29895
2026-01-14 18:05:00,43.38999938964844,43.400001525878906,43.380001068115234,43.39500045776367,9506
2026-01-14 18:10:00,43.38999938964844,43.40999984741211,43.3849983215332,43.40499877929688,15490
2026-01-14 18:15:00,43.400001525878906,43.400001525878906,43.34999847412109,43.34999847412109,5120
2026-01-14 18:20:00,43.36000061035156,43.435001373291016,43.36000061035156,43.41999816894531,8694
2026-01-14 18:25:00,43.41999816894531,43.41999816894531,43.40999984741211,43.41999816894531,3162
2026-01-14 18:30:00,43.41999816894531,43.459999084472656,43.41999816894531,43.45000076293945,4959
2026-01-14 18:35:00,43.459999084472656,43.47999954223633,43.435001373291016,43.45000076293945,7648
2026-01-14 18:40:00,43.435001373291016,43.43999862670898,43.41999816894531,43.41999816894531,7173
2026-01-14 18:45:00,43.42499923706055,43.43999862670898,43.415000915527344,43.43999862670898,2654
2026-01-14 18:50:00,43.459999084472656,43.46500015258789,43.442501068115234,43.45000076293945,3240
2026-01-14 18:55:00,43.45000076293945,43.470001220703125,43.42010116577149,43.459999084472656,7092
2026-01-14 19:00:00,43.47999954223633,43.5,43.47999954223633,43.4900016784668,6169
2026-01-14 19:05:00,43.4900016784668,43.50630187988281,43.47999954223633,43.47999954223633,7107
2026-01-14 19:10:00,43.4900016784668,43.53499984741211,43.4900016784668,43.53499984741211,6089
2026-01-14 19:15:00,43.540000915527344,43.56999969482422,43.540000915527344,43.56999969482422,3500
2026-01-14 19:20:00,43.56499862670898,43.58000183105469,43.56010055541992,43.57500076293945,3027
2026-01-14 19:25:00,43.56499862670898,43.58000183105469,43.540000915527344,43.58000183105469,33893
2026-01-14 19:30:00,43.59000015258789,43.61410140991211,43.560001373291016,43.56999969482422,8337
2026-01-14 19:35:00,43.56999969482422,43.61000061035156,43.560001373291016,43.61000061035156,13651
2026-01-14 19:40:00,43.61000061035156,43.630001068115234,43.59999847412109,43.630001068115234,13299
2026-01-14 19:45:00,43.630001068115234,43.65499877929688,43.630001068115234,43.65499877929688,4674
2026-01-14 19:50:00,43.65999984741211,43.66999816894531,43.630001068115234,43.64500045776367,6039
2026-01-14 19:55:00,43.650001525878906,43.669898986816406,43.650001525878906,43.65999984741211,7006
2026-01-14 20:00:00,43.63999938964844,43.66999816894531,43.619998931884766,43.66999816894531,17432
2026-01-14 20:05:00,43.665000915527344,43.70000076293945,43.65999984741211,43.65999984741211,10334
2026-01-14 20:10:00,43.65999984741211,43.65999984741211,43.61000061035156,43.630001068115234,15222
2026-01-14 20:15:00,43.63999938964844,43.63999938964844,43.60100173950195,43.61000061035156,5438
2026-01-14 20:20:00,43.59999847412109,43.61000061035156,43.56999969482422,43.59999847412109,11269
2026-01-14 20:25:00,43.59999847412109,43.625,43.59000015258789,43.625,11683
2026-01-14 20:30:00,43.619998931884766,43.6349983215332,43.59999847412109,43.59999847412109,14585
2026-01-14 20:35:00,43.59999847412109,43.59999847412109,43.54999923706055,43.56999969482422,14439
2026-01-14 20:40:00,43.56999969482422,43.59999847412109,43.4900016784668,43.505001068115234,15290
2026-01-14 20:45:00,43.49100112915039,43.49100112915039,43.380001068115234,43.38999938964844,26356
2026-01-14 20:50:00,43.38999938964844,43.459999084472656,43.380001068115234,43.45000076293945,33019
2026-01-14 20:55:00,43.45000076293945,43.494998931884766,43.45000076293945,43.4900016784668,110471
2026-01-15 14:30:00,43.47999954223633,43.7400016784668,43.47700119018555,43.619998931884766,28330
2026-01-15 14:35:00,43.7400016784668,43.7400016784668,43.595001220703125,43.68000030517578,2137
2026-01-15 14:40:00,43.59000015258789,43.66999816894531,43.52000045776367,43.52000045776367,25581
2026-01-15 14:45:00,43.52000045776367,43.59000015258789,43.470001220703125,43.56999969482422,10922
2026-01-15 14:50:00,43.540000915527344,43.54499816894531,43.4900016784668,43.5,8457
2026-01-15 14:55:00,43.470001220703125,43.51499938964844,43.470001220703125,43.4900016784668,3797
2026-01-15 15:00:00,43.4900016784668,43.55500030517578,43.47999954223633,43.47999954223633,8895
2026-01-15 15:05:00,43.494998931884766,43.59999847412109,43.47999954223633,43.56999969482422,16267
2026-01-15 15:10:00,43.57500076293945,43.630001068115234,43.560001373291016,43.59999847412109,12733
2026-01-15 15:15:00,43.59999847412109,43.68000030517578,43.58000183105469,43.68000030517578,5530
2026-01-15 15:20:00,43.650001525878906,43.650001525878906,43.619998931884766,43.619998931884766,5144
2026-01-15 15:25:00,43.630001068115234,43.66999816894531,43.630001068115234,43.66999816894531,6701
2026-01-15 15:30:00,43.665000915527344,43.720001220703125,43.665000915527344,43.68999862670898,15029
2026-01-15 15:35:00,43.68999862670898,43.720001220703125,43.65999984741211,43.720001220703125,8129
2026-01-15 15:40:00,43.70000076293945,43.709999084472656,43.66999816894531,43.67499923706055,9117
2026-01-15 15:45:00,43.67499923706055,43.70000076293945,43.65999984741211,43.65999984741211,4904
2026-01-15 15:50:00,43.67499923706055,43.68999862670898,43.630001068115234,43.63999938964844,6158
2026-01-15 15:55:00,43.63999938964844,43.65999984741211,43.56999969482422,43.59000015258789,16043
2026-01-15 16:00:00,43.56999969482422,43.58000183105469,43.45000076293945,43.45000076293945,5676
2026-01-15 16:05:00,43.47999954223633,43.5,43.470001220703125,43.470001220703125,4916
2026-01-15 16:10:00,43.47999954223633,43.52000045776367,43.470001220703125,43.5,53240
2026-01-15 16:15:00,43.4900016784668,43.57500076293945,43.47999954223633,43.540000915527344,7253
2026-01-15 16:20:00,43.540000915527344,43.57500076293945,43.540000915527344,43.560001373291016,5508
2026-01-15 16:25:00,43.54999923706055,43.55009841918945,43.52999877929688,43.54499816894531,4300
2026-01-15 16:30:00,43.52999877929688,43.560001373291016,43.5099983215332,43.560001373291016,7704
2026-01-15 16:35:00,43.54999923706055,43.59999847412109,43.540000915527344,43.58000183105469,5967
2026-01-15 16:40:00,43.584999084472656,43.619998931884766,43.54999923706055,43.59999847412109,16487
2026-01-15 16:45:00,43.6150016784668,43.72999954223633,43.6150016784668,43.72999954223633,20700
2026-01-15 16:50:00,43.720001220703125,43.72999954223633,43.70000076293945,43.720001220703125,3893
2026-01-15 16:55:00,43.709999084472656,43.72499847412109,43.650001525878906,43.650001525878906,28772
2026-01-15 17:00:00,43.630001068115234,43.650001525878906,43.61000061035156,43.630001068115234,5574
2026-01-15 17:05:00,43.63999938964844,43.63999938964844,43.619998931884766,43.630001068115234,3805
2026-01-15 17:10:00,43.630001068115234,43.65999984741211,43.619998931884766,43.630001068115234,4987
2026-01-15 17:15:00,43.625,43.630001068115234,43.58000183105469,43.630001068115234,4074
2026-01-15 17:20:00,43.64500045776367,43.64500045776367,43.630001068115234,43.630001068115234,3132
2026-01-15 17:25:00,43.63999938964844,43.709999084472656,43.630001068115234,43.66999816894531,34398
2026-01-15 17:30:00,43.66999816894531,43.685001373291016,43.66999816894531,43.685001373291016,5361
2026-01-15 17:35:00,43.70000076293945,43.73500061035156,43.70000076293945,43.709999084472656,5261
2026-01-15 17:40:00,43.72999954223633,43.77999877929688,43.72999954223633,43.77000045776367,5741
2026-01-15 17:45:00,43.790000915527344,43.83000183105469,43.77000045776367,43.83000183105469,3118
2026-01-15 17:50:00,43.810001373291016,43.810001373291016,43.7599983215332,43.7599983215332,5208
2026-01-15 17:55:00,43.75,43.7599983215332,43.68000030517578,43.68000030517578,5040
2026-01-15 18:00:00,43.70000076293945,43.7599983215332,43.70000076293945,43.7599983215332,5741
2026-01-15 18:05:00,43.7599983215332,43.810001373291016,43.755001068115234,43.810001373291016,12645
2026-01-15 18:10:00,43.81999969482422,43.82500076293945,43.79999923706055,43.79999923706055,3654
2026-01-15 18:15:00,43.80500030517578,43.81281661987305,43.79010009765625,43.79999923706055,4831
2026-01-15 18:20:00,43.80500030517578,43.81999969482422,43.79999923706055,43.79999923706055,9147
2026-01-15 18:25:00,43.79999923706055,43.81999969482422,43.79999923706055,43.79999923706055,4280
2026-01-15 18:30:00,43.810001373291016,43.810001373291016,43.79999923706055,43.80500030517578,3492
2026-01-15 18:35:00,43.810001373291016,43.8390007019043,43.810001373291016,43.82500076293945,7034
2026-01-15 18:40:00,43.810001373291016,43.84000015258789,43.810001373291016,43.82500076293945,4512
2026-01-15 18:45:00,43.82500076293945,43.84000015258789,43.810001373291016,43.84000015258789,3039
2026-01-15 18:50:00,43.84999847412109,43.869998931884766,43.83000183105469,43.84999847412109,5445
2026-01-15 18:55:00,43.85499954223633,43.88010025024414,43.84000015258789,43.88010025024414,13580
2026-01-15 19:00:00,43.875,43.900001525878906,43.869998931884766,43.88999938964844,7629
2026-01-15 19:05:00,43.89500045776367,43.91999816894531,43.89500045776367,43.90999984741211,3532
2026-01-15 19:10:00,43.91999816894531,43.95899963378906,43.90999984741211,43.93999862670898,5547
2026-01-15 19:15:00,43.95700073242188,44.0,43.95000076293945,44.0,43096
2026-01-15 19:20:00,43.994998931884766,43.994998931884766,43.970001220703125,43.970001220703125,4199
2026-01-15 19:25:00,43.970001220703125,43.9900016784668,43.959999084472656,43.959999084472656,4999
2026-01-15 19:30:00,43.97499847412109,43.97999954223633,43.91999816894531,43.95000076293945,10511
2026-01-15 19:35:00,43.93000030517578,43.93000030517578,43.900001525878906,43.91999816894531,5198
2026-01-15 19:40:00,43.90999984741211,43.91999816894531,43.88999938964844,43.900001525878906,4524
2026-01-15 19:45:00,43.90499877929688,43.91999816894531,43.869998931884766,43.880001068115234,10023
2026-01-15 19:50:00,43.8849983215332,43.88999938964844,43.869998931884766,43.869998931884766,6315
2026-01-15 19:55:00,43.86000061035156,43.86000061035156,43.81999969482422,43.81999969482422,7516
2026-01-15 20:00:00,43.810001373291016,43.81999969482422,43.79999923706055,43.810001373291016,7873
2026-01-15 20:05:00,43.81499862670898,43.81999969482422,43.77999877929688,43.79999923706055,5043
2026-01-15 20:10:00,43.80500030517578,43.810001373291016,43.77999877929688,43.77999877929688,5222
2026-01-15 20:15:00,43.790000915527344,43.810001373291016,43.790000915527344,43.79999923706055,7550
2026-01-15 20:20:00,43.790000915527344,43.790000915527344,43.7400016784668,43.7400016784668,4375
2026-01-15 20:25:00,43.75,43.78499984741211,43.75,43.75,9383
2026-01-15 20:30:00,43.7400016784668,43.81999969482422,43.7400016784668,43.81999969482422,10575
2026-01-15 20:35:00,43.834999084472656,43.834999084472656,43.77000045776367,43.77000045776367,9565
2026-01-15 20:40:00,43.77999877929688,43.81999969482422,43.71500015258789,43.71500015258789,16026
2026-01-15 20:45:00,43.709999084472656,43.709999084472656,43.64500045776367,43.68999862670898,25049
2026-01-15 20:50:00,43.68999862670898,43.77320098876953,43.65499877929688,43.66999816894531,40783
2026-01-15 20:55:00,43.66999816894531,43.7400016784668,43.65999984741211,43.709999084472656,82234
2026-01-16 14:30:00,43.43999862670898,43.60499954223633,43.43999862670898,43.60499954223633,18880
2026-01-16 14:35:00,43.46009826660156,43.56999969482422,43.43000030517578,43.459999084472656,7037
2026-01-16 14:40:00,43.45500183105469,43.58000183105469,43.41999816894531,43.5078010559082,8652
2026-01-16 14:45:00,43.52000045776367,43.650001525878906,43.52000045776367,43.619998931884766,4331
2026-01-16 14:50:00,43.665000915527344,43.665000915527344,43.52999877929688,43.52999877929688,2815
2026-01-16 14:55:00,43.52999877929688,43.52999877929688,43.48500061035156,43.5,7701
2026-01-16 15:00:00,43.5099983215332,43.56999969482422,43.5099983215332,43.55500030517578,7427
2026-01-16 15:05:00,43.57500076293945,43.59000015258789,43.53499984741211,43.54999923706055,7984
2026-01-16 15:10:00,43.54999923706055,43.619998931884766,43.54999923706055,43.59999847412109,20211
2026-01-16 15:15:00,43.58000183105469,43.665000915527344,43.56999969482422,43.665000915527344,9960
2026-01-16 15:20:00,43.650001525878906,43.68000030517578,43.650001525878906,43.650001525878906,6753
2026-01-16 15:25:00,43.63999938964844,43.70000076293945,43.63999938964844,43.65999984741211,9782
2026-01-16 15:30:00,43.65499877929688,43.66999816894531,43.650001525878906,43.650001525878906,3396
2026-01-16 15:35:00,43.650001525878906,43.68999862670898,43.6349983215332,43.68000030517578,9953
2026-01-16 15:40:00,43.68999862670898,43.720001220703125,43.68000030517578,43.720001220703125,3688
2026-01-16 15:45:00,43.65999984741211,43.70000076293945,43.65999984741211,43.68999862670898,4739
2026-01-16 15:50:00,43.68000030517578,43.68000030517578,43.650001525878906,43.67499923706055,7446
2026-01-16 15:55:00,43.70000076293945,43.70000076293945,43.68000030517578,43.69499969482422,4555
2026-01-16 16:00:00,43.68999862670898,43.7400016784668,43.685001373291016,43.7400016784668,21043
2026-01-16 16:05:00,43.7400016784668,43.775001525878906,43.7400016784668,43.7400016784668,7452
2026-01-16 16:10:00,43.720001220703125,43.7400016784668,43.71500015258789,43.72999954223633,6145
2026-01-16 16:15:00,43.77000045776367,43.83000183105469,43.755001068115234,43.83000183105469,4975
2026-01-16 16:20:00,43.81999969482422,43.81999969482422,43.79999923706055,43.81999969482422,4198
2026-01-16 16:25:00,43.81999969482422,43.84999847412109,43.79499816894531,43.810001373291016,7440
2026-01-16 16:30:00,43.82500076293945,43.880001068115234,43.81999969482422,43.880001068115234,9714
2026-01-16 16:35:00,43.86899948120117,43.869998931884766,43.84000015258789,43.84000015258789,5275
2026-01-16 16:40:00,43.84000015258789,43.84000015258789,43.79999923706055,43.80500030517578,6694
2026-01-16 16:45:00,43.810001373291016,43.84000015258789,43.810001373291016,43.84000015258789,3328
2026-01-16 16:50:00,43.84000015258789,43.869998931884766,43.83000183105469,43.8650016784668,10293
2026-01-16 16:55:00,43.85499954223633,43.85499954223633,43.790000915527344,43.790000915527344,4647
2026-01-16 17:00:00,43.77999877929688,43.77999877929688,43.7400016784668,43.77000045776367,4129
2026-01-16 17:05:00,43.77000045776367,43.775001525878906,43.720001220703125,43.72999954223633,13895
2026-01-16 17:10:00,43.72999954223633,43.72999954223633,43.70500183105469,43.720001220703125,5443
2026-01-16 17:15:00,43.709999084472656,43.7400016784668,43.70500183105469,43.7400016784668,4619
2026-01-16 17:20:00,43.75,43.7509994506836,43.7400016784668,43.7400016784668,3238
2026-01-16 17:25:00,43.72999954223633,43.7599983215332,43.720001220703125,43.7599983215332,7790
2026-01-16 17:30:00,43.75,43.810001373291016,43.75,43.810001373291016,9059
2026-01-16 17:35:00,43.81999969482422,43.83000183105469,43.79999923706055,43.81999969482422,15302
2026-01-16 17:40:00,43.81999969482422,43.82500076293945,43.775001525878906,43.79499816894531,11014
2026-01-16 17:45:00,43.80500030517578,43.810001373291016,43.7599983215332,43.77999877929688,10746
2026-01-16 17:50:00,43.77000045776367,43.77000045776367,43.7599983215332,43.77000045776367,4022
2026-01-16 17:55:00,43.77000045776367,43.77000045776367,43.72999954223633,43.72999954223633,7426
2026-01-16 18:00:00,43.721900939941406,43.72999954223633,43.68999862670898,43.68999862670898,7312
2026-01-16 18:05:00,43.685001373291016,43.72999954223633,43.685001373291016,43.71500015258789,4278
2026-01-16 18:10:00,43.709999084472656,43.72999954223633,43.709999084472656,43.71500015258789,8845
2026-01-16 18:15:00,43.71500015258789,43.71500015258789,43.65999984741211,43.685001373291016,20752
2026-01-16 18:20:00,43.685001373291016,43.685001373291016,43.650001525878906,43.650001525878906,5122
2026-01-16 18:25:00,43.65999984741211,43.685001373291016,43.65999984741211,43.68000030517578,7762
2026-01-16 18:30:00,43.66999816894531,43.66999816894531,43.63999938964844,43.65999984741211,3682
2026-01-16 18:35:00,43.65999984741211,43.65999984741211,43.619998931884766,43.619998931884766,7590
2026-01-16 18:40:00,43.61000061035156,43.6349983215332,43.595001220703125,43.59999847412109,25229
2026-01-16 18:45:00,43.59000015258789,43.61000061035156,43.59000015258789,43.61000061035156,4730
2026-01-16 18:50:00,43.61000061035156,43.6150016784668,43.59000015258789,43.60499954223633,6305
2026-01-16 18:55:00,43.59999847412109,43.59999847412109,43.53499984741211,43.53499984741211,7299
2026-01-16 19:00:00,43.52999877929688,43.59999847412109,43.52000045776367,43.59999847412109,9972
2026-01-16 19:05:00,43.595001220703125,43.61000061035156,43.560001373291016,43.560001373291016,12367
2026-01-16 19:10:00,43.560001373291016,43.58000183105469,43.54999923706055,43.56999969482422,10772
2026-01-16 19:15:00,43.57059860229492,43.57059860229492,43.52999877929688,43.560001373291016,8750
2026-01-16 19:20:00,43.54999923706055,43.54999923706055,43.53499984741211,43.540000915527344,5324
2026-01-16 19:25:00,43.54999923706055,43.54999923706055,43.51499938964844,43.540000915527344,8850
2026-01-16 19:30:00,43.540000915527344,43.560001373291016,43.5099983215332,43.560001373291016,9545
2026-01-16 19:35:00,43.56999969482422,43.61000061035156,43.560001373291016,43.59999847412109,8996
2026-01-16 19:40:00,43.59000015258789,43.619998931884766,43.59000015258789,43.60499954223633,8157
2026-01-16 19:45:00,43.61000061035156,43.61000061035156,43.57500076293945,43.57500076293945,10753
2026-01-16 19:50:00,43.58000183105469,43.595001220703125,43.56999969482422,43.595001220703125,9701
2026-01-16 19:55:00,43.595001220703125,43.59999847412109,43.56999969482422,43.56999969482422,10934
2026-01-16 20:00:00,43.560001373291016,43.58000183105469,43.54499816894531,43.56999969482422,18550
2026-01-16 20:05:00,43.56999969482422,43.59999847412109,43.56999969482422,43.58000183105469,14507
2026-01-16 20:10:00,43.58000183105469,43.619998931884766,43.57500076293945,43.61000061035156,11030
2026-01-16 20:15:00,43.61000061035156,43.619998931884766,43.59000015258789,43.59000015258789,10358
2026-01-16 20:20:00,43.59450149536133,43.60499954223633,43.57500076293945,43.58000183105469,17002
2026-01-16 20:25:00,43.56999969482422,43.595001220703125,43.55500030517578,43.58000183105469,14781
2026-01-16 20:30:00,43.58000183105469,43.59000015258789,43.560001373291016,43.58000183105469,24076
2026-01-16 20:35:00,43.56999969482422,43.58990097045898,43.560001373291016,43.58000183105469,18394
2026-01-16 20:40:00,43.58000183105469,43.58000183105469,43.52999877929688,43.540000915527344,27918
2026-01-16 20:45:00,43.54999923706055,43.55500030517578,43.522499084472656,43.525001525878906,51144
2026-01-16 20:50:00,43.52000045776367,43.61000061035156,43.52000045776367,43.56999969482422,65425
2026-01-16 20:55:00,43.560001373291016,43.650001525878906,43.560001373291016,43.6349983215332,135047
2026-01-20 14:30:00,42.90999984741211,43.40999984741211,42.90999984741211,43.22999954223633,45044
2026-01-20 14:35:00,43.165000915527344,43.34999847412109,43.165000915527344,43.31999969482422,17166
2026-01-20 14:40:00,43.34999847412109,43.40999984741211,43.33000183105469,43.400001525878906,7502
2026-01-20 14:45:00,43.380001068115234,43.43000030517578,43.27999877929688,43.310001373291016,10652
2026-01-20 14:50:00,43.220001220703125,43.220001220703125,43.11000061035156,43.11000061035156,11379
2026-01-20 14:55:00,43.05500030517578,43.05500030517578,42.93999862670898,43.02000045776367,8328
2026-01-20 15:00:00,43.0099983215332,43.22999954223633,42.98500061035156,43.22999954223633,16291
2026-01-20 15:05:00,43.23500061035156,43.40999984741211,43.23500061035156,43.40999984741211,11386
2026-01-20 15:10:00,43.400001525878906,43.40499877929688,43.34000015258789,43.369998931884766,7976
2026-01-20 15:15:00,43.35499954223633,43.435001373291016,43.33000183105469,43.38999938964844,11788
2026-01-20 15:20:00,43.39500045776367,43.45000076293945,43.38999938964844,43.45000076293945,5122
2026-01-20 15:25:00,43.459999084472656,43.4900016784668,43.45000076293945,43.47999954223633,10481
2026-01-20 15:30:00,43.47499847412109,43.52000045776367,43.45000076293945,43.47499847412109,20783
2026-01-20 15:35:00,43.459999084472656,43.47999954223633,43.459999084472656,43.47999954223633,7934
2026-01-20 15:40:00,43.470001220703125,43.470001220703125,43.470001220703125,43.470001220703125,18859
2026-01-20 15:45:00,43.470001220703125,43.52000045776367,43.459999084472656,43.52000045776367,14138
2026-01-20 15:50:00,43.505001068115234,43.54999923706055,43.5,43.5099983215332,15253
2026-01-20 15:55:00,43.525001525878906,43.54999923706055,43.525001525878906,43.540000915527344,4936
2026-01-20 16:00:00,43.540000915527344,43.54499816894531,43.459999084472656,43.47010040283203,21490
2026-01-20 16:05:00,43.4900016784668,43.560001373291016,43.47499847412109,43.560001373291016,13240
2026-01-20 16:10:00,43.59000015258789,43.68999862670898,43.58000183105469,43.685001373291016,11298
2026-01-20 16:15:00,43.665000915527344,43.76499938964844,43.650001525878906,43.7599983215332,13792
2026-01-20 16:20:00,43.76499938964844,43.79499816894531,43.7400016784668,43.790000915527344,15553
2026-01-20 16:25:00,43.80500030517578,43.83000183105469,43.720001220703125,43.72999954223633,17228
2026-01-20 16:30:00,43.7400016784668,43.79999923706055,43.7400016784668,43.79999923706055,10254
2026-01-20 16:35:00,43.79499816894531,43.86000061035156,43.77999877929688,43.86000061035156,25322
2026-01-20 16:40:00,43.84000015258789,43.900001525878906,43.84000015258789,43.845001220703125,19355
2026-01-20 16:45:00,43.85480117797852,43.88650131225586,43.84999847412109,43.88650131225586,7495
2026-01-20 16:50:00,43.869998931884766,43.88999938964844,43.83000183105469,43.83000183105469,11555
2026-01-20 16:55:00,43.810001373291016,43.83000183105469,43.79499816894531,43.81999969482422,5127
2026-01-20 17:00:00,43.810001373291016,43.84999847412109,43.810001373291016,43.84999847412109,7208
2026-01-20 17:05:00,43.84000015258789,43.845001220703125,43.790000915527344,43.790000915527344,6163
2026-01-20 17:10:00,43.79999923706055,43.83000183105469,43.79999923706055,43.82500076293945,5474
2026-01-20 17:15:00,43.810001373291016,43.81999969482422,43.79999923706055,43.79999923706055,4425
2026-01-20 17:20:00,43.79999923706055,43.79999923706055,43.72499847412109,43.72499847412109,13088
2026-01-20 17:25:00,43.720001220703125,43.72499847412109,43.69499969482422,43.70500183105469,2956
2026-01-20 17:30:00,43.70000076293945,43.70500183105469,43.650001525878906,43.68000030517578,5399
2026-01-20 17:35:00,43.68999862670898,43.77999877929688,43.68999862670898,43.77999877929688,10517
2026-01-20 17:40:00,43.77000045776367,43.790000915527344,43.75,43.77999877929688,6574
2026-01-20 17:45:00,43.77999877929688,43.77999877929688,43.720001220703125,43.7400016784668,7096
2026-01-20 17:50:00,43.75,43.755001068115234,43.685001373291016,43.68999862670898,4955
2026-01-20 17:55:00,43.70000076293945,43.709999084472656,43.70000076293945,43.70000076293945,3452
2026-01-20 18:00:00,43.68999862670898,43.790000915527344,43.68999862670898,43.790000915527344,4705
2026-01-20 18:05:00,43.79990005493164,43.84999847412109,43.79990005493164,43.84999847412109,7323
2026-01-20 18:10:00,43.84999847412109,43.880001068115234,43.7599983215332,43.810001373291016,33071
2026-01-20 18:15:00,43.810001373291016,43.810001373291016,43.72969818115234,43.744998931884766,4480
2026-01-20 18:20:00,43.72999954223633,43.744998931884766,43.709999084472656,43.72999954223633,4870
2026-01-20 18:25:00,43.72999954223633,43.77999877929688,43.72999954223633,43.77000045776367,8398
2026-01-20 18:30:00,43.77000045776367,43.790000915527344,43.75,43.77000045776367,8302
2026-01-20 18:35:00,43.77000045776367,43.77999877929688,43.75,43.775001525878906,3668
2026-01-20 18:40:00,43.77069854736328,43.77069854736328,43.75,43.75,10805
2026-01-20 18:45:00,43.7400016784668,43.7400016784668,43.70000076293945,43.709999084472656,5238
2026-01-20 18:50:00,43.68999862670898,43.68999862670898,43.64936447143555,43.650001525878906,5884
2026-01-20 18:55:00,43.650001525878906,43.65919876098633,43.625,43.630001068115234,6330
2026-01-20 19:00:00,43.619998931884766,43.72499847412109,43.61920166015625,43.68999862670898,10884
2026-01-20 19:05:00,43.69499969482422,43.69499969482422,43.65999984741211,43.68000030517578,8387
2026-01-20 19:10:00,43.65999984741211,43.65999984741211,43.619998931884766,43.619998931884766,5141
2026-01-20 19:15:00,43.619998931884766,43.63999938964844,43.619998931884766,43.619998931884766,3943
2026-01-20 19:20:00,43.61000061035156,43.619998931884766,43.58000183105469,43.619998931884766,14208
2026-01-20 19:25:00,43.630001068115234,43.66999816894531,43.630001068115234,43.66999816894531,10739
2026-01-20 19:30:00,43.66999816894531,43.68000030517578,43.595001220703125,43.650001525878906,11768
2026-01-20 19:35:00,43.65999984741211,43.71500015258789,43.650001525878906,43.71500015258789,12827
2026-01-20 19:40:00,43.720001220703125,43.72999954223633,43.709999084472656,43.72999954223633,7383
2026-01-20 19:45:00,43.7400016784668,43.744998931884766,43.69499969482422,43.69499969482422,5820
2026-01-20 19:50:00,43.68999862670898,43.71500015258789,43.67720031738281,43.686798095703125,6181
2026-01-20 19:55:00,43.68000030517578,43.70000076293945,43.650001525878906,43.650001525878906,10902
2026-01-20 20:00:00,43.65999984741211,43.66999816894531,43.650001525878906,43.650001525878906,6618
2026-01-20 20:05:00,43.64799880981445,43.68000030517578,43.64799880981445,43.68000030517578,9238
2026-01-20 20:10:00,43.685001373291016,43.68999862670898,43.66999816894531,43.68999862670898,11791
2026-01-20 20:15:00,43.68999862670898,43.73550033569336,43.67499923706055,43.73500061035156,23156
2026-01-20 20:20:00,43.7400016784668,43.75,43.68999862670898,43.68999862670898,28331
2026-01-20 20:25:00,43.709999084472656,43.76499938964844,43.709999084472656,43.7599983215332,12211
2026-01-20 20:30:00,43.75,43.7599983215332,43.70500183105469,43.75,20834
2026-01-20 20:35:00,43.7400016784668,43.7599983215332,43.720001220703125,43.75,24855
2026-01-20 20:40:00,43.7599983215332,43.775001525878906,43.72999954223633,43.72999954223633,18873
2026-01-20 20:45:00,43.72999954223633,43.78499984741211,43.72999954223633,43.7400016784668,37545
2026-01-20 20:50:00,43.75,43.77000045776367,43.70000076293945,43.709999084472656,37797
2026-01-20 20:55:00,43.709999084472656,43.72999954223633,43.66999816894531,43.68999862670898,111562
2026-01-21 14:30:00,44.040000915527344,44.16999816894531,43.92499923706055,44.119998931884766,33682
2026-01-21 14:35:00,43.97999954223633,44.09000015258789,43.93000030517578,43.96500015258789,6237
2026-01-21 14:40:00,43.959999084472656,43.959999084472656,43.79999923706055,43.845001220703125,3044
2026-01-21 14:45:00,43.845001220703125,43.91999816894531,43.744998931884766,43.900001525878906,23762
2026-01-21 14:50:00,43.90999984741211,43.935001373291016,43.790000915527344,43.84999847412109,17657
2026-01-21 14:55:00,43.880001068115234,43.93999862670898,43.880001068115234,43.93000030517578,4058
2026-01-21 15:00:00,43.91999816894531,43.91999816894531,43.82500076293945,43.845001220703125,13647
2026-01-21 15:05:00,43.845001220703125,43.92100143432617,43.83000183105469,43.92100143432617,13779
2026-01-21 15:10:00,43.91999816894531,43.91999816894531,43.775001525878906,43.775001525878906,9496
2026-01-21 15:15:00,43.775001525878906,43.775001525878906,43.71749877929688,43.720001220703125,6591
2026-01-21 15:20:00,43.720001220703125,43.72499847412109,43.65999984741211,43.65999984741211,5272
2026-01-21 15:25:00,43.66999816894531,43.68999862670898,43.62099838256836,43.63999938964844,7207
2026-01-21 15:30:00,43.6349983215332,43.6349983215332,43.54999923706055,43.54999923706055,7382
2026-01-21 15:35:00,43.56999969482422,43.64500045776367,43.54999923706055,43.63999938964844,8291
2026-01-21 15:40:00,43.619998931884766,43.619998931884766,43.56499862670898,43.56999969482422,4350
2026-01-21 15:45:00,43.55500030517578,43.58000183105469,43.52999877929688,43.540000915527344,9222
2026-01-21 15:50:00,43.52999877929688,43.52999877929688,43.45000076293945,43.45000076293945,7292
2026-01-21 15:55:00,43.45000076293945,43.47249984741211,43.38999938964844,43.400001525878906,11770
2026-01-21 16:00:00,43.40999984741211,43.47999954223633,43.40999984741211,43.459999084472656,4537
2026-01-21 16:05:00,43.4900016784668,43.54999923706055,43.48500061035156,43.54499816894531,4023
2026-01-21 16:10:00,43.52999877929688,43.54499816894531,43.510101318359375,43.54499816894531,4756
2026-01-21 16:15:00,43.56999969482422,43.630001068115234,43.56999969482422,43.60900115966797,10550
2026-01-21 16:20:00,43.619998931884766,43.619998931884766,43.56999969482422,43.58000183105469,5171
2026-01-21 16:25:00,43.56999969482422,43.59000015258789,43.54999923706055,43.56499862670898,4603
2026-01-21 16:30:00,43.58000183105469,43.65999984741211,43.58000183105469,43.650001525878906,8213
2026-01-21 16:35:00,43.66999816894531,43.66999816894531,43.630001068115234,43.650001525878906,7142
2026-01-21 16:40:00,43.650001525878906,43.70500183105469,43.650001525878906,43.68999862670898,11967
2026-01-21 16:45:00,43.709999084472656,43.7599983215332,43.68999862670898,43.720001220703125,6351
2026-01-21 16:50:00,43.72499847412109,43.72999954223633,43.66999816894531,43.70500183105469,4507
2026-01-21 16:55:00,43.68999862670898,43.68999862670898,43.63999938964844,43.63999938964844,4886
2026-01-21 17:00:00,43.63999938964844,43.63999938964844,43.595001220703125,43.60499954223633,2561
2026-01-21 17:05:00,43.60499954223633,43.60499954223633,43.56999969482422,43.58000183105469,5023
2026-01-21 17:10:00,43.56999969482422,43.56999969482422,43.5,43.5099983215332,6415
2026-01-21 17:15:00,43.505001068115234,43.52999877929688,43.47999954223633,43.52999877929688,7291
2026-01-21 17:20:00,43.540000915527344,43.58000183105469,43.53499984741211,43.54999923706055,4610
2026-01-21 17:25:00,43.560001373291016,43.560001373291016,43.5099983215332,43.52999877929688,3771
2026-01-21 17:30:00,43.525001525878906,43.54999923706055,43.51499938964844,43.54999923706055,3681
2026-01-21 17:35:00,43.540000915527344,43.55500030517578,43.52000045776367,43.540000915527344,9420
2026-01-21 17:40:00,43.540000915527344,43.550899505615234,43.52999877929688,43.540000915527344,4836
2026-01-21 17:45:00,43.52999877929688,43.58000183105469,43.52000045776367,43.560001373291016,5540
2026-01-21 17:50:00,43.560001373291016,43.66999816894531,43.54999923706055,43.66999816894531,10322
2026-01-21 17:55:00,43.650001525878906,43.650001525878906,43.60499954223633,43.61000061035156,9062
2026-01-21 18:00:00,43.61000061035156,43.6150016784668,43.56499862670898,43.56999969482422,6079
2026-01-21 18:05:00,43.58000183105469,43.61000061035156,43.57500076293945,43.59999847412109,4982
2026-01-21 18:10:00,43.61000061035156,43.650001525878906,43.61000061035156,43.619998931884766,5386
2026-01-21 18:15:00,43.625,43.65999984741211,43.625,43.65999984741211,4511
2026-01-21 18:20:00,43.665000915527344,43.690799713134766,43.65999984741211,43.67499923706055,9412
2026-01-21 18:30:00,43.67499923706055,43.689701080322266,43.67499923706055,43.689701080322266,16897
2026-01-21 18:35:00,43.68999862670898,43.70000076293945,43.66999816894531,43.66999816894531,4493
2026-01-21 18:40:00,43.66999816894531,43.66999816894531,43.625,43.630001068115234,6662
2026-01-21 18:45:00,43.630001068115234,43.68000030517578,43.630001068115234,43.650001525878906,8364
2026-01-21 18:50:00,43.650001525878906,43.650001525878906,43.58000183105469,43.58000183105469,5509
2026-01-21 18:55:00,43.59000015258789,43.59999847412109,43.47999954223633,43.47999954223633,8377
2026-01-21 19:00:00,43.48500061035156,43.5,43.470001220703125,43.4900016784668,5976
2026-01-21 19:05:00,43.4900016784668,43.540000915527344,43.4900016784668,43.540000915527344,7990
2026-01-21 19:10:00,43.52000045776367,43.54999923706055,43.51499938964844,43.54999923706055,14350
2026-01-21 19:15:00,43.540000915527344,43.560001373291016,43.52000045776367,43.560001373291016,6358
2026-01-21 19:20:00,43.560001373291016,43.59000015258789,43.560001373291016,43.59000015258789,12137
2026-01-21 19:25:00,43.59000015258789,43.630001068115234,43.540000915527344,43.540000915527344,15470
2026-01-21 19:30:00,43.540000915527344,43.56999969482422,43.459999084472656,43.56999969482422,11346
2026-01-21 19:35:00,43.56999969482422,43.58000183105469,43.540000915527344,43.57500076293945,6888
2026-01-21 19:40:00,43.59999847412109,43.65999984741211,43.59999847412109,43.63999938964844,12921
2026-01-21 19:45:00,43.63999938964844,43.68000030517578,43.59999847412109,43.68000030517578,12511
2026-01-21 19:50:00,43.68000030517578,43.709999084472656,43.650001525878906,43.65999984741211,15011
2026-01-21 19:55:00,43.65999984741211,43.65999984741211,43.61000061035156,43.61000061035156,15776
2026-01-21 20:00:00,43.619998931884766,43.65999984741211,43.619998931884766,43.63999938964844,14000
2026-01-21 20:05:00,43.63999938964844,43.65999984741211,43.61000061035156,43.630001068115234,13170
2026-01-21 20:10:00,43.630001068115234,43.630001068115234,43.595001220703125,43.595001220703125,12595
2026-01-21 20:15:00,43.59999847412109,43.61000061035156,43.56499862670898,43.58000183105469,26702
2026-01-21 20:20:00,43.59000015258789,43.61000061035156,43.560001373291016,43.56499862670898,12792
2026-01-21 20:25:00,43.56460189819336,43.619998931884766,43.56460189819336,43.619998931884766,18322
2026-01-21 20:30:00,43.61000061035156,43.67499923706055,43.59999847412109,43.67499923706055,18674
2026-01-21 20:35:00,43.66999816894531,43.7400016784668,43.66999816894531,43.72999954223633,18106
2026-01-21 20:40:00,43.7400016784668,43.77000045776367,43.68000030517578,43.70000076293945,24157
2026-01-21 20:45:00,43.69499969482422,43.7400016784668,43.68000030517578,43.720001220703125,31652
2026-01-21 20:50:00,43.720001220703125,43.7400016784668,43.650001525878906,43.68999862670898,53198
2026-01-21 20:55:00,43.69499969482422,43.720001220703125,43.63999938964844,43.70000076293945,108669
2026-01-22 14:30:00,43.70000076293945,43.720001220703125,43.625,43.64500045776367,10665
2026-01-22 14:35:00,43.64500045776367,43.709999084472656,43.58000183105469,43.66999816894531,3255
2026-01-22 14:40:00,43.68999862670898,43.68999862670898,43.55500030517578,43.58000183105469,5568
2026-01-22 14:45:00,43.54999923706055,43.560001373291016,43.36000061035156,43.40999984741211,6118
2026-01-22 14:50:00,43.40499877929688,43.40499877929688,43.2400016784668,43.34000015258789,13893
2026-01-22 14:55:00,43.33000183105469,43.400001525878906,43.33000183105469,43.380001068115234,15832
2026-01-22 15:00:00,43.3849983215332,43.400001525878906,43.23500061035156,43.23500061035156,12381
2026-01-22 15:05:00,43.20500183105469,43.20500183105469,43.08000183105469,43.15999984741211,6649
2026-01-22 15:10:00,43.15999984741211,43.209999084472656,43.11000061035156,43.20000076293945,10592
2026-01-22 15:15:00,43.20000076293945,43.220001220703125,43.11000061035156,43.220001220703125,12289
2026-01-22 15:20:00,43.209999084472656,43.22999954223633,43.130001068115234,43.16999816894531,12153
2026-01-22 15:25:00,43.18999862670898,43.220001220703125,43.125,43.20000076293945,10620
2026-01-22 15:30:00,43.220001220703125,43.27999877929688,43.220001220703125,43.22999954223633,9571
2026-01-22 15:35:00,43.2400016784668,43.310001373291016,43.2400016784668,43.290000915527344,10627
2026-01-22 15:40:00,43.27000045776367,43.30500030517578,43.2599983215332,43.28499984741211,20689
2026-01-22 15:45:00,43.275001525878906,43.34999847412109,43.275001525878906,43.31999969482422,6223
2026-01-22 15:50:00,43.31999969482422,43.33000183105469,43.28499984741211,43.29499816894531,12734
2026-01-22 15:55:00,43.31999969482422,43.40499877929688,43.310001373291016,43.38999938964844,50067
2026-01-22 16:00:00,43.38999938964844,43.415000915527344,43.34000015258789,43.38999938964844,14579
2026-01-22 16:05:00,43.3849983215332,43.38999938964844,43.34999847412109,43.34999847412109,7624
2026-01-22 16:10:00,43.36000061035156,43.380001068115234,43.36000061035156,43.380001068115234,8210
2026-01-22 16:15:00,43.36000061035156,43.36000061035156,43.290000915527344,43.33000183105469,7604
2026-01-22 16:20:00,43.36000061035156,43.36000061035156,43.26499938964844,43.26499938964844,14251
2026-01-22 16:25:00,43.27000045776367,43.27999877929688,43.220001220703125,43.2599983215332,11018
2026-01-22 16:30:00,43.25,43.25,43.20000076293945,43.22999954223633,8351
2026-01-22 16:35:00,43.220001220703125,43.220001220703125,43.16999816894531,43.18000030517578,7591
2026-01-22 16:40:00,43.17499923706055,43.26499938964844,43.17499923706055,43.22499847412109,9552
2026-01-22 16:45:00,43.22499847412109,43.2400016784668,43.20000076293945,43.22999954223633,9746
2026-01-22 16:50:00,43.220001220703125,43.25,43.21009826660156,43.22999954223633,10863
2026-01-22 16:55:00,43.22999954223633,43.2400016784668,43.16999816894531,43.185001373291016,12631
2026-01-22 17:00:00,43.185001373291016,43.27000045776367,43.185001373291016,43.25,9571
2026-01-22 17:05:00,43.22999954223633,43.290000915527344,43.22999954223633,43.275001525878906,26425
2026-01-22 17:10:00,43.26499938964844,43.290000915527344,43.244998931884766,43.27000045776367,7344
2026-01-22 17:15:00,43.27000045776367,43.27999877929688,43.20000076293945,43.20000076293945,8226
2026-01-22 17:20:00,43.20000076293945,43.220001220703125,43.18000030517578,43.220001220703125,12231
2026-01-22 17:25:00,43.220001220703125,43.23500061035156,43.18999862670898,43.23500061035156,7216
2026-01-22 17:30:00,43.2400016784668,43.2599983215332,43.220001220703125,43.220001220703125,7726
2026-01-22 17:35:00,43.2400016784668,43.31499862670898,43.23500061035156,43.29999923706055,6321
2026-01-22 17:40:00,43.31999969482422,43.36000061035156,43.31999969482422,43.32500076293945,8268
2026-01-22 17:45:00,43.31999969482422,43.33000183105469,43.310001373291016,43.31999969482422,7395
2026-01-22 17:50:00,43.310001373291016,43.34999847412109,43.29499816894531,43.33000183105469,10415
2026-01-22 17:55:00,43.33000183105469,43.35499954223633,43.30500030517578,43.35499954223633,9400
2026-01-22 18:00:00,43.35499954223633,43.380001068115234,43.34999847412109,43.36000061035156,8573
2026-01-22 18:05:00,43.369998931884766,43.380001068115234,43.31999969482422,43.31999969482422,8934
2026-01-22 18:10:00,43.31999969482422,43.31999969482422,43.27999877929688,43.30030059814453,24801
2026-01-22 18:15:00,43.30500030517578,43.31499862670898,43.2599983215332,43.27999877929688,16761
2026-01-22 18:20:00,43.290000915527344,43.290000915527344,43.22999954223633,43.22999954223633,12003
2026-01-22 18:25:00,43.2400016784668,43.2400016784668,43.185001373291016,43.20500183105469,10612
2026-01-22 18:30:00,43.209999084472656,43.28499984741211,43.209999084472656,43.25,19789
2026-01-22 18:35:00,43.25,43.30500030517578,43.24459838867188,43.290000915527344,13632
2026-01-22 18:40:00,43.290000915527344,43.33000183105469,43.2599983215332,43.310001373291016,65645
2026-01-22 18:45:00,43.29999923706055,43.36000061035156,43.290000915527344,43.36000061035156,52013
2026-01-22 18:50:00,43.3650016784668,43.380001068115234,43.35919952392578,43.369998931884766,5018
2026-01-22 18:55:00,43.369998931884766,43.41999816894531,43.369998931884766,43.41999816894531,16693
2026-01-22 19:00:00,43.415000915527344,43.43999862670898,43.400001525878906,43.415000915527344,15502
2026-01-22 19:05:00,43.40999984741211,43.41999816894531,43.39500045776367,43.410099029541016,13661
2026-01-22 19:10:00,43.43000030517578,43.43999862670898,43.41999816894531,43.43000030517578,6684
2026-01-22 19:15:00,43.435001373291016,43.43999862670898,43.39500045776367,43.400001525878906,16179
2026-01-22 19:20:00,43.40999984741211,43.44499969482422,43.40999984741211,43.43999862670898,8212
2026-01-22 19:25:00,43.44039916992188,43.44039916992188,43.400001525878906,43.41999816894531,5006
2026-01-22 19:30:00,43.40499877929688,43.40589904785156,43.34000015258789,43.34999847412109,29012
2026-01-22 19:35:00,43.34000015258789,43.400001525878906,43.334999084472656,43.3650016784668,27995
2026-01-22 19:40:00,43.3650016784668,43.38999938964844,43.36000061035156,43.369998931884766,17260
2026-01-22 19:45:00,43.3650016784668,43.38999938964844,43.36000061035156,43.38999938964844,10079
2026-01-22 19:50:00,43.380001068115234,43.400001525878906,43.369998931884766,43.380001068115234,12642
2026-01-22 19:55:00,43.380001068115234,43.40499877929688,43.36000061035156,43.369998931884766,14775
2026-01-22 20:00:00,43.369998931884766,43.380001068115234,43.33000183105469,43.36000061035156,18570
2026-01-22 20:05:00,43.36000061035156,43.380001068115234,43.33000183105469,43.369998931884766,20188
2026-01-22 20:10:00,43.369998931884766,43.400001525878906,43.36000061035156,43.380001068115234,17701
2026-01-22 20:15:00,43.380001068115234,43.40999984741211,43.36000061035156,43.40999984741211,26337
2026-01-22 20:20:00,43.400001525878906,43.40999984741211,43.31499862670898,43.31499862670898,31293
2026-01-22 20:25:00,43.310001373291016,43.310001373291016,43.2400016784668,43.2400016784668,32034
2026-01-22 20:30:00,43.22999954223633,43.27000045776367,43.15999984741211,43.27000045776367,66424
2026-01-22 20:35:00,43.25,43.29999923706055,43.22499847412109,43.290000915527344,21089
2026-01-22 20:40:00,43.29999923706055,43.34999847412109,43.290000915527344,43.334999084472656,30613
2026-01-22 20:45:00,43.33000183105469,43.33000183105469,43.2400016784668,43.275001525878906,40399
2026-01-22 20:50:00,43.27999877929688,43.31999969482422,43.220001220703125,43.23500061035156,56901
2026-01-22 20:55:00,43.22999954223633,43.22999954223633,43.15999984741211,43.18000030517578,115980
2026-01-23 14:30:00,43.15999984741211,43.18999862670898,42.7599983215332,42.85499954223633,84427
2026-01-23 14:35:00,42.81999969482422,42.88999938964844,42.7599983215332,42.79999923706055,2372
2026-01-23 14:40:00,42.79999923706055,42.869998931884766,42.6349983215332,42.77999877929688,47623
2026-01-23 14:45:00,42.75,42.810001373291016,42.619998931884766,42.619998931884766,41322
2026-01-23 14:50:00,42.625,42.63999938964844,42.55500030517578,42.58000183105469,29354
2026-01-23 14:55:00,42.562801361083984,42.630001068115234,42.41999816894531,42.540000915527344,18465
2026-01-23 15:00:00,42.540000915527344,42.540000915527344,42.459999084472656,42.5099983215332,7776
2026-01-23 15:05:00,42.5099983215332,42.6150016784668,42.5,42.540000915527344,17572
2026-01-23 15:10:00,42.54999923706055,42.59000015258789,42.470001220703125,42.47999954223633,52672
2026-01-23 15:15:00,42.459999084472656,42.4900016784668,42.36000061035156,42.36000061035156,27501
2026-01-23 15:20:00,42.3650016784668,42.40999984741211,42.31999969482422,42.345001220703125,17355
2026-01-23 15:25:00,42.345001220703125,42.40999984741211,42.345001220703125,42.380001068115234,39194
2026-01-23 15:30:00,42.380001068115234,42.45000076293945,42.33000183105469,42.41999816894531,21936
2026-01-23 15:35:00,42.415000915527344,42.41999816894531,42.34999847412109,42.400001525878906,10908
2026-01-23 15:40:00,42.41999816894531,42.459999084472656,42.41999816894531,42.44499969482422,11471
2026-01-23 15:45:00,42.43999862670898,42.470001220703125,42.415000915527344,42.459999084472656,8831
2026-01-23 15:50:00,42.459999084472656,42.47999954223633,42.38999938964844,42.41999816894531,20157
2026-01-23 15:55:00,42.42499923706055,42.45000076293945,42.33000183105469,42.345001220703125,29784
2026-01-23 16:00:00,42.34000015258789,42.43999862670898,42.290000915527344,42.400001525878906,7964
2026-01-23 16:05:00,42.41999816894531,42.505001068115234,42.41999816894531,42.435001373291016,44077
2026-01-23 16:10:00,42.43000030517578,42.47499847412109,42.40999984741211,42.47499847412109,8548
2026-01-23 16:15:00,42.4900016784668,42.58000183105469,42.47999954223633,42.56999969482422,7695
2026-01-23 16:20:00,42.58000183105469,42.60499954223633,42.54999923706055,42.58000183105469,11817
2026-01-23 16:25:00,42.59000015258789,42.625,42.54999923706055,42.61000061035156,13997
2026-01-23 16:30:00,42.619998931884766,42.619998931884766,42.58000183105469,42.59000015258789,9077
2026-01-23 16:35:00,42.59000015258789,42.59999847412109,42.47999954223633,42.494998931884766,38867
2026-01-23 16:40:00,42.5099983215332,42.52000045776367,42.38999938964844,42.41999816894531,19352
2026-01-23 16:45:00,42.40999984741211,42.41999816894531,42.31999969482422,42.36000061035156,57635
2026-01-23 16:50:00,42.369998931884766,42.40999984741211,42.30500030517578,42.34000015258789,46245
2026-01-23 16:55:00,42.34000015258789,42.369998931884766,42.31999969482422,42.34000015258789,12505
2026-01-23 17:00:00,42.34999847412109,42.45000076293945,42.34999847412109,42.40999984741211,74402
2026-01-23 17:05:00,42.400001525878906,42.47999954223633,42.400001525878906,42.459999084472656,45186
2026-01-23 17:10:00,42.45000076293945,42.5,42.43000030517578,42.43000030517578,16735
2026-01-23 17:15:00,42.43000030517578,42.43999862670898,42.334999084472656,42.34000015258789,10279
2026-01-23 17:20:00,42.34999847412109,42.369998931884766,42.33000183105469,42.34999847412109,7047
2026-01-23 17:25:00,42.34999847412109,42.38999938964844,42.34000015258789,42.375,9381
2026-01-23 17:30:00,42.38999938964844,42.41999816894531,42.375,42.38999938964844,9671
2026-01-23 17:35:00,42.400001525878906,42.43000030517578,42.38999938964844,42.43000030517578,10465
2026-01-23 17:40:00,42.43999862670898,42.5,42.43999862670898,42.4900016784668,10992
2026-01-23 17:45:00,42.48500061035156,42.48500061035156,42.44499969482422,42.45000076293945,15882
2026-01-23 17:50:00,42.45000076293945,42.46500015258789,42.40999984741211,42.40999984741211,25738
2026-01-23 17:55:00,42.41999816894531,42.41999816894531,42.3650016784668,42.38999938964844,12708
2026-01-23 18:00:00,42.380001068115234,42.380001068115234,42.34999847412109,42.36000061035156,7519
2026-01-23 18:05:00,42.34000015258789,42.369998931884766,42.29999923706055,42.34999847412109,13556
2026-01-23 18:10:00,42.34999847412109,42.36000061035156,42.34000015258789,42.34999847412109,9461
2026-01-23 18:15:00,42.36000061035156,42.369998931884766,42.337501525878906,42.36000061035156,70562
2026-01-23 18:20:00,42.36000061035156,42.40999984741211,42.34999847412109,42.35499954223633,19632
2026-01-23 18:25:00,42.36000061035156,42.400001525878906,42.34000015258789,42.380001068115234,12306
2026-01-23 18:30:00,42.3849983215332,42.5099983215332,42.3849983215332,42.505001068115234,17281
2026-01-23 18:35:00,42.5,42.59999847412109,42.5,42.59000015258789,15059
2026-01-23 18:40:00,42.59000015258789,42.59000015258789,42.560001373291016,42.59000015258789,9146
2026-01-23 18:45:00,42.56999969482422,42.58000183105469,42.54999923706055,42.58000183105469,9950
2026-01-23 18:50:00,42.57500076293945,42.59999847412109,42.560001373291016,42.59000015258789,10689
2026-01-23 18:55:00,42.58000183105469,42.59999847412109,42.56499862670898,42.59000015258789,15622
2026-01-23 19:00:00,42.59000015258789,42.63999938964844,42.59000015258789,42.63999938964844,6936
2026-01-23 19:05:00,42.6349983215332,42.63999938964844,42.59000015258789,42.630001068115234,8292
2026-01-23 19:10:00,42.63999938964844,42.65499877929688,42.630001068115234,42.630001068115234,10116
2026-01-23 19:15:00,42.63999938964844,42.66999816894531,42.63999938964844,42.650001525878906,7354
2026-01-23 19:20:00,42.65499877929688,42.720001220703125,42.65499877929688,42.70000076293945,8636
2026-01-23 19:25:00,42.709999084472656,42.72999954223633,42.70000076293945,42.709999084472656,11582
2026-01-23 19:30:00,42.70000076293945,42.70000076293945,42.65999984741211,42.69499969482422,9287
2026-01-23 19:35:00,42.68999862670898,42.69499969482422,42.54999923706055,42.54999923706055,24216
2026-01-23 19:40:00,42.54999923706055,42.56999969482422,42.52999877929688,42.54999923706055,22739
2026-01-23 19:45:00,42.540000915527344,42.58000183105469,42.52999877929688,42.54499816894531,33502
2026-01-23 19:50:00,42.52999877929688,42.54999923706055,42.5099983215332,42.525001525878906,23090
2026-01-23 19:55:00,42.540000915527344,42.540000915527344,42.4900016784668,42.5,26217
2026-01-23 20:00:00,42.47999954223633,42.5099983215332,42.45000076293945,42.470001220703125,60693
2026-01-23 20:05:00,42.470001220703125,42.48500061035156,42.459999084472656,42.48500061035156,24025
2026-01-23 20:10:00,42.47999954223633,42.49729919433594,42.46500015258789,42.4900016784668,35123
2026-01-23 20:15:00,42.4900016784668,42.52000045776367,42.48500061035156,42.51499938964844,84763
2026-01-23 20:20:00,42.52000045776367,42.52999877929688,42.48500061035156,42.5099983215332,49986
2026-01-23 20:25:00,42.5,42.5,42.459999084472656,42.46500015258789,23446
2026-01-23 20:30:00,42.459999084472656,42.54999923706055,42.43000030517578,42.53499984741211,27083
2026-01-23 20:35:00,42.52999877929688,42.52999877929688,42.459999084472656,42.5,109001
2026-01-23 20:40:00,42.5099983215332,42.525001525878906,42.43000030517578,42.47999954223633,27798
2026-01-23 20:45:00,42.4900016784668,42.63999938964844,42.4900016784668,42.619998931884766,48094
2026-01-23 20:50:00,42.63999938964844,42.709999084472656,42.63999938964844,42.650001525878906,59972
2026-01-23 20:55:00,42.650001525878906,42.68999862670898,42.59000015258789,42.685001373291016,270447
2026-01-26 14:30:00,42.90999984741211,43.45000076293945,42.90999984741211,42.95000076293945,63537
2026-01-26 14:35:00,42.9900016784668,43.18999862670898,42.97999954223633,43.130001068115234,43304
2026-01-26 14:40:00,43.185001373291016,43.2599983215332,43.185001373291016,43.244998931884766,2458
2026-01-26 14:45:00,43.27999877929688,43.34999847412109,43.21500015258789,43.34999847412109,15608
2026-01-26 14:50:00,43.36000061035156,43.45000076293945,43.31999969482422,43.33000183105469,8889
2026-01-26 14:55:00,43.34999847412109,43.34999847412109,43.18999862670898,43.2400016784668,6896
2026-01-26 15:00:00,43.220001220703125,43.25,43.18999862670898,43.19499969482422,14319
2026-01-26 15:05:00,43.20000076293945,43.20000076293945,43.07500076293945,43.1150016784668,6110
2026-01-26 15:10:00,43.09999847412109,43.15700149536133,43.09999847412109,43.119998931884766,9099
2026-01-26 15:15:00,43.130001068115234,43.27000045776367,43.12900161743164,43.18999862670898,41884
2026-01-26 15:20:00,43.16999816894531,43.18939971923828,43.14500045776367,43.18939971923828,8868
2026-01-26 15:25:00,43.189701080322266,43.189701080322266,43.11000061035156,43.150001525878906,5059
2026-01-26 15:30:00,43.150001525878906,43.18899917602539,43.130001068115234,43.18000030517578,6725
2026-01-26 15:35:00,43.20000076293945,43.209999084472656,43.13999938964844,43.13999938964844,9915
2026-01-26 15:40:00,43.14899826049805,43.14899826049805,43.09999847412109,43.119998931884766,7342
2026-01-26 15:45:00,43.13999938964844,43.220001220703125,43.13999938964844,43.220001220703125,7319
2026-01-26 15:50:00,43.209999084472656,43.22499847412109,43.16999816894531,43.220001220703125,6289
2026-01-26 15:55:00,43.2400016784668,43.2400016784668,43.18999862670898,43.18999862670898,10325
2026-01-26 16:00:00,43.20000076293945,43.22999954223633,43.19499969482422,43.2051010131836,6428
2026-01-26 16:05:00,43.209999084472656,43.220001220703125,43.18999862670898,43.18999862670898,5111
2026-01-26 16:10:00,43.18000030517578,43.18999862670898,43.13999938964844,43.13999938964844,5908
2026-01-26 16:15:00,43.1349983215332,43.16999816894531,43.1349983215332,43.15999984741211,9872
2026-01-26 16:20:00,43.150001525878906,43.20000076293945,43.119998931884766,43.19900131225586,15147
2026-01-26 16:25:00,43.16999816894531,43.17900085449219,43.13999938964844,43.13999938964844,5846
2026-01-26 16:30:00,43.13999938964844,43.13999938964844,43.09999847412109,43.11000061035156,4638
2026-01-26 16:35:00,43.125,43.13899993896485,43.09000015258789,43.09000015258789,5979
2026-01-26 16:40:00,43.08000183105469,43.09999847412109,43.040000915527344,43.04999923706055,13407
2026-01-26 16:45:00,43.05970001220703,43.05970001220703,42.999000549316406,42.999000549316406,23107
2026-01-26 16:50:00,43.0,43.02000045776367,42.98500061035156,42.98500061035156,18154
2026-01-26 16:55:00,42.97999954223633,43.0,42.97499847412109,42.9900016784668,7207
2026-01-26 17:00:00,42.97999954223633,42.97999954223633,42.95000076293945,42.970001220703125,8513
2026-01-26 17:05:00,42.9900016784668,43.0099983215332,42.9900016784668,43.0,6901
2026-01-26 17:10:00,43.0,43.02000045776367,43.0,43.02000045776367,6104
2026-01-26 17:15:00,43.0099983215332,43.04999923706055,43.0099983215332,43.025001525878906,5030
2026-01-26 17:20:00,43.025001525878906,43.02999877929688,43.02000045776367,43.025001525878906,4312
2026-01-26 17:25:00,43.02510070800781,43.060001373291016,43.01499938964844,43.060001373291016,6713
2026-01-26 17:30:00,43.06999969482422,43.06999969482422,43.040000915527344,43.04499816894531,4245
2026-01-26 17:35:00,43.04499816894531,43.07379913330078,43.02999877929688,43.04999923706055,13032
2026-01-26 17:40:00,43.05569839477539,43.060001373291016,43.03499984741211,43.03499984741211,3239
2026-01-26 17:45:00,43.040000915527344,43.040000915527344,43.02999877929688,43.02999877929688,3491
2026-01-26 17:50:00,43.02999877929688,43.060001373291016,43.025001525878906,43.025001525878906,4984
2026-01-26 17:55:00,43.02999877929688,43.03499984741211,43.02000045776367,43.02000045776367,6787
2026-01-26 18:00:00,43.02000045776367,43.040000915527344,43.0,43.02999877929688,7308
2026-01-26 18:05:00,43.02009963989258,43.060001373291016,43.02000045776367,43.040000915527344,7064
2026-01-26 18:10:00,43.040000915527344,43.060001373291016,43.02999877929688,43.02999877929688,4998
2026-01-26 18:15:00,43.040000915527344,43.06499862670898,43.02999877929688,43.06499862670898,7329
2026-01-26 18:20:00,43.06499862670898,43.08000183105469,43.06499862670898,43.06999969482422,4744
2026-01-26 18:25:00,43.08000183105469,43.11000061035156,43.07500076293945,43.09999847412109,6561
2026-01-26 18:30:00,43.11000061035156,43.11000061035156,43.06999969482422,43.09000015258789,10426
2026-01-26 18:35:00,43.09999847412109,43.1150016784668,43.09000015258789,43.10499954223633,5655
2026-01-26 18:40:00,43.11000061035156,43.1349983215332,43.11000061035156,43.125,6006
2026-01-26 18:45:00,43.125,43.13999938964844,43.119998931884766,43.130001068115234,4282
2026-01-26 18:50:00,43.130001068115234,43.130001068115234,43.09999847412109,43.11000061035156,5375
2026-01-26 18:55:00,43.1150016784668,43.1150016784668,43.09000015258789,43.09000015258789,7101
2026-01-26 19:00:00,43.09000015258789,43.09000015258789,43.04999923706055,43.07500076293945,19315
2026-01-26 19:05:00,43.08000183105469,43.09080123901367,43.04999923706055,43.05500030517578,26543
2026-01-26 19:10:00,43.060001373291016,43.09000015258789,43.060001373291016,43.084999084472656,6766
2026-01-26 19:15:00,43.084999084472656,43.084999084472656,43.060001373291016,43.06499862670898,13703
2026-01-26 19:20:00,43.060001373291016,43.06999969482422,43.04999923706055,43.06999969482422,9875
2026-01-26 19:25:00,43.08000183105469,43.1150016784668,43.08000183105469,43.1150016784668,5824
2026-01-26 19:30:00,43.1150016784668,43.1150016784668,43.07500076293945,43.09000015258789,13139
2026-01-26 19:35:00,43.09999847412109,43.10499954223633,43.042701721191406,43.060001373291016,12429
2026-01-26 19:40:00,43.06999969482422,43.125,43.06999969482422,43.119998931884766,14557
2026-01-26 19:45:00,43.119998931884766,43.150001525878906,43.09999847412109,43.150001525878906,15329
2026-01-26 19:50:00,43.150001525878906,43.15999984741211,43.14500045776367,43.14500045776367,11220
2026-01-26 19:55:00,43.14500045776367,43.16999816894531,43.13999938964844,43.150001525878906,20475
2026-01-26 20:00:00,43.13999938964844,43.13999938964844,43.084999084472656,43.11000061035156,46085
2026-01-26 20:05:00,43.09999847412109,43.18000030517578,43.09000015258789,43.15499877929688,12035
2026-01-26 20:10:00,43.15999984741211,43.18999862670898,43.13999938964844,43.16999816894531,15641
2026-01-26 20:15:00,43.17499923706055,43.17499923706055,43.150001525878906,43.16999816894531,32163
2026-01-26 20:20:00,43.15999984741211,43.18999862670898,43.130001068115234,43.17010116577149,32662
2026-01-26 20:25:00,43.18000030517578,43.209999084472656,43.18000030517578,43.20500183105469,13505
2026-01-26 20:30:00,43.209999084472656,43.27999877929688,43.209999084472656,43.2599983215332,21906
2026-01-26 20:35:00,43.2599983215332,43.290000915527344,43.255001068115234,43.27000045776367,19549
2026-01-26 20:40:00,43.2599983215332,43.2599983215332,43.220001220703125,43.2400016784668,23339
2026-01-26 20:45:00,43.244998931884766,43.244998931884766,43.185001373291016,43.2400016784668,28184
2026-01-26 20:50:00,43.2400016784668,43.2599983215332,43.209999084472656,43.22499847412109,74965
2026-01-26 20:55:00,43.22999954223633,43.290000915527344,43.220001220703125,43.26499938964844,161184
2026-01-27 14:30:00,43.2599983215332,43.2599983215332,43.18000030517578,43.18000030517578,14318
2026-01-27 14:35:00,43.43000030517578,43.65999984741211,43.43000030517578,43.630001068115234,6101
2026-01-27 14:40:00,43.65999984741211,43.71500015258789,43.650001525878906,43.650001525878906,3726
2026-01-27 14:45:00,43.65999984741211,43.71500015258789,43.61000061035156,43.63999938964844,4357
2026-01-27 14:50:00,43.619998931884766,43.64500045776367,43.59999847412109,43.59999847412109,3247
2026-01-27 14:55:00,43.61000061035156,43.6150016784668,43.56999969482422,43.56999969482422,3107
2026-01-27 15:00:00,43.584999084472656,43.619998931884766,43.58000183105469,43.595001220703125,6855
2026-01-27 15:05:00,43.59999847412109,43.630001068115234,43.56999969482422,43.59999847412109,8226
2026-01-27 15:10:00,43.59999847412109,43.65999984741211,43.59000015258789,43.65999984741211,10624
2026-01-27 15:15:00,43.619998931884766,43.619998931884766,43.56999969482422,43.58000183105469,7291
2026-01-27 15:20:00,43.59999847412109,43.65999984741211,43.59999847412109,43.61000061035156,9344
2026-01-27 15:25:00,43.619998931884766,43.69499969482422,43.60499954223633,43.69499969482422,8020
2026-01-27 15:30:00,43.68000030517578,43.720001220703125,43.65999984741211,43.709999084472656,7723
2026-01-27 15:35:00,43.709999084472656,43.72999954223633,43.70000076293945,43.709999084472656,11378
2026-01-27 15:40:00,43.720001220703125,43.744998931884766,43.68000030517578,43.7400016784668,11341
2026-01-27 15:45:00,43.744998931884766,43.79499816894531,43.7400016784668,43.77000045776367,6173
2026-01-27 15:50:00,43.775001525878906,43.81999969482422,43.7599983215332,43.7599983215332,16140
2026-01-27 15:55:00,43.7599983215332,43.7599983215332,43.68999862670898,43.69499969482422,8850
2026-01-27 16:00:00,43.709999084472656,43.75,43.68999862670898,43.68999862670898,8644
2026-01-27 16:05:00,43.685001373291016,43.685001373291016,43.65999984741211,43.65999984741211,3463
2026-01-27 16:10:00,43.65999984741211,43.66999816894531,43.619998931884766,43.65999984741211,13694
2026-01-27 16:15:00,43.650001525878906,43.665000915527344,43.625,43.63999938964844,5860
2026-01-27 16:20:00,43.650001525878906,43.65999984741211,43.61000061035156,43.6349983215332,5746
2026-01-27 16:25:00,43.64500045776367,43.66999816894531,43.630001068115234,43.66999816894531,6096
2026-01-27 16:30:00,43.66999816894531,43.709999084472656,43.65999984741211,43.68999862670898,6024
2026-01-27 16:35:00,43.685001373291016,43.73989868164063,43.68000030517578,43.72499847412109,4809
2026-01-27 16:40:00,43.73500061035156,43.77000045776367,43.720001220703125,43.75,6760
2026-01-27 16:45:00,43.7400016784668,43.77999877929688,43.72999954223633,43.7400016784668,6644
2026-01-27 16:50:00,43.72999954223633,43.72999954223633,43.619998931884766,43.630001068115234,10632
2026-01-27 16:55:00,43.625,43.630001068115234,43.59000015258789,43.61000061035156,6073
2026-01-27 17:00:00,43.61000061035156,43.61000061035156,43.54999923706055,43.560001373291016,10608
2026-01-27 17:05:00,43.55500030517578,43.61000061035156,43.540000915527344,43.61000061035156,8768
2026-01-27 17:10:00,43.6150016784668,43.619998931884766,43.56999969482422,43.56999969482422,5826
2026-01-27 17:15:00,43.56999969482422,43.56999969482422,43.540000915527344,43.56999969482422,6952
2026-01-27 17:20:00,43.58000183105469,43.59000015258789,43.56999969482422,43.58150100708008,6237
2026-01-27 17:25:00,43.59000015258789,43.59000015258789,43.560001373291016,43.56999969482422,9656
2026-01-27 17:30:00,43.56499862670898,43.56499862670898,43.52000045776367,43.52000045776367,5822
2026-01-27 17:35:00,43.52000045776367,43.540000915527344,43.4900016784668,43.540000915527344,7358
2026-01-27 17:40:00,43.52999877929688,43.54999923706055,43.52999877929688,43.540000915527344,6481
2026-01-27 17:45:00,43.549198150634766,43.58000183105469,43.54899978637695,43.56999969482422,5513
2026-01-27 17:50:00,43.560001373291016,43.59999847412109,43.54999923706055,43.56999969482422,8188
2026-01-27 17:55:00,43.56999969482422,43.58000183105469,43.54999923706055,43.56999969482422,9908
2026-01-27 18:00:00,43.56999969482422,43.595001220703125,43.55500030517578,43.56999969482422,10229
2026-01-27 18:05:00,43.56999969482422,43.56999969482422,43.540000915527344,43.54499816894531,5832
2026-01-27 18:10:00,43.540000915527344,43.540000915527344,43.5,43.52000045776367,14805
2026-01-27 18:15:00,43.5099983215332,43.63999938964844,43.5099983215332,43.619998931884766,9168
2026-01-27 18:20:00,43.619998931884766,43.63999938964844,43.61000061035156,43.63999938964844,7113
2026-01-27 18:25:00,43.639198303222656,43.65999984741211,43.630001068115234,43.650001525878906,6181
2026-01-27 18:30:00,43.63999938964844,43.70000076293945,43.63999938964844,43.68999862670898,8249
2026-01-27 18:35:00,43.68999862670898,43.720001220703125,43.685001373291016,43.720001220703125,7635
2026-01-27 18:40:00,43.720001220703125,43.744998931884766,43.709999084472656,43.709999084472656,7874
2026-01-27 18:45:00,43.709999084472656,43.709999084472656,43.68999862670898,43.70000076293945,7201
2026-01-27 18:50:00,43.709999084472656,43.720001220703125,43.68999862670898,43.68999862670898,6205
2026-01-27 18:55:00,43.68999862670898,43.71500015258789,43.68000030517578,43.70000076293945,8057
2026-01-27 19:00:00,43.709999084472656,43.725399017333984,43.709999084472656,43.720001220703125,8705
2026-01-27 19:05:00,43.720001220703125,43.72999954223633,43.66999816894531,43.69499969482422,15916
2026-01-27 19:10:00,43.70000076293945,43.72999954223633,43.70000076293945,43.709999084472656,11348
2026-01-27 19:15:00,43.720001220703125,43.720001220703125,43.70000076293945,43.70000076293945,5769
2026-01-27 19:20:00,43.70000076293945,43.75,43.70000076293945,43.73500061035156,7425
2026-01-27 19:25:00,43.72999954223633,43.7400016784668,43.70000076293945,43.70500183105469,16018
2026-01-27 19:30:00,43.709999084472656,43.720001220703125,43.70000076293945,43.70500183105469,10103
2026-01-27 19:35:00,43.70500183105469,43.70500183105469,43.66999816894531,43.68000030517578,9693
2026-01-27 19:40:00,43.685001373291016,43.69499969482422,43.65999984741211,43.65999984741211,17654
2026-01-27 19:45:00,43.65999984741211,43.65999984741211,43.630001068115234,43.630001068115234,11802
2026-01-27 19:50:00,43.619998931884766,43.62990188598633,43.59000015258789,43.59479904174805,6430
2026-01-27 19:55:00,43.59000015258789,43.59000015258789,43.540000915527344,43.560001373291016,14659
2026-01-27 20:00:00,43.56999969482422,43.58000183105469,43.540000915527344,43.560001373291016,10876
2026-01-27 20:05:00,43.56999969482422,43.58000183105469,43.54999923706055,43.54999923706055,13756
2026-01-27 20:10:00,43.560001373291016,43.59999847412109,43.560001373291016,43.57500076293945,11301
2026-01-27 20:15:00,43.58000183105469,43.6150016784668,43.560001373291016,43.60499954223633,22151
2026-01-27 20:20:00,43.60499954223633,43.65499877929688,43.60499954223633,43.650001525878906,13239
2026-01-27 20:25:00,43.63999938964844,43.68000030517578,43.63999938964844,43.67499923706055,10859
2026-01-27 20:30:00,43.68000030517578,43.76900100708008,43.650001525878906,43.76900100708008,32993
2026-01-27 20:35:00,43.77000045776367,43.79999923706055,43.72999954223633,43.775001525878906,32595
2026-01-27 20:40:00,43.77999877929688,43.77999877929688,43.72999954223633,43.77000045776367,27521
2026-01-27 20:45:00,43.77000045776367,43.84999847412109,43.77000045776367,43.84999847412109,27598
2026-01-27 20:50:00,43.84999847412109,43.869998931884766,43.81999969482422,43.845001220703125,55319
2026-01-27 20:55:00,43.845001220703125,43.869998931884766,43.834999084472656,43.86000061035156,128506
2026-01-28 14:30:00,43.84000015258789,43.9900016784668,43.61000061035156,43.77000045776367,14517
2026-01-28 14:35:00,43.90999984741211,44.04499816894531,43.90999984741211,43.959999084472656,4992
2026-01-28 14:40:00,43.96500015258789,43.984901428222656,43.89500045776367,43.89500045776367,3585
2026-01-28 14:45:00,43.89500045776367,43.970001220703125,43.880001068115234,43.90499877929688,3786
2026-01-28 14:50:00,43.84999847412109,43.84999847412109,43.744998931884766,43.790000915527344,5206
2026-01-28 14:55:00,43.79499816894531,43.84999847412109,43.72999954223633,43.72999954223633,9233
2026-01-28 15:00:00,43.7400016784668,43.81999969482422,43.7400016784668,43.81499862670898,13466
2026-01-28 15:05:00,43.83000183105469,43.84999847412109,43.810001373291016,43.84999847412109,4718
2026-01-28 15:10:00,43.85499954223633,43.880001068115234,43.80500030517578,43.83000183105469,7898
2026-01-28 15:15:00,43.880001068115234,43.88999938964844,43.86000061035156,43.88999938964844,4833
2026-01-28 15:20:00,43.900001525878906,43.900001525878906,43.869998931884766,43.900001525878906,7909
2026-01-28 15:25:00,43.90999984741211,43.935001373291016,43.869998931884766,43.875,5798
2026-01-28 15:30:00,43.88999938964844,43.91999816894531,43.88999938964844,43.900001525878906,6515
2026-01-28 15:35:00,43.900001525878906,43.900001525878906,43.82500076293945,43.83000183105469,7308
2026-01-28 15:40:00,43.84000015258789,43.869998931884766,43.84000015258789,43.869998931884766,4608
2026-01-28 15:45:00,43.89500045776367,43.959999084472656,43.89500045776367,43.95000076293945,7323
2026-01-28 15:50:00,43.970001220703125,43.97499847412109,43.900001525878906,43.959999084472656,15124
2026-01-28 15:55:00,43.96500015258789,44.0,43.959999084472656,44.0,13924
2026-01-28 16:00:00,44.005001068115234,44.005001068115234,43.959999084472656,43.959999084472656,7600
2026-01-28 16:05:00,43.96500015258789,43.97999954223633,43.95000076293945,43.95000076293945,4042
2026-01-28 16:10:00,43.92499923706055,43.959999084472656,43.92499923706055,43.93999862670898,8187
2026-01-28 16:15:00,43.95000076293945,43.994998931884766,43.95000076293945,43.970001220703125,5677
2026-01-28 16:20:00,43.959999084472656,44.0099983215332,43.959999084472656,44.0099983215332,7776
2026-01-28 16:25:00,44.02000045776367,44.026798248291016,43.9900016784668,44.0099983215332,11631
2026-01-28 16:30:00,44.0,44.0,43.95000076293945,43.959999084472656,6243
2026-01-28 16:35:00,43.95000076293945,43.959999084472656,43.93000030517578,43.95000076293945,7133
2026-01-28 16:40:00,43.95000076293945,43.97999954223633,43.93999862670898,43.970001220703125,6107
2026-01-28 16:45:00,43.959999084472656,43.98500061035156,43.94599914550781,43.970001220703125,6532
2026-01-28 16:50:00,43.95000076293945,43.959999084472656,43.93000030517578,43.93999862670898,6690
2026-01-28 16:55:00,43.93000030517578,43.95000076293945,43.93000030517578,43.93000030517578,4616
2026-01-28 17:00:00,43.935001373291016,43.935001373291016,43.900001525878906,43.90999984741211,4031
2026-01-28 17:05:00,43.900001525878906,43.900001525878906,43.869998931884766,43.880001068115234,3743
2026-01-28 17:10:00,43.88999938964844,43.93000030517578,43.88999938964844,43.91999816894531,10383
2026-01-28 17:15:00,43.91999816894531,43.93000030517578,43.900001525878906,43.91999816894531,3864
2026-01-28 17:20:00,43.90999984741211,43.93000030517578,43.900001525878906,43.900001525878906,5261
2026-01-28 17:25:00,43.88999938964844,43.900001525878906,43.880001068115234,43.900001525878906,12001
2026-01-28 17:30:00,43.900001525878906,43.935001373291016,43.900001525878906,43.935001373291016,6707
2026-01-28 17:35:00,43.91999816894531,43.93999862670898,43.91999816894531,43.93999862670898,4186
2026-01-28 17:40:00,43.93999862670898,43.95000076293945,43.93000030517578,43.95000076293945,8345
2026-01-28 17:45:00,43.93999862670898,43.95000076293945,43.91999816894531,43.95000076293945,5715
2026-01-28 17:50:00,43.96500015258789,43.96500015258789,43.95000076293945,43.95000076293945,4602
2026-01-28 17:55:00,43.93999862670898,43.959999084472656,43.89500045776367,43.89500045776367,5952
2026-01-28 18:00:00,43.90999984741211,43.90999984741211,43.88999938964844,43.900001525878906,4071
2026-01-28 18:05:00,43.90499877929688,43.91999816894531,43.900001525878906,43.91999816894531,2569
2026-01-28 18:10:00,43.91999816894531,43.91999816894531,43.869998931884766,43.869998931884766,6919
2026-01-28 18:15:00,43.869998931884766,43.880001068115234,43.86000061035156,43.869998931884766,5187
2026-01-28 18:20:00,43.86000061035156,43.869998931884766,43.83000183105469,43.83000183105469,6637
2026-01-28 18:25:00,43.81999969482422,43.81999969482422,43.79999923706055,43.810001373291016,7494
2026-01-28 18:30:00,43.810001373291016,43.810001373291016,43.77000045776367,43.77999877929688,11471
2026-01-28 18:35:00,43.77999877929688,43.77999877929688,43.744998931884766,43.7599983215332,6048
2026-01-28 18:40:00,43.75,43.77000045776367,43.75,43.75,6976
2026-01-28 18:45:00,43.7599983215332,43.77000045776367,43.7400016784668,43.749000549316406,4092
2026-01-28 18:50:00,43.7400016784668,43.7400016784668,43.68000030517578,43.68000030517578,6819
2026-01-28 18:55:00,43.65999984741211,43.70500183105469,43.63999938964844,43.70500183105469,23370
2026-01-28 19:00:00,43.73500061035156,43.755001068115234,43.70000076293945,43.755001068115234,7864
2026-01-28 19:05:00,43.7599983215332,43.77999877929688,43.72999954223633,43.77999877929688,11086
2026-01-28 19:10:00,43.77999877929688,43.86000061035156,43.77999877929688,43.84000015258789,12328
2026-01-28 19:15:00,43.84000015258789,43.84000015258789,43.75,43.75,8811
2026-01-28 19:20:00,43.7599983215332,43.80989837646485,43.75,43.78499984741211,8091
2026-01-28 19:25:00,43.77000045776367,43.77999877929688,43.75,43.775001525878906,14822
2026-01-28 19:30:00,43.7599983215332,43.84000015258789,43.68999862670898,43.83000183105469,30548
2026-01-28 19:35:00,43.84000015258789,43.880001068115234,43.77000045776367,43.790000915527344,16205
2026-01-28 19:40:00,43.78499984741211,43.78499984741211,43.68999862670898,43.70000076293945,12505
2026-01-28 19:45:00,43.720001220703125,43.720001220703125,43.68999862670898,43.70500183105469,9613
2026-01-28 19:50:00,43.72999954223633,43.72999954223633,43.650001525878906,43.68000030517578,13504
2026-01-28 19:55:00,43.68999862670898,43.70500183105469,43.67499923706055,43.70000076293945,12677
2026-01-28 20:00:00,43.709999084472656,43.77000045776367,43.70000076293945,43.7400016784668,11159
2026-01-28 20:05:00,43.7400016784668,43.75,43.709999084472656,43.709999084472656,14040
2026-01-28 20:10:00,43.70500183105469,43.709999084472656,43.58000183105469,43.619998931884766,16742
2026-01-28 20:15:00,43.619998931884766,43.64500045776367,43.59000015258789,43.61000061035156,14994
2026-01-28 20:20:00,43.619998931884766,43.63999938964844,43.584999084472656,43.630001068115234,19358
2026-01-28 20:25:00,43.61000061035156,43.65999984741211,43.595001220703125,43.65999984741211,14766
2026-01-28 20:30:00,43.630001068115234,43.63999938964844,43.59000015258789,43.619998931884766,20254
2026-01-28 20:35:00,43.619998931884766,43.63999938964844,43.59000015258789,43.619998931884766,22352
2026-01-28 20:40:00,43.619998931884766,43.619998931884766,43.5,43.5,32600
2026-01-28 20:45:00,43.5,43.560001373291016,43.38999938964844,43.43000030517578,56637
2026-01-28 20:50:00,43.43999862670898,43.540000915527344,43.415000915527344,43.52999877929688,54184
2026-01-28 20:55:00,43.540000915527344,43.56999969482422,43.48500061035156,43.5,160397
2026-01-29 14:30:00,43.70000076293945,43.70000076293945,43.540000915527344,43.540000915527344,37556
2026-01-29 14:35:00,43.56999969482422,43.93999862670898,43.56999969482422,43.92499923706055,5677
2026-01-29 14:40:00,43.93000030517578,43.95000076293945,43.775001525878906,43.77999877929688,8293
2026-01-29 14:45:00,43.790000915527344,43.790000915527344,43.65999984741211,43.72999954223633,5593
2026-01-29 14:50:00,43.7400016784668,43.85749816894531,43.71500015258789,43.85749816894531,2868
2026-01-29 14:55:00,43.92499923706055,44.040000915527344,43.869998931884766,44.040000915527344,5724
2026-01-29 15:00:00,44.02000045776367,44.09999847412109,43.93999862670898,44.01499938964844,31000
2026-01-29 15:05:00,43.97999954223633,43.97999954223633,43.8849983215332,43.89500045776367,5597
2026-01-29 15:10:00,43.93000030517578,43.93999862670898,43.8849983215332,43.91999816894531,6058
2026-01-29 15:15:00,43.959999084472656,43.959999084472656,43.93999862670898,43.95000076293945,3574
2026-01-29 15:20:00,43.95000076293945,43.959999084472656,43.900001525878906,43.900001525878906,3737
2026-01-29 15:25:00,43.88999938964844,43.900001525878906,43.880001068115234,43.900001525878906,7307
2026-01-29 15:30:00,43.95000076293945,43.95000076293945,43.86000061035156,43.86000061035156,13243
2026-01-29 15:35:00,43.84000015258789,43.90999984741211,43.84000015258789,43.869998931884766,7022
2026-01-29 15:40:00,43.880001068115234,43.8849983215332,43.84999847412109,43.84999847412109,3479
2026-01-29 15:45:00,43.83000183105469,43.85499954223633,43.81999969482422,43.83000183105469,9755
2026-01-29 15:50:00,43.82500076293945,43.84000015258789,43.79999923706055,43.84000015258789,6050
2026-01-29 15:55:00,43.81999969482422,43.880001068115234,43.81499862670898,43.845001220703125,9325
2026-01-29 16:00:00,43.86000061035156,43.869998931884766,43.81999969482422,43.84999847412109,12398
2026-01-29 16:05:00,43.869998931884766,43.880001068115234,43.810001373291016,43.869998931884766,11349
2026-01-29 16:10:00,43.86000061035156,43.88999938964844,43.84999847412109,43.8849983215332,8554
2026-01-29 16:15:00,43.869998931884766,43.880001068115234,43.77999877929688,43.77999877929688,7529
2026-01-29 16:20:00,43.77000045776367,43.77000045776367,43.65999984741211,43.65999984741211,11137
2026-01-29 16:25:00,43.65999984741211,43.712501525878906,43.630001068115234,43.65999984741211,7658
2026-01-29 16:30:00,43.630001068115234,43.66999816894531,43.630001068115234,43.630001068115234,5398
2026-01-29 16:35:00,43.619998931884766,43.63999938964844,43.57500076293945,43.619998931884766,8905
2026-01-29 16:40:00,43.619998931884766,43.630001068115234,43.58100128173828,43.59999847412109,5173
2026-01-29 16:45:00,43.59999847412109,43.59999847412109,43.540000915527344,43.595001220703125,9887
2026-01-29 16:50:00,43.609901428222656,43.61000061035156,43.52000045776367,43.56499862670898,15226
2026-01-29 16:55:00,43.59999847412109,43.63999938964844,43.59999847412109,43.619998931884766,3715
2026-01-29 17:00:00,43.61000061035156,43.630001068115234,43.59000015258789,43.619998931884766,6600
2026-01-29 17:05:00,43.63999938964844,43.63999938964844,43.5900993347168,43.60499954223633,4313
2026-01-29 17:10:00,43.619998931884766,43.64250183105469,43.61000061035156,43.64250183105469,6320
2026-01-29 17:15:00,43.619998931884766,43.630001068115234,43.5,43.560001373291016,9106
2026-01-29 17:20:00,43.54999923706055,43.54999923706055,43.45500183105469,43.45500183105469,5760
2026-01-29 17:25:00,43.43999862670898,43.5099983215332,43.43999862670898,43.459999084472656,5741
2026-01-29 17:30:00,43.45500183105469,43.45500183105469,43.40999984741211,43.40999984741211,3243
2026-01-29 17:35:00,43.40999984741211,43.40999984741211,43.380001068115234,43.40499877929688,3036
2026-01-29 17:40:00,43.41999816894531,43.43000030517578,43.380001068115234,43.400001525878906,5683
2026-01-29 17:45:00,43.3849983215332,43.3849983215332,43.345001220703125,43.345001220703125,5191
2026-01-29 17:50:00,43.31999969482422,43.31999969482422,43.25,43.27000045776367,10036
2026-01-29 17:55:00,43.290000915527344,43.310001373291016,43.2400016784668,43.2400016784668,8290
2026-01-29 18:00:00,43.220001220703125,43.27000045776367,43.220001220703125,43.2400016784668,14407
2026-01-29 18:05:00,43.2599983215332,43.290000915527344,43.24879837036133,43.2599983215332,6279
2026-01-29 18:10:00,43.24520111083984,43.34000015258789,43.2400016784668,43.27000045776367,12680
2026-01-29 18:15:00,43.27999877929688,43.290000915527344,43.260501861572266,43.275001525878906,5100
2026-01-29 18:20:00,43.2599983215332,43.290000915527344,43.2400016784668,43.275001525878906,11661
2026-01-29 18:25:00,43.25,43.290000915527344,43.2400016784668,43.27999877929688,6533
2026-01-29 18:30:00,43.29999923706055,43.34000015258789,43.2599983215332,43.275001525878906,13826
2026-01-29 18:35:00,43.28499984741211,43.310001373291016,43.275001525878906,43.290000915527344,5644
2026-01-29 18:40:00,43.29999923706055,43.34999847412109,43.29999923706055,43.334999084472656,7310
2026-01-29 18:45:00,43.334999084472656,43.34999847412109,43.31999969482422,43.33000183105469,7022
2026-01-29 18:50:00,43.334999084472656,43.334999084472656,43.28499984741211,43.28499984741211,8000
2026-01-29 18:55:00,43.29999923706055,43.34999847412109,43.22499847412109,43.22499847412109,7334
2026-01-29 19:00:00,43.220001220703125,43.29999923706055,43.16999816894531,43.29999923706055,10333
2026-01-29 19:05:00,43.27999877929688,43.29999923706055,43.27000045776367,43.29499816894531,7479
2026-01-29 19:10:00,43.29999923706055,43.310001373291016,43.290000915527344,43.290000915527344,6754
2026-01-29 19:15:00,43.27999877929688,43.34999847412109,43.27999877929688,43.34999847412109,6973
2026-01-29 19:20:00,43.34999847412109,43.41999816894531,43.34999847412109,43.40499877929688,22898
2026-01-29 19:25:00,43.40499877929688,43.4900016784668,43.40499877929688,43.4900016784668,23256
2026-01-29 19:30:00,43.494998931884766,43.59999847412109,43.47999954223633,43.54999923706055,13724
2026-01-29 19:35:00,43.54999923706055,43.54999923706055,43.52000045776367,43.52000045776367,5632
2026-01-29 19:40:00,43.5,43.5,43.47999954223633,43.494998931884766,8246
2026-01-29 19:45:00,43.494998931884766,43.505001068115234,43.47999954223633,43.47999954223633,7896
2026-01-29 19:50:00,43.470001220703125,43.51890182495117,43.459999084472656,43.459999084472656,9541
2026-01-29 19:55:00,43.459999084472656,43.459999084472656,43.345001220703125,43.38990020751953,16092
2026-01-29 20:00:00,43.380001068115234,43.45000076293945,43.380001068115234,43.45000076293945,9453
2026-01-29 20:05:00,43.43999862670898,43.43999862670898,43.40999984741211,43.43999862670898,12577
2026-01-29 20:10:00,43.43000030517578,43.435001373291016,43.38999938964844,43.43000030517578,16005
2026-01-29 20:15:00,43.41999816894531,43.41999816894531,43.38010025024414,43.415000915527344,11160
2026-01-29 20:20:00,43.43000030517578,43.5,43.41999816894531,43.494998931884766,21413
2026-01-29 20:25:00,43.5,43.58000183105469,43.5,43.540000915527344,25330
2026-01-29 20:30:00,43.54199981689453,43.55500030517578,43.51499938964844,43.51499938964844,14641
2026-01-29 20:35:00,43.5099983215332,43.54999923706055,43.5,43.52999877929688,21416
2026-01-29 20:40:00,43.52999877929688,43.52999877929688,43.43000030517578,43.43000030517578,20905
2026-01-29 20:45:00,43.43000030517578,43.45500183105469,43.375,43.43000030517578,51213
2026-01-29 20:50:00,43.43999862670898,43.47999954223633,43.38999938964844,43.400001525878906,55139
2026-01-29 20:55:00,43.40999984741211,43.505001068115234,43.40999984741211,43.47999954223633,149034
2026-01-30 14:30:00,43.36000061035156,43.62990188598633,43.29999923706055,43.57849884033203,30883
2026-01-30 14:35:00,43.435001373291016,43.435001373291016,43.40499877929688,43.415000915527344,1696
2026-01-30 14:40:00,43.380001068115234,43.380001068115234,43.380001068115234,43.380001068115234,129
2026-01-30 14:45:00,43.375,43.43999862670898,43.20000076293945,43.20500183105469,14493
2026-01-30 14:50:00,43.18000030517578,43.22999954223633,43.1349983215332,43.1349983215332,8123
2026-01-30 14:55:00,43.15800094604492,43.15800094604492,43.06499862670898,43.11000061035156,3536
2026-01-30 15:00:00,43.0989990234375,43.165000915527344,43.0989990234375,43.150001525878906,19919
2026-01-30 15:05:00,43.14500045776367,43.27000045776367,43.14500045776367,43.27000045776367,4901
2026-01-30 15:10:00,43.2599983215332,43.278900146484375,43.130001068115234,43.13999938964844,6237
2026-01-30 15:15:00,43.09999847412109,43.09999847412109,43.09999847412109,43.09999847412109,1470
2026-02-02 18:45:00,43.33000183105469,43.33000183105469,43.33000183105469,43.33000183105469,777
2026-02-02 18:50:00,43.33000183105469,43.334999084472656,43.2400016784668,43.244998931884766,12764
2026-02-02 18:55:00,43.22999954223633,43.22999954223633,43.13010025024414,43.13010025024414,10790
2026-02-02 19:00:00,43.15499877929688,43.220001220703125,43.150001525878906,43.15499877929688,11573
2026-02-02 19:05:00,43.165000915527344,43.22499847412109,43.165000915527344,43.22499847412109,8347
2026-02-02 19:10:00,43.22499847412109,43.22499847412109,43.17499923706055,43.18000030517578,10639
2026-02-02 19:15:00,43.185001373291016,43.209999084472656,43.150001525878906,43.150001525878906,13788
2026-02-02 19:20:00,43.15499877929688,43.15499877929688,43.11000061035156,43.11000061035156,8113
2026-02-02 19:25:00,43.119998931884766,43.220001220703125,43.09999847412109,43.209999084472656,35322
2026-02-02 19:30:00,43.209999084472656,43.2400016784668,43.09999847412109,43.1150016784668,21702
2026-02-02 19:35:00,43.119998931884766,43.130001068115234,43.11000061035156,43.130001068115234,11951
2026-02-02 19:40:00,43.125,43.15999984741211,43.125,43.15999984741211,5949
2026-02-02 19:45:00,43.15999984741211,43.2052001953125,43.15999984741211,43.20000076293945,6267
2026-02-02 19:50:00,43.20000076293945,43.2400016784668,43.15499877929688,43.16999816894531,9353
2026-02-02 19:55:00,43.18000030517578,43.220001220703125,43.13999938964844,43.15999984741211,12991
2026-02-02 20:00:00,43.16999816894531,43.2400016784668,43.16999816894531,43.18999862670898,8112
2026-02-02 20:05:00,43.185001373291016,43.20000076293945,43.16999816894531,43.18000030517578,9809
2026-02-02 20:10:00,43.18000030517578,43.33000183105469,43.150001525878906,43.15999984741211,78070
2026-02-02 20:15:00,43.150001525878906,43.20000076293945,43.13999938964844,43.17499923706055,16102
2026-02-02 20:20:00,43.18000030517578,43.2400016784668,43.18000030517578,43.21500015258789,20667
2026-02-02 20:25:00,43.220001220703125,43.290000915527344,43.209999084472656,43.27000045776367,48809
2026-02-02 20:30:00,43.275001525878906,43.275001525878906,43.17499923706055,43.18000030517578,33585
2026-02-02 20:35:00,43.16999816894531,43.185001373291016,43.13999938964844,43.150001525878906,23887
2026-02-02 20:40:00,43.15499877929688,43.15999984741211,43.1150016784668,43.1150016784668,29384
2026-02-02 20:45:00,43.1150016784668,43.18999862670898,43.1150016784668,43.130001068115234,31693
2026-02-02 20:50:00,43.119998931884766,43.119998931884766,42.97999954223633,43.0,47512
2026-02-02 20:55:00,42.994998931884766,43.084999084472656,42.97999954223633,43.06999969482422,110686
2026-02-03 14:30:00,43.0,43.58000183105469,43.0,43.47499847412109,12968
2026-02-03 14:35:00,43.48500061035156,43.57749938964844,43.48500061035156,43.57749938964844,3791
2026-02-03 14:40:00,43.560001373291016,43.82500076293945,43.560001373291016,43.81420135498047,1583
2026-02-03 14:45:00,43.75,43.775001525878906,43.54999923706055,43.6150016784668,6826
2026-02-03 14:50:00,43.72999954223633,43.72999954223633,43.650001525878906,43.650001525878906,904
2026-02-03 14:55:00,43.70000076293945,43.880001068115234,43.70000076293945,43.84999847412109,8141
2026-02-03 15:00:00,43.80500030517578,43.810001373291016,43.650001525878906,43.72999954223633,6237
2026-02-03 15:05:00,43.72999954223633,43.81499862670898,43.72499847412109,43.77999877929688,4908
2026-02-03 15:10:00,43.77999877929688,43.810001373291016,43.709999084472656,43.709999084472656,9953
2026-02-03 15:15:00,43.709999084472656,43.72999954223633,43.61000061035156,43.650001525878906,9852
2026-02-03 15:20:00,43.66999816894531,43.77999877929688,43.66999816894531,43.77999877929688,5892
2026-02-03 15:25:00,43.76499938964844,43.76499938964844,43.70500183105469,43.70500183105469,2935
2026-02-03 15:30:00,43.7599983215332,43.7599983215332,43.68000030517578,43.709999084472656,4747
2026-02-03 15:35:00,43.66999816894531,43.709999084472656,43.665000915527344,43.665000915527344,1579
2026-02-03 15:40:00,43.63999938964844,43.669898986816406,43.63999938964844,43.64500045776367,3510
2026-02-03 15:45:00,43.65999984741211,43.68000030517578,43.619998931884766,43.62369918823242,8088
2026-02-03 15:50:00,43.584999084472656,43.7599983215332,43.584999084472656,43.685001373291016,41978
2026-02-03 15:55:00,43.69499969482422,43.709999084472656,43.65999984741211,43.709999084472656,7619
2026-02-03 16:00:00,43.709999084472656,43.72999954223633,43.709999084472656,43.720001220703125,5199
2026-02-03 16:05:00,43.72499847412109,43.75,43.71500015258789,43.72999954223633,5559
2026-02-03 16:10:00,43.72999954223633,43.77000045776367,43.70000076293945,43.720001220703125,10709
2026-02-03 16:15:00,43.70000076293945,43.709999084472656,43.64500045776367,43.65999984741211,4392
2026-02-03 16:20:00,43.65999984741211,43.70000076293945,43.65999984741211,43.68999862670898,3831
2026-02-03 16:25:00,43.68000030517578,43.70000076293945,43.65499877929688,43.68999862670898,10905
2026-02-03 16:30:00,43.70000076293945,43.720001220703125,43.68000030517578,43.720001220703125,7001
2026-02-03 16:35:00,43.75,43.77999877929688,43.7400016784668,43.7400016784668,4863
2026-02-03 16:40:00,43.73500061035156,43.75,43.72999954223633,43.75,3145
2026-02-03 16:45:00,43.75,43.775001525878906,43.7400016784668,43.7599983215332,26818
2026-02-03 16:50:00,43.75,43.755001068115234,43.7224006652832,43.72999954223633,19008
2026-02-03 16:55:00,43.73500061035156,43.7400016784668,43.70000076293945,43.709999084472656,6990
2026-02-03 17:00:00,43.68999862670898,43.71989822387695,43.685001373291016,43.71989822387695,2025
2026-02-03 17:05:00,43.68000030517578,43.70000076293945,43.650001525878906,43.68000030517578,8130
2026-02-03 17:10:00,43.68000030517578,43.68000030517578,43.61000061035156,43.61000061035156,3483
2026-02-03 17:15:00,43.630001068115234,43.68000030517578,43.619998931884766,43.650001525878906,6361
2026-02-03 17:20:00,43.665000915527344,43.71500015258789,43.665000915527344,43.69499969482422,3743
2026-02-03 17:25:00,43.68000030517578,43.685001373291016,43.68000030517578,43.685001373291016,2153
2026-02-03 17:30:00,43.665000915527344,43.68999862670898,43.65999984741211,43.66999816894531,5202
2026-02-03 17:35:00,43.68000030517578,43.7400016784668,43.67499923706055,43.72999954223633,12941
2026-02-03 17:40:00,43.72999954223633,43.76499938964844,43.709999084472656,43.7599983215332,23768
2026-02-03 17:45:00,43.76499938964844,43.76499938964844,43.68999862670898,43.68999862670898,17023
2026-02-03 17:50:00,43.70000076293945,43.70000076293945,43.619998931884766,43.650001525878906,14708
2026-02-03 17:55:00,43.65999984741211,43.720001220703125,43.63999938964844,43.720001220703125,31482
2026-02-03 18:00:00,43.709999084472656,43.79499816894531,43.709999084472656,43.790000915527344,16292
2026-02-03 18:05:00,43.77000045776367,43.77000045776367,43.68999862670898,43.70000076293945,17803
2026-02-03 18:10:00,43.67499923706055,43.68999862670898,43.63999938964844,43.63999938964844,14512
2026-02-03 18:15:00,43.650001525878906,43.650001525878906,43.560001373291016,43.58000183105469,12952
2026-02-03 18:20:00,43.59999847412109,43.61000061035156,43.56999969482422,43.584999084472656,8666
2026-02-03 18:25:00,43.584999084472656,43.59999847412109,43.54499816894531,43.560001373291016,8886
2026-02-03 18:30:00,43.56999969482422,43.59000015258789,43.51499938964844,43.52000045776367,8464
2026-02-03 18:35:00,43.52000045776367,43.52999877929688,43.459999084472656,43.48500061035156,23153
2026-02-03 18:40:00,43.5099983215332,43.52000045776367,43.5,43.52000045776367,6666
2026-02-03 18:45:00,43.540000915527344,43.540000915527344,43.5,43.5,6945
2026-02-03 18:50:00,43.5,43.52999877929688,43.5,43.52000045776367,5850
2026-02-03 18:55:00,43.54180145263672,43.58000183105469,43.52000045776367,43.540000915527344,15816
2026-02-03 19:00:00,43.52999877929688,43.59000015258789,43.5099983215332,43.540000915527344,36356
2026-02-03 19:05:00,43.560001373291016,43.560001373291016,43.45000076293945,43.45000076293945,7044
2026-02-03 19:10:00,43.46500015258789,43.46500015258789,43.43999862670898,43.43999862670898,8997
2026-02-03 19:15:00,43.43999862670898,43.43999862670898,43.375,43.380001068115234,19323
2026-02-03 19:20:00,43.3849983215332,43.470001220703125,43.3849983215332,43.470001220703125,14419
2026-02-03 19:25:00,43.45000076293945,43.47999954223633,43.45000076293945,43.46500015258789,51739
2026-02-03 19:30:00,43.46500015258789,43.52000045776367,43.45550155639648,43.5099983215332,25405
2026-02-03 19:35:00,43.51499938964844,43.51499938964844,43.43000030517578,43.470001220703125,26203
2026-02-03 19:40:00,43.470001220703125,43.52999877929688,43.459999084472656,43.459999084472656,26945
2026-02-03 19:45:00,43.459999084472656,43.46500015258789,43.38999938964844,43.38999938964844,13208
2026-02-03 19:50:00,43.380001068115234,43.38999938964844,43.33000183105469,43.34999847412109,11831
2026-02-03 19:55:00,43.33000183105469,43.33000183105469,43.27999877929688,43.33000183105469,8149
2026-02-03 20:00:00,43.29999923706055,43.31999969482422,43.27000045776367,43.27000045776367,7200
2026-02-03 20:05:00,43.27000045776367,43.36000061035156,43.2400016784668,43.36000061035156,16011
2026-02-03 20:10:00,43.36000061035156,43.369998931884766,43.34999847412109,43.369998931884766,4209
2026-02-03 20:15:00,43.380001068115234,43.380001068115234,43.31999969482422,43.31999969482422,7953
2026-02-03 20:20:00,43.31999969482422,43.400001525878906,43.310001373291016,43.380001068115234,24133
2026-02-03 20:25:00,43.369998931884766,43.380001068115234,43.310001373291016,43.31999969482422,15923
2026-02-03 20:30:00,43.29999923706055,43.33000183105469,43.27999877929688,43.32500076293945,17557
2026-02-03 20:35:00,43.34000015258789,43.34000015258789,43.25,43.2599983215332,20271
2026-02-03 20:40:00,43.27000045776367,43.290000915527344,43.2400016784668,43.2400016784668,21260
2026-02-03 20:45:00,43.25,43.27999877929688,43.18000030517578,43.20000076293945,46850
2026-02-03 20:50:00,43.20500183105469,43.36000061035156,43.18000030517578,43.36000061035156,92336
2026-02-03 20:55:00,43.36000061035156,43.36000061035156,43.2599983215332,43.290000915527344,254009
2026-02-04 14:30:00,43.79999923706055,43.84999847412109,43.369998931884766,43.84999847412109,16608
2026-02-04 14:35:00,43.59000015258789,43.7599983215332,43.59000015258789,43.7599983215332,1350
2026-02-04 14:40:00,43.619998931884766,43.619998931884766,43.37300109863281,43.37300109863281,9041
2026-02-04 14:45:00,43.470001220703125,43.48500061035156,43.459999084472656,43.47999954223633,6535
2026-02-04 14:50:00,43.540000915527344,43.75,43.47999954223633,43.7400016784668,9982
2026-02-04 14:55:00,43.75,43.834999084472656,43.72499847412109,43.834999084472656,16718
2026-02-04 15:00:00,43.834999084472656,43.900001525878906,43.834999084472656,43.84999847412109,4921
2026-02-04 15:05:00,43.84999847412109,43.880001068115234,43.77000045776367,43.77000045776367,20409
2026-02-04 15:10:00,43.7400016784668,43.75600051879883,43.65999984741211,43.720001220703125,5042
2026-02-04 15:15:00,43.70000076293945,43.77999877929688,43.70000076293945,43.744998931884766,5950
2026-02-04 15:20:00,43.79999923706055,43.82500076293945,43.68999862670898,43.68999862670898,10101
2026-02-04 15:25:00,43.69499969482422,43.720001220703125,43.63999938964844,43.68999862670898,7283
2026-02-04 15:30:00,43.68999862670898,43.744998931884766,43.63010025024414,43.65999984741211,8879
2026-02-04 15:35:00,43.619998931884766,43.72499847412109,43.59999847412109,43.619998931884766,20617
2026-02-04 15:40:00,43.63999938964844,43.7400016784668,43.56999969482422,43.68999862670898,18378
2026-02-04 15:45:00,43.69499969482422,43.709999084472656,43.640098571777344,43.66999816894531,8427
2026-02-04 15:50:00,43.66999816894531,43.66999816894531,43.59999847412109,43.65499877929688,5581
2026-02-04 15:55:00,43.65999984741211,43.720001220703125,43.65999984741211,43.70500183105469,4923
2026-02-04 16:00:00,43.7400016784668,43.744998931884766,43.68000030517578,43.744998931884766,7471
2026-02-04 16:05:00,43.744998931884766,43.75,43.709999084472656,43.744998931884766,10621
2026-02-04 16:10:00,43.72999954223633,43.744998931884766,43.63999938964844,43.63999938964844,4825
2026-02-04 16:15:00,43.625,43.69499969482422,43.61000061035156,43.69499969482422,6347
2026-02-04 16:20:00,43.650001525878906,43.65999984741211,43.6150016784668,43.619998931884766,5485
2026-02-04 16:25:00,43.59999847412109,43.625,43.54999923706055,43.560001373291016,7470
2026-02-04 16:30:00,43.56499862670898,43.68000030517578,43.560001373291016,43.6349983215332,19758
2026-02-04 16:35:00,43.630001068115234,43.66999816894531,43.59999847412109,43.66999816894531,5573
2026-02-04 16:40:00,43.66999816894531,43.70000076293945,43.66999816894531,43.66999816894531,3946
2026-02-04 16:45:00,43.68000030517578,43.68000030517578,43.619998931884766,43.650001525878906,6343
2026-02-04 16:50:00,43.65999984741211,43.68999862670898,43.65999984741211,43.65999984741211,3605
2026-02-04 16:55:00,43.70000076293945,43.7400016784668,43.70000076293945,43.73500061035156,3112
2026-02-04 17:00:00,43.75,43.79999923706055,43.72999954223633,43.73500061035156,16115
2026-02-04 17:05:00,43.709999084472656,43.7400016784668,43.709999084472656,43.7400016784668,3665
2026-02-04 17:10:00,43.7599983215332,43.77989959716797,43.70000076293945,43.720001220703125,5996
2026-02-04 17:15:00,43.75,43.75,43.68000030517578,43.70500183105469,5362
2026-02-04 17:20:00,43.70000076293945,43.720001220703125,43.68999862670898,43.720001220703125,4635
2026-02-04 17:25:00,43.709999084472656,43.720001220703125,43.70000076293945,43.70500183105469,3582
2026-02-04 17:30:00,43.71500015258789,43.75,43.71500015258789,43.73749923706055,4256
2026-02-04 17:35:00,43.744998931884766,43.75,43.70000076293945,43.75,7674
2026-02-04 17:40:00,43.7599983215332,43.790000915527344,43.755001068115234,43.775001525878906,12179
2026-02-04 17:45:00,43.7599983215332,43.8125,43.75,43.8125,4963
2026-02-04 17:50:00,43.790000915527344,43.81999969482422,43.790000915527344,43.81999969482422,8277
2026-02-04 17:55:00,43.81999969482422,43.845001220703125,43.810001373291016,43.83000183105469,6804
2026-02-04 18:00:00,43.81999969482422,43.84999847412109,43.810001373291016,43.84999847412109,4976
2026-02-04 18:05:00,43.845001220703125,43.845001220703125,43.790000915527344,43.80500030517578,9173
2026-02-04 18:10:00,43.80500030517578,43.900001525878906,43.79999923706055,43.88999938964844,10526
2026-02-04 18:15:00,43.8849983215332,43.88999938964844,43.790000915527344,43.79999923706055,10856
2026-02-04 18:20:00,43.81499862670898,43.84000015258789,43.79999923706055,43.79999923706055,9094
2026-02-04 18:25:00,43.8224983215332,43.8224983215332,43.79999923706055,43.79999923706055,10174
2026-02-04 18:30:00,43.810001373291016,43.875,43.810001373291016,43.869998931884766,9061
2026-02-04 18:35:00,43.84999847412109,43.869998931884766,43.84000015258789,43.84999847412109,6765
2026-02-04 18:40:00,43.84000015258789,43.8849983215332,43.84000015258789,43.880001068115234,7774
2026-02-04 18:45:00,43.880001068115234,43.90999984741211,43.875,43.90999984741211,12728
2026-02-04 18:50:00,43.93000030517578,43.95000076293945,43.91999816894531,43.91999816894531,4390
2026-02-04 18:55:00,43.90999984741211,43.93000030517578,43.84999847412109,43.91999816894531,18969
2026-02-04 19:00:00,43.88999938964844,43.90999984741211,43.880001068115234,43.900001525878906,6421
2026-02-04 19:05:00,43.869998931884766,43.935001373291016,43.86000061035156,43.93000030517578,17337
2026-02-04 19:10:00,43.93000030517578,43.94499969482422,43.89500045776367,43.91999816894531,6739
2026-02-04 19:15:00,43.959999084472656,43.96500015258789,43.91999816894531,43.96500015258789,14232
2026-02-04 19:20:00,43.970001220703125,44.0,43.970001220703125,43.97499847412109,7877
2026-02-04 19:25:00,43.959999084472656,43.970001220703125,43.91999816894531,43.93999862670898,13002
2026-02-04 19:30:00,43.97999954223633,44.0099983215332,43.959999084472656,43.959999084472656,10095
2026-02-04 19:35:00,43.959999084472656,43.97999954223633,43.935001373291016,43.97999954223633,6863
2026-02-04 19:40:00,43.9900016784668,44.005001068115234,43.970001220703125,44.0,8586
2026-02-04 19:45:00,44.0,44.0,43.93999862670898,43.94499969482422,15215
2026-02-04 19:50:00,43.94499969482422,43.95000076293945,43.900001525878906,43.93000030517578,9029
2026-02-04 19:55:00,43.92499923706055,43.92499923706055,43.810001373291016,43.810001373291016,11748
2026-02-04 20:00:00,43.79999923706055,43.86000061035156,43.79999923706055,43.81999969482422,11486
2026-02-04 20:05:00,43.84999847412109,43.86000061035156,43.810001373291016,43.81999969482422,10910
2026-02-04 20:10:00,43.79999923706055,43.834999084472656,43.720001220703125,43.834999084472656,15154
2026-02-04 20:15:00,43.81999969482422,43.84000015258789,43.790000915527344,43.790000915527344,10708
2026-02-04 20:20:00,43.790000915527344,43.790000915527344,43.70500183105469,43.709999084472656,17685
2026-02-04 20:25:00,43.70000076293945,43.709999084472656,43.66999816894531,43.68000030517578,12221
2026-02-04 20:30:00,43.68000030517578,43.7400016784668,43.68000030517578,43.7400016784668,12802
2026-02-04 20:35:00,43.72999954223633,43.72999954223633,43.650001525878906,43.650001525878906,18896
2026-02-04 20:40:00,43.650001525878906,43.682498931884766,43.650001525878906,43.66999816894531,18981
2026-02-04 20:45:00,43.665000915527344,43.665000915527344,43.630001068115234,43.63999938964844,23863
2026-02-04 20:50:00,43.63999938964844,43.63999938964844,43.58000183105469,43.59000015258789,52002
2026-02-04 20:55:00,43.584999084472656,43.65999984741211,43.55500030517578,43.63999938964844,124127
2026-02-05 14:30:00,43.95000076293945,44.16999816894531,43.86000061035156,44.16999816894531,18031
2026-02-05 14:35:00,44.084999084472656,44.084999084472656,44.084999084472656,44.084999084472656,1320
2026-02-05 14:40:00,44.079200744628906,44.09000015258789,43.86000061035156,43.95000076293945,6739
2026-02-05 14:45:00,43.869998931884766,43.869998931884766,43.84000015258789,43.86000061035156,4467
2026-02-05 14:50:00,43.75,43.83000183105469,43.72999954223633,43.75,8870
2026-02-05 14:55:00,43.77999877929688,43.97999954223633,43.77999877929688,43.97999954223633,8253
2026-02-05 15:00:00,44.0099983215332,44.0099983215332,43.93999862670898,44.0099983215332,9488
2026-02-05 15:05:00,44.0099983215332,44.09000015258789,43.97999954223633,43.97999954223633,19818
2026-02-05 15:10:00,44.02000045776367,44.05500030517578,43.959999084472656,44.05500030517578,4281
2026-02-05 15:15:00,44.09000015258789,44.15499877929688,43.97999954223633,44.0099983215332,14388
2026-02-05 15:20:00,44.0,44.02000045776367,43.95000076293945,44.0,4090
2026-02-05 15:25:00,43.95000076293945,44.0,43.93999862670898,44.0,4465
2026-02-05 15:30:00,43.959999084472656,43.970001220703125,43.93000030517578,43.959999084472656,4533
2026-02-05 15:35:00,43.93999862670898,43.9900016784668,43.84999847412109,43.8650016784668,5159
2026-02-05 15:40:00,43.86000061035156,43.88999938964844,43.790000915527344,43.810001373291016,8122
2026-02-05 15:45:00,43.84000015258789,43.84999847412109,43.72999954223633,43.72999954223633,10043
2026-02-05 15:50:00,43.744998931884766,43.7599983215332,43.685001373291016,43.685001373291016,13440
2026-02-05 15:55:00,43.709999084472656,43.76919937133789,43.65999984741211,43.65999984741211,6681
2026-02-05 16:00:00,43.65499877929688,43.71500015258789,43.630001068115234,43.71500015258789,3656
2026-02-05 16:05:00,43.7400016784668,43.77999877929688,43.72999954223633,43.72999954223633,7226
2026-02-05 16:10:00,43.72499847412109,43.755001068115234,43.6150016784668,43.66999816894531,56307
2026-02-05 16:15:00,43.650001525878906,43.72499847412109,43.650001525878906,43.72499847412109,4272
2026-02-05 16:20:00,43.70000076293945,43.70000076293945,43.630001068115234,43.63999938964844,4532
2026-02-05 16:25:00,43.619998931884766,43.625,43.56499862670898,43.57500076293945,4769
2026-02-05 16:30:00,43.59999847412109,43.619998931884766,43.54999923706055,43.560001373291016,10411
2026-02-05 16:35:00,43.59999847412109,43.63999938964844,43.59999847412109,43.630001068115234,4546
2026-02-05 16:40:00,43.650001525878906,43.67499923706055,43.650001525878906,43.67499923706055,4017
2026-02-05 16:45:00,43.70000076293945,43.75,43.650001525878906,43.73500061035156,8623
2026-02-05 16:50:00,43.7599983215332,43.7599983215332,43.709999084472656,43.7599983215332,5812
2026-02-05 16:55:00,43.77999877929688,43.810001373291016,43.7599983215332,43.810001373291016,5654
2026-02-05 17:00:00,43.83000183105469,43.84000015258789,43.83000183105469,43.84000015258789,1992
2026-02-05 17:05:00,43.84000015258789,43.85449981689453,43.810001373291016,43.810001373291016,2131
2026-02-05 17:10:00,43.79999923706055,43.79999923706055,43.7599983215332,43.77000045776367,4198
2026-02-05 17:15:00,43.76499938964844,43.79999923706055,43.75,43.77000045776367,3149
2026-02-05 17:20:00,43.77000045776367,43.79999923706055,43.77000045776367,43.79999923706055,2589
2026-02-05 17:25:00,43.79999923706055,43.810001373291016,43.7400016784668,43.79499816894531,8521
2026-02-05 17:30:00,43.81999969482422,43.88999938964844,43.81999969482422,43.84999847412109,10768
2026-02-05 17:40:00,43.83000183105469,43.86000061035156,43.83000183105469,43.84000015258789,3643
2026-02-05 17:45:00,43.85499954223633,43.900001525878906,43.85499954223633,43.880001068115234,6117
2026-02-05 17:50:00,43.8849983215332,43.8849983215332,43.86000061035156,43.86000061035156,3423
2026-02-05 17:55:00,43.875,43.88999938964844,43.84000015258789,43.86000061035156,5755
2026-02-05 18:00:00,43.869998931884766,43.880001068115234,43.84000015258789,43.8650016784668,2988
2026-02-05 18:05:00,43.875,43.880001068115234,43.84000015258789,43.875,19251
2026-02-05 18:10:00,43.875,43.875,43.84000015258789,43.84999847412109,2677
2026-02-05 18:15:00,43.845001220703125,43.93999862670898,43.845001220703125,43.91999816894531,6047
2026-02-05 18:20:00,43.91999816894531,43.97999954223633,43.91999816894531,43.93999862670898,25669
2026-02-05 18:25:00,43.959999084472656,43.959999084472656,43.88999938964844,43.91999816894531,4760
2026-02-05 18:30:00,43.93999862670898,43.9900016784668,43.93999862670898,43.970001220703125,5668
2026-02-05 18:35:00,43.9900016784668,44.040000915527344,43.91999816894531,44.005001068115234,19100
2026-02-05 18:40:00,44.016998291015625,44.02999877929688,43.959999084472656,43.96500015258789,8206
2026-02-05 18:45:00,43.970001220703125,44.0099983215332,43.95000076293945,43.95000076293945,7049
2026-02-05 18:50:00,43.95000076293945,43.959999084472656,43.915000915527344,43.959999084472656,6245
2026-02-05 18:55:00,43.959999084472656,44.025001525878906,43.90999984741211,43.9900016784668,30697
2026-02-05 19:00:00,44.0099983215332,44.0099983215332,43.959999084472656,43.97499847412109,8701
2026-02-05 19:05:00,43.97999954223633,44.02000045776367,43.935001373291016,44.0099983215332,8462
2026-02-05 19:10:00,44.02000045776367,44.040000915527344,44.0,44.040000915527344,9884
2026-02-05 19:15:00,44.060001373291016,44.08000183105469,44.040000915527344,44.060001373291016,6160
2026-02-05 19:20:00,44.060001373291016,44.060001373291016,44.02999877929688,44.040000915527344,9799
2026-02-05 19:25:00,44.02000045776367,44.040000915527344,44.01499938964844,44.040000915527344,6702
2026-02-05 19:30:00,44.04999923706055,44.130001068115234,44.04999923706055,44.10499954223633,13229
2026-02-05 19:35:00,44.1150016784668,44.1150016784668,44.02000045776367,44.02000045776367,9267
2026-02-05 19:40:00,44.01499938964844,44.04999923706055,44.0099983215332,44.025001525878906,13292
2026-02-05 19:45:00,44.03929901123047,44.08000183105469,44.03929901123047,44.08000183105469,6417
2026-02-05 19:50:00,44.06499862670898,44.08000183105469,44.05500030517578,44.08000183105469,9096
2026-02-05 19:55:00,44.09000015258789,44.13999938964844,44.07500076293945,44.08000183105469,21203
2026-02-05 20:00:00,44.06999969482422,44.06999969482422,44.02999877929688,44.03499984741211,11017
2026-02-05 20:05:00,44.03499984741211,44.04999923706055,44.0099983215332,44.04999923706055,11904
2026-02-05 20:10:00,44.040000915527344,44.09999847412109,44.02000045776367,44.09999847412109,16563
2026-02-05 20:15:00,44.119998931884766,44.119998931884766,44.040000915527344,44.06829833984375,18357
2026-02-05 20:20:00,44.06999969482422,44.08000183105469,44.0099983215332,44.02619934082031,14603
2026-02-05 20:25:00,44.01499938964844,44.040000915527344,43.97999954223633,44.040000915527344,17456
2026-02-05 20:30:00,44.04999923706055,44.06999969482422,44.025001525878906,44.02999877929688,9422
2026-02-05 20:35:00,44.040000915527344,44.06999969482422,43.9900016784668,43.9900016784668,25039
2026-02-05 20:40:00,43.97999954223633,44.0,43.86000061035156,43.880001068115234,23776
2026-02-05 20:45:00,43.86000061035156,43.91999816894531,43.79999923706055,43.83000183105469,51495
2026-02-05 20:50:00,43.834999084472656,43.93000030517578,43.834999084472656,43.91999816894531,56470
2026-02-05 20:55:00,43.90999984741211,43.9900016784668,43.90999984741211,43.97999954223633,146534
2026-02-06 14:30:00,44.29999923706055,44.540000915527344,44.255001068115234,44.29999923706055,27704
2026-02-06 14:35:00,44.3650016784668,44.43000030517578,44.3650016784668,44.43000030517578,1482
2026-02-06 14:40:00,44.41630172729492,44.59999847412109,44.380001068115234,44.43000030517578,10196
2026-02-06 14:45:00,44.380001068115234,44.41999816894531,44.290000915527344,44.34999847412109,9233
2026-02-06 14:50:00,44.29499816894531,44.36000061035156,44.27999877929688,44.36000061035156,6486
2026-02-06 14:55:00,44.36000061035156,44.61000061035156,44.36000061035156,44.61000061035156,6955
2026-02-06 15:00:00,44.61000061035156,44.68000030517578,44.4900016784668,44.52999877929688,50118
2026-02-06 15:05:00,44.56999969482422,44.584999084472656,44.560001373291016,44.560001373291016,4976
2026-02-06 15:10:00,44.560001373291016,44.56499862670898,44.5,44.53990173339844,9272
2026-02-06 15:15:00,44.470001220703125,44.470001220703125,44.34000015258789,44.36000061035156,9984
2026-02-06 15:20:00,44.36000061035156,44.380001068115234,44.27000045776367,44.27000045776367,8278
2026-02-06 15:25:00,44.27000045776367,44.29499816894531,44.21749877929688,44.21749877929688,4375
2026-02-06 15:40:00,44.209999084472656,44.209999084472656,44.14500045776367,44.15999984741211,22186
2026-02-06 15:45:00,44.130001068115234,44.165000915527344,44.040000915527344,44.040000915527344,14383
2026-02-06 15:50:00,44.02000045776367,44.02000045776367,43.97999954223633,43.97999954223633,1038
2026-02-06 15:55:00,44.095001220703125,44.095001220703125,44.08000183105469,44.08000183105469,14985
2026-02-06 16:00:00,44.005001068115234,44.005001068115234,44.005001068115234,44.005001068115234,13987
2026-02-06 16:05:00,44.040000915527344,44.040000915527344,43.95000076293945,44.0099983215332,8606
2026-02-06 16:10:00,44.0099983215332,44.02999877929688,43.9900016784668,43.9900016784668,8722
2026-02-06 16:15:00,44.0,44.040000915527344,43.9900016784668,44.0,8417
2026-02-06 16:20:00,43.9900016784668,44.0,43.91049957275391,43.91999816894531,10069
2026-02-06 16:25:00,43.91999816894531,43.91999816894531,43.744998931884766,43.744998931884766,25679
2026-02-06 16:30:00,43.75,43.86949920654297,43.75,43.86949920654297,19151
2026-02-06 16:35:00,43.86989974975586,43.86989974975586,43.82500076293945,43.834999084472656,6424
2026-02-06 16:40:00,43.834999084472656,43.84000015258789,43.76499938964844,43.834999084472656,31365
2026-02-06 16:45:00,43.84999847412109,43.95000076293945,43.84999847412109,43.95000076293945,7793
2026-02-06 16:50:00,43.970001220703125,43.97999954223633,43.91999816894531,43.959999084472656,6502
2026-02-06 16:55:00,43.9900016784668,44.040000915527344,43.97999954223633,43.99039840698242,5002
2026-02-06 17:00:00,43.9900016784668,44.04999923706055,43.970001220703125,44.040000915527344,21577
2026-02-06 17:05:00,44.03499984741211,44.08000183105469,44.02999877929688,44.02999877929688,6512
2026-02-06 17:10:00,44.04999923706055,44.09000015258789,44.04999923706055,44.09000015258789,5423
2026-02-06 17:15:00,44.09000015258789,44.09000015258789,44.02999877929688,44.05820083618164,34801
2026-02-06 17:20:00,44.06999969482422,44.11000061035156,44.06999969482422,44.11000061035156,5887
2026-02-06 17:25:00,44.09999847412109,44.11000061035156,44.060001373291016,44.06999969482422,6508
2026-02-06 17:30:00,44.04999923706055,44.04999923706055,44.0,44.005001068115234,6504
2026-02-06 17:35:00,44.0,44.04999923706055,43.994998931884766,44.04999923706055,20142
2026-02-06 17:40:00,44.04999923706055,44.04999923706055,44.025001525878906,44.040000915527344,5369
2026-02-06 17:45:00,44.04010009765625,44.08000183105469,44.04010009765625,44.06999969482422,7610
2026-02-06 17:50:00,44.08000183105469,44.084999084472656,44.04999923706055,44.06999969482422,8044
2026-02-06 17:55:00,44.07500076293945,44.07500076293945,44.02999877929688,44.02999877929688,11179
2026-02-06 18:00:00,44.025001525878906,44.040000915527344,44.0,44.025001525878906,8138
2026-02-06 18:05:00,44.02999877929688,44.02999877929688,44.0099983215332,44.025001525878906,3889
2026-02-06 18:10:00,44.040000915527344,44.06499862670898,44.03499984741211,44.06499862670898,6871
2026-02-06 18:15:00,44.060001373291016,44.084999084472656,44.040000915527344,44.060001373291016,9980
2026-02-06 18:20:00,44.06999969482422,44.07649993896485,44.04010009765625,44.060001373291016,4298
2026-02-06 18:25:00,44.060001373291016,44.09000015258789,44.04999923706055,44.08000183105469,6243
2026-02-06 18:30:00,44.084999084472656,44.13999938964844,44.084999084472656,44.13999938964844,8534
2026-02-06 18:35:00,44.13999938964844,44.150001525878906,44.119998931884766,44.119998931884766,6579
2026-02-06 18:40:00,44.130001068115234,44.130001068115234,44.119998931884766,44.125,3305
2026-02-06 18:45:00,44.130001068115234,44.16999816894531,44.12699890136719,44.15999984741211,10108
2026-02-06 18:50:00,44.18000030517578,44.20000076293945,44.150001525878906,44.15999984741211,6269
2026-02-06 18:55:00,44.15010070800781,44.15010070800781,44.09999847412109,44.125,11107
2026-02-06 19:00:00,44.119998931884766,44.13999938964844,44.11000061035156,44.130001068115234,4893
2026-02-06 19:05:00,44.130001068115234,44.130001068115234,44.10499954223633,44.11000061035156,7555
2026-02-06 19:10:00,44.11000061035156,44.11000061035156,44.08000183105469,44.095001220703125,7175
2026-02-06 19:15:00,44.08000183105469,44.08689880371094,44.060001373291016,44.060001373291016,8639
2026-02-06 19:20:00,44.07500076293945,44.09000015258789,44.06999969482422,44.09000015258789,11981
2026-02-06 19:25:00,44.084999084472656,44.084999084472656,44.08000183105469,44.08000183105469,3278
2026-02-06 19:30:00,44.09000015258789,44.095001220703125,44.09000015258789,44.09000015258789,8194
2026-02-06 19:35:00,44.06999969482422,44.06999969482422,44.0,44.0099983215332,12473
2026-02-06 19:40:00,44.02000045776367,44.060001373291016,44.02000045776367,44.060001373291016,6917
2026-02-06 19:45:00,44.06999969482422,44.09999847412109,44.06999969482422,44.09999847412109,6848
2026-02-06 19:50:00,44.09999847412109,44.09999847412109,44.060001373291016,44.060001373291016,9017
2026-02-06 19:55:00,44.06999969482422,44.119998931884766,44.060001373291016,44.11000061035156,11580
2026-02-06 20:00:00,44.130001068115234,44.150001525878906,44.125,44.150001525878906,8501
2026-02-06 20:05:00,44.150001525878906,44.150001525878906,44.11000061035156,44.11000061035156,9180
2026-02-06 20:10:00,44.11000061035156,44.1150016784668,44.05500030517578,44.060001373291016,12422
2026-02-06 20:15:00,44.05500030517578,44.060001373291016,44.0,44.005001068115234,20277
2026-02-06 20:20:00,44.005001068115234,44.05500030517578,44.005001068115234,44.02000045776367,13432
2026-02-06 20:25:00,44.02999877929688,44.02999877929688,44.0,44.0099983215332,9786
2026-02-06 20:30:00,44.02000045776367,44.03499984741211,44.0,44.0,13083
2026-02-06 20:35:00,44.0099983215332,44.02000045776367,43.994998931884766,44.0099983215332,20058
2026-02-06 20:40:00,44.0099983215332,44.02999877929688,44.0,44.0099983215332,20632
2026-02-06 20:45:00,44.01499938964844,44.02000045776367,43.959999084472656,43.959999084472656,50871
2026-02-06 20:50:00,43.93999862670898,44.0,43.88999938964844,43.90999984741211,67834
2026-02-06 20:55:00,43.91999816894531,44.01499938964844,43.90999984741211,43.959999084472656,118494
2026-02-09 14:30:00,43.86000061035156,44.01499938964844,43.75,43.79499816894531,0
2026-02-09 14:35:00,43.90999984741211,43.90999984741211,43.85499954223633,43.85499954223633,690
2026-02-09 14:40:00,43.85499954223633,43.90999984741211,43.75,43.775001525878906,20507
2026-02-09 14:45:00,43.84999847412109,44.0099983215332,43.83000183105469,43.84999847412109,12905
2026-02-09 14:50:00,43.869998931884766,43.88999938964844,43.77999877929688,43.80500030517578,9314
2026-02-09 14:55:00,43.84000015258789,43.959999084472656,43.84000015258789,43.93000030517578,8078
2026-02-09 15:00:00,43.959999084472656,44.02000045776367,43.9275016784668,44.02000045776367,39079
2026-02-09 15:05:00,44.02000045776367,44.060001373291016,43.90999984741211,43.90999984741211,15107
2026-02-09 15:10:00,43.90499877929688,43.93000030517578,43.84999847412109,43.869998931884766,9809
2026-02-09 15:15:00,43.880001068115234,43.93999862670898,43.84999847412109,43.91999816894531,7221
2026-02-09 15:20:00,43.93999862670898,43.97999954223633,43.91999816894531,43.93000030517578,8618
2026-02-09 15:25:00,43.93579864501953,43.97999954223633,43.91999816894531,43.95500183105469,4962
2026-02-09 15:30:00,43.93999862670898,43.9900016784668,43.93999862670898,43.970001220703125,12504
2026-02-09 15:35:00,43.970001220703125,44.05500030517578,43.959999084472656,44.05500030517578,24155
2026-02-09 15:40:00,44.05500030517578,44.09000015258789,44.05500030517578,44.084999084472656,11678
2026-02-09 15:45:00,44.09000015258789,44.1349983215332,44.08000183105469,44.1349983215332,7892
2026-02-09 15:50:00,44.130001068115234,44.14500045776367,44.040000915527344,44.06999969482422,28888
2026-02-09 15:55:00,44.060001373291016,44.08000183105469,44.040000915527344,44.04999923706055,7885
2026-02-09 16:00:00,44.04999923706055,44.119998931884766,44.040000915527344,44.09000015258789,17019
2026-02-09 16:05:00,44.084999084472656,44.09999847412109,44.06999969482422,44.09999847412109,10612
2026-02-09 16:10:00,44.09999847412109,44.150001525878906,44.095001220703125,44.130001068115234,8863
2026-02-09 16:15:00,44.13999938964844,44.13999938964844,44.119998931884766,44.13999938964844,8065
2026-02-09 16:20:00,44.130001068115234,44.16999816894531,44.130001068115234,44.15999984741211,5189
2026-02-09 16:25:00,44.15999984741211,44.16999816894531,44.130001068115234,44.13999938964844,9622
2026-02-09 16:30:00,44.13999938964844,44.13999938964844,44.09000015258789,44.09999847412109,10580
2026-02-09 16:35:00,44.095001220703125,44.095001220703125,44.04999923706055,44.060001373291016,8383
2026-02-09 16:40:00,44.060001373291016,44.09000015258789,44.060001373291016,44.09000015258789,11062
2026-02-09 16:45:00,44.06999969482422,44.08000183105469,44.03499984741211,44.040000915527344,11041
2026-02-09 16:50:00,44.02999877929688,44.02999877929688,43.994998931884766,44.0,9515
2026-02-09 16:55:00,44.0099983215332,44.060001373291016,44.0099983215332,44.060001373291016,10454
2026-02-09 17:00:00,44.060001373291016,44.084999084472656,44.060001373291016,44.06999969482422,8770
2026-02-09 17:05:00,44.08000183105469,44.09000015258789,44.04999923706055,44.06999969482422,7480
2026-02-09 17:10:00,44.06999969482422,44.06999969482422,44.060001373291016,44.06999969482422,4126
2026-02-09 17:15:00,44.060001373291016,44.060001373291016,44.04999923706055,44.04999923706055,5299
2026-02-09 17:20:00,44.060001373291016,44.060001373291016,44.03499984741211,44.060001373291016,9421
2026-02-09 17:25:00,44.060001373291016,44.084999084472656,44.060001373291016,44.08000183105469,7481
2026-02-09 17:30:00,44.08000183105469,44.11000061035156,44.08000183105469,44.11000061035156,6363
2026-02-09 17:35:00,44.11000061035156,44.11000061035156,44.09000015258789,44.09000015258789,5715
2026-02-09 17:40:00,44.09000015258789,44.11000061035156,44.09000015258789,44.09999847412109,8958
2026-02-09 17:45:00,44.10499954223633,44.130001068115234,44.10499954223633,44.130001068115234,6920
2026-02-09 17:50:00,44.119998931884766,44.16999816894531,44.119998931884766,44.15999984741211,32004
2026-02-09 17:55:00,44.14500045776367,44.16999816894531,44.13999938964844,44.16999816894531,7243
2026-02-09 18:00:00,44.16999816894531,44.16999816894531,44.14500045776367,44.150001525878906,7015
2026-02-09 18:05:00,44.15999984741211,44.165000915527344,44.15999984741211,44.165000915527344,2019
2026-02-09 18:10:00,44.17499923706055,44.18999862670898,44.11000061035156,44.15999984741211,18398
2026-02-09 18:15:00,44.13999938964844,44.16999816894531,44.13999938964844,44.16999816894531,9273
2026-02-09 18:20:00,44.18000030517578,44.20000076293945,44.15999984741211,44.18000030517578,10142
2026-02-09 18:25:00,44.18000030517578,44.185001373291016,44.165000915527344,44.165000915527344,6328
2026-02-09 18:30:00,44.165000915527344,44.20000076293945,44.15999984741211,44.20000076293945,8743
2026-02-09 18:35:00,44.209999084472656,44.220001220703125,44.18999862670898,44.19499969482422,8041
2026-02-09 18:40:00,44.19499969482422,44.19499969482422,44.16999816894531,44.18000030517578,6682
2026-02-09 18:45:00,44.16999816894531,44.18999862670898,44.1349983215332,44.18999862670898,69930
2026-02-09 18:50:00,44.18999862670898,44.209999084472656,44.18000030517578,44.20500183105469,9546
2026-02-09 18:55:00,44.20000076293945,44.20000076293945,44.150001525878906,44.185001373291016,19953
2026-02-09 19:00:00,44.18999862670898,44.18999862670898,44.13999938964844,44.15999984741211,32766
2026-02-09 19:05:00,44.15999984741211,44.220001220703125,44.15999984741211,44.220001220703125,25236
2026-02-09 19:10:00,44.220001220703125,44.22499847412109,44.18999862670898,44.209999084472656,63603
2026-02-09 19:15:00,44.18999862670898,44.27000045776367,44.18999862670898,44.25,8317
2026-02-09 19:20:00,44.2599983215332,44.310001373291016,44.2599983215332,44.30500030517578,13749
2026-02-09 19:25:00,44.310001373291016,44.33000183105469,44.30500030517578,44.30500030517578,13224
2026-02-09 19:30:00,44.30500030517578,44.30500030517578,44.27999877929688,44.29999923706055,9244
2026-02-09 19:35:00,44.29999923706055,44.34999847412109,44.29999923706055,44.33000183105469,14049
2026-02-09 19:40:00,44.345001220703125,44.369998931884766,44.331298828125,44.34000015258789,13791
2026-02-09 19:45:00,44.34000015258789,44.38999938964844,44.34000015258789,44.369998931884766,13022
2026-02-09 19:50:00,44.369998931884766,44.415000915527344,44.369998931884766,44.369998931884766,22751
2026-02-09 19:55:00,44.369998931884766,44.369998931884766,44.34000015258789,44.34999847412109,9003
2026-02-09 20:00:00,44.36000061035156,44.380001068115234,44.345001220703125,44.369998931884766,13188
2026-02-09 20:05:00,44.369998931884766,44.369998931884766,44.34000015258789,44.345001220703125,16081
2026-02-09 20:10:00,44.345001220703125,44.34999847412109,44.31999969482422,44.31999969482422,9062
2026-02-09 20:15:00,44.32500076293945,44.34999847412109,44.29999923706055,44.310001373291016,14335
2026-02-09 20:20:00,44.33000183105469,44.36000061035156,44.31999969482422,44.33000183105469,11788
2026-02-09 20:25:00,44.34000015258789,44.34999847412109,44.334999084472656,44.345001220703125,7783
2026-02-09 20:30:00,44.345001220703125,44.36000061035156,44.320098876953125,44.33000183105469,11103
2026-02-09 20:35:00,44.34000015258789,44.36000061035156,44.334999084472656,44.36000061035156,13241
2026-02-09 20:40:00,44.36000061035156,44.36000061035156,44.290000915527344,44.31999969482422,47027
2026-02-09 20:45:00,44.31999969482422,44.35499954223633,44.31999969482422,44.345001220703125,19752
2026-02-09 20:50:00,44.34000015258789,44.36000061035156,44.28499984741211,44.34000015258789,31743
2026-02-09 20:55:00,44.34000015258789,44.35499954223633,44.27999877929688,44.290000915527344,111343
2026-02-10 14:30:00,44.40999984741211,44.47999954223633,44.135398864746094,44.135398864746094,8173
2026-02-10 14:35:00,44.459999084472656,44.56999969482422,44.43999862670898,44.4900016784668,13149
2026-02-10 14:40:00,44.51250076293945,44.57500076293945,44.4900016784668,44.505001068115234,15232
2026-02-10 14:45:00,44.505001068115234,44.63999938964844,44.505001068115234,44.63999938964844,26365
2026-02-10 14:50:00,44.619998931884766,44.6426010131836,44.58000183105469,44.58000183105469,3259
2026-02-10 14:55:00,44.58000183105469,44.630001068115234,44.510101318359375,44.54499816894531,6119
2026-02-10 15:00:00,44.53499984741211,44.59000015258789,44.51499938964844,44.55500030517578,8022
2026-02-10 15:05:00,44.55500030517578,44.584999084472656,44.55500030517578,44.584999084472656,26594
2026-02-10 15:10:00,44.6599006652832,44.65999984741211,44.52999877929688,44.6349983215332,32753
2026-02-10 15:15:00,44.630001068115234,44.650001525878906,44.56499862670898,44.595001220703125,27696
2026-02-10 15:20:00,44.584999084472656,44.70000076293945,44.584999084472656,44.64500045776367,6368
2026-02-10 15:25:00,44.6349983215332,44.6349983215332,44.53499984741211,44.540000915527344,2913
2026-02-10 15:30:00,44.58000183105469,44.58000183105469,44.46500015258789,44.47499847412109,3042
2026-02-10 15:35:00,44.52000045776367,44.560001373291016,44.48500061035156,44.48500061035156,46391
2026-02-10 15:40:00,44.560001373291016,44.56999969482422,44.52069854736328,44.52999877929688,6186
2026-02-10 15:45:00,44.540000915527344,44.56999969482422,44.52999877929688,44.56499862670898,4794
2026-02-10 15:50:00,44.56499862670898,44.630001068115234,44.54999923706055,44.60499954223633,10176
2026-02-10 15:55:00,44.60499954223633,44.64500045776367,44.60499954223633,44.64500045776367,7079
2026-02-10 16:00:00,44.665000915527344,44.66999816894531,44.59000015258789,44.59000015258789,6597
2026-02-10 16:05:00,44.58000183105469,44.58000183105469,44.52000045776367,44.52000045776367,4517
2026-02-10 16:10:00,44.5,44.5,44.470001220703125,44.470001220703125,5214
2026-02-10 16:15:00,44.470001220703125,44.5099983215332,44.45500183105469,44.5,10994
2026-02-10 16:20:00,44.5,44.5,44.459999084472656,44.47999954223633,3037
2026-02-10 16:25:00,44.480098724365234,44.619998931884766,44.47999954223633,44.59000015258789,21062
2026-02-10 16:30:00,44.630001068115234,44.709999084472656,44.630001068115234,44.709999084472656,10983
2026-02-10 16:35:00,44.709999084472656,44.709999084472656,44.650001525878906,44.665000915527344,10547
2026-02-10 16:40:00,44.665000915527344,44.7400016784668,44.665000915527344,44.72999954223633,7271
2026-02-10 16:45:00,44.7400016784668,44.7599983215332,44.7400016784668,44.755001068115234,3243
2026-02-10 16:50:00,44.755001068115234,44.77000045776367,44.75,44.77000045776367,5443
2026-02-10 16:55:00,44.77000045776367,44.77000045776367,44.77000045776367,44.77000045776367,3406
2026-02-10 17:00:00,44.76139831542969,44.775001525878906,44.75,44.75,4725
2026-02-10 17:05:00,44.755001068115234,44.77000045776367,44.75,44.7599983215332,3841
2026-02-10 17:10:00,44.77000045776367,44.84999847412109,44.77000045776367,44.84999847412109,24103
2026-02-10 17:15:00,44.84999847412109,44.85499954223633,44.81999969482422,44.845001220703125,12635
2026-02-10 17:20:00,44.84000015258789,44.84000015258789,44.790000915527344,44.790000915527344,4309
2026-02-10 17:25:00,44.790000915527344,44.80500030517578,44.77999877929688,44.80500030517578,4807
2026-02-10 17:30:00,44.81999969482422,44.84000015258789,44.81999969482422,44.83000183105469,6446
2026-02-10 17:35:00,44.834999084472656,44.84999847412109,44.810001373291016,44.84000015258789,10827
2026-02-10 17:40:00,44.84000015258789,44.84000015258789,44.81999969482422,44.84000015258789,5545
2026-02-10 17:45:00,44.834999084472656,44.84000015258789,44.81999969482422,44.84000015258789,4573
2026-02-10 17:50:00,44.84000015258789,44.8650016784668,44.83000183105469,44.86000061035156,9964
2026-02-10 17:55:00,44.869998931884766,44.875,44.86000061035156,44.86000061035156,4701
2026-02-10 18:00:00,44.86000061035156,44.93000030517578,44.86000061035156,44.91999816894531,5579
2026-02-10 18:05:00,44.91999816894531,44.93999862670898,44.91999816894531,44.91999816894531,6111
2026-02-10 18:10:00,44.90999984741211,44.95000076293945,44.90999984741211,44.95000076293945,4694
2026-02-10 18:15:00,44.93999862670898,44.9900016784668,44.93999862670898,44.970001220703125,4186
2026-02-10 18:20:00,44.970001220703125,45.0,44.959999084472656,44.96500015258789,10160
2026-02-10 18:25:00,44.95009994506836,44.97990036010742,44.95000076293945,44.970001220703125,10602
2026-02-10 18:30:00,44.9900016784668,44.9900016784668,44.959999084472656,44.9900016784668,4343
2026-02-10 18:35:00,44.97499847412109,45.0099983215332,44.935001373291016,45.0099983215332,8807
2026-02-10 18:40:00,44.9900016784668,45.02999877929688,44.9900016784668,45.02000045776367,14292
2026-02-10 18:45:00,45.025001525878906,45.04999923706055,45.025001525878906,45.032501220703125,2413
2026-02-10 18:50:00,45.02000045776367,45.06999969482422,45.02000045776367,45.06999969482422,4523
2026-02-10 18:55:00,45.07500076293945,45.09999847412109,45.07500076293945,45.08000183105469,6494
2026-02-10 19:00:00,45.08000183105469,45.09000015258789,45.040000915527344,45.04999923706055,8993
2026-02-10 19:05:00,45.04999923706055,45.0880012512207,45.04999923706055,45.08000183105469,8003
2026-02-10 19:10:00,45.08000183105469,45.119998931884766,45.08000183105469,45.11000061035156,6497
2026-02-10 19:15:00,45.09999847412109,45.150001525878906,45.09000015258789,45.09999847412109,13595
2026-02-10 19:20:00,45.09999847412109,45.130001068115234,45.09999847412109,45.1150016784668,4961
2026-02-10 19:25:00,45.1150016784668,45.13999938964844,45.11000061035156,45.11000061035156,6754
2026-02-10 19:30:00,45.11000061035156,45.130001068115234,45.095001220703125,45.130001068115234,6627
2026-02-10 19:35:00,45.130001068115234,45.23500061035156,45.130001068115234,45.185001373291016,18919
2026-02-10 19:40:00,45.18000030517578,45.23989868164063,45.18000030517578,45.22499847412109,10544
2026-02-10 19:45:00,45.2400016784668,45.2599983215332,45.18999862670898,45.18999862670898,62660
2026-02-10 19:50:00,45.20500183105469,45.27999877929688,45.20000076293945,45.22499847412109,44109
2026-02-10 19:55:00,45.22499847412109,45.244998931884766,45.220001220703125,45.22999954223633,8251
2026-02-10 20:00:00,45.2400016784668,45.2400016784668,45.18999862670898,45.20000076293945,11143
2026-02-10 20:05:00,45.19499969482422,45.2400016784668,45.18000030517578,45.2400016784668,16298
2026-02-10 20:10:00,45.23500061035156,45.310001373291016,45.23500061035156,45.29999923706055,14853
2026-02-10 20:15:00,45.290000915527344,45.290000915527344,45.2401008605957,45.255001068115234,8985
2026-02-10 20:20:00,45.2400016784668,45.2400016784668,45.15999984741211,45.15999984741211,11392
2026-02-10 20:25:00,45.165000915527344,45.20000076293945,45.150001525878906,45.15999984741211,9559
2026-02-10 20:30:00,45.15499877929688,45.18999862670898,45.1150016784668,45.1349983215332,15847
2026-02-10 20:35:00,45.1349983215332,45.13999938964844,45.06999969482422,45.1349983215332,20901
2026-02-10 20:40:00,45.1349983215332,45.150001525878906,45.09000015258789,45.09000015258789,23886
2026-02-10 20:45:00,45.09000015258789,45.165000915527344,45.09000015258789,45.150001525878906,30684
2026-02-10 20:50:00,45.15999984741211,45.16999816894531,45.07500076293945,45.09000015258789,38116
2026-02-10 20:55:00,45.08000183105469,45.08000183105469,45.0099983215332,45.02000045776367,127968
2026-02-11 14:30:00,45.06999969482422,45.119998931884766,45.04999923706055,45.04999923706055,6375
2026-02-11 14:35:00,45.084999084472656,45.084999084472656,45.05500030517578,45.06999969482422,1305
2026-02-11 14:40:00,45.07519912719727,45.150001525878906,45.040000915527344,45.040000915527344,4482
2026-02-11 14:45:00,45.02999877929688,45.08000183105469,44.93999862670898,44.93999862670898,1879
2026-02-11 14:50:00,44.93000030517578,44.95000076293945,44.900001525878906,44.935001373291016,6331
2026-02-11 14:55:00,44.900001525878906,44.9900016784668,44.900001525878906,44.959999084472656,11500
2026-02-11 15:00:00,44.97999954223633,45.0,44.959999084472656,44.9900016784668,4113
2026-02-11 15:05:00,44.98500061035156,45.005001068115234,44.95000076293945,44.959999084472656,15376
2026-02-11 15:10:00,44.97499847412109,45.0099983215332,44.93999862670898,44.970001220703125,14877
2026-02-11 15:15:00,44.9900016784668,45.0,44.970001220703125,45.0,7840
2026-02-11 15:20:00,44.994998931884766,45.04999923706055,44.9900016784668,45.0099983215332,17884
2026-02-11 15:25:00,45.0099983215332,45.02999877929688,44.91999816894531,44.95500183105469,14180
2026-02-11 15:30:00,44.93000030517578,44.95000076293945,44.84000015258789,44.84000015258789,11807
2026-02-11 15:35:00,44.85499954223633,44.900001525878906,44.810001373291016,44.810001373291016,6301
2026-02-11 15:40:00,44.80500030517578,44.81999969482422,44.77000045776367,44.790000915527344,6992
2026-02-11 15:45:00,44.77999877929688,44.880001068115234,44.7599983215332,44.880001068115234,9747
2026-02-11 15:50:00,44.84999847412109,44.869998931884766,44.77000045776367,44.775001525878906,11392
2026-02-11 15:55:00,44.77000045776367,44.790000915527344,44.7400016784668,44.7400016784668,12286
2026-02-11 16:00:00,44.76499938964844,44.880001068115234,44.7599983215332,44.8650016784668,9154
2026-02-11 16:05:00,44.84000015258789,44.970001220703125,44.84000015258789,44.91999816894531,26695
2026-02-11 16:10:00,44.93000030517578,44.95000076293945,44.869998931884766,44.8849983215332,40583
2026-02-11 16:15:00,44.880001068115234,44.9900016784668,44.8650016784668,44.9900016784668,52195
2026-02-11 16:20:00,44.96500015258789,44.994998931884766,44.91999816894531,44.994998931884766,61897
2026-02-11 16:25:00,45.0,45.02000045776367,44.970001220703125,45.0099983215332,9941
2026-02-11 16:30:00,44.970001220703125,44.9900016784668,44.959999084472656,44.9900016784668,28985
2026-02-11 16:35:00,44.9900016784668,45.0099983215332,44.93999862670898,44.97499847412109,59500
2026-02-11 16:40:00,44.98989868164063,44.98989868164063,44.91999816894531,44.94499969482422,14007
2026-02-11 16:45:00,44.93000030517578,44.959999084472656,44.93000030517578,44.93999862670898,17674
2026-02-11 16:50:00,44.93999862670898,44.9900016784668,44.93999862670898,44.94499969482422,22020
2026-02-11 16:55:00,44.95000076293945,44.959999084472656,44.91999816894531,44.93000030517578,11623
2026-02-11 17:00:00,44.93999862670898,44.97999954223633,44.93999862670898,44.95000076293945,12254
2026-02-11 17:05:00,44.95500183105469,44.970001220703125,44.935001373291016,44.970001220703125,12860
2026-02-11 17:10:00,44.970001220703125,45.0,44.95500183105469,45.0,11743
2026-02-11 17:15:00,44.9900016784668,45.0099983215332,44.97999954223633,45.0,40883
2026-02-11 17:20:00,44.9900016784668,45.0099983215332,44.935001373291016,44.935001373291016,17033
2026-02-11 17:25:00,44.91999816894531,44.93999862670898,44.90999984741211,44.93000030517578,5500
2026-02-11 17:30:00,44.91999816894531,44.97999954223633,44.91999816894531,44.970001220703125,8551
2026-02-11 17:35:00,44.970001220703125,45.0,44.970001220703125,44.98500061035156,5457
2026-02-11 17:40:00,44.98500061035156,45.0099983215332,44.98500061035156,44.98500061035156,9025
2026-02-11 17:45:00,44.98500061035156,45.0,44.970001220703125,44.98500061035156,13040
2026-02-11 17:50:00,44.9900016784668,45.03010177612305,44.97999954223633,45.02999877929688,30089
2026-02-11 17:55:00,45.02000045776367,45.04999923706055,45.0,45.040000915527344,12051
2026-02-11 18:00:00,45.04999923706055,45.09000015258789,45.040000915527344,45.040000915527344,9371
2026-02-11 18:05:00,45.04999923706055,45.06999969482422,44.980098724365234,45.0,17122
2026-02-11 18:10:00,45.0,45.02000045776367,44.9900016784668,45.0,10940
2026-02-11 18:15:00,44.9900016784668,45.0,44.959999084472656,45.0,20510
2026-02-11 18:20:00,45.0,45.04999923706055,44.9900016784668,44.9900016784668,20810
2026-02-11 18:25:00,44.994998931884766,45.0099983215332,44.97999954223633,45.00749969482422,8973
2026-02-11 18:30:00,45.0099983215332,45.09000015258789,45.005001068115234,45.09000015258789,8894
2026-02-11 18:35:00,45.09000015258789,45.11000061035156,45.06999969482422,45.09999847412109,7205
2026-02-11 18:40:00,45.06999969482422,45.06999969482422,45.040000915527344,45.06499862670898,8125
2026-02-11 18:45:00,45.06499862670898,45.06999969482422,45.0099983215332,45.01499938964844,10890
2026-02-11 18:50:00,45.02000045776367,45.06999969482422,45.02000045776367,45.025001525878906,11831
2026-02-11 18:55:00,45.025001525878906,45.040000915527344,44.959999084472656,44.970001220703125,12539
2026-02-11 19:00:00,44.959999084472656,45.04999923706055,44.959999084472656,45.04999923706055,24924
2026-02-11 19:05:00,45.04999923706055,45.06999969482422,45.0099983215332,45.02000045776367,12031
2026-02-11 19:10:00,45.02000045776367,45.040000915527344,44.9900016784668,45.025001525878906,8933
2026-02-11 19:15:00,45.02000045776367,45.02999877929688,44.9900016784668,45.02000045776367,10397
2026-02-11 19:20:00,45.0099983215332,45.060001373291016,45.0,45.02999877929688,13378
2026-02-11 19:25:00,45.02999877929688,45.040000915527344,44.98889923095703,44.98889923095703,11849
2026-02-11 19:30:00,44.97999954223633,45.0099983215332,44.97999954223633,44.98500061035156,8005
2026-02-11 19:35:00,45.0,45.01499938964844,44.970001220703125,45.0099983215332,26744
2026-02-11 19:40:00,45.04999923706055,45.09000015258789,45.0099983215332,45.060001373291016,12888
2026-02-11 19:45:00,45.060001373291016,45.06999969482422,45.02999877929688,45.060001373291016,13259
2026-02-11 19:50:00,45.040000915527344,45.04999923706055,45.0099983215332,45.04999923706055,8639
2026-02-11 19:55:00,45.04999923706055,45.08000183105469,45.04999923706055,45.06499862670898,8412
2026-02-11 20:00:00,45.06999969482422,45.08000183105469,45.060001373291016,45.06999969482422,15767
2026-02-11 20:05:00,45.060001373291016,45.150001525878906,45.060001373291016,45.150001525878906,13142
2026-02-11 20:10:00,45.150001525878906,45.15999984741211,45.11000061035156,45.1150016784668,10114
2026-02-11 20:15:00,45.1150016784668,45.16999816894531,45.11000061035156,45.16999816894531,13387
2026-02-11 20:20:00,45.16999816894531,45.2599983215332,45.16999816894531,45.25,23048
2026-02-11 20:25:00,45.2599983215332,45.27000045776367,45.23500061035156,45.25,20400
2026-02-11 20:30:00,45.27000045776367,45.27999877929688,45.22999954223633,45.22999954223633,20233
2026-02-11 20:35:00,45.220001220703125,45.2400016784668,45.20000076293945,45.22499847412109,32300
2026-02-11 20:40:00,45.22999954223633,45.2400016784668,45.209999084472656,45.22999954223633,23329
2026-02-11 20:45:00,45.22999954223633,45.2400016784668,45.20000076293945,45.22499847412109,42167
2026-02-11 20:50:00,45.220001220703125,45.29999923706055,45.209999084472656,45.29999923706055,49544
2026-02-11 20:55:00,45.29499816894531,45.29999923706055,45.209999084472656,45.22999954223633,149136
2026-02-12 14:30:00,45.45000076293945,45.810001373291016,45.28499984741211,45.67499923706055,11238
2026-02-12 14:35:00,45.68000030517578,45.900001525878906,45.67499923706055,45.900001525878906,2889
2026-02-12 14:40:00,45.834999084472656,45.91999816894531,45.83000183105469,45.83000183105469,1630
2026-02-12 14:45:00,45.83000183105469,46.125,45.83000183105469,45.935001373291016,28915
2026-02-12 14:50:00,45.97999954223633,45.97999954223633,45.80500030517578,45.90250015258789,7207
2026-02-12 14:55:00,45.84000015258789,46.04999923706055,45.810001373291016,46.0099983215332,4529
2026-02-12 15:00:00,46.0099983215332,46.209999084472656,46.0099983215332,46.130001068115234,143443
2026-02-12 15:05:00,46.1349983215332,46.2400016784668,46.1349983215332,46.2400016784668,17996
2026-02-12 15:10:00,46.2400016784668,46.2400016784668,46.16999816894531,46.23500061035156,5734
2026-02-12 15:15:00,46.244998931884766,46.2599983215332,46.20000076293945,46.234500885009766,7095
2026-02-12 15:20:00,46.276100158691406,46.276100158691406,46.13999938964844,46.150001525878906,11617
2026-02-12 15:25:00,46.16999816894531,46.18999862670898,46.119998931884766,46.150001525878906,6879
2026-02-12 15:30:00,46.16999816894531,46.2400016784668,46.11069869995117,46.2400016784668,7300
2026-02-12 15:35:00,46.22999954223633,46.25,46.18000030517578,46.18000030517578,7188
2026-02-12 15:40:00,46.21500015258789,46.29999923706055,46.150001525878906,46.29999923706055,21961
2026-02-12 15:45:00,46.33000183105469,46.38999938964844,46.2599983215332,46.2599983215332,26721
2026-02-12 15:50:00,46.255001068115234,46.36000061035156,46.209999084472656,46.34999847412109,15276
2026-02-12 15:55:00,46.400001525878906,46.400001525878906,46.29999923706055,46.31499862670898,12011
2026-02-12 16:00:00,46.27999877929688,46.375,46.27999877929688,46.375,10627
2026-02-12 16:05:00,46.400001525878906,46.44499969482422,46.33000183105469,46.36000061035156,9577
2026-02-12 16:10:00,46.38999938964844,46.38999938964844,46.33000183105469,46.375,4638
2026-02-12 16:15:00,46.400001525878906,46.43000030517578,46.31499862670898,46.32500076293945,9951
2026-02-12 16:20:00,46.34000015258789,46.369998931884766,46.310001373291016,46.334999084472656,8955
2026-02-12 16:25:00,46.34000015258789,46.369998931884766,46.290000915527344,46.34000015258789,12765
2026-02-12 16:30:00,46.34999847412109,46.45000076293945,46.34999847412109,46.41999816894531,9110
2026-02-12 16:35:00,46.40999984741211,46.40999984741211,46.310001373291016,46.31999969482422,10455
2026-02-12 16:40:00,46.310001373291016,46.40999984741211,46.310001373291016,46.39500045776367,4491
2026-02-12 16:45:00,46.39500045776367,46.39500045776367,46.29499816894531,46.29499816894531,7622
2026-02-12 16:50:00,46.290000915527344,46.33000183105469,46.23500061035156,46.23500061035156,6573
2026-02-12 16:55:00,46.2599983215332,46.27999877929688,46.22999954223633,46.2401008605957,9734
2026-02-12 17:00:00,46.27000045776367,46.310001373291016,46.18999862670898,46.29499816894531,11468
2026-02-12 17:05:00,46.33000183105469,46.380001068115234,46.26499938964844,46.290000915527344,15181
2026-02-12 17:10:00,46.290000915527344,46.41999816894531,46.290000915527344,46.369998931884766,9128
2026-02-12 17:15:00,46.369998931884766,46.40999984741211,46.369998931884766,46.400001525878906,7032
2026-02-12 17:20:00,46.400001525878906,46.46500015258789,46.380001068115234,46.45000076293945,13454
2026-02-12 17:25:00,46.41999816894531,46.459999084472656,46.40499877929688,46.42620086669922,10097
2026-02-12 17:30:00,46.435001373291016,46.43999862670898,46.32500076293945,46.369998931884766,12116
2026-02-12 17:35:00,46.38999938964844,46.43000030517578,46.33369827270508,46.33369827270508,19351
2026-02-12 17:40:00,46.34999847412109,46.41999816894531,46.345001220703125,46.41999816894531,11408
2026-02-12 17:45:00,46.41999816894531,46.45000076293945,46.380001068115234,46.380001068115234,13712
2026-02-12 17:50:00,46.369998931884766,46.43999862670898,46.36000061035156,46.42499923706055,15905
2026-02-12 17:55:00,46.43000030517578,46.43999862670898,46.369998931884766,46.369998931884766,12364
2026-02-12 18:00:00,46.34000015258789,46.436500549316406,46.34000015258789,46.41999816894531,10131
2026-02-12 18:05:00,46.40499877929688,46.459999084472656,46.380001068115234,46.459999084472656,7939
2026-02-12 18:10:00,46.470001220703125,46.470001220703125,46.41999816894531,46.430301666259766,10280
2026-02-12 18:15:00,46.459999084472656,46.470001220703125,46.45000076293945,46.470001220703125,4685
2026-02-12 18:20:00,46.470001220703125,46.470001220703125,46.400001525878906,46.400001525878906,15173
2026-02-12 18:25:00,46.400001525878906,46.4900016784668,46.3650016784668,46.43000030517578,40676
2026-02-12 18:30:00,46.43999862670898,46.43999862670898,46.400001525878906,46.41999816894531,8171
2026-02-12 18:35:00,46.42499923706055,46.43999862670898,46.400001525878906,46.43999862670898,7851
2026-02-12 18:40:00,46.42499923706055,46.42499923706055,46.34999847412109,46.380001068115234,9305
2026-02-12 18:45:00,46.38999938964844,46.5099983215332,46.38999938964844,46.5099983215332,12475
2026-02-12 18:50:00,46.52999877929688,46.540000915527344,46.45500183105469,46.45500183105469,11627
2026-02-12 18:55:00,46.45500183105469,46.54999923706055,46.40999984741211,46.52000045776367,31215
2026-02-12 19:00:00,46.5099983215332,46.540000915527344,46.4900016784668,46.494998931884766,10561
2026-02-12 19:05:00,46.494998931884766,46.494998931884766,46.369998931884766,46.369998931884766,12575
2026-02-12 19:10:00,46.380001068115234,46.39500045776367,46.35499954223633,46.369998931884766,13114
2026-02-12 19:15:00,46.36000061035156,46.380001068115234,46.3051986694336,46.380001068115234,11961
2026-02-12 19:20:00,46.369998931884766,46.435001373291016,46.34999847412109,46.435001373291016,15862
2026-02-12 19:25:00,46.43999862670898,46.47999954223633,46.42499923706055,46.43000030517578,17744
2026-02-12 19:30:00,46.43999862670898,46.470001220703125,46.3849983215332,46.45500183105469,19102
2026-02-12 19:35:00,46.459999084472656,46.46500015258789,46.39500045776367,46.42499923706055,12030
2026-02-12 19:40:00,46.41999816894531,46.435001373291016,46.369998931884766,46.40999984741211,19212
2026-02-12 19:45:00,46.400001525878906,46.52999877929688,46.400001525878906,46.52999877929688,15861
2026-02-12 19:50:00,46.53499984741211,46.56499862670898,46.47999954223633,46.4900016784668,24811
2026-02-12 19:55:00,46.48699951171875,46.52999877929688,46.459999084472656,46.52000045776367,16835
2026-02-12 20:00:00,46.52999877929688,46.52999877929688,46.5,46.5,10464
2026-02-12 20:05:00,46.4900016784668,46.560001373291016,46.470001220703125,46.560001373291016,17511
2026-02-12 20:10:00,46.560001373291016,46.56999969482422,46.52000045776367,46.52999877929688,13710
2026-02-12 20:15:00,46.52999877929688,46.54999923706055,46.52000045776367,46.54999923706055,18202
2026-02-12 20:20:00,46.54999923706055,46.59000015258789,46.54499816894531,46.58000183105469,30410
2026-02-12 20:25:00,46.57500076293945,46.57500076293945,46.459999084472656,46.5099983215332,27166
2026-02-12 20:30:00,46.5,46.5,46.369998931884766,46.38999938964844,27832
2026-02-12 20:35:00,46.38999938964844,46.39500045776367,46.345001220703125,46.345001220703125,20957
2026-02-12 20:40:00,46.34000015258789,46.34000015258789,46.27524185180664,46.31999969482422,33754
2026-02-12 20:45:00,46.33000183105469,46.34000015258789,46.244998931884766,46.27999877929688,40250
2026-02-12 20:50:00,46.27999877929688,46.290000915527344,46.220001220703125,46.220001220703125,77784
2026-02-12 20:55:00,46.22499847412109,46.22999954223633,46.130001068115234,46.13999938964844,158483
2026-02-13 14:30:00,46.150001525878906,46.2400016784668,46.125,46.2400016784668,6518
2026-02-13 14:35:00,46.36000061035156,46.36000061035156,46.15499877929688,46.18999862670898,2178
2026-02-13 14:40:00,46.27149963378906,46.52750015258789,46.27149963378906,46.32500076293945,10100
2026-02-13 14:45:00,46.29499816894531,46.35499954223633,46.28499984741211,46.35499954223633,1533
2026-02-13 14:50:00,46.35499954223633,46.47999954223633,46.35499954223633,46.459999084472656,1838
2026-02-13 14:55:00,46.38999938964844,46.43000030517578,46.35079956054688,46.35079956054688,6182
2026-02-13 15:00:00,46.3650016784668,46.5,46.35499954223633,46.47499847412109,12933
2026-02-13 15:05:00,46.46500015258789,46.5099983215332,46.40999984741211,46.43000030517578,14064
2026-02-13 15:10:00,46.43999862670898,46.45000076293945,46.320098876953125,46.40499877929688,38060
2026-02-13 15:15:00,46.40499877929688,46.58000183105469,46.38999938964844,46.55500030517578,20453
2026-02-13 15:20:00,46.58000183105469,46.70000076293945,46.56499862670898,46.68000030517578,16888
2026-02-13 15:25:00,46.68000030517578,46.68999862670898,46.56499862670898,46.619998931884766,23355
2026-02-13 15:30:00,46.61000061035156,46.70000076293945,46.61000061035156,46.68999862670898,19547
2026-02-13 15:35:00,46.68999862670898,46.77000045776367,46.65999984741211,46.75,14873
2026-02-13 15:40:00,46.77999877929688,46.810001373291016,46.75,46.755001068115234,8534
2026-02-13 15:45:00,46.7599983215332,46.79999923706055,46.68999862670898,46.77000045776367,15147
2026-02-13 15:50:00,46.72999954223633,46.7400016784668,46.68000030517578,46.68000030517578,4441
2026-02-13 15:55:00,46.650001525878906,46.76499938964844,46.619998931884766,46.76499938964844,8688
2026-02-13 16:00:00,46.76499938964844,46.86000061035156,46.7400016784668,46.84000015258789,9218
2026-02-13 16:05:00,46.85499954223633,46.915000915527344,46.845001220703125,46.915000915527344,6717
2026-02-13 16:10:00,46.90999984741211,47.02000045776367,46.90999984741211,46.959999084472656,15491
2026-02-13 16:15:00,46.959999084472656,47.04999923706055,46.959999084472656,47.025001525878906,7524
2026-02-13 16:20:00,47.0,47.025001525878906,46.970001220703125,47.025001525878906,7790
2026-02-13 16:25:00,47.025001525878906,47.08000183105469,47.0099983215332,47.08000183105469,8162
2026-02-13 16:30:00,47.084999084472656,47.09999847412109,47.02999877929688,47.02999877929688,11622
2026-02-13 16:35:00,47.02999877929688,47.02999877929688,46.9900016784668,47.02999877929688,9043
2026-02-13 16:40:00,47.04999923706055,47.095001220703125,47.005001068115234,47.005001068115234,10813
2026-02-13 16:45:00,47.005001068115234,47.0099983215332,46.91999816894531,46.95500183105469,8056
2026-02-13 16:50:00,46.95000076293945,46.970001220703125,46.95000076293945,46.95000076293945,5038
2026-02-13 16:55:00,46.95000076293945,46.9900016784668,46.93000030517578,46.97999954223633,12449
2026-02-13 17:00:00,46.97999954223633,47.02000045776367,46.959999084472656,46.97999954223633,7496
2026-02-13 17:05:00,46.97999954223633,46.98500061035156,46.935001373291016,46.95000076293945,7231
2026-02-13 17:10:00,46.970001220703125,47.0,46.970001220703125,46.9900016784668,7140
2026-02-13 17:15:00,46.970001220703125,46.970001220703125,46.93999862670898,46.93999862670898,6398
2026-02-13 17:20:00,46.95000076293945,46.97990036010742,46.89599990844727,46.89599990844727,9206
2026-02-13 17:25:00,46.880001068115234,46.900001525878906,46.81010055541992,46.81010055541992,8534
2026-02-13 17:30:00,46.84999847412109,46.90999984741211,46.83000183105469,46.90999984741211,7062
2026-02-13 17:35:00,46.91999816894531,46.95000076293945,46.900001525878906,46.915000915527344,5794
2026-02-13 17:40:00,46.90499877929688,46.97999954223633,46.90499877929688,46.95000076293945,6029
2026-02-13 17:45:00,46.95000076293945,46.9900016784668,46.95000076293945,46.970001220703125,4249
2026-02-13 17:50:00,46.970001220703125,46.970001220703125,46.93999862670898,46.93999862670898,5317
2026-02-13 17:55:00,46.93999862670898,46.97999954223633,46.91999816894531,46.97999954223633,9849
2026-02-13 18:00:00,46.970001220703125,47.01499938964844,46.959999084472656,46.97999954223633,3423
2026-02-13 18:05:00,46.994998931884766,47.060001373291016,46.994998931884766,47.04999923706055,7788
2026-02-13 18:10:00,47.04999923706055,47.09000015258789,47.04999923706055,47.09000015258789,2014
2026-02-13 18:15:00,47.06999969482422,47.09000015258789,47.040000915527344,47.060001373291016,8404
2026-02-13 18:20:00,47.040000915527344,47.04499816894531,47.02999877929688,47.03499984741211,3220
2026-02-13 18:25:00,47.02999877929688,47.06999969482422,46.97999954223633,47.04999923706055,20006
2026-02-13 18:30:00,47.02999877929688,47.04999923706055,47.0099983215332,47.02000045776367,6017
2026-02-13 18:35:00,47.02000045776367,47.060001373291016,47.0099983215332,47.060001373291016,8558
2026-02-13 18:40:00,47.060001373291016,47.060001373291016,47.02000045776367,47.040000915527344,5089
2026-02-13 18:45:00,47.040000915527344,47.060001373291016,47.02999877929688,47.04499816894531,10970
2026-02-13 18:50:00,47.040000915527344,47.06999969482422,47.040000915527344,47.060001373291016,5366
2026-02-13 18:55:00,47.06999969482422,47.09000015258789,46.97999954223633,47.040000915527344,25596
2026-02-13 19:00:00,47.02000045776367,47.09000015258789,47.02000045776367,47.084999084472656,6341
2026-02-13 19:05:00,47.09999847412109,47.09999847412109,47.06999969482422,47.07989883422852,8292
2026-02-13 19:10:00,47.060001373291016,47.09000015258789,47.060001373291016,47.08000183105469,9460
2026-02-13 19:15:00,47.084999084472656,47.117000579833984,47.084999084472656,47.11000061035156,5418
2026-02-13 19:20:00,47.11000061035156,47.13999938964844,47.11000061035156,47.13999938964844,10584
2026-02-13 19:25:00,47.13999938964844,47.150001525878906,47.08000183105469,47.09999847412109,19430
2026-02-13 19:30:00,47.11000061035156,47.119998931884766,47.09999847412109,47.11000061035156,7509
2026-02-13 19:35:00,47.1150016784668,47.11600112915039,47.060001373291016,47.08000183105469,20085
2026-02-13 19:40:00,47.060001373291016,47.060001373291016,46.970001220703125,46.98500061035156,9175
2026-02-13 19:45:00,46.97999954223633,47.06999969482422,46.97999954223633,47.060001373291016,16619
2026-02-13 19:50:00,47.0625,47.06999969482422,46.9900016784668,47.0,11220
2026-02-13 19:55:00,47.0,47.02000045776367,46.93999862670898,46.97999954223633,15196
2026-02-13 20:00:00,46.9900016784668,47.02000045776367,46.97999954223633,46.9900016784668,10868
2026-02-13 20:05:00,47.0,47.04999923706055,46.9900016784668,47.04999923706055,10725
2026-02-13 20:10:00,47.02999877929688,47.02999877929688,47.02000045776367,47.02000045776367,17687
2026-02-13 20:15:00,47.02999877929688,47.040000915527344,47.0099983215332,47.025001525878906,11203
2026-02-13 20:20:00,47.0099983215332,47.0099983215332,46.959999084472656,47.005001068115234,36415
2026-02-13 20:25:00,47.005001068115234,47.04999923706055,46.970001220703125,46.970001220703125,20878
2026-02-13 20:30:00,46.970001220703125,46.9900016784668,46.93999862670898,46.97999954223633,25183
2026-02-13 20:35:00,46.97999954223633,47.0,46.959999084472656,46.970001220703125,22184
2026-02-13 20:40:00,46.96500015258789,46.970001220703125,46.90999984741211,46.90999984741211,19815
2026-02-13 20:45:00,46.90999984741211,46.95000076293945,46.88999938964844,46.94499969482422,42240
2026-02-13 20:50:00,46.959999084472656,46.994998931884766,46.88999938964844,46.93999862670898,54285
2026-02-13 20:55:00,46.94499969482422,47.005001068115234,46.880001068115234,46.97999954223633,184021
2026-02-17 14:30:00,47.36000061035156,47.5,47.11000061035156,47.15999984741211,31155
2026-02-17 14:35:00,47.15499877929688,47.31999969482422,47.1349983215332,47.15999984741211,7505
2026-02-17 14:40:00,47.22999954223633,47.25,47.13999938964844,47.2400016784668,11001
2026-02-17 14:45:00,47.27000045776367,47.27000045776367,47.11000061035156,47.18999862670898,31668
2026-02-17 14:50:00,47.18999862670898,47.21500015258789,47.130001068115234,47.16999816894531,34071
2026-02-17 14:55:00,47.15999984741211,47.244998931884766,47.150001525878906,47.16999816894531,18947
2026-02-17 15:00:00,47.18000030517578,47.18999862670898,47.09999847412109,47.12749862670898,14977
2026-02-17 15:05:00,47.150001525878906,47.27999877929688,47.13999938964844,47.209999084472656,24873
2026-02-17 15:10:00,47.220001220703125,47.27000045776367,47.14500045776367,47.17499923706055,12128
2026-02-17 15:15:00,47.15999984741211,47.209999084472656,47.060001373291016,47.19499969482422,9745
2026-02-17 15:20:00,47.185001373291016,47.334999084472656,47.15999984741211,47.310001373291016,14649
2026-02-17 15:25:00,47.29499816894531,47.29999923706055,47.150001525878906,47.18000030517578,21037
2026-02-17 15:30:00,47.150001525878906,47.209999084472656,47.130001068115234,47.19499969482422,15852
2026-02-17 15:35:00,47.185001373291016,47.185001373291016,47.11000061035156,47.150001525878906,12979
2026-02-17 15:40:00,47.130001068115234,47.130001068115234,46.97499847412109,47.02000045776367,12171
2026-02-17 15:45:00,47.02000045776367,47.119998931884766,47.0099983215332,47.060001373291016,18659
2026-02-17 15:50:00,47.09999847412109,47.119998931884766,47.0099983215332,47.03499984741211,10165
2026-02-17 15:55:00,47.02000045776367,47.13999938964844,47.02000045776367,47.04999923706055,18995
2026-02-17 16:00:00,47.040000915527344,47.040000915527344,46.97999954223633,46.97999954223633,8418
2026-02-17 16:05:00,46.9900016784668,47.0,46.959999084472656,46.959999084472656,13284
2026-02-17 16:10:00,46.97499847412109,46.9900016784668,46.93000030517578,46.97999954223633,11053
2026-02-17 16:15:00,46.9900016784668,47.02000045776367,46.970001220703125,46.970001220703125,17914
2026-02-17 16:20:00,46.98500061035156,47.02000045776367,46.98500061035156,46.9900016784668,13703
2026-02-17 16:25:00,46.9900016784668,47.0099983215332,46.96500015258789,46.97999954223633,16811
2026-02-17 16:30:00,46.97999954223633,46.97999954223633,46.915000915527344,46.92499923706055,12903
2026-02-17 16:35:00,46.91999816894531,46.93000030517578,46.915000915527344,46.93000030517578,7792
2026-02-17 16:40:00,46.93999862670898,46.959999084472656,46.90999984741211,46.91999816894531,11311
2026-02-17 16:45:00,46.93000030517578,46.93999862670898,46.89500045776367,46.91999816894531,12344
2026-02-17 16:50:00,46.91999816894531,46.91999816894531,46.88999938964844,46.91999816894531,11329
2026-02-17 16:55:00,46.93000030517578,47.09000015258789,46.93000030517578,47.09000015258789,31550
2026-02-17 17:00:00,47.08000183105469,47.08000183105469,46.98500061035156,47.0,15426
2026-02-17 17:05:00,46.994998931884766,47.02000045776367,46.95000076293945,47.0,15450
2026-02-17 17:10:00,47.0,47.04999923706055,47.0,47.040000915527344,8906
2026-02-17 17:15:00,47.040000915527344,47.040000915527344,47.0099983215332,47.040000915527344,16580
2026-02-17 17:20:00,47.040000915527344,47.040000915527344,46.970001220703125,46.97999954223633,15633
2026-02-17 17:25:00,46.97499847412109,46.9900016784668,46.91999816894531,46.93000030517578,30931
2026-02-17 17:30:00,46.92499923706055,46.93000030517578,46.900001525878906,46.92499923706055,26609
2026-02-17 17:35:00,46.92499923706055,46.93999862670898,46.900001525878906,46.900001525878906,6772
2026-02-17 17:40:00,46.900001525878906,46.91999816894531,46.81999969482422,46.83000183105469,22109
2026-02-17 17:45:00,46.81999969482422,46.83000183105469,46.775001525878906,46.775001525878906,20584
2026-02-17 17:50:00,46.790000915527344,46.79999923706055,46.7599983215332,46.775001525878906,28645
2026-02-17 17:55:00,46.775001525878906,46.79999923706055,46.77000045776367,46.79999923706055,11608
2026-02-17 18:00:00,46.80500030517578,46.81499862670898,46.77000045776367,46.810001373291016,37084
2026-02-17 18:05:00,46.810001373291016,46.84999847412109,46.810001373291016,46.84999847412109,11544
2026-02-17 18:10:00,46.84999847412109,46.84999847412109,46.7599983215332,46.790000915527344,19131
2026-02-17 18:15:00,46.79999923706055,46.81999969482422,46.77000045776367,46.8125,18260
2026-02-17 18:20:00,46.81499862670898,46.81499862670898,46.72999954223633,46.73500061035156,22064
2026-02-17 18:25:00,46.7400016784668,46.7599983215332,46.720001220703125,46.755001068115234,14990
2026-02-17 18:30:00,46.77000045776367,46.81999969482422,46.7400016784668,46.7599983215332,18456
2026-02-17 18:35:00,46.75,46.79999923706055,46.75,46.79499816894531,17404
2026-02-17 18:40:00,46.79999923706055,46.8125,46.77000045776367,46.775001525878906,17531
2026-02-17 18:45:00,46.77999877929688,46.88999938964844,46.775001525878906,46.88999938964844,9286
2026-02-17 18:50:00,46.880001068115234,46.91999816894531,46.875,46.875,20881
2026-02-17 18:55:00,46.86000061035156,46.88999938964844,46.80500030517578,46.80500030517578,22892
2026-02-17 19:00:00,46.83000183105469,46.85499954223633,46.810001373291016,46.85499954223633,14413
2026-02-17 19:05:00,46.85499954223633,46.86000061035156,46.81499862670898,46.86000061035156,16782
2026-02-17 19:10:00,46.869998931884766,46.915000915527344,46.83000183105469,46.83000183105469,28280
2026-02-17 19:15:00,46.84000015258789,46.84000015258789,46.79999923706055,46.810001373291016,9725
2026-02-17 19:20:00,46.79999923706055,46.85499954223633,46.79999923706055,46.84999847412109,9798
2026-02-17 19:25:00,46.86000061035156,46.875,46.834999084472656,46.869998931884766,12816
2026-02-17 19:30:00,46.86000061035156,46.86000061035156,46.83000183105469,46.83000183105469,23143
2026-02-17 19:35:00,46.84000015258789,46.84999847412109,46.81499862670898,46.83000183105469,19967
2026-02-17 19:40:00,46.83000183105469,46.869998931884766,46.77000045776367,46.869998931884766,16872
2026-02-17 19:45:00,46.869998931884766,46.869998931884766,46.84000015258789,46.84999847412109,9020
2026-02-17 19:50:00,46.84000015258789,46.84999847412109,46.72999954223633,46.7599983215332,27312
2026-02-17 19:55:00,46.77000045776367,46.790000915527344,46.7400016784668,46.7400016784668,19896
2026-02-17 20:00:00,46.72999954223633,46.80500030517578,46.72999954223633,46.790000915527344,16411
2026-02-17 20:05:00,46.790000915527344,46.790000915527344,46.73500061035156,46.790000915527344,18134
2026-02-17 20:10:00,46.77999877929688,46.810001373291016,46.7599983215332,46.79499816894531,35526
2026-02-17 20:15:00,46.790000915527344,46.845001220703125,46.790000915527344,46.810001373291016,22327
2026-02-17 20:20:00,46.810001373291016,46.810001373291016,46.77999877929688,46.79999923706055,35679
2026-02-17 20:25:00,46.79999923706055,46.810001373291016,46.7400016784668,46.75,42014
2026-02-17 20:30:00,46.7599983215332,46.7599983215332,46.709999084472656,46.72499847412109,30424
2026-02-17 20:35:00,46.72499847412109,46.89500045776367,46.70000076293945,46.880001068115234,28961
2026-02-17 20:40:00,46.900001525878906,46.959999084472656,46.869998931884766,46.95000076293945,46975
2026-02-17 20:45:00,46.95000076293945,46.959999084472656,46.91999816894531,46.959999084472656,52798
2026-02-17 20:50:00,46.970001220703125,47.02000045776367,46.89500045776367,46.900001525878906,79507
2026-02-17 20:55:00,46.900001525878906,46.9900016784668,46.880001068115234,46.91999816894531,263278
2026-02-18 14:30:00,47.29999923706055,47.560001373291016,46.0,46.93999862670898,130752
2026-02-18 14:35:00,46.935001373291016,47.244998931884766,46.40999984741211,46.77999877929688,80672
2026-02-18 14:40:00,46.88570022583008,47.290000915527344,46.70500183105469,47.11000061035156,45050
2026-02-18 14:45:00,47.11000061035156,47.380001068115234,46.9900016784668,47.10499954223633,49236
2026-02-18 14:50:00,47.10499954223633,47.31499862670898,46.959999084472656,47.29999923706055,25563
2026-02-18 14:55:00,47.290000915527344,47.54499816894531,47.2400016784668,47.459999084472656,50771
2026-02-18 15:00:00,47.43999862670898,47.46500015258789,47.22999954223633,47.29499816894531,21381
2026-02-18 15:05:00,47.31499862670898,47.380001068115234,47.16999816894531,47.380001068115234,49715
2026-02-18 15:10:00,47.380001068115234,47.54999923706055,47.3650016784668,47.380001068115234,42356
2026-02-18 15:15:00,47.41999816894531,47.61000061035156,47.400001525878906,47.400001525878906,27514
2026-02-18 15:20:00,47.34000015258789,47.34999847412109,47.04499816894531,47.04499816894531,18517
2026-02-18 15:25:00,47.02999877929688,47.31999969482422,47.0,47.27999877929688,19824
2026-02-18 15:30:00,47.31499862670898,47.43000030517578,47.22999954223633,47.30500030517578,30539
2026-02-18 15:35:00,47.29999923706055,47.435001373291016,47.29499816894531,47.36000061035156,25932
2026-02-18 15:40:00,47.382999420166016,47.400001525878906,47.130001068115234,47.35499954223633,50473
2026-02-18 15:45:00,47.35499954223633,47.43000030517578,47.25,47.27999877929688,23733
2026-02-18 15:50:00,47.27999877929688,47.28499984741211,47.15999984741211,47.220001220703125,12799
2026-02-18 15:55:00,47.20000076293945,47.209999084472656,47.09999847412109,47.185001373291016,16885
2026-02-18 16:00:00,47.185001373291016,47.185001373291016,47.025001525878906,47.06999969482422,22642
2026-02-18 16:05:00,47.06999969482422,47.06999969482422,47.0,47.04999923706055,19221
2026-02-18 16:10:00,47.040000915527344,47.040000915527344,46.84000015258789,46.86000061035156,22229
2026-02-18 16:15:00,46.84999847412109,46.970001220703125,46.810001373291016,46.810001373291016,32549
2026-02-18 16:20:00,46.810001373291016,46.86000061035156,46.775001525878906,46.790000915527344,15608
2026-02-18 16:25:00,46.790000915527344,46.79999923706055,46.68999862670898,46.7599983215332,25393
2026-02-18 16:30:00,46.7599983215332,46.7599983215332,46.650001525878906,46.665000915527344,11062
2026-02-18 16:35:00,46.68999862670898,46.709999084472656,46.63999938964844,46.650001525878906,15370
2026-02-18 16:40:00,46.619998931884766,46.720001220703125,46.59999847412109,46.71500015258789,13941
2026-02-18 16:45:00,46.72499847412109,46.79999923706055,46.70000076293945,46.75,13185
2026-02-18 16:50:00,46.75,46.75,46.709999084472656,46.72999954223633,12443
2026-02-18 16:55:00,46.720001220703125,46.7400016784668,46.66999816894531,46.66999816894531,7544
2026-02-18 17:00:00,46.65999984741211,46.76499938964844,46.58000183105469,46.76499938964844,11173
2026-02-18 17:05:00,46.7599983215332,46.76150131225586,46.650001525878906,46.650001525878906,8294
2026-02-18 17:10:00,46.61000061035156,46.63999938964844,46.58000183105469,46.59000015258789,12031
2026-02-18 17:15:00,46.59000015258789,46.61000061035156,46.45500183105469,46.5,29190
2026-02-18 17:20:00,46.5099983215332,46.52000045776367,46.44499969482422,46.5,13708
2026-02-18 17:25:00,46.4900016784668,46.5099983215332,46.45000076293945,46.5,11884
2026-02-18 17:30:00,46.47999954223633,46.52000045776367,46.41999816894531,46.470001220703125,16003
2026-02-18 17:35:00,46.470001220703125,46.54999923706055,46.470001220703125,46.52999877929688,10858
2026-02-18 17:40:00,46.52999877929688,46.619998931884766,46.52000045776367,46.619998931884766,15554
2026-02-18 17:45:00,46.60499954223633,46.665000915527344,46.60499954223633,46.630001068115234,13785
2026-02-18 17:50:00,46.63999938964844,46.709999084472656,46.63999938964844,46.68999862670898,9187
2026-02-18 17:55:00,46.66999816894531,46.70000076293945,46.66999816894531,46.68000030517578,8527
2026-02-18 18:00:00,46.68999862670898,46.70000076293945,46.619998931884766,46.650001525878906,23869
2026-02-18 18:05:00,46.630001068115234,46.63999938964844,46.61000061035156,46.63999938964844,8564
2026-02-18 18:10:00,46.63999938964844,46.67499923706055,46.630001068115234,46.63999938964844,11678
2026-02-18 18:15:00,46.63999938964844,46.68000030517578,46.59999847412109,46.68000030517578,11957
2026-02-18 18:20:00,46.66999816894531,46.66999816894531,46.63999938964844,46.65999984741211,10729
2026-02-18 18:25:00,46.630001068115234,46.65999984741211,46.59000015258789,46.65999984741211,10837
2026-02-18 18:30:00,46.65999984741211,46.65999984741211,46.59999847412109,46.619998931884766,8553
2026-02-18 18:35:00,46.625,46.720001220703125,46.625,46.70000076293945,13905
2026-02-18 18:40:00,46.70000076293945,46.755001068115234,46.685001373291016,46.755001068115234,11224
2026-02-18 18:45:00,46.7400016784668,46.82500076293945,46.72999954223633,46.80500030517578,14304
2026-02-18 18:50:00,46.790000915527344,46.84000015258789,46.70000076293945,46.7400016784668,18632
2026-02-18 18:55:00,46.720001220703125,46.75,46.650001525878906,46.72999954223633,16022
2026-02-18 19:00:00,46.709999084472656,46.790000915527344,46.70000076293945,46.790000915527344,16952
2026-02-18 19:05:00,46.790000915527344,46.810001373291016,46.68000030517578,46.685001373291016,21287
2026-02-18 19:10:00,46.65999984741211,46.70000076293945,46.59000015258789,46.59000015258789,18324
2026-02-18 19:15:00,46.59999847412109,46.6150016784668,46.47999954223633,46.5099983215332,14353
2026-02-18 19:20:00,46.5099983215332,46.6150016784668,46.5099983215332,46.59999847412109,19387
2026-02-18 19:25:00,46.595001220703125,46.70000076293945,46.595001220703125,46.69499969482422,12476
2026-02-18 19:30:00,46.66999816894531,46.744998931884766,46.58000183105469,46.595001220703125,18148
2026-02-18 19:35:00,46.56999969482422,46.70500183105469,46.56999969482422,46.70500183105469,17993
2026-02-18 19:40:00,46.709999084472656,46.79999923706055,46.70000076293945,46.79499816894531,8687
2026-02-18 19:45:00,46.77000045776367,46.77999877929688,46.72999954223633,46.7400016784668,11412
2026-02-18 19:50:00,46.7400016784668,46.7599983215332,46.709999084472656,46.71500015258789,11550
2026-02-18 19:55:00,46.72499847412109,46.81999969482422,46.69369888305664,46.810001373291016,16842
2026-02-18 20:00:00,46.80500030517578,46.83000183105469,46.75,46.75,51604
2026-02-18 20:05:00,46.72999954223633,46.72999954223633,46.630001068115234,46.665000915527344,18640
2026-02-18 20:10:00,46.65999984741211,46.73500061035156,46.650001525878906,46.72999954223633,17647
2026-02-18 20:15:00,46.72499847412109,46.77000045776367,46.72499847412109,46.72999954223633,15223
2026-02-18 20:20:00,46.7400016784668,46.7400016784668,46.66999816894531,46.66999816894531,22802
2026-02-18 20:25:00,46.65999984741211,46.68000030517578,46.59999847412109,46.59999847412109,23457
2026-02-18 20:30:00,46.61000061035156,46.619998931884766,46.52999877929688,46.59999847412109,33660
2026-02-18 20:35:00,46.59999847412109,46.63999938964844,46.56999969482422,46.63999938964844,22875
2026-02-18 20:40:00,46.650001525878906,46.650001525878906,46.57500076293945,46.57500076293945,39232
2026-02-18 20:45:00,46.58000183105469,46.58100128173828,46.45000076293945,46.459999084472656,48169
2026-02-18 20:50:00,46.45000076293945,46.58000183105469,46.45000076293945,46.560001373291016,67065
2026-02-18 20:55:00,46.560001373291016,46.56999969482422,46.43999862670898,46.4900016784668,203907
2026-02-19 14:30:00,46.97999954223633,46.97999954223633,46.4900016784668,46.720001220703125,30902
2026-02-19 14:35:00,46.720001220703125,46.79999923706055,46.630001068115234,46.77999877929688,11691
2026-02-19 14:40:00,46.77999877929688,47.08000183105469,46.77999877929688,47.02999877929688,15252
2026-02-19 14:45:00,46.97999954223633,47.01499938964844,46.93000030517578,46.994998931884766,10905
2026-02-19 14:50:00,46.93000030517578,46.93000030517578,46.83000183105469,46.83000183105469,5388
2026-02-19 14:55:00,46.84999847412109,46.900001525878906,46.82500076293945,46.82500076293945,6226
2026-02-19 15:00:00,46.77999877929688,46.77999877929688,46.61000061035156,46.61000061035156,18556
2026-02-19 15:05:00,46.60499954223633,46.6349983215332,46.58000183105469,46.6349983215332,17616
2026-02-19 15:10:00,46.630001068115234,46.77000045776367,46.630001068115234,46.70000076293945,32421
2026-02-19 15:15:00,46.68000030517578,46.77999877929688,46.61000061035156,46.71500015258789,41696
2026-02-19 15:20:00,46.7400016784668,46.79999923706055,46.68999862670898,46.79499816894531,9549
2026-02-19 15:25:00,46.790000915527344,46.875,46.77000045776367,46.85499954223633,5773
2026-02-19 15:30:00,46.81999969482422,46.90999984741211,46.81999969482422,46.900001525878906,8523
2026-02-19 15:35:00,46.90499877929688,47.04249954223633,46.90499877929688,46.93999862670898,10718
2026-02-19 15:40:00,46.94499969482422,47.084999084472656,46.932498931884766,47.04999923706055,29198
2026-02-19 15:45:00,47.06999969482422,47.08000183105469,47.00249862670898,47.00249862670898,32880
2026-02-19 15:50:00,46.97999954223633,47.06999969482422,46.959999084472656,47.06999969482422,10382
2026-02-19 15:55:00,47.06999969482422,47.13999938964844,47.04999923706055,47.04999923706055,8422
2026-02-19 16:00:00,47.040000915527344,47.040000915527344,47.005001068115234,47.01499938964844,5807
2026-02-19 16:05:00,47.02999877929688,47.09000015258789,46.970001220703125,46.970001220703125,12032
2026-02-19 16:10:00,47.005001068115234,47.040000915527344,46.97999954223633,47.0099983215332,6276
2026-02-19 16:15:00,47.0099983215332,47.02000045776367,46.94499969482422,46.94499969482422,4020
2026-02-19 16:20:00,46.94499969482422,46.95000076293945,46.90999984741211,46.94499969482422,5608
2026-02-19 16:25:00,46.94499969482422,46.95500183105469,46.82500076293945,46.82500076293945,6699
2026-02-19 16:30:00,46.834999084472656,46.93000030517578,46.834999084472656,46.92499923706055,5207
2026-02-19 16:35:00,46.91999816894531,46.970001220703125,46.90010070800781,46.959999084472656,7343
2026-02-19 16:40:00,46.93999862670898,46.959999084472656,46.91999816894531,46.959999084472656,5403
2026-02-19 16:45:00,46.9900016784668,46.9900016784668,46.935001373291016,46.95000076293945,5196
2026-02-19 16:50:00,46.90999984741211,46.90999984741211,46.845001220703125,46.869998931884766,6255
2026-02-19 16:55:00,46.880001068115234,46.90499877929688,46.880001068115234,46.88999938964844,5801
2026-02-19 17:00:00,46.869998931884766,46.869998931884766,46.834999084472656,46.834999084472656,4129
2026-02-19 17:05:00,46.84000015258789,46.84999847412109,46.810001373291016,46.82500076293945,4724
2026-02-19 17:10:00,46.845001220703125,46.90999984741211,46.845001220703125,46.88999938964844,6445
2026-02-19 17:15:00,46.900001525878906,46.90499877929688,46.869998931884766,46.869998931884766,4585
2026-02-19 17:20:00,46.88999938964844,46.91999816894531,46.88999938964844,46.900001525878906,6211
2026-02-19 17:25:00,46.900001525878906,47.005001068115234,46.900001525878906,46.98500061035156,9115
2026-02-19 17:30:00,46.9900016784668,47.02000045776367,46.9900016784668,47.02000045776367,5323
2026-02-19 17:35:00,47.0099983215332,47.0099983215332,46.91999816894531,46.970001220703125,11979
2026-02-19 17:40:00,46.97999954223633,47.02999877929688,46.97999954223633,47.02000045776367,5634
2026-02-19 17:45:00,47.01499938964844,47.01499938964844,46.95500183105469,46.96500015258789,6631
2026-02-19 17:50:00,46.96500015258789,46.97999954223633,46.93999862670898,46.970001220703125,6524
2026-02-19 17:55:00,46.9900016784668,47.09000015258789,46.9900016784668,46.9900016784668,19408
2026-02-19 18:00:00,46.9900016784668,47.0,46.93999862670898,46.93999862670898,10317
2026-02-19 18:05:00,46.95000076293945,46.95000076293945,46.880001068115234,46.93000030517578,5891
2026-02-19 18:10:00,46.91999816894531,46.959999084472656,46.91999816894531,46.93999862670898,5695
2026-02-19 18:15:00,46.96500015258789,47.0099983215332,46.96500015258789,46.9900016784668,5122
2026-02-19 18:20:00,46.97999954223633,46.97999954223633,46.970001220703125,46.97499847412109,3374
2026-02-19 18:25:00,46.959999084472656,47.04999923706055,46.93000030517578,47.04999923706055,11545
2026-02-19 18:30:00,47.060001373291016,47.095001220703125,47.010101318359375,47.095001220703125,13692
2026-02-19 18:35:00,47.08000183105469,47.08000183105469,47.02999877929688,47.06019973754883,11959
2026-02-19 18:40:00,47.06999969482422,47.09000015258789,47.060001373291016,47.084999084472656,4066
2026-02-19 18:45:00,47.084999084472656,47.09000015258789,47.04999923706055,47.084999084472656,7730
2026-02-19 18:50:00,47.06999969482422,47.09999847412109,47.04999923706055,47.095001220703125,5142
2026-02-19 18:55:00,47.08000183105469,47.08000183105469,46.970001220703125,46.970001220703125,6615
2026-02-19 19:00:00,46.970001220703125,46.970001220703125,46.93999862670898,46.93999862670898,10197
2026-02-19 19:05:00,46.93000030517578,47.0099983215332,46.90499877929688,47.0099983215332,13819
2026-02-19 19:10:00,47.0,47.005001068115234,46.970001220703125,46.97999954223633,12299
2026-02-19 19:15:00,46.97999954223633,46.97999954223633,46.84000015258789,46.86000061035156,9779
2026-02-19 19:20:00,46.86000061035156,46.8650016784668,46.810001373291016,46.810001373291016,5099
2026-02-19 19:25:00,46.79999923706055,46.84999847412109,46.79999923706055,46.845001220703125,18512
2026-02-19 19:30:00,46.81999969482422,46.81999969482422,46.72999954223633,46.755001068115234,10465
2026-02-19 19:35:00,46.755001068115234,46.790000915527344,46.68000030517578,46.69499969482422,12972
2026-02-19 19:40:00,46.68999862670898,46.70000076293945,46.650001525878906,46.70000076293945,14921
2026-02-19 19:45:00,46.68000030517578,46.720001220703125,46.63999938964844,46.709999084472656,29102
2026-02-19 19:50:00,46.70000076293945,46.720001220703125,46.59000015258789,46.60499954223633,33436
2026-02-19 19:55:00,46.61000061035156,46.6150016784668,46.52000045776367,46.56999969482422,16384
2026-02-19 20:00:00,46.560001373291016,46.59999847412109,46.52000045776367,46.59999847412109,14709
2026-02-19 20:05:00,46.61000061035156,46.630001068115234,46.59000015258789,46.619998931884766,15284
2026-02-19 20:10:00,46.619998931884766,46.619998931884766,46.560001373291016,46.59000015258789,14412
2026-02-19 20:15:00,46.59000015258789,46.59999847412109,46.560001373291016,46.59999847412109,15418
2026-02-19 20:20:00,46.59999847412109,46.59999847412109,46.52999877929688,46.58349990844727,23516
2026-02-19 20:25:00,46.58000183105469,46.58000183105469,46.52000045776367,46.52999877929688,20701
2026-02-19 20:30:00,46.52000045776367,46.54999923706055,46.4900016784668,46.54999923706055,24347
2026-02-19 20:35:00,46.54999923706055,46.65999984741211,46.52999877929688,46.619998931884766,59171
2026-02-19 20:40:00,46.619998931884766,46.63999938964844,46.59000015258789,46.59999847412109,31803
2026-02-19 20:45:00,46.58000183105469,46.619998931884766,46.58000183105469,46.59000015258789,36329
2026-02-19 20:50:00,46.59000015258789,46.7052001953125,46.59000015258789,46.66999816894531,55846
2026-02-19 20:55:00,46.67499923706055,46.7599983215332,46.66999816894531,46.72499847412109,176723
2026-02-20 14:30:00,47.060001373291016,47.060001373291016,46.79999923706055,46.84099960327149,45105
2026-02-20 14:35:00,46.810001373291016,46.91999816894531,46.66999816894531,46.7400016784668,26466
2026-02-20 14:40:00,46.709999084472656,46.709999084472656,46.60499954223633,46.630001068115234,4483
2026-02-20 14:45:00,46.63999938964844,46.68000030517578,46.56999969482422,46.68000030517578,10073
2026-02-20 14:50:00,46.68000030517578,46.7599983215332,46.619998931884766,46.72999954223633,10804
2026-02-20 14:55:00,46.7400016784668,46.80500030517578,46.7400016784668,46.790000915527344,6751
2026-02-20 15:00:00,46.78499984741211,46.869998931884766,46.56999969482422,46.56999969482422,30755
2026-02-20 15:05:00,46.52000045776367,46.56999969482422,46.5,46.54499816894531,4766
2026-02-20 15:10:00,46.54499816894531,46.56499862670898,46.5,46.54999923706055,8312
2026-02-20 15:15:00,46.59000015258789,46.86000061035156,46.584999084472656,46.84000015258789,13073
2026-02-20 15:20:00,46.84000015258789,46.84000015258789,46.77999877929688,46.810001373291016,4539
2026-02-20 15:25:00,46.810001373291016,46.95000076293945,46.810001373291016,46.95000076293945,4942
2026-02-20 15:30:00,46.94499969482422,46.94499969482422,46.875,46.93000030517578,8916
2026-02-20 15:35:00,46.91999816894531,46.93999862670898,46.79999923706055,46.810001373291016,10624
2026-02-20 15:40:00,46.83000183105469,46.88999938964844,46.77000045776367,46.86000061035156,6875
2026-02-20 15:45:00,46.83000183105469,46.93999862670898,46.83000183105469,46.86000061035156,20174
2026-02-20 15:50:00,46.84999847412109,46.880001068115234,46.810001373291016,46.880001068115234,5218
2026-02-20 15:55:00,46.880001068115234,46.900001525878906,46.810001373291016,46.81999969482422,7380
2026-02-20 16:00:00,46.83000183105469,46.83000183105469,46.72999954223633,46.77000045776367,7896
2026-02-20 16:05:00,46.79499816894531,46.845001220703125,46.790000915527344,46.845001220703125,9145
2026-02-20 16:10:00,46.845001220703125,46.84999847412109,46.81499862670898,46.84000015258789,6095
2026-02-20 16:15:00,46.86000061035156,46.875,46.83000183105469,46.84000015258789,8367
2026-02-20 16:20:00,46.81999969482422,46.834999084472656,46.75,46.77999877929688,19442
2026-02-20 16:25:00,46.77999877929688,46.790000915527344,46.77000045776367,46.77999877929688,5944
2026-02-20 16:30:00,46.79999923706055,46.79999923706055,46.72999954223633,46.77999877929688,9161
2026-02-20 16:35:00,46.790000915527344,46.84999847412109,46.77999877929688,46.77999877929688,17618
2026-02-20 16:40:00,46.79600143432617,46.84000015258789,46.790000915527344,46.810001373291016,28993
2026-02-20 16:45:00,46.810001373291016,46.82500076293945,46.77000045776367,46.81499862670898,21767
2026-02-20 16:50:00,46.81499862670898,46.880001068115234,46.81499862670898,46.84000015258789,13917
2026-02-20 16:55:00,46.81999969482422,46.869998931884766,46.810001373291016,46.869998931884766,19157
2026-02-20 17:00:00,46.880001068115234,46.880001068115234,46.84000015258789,46.84999847412109,4593
2026-02-20 17:05:00,46.845001220703125,46.845001220703125,46.810001373291016,46.810001373291016,5817
2026-02-20 17:10:00,46.81999969482422,46.869998931884766,46.810001373291016,46.84999847412109,7062
2026-02-20 17:15:00,46.869998931884766,46.91350173950195,46.869998931884766,46.91350173950195,1967
2026-02-20 17:20:00,46.900001525878906,46.91999816894531,46.845001220703125,46.845001220703125,5190
2026-02-20 17:25:00,46.85499954223633,46.91999816894531,46.85499954223633,46.91999816894531,4691
2026-02-20 17:30:00,46.900001525878906,46.91999816894531,46.869998931884766,46.8849983215332,6322
2026-02-20 17:35:00,46.90999984741211,46.93000030517578,46.900001525878906,46.90999984741211,5266
2026-02-20 17:40:00,46.90999984741211,47.005001068115234,46.88999938964844,46.98500061035156,3984
2026-02-20 17:45:00,46.959999084472656,46.970001220703125,46.92499923706055,46.95989990234375,9858
2026-02-20 17:50:00,46.935001373291016,46.97499847412109,46.93000030517578,46.97499847412109,3883
2026-02-20 17:55:00,46.959999084472656,46.97999954223633,46.93000030517578,46.95000076293945,8996
2026-02-20 18:00:00,46.95000076293945,46.9900016784668,46.95000076293945,46.97999954223633,3232
2026-02-20 18:05:00,46.96500015258789,46.970001220703125,46.90999984741211,46.91999816894531,9503
2026-02-20 18:10:00,46.915000915527344,46.970001220703125,46.900001525878906,46.970001220703125,6006
2026-02-20 18:15:00,46.959999084472656,46.98500061035156,46.93999862670898,46.98500061035156,5620
2026-02-20 18:20:00,46.9900016784668,46.9900016784668,46.93999862670898,46.96500015258789,8345
2026-02-20 18:25:00,46.970001220703125,46.9900016784668,46.970001220703125,46.9900016784668,2147
2026-02-20 18:30:00,46.97499847412109,47.04999923706055,46.970001220703125,47.02999877929688,8496
2026-02-20 18:35:00,47.0099983215332,47.084999084472656,46.9900016784668,47.06999969482422,17704
2026-02-20 18:40:00,47.09000015258789,47.15999984741211,47.09000015258789,47.09999847412109,20574
2026-02-20 18:45:00,47.09999847412109,47.1349983215332,47.095001220703125,47.095001220703125,8202
2026-02-20 18:50:00,47.095001220703125,47.09999847412109,47.02000045776367,47.040000915527344,19196
2026-02-20 18:55:00,47.040000915527344,47.05849838256836,46.959999084472656,47.040000915527344,14344
2026-02-20 19:00:00,47.040000915527344,47.09999847412109,47.025001525878906,47.09999847412109,9785
2026-02-20 19:05:00,47.09999847412109,47.09999847412109,47.02000045776367,47.04999923706055,9948
2026-02-20 19:10:00,47.060001373291016,47.060001373291016,46.9900016784668,46.9900016784668,5685
2026-02-20 19:15:00,46.98500061035156,47.040000915527344,46.98500061035156,47.0099983215332,4098
2026-02-20 19:20:00,47.04999923706055,47.09999847412109,47.02000045776367,47.02000045776367,11374
2026-02-20 19:25:00,47.03499984741211,47.119998931884766,47.03499984741211,47.08000183105469,4078
2026-02-20 19:30:00,47.119998931884766,47.15999984741211,47.09000015258789,47.09999847412109,37261
2026-02-20 19:35:00,47.11000061035156,47.150001525878906,47.11000061035156,47.11000061035156,9603
2026-02-20 19:40:00,47.095001220703125,47.130001068115234,47.08000183105469,47.09000015258789,6614
2026-02-20 19:45:00,47.09000015258789,47.09999847412109,47.06999969482422,47.06999969482422,6858
2026-02-20 19:50:00,47.06499862670898,47.1150016784668,47.060001373291016,47.06499862670898,11063
2026-02-20 19:55:00,47.07500076293945,47.18000030517578,47.07500076293945,47.18000030517578,4934
2026-02-20 20:00:00,47.220001220703125,47.2400016784668,47.20000076293945,47.22999954223633,8952
2026-02-20 20:05:00,47.22999954223633,47.2599983215332,47.209999084472656,47.2400016784668,9744
2026-02-20 20:10:00,47.22999954223633,47.26499938964844,47.220001220703125,47.25,13857
2026-02-20 20:15:00,47.2400016784668,47.27999877929688,47.220001220703125,47.2599983215332,16556
2026-02-20 20:20:00,47.25,47.27000045776367,47.20000076293945,47.255001068115234,22929
2026-02-20 20:25:00,47.27999877929688,47.30500030517578,47.2599983215332,47.29999923706055,12985
2026-02-20 20:30:00,47.310001373291016,47.33000183105469,47.27000045776367,47.33000183105469,16481
2026-02-20 20:35:00,47.31999969482422,47.31999969482422,47.25,47.27000045776367,15423
2026-02-20 20:40:00,47.27000045776367,47.27000045776367,47.20000076293945,47.220001220703125,18613
2026-02-20 20:45:00,47.220001220703125,47.27999877929688,47.18999862670898,47.2599983215332,33670
2026-02-20 20:50:00,47.27000045776367,47.310001373291016,47.2599983215332,47.290000915527344,55307
2026-02-20 20:55:00,47.290000915527344,47.36000061035156,47.25,47.36000061035156,173208
2026-02-23 14:30:00,46.970001220703125,47.61000061035156,46.970001220703125,47.55500030517578,18723
2026-02-23 14:35:00,47.65999984741211,48.11000061035156,47.65999984741211,48.11000061035156,16528
2026-02-23 14:40:00,48.18999862670898,48.209999084472656,47.86000061035156,47.900001525878906,9036
2026-02-23 14:45:00,47.93999862670898,47.93999862670898,47.709999084472656,47.744998931884766,4327
2026-02-23 14:50:00,47.84999847412109,47.84999847412109,47.56499862670898,47.70000076293945,2884
2026-02-23 14:55:00,47.709999084472656,47.810001373291016,47.63999938964844,47.69499969482422,4631
2026-02-23 15:00:00,47.81999969482422,47.83000183105469,47.650001525878906,47.709999084472656,3805
2026-02-23 15:05:00,47.70000076293945,47.70000076293945,47.57500076293945,47.630001068115234,13944
2026-02-23 15:10:00,47.70000076293945,47.900001525878906,47.68000030517578,47.900001525878906,5040
2026-02-23 15:15:00,47.810001373291016,47.84999847412109,47.77999877929688,47.77999877929688,7969
2026-02-23 15:20:00,47.77999877929688,47.77999877929688,47.7599983215332,47.7599983215332,7054
2026-02-23 15:25:00,47.81999969482422,47.869998931884766,47.7599983215332,47.810001373291016,11707
2026-02-23 15:30:00,47.810001373291016,47.84000015258789,47.77000045776367,47.79499816894531,5867
2026-02-23 15:35:00,47.79499816894531,47.81499862670898,47.7599983215332,47.790000915527344,5396
2026-02-23 15:40:00,47.79499816894531,47.810001373291016,47.7599983215332,47.77999877929688,10439
2026-02-23 15:45:00,47.78499984741211,47.790000915527344,47.7400016784668,47.7400016784668,6966
2026-02-23 15:50:00,47.7400016784668,47.83000183105469,47.70000076293945,47.83000183105469,18564
2026-02-23 15:55:00,47.845001220703125,47.845001220703125,47.77009963989258,47.80500030517578,6059
2026-02-23 16:00:00,47.77999877929688,47.77999877929688,47.7400016784668,47.744998931884766,7150
2026-02-23 16:05:00,47.72999954223633,47.75,47.65499877929688,47.65499877929688,7057
2026-02-23 16:10:00,47.665000915527344,47.709999084472656,47.65999984741211,47.70500183105469,5637
2026-02-23 16:15:00,47.65999984741211,47.7599983215332,47.650001525878906,47.709999084472656,14111
2026-02-23 16:20:00,47.673301696777344,47.709999084472656,47.63999938964844,47.709999084472656,6494
2026-02-23 16:25:00,47.68000030517578,47.70500183105469,47.65999984741211,47.70500183105469,7419
2026-02-23 16:30:00,47.7400016784668,47.7400016784668,47.685001373291016,47.72999954223633,7412
2026-02-23 16:35:00,47.75,47.75,47.630001068115234,47.630001068115234,6106
2026-02-23 16:40:00,47.6150016784668,47.650001525878906,47.58399963378906,47.59999847412109,6441
2026-02-23 16:45:00,47.59999847412109,47.61000061035156,47.56999969482422,47.56999969482422,6377
2026-02-23 16:50:00,47.619998931884766,47.650001525878906,47.595001220703125,47.630001068115234,4806
2026-02-23 16:55:00,47.59999847412109,47.61000061035156,47.57749938964844,47.57749938964844,5059
2026-02-23 17:00:00,47.57600021362305,47.595001220703125,47.54999923706055,47.56999969482422,6936
2026-02-23 17:05:00,47.56499862670898,47.59000015258789,47.5099983215332,47.54999923706055,7972
2026-02-23 17:10:00,47.56999969482422,47.61000061035156,47.56600189208984,47.61000061035156,3907
2026-02-23 17:15:00,47.58000183105469,47.650001525878906,47.56999969482422,47.630001068115234,12646
2026-02-23 17:20:00,47.61000061035156,47.650001525878906,47.61000061035156,47.619998931884766,5884
2026-02-23 17:25:00,47.61000061035156,47.68000030517578,47.61000061035156,47.6349983215332,9742
2026-02-23 17:30:00,47.63999938964844,47.66999816894531,47.63999938964844,47.66999816894531,6731
2026-02-23 17:35:00,47.650001525878906,47.65999984741211,47.619998931884766,47.619998931884766,5606
2026-02-23 17:40:00,47.619998931884766,47.619998931884766,47.584999084472656,47.59000015258789,4124
2026-02-23 17:45:00,47.59000015258789,47.595001220703125,47.560001373291016,47.560001373291016,4388
2026-02-23 17:50:00,47.540000915527344,47.54999923706055,47.52999877929688,47.540000915527344,3466
2026-02-23 17:55:00,47.540000915527344,47.59999847412109,47.52000045776367,47.59000015258789,6500
2026-02-23 18:00:00,47.59000015258789,47.63999938964844,47.59000015258789,47.630001068115234,3239
2026-02-23 18:05:00,47.64500045776367,47.720001220703125,47.64500045776367,47.720001220703125,7159
2026-02-23 18:10:00,47.71500015258789,47.72499847412109,47.68000030517578,47.72499847412109,19392
2026-02-23 18:15:00,47.72999954223633,47.76499938964844,47.720001220703125,47.72999954223633,23870
2026-02-23 18:20:00,47.7400016784668,47.7400016784668,47.720001220703125,47.720001220703125,8191
2026-02-23 18:25:00,47.709999084472656,47.77999877929688,47.709999084472656,47.77999877929688,4615
2026-02-23 18:30:00,47.790000915527344,47.790000915527344,47.73500061035156,47.7400016784668,10452
2026-02-23 18:35:00,47.744998931884766,47.75,47.70000076293945,47.7400016784668,18797
2026-02-23 18:40:00,47.7400016784668,47.790000915527344,47.7400016784668,47.77989959716797,4452
2026-02-23 18:45:00,47.7599983215332,47.77000045776367,47.72999954223633,47.73500061035156,16287
2026-02-23 18:50:00,47.72999954223633,47.72999954223633,47.709999084472656,47.720001220703125,8213
2026-02-23 18:55:00,47.73500061035156,47.77000045776367,47.73500061035156,47.7599983215332,11402
2026-02-23 19:00:00,47.75,47.75,47.68000030517578,47.68999862670898,16971
2026-02-23 19:05:00,47.69499969482422,47.70000076293945,47.65999984741211,47.69499969482422,20559
2026-02-23 19:10:00,47.685001373291016,47.72999954223633,47.685001373291016,47.720001220703125,5990
2026-02-23 19:15:00,47.70500183105469,47.73500061035156,47.70000076293945,47.72999954223633,8341
2026-02-23 19:20:00,47.72999954223633,47.77399826049805,47.72999954223633,47.77000045776367,6645
2026-02-23 19:25:00,47.77000045776367,47.77000045776367,47.72999954223633,47.7599983215332,10390
2026-02-23 19:30:00,47.77000045776367,47.77999877929688,47.73500061035156,47.73500061035156,8351
2026-02-23 19:35:00,47.73500061035156,47.73500061035156,47.65499877929688,47.67499923706055,36887
2026-02-23 19:40:00,47.66999816894531,47.68000030517578,47.630001068115234,47.665000915527344,26170
2026-02-23 19:45:00,47.665000915527344,47.75,47.665000915527344,47.744998931884766,12530
2026-02-23 19:50:00,47.7599983215332,47.84000015258789,47.7599983215332,47.81999969482422,17969
2026-02-23 19:55:00,47.84000015258789,47.880001068115234,47.79999923706055,47.84000015258789,12835
2026-02-23 20:00:00,47.86000061035156,47.900001525878906,47.86000061035156,47.88999938964844,10963
2026-02-23 20:05:00,47.900001525878906,48.0,47.89519882202149,47.95000076293945,15558
2026-02-23 20:10:00,47.93999862670898,47.959999084472656,47.91999816894531,47.93000030517578,9261
2026-02-23 20:15:00,47.93000030517578,47.93000030517578,47.810001373291016,47.810001373291016,14324
2026-02-23 20:20:00,47.82500076293945,47.90499877929688,47.81999969482422,47.90499877929688,17483
2026-02-23 20:25:00,47.90999984741211,47.959999084472656,47.90999984741211,47.935001373291016,13012
2026-02-23 20:30:00,47.9296989440918,48.0,47.9296989440918,47.959999084472656,35811
2026-02-23 20:35:00,47.95000076293945,47.98550033569336,47.95000076293945,47.95500183105469,17938
2026-02-23 20:40:00,47.959999084472656,47.959999084472656,47.91999816894531,47.93999862670898,21758
2026-02-23 20:45:00,47.93999862670898,48.040000915527344,47.90999984741211,48.040000915527344,29818
2026-02-23 20:50:00,48.04999923706055,48.05500030517578,47.9900016784668,48.0099983215332,41821
2026-02-23 20:55:00,48.005001068115234,48.13999938964844,48.0,48.130001068115234,193971
2026-02-24 14:30:00,48.09999847412109,48.2599983215332,48.0,48.13999938964844,13794
2026-02-24 14:35:00,47.95000076293945,48.0099983215332,47.900001525878906,47.93999862670898,8240
2026-02-24 14:40:00,47.93999862670898,47.93999862670898,47.68000030517578,47.75,12169
2026-02-24 14:45:00,47.79999923706055,47.84000015258789,47.7558479309082,47.7558479309082,4138
2026-02-24 14:50:00,47.65999984741211,47.7400016784668,47.59999847412109,47.720001220703125,16133
2026-02-24 14:55:00,47.720001220703125,47.91999816894531,47.71500015258789,47.91999816894531,5186
2026-02-24 15:00:00,47.88999938964844,47.89500045776367,47.79999923706055,47.834999084472656,11950
2026-02-24 15:05:00,47.869998931884766,47.95249938964844,47.869998931884766,47.93000030517578,9123
2026-02-24 15:10:00,47.935001373291016,47.935001373291016,47.810001373291016,47.810001373291016,13549
2026-02-24 15:15:00,47.82500076293945,47.88999938964844,47.790000915527344,47.81999969482422,25750
2026-02-24 15:20:00,47.83000183105469,47.8650016784668,47.79999923706055,47.834999084472656,13219
2026-02-24 15:25:00,47.85499954223633,47.85499954223633,47.790000915527344,47.84000015258789,8944
2026-02-24 15:30:00,47.84000015258789,47.85499954223633,47.75,47.85499954223633,22240
2026-02-24 15:35:00,47.81499862670898,47.84000015258789,47.810001373291016,47.81999969482422,8136
2026-02-24 15:40:00,47.82500076293945,47.82500076293945,47.72999954223633,47.75,8419
2026-02-24 15:45:00,47.7400016784668,47.755001068115234,47.63999938964844,47.650001525878906,8625
2026-02-24 15:50:00,47.63999938964844,47.709999084472656,47.61000061035156,47.68999862670898,11300
2026-02-24 15:55:00,47.70000076293945,47.720001220703125,47.63999938964844,47.65999984741211,7858
2026-02-24 16:00:00,47.67499923706055,47.72999954223633,47.67499923706055,47.72999954223633,6827
2026-02-24 16:05:00,47.72999954223633,47.79999923706055,47.72999954223633,47.79999923706055,7996
2026-02-24 16:10:00,47.81499862670898,47.84000015258789,47.79999923706055,47.810001373291016,7505
2026-02-24 16:15:00,47.810001373291016,47.810001373291016,47.75,47.755001068115234,9111
2026-02-24 16:20:00,47.755001068115234,47.790000915527344,47.744998931884766,47.755001068115234,12194
2026-02-24 16:25:00,47.7599983215332,47.77000045776367,47.720001220703125,47.72309875488281,8035
2026-02-24 16:30:00,47.7599983215332,47.869998931884766,47.7599983215332,47.869998931884766,8761
2026-02-24 16:35:00,47.880001068115234,47.94499969482422,47.869998931884766,47.869998931884766,9321
2026-02-24 16:40:00,47.880001068115234,47.93999862670898,47.86000061035156,47.90999984741211,17914
2026-02-24 16:45:00,47.915000915527344,47.91999816894531,47.834999084472656,47.869998931884766,8274
2026-02-24 16:50:00,47.8650016784668,47.87900161743164,47.845001220703125,47.86000061035156,6381
2026-02-24 16:55:00,47.84999847412109,47.900001525878906,47.84999847412109,47.900001525878906,3531
2026-02-24 17:00:00,47.900001525878906,47.93000030517578,47.88999938964844,47.92259979248047,6036
2026-02-24 17:05:00,47.95000076293945,48.0,47.95000076293945,48.0,5984
2026-02-24 17:10:00,48.005001068115234,48.02999877929688,47.98600006103516,48.02999877929688,5824
2026-02-24 17:15:00,48.040000915527344,48.09999847412109,48.040000915527344,48.09999847412109,5381
2026-02-24 17:20:00,48.09000015258789,48.09999847412109,48.04999923706055,48.06499862670898,4618
2026-02-24 17:25:00,48.040000915527344,48.084999084472656,48.025001525878906,48.084999084472656,4385
2026-02-24 17:30:00,48.11000061035156,48.11000061035156,48.04999923706055,48.04999923706055,4563
2026-02-24 17:35:00,48.07500076293945,48.11000061035156,48.06999969482422,48.11000061035156,8298
2026-02-24 17:40:00,48.11000061035156,48.11000061035156,48.095001220703125,48.095001220703125,1799
2026-02-24 17:45:00,48.095001220703125,48.15499877929688,48.095001220703125,48.1349983215332,8967
2026-02-24 17:50:00,48.119998931884766,48.130001068115234,48.09000015258789,48.09999847412109,4907
2026-02-24 17:55:00,48.10499954223633,48.1150016784668,48.10499954223633,48.10499954223633,3279
2026-02-24 18:00:00,48.09999847412109,48.11000061035156,48.09000015258789,48.10499954223633,5094
2026-02-24 18:05:00,48.119998931884766,48.150001525878906,48.119998931884766,48.14099884033203,7928
2026-02-24 18:10:00,48.150001525878906,48.15999984741211,48.150001525878906,48.15499877929688,2491
2026-02-24 18:15:00,48.15499877929688,48.15499877929688,48.13970184326172,48.14500045776367,4283
2026-02-24 18:20:00,48.13999938964844,48.15499877929688,48.119998931884766,48.130001068115234,10438
2026-02-24 18:25:00,48.13999938964844,48.14500045776367,48.130001068115234,48.13999938964844,6466
2026-02-24 18:30:00,48.150001525878906,48.150001525878906,48.119998931884766,48.119998931884766,9018
2026-02-24 18:35:00,48.13999938964844,48.17250061035156,48.119998931884766,48.15999984741211,14965
2026-02-24 18:40:00,48.15999984741211,48.185001373291016,48.150001525878906,48.185001373291016,6276
2026-02-24 18:45:00,48.18999862670898,48.22999954223633,48.18999862670898,48.22999954223633,4215
2026-02-24 18:50:00,48.220001220703125,48.25,48.209999084472656,48.244998931884766,13293
2026-02-24 18:55:00,48.244998931884766,48.27999877929688,48.22999954223633,48.25,9378
2026-02-24 19:00:00,48.25,48.2599983215332,48.2400016784668,48.2400016784668,5486
2026-02-24 19:05:00,48.22999954223633,48.27999877929688,48.22999954223633,48.255001068115234,16677
2026-02-24 19:10:00,48.27000045776367,48.34999847412109,48.27000045776367,48.310001373291016,59896
2026-02-24 19:15:00,48.31499862670898,48.38999938964844,48.31499862670898,48.38999938964844,25741
2026-02-24 19:20:00,48.4099006652832,48.44499969482422,48.400001525878906,48.44499969482422,29769
2026-02-24 19:25:00,48.43999862670898,48.720001220703125,48.38999938964844,48.63999938964844,151629
2026-02-24 19:30:00,48.63999938964844,48.63999938964844,48.52000045776367,48.54059982299805,48642
2026-02-24 19:35:00,48.52000045776367,48.540000915527344,48.47999954223633,48.540000915527344,18830
2026-02-24 19:40:00,48.52999877929688,48.540000915527344,48.5,48.5099983215332,20607
2026-02-24 19:45:00,48.51499938964844,48.51499938964844,48.43999862670898,48.459999084472656,8865
2026-02-24 19:50:00,48.43999862670898,48.43999862670898,48.380001068115234,48.41999816894531,30610
2026-02-24 19:55:00,48.41999816894531,48.459999084472656,48.40999984741211,48.45000076293945,10266
2026-02-24 20:00:00,48.459999084472656,48.47999954223633,48.39500045776367,48.39500045776367,27566
2026-02-24 20:05:00,48.40999984741211,48.41999816894531,48.35010147094727,48.369998931884766,16151
2026-02-24 20:10:00,48.34000015258789,48.369998931884766,48.33000183105469,48.36000061035156,10851
2026-02-24 20:15:00,48.34999847412109,48.400001525878906,48.34000015258789,48.38999938964844,12936
2026-02-24 20:20:00,48.38999938964844,48.43000030517578,48.38999938964844,48.38999938964844,15548
2026-02-24 20:25:00,48.38999938964844,48.43000030517578,48.38999938964844,48.40499877929688,11079
2026-02-24 20:30:00,48.40999984741211,48.435001373291016,48.400001525878906,48.43000030517578,13372
2026-02-24 20:35:00,48.45000076293945,48.459999084472656,48.40999984741211,48.40999984741211,13842
2026-02-24 20:40:00,48.40999984741211,48.415000915527344,48.38999938964844,48.400001525878906,17226
2026-02-24 20:45:00,48.39500045776367,48.43999862670898,48.380001068115234,48.43000030517578,21433
2026-02-24 20:50:00,48.43999862670898,48.560001373291016,48.4370002746582,48.459999084472656,29955
2026-02-24 20:55:00,48.459999084472656,48.5099983215332,48.38999938964844,48.400001525878906,145773
2026-02-25 14:30:00,48.27999877929688,48.31499862670898,48.1349983215332,48.27000045776367,9614
2026-02-25 14:35:00,48.244998931884766,48.244998931884766,48.244998931884766,48.244998931884766,380
2026-02-25 14:40:00,48.2400016784668,48.2400016784668,48.2400016784668,48.2400016784668,2206
2026-02-25 14:45:00,48.209999084472656,48.209999084472656,47.900001525878906,47.959999084472656,12581
2026-02-25 14:50:00,47.96900177001953,47.970001220703125,47.68000030517578,47.75,8471
2026-02-25 14:55:00,47.72499847412109,47.72499847412109,47.59999847412109,47.59999847412109,3975
2026-02-25 15:00:00,47.58000183105469,47.59000015258789,47.470001220703125,47.4900016784668,8365
2026-02-25 15:05:00,47.52000045776367,47.56999969482422,47.459999084472656,47.56999969482422,7791
2026-02-25 15:10:00,47.56999969482422,47.58000183105469,47.525001525878906,47.54999923706055,7492
2026-02-25 15:15:00,47.54499816894531,47.65999984741211,47.5099983215332,47.65999984741211,8325
2026-02-25 15:20:00,47.619998931884766,47.619998931884766,47.43000030517578,47.43000030517578,6330
2026-02-25 15:25:00,47.40999984741211,47.53499984741211,47.380001068115234,47.52000045776367,9063
2026-02-25 15:30:00,47.53499984741211,47.68999862670898,47.52000045776367,47.68999862670898,7926
2026-02-25 15:35:00,47.69499969482422,47.720001220703125,47.68000030517578,47.709999084472656,4387
2026-02-25 15:40:00,47.72999954223633,47.7400016784668,47.66999816894531,47.709999084472656,8092
2026-02-25 15:45:00,47.7400016784668,47.7400016784668,47.665000915527344,47.7400016784668,7646
2026-02-25 15:50:00,47.72999954223633,47.79999923706055,47.72999954223633,47.72999954223633,16765
2026-02-25 15:55:00,47.709999084472656,47.7599983215332,47.709999084472656,47.7599983215332,4009
2026-02-25 16:00:00,47.77999877929688,47.875,47.77999877929688,47.85499954223633,7950
2026-02-25 16:05:00,47.83000183105469,47.85499954223633,47.790000915527344,47.85499954223633,11400
2026-02-25 16:10:00,47.89500045776367,47.93999862670898,47.89500045776367,47.90999984741211,5990
2026-02-25 16:15:00,47.91999816894531,47.95500183105469,47.90999984741211,47.90999984741211,4865
2026-02-25 16:20:00,47.900001525878906,47.93000030517578,47.845001220703125,47.86000061035156,7817
2026-02-25 16:25:00,47.880001068115234,47.970001220703125,47.880001068115234,47.95500183105469,5426
2026-02-25 16:30:00,47.93999862670898,47.9900016784668,47.90999984741211,47.9900016784668,5881
2026-02-25 16:35:00,47.970001220703125,47.970001220703125,47.8849983215332,47.91999816894531,2880
2026-02-25 16:40:00,47.900001525878906,47.95000076293945,47.900001525878906,47.95000076293945,4275
2026-02-25 16:45:00,47.95000076293945,48.02999877929688,47.95000076293945,48.0099983215332,3881
2026-02-25 16:50:00,48.040000915527344,48.04999923706055,47.9900016784668,48.03499984741211,11109
2026-02-25 16:55:00,48.04999923706055,48.11000061035156,48.04999923706055,48.09000015258789,4627
2026-02-25 17:00:00,48.09000015258789,48.11000061035156,48.05500030517578,48.05500030517578,5287
2026-02-25 17:05:00,48.060001373291016,48.11000061035156,48.060001373291016,48.11000061035156,2276
2026-02-25 17:10:00,48.11000061035156,48.11000061035156,48.06999969482422,48.08000183105469,4748
2026-02-25 17:15:00,48.08000183105469,48.165000915527344,48.08000183105469,48.130001068115234,14141
2026-02-25 17:20:00,48.13999938964844,48.13999938964844,48.11000061035156,48.11000061035156,3897
2026-02-25 17:25:00,48.13999938964844,48.150001525878906,48.09999847412109,48.13999938964844,5446
2026-02-25 17:30:00,48.130001068115234,48.13999938964844,48.09999847412109,48.119998931884766,7402
2026-02-25 17:35:00,48.119998931884766,48.119998931884766,48.08000183105469,48.09999847412109,7957
2026-02-25 17:40:00,48.09999847412109,48.11000061035156,48.060001373291016,48.060001373291016,3575
2026-02-25 17:45:00,48.060001373291016,48.09000015258789,48.060001373291016,48.08000183105469,4893
2026-02-25 17:50:00,48.060001373291016,48.11000061035156,48.04999923706055,48.09999847412109,5741
2026-02-25 17:55:00,48.11000061035156,48.13999938964844,48.11000061035156,48.11000061035156,3148
2026-02-25 18:00:00,48.11000061035156,48.13999938964844,48.09000015258789,48.130001068115234,18412
2026-02-25 18:05:00,48.13999938964844,48.18000030517578,48.13999938964844,48.18000030517578,4125
2026-02-25 18:10:00,48.16999816894531,48.18000030517578,48.16999816894531,48.18000030517578,3907
2026-02-25 18:15:00,48.16999816894531,48.16999816894531,48.150001525878906,48.16999816894531,3214
2026-02-25 18:20:00,48.16999816894531,48.16999816894531,48.150001525878906,48.150001525878906,4614
2026-02-25 18:25:00,48.150001525878906,48.18999862670898,48.150001525878906,48.18999862670898,5482
2026-02-25 18:30:00,48.18999862670898,48.23500061035156,48.18000030517578,48.22999954223633,10672
2026-02-25 18:35:00,48.25,48.27000045776367,48.22999954223633,48.27000045776367,3968
2026-02-25 18:40:00,48.27000045776367,48.28499984741211,48.2599983215332,48.275001525878906,4719
2026-02-25 18:45:00,48.27999877929688,48.29999923706055,48.2599983215332,48.26499938964844,9053
2026-02-25 18:50:00,48.26499938964844,48.290000915527344,48.25,48.27999877929688,5244
2026-02-25 18:55:00,48.275001525878906,48.275001525878906,48.22999954223633,48.25,7784
2026-02-25 19:00:00,48.2599983215332,48.27999877929688,48.255001068115234,48.27999877929688,7122
2026-02-25 19:05:00,48.28499984741211,48.34000015258789,48.28499984741211,48.310001373291016,8631
2026-02-25 19:10:00,48.29999923706055,48.3650016784668,48.27999877929688,48.34999847412109,10462
2026-02-25 19:15:00,48.345001220703125,48.369998931884766,48.29999923706055,48.29999923706055,6934
2026-02-25 19:20:00,48.30500030517578,48.35499954223633,48.30500030517578,48.31999969482422,7265
2026-02-25 19:25:00,48.32500076293945,48.34000015258789,48.31999969482422,48.33000183105469,6177
2026-02-25 19:30:00,48.31999969482422,48.34000015258789,48.290000915527344,48.31999969482422,11024
2026-02-25 19:35:00,48.33000183105469,48.36000061035156,48.31999969482422,48.36000061035156,7333
2026-02-25 19:40:00,48.35499954223633,48.40499877929688,48.35499954223633,48.40499877929688,5597
2026-02-25 19:45:00,48.40999984741211,48.40999984741211,48.3650016784668,48.369998931884766,9900
2026-02-25 19:50:00,48.380001068115234,48.40499877929688,48.375,48.38999938964844,7700
2026-02-25 19:55:00,48.40999984741211,48.41999816894531,48.40739822387695,48.40999984741211,5660
2026-02-25 20:00:00,48.40999984741211,48.40999984741211,48.37009811401367,48.37009811401367,15486
2026-02-25 20:05:00,48.34000015258789,48.369998931884766,48.31499862670898,48.31499862670898,9379
2026-02-25 20:10:00,48.33000183105469,48.334999084472656,48.310001373291016,48.31999969482422,5841
2026-02-25 20:15:00,48.31999969482422,48.369998931884766,48.31999969482422,48.33000183105469,14500
2026-02-25 20:20:00,48.34000015258789,48.54999923706055,48.334999084472656,48.54899978637695,59337
2026-02-25 20:25:00,48.55500030517578,48.61000061035156,48.45000076293945,48.459999084472656,86091
2026-02-25 20:30:00,48.470001220703125,48.4900016784668,48.40999984741211,48.40999984741211,17924
2026-02-25 20:35:00,48.41999816894531,48.45000076293945,48.40999984741211,48.415000915527344,16440
2026-02-25 20:40:00,48.415000915527344,48.470001220703125,48.40999984741211,48.45000076293945,19874
2026-02-25 20:45:00,48.44879913330078,48.44879913330078,48.38090133666992,48.400001525878906,20296
2026-02-25 20:50:00,48.40999984741211,48.4900016784668,48.38999938964844,48.38999938964844,36857
2026-02-25 20:55:00,48.38999938964844,48.44499969482422,48.38999938964844,48.400001525878906,122884
2026-02-26 14:30:00,48.63999938964844,48.63999938964844,47.060001373291016,48.56999969482422,11271
2026-02-26 14:35:00,48.459999084472656,48.70000076293945,48.39500045776367,48.40499877929688,11925
2026-02-26 14:40:00,48.36000061035156,48.47999954223633,48.36000061035156,48.43000030517578,8152
2026-02-26 14:45:00,48.560001373291016,48.59000015258789,48.52999877929688,48.59000015258789,5241
2026-02-26 14:50:00,48.54999923706055,48.619998931884766,48.54999923706055,48.56999969482422,2414
2026-02-26 14:55:00,48.560001373291016,48.560001373291016,48.45000076293945,48.470001220703125,4715
2026-02-26 15:00:00,48.45000076293945,48.470001220703125,48.400001525878906,48.400001525878906,24935
2026-02-26 15:05:00,48.41999816894531,48.459999084472656,48.380001068115234,48.380001068115234,7850
2026-02-26 15:10:00,48.400001525878906,48.400001525878906,48.34999847412109,48.34999847412109,2967
2026-02-26 15:15:00,48.38999938964844,48.43999862670898,48.38999938964844,48.40499877929688,5412
2026-02-26 15:20:00,48.40499877929688,48.40499877929688,48.345001220703125,48.380001068115234,5205
2026-02-26 15:25:00,48.40999984741211,48.43999862670898,48.369998931884766,48.43999862670898,4520
2026-02-26 15:30:00,48.43999862670898,48.4900016784668,48.38999938964844,48.48500061035156,14214
2026-02-26 15:35:00,48.470001220703125,48.47999954223633,48.33000183105469,48.33000183105469,6611
2026-02-26 15:40:00,48.34000015258789,48.40999984741211,48.27000045776367,48.290000915527344,7445
2026-02-26 15:45:00,48.33000183105469,48.41999816894531,48.310001373291016,48.38999938964844,6307
2026-02-26 15:50:00,48.40999984741211,48.4900016784668,48.39500045776367,48.43000030517578,8352
2026-02-26 15:55:00,48.43999862670898,48.470001220703125,48.43360137939453,48.470001220703125,3647
2026-02-26 16:00:00,48.45000076293945,48.459999084472656,48.40999984741211,48.40999984741211,4204
2026-02-26 16:05:00,48.40999984741211,48.41999816894531,48.36000061035156,48.400001525878906,6071
2026-02-26 16:10:00,48.400001525878906,48.40999984741211,48.29999923706055,48.40999984741211,10242
2026-02-26 16:15:00,48.40499877929688,48.46500015258789,48.380001068115234,48.459999084472656,6889
2026-02-26 16:20:00,48.42499923706055,48.43000030517578,48.38999938964844,48.400001525878906,3923
2026-02-26 16:25:00,48.400001525878906,48.459999084472656,48.400001525878906,48.43000030517578,5187
2026-02-26 16:30:00,48.45000076293945,48.5,48.43000030517578,48.43999862670898,10963
2026-02-26 16:35:00,48.43000030517578,48.46500015258789,48.42169952392578,48.45000076293945,2355
2026-02-26 16:40:00,48.43999862670898,48.45000076293945,48.40999984741211,48.43999862670898,4779
2026-02-26 16:45:00,48.41999816894531,48.43999862670898,48.380001068115234,48.43999862670898,5580
2026-02-26 16:50:00,48.45000076293945,48.45000076293945,48.39500045776367,48.41999816894531,5698
2026-02-26 16:55:00,48.43000030517578,48.54999923706055,48.43000030517578,48.54999923706055,8775
2026-02-26 17:00:00,48.540000915527344,48.540000915527344,48.415000915527344,48.43000030517578,8255
2026-02-26 17:05:00,48.43000030517578,48.43000030517578,48.380001068115234,48.380001068115234,5480
2026-02-26 17:10:00,48.369998931884766,48.400001525878906,48.33000183105469,48.400001525878906,6008
2026-02-26 17:15:00,48.39500045776367,48.400001525878906,48.36000061035156,48.400001525878906,2933
2026-02-26 17:20:00,48.400001525878906,48.400001525878906,48.36000061035156,48.369998931884766,4423
2026-02-26 17:25:00,48.400001525878906,48.400001525878906,48.34999847412109,48.34999847412109,4982
2026-02-26 17:30:00,48.36000061035156,48.380001068115234,48.31999969482422,48.375,7617
2026-02-26 17:35:00,48.3849983215332,48.38999938964844,48.34999847412109,48.34999847412109,3889
2026-02-26 17:40:00,48.34999847412109,48.38999938964844,48.34999847412109,48.38999938964844,7046
2026-02-26 17:45:00,48.380001068115234,48.380001068115234,48.34000015258789,48.34000015258789,3359
2026-02-26 17:50:00,48.33000183105469,48.375,48.31499862670898,48.375,4413
2026-02-26 17:55:00,48.3650016784668,48.375,48.34000015258789,48.34000015258789,4513
2026-02-26 18:00:00,48.34999847412109,48.34999847412109,48.33000183105469,48.34000015258789,4385
2026-02-26 18:05:00,48.34999847412109,48.42499923706055,48.34999847412109,48.42499923706055,6528
2026-02-26 18:10:00,48.43999862670898,48.459999084472656,48.43999862670898,48.459999084472656,6015
2026-02-26 18:15:00,48.43999862670898,48.47990036010742,48.435001373291016,48.470001220703125,4703
2026-02-26 18:20:00,48.470001220703125,48.470001220703125,48.435001373291016,48.43999862670898,4036
2026-02-26 18:25:00,48.43999862670898,48.47510147094727,48.41999816894531,48.470001220703125,5726
2026-02-26 18:30:00,48.459999084472656,48.470001220703125,48.435001373291016,48.470001220703125,7010
2026-02-26 18:35:00,48.47999954223633,48.47999954223633,48.45000076293945,48.45000076293945,6356
2026-02-26 18:40:00,48.43999862670898,48.459999084472656,48.38999938964844,48.459999084472656,10734
2026-02-26 18:45:00,48.47499847412109,48.47999954223633,48.459999084472656,48.47999954223633,4315
2026-02-26 18:55:00,48.459999084472656,48.5099983215332,48.459999084472656,48.5099983215332,4068
2026-02-26 19:00:00,48.52000045776367,48.534698486328125,48.4900016784668,48.4900016784668,7358
2026-02-26 19:05:00,48.4900016784668,48.4900016784668,48.459999084472656,48.470001220703125,5795
2026-02-26 19:10:00,48.459999084472656,48.4900016784668,48.45000076293945,48.45000076293945,9999
2026-02-26 19:15:00,48.470001220703125,48.525001525878906,48.470001220703125,48.525001525878906,6173
2026-02-26 19:20:00,48.5,48.5,48.435001373291016,48.4900016784668,12747
2026-02-26 19:25:00,48.5,48.59000015258789,48.5,48.59000015258789,4056
2026-02-26 19:30:00,48.584999084472656,48.584999084472656,48.494998931884766,48.5099983215332,7619
2026-02-26 19:35:00,48.5099983215332,48.58000183105469,48.5099983215332,48.540000915527344,5811
2026-02-26 19:40:00,48.54499816894531,48.630001068115234,48.54499816894531,48.630001068115234,10262
2026-02-26 19:45:00,48.630001068115234,48.630001068115234,48.58000183105469,48.61000061035156,6217
2026-02-26 19:50:00,48.61000061035156,48.630001068115234,48.52000045776367,48.52000045776367,8532
2026-02-26 19:55:00,48.52999877929688,48.540000915527344,48.470001220703125,48.52999877929688,22654
2026-02-26 20:00:00,48.54999923706055,48.59000015258789,48.52000045776367,48.584999084472656,22242
2026-02-26 20:05:00,48.61000061035156,48.63999938964844,48.595001220703125,48.625,7747
2026-02-26 20:10:00,48.61000061035156,48.619998931884766,48.58000183105469,48.58100128173828,19980
2026-02-26 20:15:00,48.58000183105469,48.58000183105469,48.5,48.560001373291016,33245
2026-02-26 20:20:00,48.54999923706055,48.630001068115234,48.540000915527344,48.630001068115234,36507
2026-02-26 20:25:00,48.630001068115234,48.63999938964844,48.560001373291016,48.619998931884766,50162
2026-02-26 20:30:00,48.6150016784668,48.6150016784668,48.560001373291016,48.57500076293945,20081
2026-02-26 20:35:00,48.57500076293945,48.57500076293945,48.5,48.5,17505
2026-02-26 20:40:00,48.4900016784668,48.4900016784668,48.43999862670898,48.47999954223633,27131
2026-02-26 20:45:00,48.4900016784668,48.52999877929688,48.470001220703125,48.52999877929688,30748
2026-02-26 20:50:00,48.53499984741211,48.61000061035156,48.5099983215332,48.52000045776367,38694
2026-02-26 20:55:00,48.525001525878906,48.59000015258789,48.505001068115234,48.58000183105469,164819
2026-02-27 14:30:00,48.709999084472656,48.709999084472656,48.595001220703125,48.66999816894531,12429
2026-02-27 14:35:00,48.62049865722656,48.83000183105469,48.62049865722656,48.83000183105469,4364
2026-02-27 14:40:00,48.880001068115234,48.91999816894531,48.86000061035156,48.8650016784668,4324
2026-02-27 14:45:00,48.77999877929688,48.77999877929688,48.720001220703125,48.720001220703125,5404
2026-02-27 14:50:00,48.709999084472656,48.77999877929688,48.68999862670898,48.768798828125,4205
2026-02-27 14:55:00,48.72499847412109,48.72499847412109,48.72499847412109,48.72499847412109,546
2026-02-27 15:00:00,48.70000076293945,48.83000183105469,48.686500549316406,48.81999969482422,6287
2026-02-27 15:05:00,48.775001525878906,48.84000015258789,48.757999420166016,48.810001373291016,6586
2026-02-27 15:10:00,48.775001525878906,48.775001525878906,48.709999084472656,48.72999954223633,6011
2026-02-27 15:15:00,48.744998931884766,48.77999877929688,48.709999084472656,48.7599983215332,10293
2026-02-27 15:20:00,48.75,48.83000183105469,48.744998931884766,48.75,5675
2026-02-27 15:25:00,48.77999877929688,48.77999877929688,48.77999877929688,48.77999877929688,2700
2026-02-27 15:30:00,48.810001373291016,48.83000183105469,48.7599983215332,48.83000183105469,5437
2026-02-27 15:35:00,48.810001373291016,48.900001525878906,48.810001373291016,48.900001525878906,3015
2026-02-27 15:40:00,48.8849983215332,48.93999862670898,48.8849983215332,48.93999862670898,3354
2026-02-27 15:45:00,48.93000030517578,48.93999862670898,48.869998931884766,48.880001068115234,8815
2026-02-27 15:50:00,48.880001068115234,48.93000030517578,48.880001068115234,48.91999816894531,4677
2026-02-27 15:55:00,48.91999816894531,48.93000030517578,48.90999984741211,48.90999984741211,3451
2026-02-27 16:00:00,48.88999938964844,48.93000030517578,48.88999938964844,48.89500045776367,3287
2026-02-27 16:05:00,48.88999938964844,48.90999984741211,48.88999938964844,48.90999984741211,1570
2026-02-27 16:10:00,48.93000030517578,48.95000076293945,48.90999984741211,48.95000076293945,5724
2026-02-27 16:15:00,48.94499969482422,48.95000076293945,48.92499923706055,48.95000076293945,2597
2026-02-27 16:20:00,48.96500015258789,49.0,48.96500015258789,49.0,4817
2026-02-27 16:25:00,49.0,49.0,48.95000076293945,48.97999954223633,5793
2026-02-27 16:30:00,49.0,49.0,48.994998931884766,49.0,2044
2026-02-27 16:35:00,49.0,49.040000915527344,49.0,49.025001525878906,5233
2026-02-27 16:40:00,49.0099983215332,49.04999923706055,48.98500061035156,49.04999923706055,8185
2026-02-27 16:45:00,49.03499984741211,49.06999969482422,49.0099983215332,49.06999969482422,4190
2026-02-27 16:50:00,49.04999923706055,49.05080032348633,49.040000915527344,49.04999923706055,1719
2026-02-27 16:55:00,49.040000915527344,49.060001373291016,48.9900016784668,49.0099983215332,9495
2026-02-27 17:00:00,49.0,49.02999877929688,49.0,49.005001068115234,3176
2026-02-27 17:05:00,49.005001068115234,49.02999877929688,49.005001068115234,49.01499938964844,3968
2026-02-27 17:10:00,49.0099983215332,49.09000015258789,49.0099983215332,49.09000015258789,4623
2026-02-27 17:15:00,49.09000015258789,49.10499954223633,49.07500076293945,49.07500076293945,1920
2026-02-27 17:20:00,49.06499862670898,49.09999847412109,49.06499862670898,49.09510040283203,2540
2026-02-27 17:25:00,49.095001220703125,49.095001220703125,49.04999923706055,49.05500030517578,2932
2026-02-27 17:30:00,49.05500030517578,49.06999969482422,49.02000045776367,49.02000045776367,4023
2026-02-27 17:35:00,49.0099983215332,49.040000915527344,48.990501403808594,49.0099983215332,7116
2026-02-27 17:40:00,48.994998931884766,49.02999877929688,48.994998931884766,49.02999877929688,4010
2026-02-27 17:45:00,49.03499984741211,49.06999969482422,49.03499984741211,49.06999969482422,4474
2026-02-27 17:50:00,49.040000915527344,49.060001373291016,49.02999877929688,49.060001373291016,2762
2026-02-27 17:55:00,49.060001373291016,49.06999969482422,49.02999877929688,49.06999969482422,3940
2026-02-27 18:00:00,49.040000915527344,49.04999923706055,48.9900016784668,48.9900016784668,4621
2026-02-27 18:05:00,48.97999954223633,48.98500061035156,48.900001525878906,48.900001525878906,1725
2026-02-27 18:10:00,48.900001525878906,48.95000076293945,48.900001525878906,48.94499969482422,4749
2026-02-27 18:15:00,48.959999084472656,48.97999954223633,48.959999084472656,48.97499847412109,5863
2026-02-27 18:20:00,48.959999084472656,48.959999084472656,48.91999816894531,48.93000030517578,2701
2026-02-27 18:25:00,48.94499969482422,48.94499969482422,48.915000915527344,48.915000915527344,3740
2026-02-27 18:30:00,48.91999816894531,48.959999084472656,48.91999816894531,48.93999862670898,5262
2026-02-27 18:35:00,48.93000030517578,48.95000076293945,48.91999816894531,48.93999862670898,3680
2026-02-27 18:40:00,48.94499969482422,48.94499969482422,48.90999984741211,48.90999984741211,4147
2026-02-27 18:45:00,48.88999938964844,48.88999938964844,48.84999847412109,48.84999847412109,3625
2026-02-27 18:50:00,48.84999847412109,48.935001373291016,48.84999847412109,48.900001525878906,8661
2026-02-27 18:55:00,48.91999816894531,48.93000030517578,48.88999938964844,48.93000030517578,4559
2026-02-27 19:00:00,48.935001373291016,48.959999084472656,48.915000915527344,48.91999816894531,12031
2026-02-27 19:05:00,48.93999862670898,48.959999084472656,48.91999816894531,48.93999862670898,5974
2026-02-27 19:10:00,48.935001373291016,49.0099983215332,48.935001373291016,48.9900016784668,40274
2026-02-27 19:15:00,49.0,49.02999877929688,48.959999084472656,48.98749923706055,8546
2026-02-27 19:20:00,48.97999954223633,48.9900016784668,48.93999862670898,48.93999862670898,5668
2026-02-27 19:25:00,48.93999862670898,48.95000076293945,48.84999847412109,48.869998931884766,10428
2026-02-27 19:30:00,48.84999847412109,48.84999847412109,48.80500030517578,48.84000015258789,15747
2026-02-27 19:35:00,48.834999084472656,48.86000061035156,48.81499862670898,48.834999084472656,13400
2026-02-27 19:40:00,48.84000015258789,48.91999816894531,48.8301010131836,48.91999816894531,21707
2026-02-27 19:45:00,48.92499923706055,48.92499923706055,48.900001525878906,48.900001525878906,4656
2026-02-27 19:50:00,48.90499877929688,48.94499969482422,48.869998931884766,48.88999938964844,24888
2026-02-27 19:55:00,48.88999938964844,48.89500045776367,48.84999847412109,48.875,7876
2026-02-27 20:00:00,48.88999938964844,48.93000030517578,48.88999938964844,48.90999984741211,8495
2026-02-27 20:05:00,48.90999984741211,48.95000076293945,48.90999984741211,48.95000076293945,6983
2026-02-27 20:10:00,48.95000076293945,48.97499847412109,48.89500045776367,48.900001525878906,35661
2026-02-27 20:15:00,48.90999984741211,48.93000030517578,48.880001068115234,48.93000030517578,14228
2026-02-27 20:20:00,48.93000030517578,48.93999862670898,48.90499877929688,48.92499923706055,12414
2026-02-27 20:25:00,48.91999816894531,48.994998931884766,48.91999816894531,48.994998931884766,21974
2026-02-27 20:30:00,49.0,49.06499862670898,49.0,49.04999923706055,17158
2026-02-27 20:35:00,49.060001373291016,49.06999969482422,49.01499938964844,49.04999923706055,20786
2026-02-27 20:40:00,49.040000915527344,49.06999969482422,49.040000915527344,49.06999969482422,22248
2026-02-27 20:45:00,49.07500076293945,49.09999847412109,49.040000915527344,49.08000183105469,39068
2026-02-27 20:50:00,49.08000183105469,49.18000030517578,49.02999877929688,49.04999923706055,37832
2026-02-27 20:55:00,49.02999877929688,49.13999938964844,49.02999877929688,49.13999938964844,112550
2026-03-02 14:30:00,49.060001373291016,49.220001220703125,48.95500183105469,49.15499877929688,58609
2026-03-02 14:35:00,49.15499877929688,49.28990173339844,49.15499877929688,49.2400016784668,12274
2026-03-02 14:40:00,49.209999084472656,49.23500061035156,49.060001373291016,49.060001373291016,16144
2026-03-02 14:45:00,49.09999847412109,49.09999847412109,49.06999969482422,49.095001220703125,3358
2026-03-02 14:50:00,49.18999862670898,49.34999847412109,49.165000915527344,49.33000183105469,5413
2026-03-02 14:55:00,49.33000183105469,49.3849983215332,49.25,49.31999969482422,11624
2026-03-02 15:00:00,49.29999923706055,49.40999984741211,49.2599983215332,49.40999984741211,14678
2026-03-02 15:05:00,49.400001525878906,49.40999984741211,49.34999847412109,49.40999984741211,25487
2026-03-02 15:10:00,49.41999816894531,49.54999923706055,49.380001068115234,49.43000030517578,36002
2026-03-02 15:15:00,49.45500183105469,49.47999954223633,49.380001068115234,49.47999954223633,17546
2026-03-02 15:20:00,49.43999862670898,49.43999862670898,49.31999969482422,49.369998931884766,5085
2026-03-02 15:25:00,49.34999847412109,49.3849983215332,49.31499862670898,49.380001068115234,4679
2026-03-02 15:30:00,49.36000061035156,49.459999084472656,49.35499954223633,49.40999984741211,10574
2026-03-02 15:35:00,49.435001373291016,49.4900016784668,49.29010009765625,49.34659957885742,18004
2026-03-02 15:40:00,49.345001220703125,49.3588981628418,49.25,49.310001373291016,11797
2026-03-02 15:45:00,49.290000915527344,49.345001220703125,49.26499938964844,49.345001220703125,26738
2026-03-02 15:50:00,49.33000183105469,49.33000183105469,49.18000030517578,49.209999084472656,27041
2026-03-02 15:55:00,49.18999862670898,49.275001525878906,49.18999862670898,49.22999954223633,26143
2026-03-02 16:00:00,49.2400016784668,49.290000915527344,49.220001220703125,49.28499984741211,10102
2026-03-02 16:05:00,49.290000915527344,49.43000030517578,49.290000915527344,49.34000015258789,8042
2026-03-02 16:10:00,49.34000015258789,49.369998931884766,49.310001373291016,49.34999847412109,7848
2026-03-02 16:15:00,49.33000183105469,49.415000915527344,49.310001373291016,49.40999984741211,14616
2026-03-02 16:20:00,49.380001068115234,49.48500061035156,49.380001068115234,49.43999862670898,22003
2026-03-02 16:25:00,49.41999816894531,49.43999862670898,49.369998931884766,49.400001525878906,24569
2026-03-02 16:30:00,49.40999984741211,49.41999816894531,49.33000183105469,49.375,12748
2026-03-02 16:35:00,49.375,49.375,49.33000183105469,49.33000183105469,10879
2026-03-02 16:40:00,49.33000183105469,49.40999984741211,49.33000183105469,49.380001068115234,12722
2026-03-02 16:45:00,49.40999984741211,49.459999084472656,49.40999984741211,49.43999862670898,9306
2026-03-02 16:50:00,49.43000030517578,49.43000030517578,49.34999847412109,49.38999938964844,5749
2026-03-02 16:55:00,49.375,49.375,49.290000915527344,49.34999847412109,21986
2026-03-02 17:00:00,49.345001220703125,49.46500015258789,49.345001220703125,49.45500183105469,17561
2026-03-02 17:05:00,49.459999084472656,49.4833984375,49.415000915527344,49.415000915527344,10503
2026-03-02 17:10:00,49.415000915527344,49.415000915527344,49.34000015258789,49.40499877929688,6056
2026-03-02 17:15:00,49.41999816894531,49.42499923706055,49.380001068115234,49.380001068115234,4649
2026-03-02 17:20:00,49.400001525878906,49.400001525878906,49.32500076293945,49.380001068115234,5052
2026-03-02 17:25:00,49.380001068115234,49.380001068115234,49.28499984741211,49.310001373291016,5215
2026-03-02 17:30:00,49.34000015258789,49.36000061035156,49.310001373291016,49.334999084472656,3997
2026-03-02 17:35:00,49.31499862670898,49.369998931884766,49.31499862670898,49.34000015258789,6942
2026-03-02 17:40:00,49.34999847412109,49.43999862670898,49.34999847412109,49.40999984741211,16318
2026-03-02 17:45:00,49.415000915527344,49.415000915527344,49.36000061035156,49.3849983215332,2745
2026-03-02 17:50:00,49.3849983215332,49.43000030517578,49.3849983215332,49.40999984741211,5082
2026-03-02 17:55:00,49.38999938964844,49.400001525878906,49.345001220703125,49.35499954223633,6593
2026-03-02 18:00:00,49.345001220703125,49.36000061035156,49.31999969482422,49.345001220703125,3722
2026-03-02 18:05:00,49.33000183105469,49.34999847412109,49.29999923706055,49.29999923706055,4718
2026-03-02 18:10:00,49.29999923706055,49.29999923706055,49.23500061035156,49.255001068115234,8549
2026-03-02 18:15:00,49.22999954223633,49.27000045776367,49.20009994506836,49.27000045776367,7380
2026-03-02 18:20:00,49.2599983215332,49.27000045776367,49.20000076293945,49.2599983215332,7200
2026-03-02 18:25:00,49.2599983215332,49.28499984741211,49.2599983215332,49.28499984741211,3203
2026-03-02 18:30:00,49.290000915527344,49.310001373291016,49.2599983215332,49.29499816894531,5998
2026-03-02 18:35:00,49.29499816894531,49.29499816894531,49.22499847412109,49.244998931884766,5243
2026-03-02 18:40:00,49.244998931884766,49.25,49.21500015258789,49.220001220703125,8491
2026-03-02 18:45:00,49.2400016784668,49.25,49.20500183105469,49.2400016784668,6597
2026-03-02 18:50:00,49.2599983215332,49.2599983215332,49.2400016784668,49.2400016784668,3699
2026-03-02 18:55:00,49.2400016784668,49.29249954223633,49.22999954223633,49.29249954223633,18716
2026-03-02 19:00:00,49.27000045776367,49.27000045776367,49.220001220703125,49.27000045776367,17176
2026-03-02 19:05:00,49.27000045776367,49.36000061035156,49.27000045776367,49.34999847412109,9010
2026-03-02 19:10:00,49.380001068115234,49.38999938964844,49.32500076293945,49.35499954223633,7947
2026-03-02 19:15:00,49.369998931884766,49.38999938964844,49.30500030517578,49.310001373291016,9410
2026-03-02 19:20:00,49.31999969482422,49.380001068115234,49.31499862670898,49.36000061035156,14426
2026-03-02 19:25:00,49.3849983215332,49.43000030517578,49.3849983215332,49.43000030517578,5335
2026-03-02 19:30:00,49.43000030517578,49.470001220703125,49.43000030517578,49.470001220703125,7933
2026-03-02 19:35:00,49.470001220703125,49.47499847412109,49.41999816894531,49.42499923706055,8900
2026-03-02 19:40:00,49.40999984741211,49.41999816894531,49.3849983215332,49.400001525878906,6859
2026-03-02 19:45:00,49.400001525878906,49.45000076293945,49.38320159912109,49.41999816894531,15178
2026-03-02 19:50:00,49.415000915527344,49.46989822387695,49.40999984741211,49.43999862670898,10403
2026-03-02 19:55:00,49.44499969482422,49.50289916992188,49.44499969482422,49.47999954223633,7895
2026-03-02 20:00:00,49.47999954223633,49.52999877929688,49.47999954223633,49.5,12603
2026-03-02 20:05:00,49.505001068115234,49.505001068115234,49.43999862670898,49.45000076293945,13304
2026-03-02 20:10:00,49.43999862670898,49.44990158081055,49.369998931884766,49.3849983215332,23778
2026-03-02 20:15:00,49.3849983215332,49.41999816894531,49.35499954223633,49.380001068115234,9030
2026-03-02 20:20:00,49.36000061035156,49.36000061035156,49.32500076293945,49.334999084472656,20516
2026-03-02 20:25:00,49.29499816894531,49.36000061035156,49.29499816894531,49.33000183105469,16367
2026-03-02 20:30:00,49.33000183105469,49.38999938964844,49.33000183105469,49.380001068115234,14482
2026-03-02 20:35:00,49.380001068115234,49.42499923706055,49.369998931884766,49.400001525878906,13734
2026-03-02 20:40:00,49.3849983215332,49.400001525878906,49.375,49.380001068115234,16227
2026-03-02 20:45:00,49.380001068115234,49.3849983215332,49.34000015258789,49.369998931884766,31894
2026-03-02 20:50:00,49.369998931884766,49.380001068115234,49.27000045776367,49.290000915527344,41759
2026-03-02 20:55:00,49.290000915527344,49.33000183105469,49.2400016784668,49.2599983215332,124963
2026-03-03 14:30:00,48.63999938964844,48.775001525878906,48.369998931884766,48.38999938964844,14059
2026-03-03 14:35:00,48.39500045776367,48.630001068115234,48.39500045776367,48.630001068115234,1709
2026-03-03 14:40:00,48.4900016784668,48.4900016784668,48.244998931884766,48.244998931884766,9844
2026-03-03 14:45:00,48.15999984741211,48.20000076293945,48.1150016784668,48.1150016784668,2699
2026-03-03 14:50:00,48.130001068115234,48.244998931884766,48.130001068115234,48.22999954223633,4023
2026-03-03 14:55:00,48.13999938964844,48.16999816894531,48.089599609375,48.09999847412109,4234
2026-03-03 15:00:00,48.125,48.130001068115234,48.04999923706055,48.04999923706055,2860
2026-03-03 15:05:00,48.07500076293945,48.08000183105469,48.02999877929688,48.08000183105469,2726
2026-03-03 15:10:00,48.0099983215332,48.084999084472656,47.959999084472656,47.9900016784668,8959
2026-03-03 15:15:00,47.96009826660156,48.13999938964844,47.96009826660156,48.13999938964844,8193
2026-03-03 15:20:00,48.18000030517578,48.375,48.16999816894531,48.36000061035156,5759
2026-03-03 15:25:00,48.45000076293945,48.48500061035156,48.38999938964844,48.48500061035156,12238
2026-03-03 15:30:00,48.45000076293945,48.54999923706055,48.44499969482422,48.540000915527344,16674
2026-03-03 15:35:00,48.584999084472656,48.68000030517578,48.52000045776367,48.52000045776367,9759
2026-03-03 15:40:00,48.52999877929688,48.619998931884766,48.52510070800781,48.54499816894531,8398
2026-03-03 15:45:00,48.54499816894531,48.55500030517578,48.45000076293945,48.5,6507
2026-03-03 15:50:00,48.4900016784668,48.59999847412109,48.459999084472656,48.59999847412109,7949
2026-03-03 15:55:00,48.58000183105469,48.630001068115234,48.52000045776367,48.52000045776367,12361
2026-03-03 16:00:00,48.525001525878906,48.56999969482422,48.4900016784668,48.5,7444
2026-03-03 16:05:00,48.5,48.52999877929688,48.459999084472656,48.5099983215332,8265
2026-03-03 16:10:00,48.52999877929688,48.58000183105469,48.5099983215332,48.54999923706055,8654
2026-03-03 16:15:00,48.54999923706055,48.61000061035156,48.540000915527344,48.59000015258789,7083
2026-03-03 16:20:00,48.560001373291016,48.58000183105469,48.51499938964844,48.540000915527344,8013
2026-03-03 16:25:00,48.52999877929688,48.56999969482422,48.5099983215332,48.52999877929688,7534
2026-03-03 16:30:00,48.54999923706055,48.54999923706055,48.47999954223633,48.52999877929688,6271
2026-03-03 16:35:00,48.560001373291016,48.619998931884766,48.525001525878906,48.540000915527344,8313
2026-03-03 16:40:00,48.56999969482422,48.59000015258789,48.52000045776367,48.52999877929688,11303
2026-03-03 16:45:00,48.5099983215332,48.54999923706055,48.5099983215332,48.540000915527344,8314
2026-03-03 16:50:00,48.52000045776367,48.52000045776367,48.47999954223633,48.51499938964844,8109
2026-03-03 16:55:00,48.5099983215332,48.54999923706055,48.48500061035156,48.494998931884766,12098
2026-03-03 17:00:00,48.505001068115234,48.61000061035156,48.505001068115234,48.55500030517578,9986
2026-03-03 17:05:00,48.54999923706055,48.61000061035156,48.52999877929688,48.59000015258789,12677
2026-03-03 17:10:00,48.59000015258789,48.59000015258789,48.52000045776367,48.54999923706055,11570
2026-03-03 17:15:00,48.540000915527344,48.540000915527344,48.45000076293945,48.5,12575
2026-03-03 17:20:00,48.505001068115234,48.52000045776367,48.459999084472656,48.5099983215332,8541
2026-03-03 17:25:00,48.5,48.505001068115234,48.470001220703125,48.48500061035156,5830
2026-03-03 17:30:00,48.47999954223633,48.5,48.43000030517578,48.45000076293945,9886
2026-03-03 17:35:00,48.43999862670898,48.4900016784668,48.43000030517578,48.459999084472656,8507
2026-03-03 17:40:00,48.4900016784668,48.540000915527344,48.4900016784668,48.540000915527344,5861
2026-03-03 17:45:00,48.52999877929688,48.56999969482422,48.52000045776367,48.56999969482422,10553
2026-03-03 17:50:00,48.57500076293945,48.59000015258789,48.51499938964844,48.540000915527344,9530
2026-03-03 17:55:00,48.505001068115234,48.53499984741211,48.48500061035156,48.5,7242
2026-03-03 18:00:00,48.4900016784668,48.540000915527344,48.48500061035156,48.505001068115234,9862
2026-03-03 18:05:00,48.52000045776367,48.52999877929688,48.5,48.5,5093
2026-03-03 18:10:00,48.5099983215332,48.52000045776367,48.45000076293945,48.45000076293945,10089
2026-03-03 18:15:00,48.470001220703125,48.5099983215332,48.45000076293945,48.4900016784668,8975
2026-03-03 18:20:00,48.47499847412109,48.4900016784668,48.45500183105469,48.47499847412109,8014
2026-03-03 18:25:00,48.470001220703125,48.47999954223633,48.459999084472656,48.47999954223633,7332
2026-03-03 18:30:00,48.470001220703125,48.5099983215332,48.470001220703125,48.5099983215332,8346
2026-03-03 18:35:00,48.4900016784668,48.52999877929688,48.4900016784668,48.52000045776367,10131
2026-03-03 18:40:00,48.52000045776367,48.55500030517578,48.52000045776367,48.540000915527344,9789
2026-03-03 18:45:00,48.540000915527344,48.63999938964844,48.52999877929688,48.619998931884766,10759
2026-03-03 18:50:00,48.61000061035156,48.6349983215332,48.59999847412109,48.630001068115234,11249
2026-03-03 18:55:00,48.630001068115234,48.66999816894531,48.619998931884766,48.63999938964844,13180
2026-03-03 19:00:00,48.65999984741211,48.70000076293945,48.65999984741211,48.65999984741211,16942
2026-03-03 19:05:00,48.66999816894531,48.68999862670898,48.63999938964844,48.66999816894531,17796
2026-03-03 19:10:00,48.66999816894531,48.720001220703125,48.66999816894531,48.709999084472656,14923
2026-03-03 19:15:00,48.71500015258789,48.77000045776367,48.68999862670898,48.75,15713
2026-03-03 19:20:00,48.75,48.76499938964844,48.72999954223633,48.7599983215332,13278
2026-03-03 19:25:00,48.7599983215332,48.77999877929688,48.7400016784668,48.76499938964844,24400
2026-03-03 19:30:00,48.7599983215332,48.84000015258789,48.75,48.81999969482422,21226
2026-03-03 19:35:00,48.81999969482422,48.82500076293945,48.75,48.755001068115234,42199
2026-03-03 19:40:00,48.75,48.84000015258789,48.75,48.81499862670898,35262
2026-03-03 19:45:00,48.83000183105469,48.86000061035156,48.81499862670898,48.81999969482422,25907
2026-03-03 19:50:00,48.810001373291016,48.83000183105469,48.7599983215332,48.79499816894531,37206
2026-03-03 19:55:00,48.79999923706055,48.86000061035156,48.77000045776367,48.83000183105469,22091
2026-03-03 20:00:00,48.84000015258789,48.869998931884766,48.81999969482422,48.83000183105469,12454
2026-03-03 20:05:00,48.834999084472656,48.970001220703125,48.834999084472656,48.959999084472656,26650
2026-03-03 20:10:00,48.970001220703125,48.97999954223633,48.94499969482422,48.95000076293945,26961
2026-03-03 20:15:00,48.959999084472656,49.04999923706055,48.959999084472656,49.04999923706055,19485
2026-03-03 20:20:00,49.060001373291016,49.1150016784668,49.040000915527344,49.09999847412109,21510
2026-03-03 20:25:00,49.11000061035156,49.165000915527344,49.06999969482422,49.06999969482422,23499
2026-03-03 20:30:00,49.06499862670898,49.09000015258789,49.0099983215332,49.02999877929688,24237
2026-03-03 20:35:00,49.04999923706055,49.09000015258789,49.040000915527344,49.040000915527344,19913
2026-03-03 20:40:00,49.02999877929688,49.06999969482422,49.0099983215332,49.06999969482422,18900
2026-03-03 20:45:00,49.06999969482422,49.084999084472656,48.880001068115234,48.880001068115234,61883
2026-03-03 20:50:00,48.90999984741211,48.90999984741211,48.84000015258789,48.88999938964844,60966
2026-03-03 20:55:00,48.8849983215332,48.88999938964844,48.7599983215332,48.8025016784668,166086
2026-03-04 14:30:00,48.72999954223633,49.060001373291016,48.525001525878906,48.59000015258789,10408
2026-03-04 14:35:00,48.60499954223633,48.60499954223633,48.34000015258789,48.34000015258789,6514
2026-03-04 14:40:00,48.34000015258789,48.375,48.09000015258789,48.26499938964844,5071
2026-03-04 14:45:00,48.26499938964844,48.34999847412109,48.09000015258789,48.27000045776367,6983
2026-03-04 14:50:00,48.34000015258789,48.42499923706055,48.290000915527344,48.334999084472656,29828
2026-03-04 14:55:00,48.32500076293945,48.32500076293945,48.16999816894531,48.290000915527344,3842
2026-03-04 15:00:00,48.31999969482422,48.369998931884766,48.27000045776367,48.290000915527344,25737
2026-03-04 15:05:00,48.2400016784668,48.34999847412109,48.2400016784668,48.310001373291016,22530
2026-03-04 15:10:00,48.29010009765625,48.39500045776367,48.290000915527344,48.33000183105469,15585
2026-03-04 15:15:00,48.38999938964844,48.47999954223633,48.38999938964844,48.45000076293945,5148
2026-03-04 15:20:00,48.459999084472656,48.68000030517578,48.459999084472656,48.540000915527344,57622
2026-03-04 15:25:00,48.540000915527344,48.63999938964844,48.5,48.63999938964844,8753
2026-03-04 15:30:00,48.6150016784668,48.6150016784668,48.5,48.59999847412109,11134
2026-03-04 15:35:00,48.56999969482422,48.59999847412109,48.459999084472656,48.459999084472656,31491
2026-03-04 15:40:00,48.459999084472656,48.61000061035156,48.459999084472656,48.56999969482422,20617
2026-03-04 15:45:00,48.58000183105469,48.58000183105469,48.54999923706055,48.56999969482422,4259
2026-03-04 15:50:00,48.58000183105469,48.61000061035156,48.54999923706055,48.58000183105469,6880
2026-03-04 15:55:00,48.59000015258789,48.59999847412109,48.52999877929688,48.56999969482422,5770
2026-03-04 16:00:00,48.57500076293945,48.68000030517578,48.57500076293945,48.650001525878906,8637
2026-03-04 16:05:00,48.685001373291016,48.685001373291016,48.56999969482422,48.58050155639648,10987
2026-03-04 16:10:00,48.56999969482422,48.59999847412109,48.540000915527344,48.58000183105469,11862
2026-03-04 16:15:00,48.59999847412109,48.61000061035156,48.540000915527344,48.57500076293945,11268
2026-03-04 16:20:00,48.58000183105469,48.59000015258789,48.52999877929688,48.54999923706055,5671
2026-03-04 16:25:00,48.6150016784668,48.6150016784668,48.56999969482422,48.570499420166016,5519
2026-03-04 16:30:00,48.59000015258789,48.650001525878906,48.58000183105469,48.64450073242188,4416
2026-03-04 16:35:00,48.619998931884766,48.630001068115234,48.56999969482422,48.56999969482422,10733
2026-03-04 16:40:00,48.54100036621094,48.56999969482422,48.52999877929688,48.52999877929688,7445
2026-03-04 16:45:00,48.52000045776367,48.57500076293945,48.52000045776367,48.55500030517578,5231
2026-03-04 16:50:00,48.55500030517578,48.55500030517578,48.5099983215332,48.540000915527344,14511
2026-03-04 16:55:00,48.54499816894531,48.58000183105469,48.540000915527344,48.58000183105469,12952
2026-03-04 17:00:00,48.59000015258789,48.72999954223633,48.58000183105469,48.709999084472656,29060
2026-03-04 17:05:00,48.68999862670898,48.68999862670898,48.63999938964844,48.65999984741211,5175
2026-03-04 17:10:00,48.65999984741211,48.67620086669922,48.63999938964844,48.64500045776367,3247
2026-03-04 17:15:00,48.63999938964844,48.70000076293945,48.63999938964844,48.64500045776367,6519
2026-03-04 17:20:00,48.63999938964844,48.63999938964844,48.560001373291016,48.560001373291016,5407
2026-03-04 17:25:00,48.59000015258789,48.665000915527344,48.59000015258789,48.630001068115234,5030
2026-03-04 17:30:00,48.619998931884766,48.66999816894531,48.59999847412109,48.66999816894531,4987
2026-03-04 17:35:00,48.68999862670898,48.68999862670898,48.63999938964844,48.66999816894531,4521
2026-03-04 17:40:00,48.665000915527344,48.68999862670898,48.665000915527344,48.67499923706055,3491
2026-03-04 17:45:00,48.65999984741211,48.68999862670898,48.650001525878906,48.65999984741211,3795
2026-03-04 17:50:00,48.68000030517578,48.69499969482422,48.65999984741211,48.68999862670898,3286
2026-03-04 17:55:00,48.68000030517578,48.68999862670898,48.65999984741211,48.66999816894531,7195
2026-03-04 18:00:00,48.68999862670898,48.720001220703125,48.68999862670898,48.68999862670898,3292
2026-03-04 18:05:00,48.68000030517578,48.75199890136719,48.68000030517578,48.75,9212
2026-03-04 18:10:00,48.75,48.790000915527344,48.7400016784668,48.77000045776367,3161
2026-03-04 18:15:00,48.790000915527344,48.79999923706055,48.75,48.75460052490234,5230
2026-03-04 18:20:00,48.755001068115234,48.810001373291016,48.755001068115234,48.790000915527344,2914
2026-03-04 18:25:00,48.79999923706055,48.84999847412109,48.79999923706055,48.834999084472656,8028
2026-03-04 18:30:00,48.84999847412109,48.89500045776367,48.83000183105469,48.83000183105469,8471
2026-03-04 18:35:00,48.880001068115234,48.88999938964844,48.84999847412109,48.84999847412109,7054
2026-03-04 18:40:00,48.84999847412109,48.85499954223633,48.83000183105469,48.83000183105469,4804
2026-03-04 18:45:00,48.84999847412109,48.86000061035156,48.79999923706055,48.84000015258789,10571
2026-03-04 18:50:00,48.83000183105469,48.85499954223633,48.81999969482422,48.81999969482422,9484
2026-03-04 18:55:00,48.83000183105469,48.84000015258789,48.80049896240234,48.80049896240234,6801
2026-03-04 19:00:00,48.79999923706055,48.84000015258789,48.77999877929688,48.79999923706055,14947
2026-03-04 19:05:00,48.81999969482422,48.83000183105469,48.77000045776367,48.81999969482422,14292
2026-03-04 19:10:00,48.83000183105469,48.859901428222656,48.790000915527344,48.84000015258789,7362
2026-03-04 19:15:00,48.84999847412109,48.900001525878906,48.84000015258789,48.880001068115234,30515
2026-03-04 19:20:00,48.869998931884766,48.95000076293945,48.869998931884766,48.95000076293945,12279
2026-03-04 19:25:00,48.93000030517578,48.96500015258789,48.93000030517578,48.93000030517578,11037
2026-03-04 19:30:00,48.93000030517578,48.97999954223633,48.922000885009766,48.970001220703125,14244
2026-03-04 19:35:00,48.97999954223633,48.97999954223633,48.93999862670898,48.97999954223633,8879
2026-03-04 19:40:00,48.97999954223633,49.02999877929688,48.959999084472656,48.97999954223633,51282
2026-03-04 19:45:00,48.97999954223633,49.0099983215332,48.959999084472656,48.970001220703125,8519
2026-03-04 19:50:00,48.95000076293945,48.959999084472656,48.91999816894531,48.93000030517578,8801
2026-03-04 19:55:00,48.900001525878906,48.91999816894531,48.88999938964844,48.90999984741211,5951
2026-03-04 20:00:00,48.91999816894531,48.95000076293945,48.900001525878906,48.900001525878906,5529
2026-03-04 20:05:00,48.89250183105469,48.89250183105469,48.84999847412109,48.869998931884766,39395
2026-03-04 20:10:00,48.86000061035156,48.88999938964844,48.84000015258789,48.86000061035156,10815
2026-03-04 20:15:00,48.8650016784668,48.900001525878906,48.84999847412109,48.86000061035156,13455
2026-03-04 20:20:00,48.84999847412109,48.88999938964844,48.83000183105469,48.86000061035156,22990
2026-03-04 20:25:00,48.86000061035156,48.86000061035156,48.80099868774414,48.84000015258789,17471
2026-03-04 20:30:00,48.86000061035156,48.869998931884766,48.83000183105469,48.84000015258789,22867
2026-03-04 20:35:00,48.84000015258789,48.86000061035156,48.83000183105469,48.84999847412109,15526
2026-03-04 20:40:00,48.86000061035156,48.93999862670898,48.84999847412109,48.91999816894531,21462
2026-03-04 20:45:00,48.93000030517578,48.9900016784668,48.91999816894531,48.9900016784668,42841
2026-03-04 20:50:00,48.97999954223633,49.0,48.810001373291016,48.810001373291016,58310
2026-03-04 20:55:00,48.83000183105469,48.90999984741211,48.77999877929688,48.880001068115234,155436
2026-03-05 14:30:00,48.5099983215332,48.61000061035156,48.5099983215332,48.5099983215332,9329
2026-03-05 14:35:00,48.51499938964844,48.58290100097656,48.22999954223633,48.290000915527344,6078
2026-03-05 14:40:00,48.34999847412109,48.37099838256836,48.209999084472656,48.29499816894531,2517
2026-03-05 14:45:00,48.31999969482422,48.43000030517578,48.30500030517578,48.41999816894531,6621
2026-03-05 14:50:00,48.41999816894531,48.470001220703125,48.2400016784668,48.2400016784668,23737
2026-03-05 14:55:00,48.255001068115234,48.31999969482422,48.18999862670898,48.27000045776367,5258
2026-03-05 15:00:00,48.31999969482422,48.380001068115234,48.290000915527344,48.290000915527344,16485
2026-03-05 15:05:00,48.29999923706055,48.33000183105469,48.25,48.25,5930
2026-03-05 15:10:00,48.310001373291016,48.310001373291016,48.10499954223633,48.185001373291016,18587
2026-03-05 15:15:00,48.150001525878906,48.15999984741211,48.07500076293945,48.084999084472656,7657
2026-03-05 15:20:00,48.084999084472656,48.16999816894531,48.0,48.0,20274
2026-03-05 15:25:00,48.02999877929688,48.16999816894531,48.0099983215332,48.09999847412109,22571
2026-03-05 15:30:00,48.10499954223633,48.2599983215332,48.06999969482422,48.20000076293945,14219
2026-03-05 15:35:00,48.22999954223633,48.25,48.15999984741211,48.15999984741211,35932
2026-03-05 15:40:00,48.18000030517578,48.20000076293945,48.1349983215332,48.15999984741211,8412
2026-03-05 15:45:00,48.130001068115234,48.22999954223633,48.11000061035156,48.15999984741211,8700
2026-03-05 15:50:00,48.13999938964844,48.220001220703125,48.13999938964844,48.18000030517578,5763
2026-03-05 15:55:00,48.18999862670898,48.20000076293945,48.11000061035156,48.130001068115234,7659
2026-03-05 16:00:00,48.150001525878906,48.16249847412109,48.040000915527344,48.040000915527344,7580
2026-03-05 16:05:00,48.04999923706055,48.11000061035156,48.0099983215332,48.11000061035156,7256
2026-03-05 16:10:00,48.1150016784668,48.150001525878906,48.060001373291016,48.09000015258789,28387
2026-03-05 16:15:00,48.06999969482422,48.11000061035156,48.02999877929688,48.09000015258789,16683
2026-03-05 16:20:00,48.04999923706055,48.16999816894531,48.04999923706055,48.15999984741211,8044
2026-03-05 16:25:00,48.14049911499024,48.19499969482422,48.09999847412109,48.13999938964844,44144
2026-03-05 16:30:00,48.15499877929688,48.15999984741211,48.11130142211914,48.125,13890
2026-03-05 16:35:00,48.09999847412109,48.119998931884766,48.08000183105469,48.119998931884766,7291
2026-03-05 16:40:00,48.119998931884766,48.16999816894531,48.11000061035156,48.1150016784668,12514
2026-03-05 16:45:00,48.119998931884766,48.130001068115234,48.06999969482422,48.09000015258789,7470
2026-03-05 16:50:00,48.09000015258789,48.1150016784668,48.060001373291016,48.1150016784668,12414
2026-03-05 16:55:00,48.11000061035156,48.150001525878906,48.09489822387695,48.09999847412109,8180
2026-03-05 17:00:00,48.10499954223633,48.150001525878906,48.10499954223633,48.125,11707
2026-03-05 17:05:00,48.125,48.13999938964844,48.09999847412109,48.10499954223633,17798
2026-03-05 17:10:00,48.11000061035156,48.11000061035156,48.060001373291016,48.060001373291016,5152
2026-03-05 17:15:00,48.09999847412109,48.13999938964844,48.09999847412109,48.13999938964844,9909
2026-03-05 17:20:00,48.15999984741211,48.15999984741211,48.119998931884766,48.119998931884766,12402
2026-03-05 17:25:00,48.11000061035156,48.13999938964844,48.11000061035156,48.1349983215332,5163
2026-03-05 17:30:00,48.130001068115234,48.13999938964844,48.09999847412109,48.125,6753
2026-03-05 17:35:00,48.125,48.18999862670898,48.125,48.17499923706055,17363
2026-03-05 17:40:00,48.15999984741211,48.18999862670898,48.13999938964844,48.15999984741211,8326
2026-03-05 17:45:00,48.150001525878906,48.18000030517578,48.14500045776367,48.165000915527344,6427
2026-03-05 17:50:00,48.16999816894531,48.20000076293945,48.13999938964844,48.14500045776367,9940
2026-03-05 17:55:00,48.150001525878906,48.15999984741211,48.125,48.13999938964844,5391
2026-03-05 18:00:00,48.15499877929688,48.29999923706055,48.15499877929688,48.27999877929688,9778
2026-03-05 18:05:00,48.29999923706055,48.34000015258789,48.290000915527344,48.33000183105469,9211
2026-03-05 18:10:00,48.31999969482422,48.34000015258789,48.290000915527344,48.29999923706055,6096
2026-03-05 18:15:00,48.290000915527344,48.29999923706055,48.255001068115234,48.27000045776367,7430
2026-03-05 18:20:00,48.27000045776367,48.36000061035156,48.27000045776367,48.310001373291016,9032
2026-03-05 18:25:00,48.310001373291016,48.36000061035156,48.310001373291016,48.36000061035156,6229
2026-03-05 18:30:00,48.35499954223633,48.36000061035156,48.29999923706055,48.31499862670898,6116
2026-03-05 18:35:00,48.31499862670898,48.34000015258789,48.29499816894531,48.33000183105469,7423
2026-03-05 18:40:00,48.34000015258789,48.38999938964844,48.33000183105469,48.38999938964844,12856
2026-03-05 18:45:00,48.400001525878906,48.40499877929688,48.33000183105469,48.34000015258789,12162
2026-03-05 18:50:00,48.33000183105469,48.33000183105469,48.28499984741211,48.31999969482422,8656
2026-03-05 18:55:00,48.310001373291016,48.36000061035156,48.290000915527344,48.290000915527344,11062
2026-03-05 19:00:00,48.2599983215332,48.2599983215332,48.15999984741211,48.16999816894531,6081
2026-03-05 19:05:00,48.13999938964844,48.13999938964844,48.084999084472656,48.130001068115234,14567
2026-03-05 19:10:00,48.125,48.13999938964844,48.09999847412109,48.11130142211914,4876
2026-03-05 19:15:00,48.1150016784668,48.13999938964844,48.09999847412109,48.130001068115234,4358
2026-03-05 19:20:00,48.150001525878906,48.15999984741211,48.09000015258789,48.09000015258789,9123
2026-03-05 19:25:00,48.08000183105469,48.09000015258789,48.060001373291016,48.08000183105469,4595
2026-03-05 19:30:00,48.06999969482422,48.09999847412109,48.03499984741211,48.09999847412109,7260
2026-03-05 19:35:00,48.09999847412109,48.15499877929688,48.09000015258789,48.15499877929688,5449
2026-03-05 19:40:00,48.15499877929688,48.209999084472656,48.15499877929688,48.16999816894531,5529
2026-03-05 19:45:00,48.18999862670898,48.22999954223633,48.18999862670898,48.220001220703125,4549
2026-03-05 19:50:00,48.220001220703125,48.275001525878906,48.220001220703125,48.255001068115234,7918
2026-03-05 19:55:00,48.255001068115234,48.27000045776367,48.22999954223633,48.2400016784668,9719
2026-03-05 20:00:00,48.2599983215332,48.27000045776367,48.11000061035156,48.1150016784668,27895
2026-03-05 20:05:00,48.119998931884766,48.130001068115234,48.08000183105469,48.095001220703125,27821
2026-03-05 20:10:00,48.09999847412109,48.20000076293945,48.095001220703125,48.18000030517578,39299
2026-03-05 20:15:00,48.19499969482422,48.209999084472656,48.11000061035156,48.11000061035156,47168
2026-03-05 20:20:00,48.11000061035156,48.220001220703125,48.11000061035156,48.16999816894531,51447
2026-03-05 20:25:00,48.18999862670898,48.2400016784668,48.17499923706055,48.199798583984375,28440
2026-03-05 20:30:00,48.18000030517578,48.2599983215332,48.18000030517578,48.2599983215332,29443
2026-03-05 20:35:00,48.25,48.28499984741211,48.220001220703125,48.22499847412109,22195
2026-03-05 20:40:00,48.22499847412109,48.25,48.209999084472656,48.23500061035156,50584
2026-03-05 20:45:00,48.2400016784668,48.31999969482422,48.23500061035156,48.31999969482422,40398
2026-03-05 20:50:00,48.31999969482422,48.31999969482422,48.275001525878906,48.29999923706055,63766
2026-03-05 20:55:00,48.29999923706055,48.31499862670898,48.22999954223633,48.2599983215332,187235
2026-03-06 14:30:00,48.09999847412109,48.09999847412109,47.58000183105469,47.67499923706055,0
2026-03-06 14:35:00,47.68999862670898,47.79999923706055,47.619998931884766,47.77999877929688,15896
2026-03-06 14:40:00,47.77999877929688,47.807498931884766,47.61000061035156,47.72999954223633,20055
2026-03-06 14:45:00,47.68000030517578,47.720001220703125,47.68000030517578,47.720001220703125,2485
2026-03-06 14:50:00,47.72999954223633,47.7400016784668,47.45000076293945,47.459999084472656,23327
2026-03-06 14:55:00,47.40999984741211,47.59999847412109,47.40999984741211,47.56510162353516,11976
2026-03-06 15:00:00,47.61000061035156,47.63750076293945,47.59000015258789,47.59999847412109,2862
2026-03-06 15:05:00,47.59999847412109,47.650001525878906,47.58000183105469,47.58000183105469,11377
2026-03-06 15:10:00,47.58000183105469,47.69499969482422,47.54999923706055,47.619998931884766,14693
2026-03-06 15:15:00,47.63999938964844,47.63999938964844,47.58000183105469,47.6349983215332,5802
2026-03-06 15:20:00,47.6349983215332,47.66999816894531,47.59000015258789,47.63999938964844,8359
2026-03-06 15:25:00,47.630001068115234,47.66999816894531,47.52000045776367,47.66999816894531,15934
2026-03-06 15:30:00,47.65999984741211,47.685001373291016,47.625,47.65999984741211,4833
2026-03-06 15:35:00,47.70000076293945,47.73500061035156,47.65999984741211,47.73500061035156,6625
2026-03-06 15:40:00,47.77000045776367,47.77000045776367,47.68000030517578,47.68999862670898,7126
2026-03-06 15:45:00,47.68999862670898,47.709999084472656,47.60499954223633,47.60499954223633,4481
2026-03-06 15:50:00,47.595001220703125,47.6349983215332,47.560001373291016,47.60499954223633,7424
2026-03-06 15:55:00,47.57500076293945,47.630001068115234,47.56499862670898,47.60499954223633,8037
2026-03-06 16:00:00,47.59000015258789,47.650001525878906,47.584999084472656,47.63999938964844,13354
2026-03-06 16:05:00,47.65999984741211,47.68000030517578,47.59000015258789,47.61000061035156,11796
2026-03-06 16:10:00,47.60499954223633,47.625,47.52999877929688,47.619998931884766,8082
2026-03-06 16:15:00,47.64500045776367,47.68999862670898,47.61000061035156,47.650001525878906,10933
2026-03-06 16:20:00,47.65999984741211,47.68000030517578,47.6150016784668,47.68000030517578,11824
2026-03-06 16:25:00,47.66999816894531,47.68000030517578,47.63999938964844,47.63999938964844,4564
2026-03-06 16:30:00,47.68000030517578,47.68000030517578,47.61000061035156,47.6150016784668,5841
2026-03-06 16:35:00,47.63999938964844,47.650001525878906,47.61000061035156,47.625,7237
2026-03-06 16:40:00,47.59999847412109,47.6349983215332,47.56999969482422,47.619998931884766,7800
2026-03-06 16:45:00,47.59999847412109,47.630001068115234,47.59999847412109,47.630001068115234,5833
2026-03-06 16:50:00,47.63999938964844,47.65999984741211,47.58000183105469,47.59000015258789,7921
2026-03-06 16:55:00,47.59999847412109,47.61000061035156,47.584999084472656,47.60499954223633,4803
2026-03-06 17:00:00,47.59000015258789,47.59000015258789,47.45000076293945,47.560001373291016,52443
2026-03-06 17:05:00,47.54499816894531,47.61000061035156,47.52999877929688,47.59999847412109,9559
2026-03-06 17:10:00,47.619998931884766,47.68000030517578,47.61000061035156,47.66999816894531,9435
2026-03-06 17:15:00,47.69499969482422,47.82989883422852,47.68999862670898,47.810001373291016,13467
2026-03-06 17:20:00,47.84000015258789,47.95000076293945,47.81999969482422,47.93999862670898,18233
2026-03-06 17:25:00,47.91999816894531,47.91999816894531,47.79999923706055,47.79999923706055,10913
2026-03-06 17:30:00,47.77999877929688,47.86000061035156,47.77999877929688,47.84000015258789,8755
2026-03-06 17:35:00,47.84000015258789,47.91999816894531,47.79999923706055,47.90999984741211,24336
2026-03-06 17:40:00,47.900001525878906,47.959999084472656,47.869998931884766,47.959999084472656,19501
2026-03-06 17:45:00,47.96500015258789,47.96500015258789,47.90999984741211,47.93000030517578,11084
2026-03-06 17:50:00,47.90999984741211,47.95000076293945,47.90999984741211,47.94499969482422,8245
2026-03-06 17:55:00,47.94499969482422,47.95000076293945,47.90999984741211,47.95000076293945,24830
2026-03-06 18:00:00,47.93999862670898,48.0099983215332,47.93999862670898,48.0,15531
2026-03-06 18:05:00,48.0,48.02000045776367,47.97999954223633,47.97999954223633,8367
2026-03-06 18:10:00,48.0099983215332,48.09000015258789,48.0099983215332,48.06999969482422,13488
2026-03-06 18:15:00,48.07500076293945,48.119998931884766,48.07500076293945,48.119998931884766,10237
2026-03-06 18:20:00,48.1150016784668,48.150001525878906,48.11000061035156,48.119998931884766,12173
2026-03-06 18:25:00,48.119998931884766,48.119998931884766,48.06999969482422,48.09999847412109,12943
2026-03-06 18:30:00,48.09000015258789,48.09000015258789,48.02999877929688,48.06999969482422,14400
2026-03-06 18:35:00,48.06499862670898,48.06499862670898,48.0099983215332,48.025001525878906,10748
2026-03-06 18:40:00,48.02000045776367,48.02000045776367,47.97499847412109,47.97499847412109,12746
2026-03-06 18:45:00,47.970001220703125,47.97499847412109,47.93000030517578,47.93999862670898,6477
2026-03-06 18:50:00,47.95000076293945,47.98500061035156,47.93999862670898,47.959999084472656,11371
2026-03-06 18:55:00,47.970001220703125,48.02000045776367,47.970001220703125,47.9900016784668,9715
2026-03-06 19:00:00,47.9900016784668,48.04999923706055,47.9900016784668,48.040000915527344,15790
2026-03-06 19:05:00,48.040000915527344,48.09000015258789,48.040000915527344,48.084999084472656,11374
2026-03-06 19:10:00,48.07500076293945,48.11000061035156,48.07500076293945,48.07500076293945,17283
2026-03-06 19:15:00,48.06999969482422,48.119998931884766,48.03499984741211,48.119998931884766,14620
2026-03-06 19:20:00,48.12009811401367,48.1349983215332,48.08000183105469,48.08000183105469,11625
2026-03-06 19:25:00,48.08000183105469,48.11000061035156,48.040000915527344,48.0801010131836,25240
2026-03-06 19:30:00,48.09999847412109,48.11000061035156,48.084999084472656,48.09000015258789,10866
2026-03-06 19:35:00,48.09999847412109,48.18999862670898,48.09999847412109,48.18000030517578,9744
2026-03-06 19:40:00,48.18999862670898,48.23500061035156,48.18999862670898,48.18999862670898,12466
2026-03-06 19:45:00,48.20000076293945,48.209999084472656,48.16999816894531,48.20000076293945,23973
2026-03-06 19:50:00,48.20000076293945,48.20500183105469,48.18000030517578,48.18000030517578,6936
2026-03-06 19:55:00,48.18000030517578,48.209999084472656,48.16999816894531,48.20000076293945,12981
2026-03-06 20:00:00,48.20000076293945,48.209999084472656,48.18000030517578,48.185001373291016,8892
2026-03-06 20:05:00,48.20000076293945,48.20000076293945,48.13999938964844,48.15999984741211,10823
2026-03-06 20:10:00,48.16999816894531,48.209999084472656,48.16999816894531,48.18999862670898,10720
2026-03-06 20:15:00,48.18000030517578,48.27000045776367,48.16999816894531,48.25,13114
2026-03-06 20:20:00,48.255001068115234,48.290000915527344,48.25,48.290000915527344,14870
2026-03-06 20:25:00,48.290000915527344,48.34000015258789,48.290000915527344,48.33990097045898,13968
2026-03-06 20:30:00,48.32500076293945,48.33000183105469,48.290000915527344,48.310001373291016,19555
2026-03-06 20:35:00,48.310001373291016,48.34000015258789,48.290000915527344,48.32500076293945,18763
2026-03-06 20:40:00,48.33000183105469,48.34000015258789,48.29499816894531,48.31999969482422,21492
2026-03-06 20:45:00,48.32500076293945,48.380001068115234,48.32500076293945,48.3650016784668,28907
2026-03-06 20:50:00,48.369998931884766,48.369998931884766,48.16999816894531,48.27999877929688,180265
2026-03-06 20:55:00,48.2599983215332,48.27000045776367,48.18999862670898,48.20000076293945,125896
