timestamp,Open,High,Low,Close,Volume
2026-01-09 14:30:00,256.71,256.71,255.175,256.1,5211
2026-01-09 14:35:00,256.16,256.555,254.92,255.065,3275
2026-01-09 14:40:00,255.3421,255.3421,254.995,254.995,2809
2026-01-09 14:45:00,254.42,255.04,254.42,254.9,13824
2026-01-09 14:50:00,254.44,254.5,253.4375,253.75,4602
2026-01-09 14:55:00,253.895,254.26,253.53,253.79,999
2026-01-09 15:00:00,253.79,253.81,253.79,253.81,1515
2026-01-09 15:05:00,253.81,254.6578,253.81,254.245,9858
2026-01-09 15:10:00,254.17,254.34,253.955,254.135,3735
2026-01-09 15:15:00,254.165,254.215,253.17,253.41,7739
2026-01-09 15:20:00,253.415,254.265,253.415,254.18,2020
2026-01-09 15:25:00,254.265,254.265,253.51,253.66,6028
2026-01-09 15:30:00,253.66,253.92,253.66,253.8044,3491
2026-01-09 15:35:00,253.61,254.11,253.61,254.1,1527
2026-01-09 15:40:00,253.915,254.23,253.765,253.8,1859
2026-01-09 15:45:00,253.77,254.215,253.7501,253.99,2878
2026-01-09 15:50:00,254.185,254.185,253.5,253.5,3280
2026-01-09 15:55:00,253.17,253.18,253.13,253.18,707
2026-01-09 16:00:00,253.16,253.505,253.16,253.295,2276
2026-01-09 16:05:00,253.295,253.295,252.91,252.91,2830
2026-01-09 16:10:00,252.9,253.245,252.9,253.245,2295
2026-01-09 16:15:00,253.095,253.11,253.09,253.09,975
2026-01-09 16:20:00,252.95,253.25,252.685,252.905,6515
2026-01-09 16:25:00,253.0,253.045,252.915,253.045,677
2026-01-09 16:30:00,252.92,253.3,252.92,253.3,3055
2026-01-09 16:35:00,253.175,253.3,252.72,252.72,2733
2026-01-09 16:40:00,252.725,253.2,252.7,253.2,2646
2026-01-09 16:45:00,253.3,253.6,253.29,253.59,1692
2026-01-09 16:50:00,253.62,253.785,253.55,253.75,1755
2026-01-09 16:55:00,253.7225,253.7225,253.35,253.37,1620
2026-01-09 17:00:00,253.2649,254.03,253.2649,254.03,2353
2026-01-09 17:05:00,254.07,254.11,254.07,254.095,799
2026-01-09 17:10:00,254.105,254.27,253.915,254.185,2340
2026-01-09 17:15:00,254.22,254.4,254.22,254.37,1193
2026-01-09 17:20:00,254.26,254.51,254.155,254.39,1398
2026-01-09 17:25:00,254.4061,254.59,254.4061,254.57,744
2026-01-09 17:30:00,254.455,254.58,254.33,254.45,3098
2026-01-09 17:35:00,254.49,254.49,254.185,254.295,2063
2026-01-09 17:40:00,254.33,254.35,254.1392,254.29,1951
2026-01-09 17:45:00,254.335,254.515,254.18,254.42,4716
2026-01-09 17:50:00,254.57,254.74,254.43,254.43,1865
2026-01-09 17:55:00,254.53,254.565,254.37,254.415,1882
2026-01-09 18:00:00,254.37,254.52,254.24,254.51,2792
2026-01-09 18:05:00,254.33,254.66,254.33,254.635,1799
2026-01-09 18:10:00,254.72,254.83,254.615,254.78,1746
2026-01-09 18:15:00,254.78,254.9,254.6,254.62,1390
2026-01-09 18:20:00,254.655,254.655,254.4266,254.44,2760
2026-01-09 18:25:00,254.59,254.6,254.41,254.6,387
2026-01-09 18:30:00,254.42,254.8,254.42,254.8,2160
2026-01-09 18:35:00,254.665,254.79,254.64,254.64,701
2026-01-09 18:40:00,254.67,254.6875,254.38,254.38,6419
2026-01-09 18:45:00,254.4401,254.4401,254.22,254.23,1492
2026-01-09 18:50:00,254.23,254.33,254.086,254.2004,2105
2026-01-09 18:55:00,254.185,254.26,254.06,254.09,1319
2026-01-09 19:00:00,254.17,254.17,253.96,253.98,5975
2026-01-09 19:05:00,253.98,254.1,253.61,253.95,3428
2026-01-09 19:10:00,254.02,254.18,253.825,253.825,4620
2026-01-09 19:15:00,253.735,253.9,253.335,253.6,5091
2026-01-09 19:20:00,253.48,253.835,253.46,253.46,4424
2026-01-09 19:25:00,253.33,253.78,253.33,253.695,2796
2026-01-09 19:30:00,253.695,253.995,253.59,253.76,4223
2026-01-09 19:35:00,253.8,253.85,253.64,253.8,2018
2026-01-09 19:40:00,253.82,253.83,253.5,253.58,4145
2026-01-09 19:45:00,253.5306,253.64,253.43,253.46,4122
2026-01-09 19:50:00,253.53,253.68,253.465,253.485,4922
2026-01-09 19:55:00,253.54,253.54,253.23,253.35,2478
2026-01-09 20:00:00,253.35,253.75,253.13,253.13,8804
2026-01-09 20:05:00,253.196,253.21,252.81,252.92,2295
2026-01-09 20:10:00,252.92,252.935,252.71,252.75,3267
2026-01-09 20:15:00,252.85,252.885,252.3201,252.45,24687
2026-01-09 20:20:00,252.38,253.0515,252.38,252.68,23138
2026-01-09 20:25:00,252.72,252.8,252.62,252.671,6108
2026-01-09 20:30:00,252.65,252.735,252.44,252.465,12584
2026-01-09 20:35:00,252.47,252.71,252.32,252.71,8218
2026-01-09 20:40:00,252.71,252.77,252.61,252.71,12712
2026-01-09 20:45:00,252.68,252.8,252.27,252.295,19232
2026-01-09 20:50:00,252.295,252.49,252.165,252.18,15830
2026-01-09 20:55:00,252.16,252.27,251.7,251.76,54003
2026-01-12 14:30:00,252.14,252.545,250.22,251.05,5195
2026-01-12 14:35:00,250.0,250.385,249.4025,250.385,2447
2026-01-12 14:40:00,250.4578,251.87,250.4578,251.28,2271
2026-01-12 14:45:00,251.545,252.26,251.46,251.94,6035
2026-01-12 14:50:00,251.93,251.94,251.52,251.52,3090
2026-01-12 14:55:00,251.4375,251.555,251.29,251.29,2272
2026-01-12 15:00:00,251.525,252.01,251.395,252.01,3015
2026-01-12 15:05:00,252.05,252.05,251.3525,251.3525,2158
2026-01-12 15:10:00,251.365,251.3875,250.7,251.37,2087
2026-01-12 15:15:00,251.38,251.77,251.095,251.095,2277
2026-01-12 15:20:00,251.095,251.252,250.8446,250.8446,741
2026-01-12 15:25:00,251.145,251.465,251.145,251.465,924
2026-01-12 15:30:00,251.46,251.77,251.35,251.585,2970
2026-01-12 15:35:00,251.65,251.9,251.3701,251.64,1432
2026-01-12 15:40:00,251.64,251.88,251.64,251.88,1420
2026-01-12 15:45:00,251.96,251.99,251.51,251.51,1439
2026-01-12 15:50:00,251.7,251.7,251.24,251.355,1633
2026-01-12 15:55:00,251.355,251.56,251.28,251.315,2500
2026-01-12 16:00:00,250.94,251.05,250.87,251.045,2580
2026-01-12 16:05:00,250.79,251.145,250.54,251.145,10643
2026-01-12 16:10:00,251.145,251.145,250.59,250.84,2082
2026-01-12 16:15:00,250.84,250.84,250.2625,250.53,25779
2026-01-12 16:20:00,250.53,250.69,250.13,250.14,9925
2026-01-12 16:25:00,250.16,250.59,250.16,250.195,4359
2026-01-12 16:30:00,250.15,250.15,249.635,249.92,13964
2026-01-12 16:35:00,249.815,250.04,249.735,249.84,10939
2026-01-12 16:40:00,249.775,249.775,249.46,249.535,2956
2026-01-12 16:45:00,249.535,249.72,249.265,249.585,46830
2026-01-12 16:50:00,249.595,249.8,249.28,249.325,22852
2026-01-12 16:55:00,249.16,249.16,248.9,249.045,2180
2026-01-12 17:00:00,248.98,249.6,248.79,249.35,12223
2026-01-12 17:05:00,249.23,249.52,249.19,249.52,8002
2026-01-12 17:10:00,249.52,249.68,249.52,249.625,1776
2026-01-12 17:15:00,249.64,249.64,249.39,249.555,3082
2026-01-12 17:20:00,249.55,249.9,249.55,249.9,2255
2026-01-12 17:25:00,249.67,249.91,249.64,249.91,2713
2026-01-12 17:30:00,249.8,250.24,249.8,249.85,6632
2026-01-12 17:35:00,249.85,249.85,249.66,249.7,1659
2026-01-12 17:40:00,249.66,249.67,249.3901,249.525,5359
2026-01-12 17:45:00,249.65,249.65,249.44,249.44,1903
2026-01-12 17:50:00,249.43,249.65,249.39,249.61,5537
2026-01-12 17:55:00,249.55,249.69,249.38,249.5647,5850
2026-01-12 18:00:00,249.55,249.9399,249.55,249.82,12433
2026-01-12 18:05:00,249.71,249.755,249.61,249.72,9629
2026-01-12 18:10:00,249.72,249.79,249.54,249.54,5293
2026-01-12 18:15:00,249.51,249.67,249.51,249.61,3001
2026-01-12 18:20:00,249.56,249.67,249.5,249.5,5226
2026-01-12 18:25:00,249.54,249.54,249.39,249.52,4870
2026-01-12 18:30:00,249.47,249.505,249.38,249.47,3863
2026-01-12 18:35:00,249.42,249.61,249.38,249.55,4480
2026-01-12 18:40:00,249.62,249.67,249.48,249.63,9384
2026-01-12 18:45:00,249.63,250.03,249.63,249.99,11119
2026-01-12 18:50:00,249.93,250.545,249.85,250.545,7526
2026-01-12 18:55:00,250.41,250.425,250.08,250.08,6937
2026-01-12 19:00:00,250.135,250.145,249.83,249.94,4353
2026-01-12 19:05:00,249.95,250.05,249.87,250.005,16988
2026-01-12 19:10:00,249.9875,249.9875,249.78,249.875,5773
2026-01-12 19:15:00,249.84,250.03,249.73,249.8167,7323
2026-01-12 19:20:00,249.805,249.87,249.74,249.805,1852
2026-01-12 19:25:00,249.74,249.905,249.625,249.66,17274
2026-01-12 19:30:00,249.64,250.1,249.57,249.9,5376
2026-01-12 19:35:00,249.92,250.045,249.82,249.955,3407
2026-01-12 19:40:00,249.935,250.03,249.8,249.925,5326
2026-01-12 19:45:00,249.925,250.03,249.84,249.84,3497
2026-01-12 19:50:00,249.94,250.0,249.87,249.96,2527
2026-01-12 19:55:00,249.91,249.92,249.58,249.75,9914
2026-01-12 20:00:00,249.725,250.1,249.61,250.1,21894
2026-01-12 20:05:00,250.01,250.42,249.95,250.215,11298
2026-01-12 20:10:00,250.18,250.31,249.905,249.97,13358
2026-01-12 20:15:00,249.965,250.14,249.9,250.015,16519
2026-01-12 20:20:00,249.94,250.0,249.78,249.94,4607
2026-01-12 20:25:00,249.94,249.9947,249.62,249.67,7654
2026-01-12 20:30:00,249.625,249.635,249.35,249.44,16628
2026-01-12 20:35:00,249.44,249.5,249.11,249.435,23807
2026-01-12 20:40:00,249.435,250.23,249.435,249.87,13503
2026-01-12 20:45:00,249.9,250.0,249.55,249.64,45553
2026-01-12 20:50:00,249.79,250.18,249.725,250.18,50965
2026-01-12 20:55:00,250.175,250.47,249.95,250.315,90674
2026-01-13 14:30:00,251.4,252.18,250.925,252.04,18015
2026-01-13 14:35:00,250.61,251.43,250.45,250.68,3426
2026-01-13 14:40:00,250.8807,250.8807,249.47,249.47,8663
2026-01-13 14:45:00,249.65,250.23,249.38,250.17,10770
2026-01-13 14:50:00,250.08,250.75,250.075,250.33,2535
2026-01-13 14:55:00,250.43,250.69,250.27,250.59,4970
2026-01-13 15:00:00,250.59,251.1,250.37,250.84,3379
2026-01-13 15:05:00,250.955,251.13,250.62,251.13,5846
2026-01-13 15:10:00,250.88,250.96,249.92,250.685,29563
2026-01-13 15:15:00,250.53,250.89,250.31,250.72,3329
2026-01-13 15:20:00,250.49,251.23,250.49,250.96,3642
2026-01-13 15:25:00,250.84,251.04,250.6,250.775,4066
2026-01-13 15:30:00,250.62,251.61,250.62,251.33,14318
2026-01-13 15:35:00,251.3,251.67,251.23,251.31,42098
2026-01-13 15:40:00,251.31,251.4,250.88,250.88,7834
2026-01-13 15:45:00,250.88,250.88,250.6,250.6,3872
2026-01-13 15:50:00,250.6,251.035,250.6,250.725,10138
2026-01-13 15:55:00,250.75,250.75,250.28,250.28,3871
2026-01-13 16:00:00,250.31,250.375,249.88,250.13,35007
2026-01-13 16:05:00,250.105,250.29,249.69,249.95,37241
2026-01-13 16:10:00,250.08,250.14,249.8,249.8,4326
2026-01-13 16:15:00,249.8,250.1,249.72,250.1,5776
2026-01-13 16:20:00,250.05,250.08,249.68,249.875,4777
2026-01-13 16:25:00,249.875,249.875,249.41,249.57,8513
2026-01-13 16:30:00,249.45,249.59,249.4,249.52,8519
2026-01-13 16:35:00,249.52,249.71,249.25,249.71,24029
2026-01-13 16:40:00,249.755,250.06,249.62,249.765,11622
2026-01-13 16:45:00,249.77,250.57,249.68,250.395,26131
2026-01-13 16:50:00,250.44,250.685,250.24,250.245,17120
2026-01-13 16:55:00,250.245,250.355,249.97,250.3275,9082
2026-01-13 17:00:00,250.345,250.855,250.22,250.52,6529
2026-01-13 17:05:00,250.67,250.67,249.93,250.005,27192
2026-01-13 17:10:00,250.0,250.36,249.95,250.36,36733
2026-01-13 17:15:00,250.48,250.63,250.29,250.29,6253
2026-01-13 17:20:00,250.385,250.68,250.135,250.205,33672
2026-01-13 17:25:00,250.2,250.43,250.03,250.43,5558
2026-01-13 17:30:00,250.41,250.81,250.29,250.81,5535
2026-01-13 17:35:00,250.88,250.88,250.28,250.42,4022
2026-01-13 17:40:00,250.28,250.42,249.73,249.82,10309
2026-01-13 17:45:00,250.05,250.05,249.85,249.89,1009
2026-01-13 17:50:00,249.995,250.0,249.88,249.985,2861
2026-01-13 17:55:00,249.985,250.26,249.88,249.98,8103
2026-01-13 18:00:00,250.005,250.12,249.19,249.44,12225
2026-01-13 18:05:00,249.44,249.4572,249.015,249.015,11003
2026-01-13 18:10:00,249.015,249.015,248.73,248.89,3358
2026-01-13 18:15:00,248.74,249.07,248.74,248.995,3365
2026-01-13 18:20:00,249.065,249.41,249.06,249.36,2269
2026-01-13 18:25:00,249.23,249.235,248.395,248.485,45769
2026-01-13 18:30:00,248.56,248.56,248.2,248.425,2898
2026-01-13 18:35:00,248.425,249.51,248.29,249.45,25272
2026-01-13 18:40:00,249.45,249.91,249.16,249.91,4209
2026-01-13 18:45:00,250.12,250.14,249.6,249.895,46645
2026-01-13 18:50:00,249.9,250.08,249.78,250.0,3294
2026-01-13 18:55:00,250.0,250.63,249.92,250.3,11345
2026-01-13 19:00:00,250.38,250.59,250.24,250.31,5477
2026-01-13 19:05:00,250.23,251.38,250.14,251.38,7837
2026-01-13 19:10:00,251.46,251.79,250.935,250.935,10750
2026-01-13 19:15:00,250.935,250.99,250.76,250.99,1871
2026-01-13 19:20:00,250.77,251.03,250.59,250.755,13009
2026-01-13 19:25:00,250.73,251.37,250.45,250.92,109977
2026-01-13 19:30:00,250.93,251.48,250.93,251.035,17402
2026-01-13 19:35:00,251.18,251.18,250.7,250.72,10714
2026-01-13 19:40:00,250.72,251.55,250.6501,251.39,39999
2026-01-13 19:45:00,251.54,251.98,251.395,251.68,29967
2026-01-13 19:50:00,251.58,252.2,251.54,252.025,29268
2026-01-13 19:55:00,252.16,252.73,252.05,252.415,34417
2026-01-13 20:00:00,252.37,253.07,252.29,252.83,10827
2026-01-13 20:05:00,252.81,252.86,252.35,252.64,8340
2026-01-13 20:10:00,252.64,252.64,252.18,252.205,11280
2026-01-13 20:15:00,252.12,252.4,252.03,252.36,26223
2026-01-13 20:20:00,252.36,252.36,252.09,252.17,9631
2026-01-13 20:25:00,252.11,252.415,252.1,252.285,32877
2026-01-13 20:30:00,252.265,252.81,252.12,252.12,22765
2026-01-13 20:35:00,252.15,252.5,252.07,252.49,38863
2026-01-13 20:40:00,252.49,252.74,252.16,252.4,32130
2026-01-13 20:45:00,252.63,253.01,252.305,252.98,54200
2026-01-13 20:50:00,252.79,254.73,252.71,253.46,44172
2026-01-13 20:55:00,253.31,254.45,253.31,253.97,170761
2026-01-14 14:30:00,254.65,256.69,253.5615,255.455,27326
2026-01-14 14:35:00,255.87,257.495,255.59,256.6,33009
2026-01-14 14:40:00,256.6138,259.07,256.48,258.76,32657
2026-01-14 14:45:00,258.7,259.28,258.59,259.21,6168
2026-01-14 14:50:00,259.205,259.62,258.74,259.545,20677
2026-01-14 14:55:00,259.73,260.0,258.74,259.055,14156
2026-01-14 15:00:00,258.78,260.45,258.61,260.19,9479
2026-01-14 15:05:00,260.19,260.19,259.05,259.26,4193
2026-01-14 15:10:00,259.27,260.02,258.98,259.76,12752
2026-01-14 15:15:00,259.675,260.33,259.0,259.4625,10659
2026-01-14 15:20:00,259.54,260.17,259.53,260.02,5467
2026-01-14 15:25:00,260.015,260.16,258.925,259.175,17749
2026-01-14 15:30:00,259.17,259.17,258.35,258.63,11127
2026-01-14 15:35:00,258.67,259.28,258.47,258.65,13336
2026-01-14 15:40:00,258.685,258.815,257.84,257.84,18623
2026-01-14 15:45:00,257.885,258.05,257.66,257.92,21680
2026-01-14 15:50:00,257.92,258.67,257.88,258.67,17615
2026-01-14 15:55:00,258.66,258.91,258.43,258.89,16997
2026-01-14 16:00:00,258.88,259.0,258.54,258.66,7833
2026-01-14 16:05:00,258.655,259.41,258.65,259.185,4586
2026-01-14 16:10:00,259.185,259.79,259.185,259.58,5436
2026-01-14 16:15:00,259.57,259.6,259.431,259.58,2732
2026-01-14 16:20:00,259.58,260.33,259.5,260.225,50328
2026-01-14 16:25:00,260.14,260.32,259.75,259.915,14113
2026-01-14 16:30:00,259.915,260.97,259.715,260.47,12082
2026-01-14 16:35:00,260.625,260.88,260.25,260.75,5254
2026-01-14 16:40:00,260.755,260.755,259.95,260.02,5499
2026-01-14 16:45:00,260.005,260.215,259.7,259.7,14614
2026-01-14 16:50:00,259.75,260.125,259.625,260.125,16721
2026-01-14 16:55:00,260.05,260.24,259.39,259.625,6343
2026-01-14 17:00:00,259.625,260.78,259.54,260.6875,11641
2026-01-14 17:05:00,260.69,260.86,260.36,260.425,4989
2026-01-14 17:10:00,260.415,260.97,260.28,260.65,12845
2026-01-14 17:15:00,260.16,260.775,260.15,260.515,3687
2026-01-14 17:20:00,260.66,260.895,260.2,260.315,8541
2026-01-14 17:25:00,260.315,260.32,259.96,260.05,3541
2026-01-14 17:30:00,260.055,260.21,259.86,260.2,18222
2026-01-14 17:35:00,260.26,260.33,259.97,260.06,20397
2026-01-14 17:40:00,260.0,260.265,259.93,260.26,12256
2026-01-14 17:45:00,260.26,260.44,260.07,260.43,2565
2026-01-14 17:50:00,260.26,260.36,259.86,260.025,10446
2026-01-14 17:55:00,260.22,260.22,259.88,260.15,7282
2026-01-14 18:00:00,260.03,260.38,260.03,260.38,1231
2026-01-14 18:05:00,260.39,260.39,260.04,260.04,2833
2026-01-14 18:10:00,260.145,260.26,259.93,260.26,3335
2026-01-14 18:15:00,260.26,260.26,259.95,260.095,7844
2026-01-14 18:20:00,260.095,260.095,259.355,259.565,4619
2026-01-14 18:25:00,259.57,259.77,259.3,259.66,14568
2026-01-14 18:30:00,259.63,259.675,259.37,259.495,3624
2026-01-14 18:35:00,259.485,259.6875,259.33,259.5325,2321
2026-01-14 18:40:00,259.34,260.05,259.33,259.94,6888
2026-01-14 18:45:00,259.77,259.975,259.41,259.63,19605
2026-01-14 18:50:00,259.63,259.63,259.37,259.53,3600
2026-01-14 18:55:00,259.43,259.86,259.22,259.86,7838
2026-01-14 19:00:00,259.865,260.25,259.865,259.98,4112
2026-01-14 19:05:00,259.98,260.33,259.98,260.29,2526
2026-01-14 19:10:00,260.2315,260.35,259.8,259.89,8394
2026-01-14 19:15:00,259.795,260.28,259.795,260.21,6569
2026-01-14 19:20:00,260.35,260.35,259.88,259.88,4367
2026-01-14 19:25:00,259.995,260.17,259.8,259.875,11535
2026-01-14 19:30:00,259.88,259.88,259.64,259.74,11900
2026-01-14 19:35:00,259.74,259.74,259.06,259.15,13384
2026-01-14 19:40:00,259.12,259.29,259.05,259.165,5780
2026-01-14 19:45:00,259.2307,259.33,259.0,259.17,8414
2026-01-14 19:50:00,259.215,259.37,259.02,259.29,13376
2026-01-14 19:55:00,259.29,259.89,259.22,259.79,6014
2026-01-14 20:00:00,259.72,260.04,259.515,260.04,8003
2026-01-14 20:05:00,260.28,260.42,260.2328,260.3,2925
2026-01-14 20:10:00,260.3,260.31,259.695,259.76,16493
2026-01-14 20:15:00,259.91,259.975,259.75,259.85,5027
2026-01-14 20:20:00,259.85,260.2212,259.52,260.2212,11616
2026-01-14 20:25:00,260.22,260.32,259.82,259.905,18643
2026-01-14 20:30:00,259.91,260.245,259.74,260.2,27238
2026-01-14 20:35:00,260.215,260.49,259.88,259.99,16383
2026-01-14 20:40:00,259.985,260.1,259.69,259.895,41296
2026-01-14 20:45:00,259.86,259.93,259.475,259.815,48852
2026-01-14 20:50:00,259.94,261.06,259.875,261.05,54011
2026-01-14 20:55:00,261.05,262.07,260.9,262.01,128227
2026-01-15 14:30:00,263.63,263.73,263.0,263.685,8242
2026-01-15 14:35:00,263.195,263.58,262.86,263.3,4562
2026-01-15 14:40:00,262.9069,263.54,262.325,262.325,2891
2026-01-15 14:45:00,262.48,263.43,262.43,263.43,3374
2026-01-15 14:50:00,263.115,263.53,262.21,262.245,9192
2026-01-15 14:55:00,262.03,262.7,261.88,262.415,6156
2026-01-15 15:00:00,262.68,263.21,262.56,262.985,6175
2026-01-15 15:05:00,263.23,263.24,262.78,263.24,3706
2026-01-15 15:10:00,263.345,263.345,263.04,263.2,2174
2026-01-15 15:15:00,263.555,263.555,263.18,263.415,2748
2026-01-15 15:20:00,263.13,263.7,262.94,263.18,8514
2026-01-15 15:25:00,263.395,263.425,263.12,263.41,3461
2026-01-15 15:30:00,263.4,263.4,263.26,263.39,2274
2026-01-15 15:35:00,263.39,263.78,263.14,263.265,8357
2026-01-15 15:40:00,263.44,263.68,263.37,263.68,2079
2026-01-15 15:45:00,263.63,263.78,263.43,263.59,2256
2026-01-15 15:50:00,263.6,263.75,263.46,263.61,1681
2026-01-15 15:55:00,263.75,264.0,263.685,263.885,3493
2026-01-15 16:00:00,263.99,264.17,263.575,263.68,5851
2026-01-15 16:05:00,263.71,264.19,263.71,264.095,3112
2026-01-15 16:10:00,264.1,264.61,264.085,264.61,2604
2026-01-15 16:15:00,264.585,264.99,264.55,264.72,3865
2026-01-15 16:20:00,265.0,265.4,264.89,265.4,6620
2026-01-15 16:25:00,265.4,265.69,265.23,265.44,4919
2026-01-15 16:30:00,265.44,265.44,265.0501,265.2328,3092
2026-01-15 16:35:00,265.24,265.66,265.24,265.54,4470
2026-01-15 16:40:00,265.63,265.63,265.282,265.425,2555
2026-01-15 16:45:00,265.42,265.65,265.42,265.65,1594
2026-01-15 16:50:00,265.45,265.65,265.43,265.475,2423
2026-01-15 16:55:00,265.475,265.62,265.39,265.465,1778
2026-01-15 17:00:00,265.61,265.97,265.6,265.96,5917
2026-01-15 17:05:00,265.95,266.2,265.835,266.19,4408
2026-01-15 17:10:00,266.2,266.2,265.85,266.05,5447
2026-01-15 17:15:00,266.05,266.44,265.82,266.44,3856
2026-01-15 17:20:00,266.41,266.44,266.135,266.245,4936
2026-01-15 17:25:00,266.39,266.92,266.245,266.92,4899
2026-01-15 17:30:00,266.835,266.97,266.58,266.91,2840
2026-01-15 17:35:00,267.035,267.3,266.98,267.11,5483
2026-01-15 17:40:00,267.105,267.5,267.0,267.47,3644
2026-01-15 17:45:00,267.49,267.66,267.255,267.4,8477
2026-01-15 17:50:00,267.33,267.37,266.93,267.07,4138
2026-01-15 17:55:00,267.072,267.14,266.55,266.57,5530
2026-01-15 18:00:00,266.69,266.92,266.565,266.92,1372
2026-01-15 18:05:00,267.07,267.12,266.86,267.06,2332
2026-01-15 18:10:00,267.07,267.13,266.89,267.08,1731
2026-01-15 18:15:00,267.13,267.27,266.8,267.17,3005
2026-01-15 18:20:00,267.19,267.21,266.95,267.02,1689
2026-01-15 18:25:00,267.21,267.47,267.18,267.34,2636
2026-01-15 18:30:00,267.51,267.52,267.07,267.07,1674
2026-01-15 18:35:00,267.5,267.52,267.305,267.49,2307
2026-01-15 18:40:00,267.45,267.46,266.8,267.07,19077
2026-01-15 18:45:00,267.315,267.42,267.17,267.39,3986
2026-01-15 18:50:00,267.23,267.52,267.1,267.155,3617
2026-01-15 18:55:00,267.15,267.45,267.015,267.28,5586
2026-01-15 19:00:00,267.41,267.73,267.27,267.58,7315
2026-01-15 19:05:00,267.575,268.02,267.54,268.01,4162
2026-01-15 19:10:00,268.03,268.26,267.84,268.15,2903
2026-01-15 19:15:00,268.14,268.24,267.8862,268.19,3164
2026-01-15 19:20:00,268.2,268.34,267.82,268.0,8284
2026-01-15 19:25:00,268.05,268.07,267.8714,267.94,3445
2026-01-15 19:30:00,267.94,268.065,267.46,267.9,37514
2026-01-15 19:35:00,268.04,268.04,267.14,267.39,6731
2026-01-15 19:40:00,267.41,267.54,267.3,267.34,3563
2026-01-15 19:45:00,267.345,267.54,267.18,267.325,3200
2026-01-15 19:50:00,267.32,267.5,267.08,267.17,5678
2026-01-15 19:55:00,267.17,267.4,267.135,267.225,3075
2026-01-15 20:00:00,267.09,267.9,267.06,267.88,9450
2026-01-15 20:05:00,267.78,267.88,267.49,267.585,3395
2026-01-15 20:10:00,267.69,267.83,267.53,267.78,12899
2026-01-15 20:15:00,267.81,267.82,267.47,267.563,10484
2026-01-15 20:20:00,267.65,268.7,267.46,268.62,21062
2026-01-15 20:25:00,268.635,268.65,268.35,268.565,11968
2026-01-15 20:30:00,268.64,269.15,268.585,269.06,14666
2026-01-15 20:35:00,269.14,269.28,268.71,269.025,19024
2026-01-15 20:40:00,269.025,269.36,269.02,269.05,17875
2026-01-15 20:45:00,269.03,269.39,268.96,269.39,23497
2026-01-15 20:50:00,269.16,269.52,269.09,269.435,47269
2026-01-15 20:55:00,269.43,269.5,268.82,268.83,153152
2026-01-16 14:30:00,267.09,267.9575,266.72,266.76,44671
2026-01-16 14:35:00,266.76,267.25,266.75,266.75,1140
2026-01-16 14:40:00,267.02,267.15,266.8511,266.8511,849
2026-01-16 14:45:00,267.64,267.96,266.8,267.3525,9412
2026-01-16 14:50:00,266.985,267.61,266.985,267.6,4948
2026-01-16 14:55:00,267.6,267.6,267.0773,267.2,3126
2026-01-16 15:00:00,267.43,267.62,266.518,267.04,10898
2026-01-16 15:05:00,267.055,267.055,265.86,266.36,5139
2026-01-16 15:10:00,266.38,267.32,266.215,266.96,11142
2026-01-16 15:15:00,266.96,267.21,266.65,267.01,7749
2026-01-16 15:20:00,266.97,267.54,266.75,267.54,3470
2026-01-16 15:25:00,267.55,268.0,267.05,268.0,5626
2026-01-16 15:30:00,267.975,267.975,267.29,267.48,16734
2026-01-16 15:35:00,267.445,267.78,267.44,267.56,3195
2026-01-16 15:40:00,267.5277,267.75,266.98,267.535,8882
2026-01-16 15:45:00,267.52,267.63,267.23,267.63,3611
2026-01-16 15:50:00,267.44,267.74,267.15,267.2,10907
2026-01-16 15:55:00,267.21,267.33,266.85,267.15,17901
2026-01-16 16:00:00,267.17,267.64,267.1,267.64,11653
2026-01-16 16:05:00,267.595,268.27,267.595,267.9631,6966
2026-01-16 16:10:00,268.09,268.52,268.09,268.52,20378
2026-01-16 16:15:00,268.55,269.12,268.49,268.95,7779
2026-01-16 16:20:00,269.01,269.24,268.71,269.0,10059
2026-01-16 16:25:00,269.04,269.04,268.48,268.82,5907
2026-01-16 16:30:00,268.82,269.74,268.7,269.73,9871
2026-01-16 16:35:00,269.73,269.925,269.25,269.25,11563
2026-01-16 16:40:00,269.2,269.61,269.0,269.49,5847
2026-01-16 16:45:00,269.485,269.66,269.31,269.31,2744
2026-01-16 16:50:00,269.475,269.71,269.47,269.7,1966
2026-01-16 16:55:00,269.68,269.775,269.41,269.595,17157
2026-01-16 17:00:00,269.595,269.595,269.3,269.425,10393
2026-01-16 17:05:00,269.42,269.7,269.13,269.21,11644
2026-01-16 17:10:00,269.19,269.51,269.19,269.385,5057
2026-01-16 17:15:00,269.495,270.29,269.27,270.29,14975
2026-01-16 17:20:00,270.195,270.3,269.95,270.125,6477
2026-01-16 17:25:00,269.91,270.14,269.88,270.02,6843
2026-01-16 17:30:00,270.11,270.22,269.93,270.22,9268
2026-01-16 17:35:00,270.26,270.54,270.22,270.53,6676
2026-01-16 17:40:00,270.47,270.65,270.38,270.62,4478
2026-01-16 17:45:00,270.64,270.64,270.07,270.49,10674
2026-01-16 17:50:00,270.4725,270.51,270.25,270.5,4597
2026-01-16 17:55:00,270.455,270.67,270.33,270.34,5011
2026-01-16 18:00:00,270.34,270.3755,270.2,270.245,1952
2026-01-16 18:05:00,270.3899,270.44,270.22,270.265,3463
2026-01-16 18:10:00,270.22,270.22,269.865,270.11,5048
2026-01-16 18:15:00,270.13,270.405,270.13,270.26,3250
2026-01-16 18:20:00,270.23,270.23,269.875,269.89,3733
2026-01-16 18:25:00,269.95,269.96,269.8,269.845,4082
2026-01-16 18:30:00,269.845,270.195,269.845,270.18,5534
2026-01-16 18:35:00,270.18,270.28,269.85,269.85,2490
2026-01-16 18:40:00,269.84,270.02,269.81,270.0,3491
2026-01-16 18:45:00,269.97,269.99,269.51,269.51,2627
2026-01-16 18:50:00,269.53,269.6,269.33,269.38,1351
2026-01-16 18:55:00,269.355,269.36,269.06,269.06,1526
2026-01-16 19:00:00,269.1725,269.6599,269.1725,269.65,3178
2026-01-16 19:05:00,269.63,269.63,269.23,269.4899,1771
2026-01-16 19:10:00,269.26,269.49,268.86,269.49,3243
2026-01-16 19:15:00,269.52,270.24,269.52,270.24,3164
2026-01-16 19:20:00,270.23,270.77,270.2,270.38,11014
2026-01-16 19:25:00,270.41,270.5,269.86,270.185,20802
2026-01-16 19:30:00,270.3,270.91,270.14,270.68,27457
2026-01-16 19:35:00,270.8,271.14,270.68,271.05,4205
2026-01-16 19:40:00,271.08,271.36,270.94,271.23,4989
2026-01-16 19:45:00,271.29,271.6,271.24,271.58,4956
2026-01-16 19:50:00,271.58,271.61,270.9,271.15,12618
2026-01-16 19:55:00,271.145,271.28,271.009,271.25,5270
2026-01-16 20:00:00,271.24,271.41,270.9501,271.255,14858
2026-01-16 20:05:00,271.25,271.43,271.15,271.33,6353
2026-01-16 20:10:00,271.33,271.43,270.91,271.085,9423
2026-01-16 20:15:00,271.08,271.08,270.62,270.97,12390
2026-01-16 20:20:00,270.95,271.03,270.64,270.72,6773
2026-01-16 20:25:00,270.72,271.24,270.675,271.145,18499
2026-01-16 20:30:00,270.945,270.945,270.12,270.31,14498
2026-01-16 20:35:00,270.47,270.55,270.13,270.51,13404
2026-01-16 20:40:00,270.555,270.7,270.31,270.48,21783
2026-01-16 20:45:00,270.36,270.525,270.25,270.47,18092
2026-01-16 20:50:00,270.395,270.81,270.3,270.384,31214
2026-01-16 20:55:00,270.335,271.13,270.335,270.97,166151
2026-01-20 14:30:00,268.14,269.4,266.77,268.155,16127
2026-01-20 14:35:00,268.155,269.45,267.08,269.39,4464
2026-01-20 14:40:00,269.3281,270.99,269.3281,270.19,5820
2026-01-20 14:45:00,270.3,271.47,270.3,271.43,7852
2026-01-20 14:50:00,270.8,270.8,270.16,270.56,17070
2026-01-20 14:55:00,270.4679,270.9599,270.052,270.735,11319
2026-01-20 15:00:00,270.665,273.42,270.65,273.22,19316
2026-01-20 15:05:00,273.05,273.275,272.3,272.97,16860
2026-01-20 15:10:00,273.02,273.2,272.76,273.125,6534
2026-01-20 15:15:00,273.125,273.125,272.72,272.995,4703
2026-01-20 15:20:00,273.02,274.52,273.02,274.01,40803
2026-01-20 15:25:00,274.025,274.82,274.025,274.58,6771
2026-01-20 15:30:00,274.75,274.94,274.38,274.46,8787
2026-01-20 15:35:00,275.01,275.37,274.95,275.37,6932
2026-01-20 15:40:00,274.315,274.315,274.31,274.31,21285
2026-01-20 15:45:00,274.3,274.305,273.625,273.91,6199
2026-01-20 15:50:00,273.86,274.57,273.74,273.74,15573
2026-01-20 15:55:00,274.06,274.14,273.905,274.08,7246
2026-01-20 16:00:00,274.11,274.12,273.02,273.1975,17012
2026-01-20 16:05:00,273.07,273.31,272.81,273.2132,6635
2026-01-20 16:10:00,273.33,273.61,273.275,273.5,4465
2026-01-20 16:15:00,273.5,273.95,273.5,273.765,7692
2026-01-20 16:20:00,273.76,273.9899,273.58,273.58,8391
2026-01-20 16:25:00,273.58,274.13,273.565,273.995,5713
2026-01-20 16:30:00,273.995,274.21,273.7701,273.875,8943
2026-01-20 16:35:00,273.875,273.875,273.31,273.75,6477
2026-01-20 16:40:00,273.62,274.38,273.62,274.225,11084
2026-01-20 16:45:00,274.215,274.48,274.21,274.48,3750
2026-01-20 16:50:00,274.49,274.49,273.8028,273.935,10117
2026-01-20 16:55:00,273.93,274.1,273.87,274.0,7956
2026-01-20 17:00:00,273.995,274.5,273.995,274.33,7813
2026-01-20 17:05:00,274.245,274.31,274.145,274.25,3217
2026-01-20 17:10:00,274.13,274.52,274.02,274.33,11873
2026-01-20 17:15:00,274.4,274.495,274.12,274.155,2521
2026-01-20 17:20:00,274.27,274.28,274.0468,274.195,3352
2026-01-20 17:25:00,274.195,274.28,273.92,274.01,10033
2026-01-20 17:30:00,273.995,274.0,273.18,273.59,7563
2026-01-20 17:35:00,273.6,273.78,273.11,273.64,16245
2026-01-20 17:40:00,273.71,274.16,273.71,274.16,8333
2026-01-20 17:45:00,274.04,274.14,273.86,274.14,14507
2026-01-20 17:50:00,274.025,274.43,274.015,274.43,12194
2026-01-20 17:55:00,274.33,274.51,274.22,274.51,3702
2026-01-20 18:00:00,274.395,274.49,274.07,274.44,21698
2026-01-20 18:05:00,274.22,274.64,274.22,274.54,4704
2026-01-20 18:10:00,274.4901,274.93,274.4901,274.805,5649
2026-01-20 18:15:00,274.9,274.925,274.8,274.83,2857
2026-01-20 18:20:00,274.83,274.98,274.73,274.885,7431
2026-01-20 18:25:00,274.84,274.93,274.55,274.55,8482
2026-01-20 18:30:00,274.11,274.53,274.11,274.2404,7088
2026-01-20 18:35:00,274.36,274.58,274.25,274.54,3986
2026-01-20 18:40:00,274.42,274.59,274.25,274.29,7040
2026-01-20 18:45:00,274.21,274.29,272.73,272.985,31923
2026-01-20 18:50:00,272.89,273.12,272.58,272.7699,8572
2026-01-20 18:55:00,272.58,273.42,272.58,273.375,12170
2026-01-20 19:00:00,273.375,274.07,273.34,274.07,21577
2026-01-20 19:05:00,274.065,274.67,274.06,274.67,11502
2026-01-20 19:10:00,274.59,274.77,274.31,274.42,13339
2026-01-20 19:15:00,274.42,274.59,274.37,274.41,10234
2026-01-20 19:20:00,274.51,274.56,274.29,274.56,8906
2026-01-20 19:25:00,274.58,274.78,274.48,274.78,8431
2026-01-20 19:30:00,274.75,274.75,274.31,274.34,10639
2026-01-20 19:35:00,274.21,274.48,274.19,274.4,10007
2026-01-20 19:40:00,274.34,274.41,274.125,274.25,12380
2026-01-20 19:45:00,274.22,274.43,273.72,273.85,20653
2026-01-20 19:50:00,273.81,273.975,273.658,273.825,10483
2026-01-20 19:55:00,273.825,273.93,273.3975,273.54,10041
2026-01-20 20:00:00,273.545,273.96,273.06,273.96,17053
2026-01-20 20:05:00,273.92,274.04,273.575,273.625,9270
2026-01-20 20:10:00,273.625,273.78,273.33,273.555,8407
2026-01-20 20:15:00,273.67,273.83,273.46,273.725,12795
2026-01-20 20:20:00,273.53,273.62,272.6701,273.03,13542
2026-01-20 20:25:00,273.07,273.24,273.015,273.08,10746
2026-01-20 20:30:00,273.075,273.18,272.82,272.93,11698
2026-01-20 20:35:00,272.93,273.02,272.285,272.285,19023
2026-01-20 20:40:00,272.28,272.38,271.925,271.935,28107
2026-01-20 20:45:00,271.935,272.23,271.87,271.99,25798
2026-01-20 20:50:00,272.01,272.24,271.595,271.675,49251
2026-01-20 20:55:00,271.68,271.91,271.28,271.31,120303
2026-01-21 14:30:00,272.89,274.12,271.92,273.155,9851
2026-01-21 14:35:00,273.14,273.54,271.75,272.08,1440
2026-01-21 14:40:00,271.9,272.23,269.35,270.32,14487
2026-01-21 14:45:00,271.22,271.82,271.085,271.76,1051
2026-01-21 14:50:00,271.46,272.26,271.46,272.26,3027
2026-01-21 14:55:00,272.34,272.69,272.22,272.69,3517
2026-01-21 15:00:00,272.58,272.81,272.21,272.33,11932
2026-01-21 15:05:00,272.4,272.54,271.59,271.79,23137
2026-01-21 15:10:00,271.785,272.55,271.58,272.27,6022
2026-01-21 15:15:00,272.26,272.54,271.82,271.87,4983
2026-01-21 15:20:00,271.88,272.2,271.8046,271.995,4134
2026-01-21 15:25:00,271.96,272.045,271.35,271.775,8082
2026-01-21 15:30:00,271.77,272.23,271.65,271.93,13129
2026-01-21 15:35:00,271.92,272.18,271.905,271.905,1541
2026-01-21 15:40:00,271.65,271.905,270.72,270.775,10584
2026-01-21 15:45:00,270.69,270.98,270.02,270.02,3423
2026-01-21 15:50:00,270.02,271.35,270.02,271.34,4576
2026-01-21 15:55:00,271.42,271.49,271.175,271.175,1346
2026-01-21 16:00:00,271.17,271.17,269.935,269.935,4557
2026-01-21 16:05:00,269.93,269.93,269.4825,269.685,4685
2026-01-21 16:10:00,269.68,269.68,269.3201,269.47,3441
2026-01-21 16:15:00,269.655,269.66,269.33,269.55,2104
2026-01-21 16:20:00,269.76,269.76,269.4,269.7021,2712
2026-01-21 16:25:00,269.535,269.73,269.51,269.535,3248
2026-01-21 16:30:00,269.535,269.76,268.97,269.18,11750
2026-01-21 16:35:00,269.17,269.17,268.705,268.705,2551
2026-01-21 16:40:00,268.9399,269.55,268.9,269.39,5224
2026-01-21 16:45:00,269.435,270.14,269.37,270.03,2498
2026-01-21 16:50:00,270.025,270.03,269.6,269.61,3238
2026-01-21 16:55:00,269.515,269.515,269.39,269.39,1174
2026-01-21 17:00:00,269.35,269.35,268.67,269.04,8321
2026-01-21 17:05:00,269.04,269.25,268.7,268.92,3544
2026-01-21 17:10:00,269.08,269.14,268.7,268.81,2688
2026-01-21 17:15:00,268.805,268.99,268.65,268.99,3670
2026-01-21 17:20:00,268.92,269.49,268.86,269.19,4627
2026-01-21 17:25:00,269.33,269.33,268.9775,268.9775,3192
2026-01-21 17:30:00,268.83,268.955,268.625,268.85,2818
2026-01-21 17:35:00,269.05,269.05,268.68,268.88,1660
2026-01-21 17:40:00,268.895,268.965,268.67,268.685,1955
2026-01-21 17:45:00,268.67,268.83,268.48,268.66,2150
2026-01-21 17:50:00,268.66,269.275,268.62,269.215,7613
2026-01-21 17:55:00,269.07,269.2151,269.07,269.08,2532
2026-01-21 18:00:00,269.16,269.24,268.99,269.01,2750
2026-01-21 18:05:00,269.16,269.17,268.75,268.895,4443
2026-01-21 18:10:00,268.9,269.18,268.79,268.79,3088
2026-01-21 18:15:00,268.77,269.09,268.68,269.09,4036
2026-01-21 18:20:00,269.02,269.21,268.8,268.94,2548
2026-01-21 18:30:00,269.28,269.36,269.2,269.2,8938
2026-01-21 18:35:00,269.34,269.39,269.03,269.03,3146
2026-01-21 18:40:00,269.095,269.095,268.5901,268.89,3124
2026-01-21 18:45:00,268.8,268.95,268.61,268.85,6238
2026-01-21 18:50:00,268.795,268.7974,268.4,268.4,2084
2026-01-21 18:55:00,268.35,268.45,268.14,268.41,2468
2026-01-21 19:00:00,268.46,268.56,268.3,268.3,3902
2026-01-21 19:05:00,268.3475,269.11,268.211,268.845,8231
2026-01-21 19:10:00,268.99,269.15,268.845,269.1,4783
2026-01-21 19:15:00,269.03,269.55,269.02,269.55,2833
2026-01-21 19:20:00,269.48,269.75,269.46,269.64,3780
2026-01-21 19:25:00,269.56,270.39,269.5366,270.24,13948
2026-01-21 19:30:00,270.26,270.52,270.1646,270.1646,5630
2026-01-21 19:35:00,270.43,271.015,270.2625,271.015,3831
2026-01-21 19:40:00,270.8899,271.485,270.8899,271.4425,6688
2026-01-21 19:45:00,271.37,271.38,270.53,270.53,4998
2026-01-21 19:50:00,270.525,270.6183,269.37,269.37,5387
2026-01-21 19:55:00,269.24,269.59,268.23,268.98,26007
2026-01-21 20:00:00,269.225,269.51,268.71,268.835,13961
2026-01-21 20:05:00,268.765,268.765,267.78,267.78,10608
2026-01-21 20:10:00,267.985,268.455,267.71,268.455,11543
2026-01-21 20:15:00,268.455,268.74,268.39,268.688,11532
2026-01-21 20:20:00,268.69,268.72,268.25,268.31,10406
2026-01-21 20:25:00,268.34,268.365,267.932,268.175,8026
2026-01-21 20:30:00,268.3,268.47,267.99,268.27,16231
2026-01-21 20:35:00,268.27,269.19,268.27,269.11,15825
2026-01-21 20:40:00,269.11,269.285,268.88,269.19,20118
2026-01-21 20:45:00,269.1,269.4,268.95,269.02,27520
2026-01-21 20:50:00,269.13,269.32,268.74,268.86,27748
2026-01-21 20:55:00,268.86,269.23,268.81,269.21,95158
2026-01-22 14:30:00,265.61,270.0,265.29,269.68,10489
2026-01-22 14:35:00,269.75,270.2525,268.954,269.79,4351
2026-01-22 14:40:00,269.8208,269.8208,268.49,269.22,6270
2026-01-22 14:45:00,269.215,269.76,269.2,269.34,6665
2026-01-22 14:50:00,269.3,269.51,269.125,269.13,2910
2026-01-22 14:55:00,269.11,269.8,269.105,269.61,3916
2026-01-22 15:00:00,269.84,269.84,269.405,269.645,5573
2026-01-22 15:05:00,269.57,269.69,268.78,268.78,9184
2026-01-22 15:10:00,268.885,269.365,268.66,269.08,7094
2026-01-22 15:15:00,269.36,269.36,268.89,269.0267,5348
2026-01-22 15:20:00,269.45,270.07,269.45,269.96,4427
2026-01-22 15:25:00,269.75,270.59,269.75,270.59,5893
2026-01-22 15:30:00,270.59,270.85,270.4,270.77,10615
2026-01-22 15:35:00,270.765,270.765,270.58,270.59,2467
2026-01-22 15:40:00,270.59,270.83,270.4,270.665,6747
2026-01-22 15:45:00,270.665,271.205,270.665,271.205,6417
2026-01-22 15:50:00,271.245,271.245,270.795,270.8048,5966
2026-01-22 15:55:00,270.8808,271.385,270.795,271.1675,4760
2026-01-22 16:00:00,271.4,271.52,271.22,271.32,3874
2026-01-22 16:05:00,271.32,271.3775,271.01,271.055,2814
2026-01-22 16:10:00,271.055,271.71,270.96,271.312,8664
2026-01-22 16:15:00,271.35,271.35,270.88,271.275,5226
2026-01-22 16:20:00,271.12,271.1642,270.87,270.87,2497
2026-01-22 16:25:00,270.8971,271.06,270.64,270.71,3444
2026-01-22 16:30:00,270.67,270.88,270.655,270.86,1857
2026-01-22 16:35:00,270.855,271.0,270.845,270.945,1590
2026-01-22 16:40:00,270.94,271.18,270.94,271.14,1509
2026-01-22 16:45:00,271.06,271.21,270.635,270.635,5487
2026-01-22 16:50:00,270.78,270.89,270.755,270.78,1085
2026-01-22 16:55:00,270.88,270.89,270.69,270.775,2358
2026-01-22 17:00:00,270.7,270.88,270.59,270.73,2792
2026-01-22 17:05:00,270.79,270.79,270.265,270.545,3472
2026-01-22 17:10:00,270.5575,270.6,270.44,270.495,1927
2026-01-22 17:15:00,270.485,270.52,270.39,270.52,796
2026-01-22 17:20:00,270.4,270.67,270.38,270.63,3109
2026-01-22 17:25:00,270.54,270.69,270.54,270.69,1861
2026-01-22 17:30:00,270.71,270.85,270.68,270.82,7099
2026-01-22 17:35:00,270.765,271.21,270.7625,271.1579,2265
2026-01-22 17:40:00,271.29,271.78,271.29,271.465,4276
2026-01-22 17:45:00,271.465,271.465,271.37,271.45,1182
2026-01-22 17:50:00,271.44,271.55,271.1,271.1,5307
2026-01-22 17:55:00,271.1,271.36,271.02,271.18,6929
2026-01-22 18:00:00,271.205,271.86,271.01,271.505,21832
2026-01-22 18:05:00,271.42,271.4858,270.92,270.92,3878
2026-01-22 18:10:00,270.78,270.78,270.5601,270.57,3172
2026-01-22 18:15:00,270.65,270.65,270.52,270.63,2242
2026-01-22 18:20:00,270.76,270.86,270.57,270.57,3437
2026-01-22 18:25:00,270.52,270.66,270.39,270.4775,4671
2026-01-22 18:30:00,270.53,270.78,270.53,270.725,4026
2026-01-22 18:35:00,270.715,270.78,270.5,270.575,5455
2026-01-22 18:40:00,270.71,270.86,270.58,270.78,4568
2026-01-22 18:45:00,270.77,270.77,270.56,270.575,4431
2026-01-22 18:50:00,270.57,270.62,270.48,270.55,3495
2026-01-22 18:55:00,270.55,270.68,270.54,270.68,3651
2026-01-22 19:00:00,270.68,270.905,270.39,270.905,11374
2026-01-22 19:05:00,270.8525,271.01,270.67,270.845,3278
2026-01-22 19:10:00,270.97,270.98,270.68,270.68,7338
2026-01-22 19:15:00,270.675,270.935,270.63,270.865,4577
2026-01-22 19:20:00,270.865,270.9399,270.7801,270.9087,2287
2026-01-22 19:25:00,270.845,271.2225,270.82,271.2,4435
2026-01-22 19:30:00,271.13,271.6399,270.91,271.41,18184
2026-01-22 19:35:00,271.39,271.63,271.16,271.36,4196
2026-01-22 19:40:00,271.35,271.35,270.57,270.57,7357
2026-01-22 19:45:00,270.5679,270.84,270.525,270.725,5816
2026-01-22 19:50:00,270.725,271.17,270.705,270.845,6885
2026-01-22 19:55:00,270.84,270.9,270.49,270.895,9119
2026-01-22 20:00:00,270.9,270.93,270.69,270.91,3242
2026-01-22 20:05:00,270.91,271.02,270.66,270.975,7772
2026-01-22 20:10:00,270.97,271.19,270.9,271.0525,5895
2026-01-22 20:15:00,271.055,271.52,271.02,271.16,15119
2026-01-22 20:20:00,271.16,271.215,270.86,270.95,26164
2026-01-22 20:25:00,270.95,271.08,270.84,271.07,20160
2026-01-22 20:30:00,270.96,271.11,270.75,271.03,15459
2026-01-22 20:35:00,271.0,271.07,270.67,270.845,11084
2026-01-22 20:40:00,270.92,270.92,270.47,270.595,21119
2026-01-22 20:45:00,270.555,270.71,270.37,270.37,23871
2026-01-22 20:50:00,270.37,270.375,269.65,270.05,34995
2026-01-22 20:55:00,270.02,270.335,269.81,269.83,59516
2026-01-23 14:30:00,269.18,269.88,269.03,269.03,4112
2026-01-23 14:35:00,269.85,270.635,269.775,270.63,4321
2026-01-23 14:40:00,270.92,270.92,270.08,270.08,1570
2026-01-23 14:45:00,269.86,270.79,269.5,269.86,2589
2026-01-23 14:50:00,269.6,269.6,269.02,269.02,1627
2026-01-23 14:55:00,269.025,269.025,268.5951,268.5951,1997
2026-01-23 15:00:00,268.71,268.71,267.86,267.86,2012
2026-01-23 15:05:00,267.655,267.97,267.115,267.115,3607
2026-01-23 15:10:00,267.25,267.9899,267.0,267.64,4499
2026-01-23 15:15:00,267.635,268.025,267.3073,267.445,3634
2026-01-23 15:20:00,267.445,267.62,266.85,266.85,1629
2026-01-23 15:25:00,267.095,267.46,267.07,267.07,2392
2026-01-23 15:30:00,267.07,267.36,266.54,266.78,4198
2026-01-23 15:35:00,266.775,267.09,266.545,267.0868,2818
2026-01-23 15:40:00,267.085,267.09,266.64,266.64,2944
2026-01-23 15:45:00,266.8677,267.4102,266.865,267.39,3699
2026-01-23 15:50:00,267.36,267.456,266.52,266.52,3862
2026-01-23 15:55:00,266.715,266.95,266.54,266.595,2405
2026-01-23 16:00:00,266.45,266.7,266.3,266.3,2356
2026-01-23 16:05:00,266.305,266.52,266.305,266.505,1916
2026-01-23 16:10:00,266.52,266.52,266.02,266.23,5618
2026-01-23 16:15:00,266.025,266.3,266.0001,266.215,2732
2026-01-23 16:20:00,266.02,266.28,265.77,266.24,4030
2026-01-23 16:25:00,266.26,266.27,266.01,266.1,1092
2026-01-23 16:30:00,266.1,266.27,265.99,266.27,1866
2026-01-23 16:35:00,266.14,266.46,266.14,266.3,2874
2026-01-23 16:40:00,266.365,266.67,266.365,266.455,4163
2026-01-23 16:45:00,266.46,266.46,266.25,266.405,1736
2026-01-23 16:50:00,266.425,266.93,266.21,266.865,7941
2026-01-23 16:55:00,266.851,267.135,266.835,267.125,2347
2026-01-23 17:00:00,267.115,267.13,266.78,266.82,4533
2026-01-23 17:05:00,266.8,267.07,266.7867,266.93,2163
2026-01-23 17:10:00,266.93,267.02,266.24,266.35,7007
2026-01-23 17:15:00,266.35,266.67,266.21,266.63,3061
2026-01-23 17:20:00,266.585,266.585,266.11,266.11,2012
2026-01-23 17:25:00,266.11,266.25,266.105,266.25,781
2026-01-23 17:30:00,266.24,266.24,265.9,265.9175,2266
2026-01-23 17:35:00,265.915,266.062,265.81,265.96,2270
2026-01-23 17:40:00,265.92,266.05,265.83,265.985,4266
2026-01-23 17:45:00,265.985,265.985,265.78,265.79,1125
2026-01-23 17:50:00,265.81,266.1099,265.81,265.89,1315
2026-01-23 17:55:00,265.78,265.82,265.43,265.43,3080
2026-01-23 18:00:00,265.42,265.76,265.201,265.64,7257
2026-01-23 18:05:00,265.41,265.42,265.205,265.3675,2528
2026-01-23 18:10:00,265.365,265.56,265.075,265.145,2430
2026-01-23 18:15:00,265.29,265.36,264.795,265.135,7820
2026-01-23 18:20:00,265.13,265.13,265.12,265.12,743
2026-01-23 18:25:00,265.13,265.81,265.13,265.51,2089
2026-01-23 18:30:00,265.8,265.8,265.265,265.485,2165
2026-01-23 18:35:00,265.485,265.77,265.3752,265.645,1845
2026-01-23 18:40:00,265.49,265.77,265.46,265.76,2184
2026-01-23 18:45:00,265.77,265.84,265.57,265.71,4633
2026-01-23 18:50:00,265.695,265.795,265.69,265.69,900
2026-01-23 18:55:00,265.63,265.82,265.57,265.815,3891
2026-01-23 19:00:00,265.815,266.08,265.66,266.08,4183
2026-01-23 19:05:00,266.115,266.255,266.1,266.11,2508
2026-01-23 19:10:00,266.16,266.19,265.99,266.19,3530
2026-01-23 19:15:00,266.035,266.4,266.035,266.335,1308
2026-01-23 19:20:00,266.24,266.4499,266.16,266.26,3519
2026-01-23 19:25:00,266.31,266.45,266.15,266.16,2684
2026-01-23 19:30:00,266.17,266.34,266.09,266.2,3137
2026-01-23 19:35:00,266.2,266.2,265.88,265.88,2474
2026-01-23 19:40:00,265.97,265.97,265.68,265.76,2497
2026-01-23 19:45:00,265.65,266.0,265.45,266.0,4626
2026-01-23 19:50:00,265.95,266.18,265.78,265.99,2032
2026-01-23 19:55:00,265.95,266.33,265.95,266.315,6968
2026-01-23 20:00:00,266.17,266.185,265.65,266.185,5433
2026-01-23 20:05:00,266.18,266.51,266.08,266.37,10078
2026-01-23 20:10:00,266.447,266.56,266.21,266.44,3960
2026-01-23 20:15:00,266.41,266.7,266.41,266.525,2738
2026-01-23 20:20:00,266.67,266.8,266.52,266.78,4932
2026-01-23 20:25:00,266.73,266.78,266.44,266.51,7063
2026-01-23 20:30:00,266.45,266.51,266.19,266.43,6755
2026-01-23 20:35:00,266.4379,266.57,266.235,266.24,7524
2026-01-23 20:40:00,266.235,266.48,266.045,266.08,8826
2026-01-23 20:45:00,266.0875,266.33,266.08,266.1725,17621
2026-01-23 20:50:00,266.175,266.95,266.175,266.48,21744
2026-01-23 20:55:00,266.41,266.8,266.32,266.64,46186
2026-01-26 14:30:00,266.11,268.28,266.11,267.5,10695
2026-01-26 14:35:00,268.23,268.23,267.745,267.88,507
2026-01-26 14:40:00,267.79,268.28,266.85,266.85,2650
2026-01-26 14:45:00,267.155,267.59,266.71,267.58,3918
2026-01-26 14:50:00,267.51,268.67,267.36,268.67,3079
2026-01-26 14:55:00,268.59,268.59,267.98,268.59,4304
2026-01-26 15:00:00,268.92,268.92,268.025,268.28,9213
2026-01-26 15:05:00,268.63,269.13,268.63,269.09,1947
2026-01-26 15:10:00,268.9,269.15,268.03,268.03,5814
2026-01-26 15:15:00,268.02,268.22,267.85,268.2,4208
2026-01-26 15:20:00,268.06,268.86,267.95,268.65,3158
2026-01-26 15:25:00,268.71,268.71,267.97,267.97,4805
2026-01-26 15:30:00,267.97,268.21,267.75,268.205,4103
2026-01-26 15:35:00,268.205,268.205,267.56,267.575,3550
2026-01-26 15:40:00,267.57,267.76,267.48,267.69,3322
2026-01-26 15:45:00,267.69,267.77,267.49,267.57,4361
2026-01-26 15:50:00,267.495,267.495,267.335,267.4,1462
2026-01-26 15:55:00,267.38,267.41,266.98,266.98,2829
2026-01-26 16:00:00,267.01,267.12,266.83,267.03,2677
2026-01-26 16:05:00,267.11,267.11,266.41,266.53,5392
2026-01-26 16:10:00,266.43,266.55,266.3,266.52,1852
2026-01-26 16:15:00,266.43,266.43,265.54,265.645,5818
2026-01-26 16:20:00,265.9277,265.9277,265.63,265.835,2522
2026-01-26 16:25:00,265.835,265.835,265.59,265.74,1938
2026-01-26 16:30:00,265.61,265.74,265.54,265.74,2161
2026-01-26 16:35:00,265.745,265.81,265.56,265.56,1986
2026-01-26 16:40:00,265.58,265.8299,265.405,265.405,3071
2026-01-26 16:45:00,265.48,265.875,265.42,265.87,3755
2026-01-26 16:50:00,265.875,265.89,265.62,265.65,1830
2026-01-26 16:55:00,265.72,265.72,265.43,265.43,1425
2026-01-26 17:00:00,265.58,265.595,265.455,265.59,750
2026-01-26 17:05:00,265.55,265.835,265.55,265.835,1926
2026-01-26 17:10:00,265.85,265.87,265.58,265.86,2283
2026-01-26 17:15:00,265.86,266.12,265.78,265.955,2026
2026-01-26 17:20:00,265.78,266.02,265.7501,266.02,2546
2026-01-26 17:25:00,266.02,266.39,265.91,266.14,8834
2026-01-26 17:30:00,266.145,266.195,265.97,266.09,2722
2026-01-26 17:35:00,266.2,266.25,265.88,266.205,5739
2026-01-26 17:40:00,266.14,266.22,266.09,266.2,2088
2026-01-26 17:45:00,266.2,266.29,266.08,266.13,2221
2026-01-26 17:50:00,266.175,266.205,266.08,266.14,1456
2026-01-26 17:55:00,266.11,266.19,266.0721,266.0721,1885
2026-01-26 18:00:00,266.145,266.22,266.06,266.06,2454
2026-01-26 18:05:00,266.06,266.125,265.86,265.985,2779
2026-01-26 18:10:00,266.005,266.205,265.77,265.905,3575
2026-01-26 18:15:00,265.91,266.16,265.91,266.14,17601
2026-01-26 18:20:00,266.15,266.395,266.0325,266.07,5370
2026-01-26 18:25:00,266.07,266.44,266.07,266.305,2753
2026-01-26 18:30:00,266.46,266.58,266.315,266.46,4858
2026-01-26 18:35:00,266.46,266.46,266.06,266.3,3507
2026-01-26 18:40:00,266.185,266.32,266.18,266.22,1394
2026-01-26 18:45:00,266.235,266.56,266.23,266.4,6122
2026-01-26 18:50:00,266.26,266.345,266.17,266.345,1425
2026-01-26 18:55:00,266.19,266.33,266.09,266.33,3268
2026-01-26 19:00:00,266.33,266.74,265.975,266.74,6430
2026-01-26 19:05:00,266.74,266.75,266.56,266.72,2655
2026-01-26 19:10:00,266.5664,266.91,266.4487,266.4487,4754
2026-01-26 19:15:00,266.44,266.67,266.39,266.4,2540
2026-01-26 19:20:00,266.445,266.69,266.36,266.615,31794
2026-01-26 19:25:00,266.615,266.81,266.48,266.81,9204
2026-01-26 19:30:00,266.9099,267.11,266.76,266.96,3757
2026-01-26 19:35:00,266.96,267.15,266.96,267.095,4043
2026-01-26 19:40:00,267.09,267.25,266.95,266.95,4673
2026-01-26 19:45:00,266.94,267.0448,266.82,266.86,3374
2026-01-26 19:50:00,267.01,267.2,266.985,267.18,2639
2026-01-26 19:55:00,267.085,267.31,267.06,267.24,3346
2026-01-26 20:00:00,267.2,267.2,267.01,267.03,3062
2026-01-26 20:05:00,267.135,267.4,267.135,267.34,3050
2026-01-26 20:10:00,267.235,267.41,267.22,267.285,2477
2026-01-26 20:15:00,267.42,267.45,267.18,267.22,5220
2026-01-26 20:20:00,267.24,267.45,267.2,267.35,2789
2026-01-26 20:25:00,267.35,267.45,267.1,267.145,3988
2026-01-26 20:30:00,267.2,267.5199,267.17,267.445,8117
2026-01-26 20:35:00,267.49,267.61,267.22,267.28,12100
2026-01-26 20:40:00,267.27,267.37,267.12,267.305,7669
2026-01-26 20:45:00,267.31,267.45,267.0727,267.28,18488
2026-01-26 20:50:00,267.38,267.58,267.215,267.51,16956
2026-01-26 20:55:00,267.52,267.58,267.34,267.43,59165
2026-01-27 14:30:00,266.52,267.8699,266.17,267.4852,10876
2026-01-27 14:35:00,267.21,267.62,266.41,267.62,2815
2026-01-27 14:40:00,267.62,268.35,267.1,268.19,3896
2026-01-27 14:45:00,268.19,268.87,268.19,268.73,6800
2026-01-27 14:50:00,268.77,268.93,268.35,268.44,4533
2026-01-27 14:55:00,268.44,268.63,267.985,268.25,7663
2026-01-27 15:00:00,268.2699,268.67,268.0525,268.55,5181
2026-01-27 15:05:00,268.47,268.62,268.255,268.62,6608
2026-01-27 15:10:00,268.3,269.59,268.235,269.59,5382
2026-01-27 15:15:00,269.6,269.81,269.43,269.81,2627
2026-01-27 15:20:00,269.78,270.08,269.41,269.525,10528
2026-01-27 15:25:00,269.3,269.32,268.98,269.275,5004
2026-01-27 15:30:00,269.115,269.115,269.115,269.115,1130
2026-01-27 15:35:00,269.33,269.34,269.04,269.04,1467
2026-01-27 15:40:00,269.17,269.29,268.87,269.28,6611
2026-01-27 15:45:00,269.05,269.05,269.05,269.05,1061
2026-01-27 15:50:00,269.0171,269.34,269.0,269.175,7124
2026-01-27 15:55:00,269.175,269.18,269.01,269.115,3777
2026-01-27 16:00:00,269.115,269.21,268.89,269.02,4257
2026-01-27 16:05:00,268.98,269.15,268.98,269.01,1500
2026-01-27 16:10:00,269.01,269.05,268.8784,268.99,2190
2026-01-27 16:15:00,268.99,269.23,268.9051,269.185,3811
2026-01-27 16:20:00,269.34,269.35,269.055,269.12,1296
2026-01-27 16:25:00,269.2,269.315,269.115,269.2331,2829
2026-01-27 16:30:00,269.1843,269.37,269.1843,269.2519,1010
2026-01-27 16:35:00,269.3,269.36,269.245,269.255,2028
2026-01-27 16:40:00,269.255,269.45,269.2475,269.36,3530
2026-01-27 16:45:00,269.51,269.51,269.3,269.3322,1595
2026-01-27 16:50:00,269.32,269.32,269.09,269.12,3407
2026-01-27 16:55:00,269.175,269.19,268.785,268.79,5608
2026-01-27 17:00:00,268.97,269.215,268.96,269.12,3980
2026-01-27 17:05:00,269.26,269.29,269.06,269.28,2240
2026-01-27 17:10:00,269.195,269.23,269.0001,269.06,2085
2026-01-27 17:15:00,269.15,269.15,268.6,268.8375,6924
2026-01-27 17:20:00,269.0,269.28,268.9,269.075,3162
2026-01-27 17:25:00,269.3,269.505,268.94,269.115,5077
2026-01-27 17:30:00,269.12,269.12,268.82,268.98,3402
2026-01-27 17:35:00,268.85,268.98,268.8275,268.94,4535
2026-01-27 17:40:00,268.935,269.05,268.86,268.995,2508
2026-01-27 17:45:00,268.995,269.3,268.94,269.3,3489
2026-01-27 17:50:00,269.3,269.3,269.19,269.295,3284
2026-01-27 17:55:00,269.1957,269.34,269.115,269.115,2313
2026-01-27 18:00:00,269.11,269.145,268.89,269.01,4407
2026-01-27 18:05:00,268.94,269.02,268.85,268.935,3162
2026-01-27 18:10:00,268.935,269.09,268.93,269.09,1524
2026-01-27 18:15:00,269.04,269.64,269.04,269.64,2537
2026-01-27 18:20:00,269.485,269.79,269.485,269.79,3417
2026-01-27 18:25:00,269.713,269.9,269.713,269.845,5381
2026-01-27 18:30:00,269.92,270.12,269.89,270.12,2978
2026-01-27 18:35:00,270.26,270.295,269.91,269.96,6513
2026-01-27 18:40:00,269.94,269.94,269.82,269.88,3394
2026-01-27 18:45:00,269.885,269.98,269.565,269.5866,6344
2026-01-27 18:50:00,269.67,269.81,269.645,269.76,2592
2026-01-27 18:55:00,269.776,269.88,269.73,269.78,2151
2026-01-27 19:00:00,269.775,270.15,269.775,270.0151,3393
2026-01-27 19:05:00,270.02,270.18,269.7327,270.17,9533
2026-01-27 19:10:00,270.21,270.59,270.165,270.5,10834
2026-01-27 19:15:00,270.59,270.67,270.54,270.545,2758
2026-01-27 19:20:00,270.4201,270.74,270.4201,270.58,12203
2026-01-27 19:25:00,270.575,270.72,270.5,270.59,7803
2026-01-27 19:30:00,270.69,270.72,270.625,270.69,2365
2026-01-27 19:35:00,270.615,271.2,270.59,271.2,6731
2026-01-27 19:40:00,271.02,271.69,271.02,271.48,4980
2026-01-27 19:45:00,271.56,271.73,270.77,271.045,8487
2026-01-27 19:50:00,270.99,270.99,270.54,270.68,6178
2026-01-27 19:55:00,270.68,270.86,270.675,270.85,4182
2026-01-27 20:00:00,270.7,270.86,270.47,270.83,8959
2026-01-27 20:05:00,270.73,270.73,270.035,270.04,7454
2026-01-27 20:10:00,270.04,270.25,269.895,270.1325,4964
2026-01-27 20:15:00,270.13,270.13,269.6942,269.94,7078
2026-01-27 20:20:00,269.96,270.93,269.935,270.93,15157
2026-01-27 20:25:00,270.93,271.18,270.79,270.935,15006
2026-01-27 20:30:00,270.765,271.18,270.765,271.015,14857
2026-01-27 20:35:00,271.015,271.21,270.73,270.88,16192
2026-01-27 20:40:00,270.88,270.97,270.65,270.8,20198
2026-01-27 20:45:00,270.8,271.2,270.706,271.085,26702
2026-01-27 20:50:00,271.085,271.19,270.43,271.19,37236
2026-01-27 20:55:00,271.185,271.35,270.97,271.15,89081
2026-01-28 14:30:00,269.59,272.212,269.59,270.09,7928
2026-01-28 14:35:00,270.42,270.47,269.29,269.29,1332
2026-01-28 14:40:00,269.5958,270.11,268.7,268.82,5445
2026-01-28 14:45:00,269.06,269.5499,268.865,269.045,4222
2026-01-28 14:50:00,269.045,269.13,268.72,268.97,7005
2026-01-28 14:55:00,269.2666,269.57,269.2666,269.345,1396
2026-01-28 15:00:00,269.335,269.67,269.3,269.59,2893
2026-01-28 15:05:00,269.52,269.8,269.27,269.615,4203
2026-01-28 15:10:00,269.49,269.94,269.3958,269.62,4232
2026-01-28 15:15:00,269.87,269.87,269.17,269.37,39927
2026-01-28 15:20:00,269.44,270.0,269.35,269.64,3390
2026-01-28 15:25:00,269.64,269.84,269.4575,269.4575,2561
2026-01-28 15:30:00,269.77,270.19,269.63,270.19,5672
2026-01-28 15:35:00,270.22,270.22,269.44,269.44,6708
2026-01-28 15:40:00,269.57,269.74,269.44,269.65,2020
2026-01-28 15:45:00,269.45,269.9499,269.45,269.675,5876
2026-01-28 15:50:00,269.67,269.7723,269.225,269.225,7220
2026-01-28 15:55:00,269.36,269.63,269.09,269.25,6107
2026-01-28 16:00:00,269.16,269.255,269.05,269.24,5226
2026-01-28 16:05:00,269.185,269.3,269.085,269.195,7222
2026-01-28 16:10:00,269.31,269.47,269.16,269.2,5877
2026-01-28 16:15:00,269.295,269.3,269.06,269.155,7361
2026-01-28 16:20:00,269.155,269.37,268.695,268.74,38382
2026-01-28 16:25:00,268.88,269.56,268.88,269.3999,5375
2026-01-28 16:30:00,269.13,269.4,269.08,269.4,5493
2026-01-28 16:35:00,269.28,269.58,269.28,269.495,2392
2026-01-28 16:40:00,269.425,269.64,269.41,269.64,3312
2026-01-28 16:45:00,269.73,269.89,269.62,269.6501,3784
2026-01-28 16:50:00,269.815,269.815,269.53,269.65,2599
2026-01-28 16:55:00,269.6275,269.95,269.625,269.8751,3556
2026-01-28 17:00:00,269.705,269.705,269.53,269.645,3742
2026-01-28 17:05:00,269.77,269.87,269.5501,269.5501,1975
2026-01-28 17:10:00,269.84,270.11,269.84,270.08,2817
2026-01-28 17:15:00,269.93,270.125,269.93,270.08,1625
2026-01-28 17:20:00,270.075,270.15,269.93,270.065,5075
2026-01-28 17:25:00,269.92,270.19,269.92,270.19,1524
2026-01-28 17:30:00,270.19,270.31,270.036,270.165,2282
2026-01-28 17:35:00,270.17,270.39,270.17,270.36,9702
2026-01-28 17:40:00,270.32,270.44,270.245,270.44,2857
2026-01-28 17:45:00,270.375,270.57,270.365,270.57,17011
2026-01-28 17:50:00,270.53,270.62,270.49,270.62,4280
2026-01-28 17:55:00,270.625,270.805,270.37,270.37,8032
2026-01-28 18:00:00,270.33,270.41,270.03,270.03,2162
2026-01-28 18:05:00,269.97,270.28,269.845,270.2,3111
2026-01-28 18:10:00,270.11,270.275,270.11,270.19,1697
2026-01-28 18:15:00,270.19,270.43,270.19,270.43,3439
2026-01-28 18:20:00,270.43,270.53,270.36,270.36,3119
2026-01-28 18:25:00,270.34,270.36,270.09,270.3,6407
2026-01-28 18:30:00,270.4,270.605,270.4,270.605,1968
2026-01-28 18:35:00,270.63,270.63,270.51,270.56,840
2026-01-28 18:40:00,270.56,270.7,270.53,270.7,3171
2026-01-28 18:45:00,270.68,271.08,270.5525,271.02,11329
2026-01-28 18:50:00,271.02,271.3,270.9,270.975,10423
2026-01-28 18:55:00,270.97,271.06,270.78,270.86,4403
2026-01-28 19:00:00,270.78,270.8,270.575,270.575,2738
2026-01-28 19:05:00,270.67,270.78,270.61,270.77,10156
2026-01-28 19:10:00,270.66,270.715,270.365,270.45,3530
2026-01-28 19:15:00,270.41,270.41,270.341,270.41,1507
2026-01-28 19:20:00,270.425,270.4275,270.11,270.325,8222
2026-01-28 19:25:00,270.2075,270.3377,270.1,270.185,4392
2026-01-28 19:30:00,270.185,271.78,270.07,270.565,15278
2026-01-28 19:35:00,270.87,270.93,270.14,270.31,10963
2026-01-28 19:40:00,270.5,270.52,270.1,270.23,5792
2026-01-28 19:45:00,270.1,270.39,269.925,269.925,12644
2026-01-28 19:50:00,269.92,270.03,269.76,269.78,16556
2026-01-28 19:55:00,269.855,269.87,269.36,269.64,9115
2026-01-28 20:00:00,269.65,269.95,269.5525,269.865,8280
2026-01-28 20:05:00,269.95,270.18,269.86,270.18,11806
2026-01-28 20:10:00,270.15,270.45,270.145,270.25,12374
2026-01-28 20:15:00,270.295,270.64,270.15,270.2,25533
2026-01-28 20:20:00,270.13,270.51,270.13,270.305,13457
2026-01-28 20:25:00,270.245,270.34,270.06,270.115,11536
2026-01-28 20:30:00,270.0539,270.115,269.13,269.18,50209
2026-01-28 20:35:00,269.175,269.34,268.87,269.11,9807
2026-01-28 20:40:00,269.11,269.11,268.505,268.505,19783
2026-01-28 20:45:00,268.51,268.74,267.78,267.8,18797
2026-01-28 20:50:00,267.8,268.84,267.8,268.74,38443
2026-01-28 20:55:00,268.73,268.93,267.9,268.1,115692
2026-01-29 14:30:00,267.82,268.255,266.575,266.85,15688
2026-01-29 14:35:00,267.59,268.82,267.1003,268.35,4913
2026-01-29 14:40:00,268.4106,268.82,268.255,268.26,5481
2026-01-29 14:45:00,268.26,268.99,267.8,268.71,19378
2026-01-29 14:50:00,268.5875,268.96,268.34,268.96,7911
2026-01-29 14:55:00,268.935,269.27,268.89,268.89,2492
2026-01-29 15:00:00,268.875,269.27,268.8,268.815,10846
2026-01-29 15:05:00,268.875,269.12,268.34,268.92,17714
2026-01-29 15:10:00,268.63,268.96,268.41,268.835,9471
2026-01-29 15:15:00,268.99,269.98,268.99,269.57,11717
2026-01-29 15:20:00,269.525,269.77,269.525,269.75,6443
2026-01-29 15:25:00,269.83,269.83,269.28,269.28,2182
2026-01-29 15:30:00,269.44,269.7,269.44,269.47,2303
2026-01-29 15:35:00,269.47,269.7099,269.285,269.475,1482
2026-01-29 15:40:00,269.455,269.49,268.97,268.97,6724
2026-01-29 15:45:00,268.975,269.23,268.86,269.0,7636
2026-01-29 15:50:00,269.2,269.45,269.12,269.33,3877
2026-01-29 15:55:00,269.45,269.72,269.19,269.615,4212
2026-01-29 16:00:00,269.62,269.62,268.79,268.79,4565
2026-01-29 16:05:00,268.79,269.23,268.79,269.19,6123
2026-01-29 16:10:00,269.22,269.74,269.15,269.66,2720
2026-01-29 16:15:00,269.725,269.87,269.35,269.54,8570
2026-01-29 16:20:00,269.415,269.415,269.2186,269.255,2471
2026-01-29 16:25:00,269.1,269.13,268.94,269.095,2260
2026-01-29 16:30:00,268.95,269.11,268.66,268.66,5955
2026-01-29 16:35:00,268.445,268.93,268.445,268.88,4520
2026-01-29 16:40:00,268.875,268.93,268.69,268.69,2258
2026-01-29 16:45:00,268.615,268.75,268.44,268.625,3502
2026-01-29 16:50:00,268.63,268.77,268.5,268.63,5448
2026-01-29 16:55:00,268.58,268.85,268.58,268.79,2148
2026-01-29 17:00:00,268.79,269.0,268.63,269.0,4643
2026-01-29 17:05:00,269.0,269.12,268.7701,269.12,4414
2026-01-29 17:10:00,269.14,269.14,268.96,269.0,1227
2026-01-29 17:15:00,269.015,269.15,268.9,269.12,2453
2026-01-29 17:20:00,269.1499,269.15,268.32,268.47,7434
2026-01-29 17:25:00,268.47,268.765,268.47,268.765,1653
2026-01-29 17:30:00,268.67,268.765,268.665,268.67,2264
2026-01-29 17:35:00,268.5975,268.91,268.491,268.87,2546
2026-01-29 17:40:00,268.86,269.025,268.72,268.845,7006
2026-01-29 17:45:00,268.8375,268.8375,268.47,268.53,4895
2026-01-29 17:50:00,268.37,268.52,268.29,268.42,8041
2026-01-29 17:55:00,268.52,268.7799,268.3825,268.46,6954
2026-01-29 18:00:00,268.37,268.375,267.79,268.31,11271
2026-01-29 18:05:00,268.375,268.43,268.13,268.13,4861
2026-01-29 18:10:00,268.17,268.59,268.085,268.425,8844
2026-01-29 18:15:00,268.425,268.445,268.25,268.335,6345
2026-01-29 18:20:00,268.335,268.525,268.33,268.43,5171
2026-01-29 18:25:00,268.38,268.795,268.27,268.76,5897
2026-01-29 18:30:00,268.76,269.04,268.54,268.565,7618
2026-01-29 18:35:00,268.475,268.83,268.475,268.82,3760
2026-01-29 18:40:00,268.86,269.06,268.83,268.9,2053
2026-01-29 18:45:00,268.98,268.98,268.69,268.92,3533
2026-01-29 18:50:00,268.92,268.97,268.9,268.92,2743
2026-01-29 18:55:00,268.95,269.47,268.93,268.99,6796
2026-01-29 19:00:00,269.0,269.28,268.775,269.1925,4375
2026-01-29 19:05:00,269.195,269.27,268.85,268.85,3311
2026-01-29 19:10:00,268.765,268.93,268.45,268.56,4354
2026-01-29 19:15:00,268.74,269.05,268.65,269.05,4778
2026-01-29 19:20:00,268.97,269.0599,268.71,268.98,7488
2026-01-29 19:25:00,268.935,269.28,268.935,269.27,2914
2026-01-29 19:30:00,269.13,269.6625,268.96,269.27,3629
2026-01-29 19:35:00,269.315,269.83,269.19,269.695,3894
2026-01-29 19:40:00,269.59,269.83,269.58,269.635,4852
2026-01-29 19:45:00,269.61,269.76,269.39,269.39,2238
2026-01-29 19:50:00,269.48,269.69,269.36,269.535,4102
2026-01-29 19:55:00,269.65,269.75,269.33,269.33,3641
2026-01-29 20:00:00,269.395,269.7499,269.395,269.7499,3237
2026-01-29 20:05:00,269.75,269.83,269.56,269.66,11431
2026-01-29 20:10:00,269.59,269.83,269.59,269.65,4159
2026-01-29 20:15:00,269.6,269.78,269.52,269.78,4044
2026-01-29 20:20:00,269.83,269.98,269.64,269.935,11435
2026-01-29 20:25:00,269.91,270.1,269.88,270.03,10479
2026-01-29 20:30:00,270.05,270.1,269.205,269.21,8920
2026-01-29 20:35:00,269.35,269.42,268.805,269.05,21985
2026-01-29 20:40:00,269.05,269.05,268.36,268.9175,18069
2026-01-29 20:45:00,268.9175,269.13,268.74,268.805,19934
2026-01-29 20:50:00,268.92,269.3,268.815,268.88,22889
2026-01-29 20:55:00,268.88,269.83,268.88,269.67,86567
2026-01-30 14:30:00,270.92,272.815,270.92,271.905,7870
2026-01-30 14:35:00,271.66,271.995,271.66,271.97,11410
2026-01-30 14:40:00,272.252,272.48,271.75,271.77,7547
2026-01-30 14:45:00,271.64,271.64,270.16,270.57,11255
2026-01-30 14:50:00,269.91,270.23,269.91,269.915,3803
2026-01-30 14:55:00,269.75,270.19,269.16,269.74,1545
2026-01-30 15:00:00,269.72,269.74,268.985,269.19,4531
2026-01-30 15:05:00,268.68,269.43,268.4901,269.23,4526
2026-01-30 15:10:00,269.255,269.355,269.06,269.25,4990
2026-01-30 15:15:00,269.5782,269.5782,268.388,268.96,2997
2026-02-02 18:45:00,268.76,269.03,268.731,269.03,112094
2026-02-02 18:50:00,268.89,269.22,268.85,269.04,1829
2026-02-02 18:55:00,269.05,269.21,268.88,269.14,2882
2026-02-02 19:00:00,269.18,269.3,268.84,268.845,6312
2026-02-02 19:05:00,268.88,269.055,268.88,268.96,2362
2026-02-02 19:10:00,269.07,269.16,268.91,269.16,2847
2026-02-02 19:15:00,269.04,269.11,268.855,268.975,3170
2026-02-02 19:20:00,268.85,268.97,268.74,268.8,5297
2026-02-02 19:25:00,268.76,268.89,268.62,268.79,4814
2026-02-02 19:30:00,268.62,268.64,268.34,268.41,3268
2026-02-02 19:35:00,268.56,268.64,268.5175,268.5725,3053
2026-02-02 19:40:00,268.5675,268.87,268.5675,268.87,1634
2026-02-02 19:45:00,268.87,269.33,268.87,269.1225,10303
2026-02-02 19:50:00,269.04,269.26,269.04,269.04,3837
2026-02-02 19:55:00,269.04,269.09,268.65,268.73,2977
2026-02-02 20:00:00,268.86,269.27,268.86,269.185,3627
2026-02-02 20:05:00,269.1976,269.31,269.1,269.31,2220
2026-02-02 20:10:00,269.215,269.34,269.07,269.135,3063
2026-02-02 20:15:00,269.13,269.21,268.69,268.695,6384
2026-02-02 20:20:00,268.79,269.26,268.745,269.26,2938
2026-02-02 20:25:00,269.32,269.62,269.26,269.55,6077
2026-02-02 20:30:00,269.476,269.57,269.28,269.295,4870
2026-02-02 20:35:00,269.29,269.39,269.24,269.3,3118
2026-02-02 20:40:00,269.38,269.39,269.18,269.19,8554
2026-02-02 20:45:00,269.235,269.78,269.2011,269.75,12631
2026-02-02 20:50:00,269.75,269.96,269.6,269.83,19674
2026-02-02 20:55:00,269.825,270.395,269.82,270.26,57235
2026-02-03 14:30:00,269.57,271.0,269.545,271.0,3956
2026-02-03 14:35:00,271.88,273.0,271.3761,273.0,1403
2026-02-03 14:40:00,273.69,275.49,273.63,275.49,3665
2026-02-03 14:45:00,274.82,274.83,272.39,273.17,3532
2026-02-03 14:50:00,273.2,273.6021,272.7,273.215,2753
2026-02-03 14:55:00,273.0,273.65,273.0,273.435,1334
2026-02-03 15:00:00,273.62,273.85,273.11,273.215,2501
2026-02-03 15:05:00,273.0,273.3725,272.825,273.09,4060
2026-02-03 15:10:00,273.31,273.37,272.92,273.12,954
2026-02-03 15:15:00,273.13,274.01,273.11,273.685,3753
2026-02-03 15:20:00,274.01,274.22,273.5601,273.865,1222
2026-02-03 15:25:00,273.865,274.16,273.4501,273.8,2749
2026-02-03 15:30:00,273.89,273.89,273.51,273.61,1877
2026-02-03 15:35:00,273.61,273.63,273.03,273.1,1723
2026-02-03 15:40:00,273.17,273.17,272.755,272.79,2258
2026-02-03 15:45:00,272.77,272.78,272.21,272.335,12736
2026-02-03 15:50:00,272.5175,273.46,272.5,273.46,7749
2026-02-03 15:55:00,273.76,273.77,273.28,273.425,2741
2026-02-03 16:00:00,273.65,273.73,273.4725,273.68,2473
2026-02-03 16:05:00,273.7,273.87,273.54,273.82,3104
2026-02-03 16:10:00,273.93,273.93,273.7825,273.91,1106
2026-02-03 16:15:00,273.8,274.09,273.8,274.05,4393
2026-02-03 16:20:00,274.22,274.23,273.55,273.55,5229
2026-02-03 16:25:00,273.53,273.78,273.1,273.32,4429
2026-02-03 16:30:00,273.32,273.32,272.69,272.78,2644
2026-02-03 16:35:00,272.7,273.33,272.64,273.28,9897
2026-02-03 16:40:00,273.27,273.27,272.795,272.795,2060
2026-02-03 16:45:00,272.97,272.97,272.72,272.72,2835
2026-02-03 16:50:00,272.85,272.85,272.0,272.215,9473
2026-02-03 16:55:00,272.01,272.66,271.74,272.65,4084
2026-02-03 17:00:00,272.64,272.64,272.41,272.54,3945
2026-02-03 17:05:00,272.405,272.405,271.875,271.875,2417
2026-02-03 17:10:00,271.67,271.88,271.59,271.66,3684
2026-02-03 17:15:00,271.87,272.11,271.54,271.92,6768
2026-02-03 17:20:00,271.73,271.73,271.4225,271.655,3684
2026-02-03 17:25:00,271.545,272.0522,271.3001,271.77,9297
2026-02-03 17:30:00,271.7,272.0,271.62,271.905,2001
2026-02-03 17:35:00,272.07,272.41,272.07,272.37,2010
2026-02-03 17:40:00,272.41,272.42,272.15,272.29,1078
2026-02-03 17:45:00,272.2755,272.57,272.2755,272.57,1692
2026-02-03 17:50:00,272.72,272.73,272.425,272.425,1402
2026-02-03 17:55:00,272.66,273.07,272.54,272.99,8749
2026-02-03 18:00:00,273.17,273.1774,273.16,273.1774,3499
2026-02-03 18:05:00,273.01,273.24,272.995,273.105,1861
2026-02-03 18:10:00,273.04,273.04,272.74,272.945,1974
2026-02-03 18:15:00,273.0,273.08,272.6,272.6,30991
2026-02-03 18:20:00,272.575,272.6,272.4075,272.4075,1542
2026-02-03 18:25:00,272.44,272.58,271.93,271.93,3858
2026-02-03 18:30:00,272.09,272.13,272.09,272.1,1041
2026-02-03 18:35:00,271.8,271.8,271.61,271.61,1309
2026-02-03 18:40:00,271.595,271.73,271.57,271.685,1181
2026-02-03 18:45:00,271.57,271.625,270.997,271.165,2824
2026-02-03 18:50:00,271.1275,271.31,270.9401,271.31,1009
2026-02-03 18:55:00,271.36,272.15,271.36,271.57,10977
2026-02-03 19:00:00,271.455,271.93,271.4232,271.664,3959
2026-02-03 19:05:00,271.7,271.7,271.09,271.09,1528
2026-02-03 19:10:00,271.085,271.705,271.085,271.705,3441
2026-02-03 19:15:00,271.525,271.525,271.11,271.25,2530
2026-02-03 19:20:00,271.245,271.5,271.245,271.32,3997
2026-02-03 19:25:00,271.2401,271.53,271.2401,271.26,2668
2026-02-03 19:30:00,271.4,271.72,271.36,271.525,2873
2026-02-03 19:35:00,271.53,271.7199,271.2529,271.7199,2005
2026-02-03 19:40:00,271.72,271.95,271.72,271.765,2772
2026-02-03 19:45:00,271.5985,271.695,271.56,271.68,1887
2026-02-03 19:50:00,271.6,271.68,271.335,271.35,1647
2026-02-03 19:55:00,271.4,271.4,270.895,270.895,2052
2026-02-03 20:00:00,270.79,271.22,270.79,271.22,2469
2026-02-03 20:05:00,271.22,271.32,271.07,271.32,2652
2026-02-03 20:10:00,271.305,271.41,270.63,270.63,2944
2026-02-03 20:15:00,270.745,270.77,270.6173,270.7207,2622
2026-02-03 20:20:00,270.82,271.21,270.69,270.775,7390
2026-02-03 20:25:00,270.775,271.07,270.775,271.07,3117
2026-02-03 20:30:00,271.12,271.39,271.068,271.12,13528
2026-02-03 20:35:00,271.13,271.18,270.94,271.01,7709
2026-02-03 20:40:00,271.03,271.44,270.92,270.92,11661
2026-02-03 20:45:00,270.92,271.3,270.775,271.17,20589
2026-02-03 20:50:00,271.26,271.89,271.26,271.86,16009
2026-02-03 20:55:00,271.86,272.36,271.86,272.2,52475
2026-02-04 14:30:00,273.48,274.78,273.14,274.78,6777
2026-02-04 14:35:00,274.14,274.14,272.44,272.71,4069
2026-02-04 14:40:00,272.89,273.17,271.93,272.38,2204
2026-02-04 14:45:00,272.77,273.34,271.975,273.13,3084
2026-02-04 14:50:00,273.48,274.75,273.225,274.31,3115
2026-02-04 14:55:00,274.525,274.73,274.14,274.73,9206
2026-02-04 15:00:00,274.68,274.78,274.04,274.25,3516
2026-02-04 15:05:00,274.145,274.52,274.12,274.45,7946
2026-02-04 15:10:00,274.49,275.03,274.3,275.03,14163
2026-02-04 15:15:00,275.27,275.69,275.05,275.355,6586
2026-02-04 15:20:00,275.52,275.53,274.59,274.725,3738
2026-02-04 15:25:00,274.8,275.0,274.7,274.99,1769
2026-02-04 15:30:00,275.13,275.22,274.79,274.79,6695
2026-02-04 15:35:00,274.62,274.805,274.46,274.7708,2499
2026-02-04 15:40:00,274.66,274.88,274.36,274.88,4026
2026-02-04 15:45:00,275.02,275.23,274.4,274.4,3100
2026-02-04 15:50:00,274.53,274.5674,274.17,274.43,3118
2026-02-04 15:55:00,274.57,274.88,274.57,274.8,4090
2026-02-04 16:00:00,274.83,275.12,274.74,274.88,6386
2026-02-04 16:05:00,274.97,275.04,274.54,274.54,2260
2026-02-04 16:10:00,274.53,274.5375,274.05,274.1,6469
2026-02-04 16:15:00,274.05,274.49,274.05,274.41,3312
2026-02-04 16:20:00,274.29,274.29,273.92,274.075,2323
2026-02-04 16:25:00,274.22,274.42,274.11,274.31,1706
2026-02-04 16:30:00,274.43,274.6,274.29,274.29,2115
2026-02-04 16:35:00,274.28,274.53,274.16,274.45,3631
2026-02-04 16:40:00,274.59,274.72,274.41,274.66,3583
2026-02-04 16:45:00,274.6,274.77,274.32,274.46,4503
2026-02-04 16:50:00,274.53,274.79,274.36,274.36,2725
2026-02-04 16:55:00,274.51,275.05,274.51,275.0,7066
2026-02-04 17:00:00,275.0,275.21,275.0,275.12,1925
2026-02-04 17:05:00,275.115,275.71,275.115,275.71,8444
2026-02-04 17:10:00,275.76,275.85,275.635,275.83,1838
2026-02-04 17:15:00,275.6805,276.2,275.6805,276.04,2688
2026-02-04 17:20:00,276.04,276.24,275.87,276.15,4122
2026-02-04 17:25:00,276.15,276.45,275.76,276.175,5599
2026-02-04 17:30:00,276.175,276.36,276.17,276.175,1122
2026-02-04 17:35:00,276.17,276.74,276.17,276.72,3394
2026-02-04 17:40:00,276.725,276.8,276.66,276.76,4906
2026-02-04 17:45:00,276.675,277.0,276.675,277.0,14114
2026-02-04 17:50:00,276.769,277.01,276.769,276.97,1339
2026-02-04 17:55:00,276.98,277.69,276.98,277.355,11319
2026-02-04 18:00:00,277.295,277.86,277.16,277.6,5843
2026-02-04 18:05:00,277.63,277.8,276.52,276.52,6087
2026-02-04 18:10:00,276.66,276.84,276.63,276.76,2984
2026-02-04 18:15:00,276.6001,276.74,276.43,276.54,3386
2026-02-04 18:20:00,276.555,276.9,276.555,276.69,4683
2026-02-04 18:25:00,276.89,276.98,276.69,276.96,7843
2026-02-04 18:30:00,276.865,276.865,276.7,276.78,1457
2026-02-04 18:35:00,276.745,277.03,276.71,276.985,2418
2026-02-04 18:40:00,277.0254,277.68,277.0254,277.5,12567
2026-02-04 18:45:00,277.4775,277.72,277.4775,277.72,1875
2026-02-04 18:50:00,277.65,277.94,277.65,277.851,2852
2026-02-04 18:55:00,277.84,278.03,277.46,277.46,8155
2026-02-04 19:00:00,277.6,277.94,277.53,277.82,6210
2026-02-04 19:05:00,277.82,277.82,277.48,277.71,2609
2026-02-04 19:10:00,277.575,277.81,277.511,277.78,2840
2026-02-04 19:15:00,277.78,278.12,277.68,277.93,4279
2026-02-04 19:20:00,278.07,278.44,278.07,278.25,13819
2026-02-04 19:25:00,278.25,278.31,278.07,278.25,5794
2026-02-04 19:30:00,278.125,278.37,277.71,277.89,6090
2026-02-04 19:35:00,277.67,277.67,277.21,277.372,2975
2026-02-04 19:40:00,277.34,277.34,276.845,277.01,3768
2026-02-04 19:45:00,276.95,277.14,276.53,276.53,2379
2026-02-04 19:50:00,276.565,277.29,276.485,276.93,8007
2026-02-04 19:55:00,276.705,276.705,276.48,276.53,2665
2026-02-04 20:00:00,276.67,277.25,276.67,277.25,5475
2026-02-04 20:05:00,277.33,277.42,276.73,276.73,4849
2026-02-04 20:10:00,276.825,276.825,276.24,276.51,3036
2026-02-04 20:15:00,276.5,276.86,276.45,276.45,6501
2026-02-04 20:20:00,276.475,276.69,276.23,276.69,7556
2026-02-04 20:25:00,276.67,276.67,276.25,276.335,6079
2026-02-04 20:30:00,276.23,277.26,276.23,277.26,12574
2026-02-04 20:35:00,277.32,277.465,277.21,277.42,9099
2026-02-04 20:40:00,277.37,277.42,277.085,277.11,10116
2026-02-04 20:45:00,277.17,277.32,277.08,277.24,13724
2026-02-04 20:50:00,277.16,277.18,276.05,276.34,19626
2026-02-04 20:55:00,276.295,276.42,276.02,276.23,69602
2026-02-05 14:30:00,276.97,278.49,276.49,276.82,18592
2026-02-05 14:35:00,276.96,277.74,276.03,276.105,4867
2026-02-05 14:40:00,276.3587,276.55,275.155,276.49,4598
2026-02-05 14:45:00,276.76,276.76,275.21,275.74,1401
2026-02-05 14:50:00,275.26,275.67,275.22,275.67,2534
2026-02-05 14:55:00,275.6,276.21,275.335,276.21,7813
2026-02-05 15:00:00,276.49,276.525,276.0125,276.2875,4370
2026-02-05 15:05:00,276.355,276.83,276.23,276.605,4665
2026-02-05 15:10:00,276.36,276.75,275.72,276.62,5947
2026-02-05 15:15:00,276.76,277.4925,276.47,277.215,16220
2026-02-05 15:20:00,277.01,277.43,276.64,276.97,3845
2026-02-05 15:25:00,277.0,277.05,276.795,276.795,1386
2026-02-05 15:30:00,276.795,277.605,276.46,277.18,7277
2026-02-05 15:35:00,277.175,277.175,276.035,276.1,3763
2026-02-05 15:40:00,276.205,276.51,276.025,276.245,4975
2026-02-05 15:45:00,276.295,276.685,275.8,276.475,11018
2026-02-05 15:50:00,276.66,277.1,276.61,276.85,4752
2026-02-05 15:55:00,277.06,277.43,276.855,277.43,4140
2026-02-05 16:00:00,277.25,277.89,277.24,277.89,3498
2026-02-05 16:05:00,277.78,277.94,277.64,277.8,3117
2026-02-05 16:10:00,277.8,277.8,277.32,277.54,4117
2026-02-05 16:15:00,277.56,277.78,277.56,277.68,1978
2026-02-05 16:20:00,277.605,277.605,276.8201,276.8201,5473
2026-02-05 16:25:00,276.84,276.95,276.675,276.675,1561
2026-02-05 16:30:00,276.89,277.71,276.89,277.505,11800
2026-02-05 16:35:00,277.73,277.98,277.6,277.89,3823
2026-02-05 16:40:00,277.89,277.89,277.325,277.5,6230
2026-02-05 16:45:00,277.66,277.99,277.66,277.98,2356
2026-02-05 16:50:00,278.049,278.049,277.39,277.415,4402
2026-02-05 16:55:00,277.2994,277.89,277.2994,277.89,3927
2026-02-05 17:00:00,277.9843,278.19,277.81,278.09,3611
2026-02-05 17:05:00,278.19,278.279,277.86,278.04,2756
2026-02-05 17:10:00,278.059,278.1058,277.91,278.1058,3051
2026-02-05 17:15:00,278.12,278.25,277.7475,277.84,6048
2026-02-05 17:20:00,277.8,278.055,277.72,277.91,8096
2026-02-05 17:25:00,277.97,278.23,277.705,278.23,4662
2026-02-05 17:30:00,278.19,278.19,277.69,277.69,3030
2026-02-05 17:35:00,277.695,277.875,277.695,277.72,1543
2026-02-05 17:40:00,277.745,277.9,277.49,277.62,3371
2026-02-05 17:45:00,277.62,277.62,277.375,277.53,2545
2026-02-05 17:50:00,277.37,277.525,277.12,277.25,3705
2026-02-05 17:55:00,277.22,277.34,277.22,277.34,1625
2026-02-05 18:00:00,277.26,277.26,276.86,277.14,4952
2026-02-05 18:05:00,277.025,277.16,276.835,276.96,4769
2026-02-05 18:10:00,276.96,277.489,276.96,277.489,5721
2026-02-05 18:15:00,277.46,277.4855,277.185,277.185,3151
2026-02-05 18:20:00,277.185,277.36,277.185,277.355,1142
2026-02-05 18:25:00,277.31,277.31,276.835,277.23,10362
2026-02-05 18:30:00,277.24,277.259,276.83,277.0,4867
2026-02-05 18:35:00,276.855,276.99,276.85,276.99,1173
2026-02-05 18:40:00,276.845,277.24,276.84,277.0025,5885
2026-02-05 18:45:00,277.18,277.55,277.03,277.55,5632
2026-02-05 18:50:00,277.63,277.71,277.42,277.515,16709
2026-02-05 18:55:00,277.515,277.515,276.765,276.89,4407
2026-02-05 19:00:00,277.05,277.3552,277.05,277.17,5151
2026-02-05 19:05:00,277.305,277.305,276.99,277.105,2960
2026-02-05 19:10:00,277.1,277.41,277.1,277.21,7565
2026-02-05 19:15:00,277.17,277.4499,277.015,277.345,4342
2026-02-05 19:20:00,277.44,277.7061,277.44,277.7061,4074
2026-02-05 19:25:00,277.75,278.45,277.75,278.45,4096
2026-02-05 19:30:00,278.315,278.56,278.27,278.56,4462
2026-02-05 19:35:00,278.55,278.55,277.84,277.84,6860
2026-02-05 19:40:00,278.03,278.04,277.6901,278.02,1853
2026-02-05 19:45:00,278.02,278.85,278.0,278.49,8570
2026-02-05 19:50:00,278.475,278.475,278.27,278.464,3208
2026-02-05 19:55:00,278.41,278.55,278.255,278.32,3505
2026-02-05 20:00:00,278.28,278.37,277.99,278.005,3146
2026-02-05 20:05:00,278.0661,278.29,278.0661,278.245,7195
2026-02-05 20:10:00,278.165,278.28,278.15,278.28,1785
2026-02-05 20:15:00,278.27,278.27,278.08,278.11,8333
2026-02-05 20:20:00,278.09,278.2,278.09,278.105,4322
2026-02-05 20:25:00,278.105,278.18,277.77,278.04,7981
2026-02-05 20:30:00,278.09,278.33,277.7,277.7625,16939
2026-02-05 20:35:00,277.73,278.03,277.73,277.74,11008
2026-02-05 20:40:00,277.79,278.01,277.735,277.7975,12925
2026-02-05 20:45:00,277.8,277.87,277.49,277.6175,21142
2026-02-05 20:50:00,277.67,278.25,277.67,277.96,27550
2026-02-05 20:55:00,277.96,278.31,277.955,278.24,92277
2026-02-06 14:30:00,278.38,279.085,278.28,279.085,8856
2026-02-06 14:35:00,279.83,281.19,278.9,280.73,7748
2026-02-06 14:40:00,280.55,281.99,280.42,281.6,2424
2026-02-06 14:45:00,281.23,281.28,279.42,279.735,6304
2026-02-06 14:50:00,280.05,280.23,279.7,279.7,5515
2026-02-06 14:55:00,279.85,280.06,279.42,279.75,5640
2026-02-06 15:00:00,280.02,280.91,279.87,280.53,5508
2026-02-06 15:05:00,280.86,281.07,280.535,281.07,3114
2026-02-06 15:10:00,281.07,281.42,280.38,280.38,6368
2026-02-06 15:15:00,280.01,280.055,279.44,279.44,3991
2026-02-06 15:20:00,279.2,279.2,278.395,278.395,2186
2026-02-06 15:25:00,278.43,278.66,277.85,278.0093,3831
2026-02-06 15:40:00,277.54,278.03,277.54,277.8,17552
2026-02-06 15:45:00,278.0,278.04,276.76,276.79,4447
2026-02-06 15:50:00,276.755,276.84,276.67,276.795,2291
2026-02-06 15:55:00,276.595,276.6075,276.37,276.605,11138
2026-02-06 16:00:00,276.275,276.3,276.185,276.185,2949
2026-02-06 16:05:00,276.3,276.32,275.71,276.3,6986
2026-02-06 16:10:00,276.29,276.29,275.51,275.54,4784
2026-02-06 16:15:00,275.72,275.77,275.205,275.65,10077
2026-02-06 16:20:00,275.5775,275.85,275.56,275.71,4397
2026-02-06 16:25:00,275.91,275.91,275.19,275.19,3189
2026-02-06 16:30:00,275.18,275.37,274.87,275.065,4966
2026-02-06 16:35:00,275.065,275.27,274.67,274.775,2510
2026-02-06 16:40:00,274.65,275.38,274.29,275.2,9998
2026-02-06 16:45:00,275.34,275.79,275.26,275.69,3466
2026-02-06 16:50:00,275.69,275.88,275.42,275.745,7542
2026-02-06 16:55:00,275.87,276.49,275.74,276.36,10885
2026-02-06 17:00:00,276.49,276.57,275.975,276.155,4338
2026-02-06 17:05:00,276.16,276.24,275.885,275.885,4652
2026-02-06 17:10:00,275.885,276.12,275.395,275.395,3228
2026-02-06 17:15:00,275.25,275.36,275.035,275.275,4043
2026-02-06 17:20:00,275.48,275.76,275.315,275.5,4139
2026-02-06 17:25:00,275.5,275.515,274.83,275.155,4368
2026-02-06 17:30:00,275.155,275.155,274.6,274.6,2682
2026-02-06 17:35:00,274.4,274.53,274.38,274.48,3782
2026-02-06 17:40:00,274.485,274.485,274.11,274.165,5675
2026-02-06 17:45:00,274.24,274.56,274.1089,274.32,5723
2026-02-06 17:50:00,274.2365,274.55,274.2365,274.42,2150
2026-02-06 17:55:00,274.53,274.55,274.51,274.51,504
2026-02-06 18:00:00,274.25,274.635,274.18,274.46,11171
2026-02-06 18:05:00,274.545,274.545,274.18,274.32,1885
2026-02-06 18:10:00,274.32,275.145,274.22,274.72,6461
2026-02-06 18:15:00,274.58,274.98,274.48,274.49,2144
2026-02-06 18:20:00,274.95,275.15,274.52,275.01,4724
2026-02-06 18:25:00,275.11,275.11,274.53,274.91,2750
2026-02-06 18:30:00,274.9,275.3602,274.56,275.21,5775
2026-02-06 18:35:00,275.39,275.6,275.325,275.45,4532
2026-02-06 18:40:00,275.45,275.83,275.44,275.59,3367
2026-02-06 18:45:00,275.67,275.85,275.605,275.74,2013
2026-02-06 18:50:00,275.85,275.94,275.68,275.79,3862
2026-02-06 18:55:00,275.8,275.81,275.61,275.63,2423
2026-02-06 19:00:00,275.765,275.9,275.63,275.73,5213
2026-02-06 19:05:00,275.69,275.9748,275.66,275.83,4211
2026-02-06 19:10:00,275.73,275.91,275.41,275.425,6324
2026-02-06 19:15:00,275.39,275.57,275.28,275.495,4181
2026-02-06 19:20:00,275.38,275.73,275.38,275.665,5595
2026-02-06 19:25:00,275.77,275.83,275.6,275.76,3458
2026-02-06 19:30:00,275.75,275.84,275.66,275.745,4104
2026-02-06 19:35:00,275.745,276.065,275.74,275.965,8002
2026-02-06 19:40:00,276.065,276.345,275.87,276.21,4441
2026-02-06 19:45:00,276.34,276.58,276.22,276.52,7029
2026-02-06 19:50:00,276.595,276.67,276.45,276.525,2914
2026-02-06 19:55:00,276.44,276.45,276.06,276.16,5165
2026-02-06 20:00:00,276.165,276.68,276.165,276.56,8962
2026-02-06 20:05:00,276.53,277.03,276.53,276.99,6990
2026-02-06 20:10:00,276.965,276.99,276.59,276.8225,8569
2026-02-06 20:15:00,276.68,276.74,276.43,276.48,5519
2026-02-06 20:20:00,276.55,277.09,276.55,277.08,6850
2026-02-06 20:25:00,277.09,277.13,276.7094,276.91,5686
2026-02-06 20:30:00,277.0,277.15,276.86,277.13,7773
2026-02-06 20:35:00,277.11,277.12,276.69,277.075,11272
2026-02-06 20:40:00,277.12,277.14,276.77,276.89,13283
2026-02-06 20:45:00,276.89,277.22,276.89,277.1,12778
2026-02-06 20:50:00,277.1,277.39,276.81,277.19,29385
2026-02-06 20:55:00,277.31,277.72,277.2,277.22,60455
2026-02-09 14:30:00,275.53,276.03,275.53,276.0,11213
2026-02-09 14:35:00,276.0,276.0,274.8044,275.445,1341
2026-02-09 14:40:00,275.245,275.245,273.905,273.905,3617
2026-02-09 14:45:00,273.78,273.87,273.47,273.69,2356
2026-02-09 14:50:00,274.02,274.03,272.845,272.94,3868
2026-02-09 14:55:00,272.89,273.355,272.48,273.355,4798
2026-02-09 15:00:00,273.72,273.94,273.59,273.775,2840
2026-02-09 15:05:00,273.55,274.005,273.17,274.005,3758
2026-02-09 15:10:00,273.72,274.11,273.72,274.11,1626
2026-02-09 15:15:00,273.86,273.86,273.257,273.76,2610
2026-02-09 15:20:00,273.785,274.35,273.785,274.14,1764
2026-02-09 15:25:00,274.24,274.62,274.14,274.35,1458
2026-02-09 15:30:00,274.355,275.125,274.355,275.04,2733
2026-02-09 15:35:00,275.29,275.29,274.8,275.005,4467
2026-02-09 15:40:00,275.14,275.24,275.14,275.2,1565
2026-02-09 15:45:00,275.45,275.5799,275.11,275.5799,2935
2026-02-09 15:50:00,275.41,275.41,274.31,274.38,27849
2026-02-09 15:55:00,274.39,274.67,274.2215,274.46,7123
2026-02-09 16:00:00,274.46,274.675,274.105,274.165,11703
2026-02-09 16:05:00,274.16,274.52,274.16,274.52,2745
2026-02-09 16:10:00,274.52,274.67,274.44,274.52,6878
2026-02-09 16:15:00,274.445,274.66,274.445,274.62,2151
2026-02-09 16:20:00,274.55,275.17,274.54,274.935,7531
2026-02-09 16:25:00,274.915,275.03,274.81,274.95,9386
2026-02-09 16:30:00,274.84,274.955,274.2401,274.435,5230
2026-02-09 16:35:00,274.4325,274.85,274.4,274.74,12335
2026-02-09 16:40:00,274.82,274.83,274.49,274.6,5019
2026-02-09 16:45:00,274.7,274.87,274.63,274.63,3262
2026-02-09 16:50:00,274.72,274.85,274.495,274.57,3852
2026-02-09 16:55:00,274.75,275.08,274.61,274.935,3040
2026-02-09 17:00:00,274.945,275.1,274.68,274.8,4081
2026-02-09 17:05:00,274.67,274.805,274.37,274.4,3467
2026-02-09 17:10:00,274.4,274.5708,274.3843,274.445,2245
2026-02-09 17:15:00,274.505,274.58,274.33,274.4175,3715
2026-02-09 17:20:00,274.37,274.57,274.35,274.485,4649
2026-02-09 17:25:00,274.6,274.675,274.0,274.2,10474
2026-02-09 17:30:00,274.055,274.6,274.055,274.56,7588
2026-02-09 17:35:00,274.66,274.66,274.38,274.425,4399
2026-02-09 17:40:00,274.425,274.705,274.425,274.6,8319
2026-02-09 17:45:00,274.57,274.6,274.465,274.56,1489
2026-02-09 17:50:00,274.565,274.83,274.56,274.75,5239
2026-02-09 17:55:00,274.725,274.83,274.72,274.83,1211
2026-02-09 18:00:00,274.87,275.0,274.76,275.0,3927
2026-02-09 18:05:00,274.93,275.22,274.855,275.115,4509
2026-02-09 18:10:00,275.12,275.19,275.05,275.05,3120
2026-02-09 18:15:00,275.02,275.16,274.87,275.11,5965
2026-02-09 18:20:00,275.11,275.31,275.02,275.31,8977
2026-02-09 18:25:00,275.235,275.28,275.09,275.11,2717
2026-02-09 18:30:00,275.11,275.18,275.02,275.03,3036
2026-02-09 18:35:00,275.13,275.155,274.94,274.985,4701
2026-02-09 18:40:00,274.86,274.87,274.4101,274.555,1943
2026-02-09 18:45:00,274.555,274.58,274.4,274.45,2777
2026-02-09 18:50:00,274.38,274.473,273.97,274.05,4025
2026-02-09 18:55:00,274.01,274.16,273.78,274.04,4074
2026-02-09 19:00:00,274.085,274.085,273.57,273.87,8599
2026-02-09 19:05:00,273.92,274.34,273.82,274.34,11367
2026-02-09 19:10:00,274.305,274.73,274.3,274.475,4480
2026-02-09 19:15:00,274.48,274.72,274.48,274.635,1192
2026-02-09 19:20:00,274.73,275.37,274.635,275.35,4398
2026-02-09 19:25:00,275.37,275.4,275.05,275.29,5447
2026-02-09 19:30:00,275.29,275.3,275.08,275.18,2908
2026-02-09 19:35:00,275.18,275.25,274.8723,274.975,4322
2026-02-09 19:40:00,274.975,274.975,274.63,274.72,6630
2026-02-09 19:45:00,274.72,274.95,274.72,274.865,4387
2026-02-09 19:50:00,274.865,274.99,274.86,274.865,2222
2026-02-09 19:55:00,274.87,275.0525,274.765,274.785,6599
2026-02-09 20:00:00,274.88,275.03,274.8,274.88,4930
2026-02-09 20:05:00,274.92,275.07,274.78,274.805,7181
2026-02-09 20:10:00,274.805,274.91,274.805,274.84,3163
2026-02-09 20:15:00,274.84,274.84,274.3301,274.525,12732
2026-02-09 20:20:00,274.61,274.74,274.51,274.74,5533
2026-02-09 20:25:00,274.7,274.76,274.52,274.56,8220
2026-02-09 20:30:00,274.52,274.75,274.27,274.28,12995
2026-02-09 20:35:00,274.28,274.49,274.275,274.47,10196
2026-02-09 20:40:00,274.47,274.67,274.47,274.61,13517
2026-02-09 20:45:00,274.61,274.75,274.295,274.295,24134
2026-02-09 20:50:00,274.39,274.6,274.01,274.3,27775
2026-02-09 20:55:00,274.25,274.5,273.97,273.99,84595
2026-02-10 14:30:00,275.97,282.2853,275.43,282.2853,10888
2026-02-10 14:35:00,280.44,281.48,279.94,281.475,4084
2026-02-10 14:40:00,281.5284,282.305,280.4,281.45,25363
2026-02-10 14:45:00,281.57,281.94,280.7,281.5,33151
2026-02-10 14:50:00,281.5,283.42,281.0,281.51,80665
2026-02-10 14:55:00,281.615,282.17,281.04,281.98,17977
2026-02-10 15:00:00,282.12,283.45,280.97,280.97,24385
2026-02-10 15:05:00,281.3,282.0,281.23,281.605,8251
2026-02-10 15:10:00,281.68,284.69,281.68,284.69,6407
2026-02-10 15:15:00,284.14,285.73,284.14,285.61,9656
2026-02-10 15:20:00,285.62,285.62,283.56,284.23,14837
2026-02-10 15:25:00,284.23,284.23,282.93,283.185,7468
2026-02-10 15:30:00,283.185,283.58,282.97,283.57,7103
2026-02-10 15:35:00,283.33,284.12,283.1,284.03,9913
2026-02-10 15:40:00,283.735,284.495,283.735,284.46,15464
2026-02-10 15:45:00,284.22,284.24,283.41,283.41,5641
2026-02-10 15:50:00,283.22,283.535,283.2,283.36,5448
2026-02-10 15:55:00,283.345,283.94,283.29,283.735,7410
2026-02-10 16:00:00,284.03,284.03,283.54,283.79,3950
2026-02-10 16:05:00,283.66,283.91,283.66,283.83,6701
2026-02-10 16:10:00,284.04,284.48,284.0,284.37,4534
2026-02-10 16:15:00,284.72,285.18,284.415,284.85,5139
2026-02-10 16:20:00,285.005,285.1653,283.96,284.3,18205
2026-02-10 16:25:00,284.3,284.44,283.965,284.19,10687
2026-02-10 16:30:00,284.195,284.195,283.55,283.79,2914
2026-02-10 16:35:00,283.455,283.88,283.43,283.88,5613
2026-02-10 16:40:00,284.0,284.08,283.86,283.995,3039
2026-02-10 16:45:00,284.025,284.105,283.79,283.79,6652
2026-02-10 16:50:00,283.755,283.795,283.53,283.715,3405
2026-02-10 16:55:00,283.725,283.725,283.3501,283.57,3986
2026-02-10 17:00:00,283.57,283.75,282.97,283.66,11036
2026-02-10 17:05:00,283.6725,283.6725,283.33,283.405,2788
2026-02-10 17:10:00,283.405,283.5,283.405,283.44,1729
2026-02-10 17:15:00,283.49,283.58,282.385,282.48,7252
2026-02-10 17:20:00,282.36,282.36,282.02,282.12,5005
2026-02-10 17:25:00,281.92,282.12,281.72,281.72,5498
2026-02-10 17:30:00,281.8,282.06,281.45,281.615,3913
2026-02-10 17:35:00,281.6255,282.03,281.5325,281.79,5004
2026-02-10 17:40:00,281.79,282.0,281.79,281.965,2960
2026-02-10 17:45:00,282.24,283.26,282.24,283.07,4448
2026-02-10 17:50:00,282.76,283.15,282.71,282.745,4943
2026-02-10 17:55:00,282.76,283.22,282.76,283.04,2414
2026-02-10 18:00:00,283.015,283.38,282.47,282.955,16324
2026-02-10 18:05:00,283.15,283.45,282.86,283.01,6218
2026-02-10 18:10:00,283.01,283.29,282.86,283.29,7253
2026-02-10 18:15:00,283.28,283.44,283.04,283.06,5719
2026-02-10 18:20:00,283.135,283.55,283.135,283.55,3944
2026-02-10 18:25:00,283.63,284.1,283.5994,284.0,6304
2026-02-10 18:30:00,283.975,284.14,283.435,283.975,6637
2026-02-10 18:35:00,283.95,284.53,283.95,284.53,4607
2026-02-10 18:40:00,284.52,284.99,284.43,284.515,8406
2026-02-10 18:45:00,284.515,284.67,284.27,284.42,7740
2026-02-10 18:50:00,284.345,284.68,284.27,284.6146,3711
2026-02-10 18:55:00,284.56,284.99,284.4101,284.85,5227
2026-02-10 19:00:00,284.85,284.85,284.01,284.68,10041
2026-02-10 19:05:00,284.82,285.18,284.725,285.18,4758
2026-02-10 19:10:00,285.06,285.54,285.02,285.105,6367
2026-02-10 19:15:00,284.92,285.13,284.9,285.045,7818
2026-02-10 19:20:00,285.0,285.8,284.8456,285.37,19476
2026-02-10 19:25:00,285.37,285.375,285.1,285.375,2038
2026-02-10 19:30:00,285.485,285.66,285.27,285.33,5829
2026-02-10 19:35:00,285.385,285.45,285.255,285.39,4135
2026-02-10 19:40:00,285.4,285.87,285.4,285.65,8948
2026-02-10 19:45:00,285.65,285.84,285.43,285.785,3167
2026-02-10 19:50:00,285.685,285.83,285.18,285.19,6582
2026-02-10 19:55:00,285.205,285.44,285.185,285.335,4791
2026-02-10 20:00:00,285.48,285.48,284.595,284.595,15200
2026-02-10 20:05:00,284.595,284.85,284.58,284.59,3626
2026-02-10 20:10:00,284.4568,284.99,284.285,284.3625,27958
2026-02-10 20:15:00,284.37,284.48,284.22,284.3,4509
2026-02-10 20:20:00,284.335,284.44,283.68,284.44,7375
2026-02-10 20:25:00,284.195,284.195,283.99,284.125,3246
2026-02-10 20:30:00,283.96,284.085,283.1827,283.22,17417
2026-02-10 20:35:00,283.29,283.46,283.035,283.13,12317
2026-02-10 20:40:00,283.045,283.36,282.76,283.07,20309
2026-02-10 20:45:00,283.29,283.34,282.855,283.165,17083
2026-02-10 20:50:00,283.22,283.99,283.19,283.78,47077
2026-02-10 20:55:00,283.84,284.57,283.47,284.55,94549
2026-02-11 14:30:00,284.38,284.98,284.0275,284.0275,11555
2026-02-11 14:35:00,283.34,284.02,282.225,283.45,3994
2026-02-11 14:40:00,283.6191,284.99,283.6191,284.38,4319
2026-02-11 14:45:00,284.3725,284.52,283.36,283.61,2313
2026-02-11 14:50:00,283.295,284.1375,282.83,284.1375,1909
2026-02-11 14:55:00,283.885,284.57,283.8,284.3275,10785
2026-02-11 15:00:00,284.455,284.99,284.3101,284.715,7379
2026-02-11 15:05:00,284.585,285.565,284.43,284.43,5308
2026-02-11 15:10:00,284.475,284.475,284.39,284.44,857
2026-02-11 15:15:00,284.62,284.65,284.3,284.585,4071
2026-02-11 15:20:00,284.38,284.5325,283.36,283.7069,5987
2026-02-11 15:25:00,283.57,283.9,283.25,283.25,35838
2026-02-11 15:30:00,283.44,284.22,283.0101,284.2,3854
2026-02-11 15:35:00,284.2,284.21,283.45,283.605,6108
2026-02-11 15:40:00,283.595,283.93,283.2397,283.47,7906
2026-02-11 15:45:00,283.32,283.32,282.965,283.02,2781
2026-02-11 15:50:00,282.45,282.77,282.41,282.535,2994
2026-02-11 15:55:00,282.4575,282.96,282.4275,282.77,4229
2026-02-11 16:00:00,282.81,283.07,282.68,282.94,4959
2026-02-11 16:05:00,282.91,283.22,282.91,283.22,7850
2026-02-11 16:10:00,283.03,283.05,282.5435,282.87,3102
2026-02-11 16:15:00,282.765,283.28,282.6604,283.24,3419
2026-02-11 16:20:00,283.27,283.87,282.99,283.87,12088
2026-02-11 16:25:00,283.85,284.7,283.83,284.68,4517
2026-02-11 16:30:00,284.71,285.23,284.66,285.205,2902
2026-02-11 16:35:00,285.055,285.125,284.98,285.09,3182
2026-02-11 16:40:00,285.15,285.3,285.145,285.245,2230
2026-02-11 16:45:00,285.3,285.61,285.295,285.375,3946
2026-02-11 16:50:00,285.55,285.83,285.48,285.71,4573
2026-02-11 16:55:00,285.83,286.0,285.5,285.7,8901
2026-02-11 17:00:00,285.92,285.99,285.77,285.77,1495
2026-02-11 17:05:00,285.77,286.23,285.58,286.23,5665
2026-02-11 17:10:00,286.2,286.21,285.73,285.74,3225
2026-02-11 17:15:00,285.91,286.19,285.7175,286.0,2733
2026-02-11 17:20:00,286.19,286.27,286.12,286.27,4307
2026-02-11 17:25:00,286.12,286.35,286.12,286.34,6509
2026-02-11 17:30:00,286.35,286.75,286.3,286.75,7815
2026-02-11 17:35:00,286.74,287.06,286.73,287.06,4904
2026-02-11 17:40:00,287.16,287.37,286.87,286.875,16475
2026-02-11 17:45:00,286.99,287.26,286.8518,287.26,1908
2026-02-11 17:50:00,287.26,287.39,287.05,287.175,4193
2026-02-11 17:55:00,287.165,287.53,286.98,287.53,4783
2026-02-11 18:00:00,287.53,288.48,287.44,288.1506,13006
2026-02-11 18:05:00,288.07,288.3,287.89,288.28,7391
2026-02-11 18:10:00,288.275,288.57,287.97,288.1,8857
2026-02-11 18:15:00,288.22,288.32,287.87,288.165,5638
2026-02-11 18:20:00,288.22,288.35,287.91,287.95,8595
2026-02-11 18:25:00,287.88,288.41,287.88,288.4,5314
2026-02-11 18:30:00,288.54,288.65,288.1025,288.455,16402
2026-02-11 18:35:00,288.58,288.6,287.9,288.0225,6452
2026-02-11 18:40:00,288.01,288.12,287.84,287.99,7193
2026-02-11 18:45:00,287.99,288.2,287.69,288.18,2957
2026-02-11 18:50:00,288.1,288.53,288.0,288.39,12391
2026-02-11 18:55:00,288.45,288.63,288.31,288.63,3677
2026-02-11 19:00:00,288.62,288.9,288.55,288.9,8386
2026-02-11 19:05:00,288.79,288.9985,288.64,288.9985,9646
2026-02-11 19:10:00,289.03,289.24,288.965,289.21,5751
2026-02-11 19:15:00,289.205,289.205,288.88,288.96,13191
2026-02-11 19:20:00,288.94,289.13,288.935,289.035,3970
2026-02-11 19:25:00,289.21,289.47,289.04,289.4618,4902
2026-02-11 19:30:00,289.53,289.81,289.46,289.665,9776
2026-02-11 19:35:00,289.76,289.94,289.42,289.47,11956
2026-02-11 19:40:00,289.6,289.7,289.46,289.645,4410
2026-02-11 19:45:00,289.645,289.78,288.88,288.9,6902
2026-02-11 19:50:00,288.97,289.05,288.63,288.715,4948
2026-02-11 19:55:00,288.66,288.93,288.5,288.745,12225
2026-02-11 20:00:00,288.74,289.45,288.74,289.32,13336
2026-02-11 20:05:00,289.43,289.43,288.96,289.15,8412
2026-02-11 20:10:00,289.035,289.27,289.0084,289.08,6152
2026-02-11 20:15:00,289.085,289.2,288.94,289.19,9315
2026-02-11 20:20:00,289.11,289.44,289.1,289.35,5941
2026-02-11 20:25:00,289.35,289.455,289.19,289.2118,10951
2026-02-11 20:30:00,289.175,289.27,288.93,289.1728,17713
2026-02-11 20:35:00,289.075,289.24,288.96,289.105,8429
2026-02-11 20:40:00,289.0,289.38,289.0,289.38,12524
2026-02-11 20:45:00,289.38,289.45,289.14,289.32,14775
2026-02-11 20:50:00,289.23,289.675,289.17,289.64,29986
2026-02-11 20:55:00,289.64,290.14,289.64,289.88,91965
2026-02-12 14:30:00,292.02,292.02,290.2,290.61,12439
2026-02-12 14:35:00,290.13,290.21,286.45,287.47,23075
2026-02-12 14:40:00,287.5211,287.77,285.95,286.12,2126
2026-02-12 14:45:00,286.13,287.44,285.62,286.305,25225
2026-02-12 14:50:00,285.85,287.55,285.75,287.08,6563
2026-02-12 14:55:00,287.36,288.63,287.36,288.63,4104
2026-02-12 15:00:00,288.62,288.769,287.42,287.485,3198
2026-02-12 15:05:00,287.64,287.72,286.85,286.995,4054
2026-02-12 15:10:00,286.985,287.58,286.375,286.915,8414
2026-02-12 15:15:00,286.1,286.52,285.58,285.59,1977
2026-02-12 15:20:00,285.57,285.8755,284.9448,285.475,4905
2026-02-12 15:25:00,285.34,285.88,285.28,285.86,2218
2026-02-12 15:30:00,286.06,286.23,285.295,285.48,6021
2026-02-12 15:35:00,285.51,285.675,284.56,284.56,1720
2026-02-12 15:40:00,284.57,285.09,284.57,284.76,3227
2026-02-12 15:45:00,284.64,284.765,284.16,284.16,3284
2026-02-12 15:50:00,284.09,284.88,283.9201,284.64,3936
2026-02-12 15:55:00,284.6501,285.09,284.42,284.93,7972
2026-02-12 16:00:00,285.25,285.41,284.49,285.2,20160
2026-02-12 16:05:00,285.37,285.37,284.235,284.42,4483
2026-02-12 16:10:00,284.22,284.629,283.295,283.83,19442
2026-02-12 16:15:00,283.71,284.84,283.71,284.63,11600
2026-02-12 16:20:00,284.8,285.11,284.185,284.515,14278
2026-02-12 16:25:00,284.67,285.135,284.6,284.63,9812
2026-02-12 16:30:00,284.795,284.925,284.08,284.77,7758
2026-02-12 16:35:00,284.58,284.77,284.4701,284.69,1916
2026-02-12 16:40:00,284.6,284.64,283.6,283.675,13574
2026-02-12 16:45:00,283.83,283.96,283.33,283.33,6431
2026-02-12 16:50:00,283.48,283.48,282.73,282.925,6612
2026-02-12 16:55:00,282.93,283.1873,282.71,282.985,3503
2026-02-12 17:00:00,282.965,282.965,280.92,281.225,15590
2026-02-12 17:05:00,281.24,281.85,280.96,281.29,11786
2026-02-12 17:10:00,281.51,282.14,281.28,282.11,6392
2026-02-12 17:15:00,282.13,282.2,281.18,281.18,4056
2026-02-12 17:20:00,281.16,281.6,281.075,281.31,7902
2026-02-12 17:25:00,281.4375,281.4375,280.09,280.2,8881
2026-02-12 17:30:00,280.265,281.09,279.62,281.09,12860
2026-02-12 17:35:00,281.07,281.5499,280.785,281.32,5893
2026-02-12 17:40:00,281.13,281.77,281.13,281.48,6409
2026-02-12 17:45:00,281.53,281.86,281.21,281.33,8512
2026-02-12 17:50:00,281.395,282.05,281.28,281.8,5960
2026-02-12 17:55:00,281.7,281.74,280.56,280.92,5330
2026-02-12 18:00:00,280.81,281.665,280.625,281.345,11231
2026-02-12 18:05:00,281.3,281.48,280.835,281.015,5882
2026-02-12 18:10:00,281.015,281.579,281.015,281.38,4002
2026-02-12 18:15:00,281.69,282.31,281.69,282.25,4510
2026-02-12 18:20:00,282.15,282.2867,281.89,281.89,2261
2026-02-12 18:25:00,282.08,282.218,280.93,281.14,7793
2026-02-12 18:30:00,281.14,281.44,280.9,280.9,4057
2026-02-12 18:35:00,281.03,281.03,280.51,280.65,4263
2026-02-12 18:40:00,280.605,280.75,280.39,280.535,5088
2026-02-12 18:45:00,280.5,281.1525,280.32,281.01,8506
2026-02-12 18:50:00,280.87,280.99,280.54,280.795,3672
2026-02-12 18:55:00,280.9,281.1,280.13,280.83,8018
2026-02-12 19:00:00,280.825,280.825,280.05,280.05,4541
2026-02-12 19:05:00,279.97,280.02,279.5501,279.865,2555
2026-02-12 19:10:00,279.82,280.1,279.03,279.07,7841
2026-02-12 19:15:00,279.03,279.745,278.96,279.45,6714
2026-02-12 19:20:00,279.665,279.735,278.75,278.91,4408
2026-02-12 19:25:00,278.91,279.2,278.09,278.455,8682
2026-02-12 19:30:00,278.16,279.125,278.16,279.02,11215
2026-02-12 19:35:00,278.96,279.13,278.29,278.63,4686
2026-02-12 19:40:00,278.575,278.575,277.78,278.25,7502
2026-02-12 19:45:00,278.12,279.25,278.08,279.2,8315
2026-02-12 19:50:00,279.29,279.61,279.255,279.41,8253
2026-02-12 19:55:00,279.41,280.039,279.19,279.655,7651
2026-02-12 20:00:00,279.81,280.34,279.655,280.135,7190
2026-02-12 20:05:00,280.02,280.08,279.375,279.5375,6095
2026-02-12 20:10:00,279.525,279.81,279.33,279.55,4637
2026-02-12 20:15:00,279.58,280.15,279.33,280.0,8850
2026-02-12 20:20:00,279.87,280.15,279.68,279.6896,9314
2026-02-12 20:25:00,279.75,279.845,279.2901,279.695,10531
2026-02-12 20:30:00,279.51,279.53,278.8925,279.24,12807
2026-02-12 20:35:00,279.27,279.39,278.94,279.385,15402
2026-02-12 20:40:00,279.31,279.62,279.255,279.62,19735
2026-02-12 20:45:00,279.65,279.885,279.51,279.77,19219
2026-02-12 20:50:00,279.61,279.61,278.69,278.88,28249
2026-02-12 20:55:00,278.97,279.1,278.11,278.205,73397
2026-02-13 14:30:00,277.51,281.295,277.51,279.05,7822
2026-02-13 14:35:00,279.05,281.37,279.05,281.035,5559
2026-02-13 14:40:00,281.46,282.245,281.105,281.145,4056
2026-02-13 14:45:00,280.79,281.3725,280.18,280.285,2993
2026-02-13 14:50:00,279.95,280.485,279.95,280.1,3077
2026-02-13 14:55:00,280.495,280.88,280.49,280.515,4955
2026-02-13 15:00:00,280.88,281.47,280.675,281.065,8505
2026-02-13 15:05:00,280.83,280.94,279.7,280.15,7201
2026-02-13 15:10:00,279.98,280.29,279.98,279.9905,1677
2026-02-13 15:15:00,280.17,280.36,279.88,280.18,1583
2026-02-13 15:20:00,280.1599,280.19,279.67,279.89,2450
2026-02-13 15:25:00,279.89,279.89,279.24,279.415,5480
2026-02-13 15:30:00,279.25,279.62,279.25,279.46,3747
2026-02-13 15:35:00,279.4,280.52,279.25,280.52,14259
2026-02-13 15:40:00,280.56,280.9,280.24,280.24,6428
2026-02-13 15:45:00,280.26,281.1,280.18,281.1,4820
2026-02-13 15:50:00,280.995,281.1,280.74,280.95,3766
2026-02-13 15:55:00,280.855,281.54,280.85,281.11,3056
2026-02-13 16:00:00,281.31,282.0,281.11,281.57,9332
2026-02-13 16:05:00,281.57,281.6302,281.27,281.27,3287
2026-02-13 16:10:00,281.12,281.4,281.12,281.15,2296
2026-02-13 16:15:00,281.36,281.49,281.285,281.315,3085
2026-02-13 16:20:00,281.315,281.315,281.07,281.31,1696
2026-02-13 16:25:00,281.17,281.17,280.9,280.95,3929
2026-02-13 16:30:00,281.0775,281.49,280.95,281.3625,4750
2026-02-13 16:35:00,281.45,281.57,281.27,281.27,2969
2026-02-13 16:40:00,281.455,282.03,281.34,281.9975,4380
2026-02-13 16:45:00,281.94,281.94,281.68,281.68,3645
2026-02-13 16:50:00,281.58,281.62,281.28,281.48,2796
2026-02-13 16:55:00,281.485,281.485,281.06,281.06,2448
2026-02-13 17:00:00,281.06,281.81,280.92,281.615,6669
2026-02-13 17:05:00,281.71,282.045,281.71,282.045,2225
2026-02-13 17:10:00,281.7769,282.025,281.49,281.825,2505
2026-02-13 17:15:00,281.825,281.885,281.44,281.495,1752
2026-02-13 17:20:00,281.3,281.73,281.3,281.6,3986
2026-02-13 17:25:00,281.3,281.525,281.26,281.525,2500
2026-02-13 17:30:00,281.52,282.195,281.52,282.195,3144
2026-02-13 17:35:00,282.195,282.4363,281.88,281.905,3665
2026-02-13 17:40:00,282.17,282.44,281.9001,282.195,3481
2026-02-13 17:45:00,282.3,282.46,282.2,282.32,3382
2026-02-13 17:50:00,282.31,282.5,282.01,282.07,4098
2026-02-13 17:55:00,282.02,282.07,281.49,281.725,5576
2026-02-13 18:00:00,281.7,281.84,281.7,281.76,2506
2026-02-13 18:05:00,281.76,282.045,281.76,281.885,3143
2026-02-13 18:10:00,281.89,282.43,281.89,282.43,2134
2026-02-13 18:15:00,282.25,282.6,282.13,282.39,5225
2026-02-13 18:20:00,282.58,282.59,282.375,282.525,2165
2026-02-13 18:25:00,282.53,282.77,281.88,282.395,10366
2026-02-13 18:30:00,282.02,282.58,282.01,282.31,2305
2026-02-13 18:35:00,282.6099,282.6099,281.71,282.11,3913
2026-02-13 18:40:00,282.0,282.09,281.91,281.995,2152
2026-02-13 18:45:00,281.96,282.22,281.83,282.025,8450
2026-02-13 18:50:00,282.22,282.27,281.88,282.08,8451
2026-02-13 18:55:00,282.08,282.14,281.84,282.07,7495
2026-02-13 19:00:00,282.0,282.19,281.83,282.065,9083
2026-02-13 19:05:00,282.17,282.31,282.065,282.31,8029
2026-02-13 19:10:00,282.31,282.49,282.2371,282.48,5433
2026-02-13 19:15:00,282.425,282.53,281.625,281.71,7723
2026-02-13 19:20:00,281.71,282.15,281.71,282.15,3851
2026-02-13 19:25:00,282.105,282.27,281.98,282.16,3666
2026-02-13 19:30:00,282.08,282.3,281.84,281.9145,5367
2026-02-13 19:35:00,281.7,281.7,281.14,281.49,5903
2026-02-13 19:40:00,281.335,281.48,281.32,281.35,2791
2026-02-13 19:45:00,281.5,281.95,281.41,281.825,4422
2026-02-13 19:50:00,281.97,282.01,281.72,281.76,4076
2026-02-13 19:55:00,281.81,282.03,281.66,282.03,5365
2026-02-13 20:00:00,282.05,282.555,282.05,282.5075,5696
2026-02-13 20:05:00,282.415,282.64,282.415,282.53,2948
2026-02-13 20:10:00,282.64,282.79,282.42,282.42,6243
2026-02-13 20:15:00,282.42,282.52,282.32,282.355,5335
2026-02-13 20:20:00,282.365,282.365,281.55,281.57,12287
2026-02-13 20:25:00,281.69,282.02,281.6,281.72,10552
2026-02-13 20:30:00,281.66,281.93,281.22,281.36,17897
2026-02-13 20:35:00,281.365,281.8,281.3,281.64,18169
2026-02-13 20:40:00,281.64,281.64,281.19,281.315,17770
2026-02-13 20:45:00,281.43,281.955,281.24,281.955,22473
2026-02-13 20:50:00,281.91,282.66,281.86,282.59,39866
2026-02-13 20:55:00,282.41,282.86,282.28,282.86,94009
2026-02-17 14:30:00,277.89,279.49,266.95,272.21,62705
2026-02-17 14:35:00,272.2,273.529,267.2,267.915,56591
2026-02-17 14:40:00,267.915,268.29,264.55,267.745,30751
2026-02-17 14:45:00,268.0,268.2,265.29,267.515,32583
2026-02-17 14:50:00,268.0,268.48,265.0,265.98,25243
2026-02-17 14:55:00,266.35,267.27,265.0,265.11,30202
2026-02-17 15:00:00,265.21,265.389,262.69,263.1,29854
2026-02-17 15:05:00,263.05,264.05,262.0,262.47,9442
2026-02-17 15:10:00,262.1,262.78,262.07,262.4825,12012
2026-02-17 15:15:00,262.44,264.14,262.02,262.665,18386
2026-02-17 15:20:00,262.535,263.3399,261.9,262.69,20961
2026-02-17 15:25:00,262.69,262.69,260.57,261.08,10548
2026-02-17 15:30:00,261.195,262.18,260.57,261.855,9716
2026-02-17 15:35:00,261.86,263.6499,261.45,263.48,8175
2026-02-17 15:40:00,263.01,263.08,261.46,262.61,23437
2026-02-17 15:45:00,262.61,263.06,262.35,262.595,7092
2026-02-17 15:50:00,262.555,263.015,260.8625,262.91,13982
2026-02-17 15:55:00,262.91,264.18,262.65,264.05,4757
2026-02-17 16:00:00,264.05,265.51,263.79,264.645,14625
2026-02-17 16:05:00,264.645,266.62,264.645,266.21,8527
2026-02-17 16:10:00,266.64,269.41,266.64,268.865,12295
2026-02-17 16:15:00,268.835,270.63,268.835,269.98,14830
2026-02-17 16:20:00,270.08,270.29,269.21,269.735,19318
2026-02-17 16:25:00,269.73,270.99,269.7,269.95,13565
2026-02-17 16:30:00,270.29,273.7,269.62,273.47,31306
2026-02-17 16:35:00,273.47,273.78,272.65,273.16,18965
2026-02-17 16:40:00,273.05,273.4,271.645,271.645,12859
2026-02-17 16:45:00,271.63,273.32,271.545,273.09,9882
2026-02-17 16:50:00,273.33,273.33,272.53,272.77,13515
2026-02-17 16:55:00,272.77,273.555,272.73,272.8796,8336
2026-02-17 17:00:00,273.17,273.44,272.33,272.64,7726
2026-02-17 17:05:00,272.49,273.43,272.36,272.535,6817
2026-02-17 17:10:00,272.78,273.749,272.72,273.465,8749
2026-02-17 17:15:00,273.51,273.59,272.85,273.2925,13398
2026-02-17 17:20:00,273.2775,274.62,273.04,274.42,18387
2026-02-17 17:25:00,274.62,274.87,274.0,274.34,16566
2026-02-17 17:30:00,274.57,274.95,274.29,274.59,7878
2026-02-17 17:35:00,274.435,274.75,274.02,274.075,9292
2026-02-17 17:40:00,274.075,274.165,273.33,273.67,31790
2026-02-17 17:45:00,273.55,273.76,272.99,273.63,13607
2026-02-17 17:50:00,273.63,273.63,272.63,272.63,7215
2026-02-17 17:55:00,272.835,273.77,272.83,273.2,9388
2026-02-17 18:00:00,273.2,274.21,273.195,274.17,12178
2026-02-17 18:05:00,274.24,274.72,273.93,274.71,11616
2026-02-17 18:10:00,274.455,275.585,274.455,275.545,14804
2026-02-17 18:15:00,275.44,276.08,274.86,275.12,10313
2026-02-17 18:20:00,275.07,275.22,274.38,274.91,10747
2026-02-17 18:25:00,275.0,275.27,274.63,274.84,5327
2026-02-17 18:30:00,275.1,275.18,274.505,274.975,10609
2026-02-17 18:35:00,274.8,275.5,274.1825,274.22,13389
2026-02-17 18:40:00,274.22,274.85,273.6801,274.66,8122
2026-02-17 18:45:00,274.93,275.5,274.465,275.5,11360
2026-02-17 18:50:00,275.49,276.11,275.4221,276.02,9087
2026-02-17 18:55:00,276.02,276.36,275.56,275.975,16115
2026-02-17 19:00:00,275.975,276.97,275.975,276.58,12437
2026-02-17 19:05:00,276.5,276.67,275.985,276.295,8642
2026-02-17 19:10:00,276.35,276.465,276.24,276.465,3238
2026-02-17 19:15:00,276.335,276.97,276.155,276.335,24316
2026-02-17 19:20:00,276.33,277.0,276.21,276.305,25516
2026-02-17 19:25:00,276.305,276.52,275.495,276.21,14217
2026-02-17 19:30:00,276.21,277.87,275.95,277.76,25989
2026-02-17 19:35:00,277.84,277.95,277.06,277.12,13844
2026-02-17 19:40:00,277.11,277.92,277.08,277.77,11933
2026-02-17 19:45:00,277.63,277.77,277.19,277.56,10937
2026-02-17 19:50:00,277.555,278.33,277.555,278.33,10569
2026-02-17 19:55:00,278.245,278.3,277.62,278.07,12153
2026-02-17 20:00:00,278.17,278.85,277.97,278.84,11355
2026-02-17 20:05:00,278.86,279.075,278.49,278.755,16541
2026-02-17 20:10:00,278.755,279.11,278.71,278.855,12588
2026-02-17 20:15:00,278.68,279.15,278.28,278.635,28759
2026-02-17 20:20:00,278.63,278.95,278.33,278.375,19179
2026-02-17 20:25:00,278.181,278.71,278.18,278.385,17070
2026-02-17 20:30:00,278.385,278.425,277.15,277.66,40000
2026-02-17 20:35:00,277.71,277.72,276.87,277.0875,25938
2026-02-17 20:40:00,277.17,277.6,276.1338,276.235,32816
2026-02-17 20:45:00,276.24,277.31,276.24,276.84,25125
2026-02-17 20:50:00,276.84,277.4,276.55,277.22,58130
2026-02-17 20:55:00,277.04,277.18,276.51,276.69,127190
2026-02-18 14:30:00,279.37,279.37,276.2,276.56,14705
2026-02-18 14:35:00,276.3,277.1199,274.15,277.1199,3648
2026-02-18 14:40:00,276.0301,277.86,276.0301,277.58,7072
2026-02-18 14:45:00,277.575,278.47,277.575,277.985,2938
2026-02-18 14:50:00,277.985,279.62,277.15,279.25,9795
2026-02-18 14:55:00,279.215,279.84,278.855,279.58,9709
2026-02-18 15:00:00,279.53,280.05,279.25,279.45,5458
2026-02-18 15:05:00,279.54,279.96,278.53,278.53,5981
2026-02-18 15:10:00,278.57,278.685,277.85,278.24,2374
2026-02-18 15:15:00,278.285,278.56,277.79,277.79,6362
2026-02-18 15:20:00,277.64,277.76,277.22,277.43,5778
2026-02-18 15:25:00,277.22,277.435,276.79,276.88,2453
2026-02-18 15:30:00,277.14,277.16,276.49,276.49,3962
2026-02-18 15:35:00,276.49,277.31,276.44,276.87,6432
2026-02-18 15:40:00,276.94,277.17,276.55,276.56,2611
2026-02-18 15:45:00,276.73,277.28,276.44,277.25,4026
2026-02-18 15:50:00,277.25,277.99,277.1,277.55,8702
2026-02-18 15:55:00,277.705,278.28,277.22,278.065,9363
2026-02-18 16:00:00,278.42,278.97,278.28,278.625,14372
2026-02-18 16:05:00,278.9,279.2035,277.66,278.845,23481
2026-02-18 16:10:00,278.845,279.5496,278.745,279.32,4930
2026-02-18 16:15:00,279.35,279.98,279.3,279.66,10839
2026-02-18 16:20:00,279.58,280.45,279.495,279.79,8524
2026-02-18 16:25:00,279.79,280.5899,279.79,280.5899,3220
2026-02-18 16:30:00,280.365,280.64,280.355,280.5,2941
2026-02-18 16:35:00,280.425,280.77,279.7,280.145,13512
2026-02-18 16:40:00,280.15,280.29,278.27,278.27,8490
2026-02-18 16:45:00,278.33,278.41,277.63,277.69,5488
2026-02-18 16:50:00,277.79,278.06,277.67,277.73,5105
2026-02-18 16:55:00,277.63,277.815,277.57,277.74,1452
2026-02-18 17:00:00,277.745,277.91,277.58,277.64,1602
2026-02-18 17:05:00,278.05,278.05,277.67,277.7775,1082
2026-02-18 17:10:00,277.7,277.91,277.55,277.685,3067
2026-02-18 17:15:00,277.9,278.13,277.86,277.905,1436
2026-02-18 17:20:00,277.72,278.01,277.63,277.7,2889
2026-02-18 17:25:00,277.37,277.86,277.37,277.86,1234
2026-02-18 17:30:00,277.87,277.97,277.68,277.68,1033
2026-02-18 17:35:00,277.85,278.14,277.49,277.895,6305
2026-02-18 17:40:00,277.94,278.32,277.94,278.12,3379
2026-02-18 17:45:00,278.09,278.43,277.98,278.3175,6702
2026-02-18 17:50:00,278.33,278.61,278.04,278.04,5029
2026-02-18 17:55:00,278.18,278.2587,277.71,278.01,4438
2026-02-18 18:00:00,277.99,277.99,277.7915,277.84,2698
2026-02-18 18:05:00,277.75,277.96,277.48,277.605,2708
2026-02-18 18:10:00,277.67,279.01,277.605,279.0,7952
2026-02-18 18:15:00,279.13,279.32,278.56,279.05,13701
2026-02-18 18:20:00,279.03,279.16,278.4,278.65,4207
2026-02-18 18:25:00,278.625,278.63,278.23,278.36,4131
2026-02-18 18:30:00,278.36,278.92,277.97,278.585,13874
2026-02-18 18:35:00,278.395,278.77,278.29,278.3825,3660
2026-02-18 18:40:00,278.385,278.615,278.145,278.15,7074
2026-02-18 18:45:00,278.2825,278.35,277.95,278.155,3311
2026-02-18 18:50:00,278.3499,278.445,277.92,278.23,9953
2026-02-18 18:55:00,278.23,278.37,277.84,277.965,5417
2026-02-18 19:00:00,278.1,278.56,278.005,278.56,4765
2026-02-18 19:05:00,278.34,278.345,277.45,277.61,5702
2026-02-18 19:10:00,277.47,277.53,276.84,277.03,7524
2026-02-18 19:15:00,276.82,277.06,276.31,276.465,6550
2026-02-18 19:20:00,276.25,277.62,276.01,277.62,12381
2026-02-18 19:25:00,277.625,277.73,277.0901,277.73,4030
2026-02-18 19:30:00,277.73,277.815,276.93,276.93,5032
2026-02-18 19:35:00,276.95,277.3799,276.805,276.95,5820
2026-02-18 19:40:00,277.0,277.39,276.7,276.81,7474
2026-02-18 19:45:00,276.69,276.88,276.46,276.7375,4228
2026-02-18 19:50:00,276.63,277.0,276.5,276.99,5650
2026-02-18 19:55:00,276.7675,276.95,276.155,276.5,10487
2026-02-18 20:00:00,276.51,276.88,276.48,276.73,15676
2026-02-18 20:05:00,276.834,277.065,276.55,276.66,11190
2026-02-18 20:10:00,276.635,277.12,276.48,276.92,9621
2026-02-18 20:15:00,276.77,277.25,276.69,277.225,5818
2026-02-18 20:20:00,277.05,277.16,276.67,277.0037,5128
2026-02-18 20:25:00,276.8,277.1,276.51,277.025,8451
2026-02-18 20:30:00,277.0275,277.69,277.025,277.69,12028
2026-02-18 20:35:00,277.6835,278.5661,277.6835,278.56,11908
2026-02-18 20:40:00,278.57,279.6,278.515,278.9,55911
2026-02-18 20:45:00,278.79,279.139,278.685,278.91,22916
2026-02-18 20:50:00,278.84,279.195,278.74,278.82,39203
2026-02-18 20:55:00,278.845,279.2199,278.68,278.68,82761
2026-02-19 14:30:00,277.94,278.2,276.46,277.2,14584
2026-02-19 14:35:00,278.28,278.72,278.1425,278.52,3851
2026-02-19 14:40:00,278.52,281.0,277.98,281.0,8515
2026-02-19 14:45:00,280.86,280.98,279.78,280.17,2458
2026-02-19 14:50:00,280.0,280.28,279.52,280.21,10706
2026-02-19 14:55:00,280.31,281.09,280.17,280.9,6451
2026-02-19 15:00:00,280.59,280.59,279.89,280.41,4318
2026-02-19 15:05:00,280.41,280.41,278.895,279.23,9132
2026-02-19 15:10:00,279.34,279.57,278.91,278.91,3694
2026-02-19 15:15:00,278.97,279.695,278.96,279.695,5509
2026-02-19 15:20:00,279.695,280.365,279.69,280.365,5955
2026-02-19 15:25:00,280.6575,280.6575,280.24,280.365,3059
2026-02-19 15:30:00,280.43,280.435,279.74,279.755,5970
2026-02-19 15:35:00,279.7335,279.88,279.73,279.88,2303
2026-02-19 15:40:00,279.61,280.16,279.33,279.76,11144
2026-02-19 15:45:00,279.8775,280.32,279.66,279.7,9230
2026-02-19 15:50:00,279.685,280.66,279.685,280.36,4555
2026-02-19 15:55:00,280.365,281.24,280.365,281.1042,5299
2026-02-19 16:00:00,281.02,281.18,280.37,280.945,7843
2026-02-19 16:05:00,281.24,281.6099,281.195,281.54,3731
2026-02-19 16:10:00,281.4675,281.57,280.81,280.81,8956
2026-02-19 16:15:00,280.81,281.31,280.81,281.17,7323
2026-02-19 16:20:00,281.165,281.165,280.34,280.535,9713
2026-02-19 16:25:00,280.34,280.54,279.72,279.72,3121
2026-02-19 16:30:00,279.815,280.27,279.69,280.24,2671
2026-02-19 16:35:00,280.24,280.37,279.94,280.245,3000
2026-02-19 16:40:00,280.4425,280.62,280.19,280.62,1867
2026-02-19 16:45:00,280.63,280.79,279.78,279.915,7412
2026-02-19 16:50:00,279.985,280.555,279.81,280.48,2529
2026-02-19 16:55:00,280.635,281.09,280.49,281.09,2003
2026-02-19 17:00:00,281.155,281.5,280.97,281.49,4790
2026-02-19 17:05:00,281.53,281.53,280.87,280.9,6872
2026-02-19 17:10:00,280.94,281.44,280.805,281.44,4445
2026-02-19 17:15:00,281.46,281.92,281.46,281.755,7210
2026-02-19 17:20:00,281.755,281.96,281.75,281.75,2494
2026-02-19 17:25:00,281.75,281.76,281.575,281.605,4634
2026-02-19 17:30:00,281.49,281.78,281.17,281.24,10050
2026-02-19 17:35:00,281.24,281.24,280.55,280.815,14085
2026-02-19 17:40:00,280.855,281.225,280.73,280.93,5608
2026-02-19 17:45:00,280.72,280.72,279.68,280.1,4218
2026-02-19 17:50:00,280.11,280.25,279.91,279.91,2620
2026-02-19 17:55:00,280.075,280.58,279.93,279.94,5537
2026-02-19 18:00:00,280.03,280.03,279.29,279.29,4876
2026-02-19 18:05:00,279.29,279.56,278.93,278.93,4870
2026-02-19 18:10:00,279.02,279.33,278.82,279.31,6149
2026-02-19 18:15:00,279.75,279.79,279.43,279.665,2843
2026-02-19 18:20:00,279.44,279.89,279.4,279.89,3672
2026-02-19 18:25:00,279.94,280.14,279.7,280.0575,3591
2026-02-19 18:30:00,280.11,280.3,279.9701,280.125,2480
2026-02-19 18:35:00,280.125,280.63,280.125,280.475,4966
2026-02-19 18:40:00,280.57,280.87,280.475,280.715,3683
2026-02-19 18:45:00,280.89,280.92,280.55,280.92,2416
2026-02-19 18:50:00,280.865,281.24,280.79,281.07,8635
2026-02-19 18:55:00,281.23,281.3,280.87,280.87,4180
2026-02-19 19:00:00,280.87,281.15,280.87,280.98,3935
2026-02-19 19:05:00,280.98,281.11,280.98,280.98,2914
2026-02-19 19:10:00,281.13,281.18,280.83,280.89,7208
2026-02-19 19:15:00,280.93,280.9377,280.83,280.92,3248
2026-02-19 19:20:00,280.84,280.92,280.67,280.905,6051
2026-02-19 19:25:00,280.9,281.08,280.885,281.08,3179
2026-02-19 19:30:00,281.24,281.24,281.03,281.03,4498
2026-02-19 19:35:00,281.025,281.11,280.465,280.465,7851
2026-02-19 19:40:00,280.47,281.0699,280.44,280.86,8524
2026-02-19 19:45:00,280.93,281.4,280.86,281.31,5543
2026-02-19 19:50:00,281.48,281.54,281.31,281.54,4280
2026-02-19 19:55:00,281.42,281.42,281.17,281.32,6884
2026-02-19 20:00:00,281.355,281.63,281.35,281.43,6579
2026-02-19 20:05:00,281.4093,281.8,281.36,281.8,4592
2026-02-19 20:10:00,281.7999,281.7999,281.45,281.63,7485
2026-02-19 20:15:00,281.62,281.685,281.33,281.56,9673
2026-02-19 20:20:00,281.56,281.63,281.245,281.52,8081
2026-02-19 20:25:00,281.43,281.52,281.36,281.455,9425
2026-02-19 20:30:00,281.455,281.65,281.36,281.59,8385
2026-02-19 20:35:00,281.605,281.74,281.41,281.555,8408
2026-02-19 20:40:00,281.64,281.64,281.29,281.29,10957
2026-02-19 20:45:00,281.3,281.495,281.05,281.09,17448
2026-02-19 20:50:00,281.23,281.97,281.23,281.73,33354
2026-02-19 20:55:00,281.8,282.5,281.71,282.48,111335
2026-02-20 14:30:00,284.66,285.0,284.27,284.27,20392
2026-02-20 14:35:00,283.53,283.795,282.87,282.87,5312
2026-02-20 14:40:00,283.3208,284.69,283.09,283.09,4128
2026-02-20 14:45:00,282.82,283.6099,280.71,281.14,4218
2026-02-20 14:50:00,281.14,282.39,281.14,282.13,3344
2026-02-20 14:55:00,282.74,283.88,282.5,282.66,2207
2026-02-20 15:00:00,282.88,284.14,282.44,283.59,9239
2026-02-20 15:05:00,283.56,284.74,283.47,284.58,20471
2026-02-20 15:10:00,284.52,284.52,281.83,281.83,7126
2026-02-20 15:15:00,281.86,284.31,281.83,284.125,15081
2026-02-20 15:20:00,284.035,284.35,283.16,284.12,11664
2026-02-20 15:25:00,283.77,284.545,283.76,284.17,8607
2026-02-20 15:30:00,284.335,284.34,283.18,283.48,9577
2026-02-20 15:35:00,283.535,283.6069,283.18,283.42,6101
2026-02-20 15:40:00,283.56,283.705,282.23,282.69,12344
2026-02-20 15:45:00,282.715,282.765,281.1375,281.1375,7785
2026-02-20 15:50:00,281.53,282.93,281.21,282.4,14033
2026-02-20 15:55:00,282.3,282.74,282.06,282.06,11076
2026-02-20 16:00:00,282.06,282.1,281.23,282.1,8886
2026-02-20 16:05:00,282.175,282.175,281.04,281.04,7075
2026-02-20 16:10:00,281.04,281.77,280.84,281.36,13167
2026-02-20 16:15:00,281.235,281.42,280.88,281.305,6987
2026-02-20 16:20:00,281.305,281.49,281.08,281.13,7674
2026-02-20 16:25:00,281.26,281.28,280.72,280.73,6520
2026-02-20 16:30:00,280.73,280.89,280.7,280.785,6621
2026-02-20 16:35:00,280.96,281.17,280.67,281.13,5308
2026-02-20 16:40:00,280.95,281.2478,280.92,280.92,8463
2026-02-20 16:45:00,280.95,280.96,280.67,280.67,4375
2026-02-20 16:50:00,280.67,280.71,280.1,280.24,6407
2026-02-20 16:55:00,280.2,280.225,279.83,279.955,6125
2026-02-20 17:00:00,279.93,280.0899,279.57,279.89,11309
2026-02-20 17:05:00,279.92,280.025,279.43,279.43,4793
2026-02-20 17:10:00,279.43,279.58,279.21,279.47,4484
2026-02-20 17:15:00,279.34,279.425,279.17,279.18,6681
2026-02-20 17:20:00,279.23,279.44,279.04,279.35,8685
2026-02-20 17:25:00,279.28,280.03,278.98,279.62,11114
2026-02-20 17:30:00,279.64,279.67,279.37,279.55,5968
2026-02-20 17:35:00,279.675,279.94,279.17,279.94,7349
2026-02-20 17:40:00,279.74,279.89,279.49,279.645,6040
2026-02-20 17:45:00,279.5,280.56,279.34,279.92,10577
2026-02-20 17:50:00,279.93,280.129,279.7,280.1,4729
2026-02-20 17:55:00,279.78,280.335,279.58,279.86,11589
2026-02-20 18:00:00,280.025,280.49,279.4675,280.01,8333
2026-02-20 18:05:00,279.99,280.59,279.5005,279.73,5536
2026-02-20 18:10:00,279.73,280.695,279.53,280.472,7712
2026-02-20 18:15:00,280.75,281.39,280.61,281.39,2639
2026-02-20 18:20:00,281.25,281.835,281.25,281.5,4095
2026-02-20 18:25:00,281.735,282.13,281.735,281.92,3018
2026-02-20 18:30:00,281.85,282.765,281.79,282.49,6254
2026-02-20 18:35:00,282.25,283.21,282.12,283.07,2681
2026-02-20 18:40:00,283.065,283.56,283.02,283.26,6075
2026-02-20 18:45:00,283.25,283.705,283.25,283.43,2599
2026-02-20 18:50:00,283.555,283.73,283.28,283.73,7211
2026-02-20 18:55:00,283.8875,283.8875,283.175,283.175,2707
2026-02-20 19:00:00,283.21,283.73,283.21,283.485,2512
2026-02-20 19:05:00,283.475,283.52,283.13,283.37,4959
2026-02-20 19:10:00,283.365,283.365,282.905,282.965,5211
2026-02-20 19:15:00,282.9125,282.985,282.66,282.88,2764
2026-02-20 19:20:00,282.88,283.14,282.775,282.79,3835
2026-02-20 19:25:00,282.94,283.38,282.94,283.22,3880
2026-02-20 19:30:00,283.28,283.63,283.28,283.32,5564
2026-02-20 19:35:00,283.3222,283.605,283.2,283.2,5790
2026-02-20 19:40:00,283.18,283.399,283.18,283.32,4482
2026-02-20 19:45:00,283.2,283.33,283.0,283.3,5783
2026-02-20 19:50:00,283.3,283.49,283.3,283.31,2180
2026-02-20 19:55:00,283.29,283.4375,283.18,283.21,3557
2026-02-20 20:00:00,283.345,283.63,283.345,283.49,7561
2026-02-20 20:05:00,283.58,283.64,283.29,283.4668,4600
2026-02-20 20:10:00,283.33,283.81,283.27,283.62,5104
2026-02-20 20:15:00,283.62,283.62,283.01,283.48,10311
2026-02-20 20:20:00,283.265,283.275,282.94,283.04,4044
2026-02-20 20:25:00,283.035,283.13,282.51,283.13,5861
2026-02-20 20:30:00,283.27,283.355,283.14,283.355,6740
2026-02-20 20:35:00,283.39,283.47,283.18,283.3,6617
2026-02-20 20:40:00,283.24,283.655,283.17,283.655,13233
2026-02-20 20:45:00,283.53,283.61,283.28,283.435,17598
2026-02-20 20:50:00,283.47,283.5299,282.75,282.94,25546
2026-02-20 20:55:00,282.9,282.99,282.53,282.67,86065
2026-02-23 14:30:00,281.04,283.745,278.971,283.032,30478
2026-02-23 14:35:00,283.63,286.98,283.45,286.24,11299
2026-02-23 14:40:00,286.24,288.48,285.85,288.29,12953
2026-02-23 14:45:00,288.22,289.365,286.455,286.455,19419
2026-02-23 14:50:00,287.04,287.59,286.61,287.47,6667
2026-02-23 14:55:00,287.48,288.24,287.15,288.22,5173
2026-02-23 15:00:00,287.89,287.89,286.035,286.56,10497
2026-02-23 15:05:00,285.985,286.58,285.935,286.29,5566
2026-02-23 15:10:00,286.47,287.06,286.38,286.42,5546
2026-02-23 15:15:00,286.42,286.73,285.8,286.0132,4701
2026-02-23 15:20:00,285.8,285.8,284.585,284.585,2693
2026-02-23 15:25:00,284.58,285.12,284.58,285.12,2019
2026-02-23 15:30:00,285.15,285.17,284.64,284.765,2424
2026-02-23 15:35:00,284.765,285.12,284.765,284.93,4477
2026-02-23 15:40:00,284.92,284.92,283.59,283.73,3481
2026-02-23 15:45:00,283.6,283.93,283.58,283.86,5352
2026-02-23 15:50:00,283.76,284.77,283.76,284.68,11475
2026-02-23 15:55:00,284.675,285.135,284.345,284.345,5073
2026-02-23 16:00:00,284.26,284.575,283.92,284.06,3820
2026-02-23 16:05:00,283.905,284.39,283.905,284.025,5885
2026-02-23 16:10:00,284.19,284.19,283.72,283.72,3039
2026-02-23 16:15:00,283.73,284.18,282.94,283.03,21464
2026-02-23 16:20:00,283.03,283.77,283.03,283.11,18111
2026-02-23 16:25:00,283.27,283.42,282.99,283.19,5104
2026-02-23 16:30:00,283.27,283.59,283.27,283.36,3903
2026-02-23 16:35:00,283.13,283.33,282.615,283.105,4895
2026-02-23 16:40:00,282.77,282.91,282.55,282.6,8196
2026-02-23 16:45:00,282.775,283.04,282.72,282.825,2234
2026-02-23 16:50:00,283.03,283.12,282.74,282.97,2027
2026-02-23 16:55:00,283.06,283.69,282.85,283.625,4760
2026-02-23 17:00:00,283.61,283.79,283.5,283.79,10755
2026-02-23 17:05:00,283.715,283.79,283.08,283.26,8229
2026-02-23 17:10:00,283.235,283.255,282.98,283.189,1306
2026-02-23 17:15:00,283.01,283.79,283.01,283.53,8689
2026-02-23 17:20:00,283.44,284.01,283.3148,283.73,5315
2026-02-23 17:25:00,283.75,283.93,283.675,283.92,2015
2026-02-23 17:30:00,283.88,283.99,283.705,283.9,2737
2026-02-23 17:35:00,284.0,284.25,283.915,284.25,4242
2026-02-23 17:40:00,284.31,284.36,284.16,284.205,3353
2026-02-23 17:45:00,284.2,284.42,283.87,284.05,5132
2026-02-23 17:50:00,284.05,284.17,283.91,284.12,3529
2026-02-23 17:55:00,284.19,284.22,283.85,284.03,5662
2026-02-23 18:00:00,283.995,284.45,283.995,284.32,6093
2026-02-23 18:05:00,284.205,284.57,284.185,284.57,2957
2026-02-23 18:10:00,284.59,284.87,284.48,284.71,6291
2026-02-23 18:15:00,284.68,284.82,284.68,284.725,2589
2026-02-23 18:20:00,284.705,284.9,284.705,284.815,2905
2026-02-23 18:25:00,284.815,285.42,284.73,285.39,3867
2026-02-23 18:30:00,285.35,285.89,285.35,285.88,13103
2026-02-23 18:35:00,285.88,285.98,285.4475,285.72,16895
2026-02-23 18:40:00,285.75,286.01,285.5,285.68,4327
2026-02-23 18:45:00,285.54,285.83,285.35,285.83,3051
2026-02-23 18:50:00,285.89,286.02,285.82,285.925,1584
2026-02-23 18:55:00,286.01,286.03,285.51,285.66,5898
2026-02-23 19:00:00,285.715,285.72,285.35,285.525,9616
2026-02-23 19:05:00,285.525,285.525,284.9,284.97,3495
2026-02-23 19:10:00,284.995,285.3,284.97,285.12,3536
2026-02-23 19:15:00,285.115,285.35,285.03,285.33,3918
2026-02-23 19:20:00,285.35,285.49,285.0001,285.49,4380
2026-02-23 19:25:00,285.49,285.6,285.335,285.57,3143
2026-02-23 19:30:00,285.57,285.7,285.46,285.46,4151
2026-02-23 19:35:00,285.585,285.585,285.1,285.21,8853
2026-02-23 19:40:00,285.105,285.55,285.07,285.25,11426
2026-02-23 19:45:00,285.27,285.3,284.86,285.14,6520
2026-02-23 19:50:00,285.1,285.34,285.1,285.185,2131
2026-02-23 19:55:00,285.34,285.47,285.0701,285.235,8342
2026-02-23 20:00:00,285.24,285.46,285.24,285.46,3005
2026-02-23 20:05:00,285.3645,285.46,284.6501,284.8,11622
2026-02-23 20:10:00,284.72,284.86,284.54,284.695,4208
2026-02-23 20:15:00,284.805,284.88,284.52,284.7575,12144
2026-02-23 20:20:00,284.91,285.0,284.549,284.695,8241
2026-02-23 20:25:00,284.81,285.01,284.755,284.82,4343
2026-02-23 20:30:00,284.885,285.31,284.8476,285.205,5556
2026-02-23 20:35:00,285.205,285.43,285.0721,285.34,9161
2026-02-23 20:40:00,285.385,285.5,285.12,285.21,10655
2026-02-23 20:45:00,285.21,286.09,285.06,286.09,19792
2026-02-23 20:50:00,286.08,286.09,285.11,285.155,23008
2026-02-23 20:55:00,285.07,285.77,284.93,285.42,72718
2026-02-24 14:30:00,285.2,286.57,285.2,286.5175,4795
2026-02-24 14:35:00,286.545,287.51,285.5895,286.83,2231
2026-02-24 14:40:00,286.32,286.374,284.41,284.41,4511
2026-02-24 14:45:00,285.03,286.46,284.92,286.285,3702
2026-02-24 14:50:00,286.6,286.975,285.9101,285.9101,3030
2026-02-24 14:55:00,286.31,286.32,285.65,285.855,3846
2026-02-24 15:00:00,285.43,286.38,284.81,286.38,10233
2026-02-24 15:05:00,286.41,287.09,285.67,285.67,3941
2026-02-24 15:10:00,286.375,287.54,286.375,287.46,17839
2026-02-24 15:15:00,287.48,288.12,287.225,288.06,4325
2026-02-24 15:20:00,288.09,288.88,288.05,288.695,6662
2026-02-24 15:25:00,288.615,289.07,288.53,288.715,2610
2026-02-24 15:30:00,288.715,288.715,287.79,288.19,6671
2026-02-24 15:35:00,288.28,288.3,288.23,288.3,1022
2026-02-24 15:40:00,288.31,288.31,287.41,287.78,4616
2026-02-24 15:45:00,287.43,287.435,287.07,287.435,2313
2026-02-24 15:50:00,287.385,287.6,287.0529,287.58,4014
2026-02-24 15:55:00,287.34,287.62,286.62,286.63,5206
2026-02-24 16:00:00,286.635,286.68,286.03,286.03,5235
2026-02-24 16:05:00,286.01,286.6625,286.0,286.6625,2978
2026-02-24 16:10:00,286.695,286.715,286.57,286.59,3943
2026-02-24 16:15:00,286.74,286.74,285.77,286.03,3471
2026-02-24 16:20:00,286.17,286.17,285.34,285.345,3744
2026-02-24 16:25:00,285.445,286.07,285.445,286.07,3482
2026-02-24 16:30:00,286.045,286.625,286.03,286.07,4702
2026-02-24 16:35:00,286.175,286.55,285.97,286.55,3742
2026-02-24 16:40:00,286.57,286.74,286.3,286.3,4212
2026-02-24 16:45:00,286.125,286.365,286.09,286.34,2052
2026-02-24 16:50:00,286.11,286.11,285.5501,286.03,2852
2026-02-24 16:55:00,285.785,285.7925,285.55,285.55,1465
2026-02-24 17:00:00,285.55,285.95,285.55,285.82,3658
2026-02-24 17:05:00,285.98,285.98,285.66,285.82,3595
2026-02-24 17:10:00,285.82,286.4016,285.815,286.315,5180
2026-02-24 17:15:00,286.32,286.71,286.315,286.655,3783
2026-02-24 17:20:00,286.675,286.675,286.11,286.275,2596
2026-02-24 17:25:00,286.07,286.19,285.975,286.19,2762
2026-02-24 17:30:00,286.415,286.415,286.08,286.215,3990
2026-02-24 17:35:00,286.07,286.07,285.765,285.87,2785
2026-02-24 17:40:00,286.045,286.045,286.035,286.035,1467
2026-02-24 17:45:00,285.8401,285.93,285.69,285.795,2741
2026-02-24 17:50:00,285.795,285.98,285.795,285.805,1007
2026-02-24 17:55:00,285.82,286.0,285.64,285.875,2209
2026-02-24 18:00:00,285.88,286.145,285.88,286.145,2412
2026-02-24 18:05:00,286.24,286.445,286.085,286.115,10743
2026-02-24 18:10:00,286.255,286.55,286.255,286.455,2652
2026-02-24 18:15:00,286.455,286.57,286.455,286.57,1289
2026-02-24 18:20:00,286.54,286.66,286.47,286.65,3159
2026-02-24 18:25:00,286.68,286.935,286.47,286.935,4782
2026-02-24 18:30:00,286.94,287.225,286.94,287.175,3827
2026-02-24 18:35:00,287.175,287.36,287.0916,287.185,3004
2026-02-24 18:40:00,287.24,287.68,287.24,287.68,3167
2026-02-24 18:45:00,287.56,287.84,287.56,287.7,5698
2026-02-24 18:50:00,287.745,287.84,287.44,287.64,4882
2026-02-24 18:55:00,287.645,287.89,287.52,287.625,11487
2026-02-24 19:00:00,287.625,287.72,287.4,287.46,3011
2026-02-24 19:05:00,287.4,287.46,287.3,287.385,4646
2026-02-24 19:10:00,287.53,287.72,287.4501,287.665,2607
2026-02-24 19:15:00,287.665,288.0,287.665,288.0,2896
2026-02-24 19:20:00,288.0,288.0,287.6476,287.8,5492
2026-02-24 19:25:00,287.6,288.0,287.435,287.435,4006
2026-02-24 19:30:00,287.53,287.67,287.17,287.2,3785
2026-02-24 19:35:00,287.2,287.255,287.04,287.255,2770
2026-02-24 19:40:00,287.255,287.28,287.09,287.205,2439
2026-02-24 19:45:00,287.12,287.24,287.005,287.19,10478
2026-02-24 19:50:00,287.195,287.43,287.19,287.43,3510
2026-02-24 19:55:00,287.58,287.82,287.46,287.58,7908
2026-02-24 20:00:00,287.58,287.98,287.58,287.78,4168
2026-02-24 20:05:00,287.78,288.08,287.78,288.075,4225
2026-02-24 20:10:00,287.91,287.95,287.75,287.805,6525
2026-02-24 20:15:00,287.75,287.81,287.5,287.67,8035
2026-02-24 20:20:00,287.74,287.74,287.43,287.46,12246
2026-02-24 20:25:00,287.43,287.475,286.87,286.87,10312
2026-02-24 20:30:00,287.015,287.21,286.815,287.175,12698
2026-02-24 20:35:00,287.175,287.25,287.02,287.135,10732
2026-02-24 20:40:00,287.14,287.36,286.87,287.315,10621
2026-02-24 20:45:00,287.3102,287.71,287.295,287.5942,12722
2026-02-24 20:50:00,287.635,287.835,287.05,287.4,16594
2026-02-24 20:55:00,287.4,287.83,287.09,287.24,64623
2026-02-25 14:30:00,287.33,289.71,287.33,288.24,8606
2026-02-25 14:35:00,288.74,289.71,287.845,289.01,1681
2026-02-25 14:40:00,289.71,289.71,287.01,287.01,5139
2026-02-25 14:45:00,287.0,287.01,286.51,286.9,2054
2026-02-25 14:50:00,285.91,286.6,285.59,285.59,3150
2026-02-25 14:55:00,285.585,285.77,285.27,285.47,2648
2026-02-25 15:00:00,285.56,285.98,285.56,285.98,1474
2026-02-25 15:05:00,285.97,286.38,285.925,286.38,2075
2026-02-25 15:10:00,286.38,286.38,284.51,285.465,10439
2026-02-25 15:15:00,285.22,285.57,285.0,285.41,3240
2026-02-25 15:20:00,285.625,286.05,285.45,285.92,7711
2026-02-25 15:25:00,285.92,285.92,285.68,285.915,5877
2026-02-25 15:30:00,285.965,286.36,285.49,285.49,13615
2026-02-25 15:35:00,285.41,285.43,285.13,285.15,1536
2026-02-25 15:40:00,285.1375,285.39,284.91,285.39,1762
2026-02-25 15:45:00,285.08,285.295,284.61,284.61,4036
2026-02-25 15:50:00,284.9,284.95,284.32,284.645,4859
2026-02-25 15:55:00,284.41,284.595,284.26,284.32,2196
2026-02-25 16:00:00,284.32,284.5,283.75,283.75,7576
2026-02-25 16:05:00,283.7,283.99,283.5018,283.7,5931
2026-02-25 16:10:00,283.775,283.835,283.13,283.305,6245
2026-02-25 16:15:00,283.06,283.1,282.5,282.59,7703
2026-02-25 16:20:00,282.57,282.65,282.09,282.295,9534
2026-02-25 16:25:00,282.29,283.54,282.16,283.33,10457
2026-02-25 16:30:00,283.31,283.57,283.01,283.54,7184
2026-02-25 16:35:00,283.565,283.565,282.68,282.7,10597
2026-02-25 16:40:00,282.61,282.995,282.375,282.995,5839
2026-02-25 16:45:00,283.005,283.44,283.005,283.23,3949
2026-02-25 16:50:00,283.14,283.14,282.8,282.89,3658
2026-02-25 16:55:00,282.7,283.08,282.46,282.475,14419
2026-02-25 17:00:00,282.535,282.98,282.1,282.1,6127
2026-02-25 17:05:00,281.88,281.88,281.47,281.47,2960
2026-02-25 17:10:00,281.2,281.6775,281.07,281.48,4945
2026-02-25 17:15:00,281.68,281.89,281.47,281.89,1151
2026-02-25 17:20:00,281.73,282.5629,281.73,282.5629,3353
2026-02-25 17:25:00,282.65,282.65,282.2,282.27,1306
2026-02-25 17:30:00,282.22,282.54,281.77,281.77,5213
2026-02-25 17:35:00,281.76,281.76,281.36,281.52,1945
2026-02-25 17:40:00,281.51,281.6,281.44,281.515,2145
2026-02-25 17:45:00,281.68,282.4905,281.665,282.4875,4041
2026-02-25 17:50:00,282.27,282.575,282.09,282.55,3970
2026-02-25 17:55:00,282.555,282.555,282.1,282.1,1624
2026-02-25 18:00:00,282.08,282.22,281.53,281.98,5113
2026-02-25 18:05:00,281.99,282.35,281.99,282.135,1977
2026-02-25 18:10:00,282.35,282.7,282.32,282.575,2988
2026-02-25 18:15:00,282.59,282.59,282.34,282.4,3040
2026-02-25 18:20:00,282.34,282.5,282.16,282.27,2323
2026-02-25 18:25:00,282.185,282.52,282.185,282.36,3109
2026-02-25 18:30:00,282.57,282.97,282.47,282.6505,4686
2026-02-25 18:35:00,282.635,282.635,282.02,282.02,3691
2026-02-25 18:40:00,282.01,282.315,282.0,282.14,3154
2026-02-25 18:45:00,282.11,282.235,282.06,282.235,955
2026-02-25 18:50:00,282.235,282.78,282.235,282.78,3745
2026-02-25 18:55:00,282.39,282.57,282.0,282.0,5855
2026-02-25 19:00:00,281.99,282.02,281.84,281.975,2050
2026-02-25 19:05:00,281.9662,282.445,281.84,282.16,3878
2026-02-25 19:10:00,282.395,282.73,282.27,282.3725,5788
2026-02-25 19:15:00,282.405,282.85,282.25,282.7475,3122
2026-02-25 19:20:00,282.75,282.91,282.635,282.74,2619
2026-02-25 19:25:00,282.74,282.86,282.39,282.57,6859
2026-02-25 19:30:00,282.57,283.09,282.57,283.08,6489
2026-02-25 19:35:00,282.9651,282.9651,282.7,282.7,3944
2026-02-25 19:40:00,282.84,282.91,282.61,282.76,2640
2026-02-25 19:45:00,282.68,282.89,282.64,282.74,3677
2026-02-25 19:50:00,282.65,283.07,282.65,283.07,4935
2026-02-25 19:55:00,283.05,283.27,282.89,283.04,2959
2026-02-25 20:00:00,283.0751,283.44,282.77,282.82,6713
2026-02-25 20:05:00,282.825,283.005,282.62,282.815,2209
2026-02-25 20:10:00,282.815,282.815,282.57,282.58,3656
2026-02-25 20:15:00,282.6,282.695,282.45,282.45,5344
2026-02-25 20:20:00,282.43,282.63,281.85,282.01,14064
2026-02-25 20:25:00,282.15,282.29,281.85,281.86,13936
2026-02-25 20:30:00,282.02,282.21,281.87,282.08,3510
2026-02-25 20:35:00,282.23,282.605,282.1025,282.17,8500
2026-02-25 20:40:00,282.28,282.61,282.28,282.455,5191
2026-02-25 20:45:00,282.39,282.5,282.25,282.3775,8386
2026-02-25 20:50:00,282.375,283.03,282.375,282.84,19748
2026-02-25 20:55:00,282.755,283.185,282.74,282.77,58525
2026-02-26 14:30:00,285.95,285.95,282.85,283.08,10295
2026-02-26 14:35:00,282.91,285.055,282.78,283.725,5749
2026-02-26 14:40:00,284.5019,286.1,284.5019,285.48,3170
2026-02-26 14:45:00,286.44,287.21,286.355,286.915,2479
2026-02-26 14:50:00,287.12,287.335,286.61,286.61,6454
2026-02-26 14:55:00,286.935,286.935,286.2,286.69,3690
2026-02-26 15:00:00,286.73,286.89,286.1,286.21,5012
2026-02-26 15:05:00,285.94,286.9,285.93,286.83,2542
2026-02-26 15:10:00,287.1,287.45,286.58,286.935,9184
2026-02-26 15:15:00,286.68,286.9,286.14,286.275,5907
2026-02-26 15:20:00,286.32,286.32,285.63,285.63,4143
2026-02-26 15:25:00,285.725,285.9,285.15,285.31,3443
2026-02-26 15:30:00,285.275,285.52,284.78,284.8925,5242
2026-02-26 15:35:00,284.93,285.61,284.8312,285.12,4647
2026-02-26 15:40:00,285.24,285.4,285.1,285.12,1935
2026-02-26 15:45:00,285.11,285.3,284.67,284.845,6350
2026-02-26 15:50:00,285.06,285.7,284.72,285.56,2627
2026-02-26 15:55:00,285.82,285.85,285.41,285.54,5536
2026-02-26 16:00:00,285.66,285.68,285.2,285.34,4273
2026-02-26 16:05:00,285.34,285.96,285.2,285.905,4412
2026-02-26 16:10:00,285.89,286.2,285.84,285.98,3154
2026-02-26 16:15:00,286.08,286.08,284.89,285.055,10953
2026-02-26 16:20:00,285.12,285.19,284.55,284.61,4827
2026-02-26 16:25:00,284.665,284.9,284.61,284.61,2976
2026-02-26 16:30:00,284.69,284.79,284.52,284.585,3935
2026-02-26 16:35:00,284.57,284.6875,284.39,284.54,4962
2026-02-26 16:40:00,284.5,284.68,284.45,284.615,3430
2026-02-26 16:45:00,284.61,285.46,284.61,285.37,3083
2026-02-26 16:50:00,285.3625,285.3625,284.95,285.09,2734
2026-02-26 16:55:00,285.22,285.6,284.995,285.6,3805
2026-02-26 17:00:00,285.58,285.58,285.17,285.185,3075
2026-02-26 17:05:00,285.076,285.31,285.06,285.19,2209
2026-02-26 17:10:00,285.205,285.39,285.06,285.06,3927
2026-02-26 17:15:00,285.1,285.35,284.96,285.215,3230
2026-02-26 17:20:00,285.255,285.255,284.91,285.05,2566
2026-02-26 17:25:00,285.0625,285.2799,285.0475,285.115,1834
2026-02-26 17:30:00,285.18,285.23,284.83,285.075,7864
2026-02-26 17:35:00,285.075,285.075,284.84,284.91,1350
2026-02-26 17:40:00,284.965,284.965,284.81,284.92,4217
2026-02-26 17:45:00,284.8675,284.98,284.63,284.8,4065
2026-02-26 17:50:00,284.805,285.0542,284.765,284.98,1737
2026-02-26 17:55:00,284.95,284.97,284.37,284.37,8068
2026-02-26 18:00:00,284.38,284.38,284.2585,284.31,3801
2026-02-26 18:05:00,284.285,284.88,284.285,284.745,7722
2026-02-26 18:10:00,284.595,284.93,284.59,284.83,5383
2026-02-26 18:15:00,284.83,284.95,284.64,284.95,1920
2026-02-26 18:20:00,284.95,285.1,284.48,284.665,20271
2026-02-26 18:25:00,284.67,284.96,284.67,284.9475,2408
2026-02-26 18:30:00,284.95,284.96,284.54,284.805,6061
2026-02-26 18:35:00,284.92,285.2,284.59,284.66,7120
2026-02-26 18:40:00,284.665,284.95,284.665,284.94,1965
2026-02-26 18:45:00,285.14,285.49,285.14,285.49,3235
2026-02-26 18:50:00,285.39,285.49,285.2,285.49,4047
2026-02-26 18:55:00,285.48,285.48,285.0,285.39,5776
2026-02-26 19:00:00,285.29,285.49,285.11,285.11,3477
2026-02-26 19:05:00,285.1685,285.76,285.1685,285.76,2048
2026-02-26 19:10:00,285.67,285.79,284.77,285.145,21244
2026-02-26 19:15:00,285.14,285.85,285.14,285.83,3975
2026-02-26 19:20:00,285.85,286.205,285.85,286.05,6715
2026-02-26 19:25:00,286.05,286.48,285.843,286.455,2402
2026-02-26 19:30:00,286.62,286.68,286.29,286.68,8528
2026-02-26 19:35:00,286.72,287.04,286.67,286.785,4549
2026-02-26 19:40:00,286.78,287.1,286.775,286.96,2138
2026-02-26 19:45:00,287.06,287.12,286.8,287.005,5308
2026-02-26 19:50:00,287.065,287.25,286.23,286.385,6110
2026-02-26 19:55:00,286.61,286.61,286.13,286.52,2472
2026-02-26 20:00:00,286.34,287.1,286.34,286.92,6960
2026-02-26 20:05:00,287.0,287.39,286.8832,287.39,4129
2026-02-26 20:10:00,287.24,287.36,286.8,286.84,8271
2026-02-26 20:15:00,286.84,286.9,286.535,286.7,6273
2026-02-26 20:20:00,286.7,286.7,285.947,286.46,10232
2026-02-26 20:25:00,286.46,286.46,286.04,286.19,11147
2026-02-26 20:30:00,286.23,286.5,286.1,286.5,8612
2026-02-26 20:35:00,286.355,286.58,286.17,286.34,9510
2026-02-26 20:40:00,286.35,286.51,286.07,286.42,9312
2026-02-26 20:45:00,286.415,286.69,286.15,286.53,14213
2026-02-26 20:50:00,286.64,287.15,286.64,286.92,17911
2026-02-26 20:55:00,287.02,287.65,286.83,287.59,62529
2026-02-27 14:30:00,287.03,287.145,284.91,286.23,6056
2026-02-27 14:35:00,286.09,287.53,286.09,287.3,2803
2026-02-27 14:40:00,287.4019,288.02,287.3,287.8,5682
2026-02-27 14:45:00,287.81,287.81,286.59,287.145,3033
2026-02-27 14:50:00,286.78,287.6,286.71,287.6,3325
2026-02-27 14:55:00,287.6,288.0,287.06,287.81,2455
2026-02-27 15:00:00,287.92,288.62,287.63,288.62,1494
2026-02-27 15:05:00,288.255,288.49,287.58,287.58,2977
2026-02-27 15:10:00,287.47,287.535,287.035,287.035,1586
2026-02-27 15:15:00,286.985,287.68,286.985,287.68,3479
2026-02-27 15:20:00,287.67,287.86,287.41,287.74,4023
2026-02-27 15:25:00,287.44,287.87,287.44,287.87,1276
2026-02-27 15:30:00,287.84,288.02,287.55,287.9625,5509
2026-02-27 15:35:00,287.935,288.06,287.215,287.41,5435
2026-02-27 15:40:00,287.615,287.69,287.38,287.4,1616
2026-02-27 15:45:00,287.43,287.705,287.0,287.02,4889
2026-02-27 15:50:00,287.08,287.42,287.055,287.42,5217
2026-02-27 15:55:00,287.53,288.03,287.14,287.595,7779
2026-02-27 16:00:00,287.475,287.54,287.29,287.35,5991
2026-02-27 16:05:00,287.35,287.45,287.04,287.135,2554
2026-02-27 16:10:00,286.98,287.04,286.78,286.88,5744
2026-02-27 16:15:00,286.86,287.08,286.64,286.75,7425
2026-02-27 16:20:00,286.7225,287.205,286.72,287.205,19686
2026-02-27 16:25:00,287.315,287.4,287.03,287.375,2685
2026-02-27 16:30:00,287.23,287.32,286.25,286.53,10187
2026-02-27 16:35:00,286.51,286.54,286.13,286.33,3311
2026-02-27 16:40:00,286.19,286.36,285.935,286.345,3006
2026-02-27 16:45:00,286.345,286.5,286.32,286.5,1572
2026-02-27 16:50:00,286.55,286.7746,286.41,286.685,9215
2026-02-27 16:55:00,286.565,286.6425,286.12,286.12,3585
2026-02-27 17:00:00,286.11,286.11,285.8,285.975,3388
2026-02-27 17:05:00,285.975,286.1783,285.9,286.01,1566
2026-02-27 17:10:00,285.97,286.09,285.85,286.075,4719
2026-02-27 17:15:00,286.075,286.45,285.62,286.45,11967
2026-02-27 17:20:00,286.22,286.32,286.19,286.32,940
2026-02-27 17:25:00,286.59,287.045,286.515,287.0425,1692
2026-02-27 17:30:00,287.06,287.49,287.06,287.48,1275
2026-02-27 17:35:00,287.44,287.885,287.385,287.805,3173
2026-02-27 17:40:00,287.805,288.28,287.805,288.28,3543
2026-02-27 17:45:00,288.28,288.39,287.7,287.94,4457
2026-02-27 17:50:00,288.12,288.235,288.12,288.235,936
2026-02-27 17:55:00,288.235,288.44,288.1,288.41,1696
2026-02-27 18:00:00,288.395,288.43,288.395,288.43,1801
2026-02-27 18:05:00,288.755,289.15,288.755,289.15,2008
2026-02-27 18:10:00,289.265,289.5,289.16,289.5,1918
2026-02-27 18:15:00,289.5,289.74,289.45,289.72,1970
2026-02-27 18:20:00,289.6524,289.72,288.61,289.185,6441
2026-02-27 18:25:00,289.265,289.265,289.065,289.16,673
2026-02-27 18:30:00,289.185,289.185,288.85,288.95,1736
2026-02-27 18:35:00,288.95,289.32,288.95,289.32,1399
2026-02-27 18:40:00,289.17,289.29,288.8,289.01,7068
2026-02-27 18:45:00,289.01,289.01,289.01,289.01,499
2026-02-27 18:50:00,288.86,289.33,288.86,289.33,3867
2026-02-27 18:55:00,289.33,289.34,288.97,288.98,2218
2026-02-27 19:00:00,288.99,289.0399,288.71,288.77,7090
2026-02-27 19:05:00,288.74,288.7899,288.07,288.095,3190
2026-02-27 19:10:00,288.095,288.15,287.87,288.035,2900
2026-02-27 19:15:00,288.035,288.04,287.55,287.64,3895
2026-02-27 19:20:00,287.83,287.83,287.48,287.48,2336
2026-02-27 19:25:00,287.48,287.8,287.3,287.59,3455
2026-02-27 19:30:00,287.51,287.7,287.38,287.4,4448
2026-02-27 19:35:00,287.5075,288.055,287.5075,287.92,2919
2026-02-27 19:40:00,288.03,288.03,287.59,287.67,2565
2026-02-27 19:45:00,287.84,288.0,287.83,287.86,4587
2026-02-27 19:50:00,287.91,288.17,287.79,288.09,2172
2026-02-27 19:55:00,288.055,288.18,288.0525,288.16,2458
2026-02-27 20:00:00,288.23,288.58,288.23,288.455,3371
2026-02-27 20:05:00,288.55,288.55,288.265,288.265,4065
2026-02-27 20:10:00,288.265,288.405,288.23,288.23,3063
2026-02-27 20:15:00,288.315,288.925,288.17,288.925,7009
2026-02-27 20:20:00,288.89,288.975,288.7,288.86,3075
2026-02-27 20:25:00,288.865,289.0,288.7601,288.88,6130
2026-02-27 20:30:00,288.98,289.54,288.89,289.335,7221
2026-02-27 20:35:00,289.25,289.56,289.13,289.5,8696
2026-02-27 20:40:00,289.52,290.01,289.47,289.92,12332
2026-02-27 20:45:00,289.885,290.33,289.885,290.33,14053
2026-02-27 20:50:00,290.16,290.65,289.39,289.53,22209
2026-02-27 20:55:00,289.44,289.75,288.81,289.17,53292
2026-03-02 14:30:00,287.24,287.795,286.25,287.72,4526
2026-03-02 14:35:00,288.48,289.12,287.83,288.38,4923
2026-03-02 14:40:00,288.1,288.12,287.14,287.14,1693
2026-03-02 14:45:00,287.175,287.39,286.55,287.39,3090
2026-03-02 14:50:00,287.68,287.9601,287.1,287.1,1320
2026-03-02 14:55:00,287.18,287.215,286.47,286.75,3372
2026-03-02 15:00:00,286.47,288.0,286.22,287.66,4788
2026-03-02 15:05:00,288.0,288.15,287.54,287.54,3469
2026-03-02 15:10:00,287.32,288.04,287.32,287.825,1706
2026-03-02 15:15:00,287.825,287.89,287.48,287.48,1038
2026-03-02 15:20:00,287.47,287.47,286.7198,286.7198,2752
2026-03-02 15:25:00,286.71,286.8425,286.62,286.8425,2642
2026-03-02 15:30:00,286.87,286.89,286.35,286.71,5593
2026-03-02 15:35:00,286.615,286.67,286.17,286.405,1904
2026-03-02 15:40:00,286.36,286.615,285.56,285.725,2701
2026-03-02 15:45:00,285.8,285.93,285.8,285.93,2047
2026-03-02 15:50:00,285.69,285.69,285.39,285.47,1927
2026-03-02 15:55:00,285.23,285.65,285.21,285.56,3446
2026-03-02 16:00:00,285.54,286.17,285.53,285.84,3148
2026-03-02 16:05:00,285.89,285.89,285.36,285.715,2846
2026-03-02 16:10:00,285.81,285.81,285.47,285.715,2027
2026-03-02 16:15:00,285.4,285.81,285.4,285.81,3166
2026-03-02 16:20:00,285.8,285.8,285.35,285.5667,3245
2026-03-02 16:25:00,285.67,285.78,285.36,285.41,2660
2026-03-02 16:30:00,285.52,285.615,285.27,285.4175,2361
2026-03-02 16:35:00,285.4,285.58,285.26,285.58,2037
2026-03-02 16:40:00,285.57,285.92,285.4,285.92,2547
2026-03-02 16:45:00,285.9975,286.45,285.9975,286.175,1158
2026-03-02 16:50:00,286.145,286.37,285.92,286.068,1102
2026-03-02 16:55:00,286.13,286.23,285.67,285.68,3326
2026-03-02 17:00:00,286.1,286.44,286.1,286.33,1337
2026-03-02 17:05:00,286.32,286.61,286.09,286.33,2755
2026-03-02 17:10:00,286.61,286.62,286.61,286.62,575
2026-03-02 17:15:00,286.75,286.75,286.75,286.75,378
2026-03-02 17:20:00,286.58,286.58,286.28,286.28,2414
2026-03-02 17:25:00,286.35,286.425,285.87,285.87,2007
2026-03-02 17:30:00,285.94,286.22,285.895,285.9,2324
2026-03-02 17:35:00,286.01,286.01,286.005,286.005,485
2026-03-02 17:40:00,285.84,286.51,285.84,286.415,2044
2026-03-02 17:45:00,286.6,286.96,286.585,286.82,1264
2026-03-02 17:50:00,286.82,286.8668,286.75,286.8668,1950
2026-03-02 17:55:00,286.82,287.06,286.82,287.06,1441
2026-03-02 18:00:00,287.115,287.26,286.91,286.91,3455
2026-03-02 18:05:00,286.94,287.065,286.84,287.065,1901
2026-03-02 18:10:00,287.065,287.36,286.815,286.985,3632
2026-03-02 18:15:00,286.84,286.84,286.58,286.69,2288
2026-03-02 18:20:00,286.685,286.8399,286.43,286.8399,2323
2026-03-02 18:25:00,286.75,286.99,286.75,286.99,862
2026-03-02 18:30:00,286.5,286.87,286.5,286.87,439
2026-03-02 18:35:00,286.67,286.74,286.55,286.55,1976
2026-03-02 18:40:00,286.645,286.645,286.46,286.505,1120
2026-03-02 18:45:00,286.34,286.41,286.21,286.41,2381
2026-03-02 18:50:00,286.25,286.2701,286.21,286.21,1170
2026-03-02 18:55:00,286.2,286.2,286.0301,286.0301,2279
2026-03-02 19:00:00,286.05,286.17,285.83,286.17,3547
2026-03-02 19:05:00,286.24,286.36,286.0,286.34,1404
2026-03-02 19:10:00,286.335,286.58,286.11,286.46,3165
2026-03-02 19:15:00,286.58,287.06,286.3401,286.79,1164
2026-03-02 19:20:00,286.79,287.06,286.79,287.06,1547
2026-03-02 19:25:00,286.79,287.07,286.555,287.0,3483
2026-03-02 19:30:00,286.865,287.07,286.865,286.995,1517
2026-03-02 19:35:00,286.975,287.37,286.975,287.17,4382
2026-03-02 19:40:00,287.07,287.15,286.86,286.955,4641
2026-03-02 19:45:00,286.87,287.13,286.87,287.04,3183
2026-03-02 19:50:00,287.065,287.42,287.065,287.2595,3247
2026-03-02 19:55:00,287.4,287.455,287.07,287.07,4712
2026-03-02 20:00:00,287.18,287.34,287.1,287.1,4426
2026-03-02 20:05:00,287.11,287.11,286.5,286.5,4504
2026-03-02 20:10:00,286.5895,286.5895,286.0912,286.0912,4640
2026-03-02 20:15:00,286.01,286.3,285.96,285.96,3811
2026-03-02 20:20:00,285.92,286.62,285.92,286.62,3137
2026-03-02 20:25:00,286.395,286.85,286.395,286.6379,2524
2026-03-02 20:30:00,286.65,286.81,286.385,286.51,5681
2026-03-02 20:35:00,286.46,286.78,286.4525,286.685,3274
2026-03-02 20:40:00,286.685,286.79,286.48,286.74,6523
2026-03-02 20:45:00,286.78,286.97,286.48,286.635,11047
2026-03-02 20:50:00,286.74,286.75,286.43,286.43,14107
2026-03-02 20:55:00,286.44,286.8,286.25,286.26,38450
2026-03-03 14:30:00,281.56,284.09,281.56,282.525,7613
2026-03-03 14:35:00,282.8,283.965,282.8,283.965,4837
2026-03-03 14:40:00,283.97,283.97,281.795,281.94,2639
2026-03-03 14:45:00,281.81,281.81,280.57,280.57,3480
2026-03-03 14:50:00,280.66,280.66,279.46,279.74,11331
2026-03-03 14:55:00,279.88,280.21,279.13,279.94,3762
2026-03-03 15:00:00,279.825,279.92,279.23,279.7,3636
2026-03-03 15:05:00,279.52,280.15,278.7,278.99,2328
2026-03-03 15:10:00,278.955,279.41,278.955,279.23,1625
2026-03-03 15:15:00,279.105,279.58,278.95,279.41,2828
2026-03-03 15:20:00,279.08,280.19,278.82,280.19,4111
2026-03-03 15:25:00,280.22,280.68,279.83,280.02,2983
2026-03-03 15:30:00,280.23,280.23,279.5,279.54,3756
2026-03-03 15:35:00,279.535,280.6,279.535,280.11,1454
2026-03-03 15:40:00,279.6501,280.185,279.6501,280.185,936
2026-03-03 15:45:00,280.155,280.155,279.095,279.15,6274
2026-03-03 15:50:00,279.5169,279.81,279.375,279.79,3048
2026-03-03 15:55:00,280.01,280.02,279.885,279.895,1574
2026-03-03 16:00:00,279.665,280.015,279.5,279.6501,2611
2026-03-03 16:05:00,280.005,280.52,279.935,280.49,8593
2026-03-03 16:10:00,280.576,280.63,280.07,280.28,4143
2026-03-03 16:15:00,280.4203,280.4203,279.8,279.8,2806
2026-03-03 16:20:00,279.89,280.0925,279.82,280.065,2801
2026-03-03 16:25:00,280.25,280.33,279.79,279.79,2989
2026-03-03 16:30:00,279.65,279.65,278.86,279.49,8055
2026-03-03 16:35:00,279.685,279.75,279.47,279.5825,2187
2026-03-03 16:40:00,279.65,280.22,279.65,280.06,2496
2026-03-03 16:45:00,280.45,280.67,280.45,280.505,1577
2026-03-03 16:50:00,280.66,280.73,280.45,280.73,1501
2026-03-03 16:55:00,280.63,280.83,280.62,280.63,3792
2026-03-03 17:00:00,280.74,280.81,280.53,280.78,2992
2026-03-03 17:05:00,280.81,281.09,280.58,280.815,1457
2026-03-03 17:10:00,280.815,281.09,280.815,281.09,1196
2026-03-03 17:15:00,281.09,281.35,281.04,281.26,1240
2026-03-03 17:20:00,281.305,281.65,281.305,281.56,1126
2026-03-03 17:25:00,281.11,281.6999,281.11,281.69,1810
2026-03-03 17:30:00,281.41,281.62,281.21,281.24,1283
2026-03-03 17:35:00,281.14,281.4899,281.09,281.14,3776
2026-03-03 17:40:00,281.37,281.9,281.37,281.67,1183
2026-03-03 17:45:00,281.795,282.03,281.63,282.0,1332
2026-03-03 17:50:00,282.0,282.0,281.47,281.47,3591
2026-03-03 17:55:00,281.8,281.8,281.7,281.7,368
2026-03-03 18:00:00,281.89,282.34,281.8301,282.255,2366
2026-03-03 18:05:00,282.41,282.63,282.41,282.485,573
2026-03-03 18:10:00,282.49,282.76,282.39,282.395,2600
2026-03-03 18:15:00,282.5751,282.765,282.5751,282.765,575
2026-03-03 18:20:00,282.75,282.79,282.44,282.49,1867
2026-03-03 18:25:00,282.79,283.064,282.78,283.0,2416
2026-03-03 18:30:00,282.87,283.06,282.87,283.06,1436
2026-03-03 18:35:00,283.13,283.13,283.02,283.02,609
2026-03-03 18:40:00,283.02,283.55,283.02,283.55,2935
2026-03-03 18:45:00,283.37,283.62,283.37,283.62,1318
2026-03-03 18:50:00,283.87,283.98,283.67,283.97,874
2026-03-03 18:55:00,284.03,284.29,283.93,283.97,2179
2026-03-03 19:00:00,284.04,284.04,283.42,283.68,4302
2026-03-03 19:05:00,283.655,283.655,283.165,283.19,2454
2026-03-03 19:10:00,283.22,283.54,283.22,283.54,2415
2026-03-03 19:15:00,283.5875,284.23,283.5875,284.23,1625
2026-03-03 19:20:00,284.04,284.23,283.6875,283.6875,3811
2026-03-03 19:25:00,283.685,284.03,283.65,283.915,1872
2026-03-03 19:30:00,283.88,283.88,283.045,283.235,7202
2026-03-03 19:35:00,283.235,283.78,283.14,283.68,3088
2026-03-03 19:40:00,283.685,284.19,283.571,283.92,3326
2026-03-03 19:45:00,283.92,284.14,283.92,283.99,1374
2026-03-03 19:50:00,283.99,284.16,283.505,283.67,4070
2026-03-03 19:55:00,283.585,283.6,283.36,283.45,2293
2026-03-03 20:00:00,283.49,283.58,283.4,283.56,3391
2026-03-03 20:05:00,283.51,283.79,283.4634,283.77,3200
2026-03-03 20:10:00,283.89,283.89,283.27,283.375,3779
2026-03-03 20:15:00,283.375,283.38,282.9101,283.31,3595
2026-03-03 20:20:00,283.31,283.475,283.05,283.21,3887
2026-03-03 20:25:00,283.28,283.53,283.09,283.31,8328
2026-03-03 20:30:00,283.24,283.24,283.09,283.125,2530
2026-03-03 20:35:00,283.095,283.33,282.92,282.98,5043
2026-03-03 20:40:00,282.87,283.26,282.865,283.26,5872
2026-03-03 20:45:00,283.23,283.42,283.1001,283.39,7277
2026-03-03 20:50:00,283.53,283.68,282.65,283.02,14948
2026-03-03 20:55:00,282.96,283.274,282.78,283.123,34486
2026-03-04 14:30:00,283.05,283.25,281.5,282.19,6384
2026-03-04 14:35:00,281.69,281.9834,281.69,281.73,1476
2026-03-04 14:40:00,282.69,282.69,281.62,281.65,2112
2026-03-04 14:45:00,281.5582,281.5582,280.5,280.925,3345
2026-03-04 14:50:00,281.07,281.49,279.72,279.87,5811
2026-03-04 14:55:00,279.995,281.47,279.23,281.115,4607
2026-03-04 15:00:00,280.77,281.84,280.755,281.475,3594
2026-03-04 15:05:00,281.28,281.28,280.76,281.08,4729
2026-03-04 15:10:00,281.43,282.29,281.43,282.09,4705
2026-03-04 15:15:00,282.09,282.09,281.6,282.0,3352
2026-03-04 15:20:00,282.0,282.67,281.7904,282.465,2361
2026-03-04 15:25:00,282.52,282.68,282.315,282.68,4246
2026-03-04 15:30:00,282.4436,282.68,281.86,282.33,4916
2026-03-04 15:35:00,282.015,282.015,281.6,281.69,2373
2026-03-04 15:40:00,281.69,282.22,281.69,282.22,2271
2026-03-04 15:45:00,282.08,283.16,282.08,283.09,4426
2026-03-04 15:50:00,283.0725,283.53,282.76,282.93,5188
2026-03-04 15:55:00,282.93,282.93,282.44,282.68,2575
2026-03-04 16:00:00,282.755,283.325,282.755,282.77,4655
2026-03-04 16:05:00,282.8,282.8,282.42,282.54,4431
2026-03-04 16:10:00,282.43,282.43,282.055,282.325,2273
2026-03-04 16:15:00,282.325,282.4599,281.94,282.041,2545
2026-03-04 16:20:00,281.83,282.19,281.71,281.91,6052
2026-03-04 16:25:00,281.875,282.015,281.765,281.93,2416
2026-03-04 16:30:00,281.995,282.26,281.99,282.15,6205
2026-03-04 16:35:00,282.08,282.21,281.64,281.64,4683
2026-03-04 16:40:00,281.72,281.805,281.6,281.805,1169
2026-03-04 16:45:00,281.815,281.815,281.615,281.62,2367
2026-03-04 16:50:00,281.61,282.19,281.57,282.19,3946
2026-03-04 16:55:00,281.97,282.005,281.65,281.805,1848
2026-03-04 17:00:00,281.81,281.81,281.7,281.805,1224
2026-03-04 17:05:00,281.65,281.86,281.565,281.86,2938
2026-03-04 17:10:00,282.01,282.01,281.96,281.965,754
2026-03-04 17:15:00,281.85,282.2,281.85,281.96,2886
2026-03-04 17:20:00,281.95,281.95,281.74,281.845,1932
2026-03-04 17:25:00,281.94,282.02,281.82,281.82,1147
2026-03-04 17:30:00,281.745,281.84,281.45,281.84,4143
2026-03-04 17:35:00,281.91,282.08,281.76,282.08,1292
2026-03-04 17:40:00,282.01,282.24,281.95,282.24,3181
2026-03-04 17:45:00,282.25,282.25,281.96,281.99,1733
2026-03-04 17:50:00,282.07,282.42,282.07,282.42,1483
2026-03-04 17:55:00,282.3,282.37,282.27,282.3,2178
2026-03-04 18:00:00,282.11,282.11,282.01,282.01,1960
2026-03-04 18:05:00,281.975,282.17,281.855,282.17,2856
2026-03-04 18:10:00,282.16,282.16,281.7,282.03,2560
2026-03-04 18:15:00,281.77,281.77,281.74,281.74,252
2026-03-04 18:20:00,281.7,281.78,281.69,281.78,1053
2026-03-04 18:25:00,281.78,282.05,281.765,282.05,2677
2026-03-04 18:30:00,282.05,282.13,281.85,281.97,1914
2026-03-04 18:35:00,282.04,282.2,282.04,282.17,1034
2026-03-04 18:40:00,282.095,282.14,281.93,282.06,3230
2026-03-04 18:45:00,281.93,282.03,281.87,281.98,2897
2026-03-04 18:50:00,281.89,281.89,281.71,281.71,1818
2026-03-04 18:55:00,281.65,281.68,281.39,281.43,2154
2026-03-04 19:00:00,281.37,281.45,281.21,281.31,7051
2026-03-04 19:05:00,281.25,281.3,281.14,281.14,2123
2026-03-04 19:10:00,281.15,281.33,280.83,281.33,2389
2026-03-04 19:15:00,281.365,281.7767,281.365,281.5621,3665
2026-03-04 19:20:00,281.38,281.57,281.3,281.39,4324
2026-03-04 19:25:00,281.35,281.445,280.93,280.96,3177
2026-03-04 19:30:00,281.015,281.55,280.93,281.55,3772
2026-03-04 19:35:00,281.6257,281.6257,281.5425,281.545,1315
2026-03-04 19:40:00,281.56,281.82,281.51,281.64,3100
2026-03-04 19:45:00,281.72,281.72,281.5101,281.55,2684
2026-03-04 19:50:00,281.645,282.01,281.645,281.925,3122
2026-03-04 19:55:00,281.83,282.045,281.785,281.79,4298
2026-03-04 20:00:00,281.905,281.905,281.81,281.81,2285
2026-03-04 20:05:00,281.81,281.81,281.57,281.5801,3406
2026-03-04 20:10:00,281.6,281.6,281.41,281.475,3147
2026-03-04 20:15:00,281.475,281.475,281.09,281.09,3628
2026-03-04 20:20:00,281.185,281.19,280.96,281.13,5871
2026-03-04 20:25:00,281.13,281.27,281.01,281.165,8157
2026-03-04 20:30:00,281.175,281.365,281.05,281.09,5932
2026-03-04 20:35:00,281.05,281.05,280.84,280.855,7204
2026-03-04 20:40:00,280.855,281.245,280.825,281.2175,7654
2026-03-04 20:45:00,281.16,281.27,281.14,281.175,7946
2026-03-04 20:50:00,281.27,281.35,280.71,280.885,17978
2026-03-04 20:55:00,280.85,281.15,280.75,280.87,34227
2026-03-05 14:30:00,277.87,278.12,276.32,277.25,7994
2026-03-05 14:35:00,277.31,277.97,276.87,277.92,7016
2026-03-05 14:40:00,278.27,278.47,276.57,276.57,11011
2026-03-05 14:45:00,276.6,276.82,276.02,276.78,1907
2026-03-05 14:50:00,277.3,278.24,277.15,277.44,3418
2026-03-05 14:55:00,277.66,277.96,277.05,277.395,6790
2026-03-05 15:00:00,276.83,276.93,275.03,275.73,13732
2026-03-05 15:05:00,276.09,276.09,274.24,274.995,9571
2026-03-05 15:10:00,275.1,275.98,275.1,275.68,2280
2026-03-05 15:15:00,275.92,276.185,275.61,275.68,2842
2026-03-05 15:20:00,275.7893,276.22,275.575,275.575,2169
2026-03-05 15:25:00,275.63,276.03,275.135,275.135,3867
2026-03-05 15:30:00,275.05,275.24,274.68,275.11,1981
2026-03-05 15:35:00,274.81,275.06,274.6,274.85,3266
2026-03-05 15:40:00,274.945,275.43,274.9,275.125,853
2026-03-05 15:45:00,275.26,275.515,275.13,275.27,1249
2026-03-05 15:50:00,275.43,275.68,275.43,275.47,2135
2026-03-05 15:55:00,275.615,275.615,275.11,275.46,2498
2026-03-05 16:00:00,275.85,275.85,274.99,275.0,2066
2026-03-05 16:05:00,274.93,275.49,274.93,275.395,3593
2026-03-05 16:10:00,275.395,275.57,275.11,275.415,2831
2026-03-05 16:15:00,275.42,275.64,275.2001,275.43,1783
2026-03-05 16:20:00,275.615,275.805,275.41,275.8,3522
2026-03-05 16:25:00,275.82,276.33,275.76,276.04,3569
2026-03-05 16:30:00,276.04,276.08,275.72,275.93,3730
2026-03-05 16:35:00,275.6901,276.02,275.6901,276.02,635
2026-03-05 16:40:00,275.905,276.0901,275.905,275.91,676
2026-03-05 16:45:00,276.11,276.22,275.96,276.08,3523
2026-03-05 16:50:00,276.06,276.36,275.81,276.265,3769
2026-03-05 16:55:00,276.53,276.56,276.495,276.495,884
2026-03-05 17:00:00,276.555,276.79,276.48,276.48,1969
2026-03-05 17:05:00,276.34,276.565,276.34,276.565,294
2026-03-05 17:10:00,276.35,276.3625,275.94,276.0754,5299
2026-03-05 17:15:00,276.13,276.41,276.13,276.34,958
2026-03-05 17:20:00,276.34,276.34,275.86,275.99,2846
2026-03-05 17:25:00,275.89,276.08,275.78,275.98,4037
2026-03-05 17:30:00,275.98,276.02,275.87,275.98,1256
2026-03-05 17:35:00,275.98,276.24,275.98,276.165,1591
2026-03-05 17:40:00,275.99,276.17,275.895,276.17,2336
2026-03-05 17:45:00,276.08,276.44,275.9725,276.275,2437
2026-03-05 17:50:00,276.16,276.43,276.11,276.265,2444
2026-03-05 17:55:00,276.16,276.56,276.16,276.19,2723
2026-03-05 18:00:00,276.18,276.42,276.18,276.37,1386
2026-03-05 18:05:00,276.365,276.365,275.94,275.98,2075
2026-03-05 18:10:00,275.99,276.16,275.7,275.9,2386
2026-03-05 18:15:00,275.85,275.95,275.82,275.82,1481
2026-03-05 18:20:00,275.83,276.17,275.7,275.91,2689
2026-03-05 18:25:00,275.9975,276.19,275.7,275.93,4057
2026-03-05 18:30:00,275.975,276.24,275.83,275.93,4429
2026-03-05 18:35:00,276.07,276.21,276.065,276.09,1734
2026-03-05 18:40:00,276.23,276.375,276.2,276.3525,2182
2026-03-05 18:45:00,276.5,276.5,275.97,276.0725,2623
2026-03-05 18:50:00,275.96,275.96,275.66,275.85,6417
2026-03-05 18:55:00,275.95,276.13,275.915,276.09,2005
2026-03-05 19:00:00,275.9675,275.985,275.64,275.91,5604
2026-03-05 19:05:00,275.86,275.97,275.75,275.76,2539
2026-03-05 19:10:00,275.84,276.21,275.805,276.21,1735
2026-03-05 19:15:00,276.26,276.32,275.9,276.04,3704
2026-03-05 19:20:00,276.0975,276.0975,275.9,275.915,3243
2026-03-05 19:25:00,275.9175,275.935,275.6995,275.845,3811
2026-03-05 19:30:00,275.74,275.775,275.45,275.72,4303
2026-03-05 19:35:00,275.74,275.765,275.49,275.765,3045
2026-03-05 19:40:00,275.765,275.77,275.76,275.765,982
2026-03-05 19:45:00,275.63,275.74,275.55,275.68,2816
2026-03-05 19:50:00,275.69,275.885,275.4,275.4,4563
2026-03-05 19:55:00,275.405,275.74,275.4,275.54,3264
2026-03-05 20:00:00,275.53,276.13,275.51,276.13,5891
2026-03-05 20:05:00,276.0,276.055,275.69,275.855,4550
2026-03-05 20:10:00,275.88,275.9,275.67,275.885,2047
2026-03-05 20:15:00,275.67,276.09,275.59,275.945,7414
2026-03-05 20:20:00,275.975,276.0593,275.88,275.98,2523
2026-03-05 20:25:00,275.99,276.085,275.67,275.67,4513
2026-03-05 20:30:00,275.665,275.67,275.47,275.59,5978
2026-03-05 20:35:00,275.51,275.72,275.1642,275.25,5446
2026-03-05 20:40:00,275.26,275.575,275.205,275.56,6725
2026-03-05 20:45:00,275.54,275.9025,275.54,275.865,7995
2026-03-05 20:50:00,275.95,276.1,275.63,276.1,18845
2026-03-05 20:55:00,276.0875,276.145,275.589,275.87,57797
2026-03-06 14:30:00,273.38,274.53,272.37,272.37,5152
2026-03-06 14:35:00,271.76,272.17,270.74,270.8,5495
2026-03-06 14:40:00,270.8,270.845,269.3,270.1025,3213
2026-03-06 14:45:00,270.425,270.47,269.495,270.47,13454
2026-03-06 14:50:00,270.4,271.355,270.4,271.04,6403
2026-03-06 14:55:00,270.96,271.88,270.85,271.615,8013
2026-03-06 15:00:00,271.305,271.94,270.68,271.34,10421
2026-03-06 15:05:00,271.69,271.69,270.99,271.065,2091
2026-03-06 15:10:00,271.32,271.39,271.3,271.3,636
2026-03-06 15:15:00,271.305,271.32,270.7633,271.0,4059
2026-03-06 15:20:00,270.96,271.5,270.96,271.5,1622
2026-03-06 15:25:00,271.4,271.4815,270.14,270.525,12614
2026-03-06 15:30:00,270.57,271.0,270.555,270.9999,1935
2026-03-06 15:35:00,270.88,271.555,270.88,271.2,3451
2026-03-06 15:40:00,271.15,271.2,270.59,270.89,4375
2026-03-06 15:45:00,270.64,270.64,269.56,269.65,16159
2026-03-06 15:50:00,269.65,270.0,268.57,269.115,9145
2026-03-06 15:55:00,269.19,269.52,268.891,269.205,5739
2026-03-06 16:00:00,269.5,269.565,269.18,269.345,3003
2026-03-06 16:05:00,269.385,269.395,268.8,269.06,7067
2026-03-06 16:10:00,268.95,269.155,268.84,268.88,2388
2026-03-06 16:15:00,268.93,269.33,268.79,269.025,3669
2026-03-06 16:20:00,269.32,269.7,269.25,269.535,3492
2026-03-06 16:25:00,269.37,269.64,269.37,269.63,2542
2026-03-06 16:30:00,269.36,269.385,269.095,269.095,2767
2026-03-06 16:35:00,269.095,269.45,269.095,269.45,956
2026-03-06 16:40:00,269.52,269.6,269.145,269.145,1706
2026-03-06 16:45:00,269.27,269.355,269.27,269.355,870
2026-03-06 16:50:00,269.58,269.94,269.48,269.6,4215
2026-03-06 16:55:00,269.595,269.79,269.4,269.71,1833
2026-03-06 17:00:00,269.47,269.47,268.91,269.04,3499
2026-03-06 17:05:00,268.81,269.15,268.35,268.36,2800
2026-03-06 17:10:00,268.53,268.62,268.4,268.535,2311
2026-03-06 17:15:00,268.63,268.8499,268.33,268.6,3075
2026-03-06 17:20:00,268.72,268.97,268.72,268.78,1231
2026-03-06 17:25:00,268.77,268.77,268.18,268.18,2267
2026-03-06 17:30:00,268.17,268.47,268.12,268.47,1676
2026-03-06 17:35:00,268.455,268.455,268.12,268.14,1608
2026-03-06 17:40:00,268.31,268.31,267.97,268.025,2299
2026-03-06 17:45:00,268.04,268.13,267.945,268.13,1126
2026-03-06 17:50:00,267.995,268.2,267.93,267.99,2229
2026-03-06 17:55:00,267.83,267.93,267.78,267.92,1419
2026-03-06 18:00:00,267.97,268.52,267.97,268.47,1992
2026-03-06 18:05:00,268.475,268.67,268.475,268.515,1612
2026-03-06 18:10:00,268.47,268.73,268.47,268.58,3608
2026-03-06 18:15:00,268.75,268.91,268.5501,268.73,2651
2026-03-06 18:20:00,268.7484,269.03,268.69,268.895,2758
2026-03-06 18:25:00,268.82,269.44,268.64,269.44,4259
2026-03-06 18:30:00,269.57,269.57,269.39,269.42,2178
2026-03-06 18:35:00,269.17,269.175,268.62,268.625,3354
2026-03-06 18:40:00,268.62,268.62,268.445,268.6,998
2026-03-06 18:45:00,268.66,268.97,268.66,268.97,2413
2026-03-06 18:50:00,268.87,268.91,268.52,268.52,3706
2026-03-06 18:55:00,268.525,268.91,268.5225,268.77,2011
2026-03-06 19:00:00,268.6832,268.845,268.66,268.66,2332
2026-03-06 19:05:00,268.65,269.142,268.65,269.03,3909
2026-03-06 19:10:00,269.035,269.51,269.035,269.17,3214
2026-03-06 19:15:00,269.12,269.3172,269.02,269.14,2935
2026-03-06 19:20:00,269.22,269.335,268.98,268.98,6488
2026-03-06 19:25:00,268.825,269.2,268.75,269.2,2212
2026-03-06 19:30:00,269.175,269.195,269.01,269.135,867
2026-03-06 19:35:00,269.03,269.57,269.02,269.21,4622
2026-03-06 19:40:00,269.21,269.46,269.12,269.12,2481
2026-03-06 19:45:00,269.195,269.26,268.9242,269.1,3347
2026-03-06 19:50:00,269.1,269.215,268.97,269.215,918
2026-03-06 19:55:00,269.32,269.32,269.04,269.06,2640
2026-03-06 20:00:00,269.135,269.35,269.06,269.12,2708
2026-03-06 20:05:00,269.12,269.3999,269.12,269.285,3509
2026-03-06 20:10:00,269.27,269.27,269.04,269.06,4450
2026-03-06 20:15:00,269.045,269.21,269.045,269.19,1991
2026-03-06 20:20:00,269.25,269.34,269.09,269.24,6489
2026-03-06 20:25:00,269.15,269.47,269.12,269.4001,4643
2026-03-06 20:30:00,269.55,269.72,269.37,269.4498,8216
2026-03-06 20:35:00,269.41,269.73,269.3301,269.73,7095
2026-03-06 20:40:00,269.73,269.855,269.52,269.57,10593
2026-03-06 20:45:00,269.64,269.68,269.21,269.295,7825
2026-03-06 20:50:00,269.16,270.18,268.76,269.93,20210
2026-03-06 20:55:00,270.01,270.2,269.625,269.64,55613
2026-03-09 13:30:00,268.38,268.485,266.6,267.27,13117
2026-03-09 13:35:00,267.27,267.65,265.45,265.45,12886
2026-03-09 13:40:00,265.9179,265.9179,264.68,265.33,10090
2026-03-09 13:45:00,264.93,265.7,264.42,265.5,7624
2026-03-09 13:50:00,265.5,266.215,264.87,264.97,4561
2026-03-09 13:55:00,265.09,265.655,264.59,265.08,6532
2026-03-09 14:00:00,265.84,266.27,265.49,266.27,6051
2026-03-09 14:05:00,266.07,266.22,264.67,264.67,3138
2026-03-09 14:10:00,265.05,265.11,264.24,264.27,5645
2026-03-09 14:15:00,264.635,265.1199,264.495,264.98,2952
2026-03-09 14:20:00,264.63,265.6105,264.61,265.23,2859
2026-03-09 14:25:00,265.25,265.25,264.88,264.88,1814
2026-03-09 14:30:00,264.925,265.64,264.86,265.64,2646
2026-03-09 14:35:00,265.66,266.04,265.66,266.04,1476
2026-03-09 14:40:00,265.81,265.95,265.73,265.73,2154
2026-03-09 14:45:00,266.03,266.36,265.985,265.99,4061
2026-03-09 14:50:00,266.03,266.7,266.0225,266.7,1709
2026-03-09 14:55:00,266.83,266.95,266.61,266.935,2178
2026-03-09 15:00:00,267.03,267.83,267.03,267.8125,4233
2026-03-09 15:05:00,267.78,268.13,267.43,267.61,3795
2026-03-09 15:10:00,267.77,268.01,267.6,267.74,3557
2026-03-09 15:15:00,267.63,268.04,267.63,267.82,1274
2026-03-09 15:20:00,268.03,268.215,267.86,267.87,3906
2026-03-09 15:25:00,267.61,267.61,267.28,267.28,4640
2026-03-09 15:30:00,267.24,267.28,266.94,267.11,2811
2026-03-09 15:35:00,266.84,267.18,266.56,267.14,8824
2026-03-09 15:40:00,267.14,267.43,267.14,267.39,2579
2026-03-09 15:45:00,267.385,267.73,267.24,267.24,5760
2026-03-09 15:50:00,267.39,267.39,267.165,267.24,876
2026-03-09 15:55:00,267.375,267.915,267.35,267.915,2479
2026-03-09 16:00:00,267.9,267.94,267.495,267.665,3745
2026-03-09 16:05:00,267.87,268.04,267.55,267.96,1682
2026-03-09 16:10:00,267.845,268.63,267.845,268.6,1493
2026-03-09 16:15:00,268.4,268.59,268.38,268.59,2790
2026-03-09 16:20:00,268.59,269.01,268.48,268.92,3129
2026-03-09 16:25:00,269.145,269.31,268.98,269.03,2056
2026-03-09 16:30:00,268.96,268.96,268.415,268.83,12443
2026-03-09 16:35:00,268.82,269.04,268.695,268.895,1664
2026-03-09 16:40:00,268.895,269.0,268.66,268.93,1227
2026-03-09 16:45:00,269.13,269.54,269.12,269.54,2062
2026-03-09 16:50:00,269.38,269.54,269.02,269.16,3415
2026-03-09 16:55:00,269.0,269.025,268.74,268.8,4694
2026-03-09 17:00:00,268.79,269.05,268.79,268.995,2281
2026-03-09 17:05:00,268.995,269.01,268.86,268.98,2073
2026-03-09 17:10:00,269.09,269.1401,268.955,269.07,2673
2026-03-09 17:15:00,268.96,269.0075,268.74,268.87,3069
2026-03-09 17:20:00,268.855,268.855,268.56,268.66,1377
2026-03-09 17:25:00,268.47,268.5025,268.33,268.495,2525
2026-03-09 17:30:00,268.465,268.68,268.35,268.5275,1666
2026-03-09 17:35:00,268.35,268.35,268.14,268.14,2424
2026-03-09 17:40:00,268.255,268.61,268.16,268.32,2441
2026-03-09 17:45:00,268.37,268.67,268.37,268.59,2633
2026-03-09 17:50:00,268.59,268.94,268.59,268.88,2096
2026-03-09 17:55:00,268.88,268.88,268.74,268.865,939
2026-03-09 18:00:00,268.76,268.9815,268.7,268.96,2734
2026-03-09 18:05:00,269.04,269.255,268.905,269.19,2438
2026-03-09 18:10:00,269.19,269.33,269.0401,269.32,2323
2026-03-09 18:15:00,269.2,269.57,269.08,269.48,5154
2026-03-09 18:20:00,269.48,269.77,269.37,269.545,6753
2026-03-09 18:25:00,269.545,269.575,269.47,269.545,4256
2026-03-09 18:30:00,269.54,269.94,269.54,269.89,3280
2026-03-09 18:35:00,269.91,270.26,269.91,270.185,1807
2026-03-09 18:40:00,270.185,270.43,270.02,270.225,2937
2026-03-09 18:45:00,270.235,270.51,270.235,270.3525,1479
2026-03-09 18:50:00,270.22,270.585,270.22,270.52,3831
2026-03-09 18:55:00,270.38,270.76,270.35,270.76,6481
2026-03-09 19:00:00,270.595,270.6,270.455,270.58,1985
2026-03-09 19:05:00,270.6,270.75,270.35,270.58,7955
2026-03-09 19:10:00,270.635,270.76,270.57,270.59,2447
2026-03-09 19:15:00,270.55,271.08,270.54,271.08,6477
2026-03-09 19:20:00,271.295,272.09,271.27,271.905,5742
2026-03-09 19:25:00,272.07,272.7,271.975,272.7,5696
2026-03-09 19:30:00,272.745,273.75,272.42,273.71,12884
2026-03-09 19:35:00,273.74,274.35,273.5556,274.22,10287
2026-03-09 19:40:00,274.095,274.095,273.66,274.02,14455
2026-03-09 19:45:00,274.02,274.22,273.7,274.055,10690
2026-03-09 19:50:00,274.19,274.22,273.66,273.75,18646
2026-03-09 19:55:00,273.73,273.82,273.47,273.52,54526
