timestamp,Open,High,Low,Close,Volume
2026-01-05 14:30:00,228.74,228.74,227.18,228.1899,2446345
2026-01-05 14:35:00,228.2312,229.25,228.12,229.065,828923
2026-01-05 14:40:00,229.05,231.47,229.02,231.23,1189493
2026-01-05 14:45:00,231.25,232.0,230.61,230.8472,987842
2026-01-05 14:50:00,230.85,231.618,230.4112,230.96,787526
2026-01-05 14:55:00,230.97,231.2799,230.38,230.95,535907
2026-01-05 15:00:00,230.98,231.58,230.83,231.525,573144
2026-01-05 15:05:00,231.52,232.08,231.3,231.84,796884
2026-01-05 15:10:00,231.85,232.54,231.62,232.4,4402707
2026-01-05 15:15:00,232.42,233.17,232.41,233.15,0
2026-01-05 15:20:00,233.165,233.45,232.91,233.225,576062
2026-01-05 15:25:00,233.225,233.56,232.98,233.22,622729
2026-01-05 15:30:00,233.2225,233.4,232.72,232.7786,519177
2026-01-05 15:35:00,232.75,232.805,232.2367,232.2499,414684
2026-01-05 15:40:00,232.21,232.4565,231.85,231.91,451063
2026-01-05 15:45:00,231.92,232.28,231.875,232.0094,303749
2026-01-05 15:50:00,232.01,232.225,231.66,231.71,284337
2026-01-05 15:55:00,231.705,232.05,231.65,231.845,273510
2026-01-05 16:00:00,231.83,231.85,231.35,231.5,282535
2026-01-05 16:05:00,231.5,231.89,231.46,231.7379,304391
2026-01-05 16:10:00,231.75,232.13,231.72,231.78,315239
2026-01-05 16:15:00,231.773,231.84,231.61,231.71,240295
2026-01-05 16:20:00,231.72,232.18,231.62,232.135,348077
2026-01-05 16:25:00,232.11,232.32,232.07,232.25,331369
2026-01-05 16:30:00,232.2501,232.8,232.23,232.57,448701
2026-01-05 16:35:00,232.58,232.6499,232.11,232.325,307666
2026-01-05 16:40:00,232.31,232.59,232.11,232.5,179015
2026-01-05 16:45:00,232.48,232.965,232.46,232.94,294452
2026-01-05 16:50:00,232.94,233.0,232.7173,232.85,219941
2026-01-05 16:55:00,232.85,232.91,232.68,232.75,209854
2026-01-05 17:00:00,232.77,233.222,232.76,233.14,326199
2026-01-05 17:05:00,233.13,233.72,233.13,233.57,397745
2026-01-05 17:10:00,233.565,233.85,233.535,233.669,355854
2026-01-05 17:15:00,233.69,233.715,232.97,233.09,246121
2026-01-05 17:20:00,233.0881,233.15,232.87,232.95,215822
2026-01-05 17:25:00,232.9499,233.3,232.8701,233.19,296412
2026-01-05 17:30:00,233.16,233.35,232.9,233.26,232957
2026-01-05 17:35:00,233.28,233.64,233.26,233.61,227157
2026-01-05 17:40:00,233.605,233.6899,233.52,233.65,221267
2026-01-05 17:45:00,233.64,234.0,233.63,233.73,276311
2026-01-05 17:50:00,233.72,233.72,233.475,233.64,166119
2026-01-05 17:55:00,233.64,233.64,233.34,233.43,252748
2026-01-05 18:00:00,233.44,233.71,233.18,233.221,228691
2026-01-05 18:05:00,233.215,233.215,232.71,232.71,235691
2026-01-05 18:10:00,232.71,232.855,232.58,232.855,222312
2026-01-05 18:15:00,232.85,232.8798,232.4614,232.53,178300
2026-01-05 18:20:00,232.52,232.71,232.45,232.705,171871
2026-01-05 18:25:00,232.71,232.79,232.4701,232.61,158766
2026-01-05 18:30:00,232.63,232.7,232.5286,232.68,116938
2026-01-05 18:35:00,232.69,232.691,232.48,232.49,120268
2026-01-05 18:40:00,232.48,232.66,232.46,232.58,148783
2026-01-05 18:45:00,232.59,232.76,232.57,232.58,178464
2026-01-05 18:50:00,232.57,232.62,232.41,232.62,176619
2026-01-05 18:55:00,232.59,232.73,232.525,232.7,195778
2026-01-05 19:00:00,232.7039,233.065,232.68,233.0394,201983
2026-01-05 19:05:00,233.03,233.22,232.99,233.11,200359
2026-01-05 19:10:00,233.105,233.345,233.01,233.34,236498
2026-01-05 19:15:00,233.345,233.45,233.0,233.01,205885
2026-01-05 19:20:00,233.03,233.19,232.98,233.025,162169
2026-01-05 19:25:00,233.0301,233.13,232.79,232.8451,176689
2026-01-05 19:30:00,232.81,232.9,232.71,232.79,152862
2026-01-05 19:35:00,232.79,232.805,232.54,232.57,145312
2026-01-05 19:40:00,232.55,232.56,232.3767,232.3987,156416
2026-01-05 19:45:00,232.405,232.73,232.38,232.55,157171
2026-01-05 19:50:00,232.55,232.74,232.465,232.71,148700
2026-01-05 19:55:00,232.72,232.86,232.66,232.76,163484
2026-01-05 20:00:00,232.74,233.09,232.74,233.03,136583
2026-01-05 20:05:00,233.02,233.08,232.895,232.96,149677
2026-01-05 20:10:00,232.95,233.11,232.8001,232.81,173826
2026-01-05 20:15:00,232.8112,232.91,232.765,232.8939,182453
2026-01-05 20:20:00,232.895,232.96,232.73,232.7852,148641
2026-01-05 20:25:00,232.785,232.86,232.58,232.65,249510
2026-01-05 20:30:00,232.64,232.82,232.59,232.65,214333
2026-01-05 20:35:00,232.655,232.77,232.61,232.66,217563
2026-01-05 20:40:00,232.67,232.76,232.56,232.705,220953
2026-01-05 20:45:00,232.7,232.9,232.68,232.86,266048
2026-01-05 20:50:00,232.87,232.88,232.28,232.38,685669
2026-01-05 20:55:00,232.38,233.175,232.35,233.05,1313034
2026-01-06 14:30:00,232.2,234.41,232.1406,233.87,1732645
2026-01-06 14:35:00,233.835,234.74,233.835,234.675,578326
2026-01-06 14:40:00,234.6999,235.17,234.25,234.895,464936
2026-01-06 14:45:00,234.9,235.2899,234.49,235.2012,519395
2026-01-06 14:50:00,235.2,236.28,235.2,236.265,663406
2026-01-06 14:55:00,236.2553,236.961,236.16,236.905,546198
2026-01-06 15:00:00,236.905,237.17,235.96,236.02,569558
2026-01-06 15:05:00,236.04,236.7143,235.75,235.8,419302
2026-01-06 15:10:00,235.79,236.4,235.635,236.37,337760
2026-01-06 15:15:00,236.36,237.09,236.1,236.795,355023
2026-01-06 15:20:00,236.81,237.0,236.49,236.8992,276266
2026-01-06 15:25:00,236.9226,237.43,236.9,237.33,370083
2026-01-06 15:30:00,237.3,237.8199,237.1,237.745,381071
2026-01-06 15:35:00,237.71,238.185,237.55,238.15,482286
2026-01-06 15:40:00,238.04,238.44,237.99,238.23,506981
2026-01-06 15:45:00,237.92,238.37,237.72,238.32,572839
2026-01-06 15:50:00,238.33,238.495,237.8901,237.93,336342
2026-01-06 15:55:00,238.03,238.32,237.9,238.12,368717
2026-01-06 16:00:00,238.1,238.26,238.0,238.05,413125
2026-01-06 16:05:00,237.8572,238.062,237.56,237.9977,411978
2026-01-06 16:10:00,238.0001,238.1,237.61,237.64,247206
2026-01-06 16:15:00,237.85,237.85,237.65,237.755,261720
2026-01-06 16:20:00,237.9099,238.86,237.88,238.845,451536
2026-01-06 16:25:00,238.515,238.7562,238.4078,238.67,494932
2026-01-06 16:30:00,238.6885,238.815,238.17,238.305,347893
2026-01-06 16:35:00,237.94,238.61,237.71,238.55,416271
2026-01-06 16:40:00,238.56,238.56,238.52,238.53,3753
2026-01-06 16:50:00,238.77,238.93,238.625,238.86,890989
2026-01-06 16:55:00,238.86,238.8644,238.4799,238.71,134468
2026-01-06 17:00:00,238.7207,239.35,238.68,239.34,532584
2026-01-06 17:05:00,239.34,240.44,239.28,240.0549,708255
2026-01-06 17:10:00,240.08,240.19,239.86,240.18,174572
2026-01-06 17:15:00,240.64,240.73,240.49,240.51,469545
2026-01-06 17:20:00,240.535,241.26,240.4,241.1903,664790
2026-01-06 17:25:00,241.1729,242.6599,241.16,242.2301,1120608
2026-01-06 17:30:00,242.255,242.459,241.69,241.99,754155
2026-01-06 17:35:00,241.985,242.92,241.94,242.7019,669027
2026-01-06 17:40:00,242.71,242.88,242.2405,242.5,750003
2026-01-06 17:45:00,241.93,242.015,241.67,241.75,398599
2026-01-06 17:50:00,241.6602,241.9699,241.48,241.82,482578
2026-01-06 17:55:00,241.755,241.8865,241.59,241.86,463449
2026-01-06 18:00:00,241.874,242.36,241.68,242.36,359977
2026-01-06 18:05:00,242.084,242.11,241.77,241.8664,459747
2026-01-06 18:10:00,241.875,241.96,241.74,241.7899,289708
2026-01-06 18:15:00,241.79,241.97,241.7019,241.93,237985
2026-01-06 18:20:00,241.8001,241.9,241.77,241.811,203034
2026-01-06 18:25:00,241.74,241.79,241.58,241.69,202367
2026-01-06 18:30:00,242.12,242.19,242.06,242.0991,312033
2026-01-06 18:40:00,241.68,241.86,241.651,241.73,612892
2026-01-06 18:45:00,242.085,242.53,242.06,242.48,341135
2026-01-06 18:50:00,242.47,242.6,242.28,242.55,225804
2026-01-06 18:55:00,242.3,242.345,241.87,241.955,302509
2026-01-06 19:00:00,241.945,242.07,241.538,241.655,237720
2026-01-06 19:05:00,241.655,241.68,241.25,241.253,206140
2026-01-06 19:10:00,241.38,241.445,241.165,241.23,184069
2026-01-06 19:15:00,241.13,241.2701,241.07,241.23,315552
2026-01-06 19:20:00,241.22,241.29,240.9,240.915,209966
2026-01-06 19:25:00,240.9006,241.24,240.8875,241.175,174166
2026-01-06 19:30:00,240.53,240.68,240.5,240.59,279133
2026-01-06 19:35:00,240.7566,240.8399,240.64,240.76,309568
2026-01-06 19:40:00,240.76,240.98,240.6368,240.94,206412
2026-01-06 19:45:00,240.936,241.39,240.92,241.29,225262
2026-01-06 19:50:00,241.2142,241.606,241.2,241.53,229717
2026-01-06 19:55:00,241.545,241.6399,241.46,241.595,321797
2026-01-06 20:00:00,241.61,241.7919,241.55,241.69,223074
2026-01-06 20:05:00,241.7,241.735,241.5301,241.59,179325
2026-01-06 20:10:00,241.8,241.82,241.48,241.62,169214
2026-01-06 20:15:00,241.6109,241.67,241.46,241.46,251682
2026-01-06 20:20:00,241.16,241.18,240.61,240.71,467780
2026-01-06 20:25:00,240.8888,240.9132,240.69,240.86,375281
2026-01-06 20:30:00,240.85,241.15,240.76,241.08,297311
2026-01-06 20:35:00,241.095,241.26,241.0501,241.26,58542
2026-01-06 20:40:00,241.375,241.73,241.27,241.71,528100
2026-01-06 20:45:00,241.33,241.4,241.02,241.03,284730
2026-01-06 20:50:00,240.86,241.0311,240.66,240.95,859305
2026-01-06 20:55:00,240.96,241.21,240.9,241.055,229984
2026-01-07 14:30:00,239.61,241.91,239.52,241.65,2308488
2026-01-07 14:35:00,241.65,243.25,241.5962,243.25,937457
2026-01-07 14:40:00,243.26,243.5,242.44,242.6,788628
2026-01-07 14:45:00,242.61,243.74,242.15,243.39,939735
2026-01-07 14:50:00,243.39,243.39,242.5,242.91,489695
2026-01-07 14:55:00,242.88,243.665,242.84,243.6,389672
2026-01-07 15:00:00,243.61,243.7,242.5301,242.7982,571994
2026-01-07 15:05:00,242.84,243.35,242.51,243.08,430238
2026-01-07 15:10:00,243.08,243.92,243.05,243.77,494232
2026-01-07 15:15:00,243.75,243.7692,242.27,242.41,443275
2026-01-07 15:20:00,242.39,242.7727,242.2,242.67,347990
2026-01-07 15:25:00,242.68,242.704,242.29,242.43,276032
2026-01-07 15:30:00,242.43,243.3,242.41,242.94,343265
2026-01-07 15:35:00,242.935,243.755,242.84,243.5131,380850
2026-01-07 15:40:00,243.539,243.54,243.1,243.16,3372657
2026-01-07 15:45:00,243.195,243.54,243.02,243.2761,0
2026-01-07 15:50:00,243.26,243.83,243.2204,243.715,208860
2026-01-07 15:55:00,243.72,244.2712,243.7,244.2712,446226
2026-01-07 16:00:00,244.2612,244.76,244.25,244.74,413511
2026-01-07 16:05:00,244.76,244.795,244.4601,244.475,49632
2026-01-07 16:10:00,243.94,243.99,243.93,243.975,546468
2026-01-07 16:15:00,243.98,244.06,243.57,243.87,372733
2026-01-07 16:20:00,243.88,244.04,243.5013,243.69,276356
2026-01-07 16:25:00,243.7111,243.78,243.39,243.49,181849
2026-01-07 16:30:00,243.52,243.605,243.1101,243.14,213260
2026-01-07 16:35:00,243.15,243.2599,243.05,243.07,203055
2026-01-07 16:40:00,243.065,243.3015,242.9845,243.15,348391
2026-01-07 16:45:00,243.14,243.5699,242.9758,243.32,231907
2026-01-07 16:50:00,243.33,243.795,243.1601,243.775,289470
2026-01-07 16:55:00,243.79,244.167,243.77,244.1,234951
2026-01-07 17:00:00,244.105,244.26,243.72,243.755,215865
2026-01-07 17:05:00,243.77,244.19,243.77,244.117,204490
2026-01-07 17:10:00,244.11,244.3208,243.99,244.285,254082
2026-01-07 17:15:00,244.27,244.47,244.0,244.45,281822
2026-01-07 17:20:00,244.4662,244.4752,244.1101,244.29,252511
2026-01-07 17:25:00,244.299,244.73,244.22,244.418,290613
2026-01-07 17:30:00,244.43,244.43,244.13,244.33,274154
2026-01-07 17:35:00,244.34,244.73,244.325,244.67,223478
2026-01-07 17:40:00,244.67,245.05,244.4,244.9,578806
2026-01-07 17:45:00,244.9,244.9,244.44,244.57,276326
2026-01-07 17:50:00,244.56,244.5899,244.08,244.565,231676
2026-01-07 17:55:00,244.57,245.29,244.545,245.14,332333
2026-01-07 18:00:00,245.12,245.25,244.935,245.03,308971
2026-01-07 18:05:00,245.02,245.16,244.91,245.005,205910
2026-01-07 18:10:00,245.0,245.16,244.95,245.07,158342
2026-01-07 18:15:00,245.075,245.11,244.82,244.97,216437
2026-01-07 18:20:00,244.97,245.0851,244.64,244.825,207573
2026-01-07 18:25:00,244.7801,244.94,244.5351,244.9,157987
2026-01-07 18:30:00,244.9,245.19,244.79,245.19,168679
2026-01-07 18:35:00,245.19,245.21,245.0,245.04,149079
2026-01-07 18:40:00,245.0494,245.16,244.929,245.12,159733
2026-01-07 18:45:00,245.11,245.23,244.97,245.09,182418
2026-01-07 18:50:00,245.09,245.25,244.98,245.02,133823
2026-01-07 18:55:00,245.0083,245.0208,244.26,244.3,662517
2026-01-07 19:00:00,244.3,244.31,244.0667,244.167,222272
2026-01-07 19:05:00,244.17,244.19,243.7201,243.79,184331
2026-01-07 19:10:00,243.785,243.81,243.38,243.57,184018
2026-01-07 19:15:00,243.56,243.56,243.16,243.31,241680
2026-01-07 19:20:00,243.34,243.3569,242.92,243.105,240903
2026-01-07 19:25:00,243.1116,243.262,242.78,243.25,221660
2026-01-07 19:30:00,243.26,243.755,243.24,243.75,254219
2026-01-07 19:35:00,243.74,243.7699,243.39,243.5478,184221
2026-01-07 19:40:00,243.54,243.7,243.43,243.55,143089
2026-01-07 19:45:00,243.555,243.58,243.23,243.2814,147279
2026-01-07 19:50:00,243.28,243.32,243.15,243.24,157288
2026-01-07 19:55:00,243.24,243.25,242.468,242.468,242446
2026-01-07 20:00:00,242.46,242.63,242.21,242.4799,290816
2026-01-07 20:05:00,242.48,242.51,242.14,242.2218,228827
2026-01-07 20:10:00,242.22,242.4399,241.95,242.09,303573
2026-01-07 20:15:00,242.06,242.35,241.92,242.29,232883
2026-01-07 20:20:00,242.3,242.61,242.144,242.6,241732
2026-01-07 20:25:00,242.59,242.745,242.4104,242.56,298680
2026-01-07 20:30:00,242.57,242.66,242.25,242.29,228909
2026-01-07 20:35:00,242.28,242.28,241.85,241.88,281419
2026-01-07 20:40:00,241.87,242.235,241.71,242.12,291104
2026-01-07 20:45:00,242.14,242.17,241.79,242.15,284915
2026-01-07 20:50:00,242.17,242.19,241.855,242.05,413577
2026-01-07 20:55:00,242.055,242.055,241.5208,241.56,1185888
2026-01-08 14:30:00,243.06,244.16,242.2,242.5,1737553
2026-01-08 14:35:00,242.385,243.11,241.88,242.905,612655
2026-01-08 14:40:00,242.92,243.9291,242.57,243.34,575403
2026-01-08 14:45:00,242.4414,243.89,242.44,243.71,482252
2026-01-08 14:50:00,243.7,244.9793,243.2,244.803,659475
2026-01-08 14:55:00,244.78,244.89,243.86,244.09,502263
2026-01-08 15:00:00,244.06,244.1699,242.87,243.37,409847
2026-01-08 15:05:00,243.36,244.67,243.27,244.425,395453
2026-01-08 15:10:00,244.428,244.86,244.33,244.38,301640
2026-01-08 15:15:00,244.35,245.05,244.18,244.95,535268
2026-01-08 15:20:00,244.975,245.1,244.41,244.9169,317661
2026-01-08 15:25:00,244.915,245.03,244.595,244.8401,337448
2026-01-08 15:30:00,244.8471,244.85,244.1575,244.18,264269
2026-01-08 15:35:00,244.23,244.35,243.74,243.8838,201866
2026-01-08 15:40:00,243.9,244.5,243.82,244.175,202153
2026-01-08 15:45:00,244.17,244.2866,243.883,244.171,163807
2026-01-08 15:50:00,244.172,244.515,244.145,244.36,197426
2026-01-08 15:55:00,244.36,245.2,244.34,245.2,280712
2026-01-08 16:00:00,245.21,245.26,244.905,245.04,243868
2026-01-08 16:05:00,245.03,245.03,244.5,244.6,233220
2026-01-08 16:10:00,244.605,244.82,244.43,244.79,182890
2026-01-08 16:15:00,244.74,244.92,244.32,244.42,164577
2026-01-08 16:20:00,244.44,244.99,244.44,244.68,177260
2026-01-08 16:25:00,244.69,244.75,244.33,244.48,276050
2026-01-08 16:30:00,244.465,244.579,244.3,244.41,295143
2026-01-08 16:35:00,244.42,244.69,244.11,244.515,220154
2026-01-08 16:40:00,244.52,244.6735,244.21,244.335,623606
2026-01-08 16:45:00,244.34,244.56,244.075,244.346,222122
2026-01-08 16:50:00,244.33,244.64,244.19,244.5767,175549
2026-01-08 16:55:00,244.58,245.19,244.58,245.19,195089
2026-01-08 17:00:00,245.18,245.205,244.51,244.69,145790
2026-01-08 17:05:00,244.69,244.8,244.43,244.535,153136
2026-01-08 17:10:00,244.5125,245.0489,244.49,245.025,229099
2026-01-08 17:15:00,245.0363,245.42,244.985,245.2876,233745
2026-01-08 17:20:00,245.31,245.6399,245.28,245.455,314382
2026-01-08 17:25:00,245.44,245.54,245.2,245.368,216880
2026-01-08 17:30:00,245.35,245.75,245.331,245.73,248277
2026-01-08 17:35:00,245.705,246.11,245.645,246.1,388188
2026-01-08 17:40:00,246.1,246.3,245.78,245.81,338646
2026-01-08 17:45:00,245.81,246.0,245.63,245.76,231616
2026-01-08 17:50:00,245.79,246.025,245.72,245.97,200827
2026-01-08 17:55:00,245.975,246.04,245.669,245.82,201338
2026-01-08 18:00:00,245.8,246.1302,245.7082,245.955,455822
2026-01-08 18:05:00,245.962,246.14,245.7201,245.75,215177
2026-01-08 18:10:00,245.74,245.75,245.3593,245.38,220998
2026-01-08 18:15:00,245.385,245.745,245.36,245.61,153379
2026-01-08 18:20:00,245.62,245.69,245.4036,245.555,249906
2026-01-08 18:25:00,245.555,245.73,245.48,245.6725,153416
2026-01-08 18:30:00,245.69,245.86,245.65,245.65,150018
2026-01-08 18:35:00,245.66,245.93,245.66,245.7499,153263
2026-01-08 18:40:00,245.74,245.86,245.67,245.79,197924
2026-01-08 18:45:00,245.79,246.175,245.75,246.09,180744
2026-01-08 18:50:00,246.085,246.1,245.55,245.558,186709
2026-01-08 18:55:00,245.54,245.86,245.4392,245.75,203044
2026-01-08 19:00:00,245.73,246.1106,245.73,246.04,198050
2026-01-08 19:05:00,246.0393,246.085,245.94,245.94,178478
2026-01-08 19:10:00,245.945,245.99,245.7,245.77,165270
2026-01-08 19:15:00,245.77,245.98,245.49,245.98,185690
2026-01-08 19:20:00,245.97,246.23,245.8801,246.21,199287
2026-01-08 19:25:00,246.225,246.25,245.62,245.8,315845
2026-01-08 19:30:00,245.79,245.97,245.74,245.88,186556
2026-01-08 19:35:00,245.8801,245.92,245.69,245.69,118489
2026-01-08 19:40:00,245.69,245.8,245.52,245.55,146242
2026-01-08 19:45:00,245.5595,245.58,245.3599,245.435,141335
2026-01-08 19:50:00,245.435,245.81,245.39,245.71,166830
2026-01-08 19:55:00,245.7,246.04,245.595,246.01,185531
2026-01-08 20:00:00,245.98,246.09,245.87,245.89,132280
2026-01-08 20:05:00,245.88,245.93,245.72,245.92,184088
2026-01-08 20:10:00,245.93,246.0808,245.865,246.02,274804
2026-01-08 20:15:00,246.027,246.06,245.8867,246.025,194555
2026-01-08 20:20:00,246.02,246.1,245.94,245.9601,196622
2026-01-08 20:25:00,245.97,246.03,245.79,245.81,228322
2026-01-08 20:30:00,245.81,245.93,245.67,245.9,258850
2026-01-08 20:35:00,245.9,245.96,245.4701,245.49,528032
2026-01-08 20:40:00,245.48,245.815,245.37,245.7899,416860
2026-01-08 20:45:00,245.8,246.04,245.76,245.99,288923
2026-01-08 20:50:00,245.98,246.26,245.93,246.12,431558
2026-01-08 20:55:00,246.09,246.41,246.005,246.259,1452331
2026-01-09 14:30:00,245.0,245.105,243.08,243.7,1985655
2026-01-09 14:35:00,243.7101,245.46,243.62,244.96,570703
2026-01-09 14:40:00,244.97,245.06,243.756,243.98,409542
2026-01-09 14:45:00,243.975,244.82,243.67,244.14,434674
2026-01-09 14:50:00,244.14,244.9,244.0,244.54,324533
2026-01-09 14:55:00,244.56,244.6,243.91,244.23,209171
2026-01-09 15:00:00,244.235,244.57,243.31,243.59,390773
2026-01-09 15:05:00,243.61,243.6331,242.25,242.695,636572
2026-01-09 15:10:00,242.67,243.52,242.63,243.5,356591
2026-01-09 15:15:00,243.48,244.27,243.3775,244.26,340624
2026-01-09 15:20:00,244.27,245.15,244.08,245.088,409525
2026-01-09 15:25:00,245.035,245.73,244.9301,245.66,291043
2026-01-09 15:30:00,245.68,245.84,245.39,245.49,298668
2026-01-09 15:35:00,245.4709,245.72,245.34,245.5,236212
2026-01-09 15:40:00,245.54,245.56,244.93,245.07,357887
2026-01-09 15:45:00,245.05,245.35,244.905,245.115,246115
2026-01-09 15:50:00,245.1,245.43,245.06,245.06,207873
2026-01-09 15:55:00,245.085,245.98,245.0,245.82,277619
2026-01-09 16:00:00,245.83,246.15,245.81,245.895,255235
2026-01-09 16:05:00,245.8962,246.5999,245.86,246.575,236445
2026-01-09 16:10:00,246.5736,246.92,246.43,246.74,283125
2026-01-09 16:15:00,246.73,246.75,246.37,246.53,156635
2026-01-09 16:20:00,246.56,246.56,246.13,246.4486,204905
2026-01-09 16:25:00,246.435,246.47,246.11,246.3325,214419
2026-01-09 16:30:00,246.32,246.4,245.82,245.855,263743
2026-01-09 16:35:00,245.84,245.885,245.53,245.73,267604
2026-01-09 16:40:00,245.73,245.84,245.41,245.818,180610
2026-01-09 16:45:00,245.8,246.37,245.75,246.31,171024
2026-01-09 16:50:00,246.32,246.48,246.25,246.4,126786
2026-01-09 16:55:00,246.42,246.42,246.2,246.275,127309
2026-01-09 17:00:00,246.275,246.3,245.925,246.165,159466
2026-01-09 17:05:00,246.17,246.37,246.05,246.3699,126317
2026-01-09 17:10:00,246.345,246.37,245.96,246.07,119234
2026-01-09 17:15:00,246.07,246.07,245.9041,245.99,110048
2026-01-09 17:20:00,245.9801,246.1195,245.82,245.98,109910
2026-01-09 17:25:00,246.0009,246.135,245.85,245.925,104867
2026-01-09 17:30:00,245.9,246.03,245.8,245.91,112514
2026-01-09 17:35:00,245.9117,245.92,245.59,245.78,143200
2026-01-09 17:40:00,245.78,245.86,245.41,245.4676,132266
2026-01-09 17:45:00,245.47,245.66,245.43,245.54,137774
2026-01-09 17:50:00,245.55,245.84,245.55,245.695,98392
2026-01-09 17:55:00,245.71,245.89,245.6801,245.8212,89495
2026-01-09 18:00:00,245.81,245.88,245.67,245.78,105105
2026-01-09 18:05:00,245.78,245.95,245.61,245.619,128732
2026-01-09 18:10:00,245.64,245.75,245.54,245.56,102381
2026-01-09 18:15:00,245.57,245.6425,245.51,245.55,104145
2026-01-09 18:20:00,245.55,245.735,245.52,245.7,86807
2026-01-09 18:25:00,245.7,245.75,245.53,245.75,188458
2026-01-09 18:30:00,245.74,246.14,245.74,246.095,113862
2026-01-09 18:35:00,246.095,246.38,246.08,246.32,130820
2026-01-09 18:40:00,246.3544,246.43,246.09,246.1,163775
2026-01-09 18:45:00,246.11,246.3299,246.0001,246.32,98436
2026-01-09 18:50:00,246.33,246.38,246.21,246.365,122128
2026-01-09 18:55:00,246.365,246.81,246.34,246.62,212913
2026-01-09 19:00:00,246.62,246.71,246.44,246.44,135412
2026-01-09 19:05:00,246.45,246.46,246.22,246.25,114078
2026-01-09 19:10:00,246.22,246.45,246.16,246.385,98277
2026-01-09 19:15:00,246.39,246.6399,246.35,246.577,110898
2026-01-09 19:20:00,246.585,246.64,246.45,246.605,99698
2026-01-09 19:25:00,246.6038,246.71,246.5,246.6301,137971
2026-01-09 19:30:00,246.65,246.81,246.6401,246.74,177093
2026-01-09 19:35:00,246.74,246.865,246.705,246.8,148531
2026-01-09 19:40:00,246.82,246.84,246.68,246.71,177784
2026-01-09 19:45:00,246.7,246.84,246.66,246.76,157017
2026-01-09 19:50:00,246.75,246.95,246.745,246.89,145931
2026-01-09 19:55:00,246.88,247.06,246.72,247.0,255681
2026-01-09 20:00:00,246.99,247.18,246.86,247.139,221998
2026-01-09 20:05:00,247.14,247.21,246.871,246.875,172174
2026-01-09 20:10:00,246.88,246.95,246.78,246.93,155097
2026-01-09 20:15:00,246.94,247.18,246.85,247.13,157167
2026-01-09 20:20:00,247.13,247.24,247.04,247.11,205779
2026-01-09 20:25:00,247.11,247.27,246.97,247.0,197132
2026-01-09 20:30:00,246.99,247.1733,246.85,246.955,288315
2026-01-09 20:35:00,246.95,247.01,246.91,246.94,183127
2026-01-09 20:40:00,246.95,247.27,246.93,247.245,224290
2026-01-09 20:45:00,247.24,247.3,247.09,247.14,243588
2026-01-09 20:50:00,247.12,247.78,247.08,247.77,564676
2026-01-09 20:55:00,247.66,247.86,247.33,247.35,1212807
2026-01-12 14:30:00,246.8,247.79,246.24,247.725,1888999
2026-01-12 14:35:00,247.77,247.97,246.94,247.775,636371
2026-01-12 14:40:00,247.75,248.276,247.27,248.0099,644734
2026-01-12 14:45:00,248.01,248.02,246.96,247.195,412398
2026-01-12 14:50:00,247.1966,247.62,247.0,247.0494,331727
2026-01-12 14:55:00,247.1,248.48,247.04,247.98,448167
2026-01-12 15:00:00,247.94,248.09,247.53,247.67,336207
2026-01-12 15:05:00,247.69,248.0886,247.6757,247.94,271618
2026-01-12 15:10:00,247.935,248.07,247.15,247.52,274234
2026-01-12 15:15:00,247.535,247.9,247.425,247.885,298950
2026-01-12 15:20:00,247.885,248.33,247.82,247.85,283241
2026-01-12 15:25:00,247.855,248.23,247.63,247.67,248099
2026-01-12 15:30:00,247.65,247.74,247.35,247.53,210814
2026-01-12 15:35:00,247.515,247.65,247.13,247.405,328557
2026-01-12 15:40:00,247.395,247.61,247.08,247.265,163058
2026-01-12 15:45:00,247.26,247.27,247.0382,247.19,138758
2026-01-12 15:50:00,247.17,247.51,247.17,247.3522,181033
2026-01-12 15:55:00,247.3408,247.59,247.08,247.55,218532
2026-01-12 16:00:00,247.56,248.07,247.3931,247.925,210412
2026-01-12 16:05:00,247.99,248.2328,247.87,247.89,182513
2026-01-12 16:10:00,247.9,248.05,247.7001,248.0025,173026
2026-01-12 16:15:00,247.98,248.085,247.68,247.75,148029
2026-01-12 16:20:00,247.73,247.8596,247.4868,247.63,183215
2026-01-12 16:25:00,247.625,247.6931,247.43,247.6476,142555
2026-01-12 16:30:00,247.6421,247.7109,247.53,247.63,119855
2026-01-12 16:35:00,247.625,247.8186,247.62,247.765,127593
2026-01-12 16:40:00,247.77,248.0,247.64,247.95,107864
2026-01-12 16:45:00,247.94,248.0,247.72,247.979,228195
2026-01-12 16:50:00,247.9875,248.26,247.9401,248.11,181895
2026-01-12 16:55:00,248.1001,248.25,248.0,248.1,125179
2026-01-12 17:00:00,248.1,248.445,247.97,248.33,193816
2026-01-12 17:05:00,248.35,248.4,248.15,248.3,188258
2026-01-12 17:10:00,248.32,248.43,248.12,248.12,169925
2026-01-12 17:15:00,248.1,248.15,247.735,247.905,225684
2026-01-12 17:20:00,247.91,248.05,247.795,247.83,154369
2026-01-12 17:25:00,247.82,248.0999,247.745,248.0999,114695
2026-01-12 17:30:00,248.09,248.175,247.89,247.92,166183
2026-01-12 17:35:00,247.9289,247.94,247.77,247.89,105087
2026-01-12 17:40:00,247.885,248.09,247.8514,248.055,126997
2026-01-12 17:45:00,248.06,248.21,248.0218,248.14,106146
2026-01-12 17:50:00,248.143,248.15,247.94,248.03,125318
2026-01-12 17:55:00,248.025,248.18,248.0,248.0999,126101
2026-01-12 18:00:00,248.1,248.11,247.95,247.965,139872
2026-01-12 18:05:00,247.97,248.04,247.81,247.98,128260
2026-01-12 18:10:00,247.98,248.28,247.95,248.06,149543
2026-01-12 18:15:00,248.07,248.1,247.83,247.945,123808
2026-01-12 18:20:00,247.94,248.19,247.91,248.18,138558
2026-01-12 18:25:00,248.185,248.21,248.0501,248.09,106115
2026-01-12 18:30:00,248.09,248.1,247.88,247.92,114178
2026-01-12 18:35:00,247.9201,248.08,247.89,247.98,110116
2026-01-12 18:40:00,247.98,247.995,247.7601,247.95,113207
2026-01-12 18:45:00,247.94,248.17,247.9042,248.14,143637
2026-01-12 18:50:00,248.1693,248.195,247.9,247.92,148894
2026-01-12 18:55:00,247.92,248.16,247.85,248.0436,138051
2026-01-12 19:00:00,248.03,248.0494,247.625,247.665,165841
2026-01-12 19:05:00,247.67,247.69,247.375,247.545,180546
2026-01-12 19:10:00,247.53,247.53,247.39,247.44,116022
2026-01-12 19:15:00,247.4275,247.595,247.36,247.48,231437
2026-01-12 19:20:00,247.49,247.87,247.42,247.705,207388
2026-01-12 19:25:00,247.705,248.005,247.7,248.005,207627
2026-01-12 19:30:00,248.0,248.13,247.87,248.01,184187
2026-01-12 19:35:00,248.0,248.465,247.925,248.39,235195
2026-01-12 19:40:00,248.3801,248.94,248.3801,248.53,395485
2026-01-12 19:45:00,248.51,248.58,248.25,248.57,190876
2026-01-12 19:50:00,248.58,248.6399,248.43,248.4611,166921
2026-01-12 19:55:00,248.47,248.505,248.27,248.31,148593
2026-01-12 20:00:00,248.32,248.3799,248.21,248.2401,148650
2026-01-12 20:05:00,248.235,248.3289,248.16,248.27,233084
2026-01-12 20:10:00,248.28,248.355,247.6393,247.6393,248333
2026-01-12 20:15:00,247.63,247.76,247.3517,247.36,205602
2026-01-12 20:20:00,247.37,247.455,246.89,246.9675,241325
2026-01-12 20:25:00,246.96,247.07,246.7363,247.05,253866
2026-01-12 20:30:00,247.01,247.14,246.83,246.88,306574
2026-01-12 20:35:00,246.89,247.165,246.8101,247.0,334159
2026-01-12 20:40:00,247.0,247.3,246.95,247.2,275122
2026-01-12 20:45:00,247.21,247.28,247.02,247.11,248173
2026-01-12 20:50:00,247.12,247.12,245.96,246.1001,785844
2026-01-12 20:55:00,246.12,246.61,246.05,246.42,9539355
2026-01-13 14:30:00,246.73,246.75,244.53,245.92,1578361
2026-01-13 14:35:00,245.95,246.02,245.22,245.612,293074
2026-01-13 14:40:00,245.605,247.66,245.59,247.045,686984
2026-01-13 14:45:00,247.045,247.3091,246.501,246.66,472402
2026-01-13 14:50:00,246.67,246.77,245.73,245.9999,329269
2026-01-13 14:55:00,245.96,246.115,245.53,245.9,308810
2026-01-13 15:00:00,245.89,246.08,245.155,245.42,289074
2026-01-13 15:05:00,245.4,245.627,245.0501,245.105,270387
2026-01-13 15:10:00,245.08,245.18,244.4,244.55,432961
2026-01-13 15:15:00,244.585,244.63,243.65,243.9116,498796
2026-01-13 15:20:00,243.9,243.94,242.825,243.09,723384
2026-01-13 15:25:00,243.09,243.59,242.72,243.5492,546972
2026-01-13 15:30:00,243.545,244.14,243.3349,243.86,487621
2026-01-13 15:35:00,243.855,244.64,243.855,244.125,417018
2026-01-13 15:40:00,244.12,244.15,243.62,243.63,241979
2026-01-13 15:45:00,243.63,243.92,243.2,243.2369,236549
2026-01-13 15:50:00,243.2045,244.14,243.19,244.09,254372
2026-01-13 15:55:00,244.08,244.34,243.96,244.25,230567
2026-01-13 16:00:00,244.23,244.62,244.17,244.5099,200210
2026-01-13 16:05:00,244.5,244.76,244.33,244.6,205301
2026-01-13 16:10:00,244.595,244.69,244.21,244.51,249593
2026-01-13 16:15:00,244.53,245.03,244.51,244.52,346901
2026-01-13 16:20:00,244.53,244.65,244.045,244.35,244467
2026-01-13 16:25:00,244.35,244.37,243.65,244.155,363784
2026-01-13 16:30:00,244.15,244.23,243.83,244.14,258651
2026-01-13 16:35:00,244.14,244.24,243.815,243.94,185333
2026-01-13 16:40:00,243.94,244.35,243.85,244.16,214216
2026-01-13 16:45:00,244.18,244.55,243.94,244.5138,187257
2026-01-13 16:50:00,244.515,244.95,244.5003,244.95,186370
2026-01-13 16:55:00,244.93,245.28,244.71,245.2605,214414
2026-01-13 17:00:00,245.26,245.53,245.07,245.3,260132
2026-01-13 17:05:00,245.3,245.37,245.0,245.33,158445
2026-01-13 17:10:00,245.33,245.3399,245.09,245.1,156321
2026-01-13 17:15:00,245.1,245.13,244.06,244.345,238334
2026-01-13 17:20:00,244.335,244.6799,244.3,244.55,130260
2026-01-13 17:25:00,244.54,244.54,244.18,244.355,121163
2026-01-13 17:30:00,244.34,244.43,243.75,244.24,197302
2026-01-13 17:35:00,244.23,244.25,243.9222,243.95,128757
2026-01-13 17:40:00,243.935,244.1,243.84,243.92,132505
2026-01-13 17:45:00,243.915,244.02,243.78,243.97,152318
2026-01-13 17:50:00,243.97,243.98,243.44,243.615,176985
2026-01-13 17:55:00,243.595,243.615,242.95,243.12,291852
2026-01-13 18:00:00,243.1,243.15,242.65,242.85,310867
2026-01-13 18:05:00,242.86,243.2,242.77,242.9,201624
2026-01-13 18:10:00,242.9,243.1,242.64,243.05,268355
2026-01-13 18:15:00,243.07,243.365,242.99,243.25,196059
2026-01-13 18:20:00,243.25,243.26,242.76,242.78,129676
2026-01-13 18:25:00,242.78,243.01,242.675,242.715,140429
2026-01-13 18:30:00,242.705,242.76,242.31,242.42,200876
2026-01-13 18:35:00,242.4145,242.5799,242.3476,242.4305,177747
2026-01-13 18:40:00,242.42,242.6251,242.37,242.4938,236204
2026-01-13 18:45:00,242.495,242.78,242.37,242.455,233579
2026-01-13 18:50:00,242.455,242.455,242.03,242.08,190181
2026-01-13 18:55:00,242.08,242.09,241.59,241.59,304793
2026-01-13 19:00:00,241.6,241.695,241.0,241.0,444619
2026-01-13 19:05:00,241.01,241.13,240.28,240.28,418737
2026-01-13 19:10:00,240.2708,241.005,240.25,240.53,395208
2026-01-13 19:15:00,240.48,241.09,240.44,240.7584,323270
2026-01-13 19:20:00,240.75,240.93,240.65,240.76,246055
2026-01-13 19:25:00,240.76,241.42,240.73,241.3,408717
2026-01-13 19:30:00,241.27,241.44,240.73,241.1,486785
2026-01-13 19:35:00,241.1027,241.335,240.88,241.305,213782
2026-01-13 19:40:00,241.2902,241.84,241.28,241.72,266945
2026-01-13 19:45:00,241.73,242.0099,241.69,241.95,279993
2026-01-13 19:50:00,241.96,242.4399,241.89,242.385,198166
2026-01-13 19:55:00,242.37,242.5,242.07,242.23,189139
2026-01-13 20:00:00,242.215,242.2792,241.9,242.15,226620
2026-01-13 20:05:00,242.14,242.44,242.02,242.38,204264
2026-01-13 20:10:00,242.385,242.385,241.85,241.905,245188
2026-01-13 20:15:00,241.9099,242.3801,241.86,242.38,238613
2026-01-13 20:20:00,242.38,242.42,242.2,242.36,159071
2026-01-13 20:25:00,242.361,242.4695,242.01,242.12,257790
2026-01-13 20:30:00,242.11,242.2,241.45,241.87,243181
2026-01-13 20:35:00,241.86,242.17,241.78,242.035,195693
2026-01-13 20:40:00,242.035,242.2199,241.99,242.16,206791
2026-01-13 20:45:00,242.16,242.35,242.105,242.28,321100
2026-01-13 20:50:00,242.29,242.9,242.16,242.78,545726
2026-01-13 20:55:00,242.76,242.79,242.4,242.61,789361
2026-01-14 14:30:00,240.49,240.8499,239.1603,239.81,1347901
2026-01-14 14:35:00,239.85,240.335,239.53,239.62,388806
2026-01-14 14:40:00,239.58,240.0,238.47,238.6008,540482
2026-01-14 14:45:00,238.58,238.94,238.15,238.62,857936
2026-01-14 14:50:00,238.625,239.57,238.555,239.07,557884
2026-01-14 14:55:00,239.05,239.33,238.6,238.69,408167
2026-01-14 15:00:00,238.68,238.68,237.67,238.23,787389
2026-01-14 15:05:00,238.35,238.7383,238.16,238.7,308981
2026-01-14 15:10:00,238.68,239.7,238.4,239.55,405144
2026-01-14 15:15:00,239.52,240.03,239.38,239.72,485656
2026-01-14 15:20:00,239.745,239.77,239.02,239.38,302658
2026-01-14 15:25:00,239.38,239.425,238.59,238.83,365776
2026-01-14 15:30:00,238.81,238.81,238.055,238.24,480416
2026-01-14 15:35:00,238.26,239.17,238.22,239.0016,327593
2026-01-14 15:40:00,238.97,239.3374,238.27,238.325,219005
2026-01-14 15:45:00,238.33,238.4341,237.62,237.645,323237
2026-01-14 15:50:00,237.64,237.73,237.21,237.72,418400
2026-01-14 15:55:00,237.74,238.01,237.41,237.61,242606
2026-01-14 16:00:00,237.62,238.18,237.56,238.0799,261929
2026-01-14 16:05:00,238.05,238.12,237.36,237.705,221201
2026-01-14 16:10:00,237.705,237.7699,237.46,237.71,190562
2026-01-14 16:15:00,237.69,237.75,237.389,237.6816,212729
2026-01-14 16:20:00,237.6999,238.46,237.57,238.4,293221
2026-01-14 16:25:00,238.415,238.7,238.11,238.58,319407
2026-01-14 16:30:00,238.56,238.74,238.1383,238.17,266199
2026-01-14 16:35:00,238.155,238.17,237.65,238.053,268638
2026-01-14 16:40:00,238.04,238.06,237.7201,237.78,174267
2026-01-14 16:45:00,237.73,237.73,237.12,237.2685,248684
2026-01-14 16:50:00,237.2551,237.2551,236.595,236.6799,345274
2026-01-14 16:55:00,236.68,236.69,236.43,236.55,299472
2026-01-14 17:00:00,236.54,236.99,236.36,236.7,252572
2026-01-14 17:05:00,236.69,237.11,236.62,237.11,196963
2026-01-14 17:10:00,237.1092,237.15,236.87,236.9699,215292
2026-01-14 17:15:00,236.95,237.02,236.4,236.955,239034
2026-01-14 17:20:00,236.94,237.27,236.775,237.2183,218578
2026-01-14 17:25:00,237.22,237.51,237.06,237.49,195185
2026-01-14 17:30:00,237.49,237.49,237.14,237.16,175209
2026-01-14 17:35:00,237.175,237.375,236.86,236.95,214630
2026-01-14 17:40:00,236.9217,237.0,236.7901,236.975,137945
2026-01-14 17:45:00,236.95,237.39,236.94,237.22,132388
2026-01-14 17:50:00,237.19,237.19,236.785,236.95,170023
2026-01-14 17:55:00,236.96,237.0399,236.6,236.89,207992
2026-01-14 18:00:00,236.86,237.21,236.8,237.1548,145805
2026-01-14 18:05:00,237.16,237.33,237.045,237.26,175330
2026-01-14 18:10:00,237.26,237.3199,237.041,237.27,165126
2026-01-14 18:15:00,237.27,237.27,236.905,236.9468,165632
2026-01-14 18:20:00,236.88,237.18,236.84,236.99,121422
2026-01-14 18:25:00,236.98,237.121,236.88,237.07,100009
2026-01-14 18:30:00,237.06,237.13,236.45,236.6,178951
2026-01-14 18:35:00,236.595,236.62,236.22,236.285,165806
2026-01-14 18:40:00,236.285,236.65,236.285,236.65,186864
2026-01-14 18:45:00,236.6428,236.95,236.5717,236.72,170256
2026-01-14 18:50:00,236.71,237.2825,236.6938,237.075,147394
2026-01-14 18:55:00,237.08,237.4899,236.99,237.38,199837
2026-01-14 19:00:00,237.36,237.435,237.11,237.28,156099
2026-01-14 19:05:00,237.285,237.43,237.16,237.39,124363
2026-01-14 19:10:00,237.37,237.64,237.27,237.6301,138161
2026-01-14 19:15:00,237.64,237.81,237.5475,237.76,155066
2026-01-14 19:20:00,237.77,237.88,237.6683,237.74,135773
2026-01-14 19:25:00,237.7456,237.8097,237.53,237.57,177525
2026-01-14 19:30:00,237.57,237.65,237.21,237.275,193303
2026-01-14 19:35:00,237.29,237.3,237.02,237.18,158168
2026-01-14 19:40:00,237.165,237.1699,236.725,236.7801,205133
2026-01-14 19:45:00,236.8,236.91,236.7425,236.76,149003
2026-01-14 19:50:00,236.7619,237.08,236.76,236.83,160719
2026-01-14 19:55:00,236.83,236.8917,236.72,236.86,147586
2026-01-14 20:00:00,236.8492,237.35,236.6401,237.095,333552
2026-01-14 20:05:00,237.09,238.08,237.075,237.91,246014
2026-01-14 20:10:00,237.9,237.98,237.54,237.55,254286
2026-01-14 20:15:00,237.55,237.615,237.09,237.46,351813
2026-01-14 20:20:00,237.46,237.57,237.2967,237.45,152317
2026-01-14 20:25:00,237.46,237.46,237.26,237.41,217618
2026-01-14 20:30:00,237.42,237.75,237.36,237.61,293676
2026-01-14 20:35:00,237.61,237.71,237.395,237.68,403461
2026-01-14 20:40:00,237.695,237.79,237.11,237.12,263600
2026-01-14 20:45:00,237.115,237.145,236.58,236.59,374802
2026-01-14 20:50:00,236.59,236.85,236.24,236.51,735957
2026-01-14 20:55:00,236.54,236.815,236.53,236.675,1737925
2026-01-15 14:30:00,238.43,238.77,237.665,237.92,2206892
2026-01-15 14:35:00,237.945,238.23,237.041,237.72,630481
2026-01-15 14:40:00,237.76,238.65,237.62,238.52,783432
2026-01-15 14:45:00,238.53,238.6899,237.66,238.11,600561
2026-01-15 14:50:00,238.115,238.115,236.74,237.61,713258
2026-01-15 14:55:00,237.62,237.93,236.88,236.91,380730
2026-01-15 15:00:00,236.89,237.49,236.8,237.2664,360099
2026-01-15 15:05:00,237.255,237.46,236.68,236.98,438830
2026-01-15 15:10:00,236.98,237.33,236.85,236.902,324756
2026-01-15 15:15:00,236.89,237.51,236.63,237.2,319040
2026-01-15 15:20:00,237.2,237.685,237.12,237.465,323749
2026-01-15 15:25:00,237.49,237.96,237.21,237.75,295736
2026-01-15 15:30:00,237.75,238.31,237.73,238.18,348832
2026-01-15 15:35:00,238.19,238.66,238.18,238.5409,324921
2026-01-15 15:40:00,238.57,238.9,237.821,237.86,321354
2026-01-15 15:45:00,237.83,237.92,237.32,237.735,271094
2026-01-15 15:50:00,237.7,238.1799,237.66,238.0814,234199
2026-01-15 15:55:00,238.09,238.9184,237.92,238.55,577697
2026-01-15 16:00:00,238.56,239.91,238.51,239.73,518339
2026-01-15 16:05:00,239.735,239.77,238.77,238.9,270050
2026-01-15 16:10:00,238.93,239.25,238.732,239.1001,308709
2026-01-15 16:15:00,239.1,239.4,239.015,239.275,301754
2026-01-15 16:20:00,239.285,239.4,238.9,238.95,270128
2026-01-15 16:25:00,238.93,239.07,238.43,238.98,346067
2026-01-15 16:30:00,238.94,239.36,238.76,238.77,366634
2026-01-15 16:35:00,238.7861,239.52,238.62,239.48,207570
2026-01-15 16:40:00,239.4966,239.8,239.43,239.77,317037
2026-01-15 16:45:00,239.74,239.85,239.49,239.74,185122
2026-01-15 16:50:00,239.745,240.09,239.6411,239.95,303862
2026-01-15 16:55:00,239.93,240.23,239.8,240.19,245758
2026-01-15 17:00:00,240.21,240.45,240.12,240.4,271564
2026-01-15 17:05:00,240.41,240.62,240.16,240.5399,297987
2026-01-15 17:10:00,240.52,240.65,240.19,240.28,219502
2026-01-15 17:15:00,240.28,240.355,239.7,239.715,238215
2026-01-15 17:20:00,239.7394,239.76,239.46,239.57,186604
2026-01-15 17:25:00,239.59,239.66,239.37,239.49,245722
2026-01-15 17:30:00,239.49,239.608,238.93,239.05,227571
2026-01-15 17:35:00,239.04,239.0525,238.59,238.73,286428
2026-01-15 17:40:00,238.735,238.775,238.41,238.67,247693
2026-01-15 17:45:00,238.64,238.8,238.25,238.28,256441
2026-01-15 17:50:00,238.275,238.46,238.2383,238.4,183393
2026-01-15 17:55:00,238.36,238.6,238.33,238.5123,170667
2026-01-15 18:00:00,238.49,238.76,238.45,238.52,179266
2026-01-15 18:05:00,238.5001,239.04,238.5,238.9,197455
2026-01-15 18:10:00,238.88,239.25,238.82,239.21,229916
2026-01-15 18:15:00,239.195,239.24,239.0101,239.06,122996
2026-01-15 18:20:00,239.04,239.12,238.7,238.7594,150992
2026-01-15 18:25:00,238.7401,238.8,238.575,238.715,135612
2026-01-15 18:30:00,238.71,239.03,238.6536,238.89,208402
2026-01-15 18:35:00,238.89,239.0,238.705,238.765,129246
2026-01-15 18:40:00,238.755,238.97,238.71,238.96,112894
2026-01-15 18:45:00,238.97,239.08,238.935,238.97,155246
2026-01-15 18:50:00,238.99,239.39,238.905,239.27,180358
2026-01-15 18:55:00,239.26,239.28,239.08,239.0801,173982
2026-01-15 19:00:00,239.08,239.155,238.37,238.465,192021
2026-01-15 19:05:00,238.475,238.64,238.29,238.4466,143323
2026-01-15 19:10:00,238.4383,238.54,238.2001,238.29,153187
2026-01-15 19:15:00,238.27,238.39,238.085,238.28,143588
2026-01-15 19:20:00,238.3,238.4,238.23,238.29,136132
2026-01-15 19:25:00,238.2642,238.2642,237.82,237.855,229684
2026-01-15 19:30:00,237.85,237.85,237.1,237.485,292286
2026-01-15 19:35:00,237.49,237.97,237.39,237.9,320812
2026-01-15 19:40:00,237.88,237.994,237.6178,237.655,208040
2026-01-15 19:45:00,237.655,237.84,237.57,237.765,153171
2026-01-15 19:50:00,237.7782,237.9545,237.67,237.7,161911
2026-01-15 19:55:00,237.705,237.71,237.2901,237.35,182466
2026-01-15 20:00:00,237.3,237.33,236.99,237.24,247951
2026-01-15 20:05:00,237.24,237.28,237.1001,237.18,232553
2026-01-15 20:10:00,237.18,237.57,237.07,237.545,250465
2026-01-15 20:15:00,237.55,237.58,237.26,237.2799,308134
2026-01-15 20:20:00,237.27,237.6,237.2,237.47,253582
2026-01-15 20:25:00,237.49,237.49,237.09,237.4827,260296
2026-01-15 20:30:00,237.465,237.62,237.31,237.5397,253005
2026-01-15 20:35:00,237.53,237.76,237.06,237.24,284642
2026-01-15 20:40:00,237.23,237.31,237.1,237.31,220115
2026-01-15 20:45:00,237.32,237.55,237.14,237.5,305321
2026-01-15 20:50:00,237.51,238.3,237.0,238.255,542484
2026-01-15 20:55:00,238.255,238.335,237.865,238.17,934629
2026-01-16 14:30:00,239.385,239.57,238.58,238.904,5195800
2026-01-16 14:35:00,238.85,238.88,237.72,237.93,537861
2026-01-16 14:40:00,237.915,238.0099,237.15,237.445,424627
2026-01-16 14:45:00,237.445,238.04,237.1,237.955,335273
2026-01-16 14:50:00,237.9483,238.09,237.35,237.65,305967
2026-01-16 14:55:00,237.65,237.9454,237.44,237.72,258467
2026-01-16 15:00:00,237.66,238.07,237.37,237.65,346179
2026-01-16 15:05:00,237.63,237.9699,237.56,237.9502,327762
2026-01-16 15:10:00,237.9301,237.96,237.37,237.53,246767
2026-01-16 15:15:00,237.525,237.95,237.381,237.4,275852
2026-01-16 15:20:00,237.4,238.17,237.3966,238.06,265361
2026-01-16 15:25:00,238.055,238.08,237.62,237.92,215198
2026-01-16 15:30:00,237.9,237.91,236.98,237.09,267537
2026-01-16 15:35:00,237.06,237.13,236.65,236.74,299876
2026-01-16 15:40:00,236.67,236.79,236.41,236.67,266514
2026-01-16 15:45:00,236.7,237.07,236.58,237.0552,201726
2026-01-16 15:50:00,237.03,237.215,236.84,237.14,187362
2026-01-16 15:55:00,237.155,237.3559,236.94,237.3402,190132
2026-01-16 16:00:00,237.35,237.6,237.3,237.55,184092
2026-01-16 16:05:00,237.55,237.8899,237.475,237.87,195800
2026-01-16 16:10:00,237.88,237.97,237.578,237.85,189941
2026-01-16 16:15:00,237.86,238.04,237.67,237.82,1431109
2026-01-16 16:20:00,237.83,237.9,237.6612,237.755,134965
2026-01-16 16:25:00,237.77,237.8631,237.635,237.8175,147168
2026-01-16 16:30:00,237.81,238.065,237.7466,237.83,199731
2026-01-16 16:35:00,237.82,238.1599,237.8,237.9299,164970
2026-01-16 16:40:00,237.92,238.2125,237.845,238.1838,185977
2026-01-16 16:45:00,238.185,238.33,237.87,237.87,230898
2026-01-16 16:50:00,237.87,237.9625,237.53,237.55,230743
2026-01-16 16:55:00,237.54,237.9025,237.3284,237.84,180742
2026-01-16 17:00:00,237.83,237.835,237.49,237.57,134406
2026-01-16 17:05:00,237.55,237.68,237.425,237.425,143538
2026-01-16 17:10:00,237.425,237.72,237.38,237.62,137969
2026-01-16 17:15:00,237.62,237.785,237.521,237.685,184360
2026-01-16 17:20:00,237.67,237.8399,237.6,237.615,103044
2026-01-16 17:25:00,237.615,237.7794,237.54,237.6792,110325
2026-01-16 17:30:00,237.68,237.89,237.52,237.86,124237
2026-01-16 17:35:00,237.87,238.2999,237.835,238.0901,177980
2026-01-16 17:40:00,238.1069,238.3,237.9777,238.21,140317
2026-01-16 17:45:00,238.19,238.46,237.93,238.3425,166080
2026-01-16 17:50:00,238.33,238.35,238.04,238.1855,155924
2026-01-16 17:55:00,238.195,238.38,238.165,238.2,107401
2026-01-16 18:00:00,238.2,238.39,238.14,238.16,151763
2026-01-16 18:05:00,238.1463,238.75,238.1463,238.69,190617
2026-01-16 18:10:00,238.685,238.717,238.4401,238.625,92290
2026-01-16 18:15:00,238.645,238.81,238.51,238.7809,135259
2026-01-16 18:20:00,238.795,238.98,238.78,238.969,126535
2026-01-16 18:25:00,238.9737,239.03,238.75,238.805,122710
2026-01-16 18:30:00,238.8,238.91,238.72,238.825,116821
2026-01-16 18:35:00,238.8,238.8099,238.565,238.65,134751
2026-01-16 18:40:00,238.63,238.69,238.5701,238.62,113246
2026-01-16 18:45:00,238.6,238.62,238.17,238.1909,115945
2026-01-16 18:50:00,238.1873,238.29,238.12,238.18,119550
2026-01-16 18:55:00,238.1999,238.28,238.07,238.09,104786
2026-01-16 19:00:00,238.07,238.33,238.07,238.33,122640
2026-01-16 19:05:00,238.36,238.44,238.26,238.33,111454
2026-01-16 19:10:00,238.32,238.32,237.71,237.71,177979
2026-01-16 19:15:00,237.7,237.8,237.42,237.5301,160194
2026-01-16 19:20:00,237.54,237.63,237.45,237.51,121796
2026-01-16 19:25:00,237.49,237.68,237.42,237.65,135331
2026-01-16 19:30:00,237.64,237.9596,237.64,237.9596,172033
2026-01-16 19:35:00,237.95,238.17,237.79,238.05,134833
2026-01-16 19:40:00,238.07,238.2199,237.91,237.935,122877
2026-01-16 19:45:00,237.95,238.04,237.94,238.03,104565
2026-01-16 19:50:00,238.03,238.23,237.99,238.204,91623
2026-01-16 19:55:00,238.2099,238.21,238.0,238.1006,135713
2026-01-16 20:00:00,238.09,238.15,237.96,237.96,167478
2026-01-16 20:05:00,237.9699,238.25,237.84,238.229,168284
2026-01-16 20:10:00,238.24,238.335,238.14,238.3066,170445
2026-01-16 20:15:00,238.31,238.39,238.22,238.37,152351
2026-01-16 20:20:00,238.36,238.4,238.19,238.22,158888
2026-01-16 20:25:00,238.23,238.32,238.14,238.225,198983
2026-01-16 20:30:00,238.22,238.235,238.0,238.03,206707
2026-01-16 20:35:00,238.03,238.42,238.01,238.3137,204048
2026-01-16 20:40:00,238.31,238.59,238.26,238.53,199565
2026-01-16 20:45:00,238.51,238.69,238.34,238.67,265528
2026-01-16 20:50:00,238.7,239.26,238.495,239.18,557347
2026-01-16 20:55:00,239.17,239.39,239.0,239.06,980226
2026-01-20 14:30:00,233.665,234.4,231.56,233.3442,3422915
2026-01-20 14:35:00,233.35,233.52,231.975,232.63,829615
2026-01-20 14:40:00,232.69,232.89,231.9,232.656,663805
2026-01-20 14:45:00,232.665,232.94,232.25,232.7,586937
2026-01-20 14:50:00,232.7,233.65,232.6386,233.06,451964
2026-01-20 14:55:00,233.1,234.055,232.91,233.415,490192
2026-01-20 15:00:00,233.43,233.7,232.61,232.7,468961
2026-01-20 15:05:00,232.68,233.21,232.41,232.675,350654
2026-01-20 15:10:00,232.67,232.97,232.35,232.735,312861
2026-01-20 15:15:00,232.74,233.18,232.7,233.065,246340
2026-01-20 15:20:00,233.065,234.6199,232.97,234.31,418228
2026-01-20 15:25:00,234.33,234.952,234.3101,234.8069,326902
2026-01-20 15:30:00,234.76,234.95,234.45,234.7797,354181
2026-01-20 15:35:00,234.785,234.82,234.32,234.451,302708
2026-01-20 15:40:00,234.42,234.95,234.3,234.885,288926
2026-01-20 15:45:00,234.9,234.9499,234.37,234.5,269225
2026-01-20 15:50:00,234.49,234.4925,234.125,234.17,113031
2026-01-20 15:55:00,234.41,234.42,234.37,234.385,314728
2026-01-20 16:00:00,234.4,234.97,234.345,234.56,184047
2026-01-20 16:05:00,234.58,234.78,234.41,234.719,183579
2026-01-20 16:10:00,234.7401,235.09,234.28,234.31,238518
2026-01-20 16:15:00,234.29,234.3,233.63,233.925,238578
2026-01-20 16:20:00,233.8951,234.305,233.86,234.0101,241253
2026-01-20 16:25:00,233.99,234.355,233.87,234.29,194668
2026-01-20 16:30:00,234.29,234.355,234.03,234.12,165439
2026-01-20 16:35:00,234.17,234.42,234.122,234.42,182909
2026-01-20 16:40:00,234.425,234.43,233.575,233.665,207349
2026-01-20 16:45:00,233.6576,233.765,233.54,233.765,187365
2026-01-20 16:50:00,233.79,234.19,233.53,233.59,255741
2026-01-20 16:55:00,233.605,234.6181,233.565,234.525,206379
2026-01-20 17:00:00,234.5175,234.53,234.11,234.13,135414
2026-01-20 17:05:00,234.12,234.35,233.85,233.876,166913
2026-01-20 17:10:00,233.84,233.9482,233.7149,233.7999,135906
2026-01-20 17:15:00,233.7825,233.85,233.58,233.6787,154145
2026-01-20 17:20:00,233.66,233.84,233.4,233.415,187941
2026-01-20 17:25:00,233.415,233.58,233.3,233.46,131787
2026-01-20 17:30:00,233.42,233.43,232.88,233.03,213502
2026-01-20 17:35:00,233.02,233.26,232.865,233.2099,169639
2026-01-20 17:40:00,233.21,233.58,232.93,232.96,153325
2026-01-20 17:45:00,232.955,232.955,232.5,232.5,210778
2026-01-20 17:50:00,232.5,232.66,232.39,232.5529,150142
2026-01-20 17:55:00,232.54,232.55,232.25,232.3421,165015
2026-01-20 18:00:00,232.34,232.52,232.1,232.22,199409
2026-01-20 18:05:00,232.22,232.35,232.03,232.04,149298
2026-01-20 18:10:00,232.04,232.335,232.04,232.075,159198
2026-01-20 18:15:00,232.08,232.17,231.69,231.81,273048
2026-01-20 18:20:00,231.79,231.82,231.55,231.75,199400
2026-01-20 18:25:00,231.75,231.99,231.73,231.775,193290
2026-01-20 18:30:00,231.76,231.91,231.44,231.5299,232287
2026-01-20 18:35:00,231.51,231.59,231.11,231.155,326490
2026-01-20 18:40:00,231.15,231.345,231.05,231.22,176393
2026-01-20 18:45:00,231.22,231.37,231.11,231.1627,164408
2026-01-20 18:50:00,231.16,231.16,230.92,230.975,187792
2026-01-20 18:55:00,230.97,231.3,230.93,230.93,186700
2026-01-20 19:00:00,231.0,231.25,230.85,230.89,195701
2026-01-20 19:05:00,230.88,231.06,230.65,230.77,244659
2026-01-20 19:10:00,230.75,230.91,230.58,230.74,173795
2026-01-20 19:15:00,230.7,230.73,230.38,230.4192,255306
2026-01-20 19:20:00,230.42,230.5,230.17,230.31,274763
2026-01-20 19:25:00,230.3,230.3,229.79,229.98,544476
2026-01-20 19:30:00,229.97,229.99,229.54,229.885,288967
2026-01-20 19:35:00,229.8898,230.33,229.7706,230.185,312452
2026-01-20 19:40:00,230.1916,230.3887,229.855,229.94,231283
2026-01-20 19:45:00,229.93,229.9517,229.62,229.79,236742
2026-01-20 19:50:00,229.8,230.04,229.55,229.95,291964
2026-01-20 19:55:00,229.95,229.98,229.66,229.755,272124
2026-01-20 20:00:00,229.74,229.74,229.44,229.45,333580
2026-01-20 20:05:00,229.445,229.69,229.34,229.6,292486
2026-01-20 20:10:00,229.6099,229.97,229.37,229.81,273879
2026-01-20 20:15:00,229.82,230.81,229.82,230.54,416304
2026-01-20 20:20:00,230.51,230.78,230.24,230.6722,362436
2026-01-20 20:25:00,230.67,230.935,230.46,230.6197,312036
2026-01-20 20:30:00,230.64,230.79,230.365,230.5727,296296
2026-01-20 20:35:00,230.55,230.75,230.21,230.3575,295329
2026-01-20 20:40:00,230.35,230.65,230.34,230.565,364376
2026-01-20 20:45:00,230.59,230.98,230.495,230.81,404159
2026-01-20 20:50:00,230.81,230.87,230.38,230.55,508097
2026-01-20 20:55:00,230.55,231.12,230.48,231.11,1315744
2026-01-21 14:30:00,231.085,231.37,229.5158,229.575,2273739
2026-01-21 14:35:00,229.555,230.24,228.92,230.14,609828
2026-01-21 14:40:00,230.15,230.225,228.68,229.38,567125
2026-01-21 14:45:00,229.38,230.11,229.23,229.81,442773
2026-01-21 14:50:00,229.79,231.24,229.72,231.24,570234
2026-01-21 14:55:00,231.21,231.9799,231.12,231.66,104668
2026-01-21 15:00:00,231.66,231.84,231.265,231.2995,354667
2026-01-21 15:05:00,231.33,231.38,230.75,230.78,246880
2026-01-21 15:10:00,230.7618,230.81,230.15,230.63,346443
2026-01-21 15:15:00,230.64,231.05,230.3601,230.5446,346564
2026-01-21 15:20:00,230.48,231.05,230.29,231.0,282809
2026-01-21 15:25:00,231.065,231.35,230.8412,231.26,240291
2026-01-21 15:30:00,231.27,231.79,231.17,231.64,300102
2026-01-21 15:35:00,231.65,231.84,231.16,231.38,355607
2026-01-21 15:40:00,231.39,231.7,231.35,231.52,226646
2026-01-21 15:45:00,231.52,231.65,231.4,231.5,226493
2026-01-21 15:50:00,231.52,232.09,231.5,231.955,427088
2026-01-21 15:55:00,231.94,231.96,231.68,231.805,290417
2026-01-21 16:00:00,231.79,231.9399,231.43,231.45,302651
2026-01-21 16:05:00,231.48,231.79,231.03,231.08,253999
2026-01-21 16:10:00,231.06,231.86,230.96,231.485,264961
2026-01-21 16:15:00,231.47,231.84,231.3771,231.61,189211
2026-01-21 16:20:00,231.58,231.7,231.31,231.3878,194874
2026-01-21 16:25:00,231.35,231.49,231.12,231.305,158457
2026-01-21 16:30:00,231.29,231.3,230.61,230.8099,233150
2026-01-21 16:35:00,230.76,230.76,229.25,229.28,335364
2026-01-21 16:40:00,229.25,229.5138,228.85,228.875,374432
2026-01-21 16:45:00,228.8779,228.96,228.13,228.23,529361
2026-01-21 16:50:00,228.235,228.51,227.63,228.185,513566
2026-01-21 16:55:00,228.1701,228.23,227.67,227.96,316875
2026-01-21 17:00:00,227.95,228.54,227.91,228.11,246162
2026-01-21 17:05:00,228.095,228.29,227.79,228.18,262508
2026-01-21 17:10:00,228.15,228.3998,227.31,227.49,334029
2026-01-21 17:15:00,227.48,228.2594,227.42,228.03,249791
2026-01-21 17:20:00,228.02,228.585,227.91,228.43,210491
2026-01-21 17:25:00,228.42,228.62,228.25,228.44,153895
2026-01-21 17:30:00,228.44,228.45,227.9,228.001,180170
2026-01-21 17:35:00,227.9645,228.08,227.58,227.93,166723
2026-01-21 17:40:00,227.92,228.05,227.85,227.905,169319
2026-01-21 17:45:00,227.8999,228.015,227.595,228.015,234137
2026-01-21 17:50:00,228.0,228.2999,227.74,228.23,195360
2026-01-21 17:55:00,228.24,228.27,227.9,228.0737,159281
2026-01-21 18:00:00,228.08,228.13,226.88,227.1685,350923
2026-01-21 18:05:00,227.18,227.3,227.0,227.25,226930
2026-01-21 18:10:00,227.2175,228.0075,227.21,227.68,211054
2026-01-21 18:15:00,227.699,227.76,227.39,227.4,168132
2026-01-21 18:20:00,227.36,227.455,226.96,227.049,228551
2026-01-21 18:30:00,227.54,227.7799,227.5,227.68,133508
2026-01-21 18:35:00,227.68,227.8,227.3343,227.5882,108919
2026-01-21 18:45:00,227.79,228.04,227.7801,227.9901,278315
2026-01-21 18:50:00,228.02,228.43,228.02,228.3723,179469
2026-01-21 18:55:00,228.355,228.38,227.87,228.1,176281
2026-01-21 19:00:00,228.1,228.22,227.9,227.935,209826
2026-01-21 19:05:00,227.96,228.03,227.6601,227.81,175941
2026-01-21 19:10:00,227.82,228.02,227.58,227.7,186575
2026-01-21 19:15:00,227.7,227.7065,227.49,227.596,176753
2026-01-21 19:20:00,227.585,227.69,227.36,227.55,185998
2026-01-21 19:25:00,227.52,229.76,227.27,229.43,670511
2026-01-21 19:30:00,229.48,230.2,229.4,230.17,618695
2026-01-21 19:35:00,230.2,231.08,230.08,230.845,527137
2026-01-21 19:40:00,230.89,231.61,230.66,231.4901,456344
2026-01-21 19:45:00,231.51,232.0499,231.43,231.9,447187
2026-01-21 19:50:00,231.94,232.3,231.2401,231.74,375708
2026-01-21 19:55:00,231.68,232.18,231.57,232.18,341040
2026-01-21 20:00:00,232.19,232.26,231.27,231.49,370639
2026-01-21 20:05:00,231.5197,231.63,231.1315,231.46,292314
2026-01-21 20:10:00,231.44,231.63,231.26,231.345,206958
2026-01-21 20:15:00,231.37,231.44,230.6,230.65,368414
2026-01-21 20:20:00,230.65,231.18,230.56,230.9933,282699
2026-01-21 20:25:00,230.99,231.0666,230.52,230.54,332922
2026-01-21 20:30:00,230.56,230.94,230.2,230.85,321371
2026-01-21 20:35:00,230.86,231.0388,230.8,230.88,202756
2026-01-21 20:40:00,230.89,231.09,230.72,230.87,230928
2026-01-21 20:45:00,230.85,231.09,230.74,231.02,307834
2026-01-21 20:50:00,231.01,231.6,230.59,231.5318,561094
2026-01-21 20:55:00,231.47,231.75,231.17,231.35,1292219
2026-01-22 14:30:00,234.06,234.4,232.78,232.98,2132544
2026-01-22 14:35:00,232.97,233.49,232.36,232.845,585564
2026-01-22 14:40:00,232.86,233.635,232.6764,233.205,486976
2026-01-22 14:45:00,233.37,233.44,231.61,231.75,612405
2026-01-22 14:50:00,231.7,232.175,231.54,231.79,413233
2026-01-22 14:55:00,231.81,231.84,231.16,231.4325,476365
2026-01-22 15:00:00,231.45,231.49,230.9,231.325,418037
2026-01-22 15:05:00,231.325,231.917,231.16,231.85,287214
2026-01-22 15:10:00,231.88,232.41,231.865,232.23,304172
2026-01-22 15:15:00,232.158,232.7,231.95,232.29,283267
2026-01-22 15:20:00,232.25,232.95,232.24,232.29,357091
2026-01-22 15:25:00,232.275,233.07,232.193,232.75,278545
2026-01-22 15:30:00,232.76,233.241,232.585,233.24,275742
2026-01-22 15:35:00,233.25,233.6352,233.04,233.555,274047
2026-01-22 15:40:00,233.52,234.1795,233.37,234.159,352344
2026-01-22 15:45:00,234.17,234.5,233.88,234.3601,369644
2026-01-22 15:50:00,234.32,234.441,234.06,234.1362,261725
2026-01-22 15:55:00,234.12,234.45,234.06,234.225,241620
2026-01-22 16:00:00,234.22,235.1399,234.2025,235.0726,478436
2026-01-22 16:05:00,235.07,235.2216,234.92,235.045,265792
2026-01-22 16:10:00,235.04,235.12,234.64,234.83,330492
2026-01-22 16:15:00,234.78,234.97,234.61,234.8,199124
2026-01-22 16:20:00,234.76,235.22,234.76,235.03,223929
2026-01-22 16:25:00,235.03,235.135,234.78,234.78,237292
2026-01-22 16:30:00,234.8,234.855,234.4,234.73,212378
2026-01-22 16:35:00,234.7355,234.76,234.39,234.52,161226
2026-01-22 16:40:00,234.52,234.85,234.45,234.82,140455
2026-01-22 16:45:00,234.835,235.08,234.81,234.8605,147202
2026-01-22 16:50:00,234.85,234.94,234.58,234.7195,180449
2026-01-22 16:55:00,234.71,235.09,234.5825,234.965,155272
2026-01-22 17:00:00,234.97,235.125,234.79,235.0226,122785
2026-01-22 17:05:00,235.0103,235.25,234.88,235.165,112739
2026-01-22 17:10:00,235.18,235.37,235.0326,235.32,166162
2026-01-22 17:15:00,235.36,235.38,235.04,235.083,107342
2026-01-22 17:20:00,235.08,235.13,234.77,235.13,121354
2026-01-22 17:25:00,235.1186,235.17,234.8,235.0274,159387
2026-01-22 17:30:00,235.04,235.36,234.99,235.31,161740
2026-01-22 17:35:00,235.29,235.31,235.032,235.0801,102715
2026-01-22 17:40:00,235.09,235.14,234.9602,235.0301,119071
2026-01-22 17:45:00,235.035,235.26,234.98,235.195,106907
2026-01-22 17:50:00,235.19,235.34,235.15,235.21,103494
2026-01-22 17:55:00,235.22,235.35,235.12,235.23,127621
2026-01-22 18:00:00,235.225,235.69,235.033,235.59,223301
2026-01-22 18:05:00,235.59,235.72,235.38,235.47,132693
2026-01-22 18:10:00,235.4891,235.53,235.06,235.065,105829
2026-01-22 18:15:00,235.0797,235.2,234.94,235.14,132497
2026-01-22 18:20:00,235.145,235.4,235.11,235.2725,90022
2026-01-22 18:25:00,235.28,235.34,235.15,235.22,88474
2026-01-22 18:30:00,235.22,235.25,235.13,235.15,77533
2026-01-22 18:35:00,235.14,235.1699,234.88,234.94,101182
2026-01-22 18:40:00,234.925,235.11,234.81,234.8809,112023
2026-01-22 18:45:00,234.9,235.04,234.8726,234.92,81347
2026-01-22 18:50:00,234.915,234.96,234.77,234.95,121425
2026-01-22 18:55:00,234.95,235.03,234.7846,234.87,118649
2026-01-22 19:00:00,234.8859,235.16,234.81,235.07,123880
2026-01-22 19:05:00,235.085,235.19,234.85,234.91,116521
2026-01-22 19:10:00,234.92,235.1206,234.82,235.01,108541
2026-01-22 19:15:00,235.0,235.09,234.91,234.97,103746
2026-01-22 19:20:00,234.975,235.13,234.92,235.11,92740
2026-01-22 19:25:00,235.12,235.2,235.02,235.02,114439
2026-01-22 19:30:00,235.01,235.04,234.75,234.7991,146539
2026-01-22 19:35:00,234.765,234.85,234.59,234.605,145353
2026-01-22 19:40:00,234.59,234.69,234.5101,234.595,96197
2026-01-22 19:45:00,234.58,234.6251,234.45,234.5,120961
2026-01-22 19:50:00,234.5,234.57,234.33,234.4,143875
2026-01-22 19:55:00,234.39,234.5199,234.23,234.2488,199084
2026-01-22 20:00:00,234.225,234.57,234.2,234.5192,177369
2026-01-22 20:05:00,234.51,234.5658,234.285,234.43,164589
2026-01-22 20:10:00,234.4301,234.66,234.43,234.58,137051
2026-01-22 20:15:00,234.59,234.71,234.56,234.7,144181
2026-01-22 20:20:00,234.69,234.73,234.4835,234.49,147316
2026-01-22 20:25:00,234.49,234.5,233.97,233.97,226911
2026-01-22 20:30:00,233.96,234.0699,233.6701,233.96,193997
2026-01-22 20:35:00,233.92,233.943,233.66,233.7,174747
2026-01-22 20:40:00,233.72,233.97,233.64,233.92,185059
2026-01-22 20:45:00,233.935,234.26,233.87,234.23,192181
2026-01-22 20:50:00,234.25,234.36,233.98,234.0,289643
2026-01-22 20:55:00,234.01,234.3699,234.0,234.29,693753
2026-01-23 14:30:00,234.72,236.63,234.57,236.0975,1619898
2026-01-23 14:35:00,236.12,236.15,234.725,235.29,437750
2026-01-23 14:40:00,235.25,236.07,234.96,235.9933,310800
2026-01-23 14:45:00,236.0,236.55,235.75,236.2401,424274
2026-01-23 14:50:00,236.27,236.29,235.49,235.855,421588
2026-01-23 14:55:00,235.89,236.46,235.72,236.38,278815
2026-01-23 15:00:00,236.42,237.1,236.21,237.07,434445
2026-01-23 15:05:00,237.0898,237.23,236.63,237.175,370592
2026-01-23 15:10:00,237.165,237.68,236.9952,237.585,564464
2026-01-23 15:15:00,237.6,237.82,237.0,237.06,383103
2026-01-23 15:20:00,237.08,238.14,236.98,238.02,361165
2026-01-23 15:25:00,238.04,238.18,237.65,238.0,327102
2026-01-23 15:30:00,237.98,238.04,237.3901,237.85,289201
2026-01-23 15:35:00,237.8877,237.93,237.565,237.8399,204300
2026-01-23 15:40:00,237.805,238.16,237.72,237.79,259824
2026-01-23 15:45:00,237.775,238.3692,237.76,238.32,285193
2026-01-23 15:50:00,238.37,239.165,238.22,239.09,381866
2026-01-23 15:55:00,239.1,240.06,239.09,239.9,662501
2026-01-23 16:00:00,239.92,240.45,239.84,240.2101,512570
2026-01-23 16:05:00,240.21,240.39,239.76,239.87,316001
2026-01-23 16:10:00,239.87,239.95,239.25,239.51,320337
2026-01-23 16:15:00,239.515,239.55,239.07,239.48,273853
2026-01-23 16:20:00,239.47,239.5,238.86,239.4,280568
2026-01-23 16:25:00,239.4,239.4,239.03,239.155,199322
2026-01-23 16:30:00,239.105,239.3399,238.89,239.2026,176348
2026-01-23 16:35:00,239.22,240.13,239.1529,239.98,232924
2026-01-23 16:40:00,240.065,240.33,239.88,239.885,256949
2026-01-23 16:45:00,239.88,240.12,239.515,240.115,306424
2026-01-23 16:50:00,240.12,240.32,240.02,240.075,203823
2026-01-23 16:55:00,240.075,240.29,239.9401,240.06,176200
2026-01-23 17:00:00,240.02,240.11,239.77,239.88,195259
2026-01-23 17:05:00,239.89,240.09,239.645,240.02,284746
2026-01-23 17:10:00,240.02,240.05,239.8008,240.01,166879
2026-01-23 17:15:00,240.01,240.03,239.73,239.8501,115346
2026-01-23 17:20:00,239.85,239.93,239.74,239.8301,115325
2026-01-23 17:25:00,239.85,240.0176,239.79,239.865,129048
2026-01-23 17:30:00,239.8799,239.8799,239.61,239.65,134335
2026-01-23 17:35:00,239.65,239.99,239.63,239.735,183540
2026-01-23 17:40:00,239.735,239.76,239.08,239.1701,198096
2026-01-23 17:45:00,239.18,239.49,239.06,239.39,178297
2026-01-23 17:50:00,239.39,239.42,238.8225,238.97,205937
2026-01-23 17:55:00,238.99,239.275,238.99,239.19,146965
2026-01-23 18:00:00,239.17,239.78,239.15,239.5791,244802
2026-01-23 18:05:00,239.57,239.7518,239.465,239.64,153889
2026-01-23 18:10:00,239.665,239.75,239.3,239.315,151306
2026-01-23 18:15:00,239.3002,239.63,239.2706,239.46,93790
2026-01-23 18:20:00,239.5,239.55,239.2601,239.44,88144
2026-01-23 18:25:00,239.41,239.64,239.3501,239.4061,113861
2026-01-23 18:30:00,239.43,239.54,239.19,239.1903,122980
2026-01-23 18:35:00,239.18,239.59,239.18,239.3751,131674
2026-01-23 18:40:00,239.4,239.4758,239.03,239.085,99166
2026-01-23 18:45:00,239.09,239.19,238.91,239.19,96789
2026-01-23 18:50:00,239.1699,239.26,239.03,239.0967,90755
2026-01-23 18:55:00,239.09,239.21,239.0,239.0916,113546
2026-01-23 19:00:00,239.1,239.58,239.05,239.445,157866
2026-01-23 19:05:00,239.44,239.645,239.44,239.55,117381
2026-01-23 19:10:00,239.54,239.58,239.415,239.445,85644
2026-01-23 19:15:00,239.43,239.7,239.42,239.67,117677
2026-01-23 19:20:00,239.685,239.915,239.59,239.615,171548
2026-01-23 19:25:00,239.61,239.84,239.435,239.45,126231
2026-01-23 19:30:00,239.45,239.7299,239.3516,239.64,124110
2026-01-23 19:35:00,239.64,239.75,239.42,239.53,115788
2026-01-23 19:40:00,239.5172,239.66,239.27,239.64,172698
2026-01-23 19:45:00,239.64,239.735,239.5,239.52,116184
2026-01-23 19:50:00,239.52,239.805,239.5,239.73,131105
2026-01-23 19:55:00,239.75,239.99,239.75,239.89,117239
2026-01-23 20:00:00,239.91,239.9685,239.55,239.5699,140001
2026-01-23 20:05:00,239.57,239.63,239.3201,239.33,152724
2026-01-23 20:10:00,239.32,239.34,239.01,239.13,204102
2026-01-23 20:15:00,239.12,239.51,239.1,239.4321,178361
2026-01-23 20:20:00,239.41,239.46,239.27,239.38,158023
2026-01-23 20:25:00,239.37,239.45,239.2601,239.27,148675
2026-01-23 20:30:00,239.28,239.445,239.02,239.1408,195664
2026-01-23 20:35:00,239.12,239.21,238.97,239.0299,178646
2026-01-23 20:40:00,239.03,239.335,239.03,239.175,226469
2026-01-23 20:45:00,239.1799,239.185,238.57,239.01,384132
2026-01-23 20:50:00,238.97,239.0,238.6,238.86,409253
2026-01-23 20:55:00,238.83,239.355,238.78,239.19,978345
2026-01-26 14:30:00,239.98,240.9,239.16,239.21,1688702
2026-01-26 14:35:00,239.2699,239.665,238.98,239.25,393819
2026-01-26 14:40:00,239.36,239.42,237.54,237.84,730364
2026-01-26 14:45:00,237.81,238.69,237.6,238.21,462740
2026-01-26 14:50:00,238.1502,238.9,238.05,238.465,296890
2026-01-26 14:55:00,238.44,238.91,238.06,238.32,328436
2026-01-26 15:00:00,238.31,238.91,238.15,238.55,276825
2026-01-26 15:05:00,238.57,238.84,238.49,238.6152,204964
2026-01-26 15:10:00,238.64,238.905,238.32,238.77,245175
2026-01-26 15:15:00,238.81,239.4,238.7,239.38,251285
2026-01-26 15:20:00,239.37,239.59,239.28,239.5,269814
2026-01-26 15:25:00,239.52,239.6399,238.8532,238.965,296491
2026-01-26 15:30:00,238.94,239.58,238.92,239.525,268164
2026-01-26 15:35:00,239.49,239.8,239.4,239.56,191264
2026-01-26 15:40:00,239.56,239.5826,239.22,239.39,162736
2026-01-26 15:45:00,239.42,239.9299,239.39,239.805,200063
2026-01-26 15:50:00,239.815,239.92,239.57,239.6,194430
2026-01-26 15:55:00,239.5601,239.74,239.42,239.42,206183
2026-01-26 16:00:00,239.41,239.71,239.37,239.53,232889
2026-01-26 16:05:00,239.515,239.93,239.32,239.92,230055
2026-01-26 16:10:00,239.9028,240.0,239.4,239.465,329580
2026-01-26 16:15:00,239.5197,239.5197,238.97,239.078,170448
2026-01-26 16:20:00,239.06,239.76,238.97,239.735,230441
2026-01-26 16:25:00,239.73,239.955,239.6399,239.8425,277751
2026-01-26 16:30:00,239.855,240.0,239.48,239.5099,163792
2026-01-26 16:35:00,239.53,239.7,239.3501,239.56,160247
2026-01-26 16:40:00,239.5651,239.63,239.4,239.53,130434
2026-01-26 16:45:00,239.525,239.6599,239.42,239.53,130035
2026-01-26 16:50:00,239.54,239.63,239.425,239.575,122412
2026-01-26 16:55:00,239.5699,239.79,239.5,239.7,169369
2026-01-26 17:00:00,239.69,240.01,239.62,239.94,262414
2026-01-26 17:05:00,239.94,240.13,239.84,240.002,196662
2026-01-26 17:10:00,240.01,240.07,239.79,239.955,202082
2026-01-26 17:15:00,239.9596,240.02,239.71,239.7374,157274
2026-01-26 17:20:00,239.7201,239.77,239.56,239.655,119848
2026-01-26 17:25:00,239.6363,239.81,239.59,239.63,109938
2026-01-26 17:30:00,239.6,239.63,239.35,239.43,137497
2026-01-26 17:35:00,239.42,239.46,239.01,239.205,152455
2026-01-26 17:40:00,239.23,239.33,239.15,239.33,108533
2026-01-26 17:45:00,239.32,239.33,238.88,239.0501,171265
2026-01-26 17:50:00,239.059,239.0999,238.86,238.97,266709
2026-01-26 17:55:00,238.965,239.0599,238.86,239.01,118086
2026-01-26 18:00:00,239.015,239.41,238.92,239.3274,144448
2026-01-26 18:05:00,239.31,239.325,239.1,239.16,103823
2026-01-26 18:10:00,239.16,239.16,239.02,239.06,88817
2026-01-26 18:15:00,239.05,239.29,238.98,239.1805,108284
2026-01-26 18:20:00,239.175,239.26,239.015,239.22,89821
2026-01-26 18:25:00,239.215,239.2516,239.03,239.08,99045
2026-01-26 18:30:00,239.08,239.26,239.0646,239.1,111266
2026-01-26 18:35:00,239.105,239.34,239.0,239.22,202948
2026-01-26 18:40:00,239.247,239.36,238.9601,238.9879,144073
2026-01-26 18:45:00,238.9995,239.04,238.899,238.92,120945
2026-01-26 18:50:00,238.9255,239.23,238.86,239.2,116095
2026-01-26 18:55:00,239.2,239.23,239.11,239.17,97858
2026-01-26 19:00:00,239.17,239.295,238.99,239.0564,122363
2026-01-26 19:05:00,239.059,239.25,239.04,239.21,114253
2026-01-26 19:10:00,239.22,239.33,239.2,239.235,109399
2026-01-26 19:15:00,239.24,239.558,239.22,239.52,130847
2026-01-26 19:20:00,239.5101,239.545,239.36,239.4099,125009
2026-01-26 19:25:00,239.405,239.51,239.37,239.44,119359
2026-01-26 19:30:00,239.44,239.51,239.3,239.34,132446
2026-01-26 19:35:00,239.32,239.3699,239.21,239.255,150829
2026-01-26 19:40:00,239.26,239.29,239.19,239.2001,107239
2026-01-26 19:45:00,239.22,239.24,238.92,239.07,144444
2026-01-26 19:50:00,239.07,239.2,238.995,239.1401,156039
2026-01-26 19:55:00,239.145,239.45,239.14,239.3101,150904
2026-01-26 20:00:00,239.28,239.845,239.2,239.83,189863
2026-01-26 20:05:00,239.845,239.9,239.63,239.79,146443
2026-01-26 20:10:00,239.77,239.805,239.51,239.54,129933
2026-01-26 20:15:00,239.545,239.56,239.28,239.46,156623
2026-01-26 20:20:00,239.45,239.5125,239.19,239.4,164041
2026-01-26 20:25:00,239.39,239.4,239.215,239.24,126804
2026-01-26 20:30:00,239.2,239.56,239.2,239.48,143281
2026-01-26 20:35:00,239.4899,239.58,239.335,239.38,149332
2026-01-26 20:40:00,239.38,239.49,239.31,239.415,149523
2026-01-26 20:45:00,239.39,239.42,239.26,239.3,201152
2026-01-26 20:50:00,239.28,239.291,238.56,238.565,478137
2026-01-26 20:55:00,238.58,238.585,238.185,238.42,1474481
2026-01-27 14:30:00,239.675,240.27,238.81,239.3434,1861682
2026-01-27 14:35:00,239.325,239.34,238.08,238.5,569994
2026-01-27 14:40:00,238.4757,239.6,238.4513,239.59,414305
2026-01-27 14:45:00,239.59,239.99,239.2808,239.435,359754
2026-01-27 14:50:00,239.42,239.85,239.33,239.84,327774
2026-01-27 14:55:00,239.79,239.8074,238.7,238.78,347532
2026-01-27 15:00:00,238.76,239.62,238.72,239.325,356504
2026-01-27 15:05:00,239.3,239.96,239.13,239.939,333943
2026-01-27 15:10:00,239.94,240.68,239.94,240.475,338844
2026-01-27 15:15:00,240.47,241.52,240.43,241.4859,500554
2026-01-27 15:20:00,241.47,241.86,240.99,241.76,479856
2026-01-27 15:25:00,241.72,242.29,241.62,242.04,514037
2026-01-27 15:30:00,242.03,242.9299,241.92,242.39,552291
2026-01-27 15:35:00,242.41,242.41,241.85,241.988,430608
2026-01-27 15:40:00,242.0125,242.08,241.46,241.59,264003
2026-01-27 15:45:00,241.59,241.98,241.47,241.78,239842
2026-01-27 15:50:00,241.78,241.91,240.92,240.99,250835
2026-01-27 15:55:00,240.98,241.04,240.82,241.04,208274
2026-01-27 16:00:00,241.03,241.36,241.0,241.34,296927
2026-01-27 16:05:00,241.34,242.105,241.335,242.1,288819
2026-01-27 16:10:00,242.085,242.29,241.79,242.24,347741
2026-01-27 16:15:00,242.24,242.31,241.725,241.93,268446
2026-01-27 16:20:00,241.915,242.16,241.84,241.98,192909
2026-01-27 16:25:00,241.98,242.015,241.74,241.77,174065
2026-01-27 16:30:00,241.76,242.186,241.75,241.98,219366
2026-01-27 16:35:00,242.0,242.1316,241.92,241.995,184133
2026-01-27 16:40:00,242.0,242.24,241.9701,242.215,209403
2026-01-27 16:45:00,242.2199,242.4899,242.2,242.28,212476
2026-01-27 16:50:00,242.29,242.54,242.03,242.43,210412
2026-01-27 16:55:00,242.43,242.9,242.37,242.49,314826
2026-01-27 17:00:00,242.48,242.55,241.96,242.07,230649
2026-01-27 17:05:00,242.08,242.12,241.78,242.08,183369
2026-01-27 17:10:00,242.075,242.26,242.0,242.15,165319
2026-01-27 17:15:00,242.14,242.305,241.9101,242.105,175329
2026-01-27 17:20:00,242.08,242.12,241.89,242.02,153988
2026-01-27 17:25:00,242.02,242.46,241.97,242.35,310876
2026-01-27 17:30:00,242.34,242.465,241.95,242.255,147349
2026-01-27 17:35:00,242.23,242.3,241.74,241.775,180513
2026-01-27 17:40:00,241.78,242.19,241.71,241.96,163362
2026-01-27 17:45:00,241.99,242.1299,241.7999,241.97,162292
2026-01-27 17:50:00,241.97,242.19,241.93,242.15,113394
2026-01-27 17:55:00,242.17,242.3874,242.115,242.25,127344
2026-01-27 18:00:00,242.28,242.35,241.93,242.0199,150964
2026-01-27 18:05:00,242.02,242.02,241.71,241.895,155416
2026-01-27 18:10:00,241.91,242.3628,241.8,242.36,154979
2026-01-27 18:15:00,242.36,242.655,242.355,242.655,152896
2026-01-27 18:20:00,242.65,242.9,242.615,242.88,171483
2026-01-27 18:25:00,242.87,243.1591,242.84,243.08,264535
2026-01-27 18:30:00,243.09,243.65,243.07,243.52,408670
2026-01-27 18:35:00,243.51,243.78,243.45,243.605,238492
2026-01-27 18:40:00,243.6061,243.81,242.9826,243.05,367729
2026-01-27 18:45:00,243.04,243.45,243.04,243.38,197918
2026-01-27 18:50:00,243.3737,243.75,243.365,243.4801,179166
2026-01-27 18:55:00,243.5,243.59,243.19,243.525,190217
2026-01-27 19:00:00,243.53,243.675,243.21,243.3,234896
2026-01-27 19:05:00,243.31,243.4,243.1608,243.33,188152
2026-01-27 19:10:00,243.31,243.82,243.14,243.7,430059
2026-01-27 19:15:00,243.71,243.71,243.435,243.525,180767
2026-01-27 19:20:00,243.52,243.549,243.36,243.49,171521
2026-01-27 19:25:00,243.49,243.96,243.45,243.825,418643
2026-01-27 19:30:00,243.84,244.09,243.68,243.76,262628
2026-01-27 19:35:00,243.77,244.255,243.74,244.24,241445
2026-01-27 19:40:00,244.23,244.3298,243.82,244.05,252113
2026-01-27 19:45:00,244.07,244.51,243.99,244.5097,232067
2026-01-27 19:50:00,244.51,244.88,244.3,244.3,360692
2026-01-27 19:55:00,244.3,244.31,243.99,244.13,228223
2026-01-27 20:00:00,244.13,244.52,244.095,244.3204,341836
2026-01-27 20:05:00,244.33,244.4499,244.175,244.219,241415
2026-01-27 20:10:00,244.23,244.65,244.2,244.41,294541
2026-01-27 20:15:00,244.41,244.48,244.21,244.265,263547
2026-01-27 20:20:00,244.265,244.31,244.125,244.125,213181
2026-01-27 20:25:00,244.125,244.125,243.89,244.03,294010
2026-01-27 20:30:00,244.04,244.59,243.82,244.59,329176
2026-01-27 20:35:00,244.5938,244.765,244.55,244.67,257653
2026-01-27 20:40:00,244.67,244.77,244.56,244.58,284385
2026-01-27 20:45:00,244.57,244.85,244.48,244.78,343560
2026-01-27 20:50:00,244.755,244.8455,244.53,244.62,479979
2026-01-27 20:55:00,244.63,244.75,244.58,244.67,11059228
2026-01-28 14:30:00,246.3,247.12,245.81,246.295,1832669
2026-01-28 14:35:00,246.2201,246.2799,245.08,245.24,646630
2026-01-28 14:40:00,245.27,246.19,245.155,246.18,389117
2026-01-28 14:45:00,246.155,246.49,245.2219,246.38,486105
2026-01-28 14:50:00,246.43,247.1796,246.17,247.09,405728
2026-01-28 14:55:00,247.04,247.57,246.925,247.29,624470
2026-01-28 15:00:00,247.28,247.775,247.225,247.5,511919
2026-01-28 15:05:00,247.47,247.61,246.34,246.5076,486158
2026-01-28 15:10:00,246.52,246.55,245.525,245.56,376763
2026-01-28 15:15:00,245.55,245.85,245.2307,245.4073,348273
2026-01-28 15:20:00,245.37,245.75,245.295,245.3399,245958
2026-01-28 15:25:00,245.3399,245.3399,244.73,244.9,455508
2026-01-28 15:30:00,244.9,245.0899,244.33,244.33,378671
2026-01-28 15:35:00,244.34,244.66,244.12,244.1316,350102
2026-01-28 15:40:00,244.14,244.28,243.59,243.69,432064
2026-01-28 15:45:00,243.7,243.9899,243.37,243.515,416099
2026-01-28 15:50:00,243.515,243.638,243.39,243.517,240999
2026-01-28 15:55:00,243.53,243.62,242.855,243.1,382505
2026-01-28 16:00:00,243.11,243.1501,242.71,242.975,257687
2026-01-28 16:05:00,242.98,243.44,242.85,243.11,298109
2026-01-28 16:10:00,243.125,243.2699,242.85,243.19,221765
2026-01-28 16:15:00,243.18,243.35,242.75,242.8408,246316
2026-01-28 16:20:00,242.865,243.05,242.64,242.87,288905
2026-01-28 16:25:00,242.84,243.14,242.58,243.08,354108
2026-01-28 16:30:00,243.06,243.06,242.26,242.305,296180
2026-01-28 16:35:00,242.31,242.6,242.19,242.41,266360
2026-01-28 16:40:00,242.41,242.46,241.845,241.9701,376729
2026-01-28 16:45:00,241.98,242.36,241.95,242.221,259947
2026-01-28 16:50:00,242.21,242.29,241.53,241.68,377225
2026-01-28 16:55:00,241.69,242.1102,241.68,241.81,280741
2026-01-28 17:00:00,241.81,242.2699,241.8,242.07,218460
2026-01-28 17:05:00,242.04,242.3899,241.88,242.2499,249544
2026-01-28 17:10:00,242.26,242.83,242.2276,242.7,191678
2026-01-28 17:15:00,242.71,242.84,242.5738,242.84,140719
2026-01-28 17:20:00,242.84,243.01,242.46,242.53,260209
2026-01-28 17:25:00,242.51,242.59,242.36,242.4425,153129
2026-01-28 17:30:00,242.43,242.44,242.17,242.26,152942
2026-01-28 17:35:00,242.26,242.44,242.23,242.32,126458
2026-01-28 17:40:00,242.33,242.78,242.2,242.71,216590
2026-01-28 17:45:00,242.68,243.13,242.64,243.0365,208178
2026-01-28 17:50:00,243.025,243.32,242.83,243.19,199402
2026-01-28 17:55:00,243.2,243.22,242.8512,243.04,203933
2026-01-28 18:00:00,243.03,243.105,242.71,243.08,185359
2026-01-28 18:05:00,243.08,243.16,242.9099,243.03,114690
2026-01-28 18:10:00,243.02,243.34,242.88,243.26,171867
2026-01-28 18:15:00,243.2546,243.4,243.15,243.165,152040
2026-01-28 18:20:00,243.17,243.32,243.0201,243.05,209250
2026-01-28 18:25:00,243.03,243.0699,242.85,242.94,170388
2026-01-28 18:30:00,242.94,243.075,242.7701,242.84,143096
2026-01-28 18:35:00,242.82,242.865,242.62,242.66,165738
2026-01-28 18:40:00,242.64,242.9599,242.63,242.8597,139281
2026-01-28 18:45:00,242.86,242.98,242.78,242.9,106986
2026-01-28 18:50:00,242.88,243.09,242.85,243.09,137281
2026-01-28 18:55:00,243.095,243.2,242.94,243.005,187914
2026-01-28 19:00:00,242.925,243.2904,242.332,242.62,268333
2026-01-28 19:05:00,242.61,242.9152,242.325,242.65,198404
2026-01-28 19:10:00,242.64,242.93,242.54,242.65,199881
2026-01-28 19:15:00,242.65,242.82,242.545,242.74,203283
2026-01-28 19:20:00,242.75,243.14,242.53,243.0601,185526
2026-01-28 19:25:00,243.06,243.19,242.21,242.27,192453
2026-01-28 19:30:00,242.24,243.18,242.15,242.425,402608
2026-01-28 19:35:00,242.44,242.68,242.24,242.26,184459
2026-01-28 19:40:00,242.265,242.55,242.05,242.49,199423
2026-01-28 19:45:00,242.49,243.18,242.48,242.95,202328
2026-01-28 19:50:00,242.95,243.32,242.88,243.185,186171
2026-01-28 19:55:00,243.2,243.2303,242.81,242.87,175491
2026-01-28 20:00:00,242.86,243.2485,242.77,243.15,207180
2026-01-28 20:05:00,243.145,243.18,242.81,243.16,209922
2026-01-28 20:10:00,243.15,243.4494,243.05,243.1,265889
2026-01-28 20:15:00,243.1,243.485,242.94,243.465,203154
2026-01-28 20:20:00,243.47,243.65,243.1,243.575,320155
2026-01-28 20:25:00,243.57,243.58,243.08,243.0899,201730
2026-01-28 20:30:00,243.1,243.37,243.1,243.18,174170
2026-01-28 20:35:00,243.165,243.28,243.05,243.215,216394
2026-01-28 20:40:00,243.21,243.28,243.05,243.275,232854
2026-01-28 20:45:00,243.27,243.74,243.21,243.505,277560
2026-01-28 20:50:00,243.5,243.76,243.11,243.56,475729
2026-01-28 20:55:00,243.58,243.63,242.89,243.02,9988381
2026-01-29 14:30:00,242.955,243.0,242.0,242.42,1843559
2026-01-29 14:35:00,242.425,242.45,240.95,242.125,809518
2026-01-29 14:40:00,242.21,242.415,240.67,240.755,894929
2026-01-29 14:45:00,240.695,241.395,240.16,240.455,1316450
2026-01-29 14:50:00,240.45,240.51,239.07,239.16,839434
2026-01-29 14:55:00,239.1201,239.5,238.58,239.09,678128
2026-01-29 15:00:00,239.14,239.14,237.615,238.12,1364372
2026-01-29 15:05:00,238.14,239.4,238.0,239.215,532690
2026-01-29 15:10:00,239.2,239.85,238.9,239.06,531841
2026-01-29 15:15:00,239.06,239.5,238.66,239.18,561907
2026-01-29 15:20:00,239.18,239.86,239.0,239.39,414303
2026-01-29 15:25:00,239.36,239.825,238.67,238.785,396210
2026-01-29 15:30:00,238.77,238.88,238.23,238.45,496476
2026-01-29 15:35:00,238.49,238.525,237.76,237.93,483881
2026-01-29 15:40:00,237.9401,238.035,237.19,237.43,441632
2026-01-29 15:45:00,237.41,237.88,237.053,237.185,436826
2026-01-29 15:50:00,237.1601,237.18,236.7999,236.98,662681
2026-01-29 15:55:00,236.98,237.7399,236.86,237.15,338271
2026-01-29 16:00:00,237.15,237.291,236.742,237.0,251774
2026-01-29 16:05:00,236.991,237.35,236.79,237.12,295956
2026-01-29 16:10:00,237.055,237.85,236.97,237.66,338906
2026-01-29 16:15:00,237.665,238.24,237.5407,238.19,394784
2026-01-29 16:20:00,238.17,238.34,237.91,238.14,418858
2026-01-29 16:25:00,238.11,238.42,237.95,238.0,266861
2026-01-29 16:30:00,237.97,238.26,237.7706,237.97,216010
2026-01-29 16:35:00,237.965,238.39,237.93,238.29,190749
2026-01-29 16:40:00,238.27,238.965,238.17,238.86,251777
2026-01-29 16:45:00,238.87,239.28,238.79,239.0362,288102
2026-01-29 16:50:00,239.05,239.26,238.9436,238.965,222749
2026-01-29 16:55:00,238.968,239.09,238.887,238.98,180157
2026-01-29 17:00:00,238.99,239.35,238.9101,238.97,241635
2026-01-29 17:05:00,238.97,239.28,238.92,239.02,180042
2026-01-29 17:10:00,238.98,239.6734,238.92,239.6201,179030
2026-01-29 17:15:00,239.62,239.84,239.59,239.67,171998
2026-01-29 17:20:00,239.69,239.9099,239.46,239.9,183618
2026-01-29 17:25:00,239.9,240.04,239.48,239.98,241631
2026-01-29 17:30:00,239.97,240.225,239.935,240.21,201572
2026-01-29 17:35:00,240.185,240.57,240.08,240.2417,179053
2026-01-29 17:40:00,240.22,240.22,239.57,239.9,177288
2026-01-29 17:45:00,239.88,239.89,239.28,239.37,180670
2026-01-29 17:50:00,239.34,239.4664,238.405,238.42,297391
2026-01-29 17:55:00,238.42,238.67,238.27,238.45,201015
2026-01-29 18:00:00,238.46,239.1,238.34,239.1,189840
2026-01-29 18:05:00,239.1099,239.47,238.9683,239.211,139735
2026-01-29 18:10:00,239.23,239.31,239.07,239.181,173475
2026-01-29 18:15:00,239.16,239.41,239.03,239.35,162269
2026-01-29 18:20:00,239.38,239.78,239.23,239.65,145781
2026-01-29 18:25:00,239.64,239.66,239.33,239.5726,156324
2026-01-29 18:30:00,239.58,239.89,239.345,239.81,202995
2026-01-29 18:35:00,239.855,240.18,239.8,240.07,196359
2026-01-29 18:40:00,240.06,240.23,239.395,239.42,234164
2026-01-29 18:45:00,239.42,239.42,239.0,239.15,188540
2026-01-29 18:50:00,239.14,239.17,238.9333,239.15,142888
2026-01-29 18:55:00,239.16,239.21,238.945,239.12,131668
2026-01-29 19:00:00,239.1,239.51,239.0713,239.1,157759
2026-01-29 19:05:00,239.11,239.2,238.94,239.06,181416
2026-01-29 19:10:00,239.07,239.22,239.0175,239.085,181060
2026-01-29 19:15:00,239.09,239.8099,239.09,239.64,239046
2026-01-29 19:20:00,239.66,239.78,239.45,239.64,140446
2026-01-29 19:25:00,239.65,239.685,239.43,239.5198,136830
2026-01-29 19:30:00,239.51,239.55,238.97,239.1,213717
2026-01-29 19:35:00,239.09,239.22,238.9,239.07,153806
2026-01-29 19:40:00,239.095,239.29,239.03,239.1607,138606
2026-01-29 19:45:00,239.15,239.22,239.0,239.03,141141
2026-01-29 19:50:00,239.07,239.27,239.0,239.26,144936
2026-01-29 19:55:00,239.26,239.4,239.11,239.17,166976
2026-01-29 20:00:00,239.2,239.54,239.08,239.4176,187810
2026-01-29 20:05:00,239.43,239.575,239.3583,239.53,205816
2026-01-29 20:10:00,239.52,239.78,239.465,239.72,245358
2026-01-29 20:15:00,239.7,239.75,239.555,239.62,219550
2026-01-29 20:20:00,239.64,240.1899,239.6168,240.0735,226161
2026-01-29 20:25:00,240.07,240.15,239.84,239.98,184717
2026-01-29 20:30:00,239.99,240.39,239.17,240.3,529352
2026-01-29 20:35:00,240.3,241.32,239.93,241.09,948358
2026-01-29 20:40:00,241.07,241.45,240.85,241.32,787996
2026-01-29 20:45:00,241.315,241.32,241.0601,241.17,349631
2026-01-29 20:50:00,241.21,241.86,241.2,241.74,545608
2026-01-29 20:55:00,241.73,241.96,241.57,241.68,1240514
2026-01-30 14:30:00,239.88,240.42,238.57,240.42,1715350
2026-01-30 14:35:00,240.43,241.7,240.18,241.415,642900
2026-01-30 14:40:00,241.43,241.6536,240.08,240.54,444740
2026-01-30 14:45:00,240.4418,241.84,240.26,241.595,411768
2026-01-30 14:50:00,241.56,242.405,241.39,242.33,426705
2026-01-30 14:55:00,242.32,242.4783,240.93,241.42,430492
2026-01-30 15:00:00,241.38,241.76,240.99,241.235,323082
2026-01-30 15:05:00,241.285,242.7799,241.285,242.365,371839
2026-01-30 15:10:00,242.38,243.315,242.22,243.04,423006
2026-01-30 15:15:00,243.02,243.13,242.3801,242.53,341078
2026-02-02 19:00:00,243.48,243.66,243.475,243.6,42086
2026-02-02 19:05:00,243.5,243.93,243.45,243.9201,159131
2026-02-02 19:10:00,243.92,244.001,243.74,243.81,150730
2026-02-02 19:15:00,243.815,243.925,243.605,243.84,158524
2026-02-02 19:20:00,243.82,243.94,243.69,243.9385,124825
2026-02-02 19:25:00,243.935,244.05,243.52,243.53,218252
2026-02-02 19:30:00,243.53,243.66,243.4201,243.64,170558
2026-02-02 19:35:00,243.63,243.78,243.455,243.63,230972
2026-02-02 19:40:00,243.63,243.93,243.57,243.92,169494
2026-02-02 19:45:00,243.915,243.96,243.53,243.56,162592
2026-02-02 19:50:00,243.57,243.6034,243.32,243.365,168795
2026-02-02 19:55:00,243.36,243.7,242.92,242.9401,283390
2026-02-02 20:00:00,242.96,243.53,242.695,243.35,230870
2026-02-02 20:05:00,243.34,243.51,243.21,243.36,224435
2026-02-02 20:10:00,243.37,243.445,243.13,243.17,207937
2026-02-02 20:15:00,243.17,243.33,242.95,243.315,230264
2026-02-02 20:20:00,243.31,243.375,243.01,243.2201,206978
2026-02-02 20:25:00,243.2297,243.24,242.9,242.9582,189189
2026-02-02 20:30:00,242.95,243.02,242.745,242.77,228059
2026-02-02 20:35:00,242.765,242.86,242.56,242.84,293026
2026-02-02 20:40:00,242.82,243.28,242.69,243.28,325656
2026-02-02 20:45:00,243.26,243.38,243.06,243.1448,343815
2026-02-02 20:50:00,243.14,243.29,242.915,243.06,524960
2026-02-02 20:55:00,243.07,243.215,242.83,242.96,956283
2026-02-03 14:30:00,245.07,246.35,243.31,244.63,2340369
2026-02-03 14:35:00,244.645,245.1917,242.8801,243.49,821343
2026-02-03 14:40:00,243.49,244.94,243.215,243.64,634514
2026-02-03 14:45:00,243.6,245.0,243.56,244.25,545954
2026-02-03 14:50:00,244.26,244.36,242.64,242.67,405442
2026-02-03 14:55:00,242.66,242.745,240.86,241.1446,669922
2026-02-03 15:00:00,241.11,241.25,240.11,240.11,580781
2026-02-03 15:05:00,240.115,240.51,239.22,239.36,635644
2026-02-03 15:10:00,239.34,239.6199,238.41,239.09,601945
2026-02-03 15:15:00,239.09,239.99,238.73,239.543,739105
2026-02-03 15:20:00,239.8,240.01,237.76,237.81,776763
2026-02-03 15:25:00,237.795,239.4,237.71,239.215,966979
2026-02-03 15:30:00,239.19,239.225,237.94,237.94,582996
2026-02-03 15:35:00,237.965,239.185,237.5501,239.03,413568
2026-02-03 15:40:00,239.01,239.09,238.57,238.83,410213
2026-02-03 15:45:00,238.815,239.5,238.5437,239.43,429187
2026-02-03 15:50:00,239.39,239.65,238.61,238.98,395587
2026-02-03 15:55:00,238.9699,239.3099,237.85,237.9,483487
2026-02-03 16:00:00,237.89,237.89,237.23,237.25,642112
2026-02-03 16:05:00,237.2604,237.9,236.98,237.67,501115
2026-02-03 16:10:00,237.6865,238.49,237.295,238.155,319549
2026-02-03 16:15:00,238.18,238.6,238.05,238.105,263559
2026-02-03 16:20:00,238.1,238.205,237.18,237.37,251821
2026-02-03 16:25:00,237.35,237.72,237.07,237.58,294474
2026-02-03 16:30:00,237.59,237.7,236.91,236.97,272767
2026-02-03 16:35:00,236.96,237.4,236.87,237.0616,330453
2026-02-03 16:40:00,237.06,237.38,236.96,237.24,228995
2026-02-03 16:45:00,237.1801,237.55,237.03,237.175,275924
2026-02-03 16:50:00,237.15,237.28,236.36,236.97,341382
2026-02-03 16:55:00,236.965,237.4,236.935,237.17,214296
2026-02-03 17:00:00,237.14,237.4,237.06,237.33,249861
2026-02-03 17:05:00,237.34,237.89,237.125,237.8,233209
2026-02-03 17:10:00,237.875,237.9,236.7,236.95,323160
2026-02-03 17:15:00,236.93,237.7,236.86,237.48,191842
2026-02-03 17:20:00,237.465,237.73,237.18,237.72,193859
2026-02-03 17:25:00,237.71,237.81,237.265,237.3,193031
2026-02-03 17:30:00,237.28,237.605,237.12,237.37,239013
2026-02-03 17:35:00,237.37,237.69,236.93,237.115,227141
2026-02-03 17:40:00,237.075,237.11,236.6,236.83,279204
2026-02-03 17:45:00,236.82,237.99,236.77,237.845,362488
2026-02-03 17:50:00,237.83,238.2399,237.76,238.05,280963
2026-02-03 17:55:00,238.055,238.235,237.63,237.69,341019
2026-02-03 18:00:00,237.68,237.9025,236.91,236.925,351040
2026-02-03 18:05:00,236.92,237.56,236.78,237.255,230384
2026-02-03 18:10:00,237.19,237.245,236.3,236.39,185154
2026-02-03 18:15:00,236.39,237.21,236.39,237.17,198137
2026-02-03 18:20:00,237.16,237.165,236.4224,236.5438,222153
2026-02-03 18:25:00,236.53,236.9699,236.43,236.9299,196302
2026-02-03 18:30:00,236.8928,237.11,236.645,236.76,189222
2026-02-03 18:35:00,236.77,236.82,236.375,236.51,190870
2026-02-03 18:40:00,236.51,236.51,236.0,236.32,272494
2026-02-03 18:45:00,236.33,236.35,235.98,236.15,203180
2026-02-03 18:50:00,236.11,236.15,235.65,235.8,257621
2026-02-03 18:55:00,235.78,236.315,235.78,235.98,268240
2026-02-03 19:00:00,235.955,236.0069,235.49,235.63,240774
2026-02-03 19:05:00,235.62,235.865,235.45,235.81,213037
2026-02-03 19:10:00,235.8,236.7,235.78,236.675,306993
2026-02-03 19:15:00,236.65,236.88,236.51,236.85,249273
2026-02-03 19:20:00,236.81,236.9401,236.42,236.435,188081
2026-02-03 19:25:00,236.45,236.485,235.93,236.17,250573
2026-02-03 19:30:00,236.17,236.36,235.9,236.0,201579
2026-02-03 19:35:00,235.98,236.3099,235.94,236.215,251583
2026-02-03 19:40:00,236.2,236.8,236.0,236.495,215884
2026-02-03 19:45:00,236.495,236.51,236.074,236.295,223292
2026-02-03 19:50:00,236.28,236.83,236.12,236.8151,242949
2026-02-03 19:55:00,236.83,237.5,236.74,237.175,259759
2026-02-03 20:00:00,237.1,237.12,236.58,236.68,190532
2026-02-03 20:05:00,236.67,237.0,236.595,236.67,161798
2026-02-03 20:10:00,236.66,237.02,236.635,236.94,213627
2026-02-03 20:15:00,236.9332,237.63,236.77,237.48,340779
2026-02-03 20:20:00,237.47,237.63,237.21,237.625,241006
2026-02-03 20:25:00,237.6337,237.74,237.28,237.38,257073
2026-02-03 20:30:00,237.38,238.0399,237.38,238.02,224738
2026-02-03 20:35:00,238.02,238.21,237.84,238.16,240215
2026-02-03 20:40:00,238.15,238.15,237.65,238.08,261297
2026-02-03 20:45:00,238.07,238.54,237.973,238.5399,382280
2026-02-03 20:50:00,238.54,238.83,237.97,238.48,559150
2026-02-03 20:55:00,238.5,238.83,238.2,238.633,1341729
2026-02-04 14:30:00,238.7,238.77,236.17,237.01,1571550
2026-02-04 14:35:00,236.95,238.15,236.815,238.0,658386
2026-02-04 14:40:00,238.025,238.5,237.48,237.8,627292
2026-02-04 14:45:00,237.815,237.815,236.723,237.3,700586
2026-02-04 14:50:00,237.39,238.07,236.815,237.55,592536
2026-02-04 14:55:00,237.5951,237.62,235.11,235.28,697885
2026-02-04 15:00:00,235.22,235.265,234.37,234.66,748532
2026-02-04 15:05:00,234.69,235.98,234.685,235.83,611426
2026-02-04 15:10:00,235.8,237.16,235.73,237.04,340103
2026-02-04 15:15:00,237.082,237.79,237.045,237.2531,373439
2026-02-04 15:20:00,237.26,238.215,237.22,237.91,373860
2026-02-04 15:25:00,237.86,238.09,237.295,237.495,309597
2026-02-04 15:30:00,237.46,237.71,237.185,237.3401,447508
2026-02-04 15:35:00,237.34,238.26,236.76,237.66,369389
2026-02-04 15:40:00,237.57,238.21,237.45,237.5,312208
2026-02-04 15:45:00,237.46,237.73,236.815,237.14,364973
2026-02-04 15:50:00,237.15,237.94,237.13,237.88,199765
2026-02-04 15:55:00,237.9,238.27,237.49,237.9811,240278
2026-02-04 16:00:00,238.01,238.2,236.556,236.58,236399
2026-02-04 16:05:00,236.59,236.98,236.405,236.82,251904
2026-02-04 16:10:00,236.86,237.49,236.79,237.16,313602
2026-02-04 16:15:00,237.15,237.29,236.06,236.16,318513
2026-02-04 16:20:00,236.15,236.9499,236.115,236.94,263663
2026-02-04 16:25:00,236.94,237.08,236.71,236.95,238620
2026-02-04 16:30:00,236.95,237.09,236.61,236.62,172329
2026-02-04 16:35:00,236.64,236.76,235.8909,236.04,167114
2026-02-04 16:40:00,236.04,236.045,234.7,234.77,317128
2026-02-04 16:45:00,234.775,234.79,234.06,234.32,341028
2026-02-04 16:50:00,234.315,234.44,233.82,234.38,413620
2026-02-04 16:55:00,234.4,235.04,234.34,235.01,336468
2026-02-04 17:00:00,234.98,235.14,234.64,234.75,413970
2026-02-04 17:05:00,234.75,234.81,234.25,234.66,301570
2026-02-04 17:10:00,234.69,234.75,234.16,234.54,167375
2026-02-04 17:15:00,234.54,234.97,234.47,234.69,309367
2026-02-04 17:20:00,234.69,234.98,234.38,234.775,315114
2026-02-04 17:25:00,234.8,234.92,233.3001,233.4202,443623
2026-02-04 17:30:00,233.4,233.79,233.12,233.475,281324
2026-02-04 17:35:00,233.44,233.45,232.5989,232.6385,312375
2026-02-04 17:40:00,232.62,232.8899,232.135,232.6704,467954
2026-02-04 17:45:00,232.66,232.93,232.29,232.39,328459
2026-02-04 17:50:00,232.375,233.06,231.97,233.0068,406138
2026-02-04 17:55:00,233.065,233.76,233.03,233.695,598313
2026-02-04 18:00:00,233.68,233.725,232.75,233.04,330317
2026-02-04 18:05:00,233.04,233.24,232.58,232.58,389442
2026-02-04 18:10:00,232.56,233.07,232.44,232.9,242752
2026-02-04 18:15:00,232.88,233.01,232.67,232.88,177455
2026-02-04 18:20:00,232.89,233.36,232.565,233.225,451474
2026-02-04 18:25:00,233.215,233.82,233.18,233.745,229642
2026-02-04 18:30:00,233.7295,233.74,232.73,233.225,265126
2026-02-04 18:35:00,233.23,233.45,232.83,233.0538,244935
2026-02-04 18:40:00,233.03,233.36,232.82,232.82,161996
2026-02-04 18:45:00,232.82,232.93,232.42,232.51,373618
2026-02-04 18:50:00,232.5,232.52,231.83,232.21,371568
2026-02-04 18:55:00,232.17,233.3959,232.17,232.93,501844
2026-02-04 19:00:00,232.8995,233.3,232.71,232.805,272340
2026-02-04 19:05:00,232.811,233.02,232.39,232.98,264518
2026-02-04 19:10:00,232.98,233.2211,232.63,232.695,315738
2026-02-04 19:15:00,232.67,233.23,232.6298,232.86,249681
2026-02-04 19:20:00,232.825,233.06,232.165,232.41,294690
2026-02-04 19:25:00,232.41,232.702,232.14,232.6,233605
2026-02-04 19:30:00,232.6,232.99,232.57,232.93,272870
2026-02-04 19:35:00,232.98,233.1,232.6769,232.7199,191064
2026-02-04 19:40:00,232.74,233.13,232.6501,232.9,199736
2026-02-04 19:45:00,232.89,233.92,232.755,233.53,399768
2026-02-04 19:50:00,233.51,234.52,233.3333,234.23,394634
2026-02-04 19:55:00,234.21,234.8209,234.18,234.79,337114
2026-02-04 20:00:00,234.78,234.9,233.77,234.125,381116
2026-02-04 20:05:00,234.12,234.36,233.87,233.97,236005
2026-02-04 20:10:00,233.99,234.09,233.31,233.67,267398
2026-02-04 20:15:00,233.69,233.92,233.41,233.86,248995
2026-02-04 20:20:00,233.86,234.08,233.7,234.04,232744
2026-02-04 20:25:00,234.05,234.1,233.76,233.8,238471
2026-02-04 20:30:00,233.81,234.5,233.8,234.41,285187
2026-02-04 20:35:00,234.44,234.7399,234.27,234.56,358879
2026-02-04 20:40:00,234.6,234.74,233.8201,233.96,290497
2026-02-04 20:45:00,233.94,234.04,233.63,233.73,363458
2026-02-04 20:50:00,233.74,233.79,232.41,232.6401,694126
2026-02-04 20:55:00,232.66,233.17,232.6,232.93,1442686
2026-02-05 14:30:00,224.99,226.1499,221.55,224.82,5205773
2026-02-05 14:35:00,224.82,225.3258,224.02,224.655,1607387
2026-02-05 14:40:00,224.675,225.79,224.4,224.925,1206918
2026-02-05 14:45:00,224.905,225.53,224.62,225.28,941806
2026-02-05 14:50:00,225.3225,226.3,225.23,225.72,752191
2026-02-05 14:55:00,225.75,225.8,223.41,224.01,866647
2026-02-05 15:00:00,223.97,224.28,222.0,222.32,1041312
2026-02-05 15:05:00,222.32,222.635,221.77,222.26,890935
2026-02-05 15:10:00,222.13,222.45,220.69,220.725,1187638
2026-02-05 15:15:00,220.725,222.685,220.39,222.42,1486132
2026-02-05 15:20:00,222.42,222.46,221.5275,222.27,7674381
2026-02-05 15:25:00,222.27,222.94,221.88,222.27,0
2026-02-05 15:30:00,222.27,222.7241,221.67,221.74,597874
2026-02-05 15:35:00,221.78,223.236,221.7,223.23,469051
2026-02-05 15:40:00,223.1976,223.2034,222.14,222.48,545073
2026-02-05 15:45:00,222.44,222.6104,221.83,222.35,482134
2026-02-05 15:50:00,222.41,223.26,222.36,222.81,436282
2026-02-05 15:55:00,222.8,223.05,222.3009,223.05,446312
2026-02-05 16:00:00,223.03,223.36,222.54,222.568,353415
2026-02-05 16:05:00,222.59,222.72,222.102,222.21,435152
2026-02-05 16:10:00,222.16,222.96,222.16,222.32,336689
2026-02-05 16:15:00,222.3,223.67,222.3,223.45,499173
2026-02-05 16:20:00,223.45,223.97,223.42,223.6554,461981
2026-02-05 16:25:00,223.7,223.8499,223.26,223.69,515223
2026-02-05 16:30:00,223.73,224.7,223.4,224.5952,672726
2026-02-05 16:35:00,224.63,224.96,224.4602,224.64,464457
2026-02-05 16:40:00,224.645,224.89,224.37,224.595,410583
2026-02-05 16:45:00,224.58,224.72,224.07,224.57,378623
2026-02-05 16:50:00,224.59,225.02,224.56,224.815,360177
2026-02-05 16:55:00,224.84,224.99,224.2601,224.895,410511
2026-02-05 17:00:00,224.88,224.98,224.04,224.28,442177
2026-02-05 17:05:00,224.275,224.91,224.26,224.37,316837
2026-02-05 17:10:00,224.36,224.6204,224.0,224.5,320556
2026-02-05 17:15:00,224.49,224.59,224.3,224.405,232570
2026-02-05 17:20:00,224.37,224.8,223.78,224.78,377382
2026-02-05 17:25:00,224.78,225.11,224.68,224.705,411947
2026-02-05 17:30:00,224.74,224.86,224.3724,224.46,368604
2026-02-05 17:35:00,224.45,224.86,224.29,224.63,419853
2026-02-05 17:40:00,224.61,225.13,224.49,225.11,422062
2026-02-05 17:45:00,225.12,225.55,224.9,225.23,461350
2026-02-05 17:50:00,225.23,225.4311,224.74,224.85,506925
2026-02-05 17:55:00,224.8,225.14,224.67,225.07,301958
2026-02-05 18:00:00,225.08,225.43,224.88,225.26,364365
2026-02-05 18:05:00,225.275,225.275,224.83,224.97,249714
2026-02-05 18:10:00,224.965,224.965,224.5,224.55,355698
2026-02-05 18:15:00,224.545,224.565,224.02,224.02,293379
2026-02-05 18:20:00,224.04,224.09,223.0,223.5214,505714
2026-02-05 18:25:00,223.5,223.85,223.225,223.3905,337662
2026-02-05 18:30:00,223.4,223.86,223.32,223.6899,313575
2026-02-05 18:35:00,223.65,223.75,223.34,223.44,331408
2026-02-05 18:40:00,223.42,223.965,223.21,223.71,349608
2026-02-05 18:45:00,223.665,223.71,223.49,223.535,323108
2026-02-05 18:50:00,223.52,223.54,223.07,223.09,353409
2026-02-05 18:55:00,223.07,223.25,222.78,223.18,353360
2026-02-05 19:00:00,223.14,223.39,222.91,223.1,307714
2026-02-05 19:05:00,223.09,223.765,223.022,223.67,257958
2026-02-05 19:10:00,223.6675,224.51,223.54,224.3,298294
2026-02-05 19:15:00,224.255,224.33,223.89,224.15,273055
2026-02-05 19:20:00,224.14,224.24,223.8,223.84,374923
2026-02-05 19:25:00,223.8,223.82,223.11,223.17,418692
2026-02-05 19:30:00,223.16,223.16,222.12,222.3,558005
2026-02-05 19:35:00,222.2827,222.55,221.99,222.26,497415
2026-02-05 19:40:00,222.25,222.47,222.16,222.38,293026
2026-02-05 19:45:00,222.335,222.56,222.26,222.3899,429778
2026-02-05 19:50:00,222.39,222.47,222.03,222.33,369985
2026-02-05 19:55:00,222.34,222.65,222.06,222.65,327063
2026-02-05 20:00:00,222.655,222.77,222.31,222.753,486764
2026-02-05 20:05:00,222.75,223.58,222.69,223.42,567489
2026-02-05 20:10:00,223.41,223.41,223.05,223.23,516789
2026-02-05 20:15:00,223.23,223.23,222.545,222.84,536247
2026-02-05 20:20:00,222.83,222.9748,222.51,222.9,530966
2026-02-05 20:25:00,222.89,223.24,222.65,223.17,545305
2026-02-05 20:30:00,223.04,223.22,222.55,222.655,564527
2026-02-05 20:35:00,222.65,222.72,222.13,222.61,543889
2026-02-05 20:40:00,222.6,222.965,222.25,222.36,617830
2026-02-05 20:45:00,222.35,222.44,221.89,221.9,606958
2026-02-05 20:50:00,221.93,222.78,221.51,222.4,1210847
2026-02-05 20:55:00,222.4,223.381,222.36,222.5,2675698
2026-02-06 14:30:00,202.63,204.71,200.31,203.015,14910728
2026-02-06 14:35:00,203.0,203.515,200.85,202.34,3881191
2026-02-06 14:40:00,202.33,204.34,202.17,202.5225,1587996
2026-02-06 14:45:00,202.7791,204.88,202.74,203.34,4929059
2026-02-06 14:50:00,203.34,204.32,202.6,203.06,2599860
2026-02-06 14:55:00,203.05,203.06,201.8,202.2525,2500398
2026-02-06 15:00:00,202.245,202.9,201.67,202.1268,2500452
2026-02-06 15:05:00,202.08,202.5,201.33,201.97,1740958
2026-02-06 15:10:00,201.965,204.32,201.92,204.2218,1907395
2026-02-06 15:15:00,204.2299,204.84,203.3,204.39,2215314
2026-02-06 15:20:00,204.38,205.39,203.8801,204.37,1881747
2026-02-06 15:25:00,204.36,205.01,204.2401,204.87,1430570
2026-02-06 15:40:00,205.04,206.1,205.04,205.7733,1312265
2026-02-06 15:55:00,205.02,205.18,203.9941,204.1599,5172579
2026-02-06 16:00:00,204.165,205.2499,204.01,205.22,906722
2026-02-06 16:05:00,205.23,205.48,204.59,204.86,390421
2026-02-06 16:10:00,205.025,205.05,204.9,204.94,1369047
2026-02-06 16:15:00,204.7195,204.775,204.65,204.71,992988
2026-02-06 16:20:00,205.0,206.13,204.855,205.63,958781
2026-02-06 16:25:00,205.665,205.7199,204.5,204.9,899608
2026-02-06 16:30:00,204.85,205.63,204.57,205.445,1102984
2026-02-06 16:35:00,205.46,205.72,205.13,205.13,646887
2026-02-06 16:40:00,205.14,206.41,205.04,205.21,1416687
2026-02-06 16:45:00,205.2,205.8801,205.12,205.54,856729
2026-02-06 16:50:00,205.545,205.8,205.22,205.3801,665329
2026-02-06 16:55:00,205.35,205.435,205.01,205.18,1201004
2026-02-06 17:00:00,205.2,205.43,204.5201,205.21,1053161
2026-02-06 17:05:00,205.23,205.81,205.1001,205.564,1013410
2026-02-06 17:10:00,205.52,206.42,205.48,206.1,1196241
2026-02-06 17:15:00,206.1099,207.42,206.1099,207.095,1408790
2026-02-06 17:20:00,207.09,207.42,206.09,206.46,1093762
2026-02-06 17:25:00,206.47,208.1,206.38,208.06,1107568
2026-02-06 17:30:00,208.06,209.7,208.0,209.43,2392583
2026-02-06 17:35:00,209.4295,209.7888,208.13,208.255,1249174
2026-02-06 17:40:00,208.2677,209.15,207.81,209.105,950517
2026-02-06 17:45:00,209.11,209.46,208.4,209.29,915919
2026-02-06 17:50:00,209.2936,210.8,209.24,210.6,1366701
2026-02-06 17:55:00,210.585,210.87,210.05,210.525,1848682
2026-02-06 18:00:00,210.55,211.26,210.06,210.66,1197851
2026-02-06 18:05:00,210.646,210.9897,209.3596,209.4905,830608
2026-02-06 18:10:00,209.9632,210.33,209.89,210.2094,326370
2026-02-06 18:15:00,209.01,209.0225,208.19,208.31,1782942
2026-02-06 18:20:00,208.31,208.76,207.72,207.855,719278
2026-02-06 18:25:00,207.855,207.855,207.0,207.26,892525
2026-02-06 18:30:00,207.24,207.77,207.1,207.2,848635
2026-02-06 18:35:00,207.2097,207.87,207.175,207.2319,630667
2026-02-06 18:40:00,207.25,207.59,206.925,206.995,557966
2026-02-06 18:45:00,206.985,207.52,206.78,207.24,673400
2026-02-06 18:50:00,207.24,207.73,207.2134,207.6,658673
2026-02-06 18:55:00,207.615,207.7199,206.43,206.4355,716843
2026-02-06 19:00:00,206.43,206.57,205.76,206.385,842672
2026-02-06 19:05:00,206.4,206.47,205.85,206.1675,728045
2026-02-06 19:10:00,206.18,207.0999,206.1101,206.491,856330
2026-02-06 19:15:00,206.5,206.85,206.15,206.77,520307
2026-02-06 19:20:00,206.774,206.92,206.3392,206.43,482338
2026-02-06 19:25:00,206.38,207.43,206.38,207.4,611909
2026-02-06 19:30:00,207.4,207.53,206.7638,207.2799,616058
2026-02-06 19:35:00,207.255,207.73,207.0942,207.5048,509244
2026-02-06 19:40:00,207.53,207.57,207.16,207.28,600409
2026-02-06 19:45:00,207.29,207.32,206.68,206.985,623875
2026-02-06 19:50:00,206.97,207.1,206.1601,206.1982,623744
2026-02-06 19:55:00,206.175,206.26,205.6001,205.611,915732
2026-02-06 20:00:00,205.615,205.72,205.315,205.645,850070
2026-02-06 20:05:00,205.6499,206.5887,205.64,206.37,776696
2026-02-06 20:10:00,206.3501,207.0799,206.28,206.915,636768
2026-02-06 20:15:00,206.92,207.98,206.89,207.725,800483
2026-02-06 20:20:00,207.73,208.2699,207.4901,207.56,1179912
2026-02-06 20:25:00,207.555,208.365,207.54,207.79,797173
2026-02-06 20:30:00,207.79,208.46,207.61,208.01,661127
2026-02-06 20:35:00,208.01,208.42,207.64,208.0083,728738
2026-02-06 20:40:00,207.99,209.02,207.9,208.945,926042
2026-02-06 20:45:00,208.95,209.04,208.6,208.98,1094046
2026-02-06 20:50:00,208.98,211.4317,208.98,211.39,1917425
2026-02-06 20:55:00,211.39,211.39,210.06,210.315,3972872
2026-02-09 14:30:00,209.0,209.015,203.715,204.05,5218239
2026-02-09 14:35:00,204.03,205.9599,203.35,205.95,2783264
2026-02-09 14:40:00,205.9001,206.93,205.51,206.7851,1574156
2026-02-09 14:45:00,206.76,206.93,205.59,205.7079,1498129
2026-02-09 14:50:00,205.675,205.74,204.085,204.14,1228088
2026-02-09 14:55:00,204.42,205.195,204.4,204.78,1069401
2026-02-09 15:00:00,204.75,206.06,204.66,206.06,944277
2026-02-09 15:05:00,206.0651,206.82,205.965,206.7804,1069154
2026-02-09 15:10:00,206.79,207.14,206.24,206.77,977492
2026-02-09 15:15:00,206.77,207.0337,206.35,206.75,1175210
2026-02-09 15:20:00,206.75,207.28,206.58,207.085,1031702
2026-02-09 15:25:00,207.09,207.28,206.65,207.15,804066
2026-02-09 15:30:00,207.13,208.27,207.025,208.26,877588
2026-02-09 15:35:00,208.26,208.6,207.99,208.185,942835
2026-02-09 15:40:00,208.195,208.62,208.0101,208.0979,677711
2026-02-09 15:45:00,208.1099,208.955,208.0901,208.895,720446
2026-02-09 15:50:00,208.91,209.21,208.58,209.0,726049
2026-02-09 15:55:00,209.0,209.47,208.83,209.02,607049
2026-02-09 16:00:00,209.02,209.86,209.0,209.71,890678
2026-02-09 16:05:00,209.7,209.99,209.31,209.85,821621
2026-02-09 16:10:00,209.8201,210.17,209.465,209.81,785941
2026-02-09 16:15:00,209.805,209.9699,209.4002,209.44,695596
2026-02-09 16:20:00,209.45,209.66,208.7315,209.375,709324
2026-02-09 16:25:00,209.365,209.8,209.155,209.63,545884
2026-02-09 16:30:00,209.62,209.98,209.38,209.96,419438
2026-02-09 16:35:00,209.94,210.09,209.71,209.798,398694
2026-02-09 16:40:00,209.795,210.32,209.705,210.0183,510095
2026-02-09 16:45:00,210.0001,210.6,210.0,210.23,811572
2026-02-09 16:50:00,210.2266,211.3,210.14,211.05,710003
2026-02-09 16:55:00,211.0502,212.1,211.0301,211.86,1093804
2026-02-09 17:00:00,211.87,212.81,211.5202,212.362,1501329
2026-02-09 17:05:00,212.33,212.53,211.83,212.145,810765
2026-02-09 17:10:00,212.14,212.3,210.515,210.515,841686
2026-02-09 17:15:00,210.515,211.23,210.281,210.3157,903824
2026-02-09 17:20:00,210.315,210.32,209.38,210.02,907681
2026-02-09 17:25:00,210.03,210.57,209.97,210.315,488062
2026-02-09 17:30:00,210.315,210.45,210.0,210.065,475683
2026-02-09 17:35:00,210.035,210.21,209.905,210.095,441862
2026-02-09 17:40:00,210.09,210.15,209.5527,209.585,531298
2026-02-09 17:45:00,209.59,209.87,209.55,209.66,316796
2026-02-09 17:50:00,209.6201,209.957,209.48,209.91,392243
2026-02-09 17:55:00,209.895,210.19,209.7906,210.0,323371
2026-02-09 18:00:00,210.01,211.065,209.68,210.9089,703204
2026-02-09 18:05:00,210.91,211.05,210.405,210.975,476565
2026-02-09 18:10:00,210.976,211.35,210.795,211.155,506269
2026-02-09 18:15:00,211.155,211.3,210.82,211.3,410553
2026-02-09 18:20:00,211.31,211.5,210.61,211.053,792130
2026-02-09 18:25:00,211.06,211.11,210.316,210.44,421881
2026-02-09 18:30:00,210.45,210.76,210.2,210.69,360049
2026-02-09 18:35:00,210.68,210.71,210.3501,210.46,277506
2026-02-09 18:40:00,210.47,210.63,210.1801,210.455,210243
2026-02-09 18:45:00,210.44,210.68,210.01,210.05,330980
2026-02-09 18:50:00,210.06,210.29,209.65,209.72,344139
2026-02-09 18:55:00,209.73,210.04,209.6,209.7954,383561
2026-02-09 19:00:00,209.79,210.0899,209.74,210.0185,330477
2026-02-09 19:05:00,210.02,210.02,209.4,209.44,585983
2026-02-09 19:10:00,209.43,209.83,209.3601,209.655,417906
2026-02-09 19:15:00,209.6575,209.66,209.18,209.32,351779
2026-02-09 19:20:00,209.33,209.38,209.0499,209.19,409295
2026-02-09 19:25:00,209.195,209.43,209.1069,209.19,333007
2026-02-09 19:30:00,209.1975,209.36,209.17,209.235,335653
2026-02-09 19:35:00,209.23,209.23,208.635,209.0,698103
2026-02-09 19:40:00,209.005,209.14,208.79,208.975,503030
2026-02-09 19:45:00,208.97,209.11,208.73,208.85,390566
2026-02-09 19:50:00,208.85,208.86,208.51,208.5299,534144
2026-02-09 19:55:00,208.537,209.25,208.465,209.095,621701
2026-02-09 20:00:00,209.095,209.34,208.7,209.235,542487
2026-02-09 20:05:00,209.235,209.44,209.1266,209.28,415402
2026-02-09 20:10:00,209.28,209.6088,209.08,209.3762,420101
2026-02-09 20:15:00,209.37,209.5,208.96,209.025,423376
2026-02-09 20:20:00,209.0258,209.04,208.5301,208.635,494208
2026-02-09 20:25:00,208.63,209.04,208.49,209.035,524624
2026-02-09 20:30:00,209.035,209.36,208.88,209.28,535205
2026-02-09 20:35:00,209.28,209.3,208.915,209.11,456088
2026-02-09 20:40:00,209.11,209.451,208.955,209.445,584442
2026-02-09 20:45:00,209.44,209.53,209.045,209.165,551978
2026-02-09 20:50:00,209.16,209.2,208.7915,208.887,875567
2026-02-09 20:55:00,208.87,209.06,208.605,208.65,1809259
2026-02-10 14:30:00,208.745,209.78,207.375,209.075,3104979
2026-02-10 14:35:00,209.0782,209.15,206.92,207.6601,1203605
2026-02-10 14:40:00,207.6823,207.77,206.58,206.675,1077637
2026-02-10 14:45:00,206.675,207.2,206.411,207.14,971108
2026-02-10 14:50:00,207.15,208.7899,207.125,208.76,810183
2026-02-10 14:55:00,208.77,209.91,208.66,209.85,973115
2026-02-10 15:00:00,209.84,211.1,209.75,210.66,1260530
2026-02-10 15:05:00,210.61,212.24,210.53,212.115,1248157
2026-02-10 15:10:00,212.13,212.24,210.54,210.6996,1161978
2026-02-10 15:15:00,210.7282,211.41,210.479,211.3401,704139
2026-02-10 15:20:00,211.3598,211.7385,211.15,211.315,619012
2026-02-10 15:25:00,211.3299,211.9786,211.2801,211.805,587996
2026-02-10 15:30:00,211.8,212.6499,211.67,211.9354,792078
2026-02-10 15:35:00,211.95,211.97,211.54,211.71,481263
2026-02-10 15:40:00,211.71,211.83,211.15,211.6899,735650
2026-02-10 15:45:00,211.67,211.79,211.03,211.26,469706
2026-02-10 15:50:00,211.255,211.44,210.94,211.1704,467266
2026-02-10 15:55:00,211.18,211.23,210.76,210.8303,479221
2026-02-10 16:00:00,210.83,211.1697,210.72,210.965,354960
2026-02-10 16:05:00,210.98,211.01,210.27,210.27,546661
2026-02-10 16:10:00,210.24,210.5,210.12,210.13,409474
2026-02-10 16:15:00,210.13,210.61,210.06,210.345,489668
2026-02-10 16:20:00,210.31,210.36,209.8401,210.06,785587
2026-02-10 16:25:00,210.11,210.45,209.985,210.0874,378633
2026-02-10 16:30:00,210.06,210.13,209.78,209.965,371429
2026-02-10 16:35:00,209.965,210.2,209.79,210.05,319614
2026-02-10 16:40:00,210.0399,210.29,209.925,210.235,304520
2026-02-10 16:45:00,210.29,210.63,210.25,210.3309,389292
2026-02-10 16:50:00,210.35,210.4399,210.095,210.1758,312015
2026-02-10 16:55:00,210.165,210.31,209.65,209.68,379775
2026-02-10 17:00:00,209.6687,209.8,209.4,209.4945,343714
2026-02-10 17:05:00,209.48,210.02,209.445,209.98,294743
2026-02-10 17:10:00,209.9858,210.28,209.93,210.24,214963
2026-02-10 17:15:00,210.21,210.3,210.02,210.06,210475
2026-02-10 17:20:00,210.06,210.15,209.79,209.88,247836
2026-02-10 17:25:00,209.885,210.14,209.8,209.995,231484
2026-02-10 17:30:00,209.99,210.45,209.9192,210.24,245524
2026-02-10 17:35:00,210.25,210.375,210.01,210.02,226801
2026-02-10 17:40:00,210.02,210.34,209.89,209.9399,299492
2026-02-10 17:45:00,209.93,210.045,209.77,209.8199,296585
2026-02-10 17:50:00,209.81,209.895,209.26,209.34,355447
2026-02-10 17:55:00,209.36,209.43,209.03,209.17,425899
2026-02-10 18:00:00,209.15,209.47,209.025,209.14,313663
2026-02-10 18:05:00,209.16,209.32,208.9,208.95,339845
2026-02-10 18:10:00,208.9401,208.9551,208.49,208.55,391494
2026-02-10 18:15:00,208.5515,208.75,208.055,208.35,607189
2026-02-10 18:20:00,208.34,208.7291,208.2,208.37,377542
2026-02-10 18:25:00,208.39,208.445,207.73,207.76,382245
2026-02-10 18:30:00,207.75,207.91,207.435,207.46,467638
2026-02-10 18:35:00,207.46,208.2,207.445,208.1051,505378
2026-02-10 18:40:00,208.09,208.395,207.95,208.3604,379322
2026-02-10 18:45:00,208.365,208.44,208.19,208.235,305769
2026-02-10 18:50:00,208.23,208.43,207.95,208.0101,315872
2026-02-10 18:55:00,208.0101,208.72,207.98,208.65,375610
2026-02-10 19:00:00,208.66,208.79,208.26,208.29,286015
2026-02-10 19:05:00,208.2999,208.32,207.9,208.205,325745
2026-02-10 19:10:00,208.22,208.49,208.16,208.46,205805
2026-02-10 19:15:00,208.46,208.49,208.1,208.2,192197
2026-02-10 19:20:00,208.195,208.5225,208.19,208.52,169110
2026-02-10 19:25:00,208.5101,208.52,208.19,208.255,182178
2026-02-10 19:30:00,208.26,208.32,207.91,207.94,345573
2026-02-10 19:35:00,207.9319,208.04,207.7501,207.825,341431
2026-02-10 19:40:00,207.825,207.915,207.4658,207.58,390033
2026-02-10 19:45:00,207.58,207.92,207.53,207.92,348884
2026-02-10 19:50:00,207.92,208.0,207.705,207.89,296583
2026-02-10 19:55:00,207.895,208.0,207.75,207.9299,264421
2026-02-10 20:00:00,207.92,208.14,207.8,207.84,299162
2026-02-10 20:05:00,207.8399,207.85,207.525,207.85,429225
2026-02-10 20:10:00,207.84,207.85,207.4,207.46,402880
2026-02-10 20:15:00,207.45,207.89,207.425,207.85,308884
2026-02-10 20:20:00,207.83,207.95,207.7518,207.85,215139
2026-02-10 20:25:00,207.85,207.8992,207.7118,207.718,237208
2026-02-10 20:30:00,207.71,207.89,207.39,207.5,296536
2026-02-10 20:35:00,207.495,207.62,207.15,207.17,491087
2026-02-10 20:40:00,207.17,207.28,206.98,207.09,477740
2026-02-10 20:45:00,207.08,207.32,206.93,207.3,494774
2026-02-10 20:50:00,207.305,207.345,206.98,207.215,666292
2026-02-10 20:55:00,207.2,207.23,206.88,206.99,20791947
2026-02-11 14:30:00,208.07,208.57,206.55,206.62,2468250
2026-02-11 14:35:00,206.59,206.6,205.8,206.09,1286459
2026-02-11 14:40:00,206.04,206.31,204.76,204.7718,1692173
2026-02-11 14:45:00,204.8,205.78,204.56,205.5043,1352824
2026-02-11 14:50:00,205.54,206.12,205.13,205.97,910666
2026-02-11 14:55:00,206.0,206.22,205.23,205.58,781901
2026-02-11 15:00:00,205.605,206.27,205.4578,206.07,744877
2026-02-11 15:05:00,206.06,206.11,205.44,205.585,486293
2026-02-11 15:10:00,205.61,205.76,204.66,205.4,725100
2026-02-11 15:15:00,205.38,205.69,205.0,205.515,5665176
2026-02-11 15:20:00,205.525,205.5693,204.175,204.305,0
2026-02-11 15:25:00,204.2891,205.3899,204.25,204.9619,677916
2026-02-11 15:30:00,204.98,206.14,204.9601,206.115,545870
2026-02-11 15:35:00,206.12,206.48,206.0076,206.36,699906
2026-02-11 15:40:00,206.35,206.49,205.77,205.93,487737
2026-02-11 15:45:00,205.95,206.26,205.45,205.705,476337
2026-02-11 15:50:00,205.71,206.4,205.525,206.16,531929
2026-02-11 15:55:00,206.145,206.2,205.5,205.56,472114
2026-02-11 16:00:00,205.55,205.64,205.015,205.315,513185
2026-02-11 16:05:00,205.315,205.43,204.7113,204.735,467524
2026-02-11 16:10:00,204.735,205.19,204.6185,205.095,436342
2026-02-11 16:15:00,205.09,205.124,204.64,205.0,485711
2026-02-11 16:20:00,205.0,205.09,204.715,204.725,373584
2026-02-11 16:25:00,204.7241,204.8399,204.23,204.38,468931
2026-02-11 16:30:00,204.39,204.561,203.95,204.0226,628451
2026-02-11 16:35:00,204.01,204.11,203.56,204.1001,736018
2026-02-11 16:40:00,204.12,204.32,203.65,203.86,512222
2026-02-11 16:45:00,203.87,203.92,203.3,203.355,450588
2026-02-11 16:50:00,203.34,203.36,202.71,202.77,827701
2026-02-11 16:55:00,202.77,202.93,202.49,202.63,715096
2026-02-11 17:00:00,202.61,202.9,202.5325,202.705,473564
2026-02-11 17:05:00,202.69,203.0294,202.62,203.0,468314
2026-02-11 17:10:00,203.0,203.18,202.77,202.9851,410989
2026-02-11 17:15:00,202.97,203.5,202.93,203.265,443641
2026-02-11 17:20:00,203.25,203.37,202.86,203.2,541953
2026-02-11 17:25:00,203.2101,203.72,203.205,203.4493,377690
2026-02-11 17:30:00,203.45,203.66,203.15,203.41,374761
2026-02-11 17:35:00,203.405,203.5555,203.12,203.515,240272
2026-02-11 17:40:00,203.51,204.06,203.51,204.01,311038
2026-02-11 17:45:00,204.03,204.15,203.73,203.84,349760
2026-02-11 17:50:00,203.865,204.03,203.75,204.03,309106
2026-02-11 17:55:00,204.0,204.01,203.505,203.68,336347
2026-02-11 18:00:00,203.69,203.789,203.25,203.565,343941
2026-02-11 18:05:00,203.55,203.77,203.52,203.655,351519
2026-02-11 18:10:00,203.64,203.91,203.6,203.835,273858
2026-02-11 18:15:00,203.82,204.08,203.629,203.851,285861
2026-02-11 18:20:00,203.83,204.15,203.76,203.97,216223
2026-02-11 18:25:00,203.96,204.35,203.8401,204.2789,288577
2026-02-11 18:30:00,204.28,204.62,204.28,204.55,381379
2026-02-11 18:35:00,204.55,204.76,204.39,204.74,294684
2026-02-11 18:40:00,204.7,204.78,204.375,204.76,261389
2026-02-11 18:45:00,204.75,204.82,204.53,204.76,247834
2026-02-11 18:50:00,204.78,204.95,204.5,204.945,335243
2026-02-11 18:55:00,204.945,205.16,204.69,204.75,417293
2026-02-11 19:00:00,204.74,204.84,204.37,204.415,306753
2026-02-11 19:05:00,204.405,204.6699,204.17,204.4801,291141
2026-02-11 19:10:00,204.46,205.04,204.42,204.9699,221132
2026-02-11 19:15:00,204.9659,205.1299,204.86,204.96,234560
2026-02-11 19:20:00,204.945,205.18,204.67,204.81,295033
2026-02-11 19:25:00,204.821,205.1299,204.635,205.115,325807
2026-02-11 19:30:00,205.13,205.28,204.96,205.0589,329069
2026-02-11 19:35:00,205.065,205.1699,204.8201,204.835,214676
2026-02-11 19:40:00,204.84,204.98,204.7801,204.935,224833
2026-02-11 19:45:00,204.935,204.96,204.56,204.87,254801
2026-02-11 19:50:00,204.88,204.8988,204.67,204.8988,241793
2026-02-11 19:55:00,204.89,204.9772,204.7401,204.7899,18079654
2026-02-11 20:00:00,204.78,204.81,204.59,204.6699,0
2026-02-11 20:05:00,204.66,204.775,204.3185,204.4301,301026
2026-02-11 20:10:00,204.44,204.69,204.34,204.63,276925
2026-02-11 20:15:00,204.63,204.89,204.52,204.6,267301
2026-02-11 20:20:00,204.59,204.59,203.8,203.93,532347
2026-02-11 20:25:00,203.925,204.03,203.72,203.885,382236
2026-02-11 20:30:00,203.89,204.02,203.835,203.895,367359
2026-02-11 20:35:00,203.89,204.25,203.84,204.24,369006
2026-02-11 20:40:00,204.24,204.47,204.17,204.385,316755
2026-02-11 20:45:00,204.38,204.63,204.35,204.6199,385687
2026-02-11 20:50:00,204.62,204.63,204.06,204.36,558328
2026-02-11 20:55:00,204.33,204.375,204.01,204.01,21514182
2026-02-12 14:30:00,203.62,203.88,202.45,202.58,2607014
2026-02-12 14:35:00,202.61,203.44,202.495,203.025,1174138
2026-02-12 14:40:00,203.0254,203.35,202.47,202.4816,1263709
2026-02-12 14:45:00,202.495,203.01,201.8,202.72,1237990
2026-02-12 14:50:00,202.78,202.78,201.98,202.275,950848
2026-02-12 14:55:00,202.25,202.26,201.53,201.76,863137
2026-02-12 15:00:00,201.77,202.39,201.49,201.715,774427
2026-02-12 15:05:00,201.73,201.86,201.17,201.2,733016
2026-02-12 15:10:00,201.23,202.03,201.15,201.9,778522
2026-02-12 15:15:00,201.9031,202.14,201.52,201.52,593231
2026-02-12 15:20:00,201.54,202.3802,201.525,202.14,567324
2026-02-12 15:25:00,202.15,202.56,202.0,202.315,521662
2026-02-12 15:30:00,202.32,202.49,201.38,201.41,667449
2026-02-12 15:35:00,201.42,201.57,200.66,200.72,1020323
2026-02-12 15:40:00,200.74,200.77,199.56,199.6939,1948341
2026-02-12 15:45:00,199.7099,200.02,199.305,199.403,1128368
2026-02-12 15:50:00,199.39,199.4404,199.045,199.065,1066758
2026-02-12 15:55:00,199.075,199.1,198.31,198.335,1318644
2026-02-12 16:00:00,198.35,198.42,197.86,197.93,1190696
2026-02-12 16:05:00,197.9364,198.01,197.56,197.8401,1013466
2026-02-12 16:10:00,197.84,198.5464,197.7801,198.52,743158
2026-02-12 16:15:00,198.52,198.54,197.8309,198.14,899774
2026-02-12 16:20:00,198.16,198.18,197.56,197.95,703542
2026-02-12 16:25:00,197.93,198.0724,197.68,197.77,610211
2026-02-12 16:30:00,197.78,198.27,197.68,198.12,680298
2026-02-12 16:35:00,198.125,198.79,198.07,198.3,692102
2026-02-12 16:40:00,198.3,198.4,197.76,197.89,714515
2026-02-12 16:45:00,197.89,198.18,197.81,198.03,733463
2026-02-12 16:50:00,198.0059,198.27,197.76,198.21,666605
2026-02-12 16:55:00,198.24,198.7,198.17,198.685,467736
2026-02-12 17:00:00,198.67,198.922,198.4,198.76,428119
2026-02-12 17:05:00,198.7685,199.39,198.475,199.32,634223
2026-02-12 17:10:00,199.3192,199.3201,198.97,199.22,534448
2026-02-12 17:15:00,199.205,199.39,199.03,199.26,461662
2026-02-12 17:20:00,199.26,199.57,199.17,199.26,440290
2026-02-12 17:25:00,199.265,199.6521,199.265,199.5,507694
2026-02-12 17:30:00,199.4925,199.9499,199.47,199.91,421267
2026-02-12 17:35:00,199.9169,200.09,199.74,199.75,481814
2026-02-12 17:40:00,199.74,199.89,199.43,199.86,397465
2026-02-12 17:45:00,199.9,200.06,199.6,199.815,366754
2026-02-12 17:50:00,199.7985,199.92,199.55,199.69,376393
2026-02-12 17:55:00,199.69,199.72,199.31,199.391,446753
2026-02-12 18:00:00,199.4,199.615,199.145,199.235,472151
2026-02-12 18:05:00,199.25,199.6699,199.14,199.39,429244
2026-02-12 18:10:00,199.39,199.67,199.2401,199.3,316246
2026-02-12 18:15:00,199.3077,199.52,199.2575,199.335,242209
2026-02-12 18:20:00,199.34,199.69,199.33,199.37,249691
2026-02-12 18:25:00,199.38,199.4998,199.09,199.335,379923
2026-02-12 18:30:00,199.36,199.36,199.1,199.215,235141
2026-02-12 18:35:00,199.205,199.4099,198.9801,199.365,268804
2026-02-12 18:40:00,199.35,199.6,199.22,199.54,350580
2026-02-12 18:45:00,199.54,199.54,199.16,199.235,308186
2026-02-12 18:50:00,199.22,199.8777,199.1,199.775,278692
2026-02-12 18:55:00,199.78,200.0476,199.63,199.82,366054
2026-02-12 19:00:00,199.82,199.977,199.33,199.34,305853
2026-02-12 19:05:00,199.36,199.58,199.29,199.41,313198
2026-02-12 19:10:00,199.405,199.42,198.86,199.295,442109
2026-02-12 19:15:00,199.3,199.77,199.28,199.715,379828
2026-02-12 19:20:00,199.7,199.72,199.22,199.53,419814
2026-02-12 19:25:00,199.52,199.5499,198.92,199.12,370693
2026-02-12 19:30:00,199.09,199.4002,199.09,199.205,399327
2026-02-12 19:35:00,199.22,199.44,199.13,199.2618,279650
2026-02-12 19:40:00,199.27,199.4399,198.94,199.05,379647
2026-02-12 19:45:00,199.06,199.28,198.97,199.165,353410
2026-02-12 19:50:00,199.165,199.28,198.82,198.87,510354
2026-02-12 19:55:00,198.87,199.1262,198.61,198.89,373399
2026-02-12 20:00:00,198.91,199.0,198.58,198.82,401912
2026-02-12 20:05:00,198.8205,198.9,198.48,198.62,482520
2026-02-12 20:10:00,198.63,199.04,198.38,198.995,389655
2026-02-12 20:15:00,199.01,199.0199,198.71,198.84,337137
2026-02-12 20:20:00,198.8399,198.84,198.38,198.4189,340077
2026-02-12 20:25:00,198.44,198.54,198.31,198.375,369042
2026-02-12 20:30:00,198.37,198.68,198.2125,198.545,424048
2026-02-12 20:35:00,198.56,198.711,198.49,198.705,359492
2026-02-12 20:40:00,198.71,199.04,198.68,198.885,479725
2026-02-12 20:45:00,198.9,198.93,198.6,198.75,486060
2026-02-12 20:50:00,198.75,199.17,198.5,199.13,907303
2026-02-12 20:55:00,199.11,199.69,199.08,199.45,1763724
2026-02-13 14:30:00,198.99,199.53,198.11,198.24,2704323
2026-02-13 14:35:00,198.3,198.4884,197.7,198.13,1143440
2026-02-13 14:40:00,198.15,198.75,197.275,198.5777,1013691
2026-02-13 14:45:00,198.56,199.4098,198.27,199.075,1064034
2026-02-13 14:50:00,199.08,199.095,198.5,198.795,696519
2026-02-13 14:55:00,198.76,199.15,197.8,197.875,765040
2026-02-13 15:00:00,197.86,198.61,197.78,198.1325,478738
2026-02-13 15:05:00,198.12,198.39,197.8,198.32,420180
2026-02-13 15:10:00,198.354,198.63,197.89,197.995,637914
2026-02-13 15:15:00,198.0386,198.36,197.82,198.23,702986
2026-02-13 15:20:00,198.22,198.66,197.81,198.01,387136
2026-02-13 15:25:00,198.01,198.81,197.98,198.751,587420
2026-02-13 15:30:00,198.75,199.3,198.6701,199.011,531481
2026-02-13 15:35:00,199.0,199.15,197.96,198.1382,937269
2026-02-13 15:40:00,198.125,198.27,197.31,197.34,1075079
2026-02-13 15:45:00,197.36,198.12,197.29,198.12,1962898
2026-02-13 15:50:00,198.13,198.86,198.08,198.59,566152
2026-02-13 15:55:00,198.59,199.16,198.55,198.8017,527282
2026-02-13 16:00:00,198.81,199.04,198.44,198.955,480191
2026-02-13 16:05:00,198.9403,199.93,198.855,199.74,685757
2026-02-13 16:10:00,199.745,199.745,199.07,199.5299,527910
2026-02-13 16:15:00,199.465,199.57,198.935,198.935,348956
2026-02-13 16:20:00,198.95,199.25,198.88,199.11,550182
2026-02-13 16:25:00,199.12,199.915,199.03,199.88,483281
2026-02-13 16:30:00,199.84,200.46,199.59,200.305,955324
2026-02-13 16:35:00,200.32,200.55,200.18,200.42,453283
2026-02-13 16:40:00,200.44,200.8076,200.06,200.78,418082
2026-02-13 16:45:00,200.78,201.16,200.58,200.75,517347
2026-02-13 16:50:00,200.77,200.88,200.33,200.41,372714
2026-02-13 16:55:00,200.41,200.72,200.24,200.3977,364063
2026-02-13 17:00:00,200.4,200.78,200.25,200.435,351658
2026-02-13 17:05:00,200.44,200.54,200.132,200.1334,279134
2026-02-13 17:10:00,200.1599,200.58,200.12,200.5482,232880
2026-02-13 17:15:00,200.53,200.6399,200.25,200.45,285986
2026-02-13 17:20:00,200.45,200.77,200.41,200.59,269370
2026-02-13 17:25:00,200.595,200.97,200.4,200.8251,268130
2026-02-13 17:30:00,200.8504,201.1425,200.78,200.95,300783
2026-02-13 17:35:00,200.95,200.98,200.6503,200.8,270681
2026-02-13 17:40:00,200.8,200.85,200.09,200.1699,518303
2026-02-13 17:45:00,200.16,200.48,200.045,200.46,261206
2026-02-13 17:50:00,200.43,200.56,200.15,200.4,247753
2026-02-13 17:55:00,200.42,200.48,200.17,200.2244,193896
2026-02-13 18:00:00,200.25,200.35,199.975,200.1,348973
2026-02-13 18:05:00,200.1,200.15,199.73,199.995,328264
2026-02-13 18:10:00,199.98,200.05,199.85,199.99,243098
2026-02-13 18:15:00,199.98,200.25,199.86,200.01,313626
2026-02-13 18:20:00,200.01,200.195,199.9,199.95,289398
2026-02-13 18:25:00,199.965,200.3,199.58,200.09,296503
2026-02-13 18:30:00,200.1,200.25,199.92,200.075,158170
2026-02-13 18:35:00,200.09,200.12,199.84,200.0596,210860
2026-02-13 18:40:00,200.05,200.06,199.6,199.785,256189
2026-02-13 18:45:00,199.79,200.29,199.79,200.05,252195
2026-02-13 18:50:00,200.0483,200.0483,199.7387,199.89,287139
2026-02-13 18:55:00,199.89,200.04,199.6,199.68,209948
2026-02-13 19:00:00,199.69,199.82,199.44,199.47,265559
2026-02-13 19:05:00,199.48,200.0,199.48,199.89,203919
2026-02-13 19:10:00,199.865,199.99,199.61,199.74,162918
2026-02-13 19:15:00,199.735,199.97,199.61,199.925,226467
2026-02-13 19:20:00,199.925,200.12,199.88,199.96,239482
2026-02-13 19:25:00,199.935,199.9999,199.47,199.59,334850
2026-02-13 19:30:00,199.61,199.89,199.54,199.86,200828
2026-02-13 19:35:00,199.87,199.96,199.64,199.81,193340
2026-02-13 19:40:00,199.8,199.8396,199.49,199.8,208137
2026-02-13 19:45:00,199.79,199.97,199.61,199.695,690376
2026-02-13 19:50:00,199.71,199.75,199.1,199.22,382449
2026-02-13 19:55:00,199.23,199.345,198.79,198.885,334923
2026-02-13 20:00:00,198.89,199.0199,198.83,198.9499,321308
2026-02-13 20:05:00,198.95,198.97,198.63,198.7254,319549
2026-02-13 20:10:00,198.72,198.92,198.525,198.525,333338
2026-02-13 20:15:00,198.525,199.08,198.51,199.0,400824
2026-02-13 20:20:00,198.99,198.995,198.64,198.65,307786
2026-02-13 20:25:00,198.65,198.74,198.13,198.32,441028
2026-02-13 20:30:00,198.3,198.35,197.95,197.99,504273
2026-02-13 20:35:00,198.0,198.24,197.88,198.075,498223
2026-02-13 20:40:00,198.06,198.32,198.04,198.27,380945
2026-02-13 20:45:00,198.28,198.65,198.2601,198.55,494718
2026-02-13 20:50:00,198.51,199.07,198.35,198.7499,675478
2026-02-13 20:55:00,198.75,198.96,198.46,198.77,1830867
2026-02-17 14:30:00,198.125,200.2999,197.5603,200.07,4743179
2026-02-17 14:35:00,200.07,200.38,199.36,199.36,1136046
2026-02-17 14:40:00,199.38,199.7499,197.3501,197.43,1255158
2026-02-17 14:45:00,197.48,197.54,196.49,197.37,1474431
2026-02-17 14:50:00,197.36,197.5,196.12,197.05,1236271
2026-02-17 14:55:00,197.06,198.256,196.7901,197.81,885174
2026-02-17 15:00:00,197.8005,198.66,197.56,198.27,786399
2026-02-17 15:05:00,198.295,198.615,198.02,198.41,715878
2026-02-17 15:10:00,198.41,198.868,198.0101,198.08,727656
2026-02-17 15:15:00,198.02,198.89,197.85,198.81,582001
2026-02-17 15:20:00,198.78,198.835,196.0,198.56,625036
2026-02-17 15:25:00,198.58,199.2001,198.42,198.955,662787
2026-02-17 15:30:00,198.94,199.145,198.51,198.82,570127
2026-02-17 15:35:00,198.83,199.38,198.7583,198.77,739573
2026-02-17 15:40:00,198.78,199.63,198.0434,199.57,577477
2026-02-17 15:45:00,199.56,200.36,199.515,200.315,725930
2026-02-17 15:50:00,200.31,200.5,199.915,200.2551,589924
2026-02-17 15:55:00,200.23,200.53,199.75,200.145,698815
2026-02-17 16:00:00,200.16,200.61,200.02,200.265,503745
2026-02-17 16:05:00,200.28,200.76,200.12,200.6899,406907
2026-02-17 16:10:00,200.66,201.38,200.66,200.91,556047
2026-02-17 16:15:00,200.9,201.66,200.71,201.53,586340
2026-02-17 16:20:00,201.53,201.7362,201.21,201.5,450535
2026-02-17 16:25:00,201.51,201.58,201.06,201.08,470748
2026-02-17 16:30:00,201.06,201.15,200.62,200.7701,533621
2026-02-17 16:35:00,200.77,201.21,200.138,201.0,360812
2026-02-17 16:40:00,201.0,201.14,200.73,200.7832,234872
2026-02-17 16:45:00,200.745,201.1664,200.5,200.97,293537
2026-02-17 16:50:00,200.96,201.66,200.96,201.6012,304722
2026-02-17 16:55:00,201.6075,201.67,200.995,201.33,279026
2026-02-17 17:00:00,201.29,201.31,200.71,201.03,825686
2026-02-17 17:05:00,201.02,201.05,200.63,200.6555,286159
2026-02-17 17:10:00,200.63,200.72,199.94,200.13,444144
2026-02-17 17:15:00,200.13,200.28,199.81,200.1301,375287
2026-02-17 17:20:00,200.16,200.21,199.64,199.92,373548
2026-02-17 17:25:00,199.945,200.47,199.89,200.47,241869
2026-02-17 17:30:00,200.49,200.54,199.855,200.005,266705
2026-02-17 17:35:00,199.985,200.19,199.87,199.98,206435
2026-02-17 17:40:00,199.95,199.97,199.235,199.29,435642
2026-02-17 17:45:00,199.28,199.55,199.087,199.42,610712
2026-02-17 17:50:00,199.475,199.57,198.935,199.07,448484
2026-02-17 17:55:00,199.04,199.6613,198.985,199.62,308372
2026-02-17 18:00:00,199.62,199.79,199.4204,199.59,13937824
2026-02-17 18:05:00,199.6,199.6,199.125,199.24,0
2026-02-17 18:10:00,199.24,199.595,199.05,199.415,298599
2026-02-17 18:15:00,199.415,199.63,199.05,199.515,240269
2026-02-17 18:20:00,199.5,200.35,199.39,200.075,588782
2026-02-17 18:25:00,200.06,200.3938,199.89,200.325,231579
2026-02-17 18:30:00,200.291,200.64,200.11,200.595,235809
2026-02-17 18:35:00,200.58,200.945,200.46,200.94,383915
2026-02-17 18:40:00,200.93,201.26,200.8901,201.08,503728
2026-02-17 18:45:00,201.0997,201.2,200.685,200.82,308338
2026-02-17 18:50:00,200.8163,201.14,200.69,201.13,346009
2026-02-17 18:55:00,201.14,201.3698,200.9,200.96,275033
2026-02-17 19:00:00,200.95,201.23,200.75,201.1292,374386
2026-02-17 19:05:00,201.1201,201.25,200.9701,201.11,242708
2026-02-17 19:10:00,201.105,201.215,200.79,201.19,301121
2026-02-17 19:15:00,201.185,201.55,201.13,201.345,389451
2026-02-17 19:20:00,201.34,201.5,201.1601,201.27,357527
2026-02-17 19:25:00,201.27,201.28,200.82,200.905,221115
2026-02-17 19:30:00,200.9042,201.16,200.84,201.11,231066
2026-02-17 19:35:00,201.11,201.2,201.02,201.16,218296
2026-02-17 19:40:00,201.17,201.46,201.135,201.2391,290663
2026-02-17 19:45:00,201.23,201.3,201.05,201.16,205492
2026-02-17 19:50:00,201.17,201.17,200.9,201.0399,256009
2026-02-17 19:55:00,201.03,201.1,200.735,200.93,285470
2026-02-17 20:00:00,200.89,201.185,200.865,201.18,266951
2026-02-17 20:05:00,201.17,201.27,200.99,201.01,294987
2026-02-17 20:10:00,201.0,201.2,200.95,201.18,230028
2026-02-17 20:15:00,201.185,201.2,200.83,200.86,294360
2026-02-17 20:20:00,200.83,201.0,200.63,200.72,283141
2026-02-17 20:25:00,200.74,200.88,200.48,200.59,376277
2026-02-17 20:30:00,200.56,200.57,200.31,200.4,311055
2026-02-17 20:35:00,200.4,200.76,200.398,200.49,299835
2026-02-17 20:40:00,200.47,200.89,200.41,200.77,329950
2026-02-17 20:45:00,200.76,201.19,200.61,201.07,413367
2026-02-17 20:50:00,201.06,201.28,200.59,200.99,583684
2026-02-17 20:55:00,201.01,201.28,200.95,201.21,1434482
2026-02-18 14:30:00,202.11,203.95,201.51,203.61,3117039
2026-02-18 14:35:00,203.63,204.5825,203.3,204.33,1295636
2026-02-18 14:40:00,204.3738,204.86,203.9,204.47,906075
2026-02-18 14:45:00,204.465,204.95,203.42,203.55,884257
2026-02-18 14:50:00,203.56,204.83,203.46,204.8,612961
2026-02-18 14:55:00,204.8211,205.4555,204.74,204.7895,996835
2026-02-18 15:00:00,204.75,205.36,204.46,205.19,606167
2026-02-18 15:05:00,205.19,205.81,205.0018,205.51,807717
2026-02-18 15:10:00,205.5162,205.85,205.25,205.78,433434
2026-02-18 15:15:00,205.78,205.78,205.26,205.5,507523
2026-02-18 15:20:00,205.495,206.04,205.44,205.6703,614741
2026-02-18 15:25:00,205.665,206.15,205.639,205.86,404584
2026-02-18 15:30:00,205.835,205.979,205.6101,205.69,347307
2026-02-18 15:35:00,205.71,206.18,205.71,206.05,433661
2026-02-18 15:40:00,206.035,206.61,205.96,206.61,512497
2026-02-18 15:45:00,206.6,206.605,206.15,206.36,408371
2026-02-18 15:50:00,206.375,206.82,206.26,206.8,368666
2026-02-18 15:55:00,206.8,206.86,206.4101,206.535,379275
2026-02-18 16:00:00,206.54,206.54,205.89,206.2998,492368
2026-02-18 16:05:00,206.33,206.45,206.22,206.26,448434
2026-02-18 16:10:00,206.27,206.79,206.265,206.725,423091
2026-02-18 16:15:00,206.74,206.86,206.52,206.58,413975
2026-02-18 16:20:00,206.57,206.57,206.22,206.32,419167
2026-02-18 16:25:00,206.31,206.31,205.83,205.9,346566
2026-02-18 16:30:00,205.885,206.29,205.7301,206.04,358542
2026-02-18 16:35:00,206.06,206.12,205.84,205.865,217928
2026-02-18 16:40:00,205.88,205.945,205.7301,205.81,218294
2026-02-18 16:45:00,205.82,205.95,205.75,205.7801,224933
2026-02-18 16:50:00,205.79,205.875,205.58,205.66,217683
2026-02-18 16:55:00,205.65,205.7,205.51,205.56,201362
2026-02-18 17:00:00,205.535,205.8731,205.51,205.83,239347
2026-02-18 17:05:00,205.83,206.22,205.81,205.99,224592
2026-02-18 17:10:00,205.985,206.13,205.8501,206.01,313937
2026-02-18 17:15:00,206.015,206.17,205.95,206.115,217318
2026-02-18 17:20:00,206.115,206.2698,205.99,206.035,197284
2026-02-18 17:25:00,206.05,206.05,205.73,205.8,195662
2026-02-18 17:30:00,205.795,205.99,205.75,205.75,158291
2026-02-18 17:35:00,205.76,205.96,205.7,205.94,170355
2026-02-18 17:40:00,205.93,206.03,205.87,205.9211,130134
2026-02-18 17:45:00,205.93,205.975,205.6,205.82,339989
2026-02-18 17:50:00,205.8195,206.13,205.8045,206.09,186041
2026-02-18 17:55:00,206.08,206.14,205.86,205.98,181273
2026-02-18 18:00:00,205.965,206.39,205.95,206.26,257855
2026-02-18 18:05:00,206.225,206.33,205.9801,206.05,242508
2026-02-18 18:10:00,206.0598,206.1499,205.81,205.86,184163
2026-02-18 18:15:00,205.86,206.02,205.76,205.9,164362
2026-02-18 18:20:00,205.91,205.94,205.73,205.8,168820
2026-02-18 18:25:00,205.7969,205.81,205.623,205.68,166699
2026-02-18 18:30:00,205.68,205.8596,205.61,205.83,167526
2026-02-18 18:35:00,205.8,205.89,205.6,205.61,177122
2026-02-18 18:40:00,205.61,205.62,205.0201,205.195,300122
2026-02-18 18:45:00,205.18,205.37,205.12,205.346,186242
2026-02-18 18:50:00,205.35,205.665,205.2,205.59,242175
2026-02-18 18:55:00,205.56,205.7,205.4801,205.615,204412
2026-02-18 19:00:00,205.59,205.65,205.38,205.625,220812
2026-02-18 19:05:00,205.61,205.877,205.53,205.845,223458
2026-02-18 19:10:00,205.8308,205.9699,205.685,205.685,223457
2026-02-18 19:15:00,205.69,205.7591,205.58,205.66,292683
2026-02-18 19:20:00,205.665,205.9188,205.665,205.71,201468
2026-02-18 19:25:00,205.72,205.72,205.23,205.28,230117
2026-02-18 19:30:00,205.3,205.4,204.91,205.01,299700
2026-02-18 19:35:00,205.0,205.06,204.665,204.76,277421
2026-02-18 19:40:00,204.75,205.0,204.55,204.64,268691
2026-02-18 19:45:00,204.64,204.905,204.52,204.65,215374
2026-02-18 19:50:00,204.65,204.75,204.52,204.55,215338
2026-02-18 19:55:00,204.55,204.639,204.24,204.37,315868
2026-02-18 20:00:00,204.42,204.76,204.33,204.55,300187
2026-02-18 20:05:00,204.549,204.64,204.41,204.43,236625
2026-02-18 20:10:00,204.44,204.54,204.32,204.48,256313
2026-02-18 20:15:00,204.485,204.55,204.17,204.475,253446
2026-02-18 20:20:00,204.47,204.51,204.26,204.4994,226765
2026-02-18 20:25:00,204.47,204.6,204.38,204.42,203975
2026-02-18 20:30:00,204.41,204.82,204.371,204.81,260151
2026-02-18 20:35:00,204.8,204.92,204.7498,204.87,277192
2026-02-18 20:40:00,204.88,205.37,204.78,205.3,502295
2026-02-18 20:45:00,205.32,205.32,204.9,205.13,423681
2026-02-18 20:50:00,205.14,205.3,204.95,205.17,592698
2026-02-18 20:55:00,205.16,205.25,204.63,204.655,1577467
2026-02-19 14:30:00,203.63,205.0,203.29,204.41,1734462
2026-02-19 14:35:00,204.36,204.61,203.05,203.115,543156
2026-02-19 14:40:00,203.115,203.67,202.81,203.575,592025
2026-02-19 14:45:00,203.58,204.01,203.22,203.9,478549
2026-02-19 14:50:00,203.915,204.59,203.895,204.48,470526
2026-02-19 14:55:00,204.49,205.18,204.04,204.19,490283
2026-02-19 15:00:00,204.19,205.2999,203.98,205.235,605058
2026-02-19 15:05:00,205.25,205.3201,204.5,204.71,327254
2026-02-19 15:10:00,204.755,204.88,204.365,204.47,306552
2026-02-19 15:15:00,204.47,204.79,204.061,204.33,289354
2026-02-19 15:20:00,204.33,204.7,204.135,204.3484,356501
2026-02-19 15:25:00,204.3,204.58,203.7,203.735,415497
2026-02-19 15:30:00,203.71,204.21,203.66,204.1501,333570
2026-02-19 15:35:00,204.17,204.37,203.9,204.18,220591
2026-02-19 15:40:00,204.19,204.27,203.84,204.12,224676
2026-02-19 15:45:00,204.13,204.54,204.1,204.35,225456
2026-02-19 15:50:00,204.3792,204.3999,203.78,203.88,224479
2026-02-19 15:55:00,203.88,204.57,203.825,204.525,306202
2026-02-19 16:00:00,204.54,204.97,204.48,204.73,291044
2026-02-19 16:05:00,204.7,204.94,204.44,204.89,259068
2026-02-19 16:10:00,204.9,205.265,204.78,205.21,373151
2026-02-19 16:15:00,205.22,205.4774,205.15,205.32,305072
2026-02-19 16:20:00,205.315,205.6396,205.25,205.565,294345
2026-02-19 16:25:00,205.575,205.59,205.13,205.23,335808
2026-02-19 16:30:00,205.2325,205.5199,205.05,205.195,311265
2026-02-19 16:35:00,205.205,205.4,204.87,205.305,302010
2026-02-19 16:40:00,205.31,205.4299,205.03,205.04,221835
2026-02-19 16:45:00,205.05,205.2901,204.84,204.9762,242551
2026-02-19 16:50:00,204.98,205.0936,204.58,205.05,240497
2026-02-19 16:55:00,205.08,205.13,204.8506,205.095,207403
2026-02-19 17:00:00,205.11,205.19,204.81,204.92,254614
2026-02-19 17:05:00,204.91,205.205,204.822,205.05,177780
2026-02-19 17:10:00,205.05,205.19,204.73,204.79,226493
2026-02-19 17:15:00,204.81,204.9699,204.57,204.94,208654
2026-02-19 17:20:00,204.9499,205.18,204.815,204.815,278411
2026-02-19 17:25:00,204.81,204.83,204.35,204.474,165178
2026-02-19 17:30:00,204.47,204.665,204.39,204.45,190745
2026-02-19 17:35:00,204.4542,204.7199,204.31,204.38,174347
2026-02-19 17:40:00,204.36,204.53,204.14,204.14,192021
2026-02-19 17:45:00,204.17,204.2699,203.93,203.96,299962
2026-02-19 17:50:00,203.95,204.15,203.8458,203.96,219225
2026-02-19 17:55:00,203.96,204.09,203.83,203.9,155936
2026-02-19 18:00:00,203.91,204.03,203.8,203.91,126628
2026-02-19 18:05:00,203.92,204.21,203.87,204.17,175298
2026-02-19 18:10:00,204.16,204.32,204.04,204.27,182060
2026-02-19 18:15:00,204.25,204.29,203.84,203.865,162055
2026-02-19 18:20:00,203.85,203.96,203.73,203.885,143951
2026-02-19 18:25:00,203.885,204.19,203.87,204.16,189034
2026-02-19 18:30:00,204.14,204.29,204.07,204.17,196212
2026-02-19 18:35:00,204.19,204.305,204.085,204.22,211867
2026-02-19 18:40:00,204.23,204.26,203.99,204.14,134418
2026-02-19 18:45:00,204.14,204.5165,204.14,204.51,164128
2026-02-19 18:50:00,204.52,204.63,204.46,204.59,150574
2026-02-19 18:55:00,204.585,205.05,204.5785,204.99,204735
2026-02-19 19:00:00,204.98,205.07,204.88,204.955,188057
2026-02-19 19:05:00,204.95,205.13,204.86,205.0299,211902
2026-02-19 19:10:00,205.01,205.06,204.88,204.96,202292
2026-02-19 19:15:00,204.96,204.99,204.845,204.9501,146437
2026-02-19 19:20:00,204.955,205.03,204.89,204.9224,147619
2026-02-19 19:25:00,204.91,205.02,204.275,204.345,187186
2026-02-19 19:30:00,204.3431,204.6,204.3202,204.435,218637
2026-02-19 19:35:00,204.435,204.48,203.92,203.95,281475
2026-02-19 19:40:00,203.95,204.16,203.885,204.025,198540
2026-02-19 19:45:00,204.025,204.22,203.85,203.98,174980
2026-02-19 19:50:00,204.009,204.215,203.9901,204.1299,126822
2026-02-19 19:55:00,204.12,204.38,204.06,204.07,176801
2026-02-19 20:00:00,204.05,204.33,204.04,204.29,243497
2026-02-19 20:05:00,204.28,204.28,204.0693,204.17,155090
2026-02-19 20:10:00,204.16,204.245,203.95,204.14,249892
2026-02-19 20:15:00,204.14,204.42,203.9901,204.42,203276
2026-02-19 20:20:00,204.43,204.45,204.23,204.25,192820
2026-02-19 20:25:00,204.243,204.28,204.09,204.155,208803
2026-02-19 20:30:00,204.15,204.39,204.15,204.32,207966
2026-02-19 20:35:00,204.34,204.42,204.1901,204.235,203138
2026-02-19 20:40:00,204.24,204.51,204.22,204.45,186886
2026-02-19 20:45:00,204.46,204.92,204.41,204.88,284457
2026-02-19 20:50:00,204.86,204.96,204.51,204.57,530440
2026-02-19 20:55:00,204.59,204.97,204.575,204.9,992556
2026-02-20 14:30:00,204.76,206.5,203.75,206.395,3206915
2026-02-20 14:35:00,206.37,206.49,205.57,205.8199,832283
2026-02-20 14:40:00,205.775,207.09,205.735,207.0517,736947
2026-02-20 14:45:00,207.09,207.6,206.176,206.1775,811563
2026-02-20 14:50:00,206.19,206.33,205.7101,205.88,579780
2026-02-20 14:55:00,205.905,206.3,205.8,206.23,395219
2026-02-20 15:00:00,206.23,209.38,206.13,209.3401,1481448
2026-02-20 15:05:00,209.4,209.53,208.18,209.395,1712349
2026-02-20 15:10:00,209.44,210.36,209.36,209.935,1708054
2026-02-20 15:15:00,209.935,209.94,208.52,208.9,1300496
2026-02-20 15:20:00,208.895,209.49,208.67,209.2299,736959
2026-02-20 15:25:00,209.3,209.599,208.22,208.44,648642
2026-02-20 15:30:00,208.425,209.02,207.79,208.31,736336
2026-02-20 15:35:00,208.265,209.21,208.08,209.07,498317
2026-02-20 15:40:00,209.1,209.66,208.56,209.575,637241
2026-02-20 15:45:00,209.6,210.47,209.38,210.305,771641
2026-02-20 15:50:00,210.3,210.46,210.06,210.27,704412
2026-02-20 15:55:00,210.2738,210.99,210.12,210.9,686729
2026-02-20 16:00:00,210.88,211.08,210.38,210.45,585659
2026-02-20 16:05:00,210.439,210.457,209.57,209.63,480484
2026-02-20 16:10:00,209.64,209.83,209.165,209.32,498827
2026-02-20 16:15:00,209.355,209.44,208.595,208.79,409394
2026-02-20 16:20:00,208.8068,208.81,208.275,208.31,373163
2026-02-20 16:25:00,208.33,208.3899,208.025,208.0675,391181
2026-02-20 16:30:00,208.0401,208.77,207.94,208.3792,430568
2026-02-20 16:35:00,208.4,208.79,208.01,208.78,357105
2026-02-20 16:40:00,208.8,209.36,208.69,209.195,294900
2026-02-20 16:45:00,209.18,209.62,209.165,209.5501,378342
2026-02-20 16:50:00,209.58,209.6636,209.13,209.6,420465
2026-02-20 16:55:00,209.6,209.6,209.15,209.21,214929
2026-02-20 17:00:00,209.21,209.33,208.95,209.08,299233
2026-02-20 17:05:00,209.08,209.0999,208.55,208.58,238987
2026-02-20 17:10:00,208.58,208.59,207.895,207.91,327363
2026-02-20 17:15:00,207.91,207.91,207.11,207.2101,496689
2026-02-20 17:20:00,207.25,207.36,206.83,206.942,432642
2026-02-20 17:25:00,206.96,207.9,206.9,207.9,401458
2026-02-20 17:30:00,207.91,208.25,207.8,208.185,377780
2026-02-20 17:35:00,208.2,208.55,207.99,208.45,296127
2026-02-20 17:40:00,208.43,208.655,208.2701,208.655,264754
2026-02-20 17:45:00,208.6625,209.11,208.5401,209.03,330167
2026-02-20 17:50:00,209.02,209.41,208.8,209.3201,373324
2026-02-20 17:55:00,209.32,209.75,208.67,209.6,439327
2026-02-20 18:00:00,209.595,209.79,209.17,209.17,314406
2026-02-20 18:05:00,209.2,209.7799,209.1805,209.65,242157
2026-02-20 18:10:00,209.67,209.79,209.38,209.45,293821
2026-02-20 18:15:00,209.465,209.53,209.07,209.2,235058
2026-02-20 18:20:00,209.22,209.38,208.75,209.2198,265277
2026-02-20 18:25:00,209.24,209.47,209.0,209.21,246150
2026-02-20 18:30:00,209.21,210.08,208.77,209.78,414870
2026-02-20 18:35:00,209.79,209.95,209.175,209.515,348606
2026-02-20 18:40:00,209.53,210.24,209.53,210.21,322269
2026-02-20 18:45:00,210.21,211.1558,210.21,210.83,614675
2026-02-20 18:50:00,210.846,211.1673,210.45,211.07,478298
2026-02-20 18:55:00,211.0788,211.1,210.28,210.32,474830
2026-02-20 19:00:00,210.31,210.505,210.155,210.28,310371
2026-02-20 19:05:00,210.28,210.3599,210.065,210.29,191463
2026-02-20 19:10:00,210.2999,210.3,209.82,209.835,264759
2026-02-20 19:15:00,209.85,209.87,209.6901,209.7496,214314
2026-02-20 19:20:00,209.76,210.14,209.76,210.01,229541
2026-02-20 19:25:00,210.035,210.0599,209.63,209.79,210542
2026-02-20 19:30:00,209.79,210.07,209.78,209.92,221281
2026-02-20 19:35:00,209.91,210.04,209.79,210.01,163672
2026-02-20 19:40:00,210.0035,210.14,209.7642,209.855,186328
2026-02-20 19:45:00,209.86,209.99,209.795,209.95,155161
2026-02-20 19:50:00,209.94,210.1399,209.76,209.7769,224270
2026-02-20 19:55:00,209.78,209.795,209.23,209.3312,316236
2026-02-20 20:00:00,209.31,209.87,209.26,209.855,276882
2026-02-20 20:05:00,209.83,210.05,209.82,209.98,277749
2026-02-20 20:10:00,209.98,210.0,209.8,209.935,251983
2026-02-20 20:15:00,209.925,209.98,209.66,209.75,237871
2026-02-20 20:20:00,209.7791,209.7799,209.5169,209.705,215997
2026-02-20 20:25:00,209.6999,209.75,209.42,209.46,203555
2026-02-20 20:30:00,209.45,209.62,209.38,209.4,251461
2026-02-20 20:35:00,209.4,209.73,209.315,209.7199,236817
2026-02-20 20:40:00,209.72,209.83,209.64,209.82,319983
2026-02-20 20:45:00,209.8,209.9089,209.64,209.79,348258
2026-02-20 20:50:00,209.8,210.2,209.74,210.185,683649
2026-02-20 20:55:00,210.17,210.2898,210.047,210.18,1680867
2026-02-23 14:30:00,208.04,208.43,206.885,207.21,2509861
2026-02-23 14:35:00,207.2299,207.47,206.35,206.385,1002152
2026-02-23 14:40:00,206.395,206.42,205.67,205.88,906197
2026-02-23 14:45:00,205.88,206.49,205.53,206.035,799759
2026-02-23 14:50:00,206.04,206.54,205.82,205.915,547331
2026-02-23 14:55:00,205.91,206.16,205.5,205.57,517029
2026-02-23 15:00:00,205.57,206.08,205.13,205.15,616108
2026-02-23 15:05:00,205.15,205.18,203.93,204.115,972792
2026-02-23 15:10:00,204.13,204.8,204.0,204.5801,666830
2026-02-23 15:15:00,204.57,205.0,204.283,204.845,603691
2026-02-23 15:20:00,204.87,205.16,204.71,204.87,386145
2026-02-23 15:25:00,204.841,204.94,204.38,204.6291,363184
2026-02-23 15:30:00,204.6,204.97,204.375,204.67,426342
2026-02-23 15:35:00,204.69,204.8735,204.1,204.7499,5680082
2026-02-23 15:40:00,204.735,205.07,204.6801,204.8,0
2026-02-23 15:45:00,204.815,205.14,204.61,204.98,308702
2026-02-23 15:50:00,204.97,205.06,204.3,204.365,405238
2026-02-23 15:55:00,204.39,204.55,204.02,204.54,523122
2026-02-23 16:00:00,204.55,204.62,203.68,203.84,453043
2026-02-23 16:05:00,203.82,203.88,203.5,203.81,445853
2026-02-23 16:10:00,203.82,204.01,203.77,203.91,405073
2026-02-23 16:15:00,203.9,204.44,203.76,204.2401,343534
2026-02-23 16:20:00,204.24,204.435,204.17,204.23,373979
2026-02-23 16:25:00,204.21,204.5,204.095,204.46,385832
2026-02-23 16:30:00,204.435,204.45,203.855,203.9202,332436
2026-02-23 16:35:00,203.92,204.28,203.72,204.13,8298191
2026-02-23 16:40:00,204.14,204.38,204.07,204.12,0
2026-02-23 16:45:00,204.14,204.4,203.935,204.295,319770
2026-02-23 16:50:00,204.3,204.63,204.17,204.39,349037
2026-02-23 16:55:00,204.4,204.48,204.02,204.107,275173
2026-02-23 17:00:00,204.09,204.24,203.83,203.98,379025
2026-02-23 17:05:00,203.96,204.24,203.705,203.725,322447
2026-02-23 17:10:00,203.7199,203.84,203.62,203.715,312283
2026-02-23 17:15:00,203.72,203.8599,203.64,203.64,243277
2026-02-23 17:20:00,203.6598,203.82,203.45,203.57,291184
2026-02-23 17:25:00,203.58,203.65,203.36,203.44,301404
2026-02-23 17:30:00,203.43,203.72,203.415,203.495,263826
2026-02-23 17:35:00,203.49,203.5,203.11,203.215,10151501
2026-02-23 17:40:00,203.22,203.83,203.195,203.605,0
2026-02-23 17:45:00,203.61,203.82,203.6,203.8,231854
2026-02-23 17:50:00,203.8,204.28,203.78,204.23,496370
2026-02-23 17:55:00,204.24,204.265,203.5,204.04,350555
2026-02-23 18:00:00,204.05,204.2309,204.02,204.12,258062
2026-02-23 18:05:00,204.12,204.32,204.03,204.22,214696
2026-02-23 18:10:00,204.23,204.56,203.83,204.545,339163
2026-02-23 18:15:00,204.52,204.67,204.32,204.38,377957
2026-02-23 18:20:00,204.39,204.7199,204.37,204.5899,302623
2026-02-23 18:25:00,204.56,204.63,204.4,204.43,245322
2026-02-23 18:30:00,204.43,204.43,204.27,204.345,11920437
2026-02-23 18:35:00,204.3401,204.5,203.25,204.22,0
2026-02-23 18:40:00,204.225,204.23,203.845,203.93,12313576
2026-02-23 18:45:00,203.935,204.29,203.885,204.16,322083
2026-02-23 18:50:00,204.17,204.38,204.1501,204.3,0
2026-02-23 18:55:00,204.29,204.3,203.805,203.9,213734
2026-02-23 19:00:00,203.9,204.23,203.88,204.0,12740478
2026-02-23 19:05:00,204.0,204.2469,203.92,204.035,0
2026-02-23 19:10:00,204.035,204.5,203.97,204.39,227177
2026-02-23 19:15:00,204.39,204.485,204.05,204.18,233022
2026-02-23 19:20:00,204.185,204.37,204.07,204.34,209700
2026-02-23 19:25:00,204.345,204.57,204.3,204.38,268722
2026-02-23 19:30:00,204.39,204.84,204.39,204.8101,235443
2026-02-23 19:35:00,204.81,204.84,204.58,204.775,265433
2026-02-23 19:40:00,204.78,204.78,204.32,204.48,13794790
2026-02-23 19:45:00,204.48,204.75,204.4,204.72,0
2026-02-23 19:50:00,204.71,204.75,204.4501,204.49,229811
2026-02-23 19:55:00,204.48,204.67,204.23,204.25,234993
2026-02-23 20:00:00,204.255,204.28,204.01,204.14,272894
2026-02-23 20:05:00,204.15,204.34,204.085,204.31,289740
2026-02-23 20:10:00,204.315,204.43,204.26,204.28,159059
2026-02-23 20:15:00,204.28,204.68,204.28,204.67,229822
2026-02-23 20:20:00,204.665,204.67,204.33,204.565,207283
2026-02-23 20:25:00,204.57,204.73,204.515,204.67,209209
2026-02-23 20:30:00,204.67,205.13,204.67,205.11,342855
2026-02-23 20:35:00,205.1,205.11,204.78,204.8966,15293377
2026-02-23 20:40:00,204.9,205.02,204.77,205.0001,0
2026-02-23 20:45:00,205.01,205.04,204.83,205.03,316385
2026-02-23 20:50:00,205.05,205.3,204.84,204.87,660543
2026-02-23 20:55:00,204.86,205.32,204.79,205.29,1351631
2026-02-24 14:30:00,205.47,205.6,203.375,203.77,1478059
2026-02-24 14:35:00,203.785,205.02,203.25,205.01,697316
2026-02-24 14:40:00,204.985,206.26,204.95,205.96,885640
2026-02-24 14:45:00,205.96,206.805,205.955,206.56,825066
2026-02-24 14:50:00,206.55,206.685,205.77,205.98,414426
2026-02-24 14:55:00,205.93,206.02,205.3,205.47,353726
2026-02-24 15:00:00,205.46,205.4799,204.74,205.25,440107
2026-02-24 15:05:00,205.25,206.37,205.1701,206.2399,390495
2026-02-24 15:10:00,206.24,206.98,206.05,206.23,492407
2026-02-24 15:15:00,206.22,207.0,205.96,206.8909,360710
2026-02-24 15:20:00,206.8812,207.39,206.73,207.29,465077
2026-02-24 15:25:00,207.32,207.89,207.16,207.76,376932
2026-02-24 15:30:00,207.75,207.85,207.39,207.56,319128
2026-02-24 15:35:00,207.5664,207.8299,207.4101,207.55,3321559
2026-02-24 15:40:00,207.5636,207.95,207.49,207.855,0
2026-02-24 15:45:00,207.8407,207.87,207.41,207.5502,214468
2026-02-24 15:50:00,207.52,207.59,207.3,207.49,256385
2026-02-24 15:55:00,207.48,207.84,207.42,207.81,214791
2026-02-24 16:00:00,207.8,208.49,207.63,208.43,375727
2026-02-24 16:05:00,208.4599,208.5997,208.25,208.38,301678
2026-02-24 16:10:00,208.34,208.69,208.22,208.6161,313026
2026-02-24 16:15:00,208.605,208.71,208.372,208.63,302160
2026-02-24 16:20:00,208.63,208.93,208.54,208.755,454987
2026-02-24 16:25:00,208.745,209.18,208.7,209.1,379700
2026-02-24 16:30:00,209.11,209.13,208.44,208.5998,4917417
2026-02-24 16:35:00,208.59,209.3899,208.56,209.2862,0
2026-02-24 16:40:00,209.26,209.451,208.65,208.6801,5013695
2026-02-24 16:45:00,208.68,208.98,208.68,208.875,0
2026-02-24 16:50:00,208.87,209.2,208.7676,209.12,5064296
2026-02-24 16:55:00,209.11,209.25,208.9901,209.155,0
2026-02-24 17:00:00,209.165,209.36,209.04,209.11,234283
2026-02-24 17:05:00,209.16,209.49,209.05,209.4602,184726
2026-02-24 17:10:00,209.47,209.654,209.435,209.57,228482
2026-02-24 17:15:00,209.56,209.8,209.38,209.48,270433
2026-02-24 17:20:00,209.46,209.74,209.39,209.6482,167285
2026-02-24 17:25:00,209.655,209.96,209.56,209.6,262297
2026-02-24 17:30:00,209.61,209.62,209.41,209.45,252154
2026-02-24 17:35:00,209.44,209.69,209.43,209.59,176805
2026-02-24 17:40:00,209.6099,209.69,209.39,209.43,174806
2026-02-24 17:45:00,209.425,209.7,209.4001,209.64,182010
2026-02-24 17:50:00,209.64,209.7,209.46,209.46,165898
2026-02-24 17:55:00,209.47,209.5,209.286,209.36,158095
2026-02-24 18:00:00,209.36,209.8,209.23,209.62,244332
2026-02-24 18:05:00,209.57,209.6399,209.07,209.085,179942
2026-02-24 18:10:00,209.07,209.21,209.0101,209.0786,129305
2026-02-24 18:15:00,209.1,209.21,208.98,209.17,181418
2026-02-24 18:20:00,209.175,209.205,209.02,209.1005,128663
2026-02-24 18:25:00,209.105,209.44,209.07,209.44,166394
2026-02-24 18:30:00,209.45,209.7093,209.43,209.685,180045
2026-02-24 18:35:00,209.67,210.03,209.5979,209.92,369914
2026-02-24 18:40:00,209.93,209.96,209.7001,209.7201,166528
2026-02-24 18:45:00,209.74,210.055,209.69,209.93,233054
2026-02-24 18:50:00,209.925,210.36,209.925,210.27,269925
2026-02-24 18:55:00,210.28,210.31,209.91,209.925,204884
2026-02-24 19:00:00,209.91,210.02,209.79,209.93,7129811
2026-02-24 19:05:00,209.915,209.965,209.71,209.73,0
2026-02-24 19:10:00,209.74,209.79,209.355,209.355,199258
2026-02-24 19:15:00,209.355,209.37,208.81,208.8699,251959
2026-02-24 19:20:00,208.85,209.09,208.7,209.0,226194
2026-02-24 19:25:00,208.99,209.2399,208.97,209.02,250851
2026-02-24 19:30:00,209.01,209.18,208.84,208.87,224553
2026-02-24 19:35:00,208.8746,209.18,208.87,209.015,167722
2026-02-24 19:40:00,209.005,209.19,208.95,208.995,187366
2026-02-24 19:45:00,208.97,208.98,208.7,208.8458,254964
2026-02-24 19:50:00,208.8499,209.48,208.83,209.1011,324001
2026-02-24 19:55:00,209.0801,209.37,209.07,209.34,217629
2026-02-24 20:00:00,209.35,209.53,209.3101,209.41,199977
2026-02-24 20:05:00,209.4,209.45,209.16,209.259,201183
2026-02-24 20:10:00,209.28,209.28,208.695,208.87,213478
2026-02-24 20:15:00,208.8798,208.8798,208.585,208.67,212246
2026-02-24 20:20:00,208.67,208.81,208.37,208.405,8777918
2026-02-24 20:25:00,208.39,208.655,208.21,208.22,0
2026-02-24 20:30:00,208.24,208.494,208.16,208.425,224643
2026-02-24 20:35:00,208.42,208.58,208.34,208.385,217859
2026-02-24 20:40:00,208.365,208.46,208.22,208.445,214203
2026-02-24 20:45:00,208.43,208.58,208.3803,208.44,214664
2026-02-24 20:50:00,208.45,208.71,208.27,208.68,465972
2026-02-24 20:55:00,208.66,208.66,208.38,208.555,1111964
2026-02-25 14:30:00,210.46,211.4,210.11,210.13,1516653
2026-02-25 14:35:00,210.15,210.415,209.5895,209.89,443528
2026-02-25 14:40:00,209.95,210.36,209.79,210.22,367521
2026-02-25 14:45:00,210.22,210.68,210.0983,210.5,374838
2026-02-25 14:50:00,210.47,210.82,210.18,210.705,1616646
2026-02-25 14:55:00,210.71,210.935,210.54,210.8331,0
2026-02-25 15:00:00,210.83,211.59,210.73,211.34,605827
2026-02-25 15:05:00,211.305,211.3599,210.5,210.62,317421
2026-02-25 15:10:00,210.66,210.82,210.59,210.62,299588
2026-02-25 15:15:00,210.63,210.7,210.12,210.23,305161
2026-02-25 15:20:00,210.21,210.23,209.87,210.175,287201
2026-02-25 15:25:00,210.175,210.645,210.135,210.45,283541
2026-02-25 15:30:00,210.46,210.73,210.13,210.145,344509
2026-02-25 15:35:00,210.145,210.42,210.08,210.09,195544
2026-02-25 15:40:00,210.1,210.74,210.08,210.4974,264973
2026-02-25 15:45:00,210.515,210.98,210.5,210.93,297681
2026-02-25 15:50:00,210.92,211.01,210.32,210.3334,291904
2026-02-25 15:55:00,210.3284,210.411,209.97,210.4,3450341
2026-02-25 16:00:00,210.38,210.415,210.08,210.2445,0
2026-02-25 16:05:00,210.245,210.44,210.1199,210.1199,3593777
2026-02-25 16:10:00,210.115,210.13,209.82,210.03,0
2026-02-25 16:15:00,210.03,210.03,209.715,209.8,3792990
2026-02-25 16:20:00,209.825,210.14,209.72,210.05,317656
2026-02-25 16:25:00,210.05,210.23,209.75,209.94,0
2026-02-25 16:30:00,209.945,210.15,209.85,209.85,148530
2026-02-25 16:35:00,209.85,209.88,209.735,209.82,172333
2026-02-25 16:40:00,209.82,209.995,209.8,209.835,137604
2026-02-25 16:45:00,209.855,209.93,209.72,209.81,142159
2026-02-25 16:50:00,209.815,209.94,209.77,209.86,140986
2026-02-25 16:55:00,209.87,209.8799,209.47,209.496,240556
2026-02-25 17:00:00,209.51,209.57,209.335,209.435,223244
2026-02-25 17:05:00,209.44,209.6092,209.3,209.57,212898
2026-02-25 17:10:00,209.585,209.7499,209.51,209.55,233091
2026-02-25 17:15:00,209.54,209.87,209.04,209.63,305136
2026-02-25 17:20:00,209.6106,209.73,209.45,209.69,183236
2026-02-25 17:25:00,209.69,209.72,209.195,209.21,160326
2026-02-25 17:30:00,209.21,209.29,209.08,209.26,189916
2026-02-25 17:35:00,209.2674,209.42,209.23,209.34,154109
2026-02-25 17:40:00,209.34,209.43,209.215,209.236,126603
2026-02-25 17:45:00,209.25,209.55,209.065,209.305,211413
2026-02-25 17:50:00,209.32,209.45,209.31,209.415,141243
2026-02-25 17:55:00,209.42,209.5,209.25,209.325,135885
2026-02-25 18:00:00,209.325,209.41,209.25,209.27,145386
2026-02-25 18:05:00,209.285,209.48,209.24,209.315,160834
2026-02-25 18:10:00,209.31,209.5175,209.24,209.2855,187591
2026-02-25 18:15:00,209.294,209.3199,209.15,209.247,9768977
2026-02-25 18:20:00,209.245,209.27,209.075,209.09,200874
2026-02-25 18:25:00,209.095,209.2,209.06,209.16,0
2026-02-25 18:30:00,209.15,209.26,208.95,208.955,178363
2026-02-25 18:35:00,208.9534,209.19,208.93,209.15,130844
2026-02-25 18:40:00,209.16,209.37,209.145,209.3499,189111
2026-02-25 18:45:00,209.3389,209.74,209.33,209.645,217011
2026-02-25 18:50:00,209.6463,209.71,209.47,209.67,163546
2026-02-25 18:55:00,209.67,209.71,209.55,209.635,124991
2026-02-25 19:00:00,209.635,209.8844,209.63,209.8,10508808
2026-02-25 19:05:00,209.79,210.13,209.78,210.04,0
2026-02-25 19:10:00,210.04,210.08,209.83,209.9,167480
2026-02-25 19:15:00,209.91,210.01,209.75,209.79,187287
2026-02-25 19:20:00,209.78,209.96,209.62,209.83,155186
2026-02-25 19:25:00,209.835,210.03,209.825,209.935,163876
2026-02-25 19:30:00,209.9301,210.53,209.93,210.5268,374817
2026-02-25 19:35:00,210.51,210.56,210.33,210.415,296446
2026-02-25 19:40:00,210.41,210.49,210.21,210.23,189909
2026-02-25 19:45:00,210.22,210.34,210.18,210.31,163371
2026-02-25 19:50:00,210.305,210.38,210.19,210.365,175354
2026-02-25 19:55:00,210.35,210.53,210.28,210.405,248778
2026-02-25 20:00:00,210.4,210.61,210.355,210.39,193306
2026-02-25 20:05:00,210.39,210.515,210.26,210.35,212758
2026-02-25 20:10:00,210.34,210.4401,210.22,210.44,242166
2026-02-25 20:15:00,210.44,210.47,210.26,210.3,201066
2026-02-25 20:20:00,210.3,210.41,210.11,210.24,265275
2026-02-25 20:25:00,210.23,210.37,210.18,210.23,223514
2026-02-25 20:30:00,210.23,210.49,210.025,210.32,317808
2026-02-25 20:35:00,210.315,210.41,210.1237,210.36,241402
2026-02-25 20:40:00,210.35,210.425,210.31,210.3831,12578039
2026-02-25 20:45:00,210.39,210.45,210.26,210.305,0
2026-02-25 20:50:00,210.3,210.56,210.07,210.545,561627
2026-02-25 20:55:00,210.54,210.8,210.335,210.66,1192639
2026-02-26 14:30:00,210.73,211.05,209.9363,210.65,1472303
2026-02-26 14:35:00,210.64,210.7715,209.78,210.22,480045
2026-02-26 14:40:00,210.2,210.68,209.85,210.21,434045
2026-02-26 14:45:00,210.205,210.22,208.89,209.275,548352
2026-02-26 14:50:00,209.3,209.63,208.74,208.86,400269
2026-02-26 14:55:00,208.88,209.57,208.8428,209.32,425101
2026-02-26 15:00:00,209.31,209.57,208.634,208.97,446031
2026-02-26 15:05:00,208.985,209.52,208.82,209.52,567170
2026-02-26 15:10:00,209.525,209.865,208.765,208.92,632794
2026-02-26 15:15:00,208.94,209.01,207.58,207.84,730828
2026-02-26 15:20:00,207.804,208.31,207.46,207.935,450893
2026-02-26 15:25:00,207.925,208.05,207.0503,207.51,553027
2026-02-26 15:30:00,207.51,207.58,206.95,207.08,534493
2026-02-26 15:35:00,207.0901,207.62,207.0901,207.46,346588
2026-02-26 15:40:00,207.47,207.786,207.28,207.56,422454
2026-02-26 15:45:00,207.6,208.52,207.59,208.37,477954
2026-02-26 15:50:00,208.33,208.36,207.68,207.995,258422
2026-02-26 15:55:00,207.97,208.4199,207.94,208.14,395671
2026-02-26 16:00:00,208.185,208.45,207.94,208.4,322119
2026-02-26 16:05:00,208.38,208.7499,208.08,208.69,338000
2026-02-26 16:10:00,208.68,209.0792,208.68,209.05,344094
2026-02-26 16:15:00,209.055,209.1499,208.35,208.425,408161
2026-02-26 16:20:00,208.42,208.6195,208.33,208.4,260327
2026-02-26 16:25:00,208.435,208.7898,208.14,208.1876,312809
2026-02-26 16:30:00,208.17,208.281,208.0,208.21,152757
2026-02-26 16:35:00,208.25,208.29,207.71,207.77,162182
2026-02-26 16:40:00,207.76,207.83,207.5247,207.62,5822027
2026-02-26 16:45:00,207.62,207.75,207.38,207.74,0
2026-02-26 16:50:00,207.75,207.82,207.4363,207.45,186779
2026-02-26 16:55:00,207.465,207.465,207.01,207.04,286363
2026-02-26 17:00:00,207.03,207.4,206.98,207.378,286820
2026-02-26 17:05:00,207.38,207.48,207.16,207.22,226923
2026-02-26 17:10:00,207.22,207.435,207.07,207.08,242507
2026-02-26 17:15:00,207.08,207.17,206.56,206.6,412288
2026-02-26 17:20:00,206.58,206.81,206.46,206.765,353877
2026-02-26 17:25:00,206.76,207.125,206.72,206.9707,401517
2026-02-26 17:30:00,206.97,207.34,206.7101,206.92,264043
2026-02-26 17:35:00,206.925,206.925,206.25,206.35,275497
2026-02-26 17:40:00,206.36,206.48,206.2,206.22,231746
2026-02-26 17:45:00,206.21,206.3,205.995,206.065,317612
2026-02-26 17:50:00,206.04,206.25,206.035,206.1,191595
2026-02-26 17:55:00,206.09,206.09,205.74,205.75,8265730
2026-02-26 18:00:00,205.745,205.9052,205.531,205.6174,0
2026-02-26 18:05:00,205.62,205.97,205.6168,205.85,268437
2026-02-26 18:10:00,205.8483,205.91,205.37,205.51,9312267
2026-02-26 18:15:00,205.505,205.9,205.3499,205.89,0
2026-02-26 18:20:00,205.89,206.1097,205.5501,205.78,269455
2026-02-26 18:25:00,205.785,205.8922,205.45,205.54,248741
2026-02-26 18:30:00,205.55,206.1025,205.52,205.955,367718
2026-02-26 18:35:00,205.96,206.7,205.89,206.68,443878
2026-02-26 18:40:00,206.665,206.88,206.55,206.7599,244182
2026-02-26 18:45:00,206.76,206.95,206.63,206.815,260767
2026-02-26 18:50:00,206.83,207.02,206.605,206.9698,10136232
2026-02-26 18:55:00,206.9898,207.26,206.98,207.2399,0
2026-02-26 19:00:00,207.23,207.42,207.11,207.3504,222610
2026-02-26 19:05:00,207.3603,207.81,207.3,207.7489,229481
2026-02-26 19:10:00,207.76,207.91,207.52,207.59,313036
2026-02-26 19:15:00,207.57,207.79,207.57,207.74,188768
2026-02-26 19:20:00,207.745,207.99,207.745,207.84,232816
2026-02-26 19:25:00,207.86,207.86,207.45,207.5372,215249
2026-02-26 19:30:00,207.52,207.89,207.42,207.865,151247
2026-02-26 19:35:00,207.86,208.03,207.83,208.03,215532
2026-02-26 19:40:00,208.02,208.07,207.79,207.8799,185458
2026-02-26 19:45:00,207.845,208.19,207.75,208.085,161584
2026-02-26 19:50:00,208.09,208.385,208.0,208.29,166430
2026-02-26 19:55:00,208.28,208.365,208.05,208.1,156221
2026-02-26 20:00:00,208.09,208.33,208.06,208.23,154746
2026-02-26 20:05:00,208.2,208.33,208.155,208.19,139815
2026-02-26 20:10:00,208.19,208.23,207.91,208.13,213432
2026-02-26 20:15:00,208.11,208.11,207.8,207.88,202174
2026-02-26 20:20:00,207.8709,207.925,207.44,207.66,299792
2026-02-26 20:25:00,207.67,207.944,207.6001,207.7501,217231
2026-02-26 20:30:00,207.74,207.94,207.67,207.91,297318
2026-02-26 20:35:00,207.91,208.04,207.84,208.04,260933
2026-02-26 20:40:00,208.05,208.1,207.54,207.87,301114
2026-02-26 20:45:00,207.86,207.905,207.575,207.8701,243957
2026-02-26 20:50:00,207.87,208.08,207.84,207.975,409456
2026-02-26 20:55:00,207.96,207.99,207.76,207.91,887211
2026-02-27 14:30:00,206.79,207.49,205.77,206.6,2379363
2026-02-27 14:35:00,206.61,206.71,205.65,206.32,2159698
2026-02-27 14:40:00,206.34,206.4,205.2,205.99,0
2026-02-27 14:45:00,205.96,206.62,205.68,206.33,564762
2026-02-27 14:50:00,206.3,206.83,206.08,206.595,396813
2026-02-27 14:55:00,206.6,206.66,205.97,206.12,427316
2026-02-27 15:00:00,206.125,206.425,205.66,206.419,446228
2026-02-27 15:05:00,206.44,206.94,206.06,206.06,409090
2026-02-27 15:10:00,206.085,207.7699,206.02,207.39,452363
2026-02-27 15:15:00,207.4,208.08,207.4,208.02,419159
2026-02-27 15:20:00,208.01,208.77,207.9248,208.69,496364
2026-02-27 15:25:00,208.6827,208.6827,208.09,208.185,352556
2026-02-27 15:30:00,208.19,208.215,207.655,208.05,390618
2026-02-27 15:35:00,208.0301,208.51,208.0301,208.12,429039
2026-02-27 15:40:00,208.12,208.9,208.06,208.8895,598855
2026-02-27 15:45:00,208.88,209.2199,208.63,208.815,434796
2026-02-27 15:50:00,208.84,208.84,208.275,208.37,258727
2026-02-27 15:55:00,208.38,208.85,208.22,208.6,275424
2026-02-27 16:00:00,208.6,209.035,208.42,208.85,222056
2026-02-27 16:05:00,208.85,208.89,207.78,207.81,272179
2026-02-27 16:10:00,207.82,208.34,207.82,208.27,182500
2026-02-27 16:15:00,208.27,208.53,208.13,208.31,5265985
2026-02-27 16:20:00,208.3201,208.3201,207.87,208.26,0
2026-02-27 16:25:00,208.25,208.4,207.93,208.1401,212050
2026-02-27 16:30:00,208.19,208.57,208.135,208.44,179621
2026-02-27 16:35:00,208.45,208.4697,207.94,207.96,186700
2026-02-27 16:40:00,207.95,207.95,207.6201,207.65,235198
2026-02-27 16:45:00,207.69,207.97,207.66,207.86,189757
2026-02-27 16:50:00,207.86,208.17,207.85,208.17,253580
2026-02-27 16:55:00,208.18,208.46,208.18,208.24,201787
2026-02-27 17:00:00,208.25,209.16,208.25,209.1299,252884
2026-02-27 17:05:00,209.1237,209.63,209.05,209.38,260040
2026-02-27 17:10:00,209.4001,209.4001,208.34,208.36,6445262
2026-02-27 17:15:00,208.36,208.38,207.94,208.035,0
2026-02-27 17:20:00,208.03,208.0599,207.68,207.85,225224
2026-02-27 17:25:00,207.88,208.39,207.88,208.18,241876
2026-02-27 17:30:00,208.19,208.46,207.92,208.2901,258376
2026-02-27 17:35:00,208.27,208.28,207.85,207.89,141318
2026-02-27 17:40:00,207.905,207.99,207.42,207.55,217914
2026-02-27 17:45:00,207.55,207.7251,207.38,207.62,219784
2026-02-27 17:50:00,207.61,207.96,207.415,207.735,205955
2026-02-27 17:55:00,207.78,208.0825,207.7,208.01,241725
2026-02-27 18:00:00,208.0351,208.27,207.8726,208.1301,173052
2026-02-27 18:05:00,208.13,208.17,207.9,208.05,137421
2026-02-27 18:10:00,208.08,208.13,207.9711,208.05,8520602
2026-02-27 18:15:00,208.07,208.12,207.85,208.03,0
2026-02-27 18:20:00,208.02,208.17,207.855,207.99,119707
2026-02-27 18:25:00,207.995,208.2301,207.7,208.2,135079
2026-02-27 18:30:00,208.21,208.5399,208.12,208.451,165444
2026-02-27 18:35:00,208.465,208.6914,208.27,208.64,183498
2026-02-27 18:40:00,208.64,208.96,208.6363,208.8,191672
2026-02-27 18:45:00,208.8,209.19,208.78,209.0278,317631
2026-02-27 18:50:00,209.05,209.17,208.79,208.89,185409
2026-02-27 18:55:00,208.9,208.93,208.6501,208.75,183218
2026-02-27 19:00:00,208.74,209.28,208.68,209.22,193167
2026-02-27 19:05:00,209.225,209.36,208.86,208.9159,207844
2026-02-27 19:10:00,208.915,208.99,208.74,208.79,181683
2026-02-27 19:15:00,208.77,209.04,208.6409,208.85,125471
2026-02-27 19:20:00,208.845,208.89,208.68,208.85,134844
2026-02-27 19:25:00,208.845,209.0,208.66,208.84,149287
2026-02-27 19:30:00,208.85,208.94,208.6402,208.875,165633
2026-02-27 19:35:00,208.875,209.04,208.8251,208.85,149174
2026-02-27 19:40:00,208.845,208.87,208.44,208.55,153991
2026-02-27 19:45:00,208.58,208.7,208.46,208.63,112334
2026-02-27 19:50:00,208.61,208.72,208.51,208.66,110202
2026-02-27 19:55:00,208.645,209.09,208.62,209.04,252973
2026-02-27 20:00:00,209.045,209.53,209.04,209.27,326550
2026-02-27 20:05:00,209.275,209.47,209.1298,209.17,10610406
2026-02-27 20:10:00,209.17,209.6899,208.9618,209.68,0
2026-02-27 20:15:00,209.69,209.885,209.58,209.77,11058389
2026-02-27 20:20:00,209.77,209.79,209.5214,209.64,0
2026-02-27 20:25:00,209.6,209.61,209.25,209.26,232800
2026-02-27 20:30:00,209.26,209.42,209.11,209.14,276327
2026-02-27 20:35:00,209.14,209.14,208.58,208.6,283527
2026-02-27 20:40:00,208.605,208.81,208.36,208.56,281177
2026-02-27 20:45:00,208.56,208.73,208.25,208.58,316057
2026-02-27 20:50:00,208.59,209.86,208.55,209.77,1098272
2026-02-27 20:55:00,209.79,210.33,209.46,210.01,2486291
2026-03-02 14:30:00,204.55,207.34,203.5,207.0617,2742172
2026-03-02 14:35:00,207.14,207.3,205.85,205.9895,657831
2026-03-02 14:40:00,205.9983,207.89,205.92,207.61,622238
2026-03-02 14:45:00,207.47,207.95,207.09,207.73,618621
2026-03-02 14:50:00,207.75,207.8,206.36,206.91,495603
2026-03-02 14:55:00,206.94,207.275,206.74,207.025,377232
2026-03-02 15:00:00,207.02,208.0675,206.79,207.58,452654
2026-03-02 15:05:00,207.59,207.93,207.255,207.64,288689
2026-03-02 15:10:00,207.635,208.37,207.4059,208.12,350451
2026-03-02 15:15:00,208.115,208.5455,207.9505,208.4,331807
2026-03-02 15:20:00,208.39,208.49,207.84,208.345,409453
2026-03-02 15:25:00,208.4,208.45,207.52,207.88,407077
2026-03-02 15:30:00,207.9,208.03,207.56,207.63,356365
2026-03-02 15:35:00,207.64,207.89,207.26,207.7509,325920
2026-03-02 15:40:00,207.75,208.4,207.52,208.375,258537
2026-03-02 15:45:00,208.3623,208.82,208.26,208.355,5210979
2026-03-02 15:50:00,208.34,208.48,207.77,207.78,0
2026-03-02 15:55:00,207.77,208.13,207.57,207.88,5117731
2026-03-02 16:00:00,207.87,207.87,207.235,207.49,0
2026-03-02 16:05:00,207.48,208.02,207.35,208.015,305951
2026-03-02 16:10:00,208.035,208.13,207.58,207.5896,274703
2026-03-02 16:15:00,207.58,207.64,207.1207,207.1598,323277
2026-03-02 16:20:00,207.155,207.17,206.8,206.87,316501
2026-03-02 16:25:00,206.9,206.99,206.25,206.44,314960
2026-03-02 16:30:00,206.44,207.33,206.42,207.28,326798
2026-03-02 16:35:00,207.325,208.34,207.15,208.33,461680
2026-03-02 16:40:00,208.3,208.95,208.3,208.755,296779
2026-03-02 16:45:00,208.75,209.15,208.73,209.05,376916
2026-03-02 16:50:00,209.05,209.36,208.83,209.12,289614
2026-03-02 16:55:00,209.085,209.43,209.0,209.36,353331
2026-03-02 17:00:00,208.9,208.99,208.565,208.59,225534
2026-03-02 17:05:00,208.58,208.751,208.39,208.7,201432
2026-03-02 17:10:00,208.68,208.83,208.4399,208.645,148566
2026-03-02 17:15:00,208.67,209.25,208.655,209.22,205972
2026-03-02 17:20:00,209.2,209.4,208.885,208.98,189836
2026-03-02 17:25:00,208.96,208.98,208.333,208.4,208179
2026-03-02 17:30:00,208.38,208.79,208.34,208.53,233653
2026-03-02 17:35:00,208.52,208.68,208.165,208.275,241880
2026-03-02 17:40:00,208.26,208.5155,208.06,208.29,157688
2026-03-02 17:45:00,208.29,208.52,208.26,208.38,145572
2026-03-02 17:50:00,208.38,208.618,208.27,208.5,194907
2026-03-02 17:55:00,208.49,208.52,208.19,208.445,195521
2026-03-02 18:00:00,208.45,208.56,208.29,208.5,134966
2026-03-02 18:05:00,208.5196,208.78,208.48,208.505,8312020
2026-03-02 18:10:00,208.495,208.785,208.46,208.78,0
2026-03-02 18:15:00,208.77,208.91,208.5401,208.67,190737
2026-03-02 18:20:00,208.6799,208.8601,208.46,208.64,180268
2026-03-02 18:25:00,208.63,208.75,208.4751,208.6312,100187
2026-03-02 18:30:00,208.64,208.94,208.58,208.795,146367
2026-03-02 18:35:00,208.75,208.79,208.3101,208.34,115726
2026-03-02 18:40:00,208.33,208.74,208.33,208.72,167665
2026-03-02 18:45:00,208.72,208.84,208.325,208.5,232424
2026-03-02 18:50:00,208.51,208.73,208.3101,208.36,142856
2026-03-02 18:55:00,208.35,208.43,208.1301,208.3,148681
2026-03-02 19:00:00,208.32,208.5165,208.2,208.47,218406
2026-03-02 19:05:00,208.455,208.82,208.31,208.815,174088
2026-03-02 19:10:00,208.815,209.365,208.8,209.29,245759
2026-03-02 19:15:00,209.28,209.72,209.27,209.485,252211
2026-03-02 19:20:00,209.46,209.63,209.06,209.06,9731128
2026-03-02 19:25:00,209.0501,209.11,208.6556,208.665,0
2026-03-02 19:30:00,208.665,208.81,208.48,208.535,198706
2026-03-02 19:35:00,208.55,208.8066,208.4901,208.56,9998149
2026-03-02 19:40:00,208.56,208.66,208.18,208.28,0
2026-03-02 19:45:00,208.29,208.6,208.26,208.574,142162
2026-03-02 19:50:00,208.57,208.6301,208.35,208.428,154240
2026-03-02 19:55:00,208.43,208.46,208.33,208.36,140347
2026-03-02 20:00:00,208.35,208.56,208.27,208.54,10346603
2026-03-02 20:05:00,208.55,208.58,207.51,207.6299,478352
2026-03-02 20:10:00,207.62,207.62,207.33,207.45,475983
2026-03-02 20:15:00,207.46,208.17,207.3,207.995,450846
2026-03-02 20:20:00,208.03,208.13,207.73,207.765,266733
2026-03-02 20:25:00,207.77,207.89,207.42,207.65,280837
2026-03-02 20:30:00,207.63,207.98,207.625,207.95,240305
2026-03-02 20:35:00,207.97,208.08,207.78,207.91,259503
2026-03-02 20:40:00,207.9,208.1,207.53,208.0794,352608
2026-03-02 20:45:00,208.05,208.305,208.0,208.115,460617
2026-03-02 20:50:00,208.08,208.51,208.05,208.465,797728
2026-03-02 20:55:00,208.49,208.6999,208.2,208.2,2761835
2026-03-03 14:30:00,203.23,204.7,203.03,203.59,3453091
2026-03-03 14:35:00,203.61,204.52,203.125,203.7,1317631
2026-03-03 14:40:00,203.645,204.28,203.4,204.09,798586
2026-03-03 14:45:00,204.08,205.285,203.8961,204.0904,841985
2026-03-03 14:50:00,204.1,204.76,203.91,204.65,770521
2026-03-03 14:55:00,204.67,204.89,203.61,203.69,622698
2026-03-03 15:00:00,203.715,204.25,203.39,203.86,732985
2026-03-03 15:05:00,203.85,204.21,203.19,203.515,527628
2026-03-03 15:10:00,203.49,204.44,203.28,204.03,478073
2026-03-03 15:15:00,204.0905,204.21,203.58,203.665,378137
2026-03-03 15:20:00,203.66,203.78,202.81,203.095,694638
2026-03-03 15:25:00,203.07,203.2001,202.48,202.7,745800
2026-03-03 15:30:00,202.655,203.55,202.64,203.41,644456
2026-03-03 15:35:00,203.405,204.0582,203.1605,203.93,628356
2026-03-03 15:40:00,203.925,204.39,203.44,203.62,496439
2026-03-03 15:45:00,203.61,204.135,203.46,203.7,473031
2026-03-03 15:50:00,203.65,203.88,202.951,203.115,414425
2026-03-03 15:55:00,203.12,203.8367,203.0701,203.68,445379
2026-03-03 16:00:00,203.67,204.5295,203.64,204.5266,509634
2026-03-03 16:05:00,204.53,205.435,204.52,205.155,759277
2026-03-03 16:10:00,205.19,205.25,204.8,204.95,393517
2026-03-03 16:15:00,204.933,205.3251,204.63,204.865,395796
2026-03-03 16:20:00,204.86,205.94,204.77,205.9272,480992
2026-03-03 16:25:00,205.94,206.095,205.79,205.95,397180
2026-03-03 16:30:00,205.935,205.945,205.17,205.6401,374140
2026-03-03 16:35:00,205.64,205.9038,205.52,205.8581,261283
2026-03-03 16:40:00,205.84,206.4,205.68,206.32,530756
2026-03-03 16:45:00,206.31,207.37,206.29,206.56,620638
2026-03-03 16:50:00,206.575,206.94,206.34,206.7,311545
2026-03-03 16:55:00,206.7276,206.86,206.28,206.48,382826
2026-03-03 17:00:00,206.42,206.54,205.9,206.235,353249
2026-03-03 17:05:00,206.245,206.53,205.88,205.95,288319
2026-03-03 17:10:00,206.02,206.2099,205.8825,206.175,223132
2026-03-03 17:15:00,206.16,206.3173,205.95,206.25,286688
2026-03-03 17:20:00,206.24,206.59,205.9258,206.57,268467
2026-03-03 17:25:00,206.57,206.705,206.3201,206.63,285020
2026-03-03 17:30:00,206.575,206.6,205.94,205.99,290965
2026-03-03 17:35:00,206.01,206.365,205.8,206.26,367837
2026-03-03 17:40:00,206.27,207.11,206.23,207.03,361003
2026-03-03 17:45:00,207.035,207.11,206.64,206.78,267329
2026-03-03 17:50:00,206.78,206.82,206.25,206.315,231939
2026-03-03 17:55:00,206.33,206.37,206.16,206.23,182651
2026-03-03 18:00:00,206.24,206.925,206.215,206.8,247413
2026-03-03 18:05:00,206.81,207.07,206.68,207.01,209397
2026-03-03 18:10:00,207.02,207.03,206.7,207.0,220864
2026-03-03 18:15:00,206.97,207.25,206.931,207.175,220024
2026-03-03 18:20:00,207.1753,207.67,207.15,207.56,333608
2026-03-03 18:25:00,207.53,207.81,207.4,207.59,249592
2026-03-03 18:30:00,207.61,208.13,207.57,208.07,317999
2026-03-03 18:35:00,208.06,208.44,207.94,208.41,322151
2026-03-03 18:40:00,208.405,208.6101,208.3,208.5,337440
2026-03-03 18:45:00,208.49,208.52,208.095,208.45,274555
2026-03-03 18:50:00,208.455,208.4929,208.01,208.11,296052
2026-03-03 18:55:00,208.1,208.45,207.97,208.26,250557
2026-03-03 19:00:00,208.28,208.45,208.14,208.29,265495
2026-03-03 19:05:00,208.31,208.4,207.7358,207.745,270603
2026-03-03 19:10:00,207.76,207.945,207.62,207.87,232028
2026-03-03 19:15:00,207.87,208.25,207.85,208.01,226735
2026-03-03 19:20:00,208.0103,208.24,207.95,207.97,254274
2026-03-03 19:25:00,207.965,208.045,207.83,207.88,202737
2026-03-03 19:30:00,207.89,208.07,207.4103,207.5,268331
2026-03-03 19:35:00,207.51,208.33,207.0,207.875,529712
2026-03-03 19:40:00,207.92,208.64,207.85,208.63,385680
2026-03-03 19:45:00,208.64,208.88,208.5,208.59,325266
2026-03-03 19:50:00,208.6,208.91,208.22,208.3901,338739
2026-03-03 19:55:00,208.38,208.6,208.16,208.59,289204
2026-03-03 20:00:00,208.53,208.88,208.4,208.72,351663
2026-03-03 20:05:00,208.73,209.09,208.57,209.0,401595
2026-03-03 20:10:00,208.999,209.095,208.585,208.633,370621
2026-03-03 20:15:00,208.61,208.84,208.39,208.45,395458
2026-03-03 20:20:00,208.48,208.6799,208.39,208.635,309528
2026-03-03 20:25:00,208.635,208.77,208.21,208.685,376747
2026-03-03 20:30:00,208.67,208.88,208.59,208.77,426743
2026-03-03 20:35:00,208.79,209.178,208.48,208.57,431614
2026-03-03 20:40:00,208.59,208.725,208.42,208.69,301011
2026-03-03 20:45:00,208.69,208.8319,208.4,208.62,429972
2026-03-03 20:50:00,208.61,208.89,208.29,208.49,738673
2026-03-03 20:55:00,208.52,208.83,208.18,208.76,2028016
2026-03-04 14:30:00,210.47,212.3,210.15,211.84,3180341
2026-03-04 14:35:00,211.83,211.93,210.85,211.1,684987
2026-03-04 14:40:00,211.09,211.74,210.6,211.1,709142
2026-03-04 14:45:00,211.05,213.22,210.86,212.66,1549707
2026-03-04 14:50:00,212.67,214.72,212.41,214.55,1402686
2026-03-04 14:55:00,214.55,214.94,213.95,214.855,1256001
2026-03-04 15:00:00,214.945,215.735,214.68,214.965,1470210
2026-03-04 15:05:00,214.96,215.12,214.39,214.88,776374
2026-03-04 15:10:00,214.87,215.025,214.0,214.49,891434
2026-03-04 15:15:00,214.51,215.84,214.42,215.725,1048088
2026-03-04 15:20:00,215.7383,216.4596,215.32,216.4596,914828
2026-03-04 15:25:00,216.4425,217.535,216.4425,217.01,1311161
2026-03-04 15:30:00,217.035,217.1,216.311,216.51,1002856
2026-03-04 15:35:00,216.53,216.8,215.9707,216.43,852584
2026-03-04 15:40:00,216.42,216.435,215.67,215.74,876023
2026-03-04 15:45:00,215.725,216.06,215.42,215.91,722166
2026-03-04 15:50:00,215.92,215.94,215.31,215.625,494593
2026-03-04 15:55:00,215.62,216.08,215.27,215.36,555822
2026-03-04 16:00:00,215.365,216.4199,215.3,216.2,535338
2026-03-04 16:05:00,216.1699,216.3892,215.96,216.13,467277
2026-03-04 16:10:00,216.08,216.255,215.66,215.7801,492066
2026-03-04 16:15:00,215.81,216.12,215.41,215.64,481343
2026-03-04 16:20:00,215.63,216.14,215.02,215.06,543457
2026-03-04 16:25:00,215.07,215.648,215.02,215.635,467485
2026-03-04 16:30:00,215.625,215.98,215.475,215.69,332297
2026-03-04 16:35:00,215.74,215.92,215.52,215.53,437698
2026-03-04 16:40:00,215.53,216.0,215.46,215.82,330229
2026-03-04 16:45:00,215.82,216.11,215.685,215.84,289846
2026-03-04 16:50:00,215.82,215.87,215.43,215.58,250247
2026-03-04 16:55:00,215.57,215.625,214.95,215.08,304717
2026-03-04 17:00:00,215.07,215.625,214.905,215.6,444599
2026-03-04 17:05:00,215.59,215.745,215.33,215.38,352931
2026-03-04 17:10:00,215.39,215.44,214.93,214.945,259538
2026-03-04 17:15:00,214.96,215.29,214.87,215.2,268415
2026-03-04 17:20:00,215.19,215.33,214.96,215.2,334025
2026-03-04 17:25:00,215.205,215.32,214.75,214.79,273871
2026-03-04 17:30:00,214.8,214.94,214.48,214.87,326332
2026-03-04 17:35:00,214.89,215.19,214.7201,215.11,317978
2026-03-04 17:40:00,215.1,215.1617,214.875,215.01,238758
2026-03-04 17:45:00,215.0399,215.28,214.99,215.07,345349
2026-03-04 17:50:00,215.085,215.61,214.95,215.39,384962
2026-03-04 17:55:00,215.41,215.67,215.3,215.58,295205
2026-03-04 18:00:00,215.6,215.78,215.38,215.43,236370
2026-03-04 18:05:00,215.44,215.68,215.3601,215.5801,161320
2026-03-04 18:10:00,215.61,215.74,215.54,215.6901,167016
2026-03-04 18:15:00,215.71,216.02,215.69,215.775,287795
2026-03-04 18:20:00,215.77,215.97,215.5602,215.86,351178
2026-03-04 18:25:00,215.85,216.09,215.785,216.0299,312518
2026-03-04 18:30:00,216.03,216.2,215.87,216.0951,519548
2026-03-04 18:35:00,216.07,216.9,216.03,216.653,989525
2026-03-04 18:40:00,216.59,216.84,216.3796,216.405,544810
2026-03-04 18:45:00,216.415,216.56,216.08,216.43,363487
2026-03-04 18:50:00,216.44,216.67,216.42,216.5,338071
2026-03-04 18:55:00,216.49,216.82,216.28,216.82,295561
2026-03-04 19:00:00,216.81,216.9,216.62,216.67,308121
2026-03-04 19:05:00,216.66,216.67,216.43,216.56,282353
2026-03-04 19:10:00,216.57,216.8399,216.4401,216.82,388811
2026-03-04 19:15:00,216.84,216.85,216.45,216.68,625669
2026-03-04 19:20:00,216.6705,216.97,216.61,216.9575,396600
2026-03-04 19:25:00,216.93,217.02,216.67,216.6899,502861
2026-03-04 19:30:00,216.68,216.755,216.32,216.44,296484
2026-03-04 19:35:00,216.43,217.08,216.43,217.08,510320
2026-03-04 19:40:00,217.06,217.07,216.45,216.525,391908
2026-03-04 19:45:00,216.51,216.85,216.42,216.8451,390799
2026-03-04 19:50:00,216.84,216.86,216.69,216.75,291468
2026-03-04 19:55:00,216.75,216.87,216.615,216.81,295564
2026-03-04 20:00:00,216.84,217.17,216.79,217.02,452453
2026-03-04 20:05:00,217.03,217.05,216.705,216.9299,492087
2026-03-04 20:10:00,216.92,216.92,216.39,216.41,478773
2026-03-04 20:15:00,216.42,216.6601,216.36,216.57,346810
2026-03-04 20:20:00,216.57,216.625,216.2,216.21,416904
2026-03-04 20:25:00,216.21,216.7248,216.195,216.69,408383
2026-03-04 20:30:00,216.7,216.84,216.67,216.76,525979
2026-03-04 20:35:00,216.76,217.24,216.75,217.22,735536
2026-03-04 20:40:00,217.21,217.41,217.035,217.4,911821
2026-03-04 20:45:00,217.39,217.47,217.28,217.345,781331
2026-03-04 20:50:00,217.345,217.345,216.57,216.89,1412469
2026-03-04 20:55:00,216.87,217.06,216.6,216.77,2439476
2026-03-05 14:30:00,215.85,218.8665,215.59,218.865,3563066
2026-03-05 14:35:00,218.84,220.0,218.64,219.78,1976292
2026-03-05 14:40:00,219.755,220.47,219.36,219.98,1732373
2026-03-05 14:45:00,219.93,219.95,218.64,218.715,1235582
2026-03-05 14:50:00,218.75,219.04,217.9,218.96,1060760
2026-03-05 14:55:00,218.9,219.39,218.3,219.26,1006464
2026-03-05 15:00:00,219.26,219.71,218.4501,218.56,1451830
2026-03-05 15:05:00,218.59,218.7564,217.732,218.08,770737
2026-03-05 15:10:00,218.1225,218.77,217.965,218.06,947519
2026-03-05 15:15:00,218.0501,218.21,217.46,217.66,653780
2026-03-05 15:20:00,217.65,217.75,216.63,216.74,750311
2026-03-05 15:25:00,216.73,216.83,216.18,216.27,740982
2026-03-05 15:30:00,216.3,216.37,215.72,215.945,939641
2026-03-05 15:35:00,215.94,216.605,215.71,216.6,805239
2026-03-05 15:40:00,216.615,217.26,216.615,216.995,597564
2026-03-05 15:45:00,217.0,217.22,216.3109,216.6,580058
2026-03-05 15:50:00,216.59,217.26,216.59,217.1,691669
2026-03-05 15:55:00,217.12,217.1899,216.5803,217.0999,623043
2026-03-05 16:00:00,217.08,217.22,216.47,216.57,422371
2026-03-05 16:05:00,216.57,216.8013,216.2,216.235,614220
2026-03-05 16:10:00,216.23,216.555,215.92,216.29,768756
2026-03-05 16:15:00,216.26,216.6188,216.13,216.24,687310
2026-03-05 16:20:00,216.225,217.19,216.225,216.8,444222
2026-03-05 16:25:00,216.78,217.17,216.66,216.75,462859
2026-03-05 16:30:00,216.77,217.76,216.77,217.4005,458430
2026-03-05 16:35:00,217.405,218.09,217.32,217.8162,432178
2026-03-05 16:40:00,217.82,217.8797,217.28,217.57,380698
2026-03-05 16:45:00,217.555,218.08,217.555,217.8,366340
2026-03-05 16:50:00,217.82,217.97,217.52,217.78,292939
2026-03-05 16:55:00,217.78,218.2,217.77,217.98,343621
2026-03-05 17:00:00,218.01,218.7299,217.8,218.72,397073
2026-03-05 17:05:00,218.71,218.84,218.265,218.27,446839
2026-03-05 17:10:00,218.26,218.575,217.96,218.25,485994
2026-03-05 17:15:00,218.255,218.27,217.87,218.07,497349
2026-03-05 17:20:00,218.075,218.21,217.76,218.121,335739
2026-03-05 17:25:00,218.13,218.275,217.52,217.5201,441053
2026-03-05 17:30:00,217.53,217.845,217.1345,217.1345,537218
2026-03-05 17:35:00,217.1575,217.89,216.955,217.65,376301
2026-03-05 17:40:00,217.68,217.94,217.41,217.6,321064
2026-03-05 17:45:00,217.59,218.08,217.5799,217.86,455376
2026-03-05 17:50:00,217.88,218.225,217.62,217.73,743831
2026-03-05 17:55:00,217.72,217.96,217.13,217.84,552421
2026-03-05 18:00:00,217.84,218.08,217.68,218.0302,412597
2026-03-05 18:05:00,217.95,218.314,217.92,218.205,387137
2026-03-05 18:10:00,218.19,218.25,217.32,218.02,535464
2026-03-05 18:15:00,218.02,218.09,217.19,217.2,407015
2026-03-05 18:20:00,217.19,217.77,217.12,217.7,472130
2026-03-05 18:25:00,217.7,217.73,216.96,217.1,397463
2026-03-05 18:30:00,217.08,217.34,216.95,217.08,364583
2026-03-05 18:35:00,217.09,217.5,216.99,217.2408,340305
2026-03-05 18:40:00,217.26,217.74,217.26,217.715,314143
2026-03-05 18:45:00,217.7,217.74,217.23,217.46,432063
2026-03-05 18:50:00,217.44,217.44,216.83,216.91,424758
2026-03-05 18:55:00,216.9258,217.54,216.9258,217.38,315664
2026-03-05 19:00:00,217.392,217.71,217.285,217.46,334807
2026-03-05 19:05:00,217.46,217.75,217.45,217.66,271031
2026-03-05 19:10:00,217.67,217.7,217.36,217.47,228021
2026-03-05 19:15:00,217.475,217.4775,217.1,217.42,393664
2026-03-05 19:20:00,217.43,217.79,217.43,217.7,360014
2026-03-05 19:25:00,217.705,217.82,217.3006,217.8,324415
2026-03-05 19:30:00,217.817,217.817,217.225,217.47,411767
2026-03-05 19:35:00,217.48,217.7,217.2406,217.28,319311
2026-03-05 19:40:00,217.28,217.86,217.2,217.86,677289
2026-03-05 19:45:00,217.8606,218.1,217.71,218.0,399335
2026-03-05 19:50:00,218.02,218.17,217.84,217.85,522521
2026-03-05 19:55:00,217.84,218.19,217.773,218.12,435506
2026-03-05 20:00:00,218.1,218.46,217.59,218.38,651815
2026-03-05 20:05:00,218.33,218.56,217.91,218.43,610073
2026-03-05 20:10:00,218.43,218.805,218.3,218.4301,709392
2026-03-05 20:15:00,218.45,218.6,218.12,218.43,506221
2026-03-05 20:20:00,218.45,219.076,218.35,219.07,589676
2026-03-05 20:25:00,219.08,219.3,218.695,218.8,1270100
2026-03-05 20:30:00,218.785,219.53,218.72,219.4866,990217
2026-03-05 20:35:00,219.49,219.73,219.43,219.485,936723
2026-03-05 20:40:00,219.49,219.4955,218.98,219.315,715102
2026-03-05 20:45:00,219.3,219.5,218.82,219.45,1118731
2026-03-05 20:50:00,219.445,219.77,219.11,219.34,1607863
2026-03-05 20:55:00,219.34,219.405,218.74,218.87,2264875
2026-03-06 14:30:00,214.99,216.71,214.99,216.2,2983921
2026-03-06 14:35:00,216.205,216.96,215.89,216.72,971061
2026-03-06 14:40:00,216.77,217.32,216.04,216.115,1020785
2026-03-06 14:45:00,216.12,216.25,215.0,215.36,1017654
2026-03-06 14:50:00,215.37,215.95,214.96,215.16,853896
2026-03-06 14:55:00,215.11,215.191,214.2,214.51,961603
2026-03-06 15:00:00,214.51,215.615,214.4401,215.59,860066
2026-03-06 15:05:00,215.6095,215.74,214.2834,214.49,726427
2026-03-06 15:10:00,214.51,215.39,214.34,215.31,635045
2026-03-06 15:15:00,215.2601,215.285,214.4501,215.05,552105
2026-03-06 15:20:00,215.06,215.73,214.95,215.49,514164
2026-03-06 15:25:00,215.49,215.49,214.925,215.1336,395604
2026-03-06 15:30:00,215.15,215.37,214.76,215.01,515325
2026-03-06 15:35:00,215.01,215.49,214.7806,215.35,488987
2026-03-06 15:40:00,215.34,215.47,214.43,214.98,452863
2026-03-06 15:45:00,214.985,215.25,214.88,215.1,470454
2026-03-06 15:50:00,215.15,215.165,214.71,215.165,617634
2026-03-06 15:55:00,215.2,216.2,215.2,216.035,598302
2026-03-06 16:00:00,216.04,216.5499,216.035,216.47,450938
2026-03-06 16:05:00,216.46,216.47,216.0,216.075,412514
2026-03-06 16:10:00,216.1,216.21,215.63,215.68,342724
2026-03-06 16:15:00,215.69,216.06,215.45,216.06,335446
2026-03-06 16:20:00,216.07,216.1065,214.656,215.1,536705
2026-03-06 16:25:00,215.11,215.235,214.82,215.05,249658
2026-03-06 16:30:00,215.0,215.165,214.78,215.0,385441
2026-03-06 16:35:00,214.95,215.95,214.91,215.86,354248
2026-03-06 16:40:00,215.9044,215.9044,215.48,215.6501,274063
2026-03-06 16:45:00,215.67,216.43,215.67,216.185,286628
2026-03-06 16:50:00,216.18,216.34,215.74,215.78,262666
2026-03-06 16:55:00,215.8,216.05,215.52,215.89,257830
2026-03-06 17:00:00,215.9,216.5,215.8,216.3301,368015
2026-03-06 17:05:00,216.34,216.3744,215.3701,215.525,444737
2026-03-06 17:10:00,215.515,215.75,215.41,215.49,346230
2026-03-06 17:15:00,215.5,215.63,215.24,215.485,317783
2026-03-06 17:20:00,215.485,215.9,215.415,215.5401,277264
2026-03-06 17:25:00,215.5817,215.61,215.0871,215.42,253179
2026-03-06 17:30:00,215.43,215.5,215.1,215.3401,191029
2026-03-06 17:35:00,215.33,215.33,214.89,215.04,299214
2026-03-06 17:40:00,215.06,215.18,214.33,214.49,380800
2026-03-06 17:45:00,214.47,214.8326,214.4255,214.745,217008
2026-03-06 17:50:00,214.75,214.83,214.27,214.3,313660
2026-03-06 17:55:00,214.32,215.09,214.27,214.615,378044
2026-03-06 18:00:00,214.61,215.0,214.54,214.57,235396
2026-03-06 18:05:00,214.598,214.94,214.51,214.6436,172945
2026-03-06 18:10:00,214.64,215.62,214.49,215.53,300912
2026-03-06 18:15:00,215.515,215.58,215.02,215.36,281565
2026-03-06 18:20:00,215.305,215.35,214.83,215.04,260558
2026-03-06 18:25:00,215.09,215.115,214.74,214.7894,980625
2026-03-06 18:30:00,214.76,215.165,214.71,215.136,266208
2026-03-06 18:35:00,215.1001,215.28,214.66,215.15,286218
2026-03-06 18:40:00,215.11,215.42,215.08,215.27,205475
2026-03-06 18:45:00,215.325,215.38,214.93,215.3,313137
2026-03-06 18:50:00,215.295,215.31,214.79,214.89,658300
2026-03-06 18:55:00,214.89,215.14,214.78,214.965,211319
2026-03-06 19:00:00,214.96,215.165,214.885,214.985,180829
2026-03-06 19:05:00,214.97,215.25,214.91,214.98,73642
2026-03-06 19:10:00,214.96,215.335,214.95,215.14,250295
2026-03-06 19:15:00,215.135,215.245,214.78,215.01,283143
2026-03-06 19:20:00,215.015,215.07,214.6,214.6699,306812
2026-03-06 19:25:00,214.685,214.765,214.4,214.6,385201
2026-03-06 19:30:00,214.6,214.7925,214.385,214.505,372668
2026-03-06 19:35:00,214.495,214.655,213.8001,213.995,550507
2026-03-06 19:40:00,214.0199,214.27,213.4208,213.43,525730
2026-03-06 19:45:00,213.43,213.59,213.22,213.36,551487
2026-03-06 19:50:00,213.359,213.83,213.23,213.8,554082
2026-03-06 19:55:00,213.81,214.03,213.73,213.86,488915
2026-03-06 20:00:00,213.87,214.3299,213.69,214.205,519970
2026-03-06 20:05:00,214.19,214.235,213.895,213.95,357398
2026-03-06 20:10:00,213.94,214.02,213.19,213.66,466109
2026-03-06 20:15:00,213.64,214.1282,213.49,213.83,467543
2026-03-06 20:20:00,213.85,213.93,213.42,213.66,493834
2026-03-06 20:25:00,213.66,213.69,213.3123,213.54,379812
2026-03-06 20:30:00,213.54,213.71,213.18,213.575,838281
2026-03-06 20:35:00,213.58,213.61,213.0701,213.53,577118
2026-03-06 20:40:00,213.54,213.99,213.34,213.74,797348
2026-03-06 20:45:00,213.73,213.9,213.6,213.82,622554
2026-03-06 20:50:00,213.82,213.9,212.535,213.1,1633020
2026-03-06 20:55:00,213.09,213.6,213.02,213.105,3897619
2026-03-09 13:30:00,210.46,212.295,210.0701,211.35,2858513
2026-03-09 13:35:00,211.35,211.535,209.7,209.8146,803000
2026-03-09 13:40:00,209.79,209.835,208.65,209.255,1133859
2026-03-09 13:45:00,209.2051,209.29,208.175,208.21,1236132
