timestamp,Open,High,Low,Close,Volume
2026-01-05 14:30:00,473.260009765625,473.55999755859375,469.510009765625,470.3200073242188,1427991
2026-01-05 14:35:00,470.3299865722656,472.1400146484375,469.8999938964844,471.30999755859375,331082
2026-01-05 14:40:00,471.3150024414063,473.2999877929688,470.9800109863281,472.82330322265625,335983
2026-01-05 14:45:00,472.7699890136719,473.0899963378906,471.2699890136719,472.0050048828125,250800
2026-01-05 14:50:00,471.9700012207031,473.1300048828125,471.6000061035156,472.3900146484375,241576
2026-01-05 14:55:00,472.3900146484375,472.7300109863281,471.8299865722656,472.55999755859375,180002
2026-01-05 15:00:00,472.5400085449219,473.2000122070313,472.0,472.9200134277344,250280
2026-01-05 15:05:00,472.9200134277344,473.30999755859375,472.5,473.1900024414063,248574
2026-01-05 15:10:00,473.2200012207031,473.4450073242188,472.3500061035156,472.9599914550781,207575
2026-01-05 15:15:00,472.9800109863281,473.3399963378906,472.4200134277344,472.9400024414063,225888
2026-01-05 15:20:00,472.9599914550781,473.25,472.41009521484375,473.2049865722656,163864
2026-01-05 15:25:00,473.2300109863281,473.2999877929688,472.7999877929688,473.0698852539063,262915
2026-01-05 15:30:00,473.0700073242188,473.30999755859375,472.8349914550781,473.0,209930
2026-01-05 15:35:00,473.0299987792969,473.05999755859375,471.9299926757813,472.0700073242188,199469
2026-01-05 15:40:00,472.0799865722656,472.7900085449219,472.0499877929688,472.0499877929688,145986
2026-01-05 15:45:00,472.010009765625,472.3900146484375,471.9200134277344,471.9849853515625,159460
2026-01-05 15:50:00,471.960205078125,472.260009765625,471.80999755859375,472.0150146484375,148545
2026-01-05 15:55:00,472.0150146484375,472.5085144042969,471.8299865722656,472.3999938964844,183592
2026-01-05 16:00:00,472.3999938964844,473.2749938964844,472.260009765625,473.17041015625,256505
2026-01-05 16:05:00,473.2000122070313,473.8399963378906,473.1000061035156,473.6950073242188,153621
2026-01-05 16:10:00,473.7000122070313,474.2999877929688,473.5700073242188,473.8599853515625,180504
2026-01-05 16:15:00,473.8599853515625,474.2000122070313,473.5400085449219,473.7799987792969,131355
2026-01-05 16:20:00,473.8049926757813,473.8399963378906,473.4200134277344,473.7362060546875,102747
2026-01-05 16:25:00,473.7200012207031,474.2900085449219,473.5,474.1799926757813,166813
2026-01-05 16:30:00,474.1600036621094,475.1400146484375,474.12689208984375,475.0499877929688,260999
2026-01-05 16:35:00,475.0205993652344,475.5096130371094,474.8500061035156,475.3699951171875,144502
2026-01-05 16:40:00,475.3699951171875,475.3900146484375,474.7999877929688,475.0549926757813,110153
2026-01-05 16:45:00,475.052490234375,475.2799987792969,474.8699951171875,475.0899963378906,81953
2026-01-05 16:50:00,475.1099853515625,475.2999877929688,474.7449951171875,474.7950134277344,114494
2026-01-05 16:55:00,474.7950134277344,475.1099853515625,474.5700073242188,475.0799865722656,100785
2026-01-05 17:00:00,475.0799865722656,475.7699890136719,474.9750061035156,475.7699890136719,139691
2026-01-05 17:05:00,475.760009765625,475.8250122070313,475.489990234375,475.6600036621094,145294
2026-01-05 17:10:00,475.6400146484375,476.0528869628906,475.3999938964844,475.9100036621094,147059
2026-01-05 17:15:00,475.9100036621094,475.9400024414063,475.3299865722656,475.6099853515625,138159
2026-01-05 17:20:00,475.6199951171875,475.639892578125,475.0,475.0700073242188,101526
2026-01-05 17:25:00,475.0750122070313,475.489990234375,474.9599914550781,475.3999938964844,96643
2026-01-05 17:30:00,475.4049987792969,475.5350036621094,475.1950073242188,475.3299865722656,90479
2026-01-05 17:35:00,475.3200073242188,475.8424987792969,475.3049926757813,475.75,88932
2026-01-05 17:40:00,475.7349853515625,475.7749938964844,475.5,475.7099914550781,119355
2026-01-05 17:45:00,475.7200012207031,475.9599914550781,475.5396118164063,475.875,115481
2026-01-05 17:50:00,475.8699951171875,475.9100036621094,475.2200012207031,475.3299865722656,120908
2026-01-05 17:55:00,475.3500061035156,475.4500122070313,474.7099914550781,474.739990234375,129797
2026-01-05 18:00:00,474.739990234375,474.8500061035156,474.3900146484375,474.7900085449219,136258
2026-01-05 18:05:00,474.8399963378906,474.8500061035156,473.7999877929688,473.9800109863281,165655
2026-01-05 18:10:00,474.0,474.489990234375,473.739990234375,474.2850036621094,144611
2026-01-05 18:15:00,474.2626037597656,474.2900085449219,473.9100036621094,474.2009887695313,99804
2026-01-05 18:20:00,474.2099914550781,474.6600036621094,474.1000061035156,474.6300048828125,108407
2026-01-05 18:25:00,474.6300048828125,474.8450012207031,474.489990234375,474.8250122070313,75000
2026-01-05 18:30:00,474.8299865722656,475.2449951171875,474.739990234375,475.1199951171875,88199
2026-01-05 18:35:00,475.1199951171875,475.2900085449219,474.8150024414063,475.010009765625,81771
2026-01-05 18:40:00,475.0150146484375,475.1400146484375,474.989990234375,475.0450134277344,98221
2026-01-05 18:45:00,475.05999755859375,475.3999938964844,474.989990234375,475.18499755859375,120424
2026-01-05 18:50:00,475.1700134277344,475.1700134277344,474.75,474.9100036621094,82214
2026-01-05 18:55:00,474.8900146484375,475.1000061035156,474.739990234375,475.0299987792969,97614
2026-01-05 19:00:00,475.0499877929688,475.25,474.8800048828125,475.1700134277344,107449
2026-01-05 19:05:00,475.1700134277344,475.5199890136719,474.9200134277344,475.5111083984375,125793
2026-01-05 19:10:00,475.5299987792969,475.9200134277344,475.3599853515625,475.7449951171875,86029
2026-01-05 19:15:00,475.7442932128906,475.7699890136719,475.5,475.5150146484375,107825
2026-01-05 19:20:00,475.5150146484375,475.5899963378906,474.8599853515625,474.9299926757813,136959
2026-01-05 19:25:00,474.9299926757813,474.9670104980469,474.5700073242188,474.7200012207031,109574
2026-01-05 19:30:00,474.6900024414063,474.8500061035156,474.4500122070313,474.4949951171875,98397
2026-01-05 19:35:00,474.4949951171875,474.4949951171875,473.8599853515625,473.9103088378906,144594
2026-01-05 19:40:00,473.9100036621094,474.0849914550781,473.5350036621094,474.0549926757813,108212
2026-01-05 19:45:00,474.0549926757813,474.2799987792969,473.8900146484375,473.8999938964844,119508
2026-01-05 19:50:00,473.9100036621094,473.9100036621094,473.5700073242188,473.6400146484375,118129
2026-01-05 19:55:00,473.64459228515625,474.0199890136719,473.4750061035156,473.9700012207031,86871
2026-01-05 20:00:00,473.9500122070313,474.1700134277344,473.75,473.989990234375,110020
2026-01-05 20:05:00,473.989990234375,474.0899963378906,473.6449890136719,473.9750061035156,122717
2026-01-05 20:10:00,473.93499755859375,473.989990234375,473.7200012207031,473.8200073242188,246150
2026-01-05 20:15:00,473.8349914550781,473.9498901367188,473.5450134277344,473.5799865722656,107994
2026-01-05 20:20:00,473.5700073242188,473.7591857910156,473.5199890136719,473.6749877929688,90031
2026-01-05 20:25:00,473.6796875,473.7999877929688,473.3999938964844,473.7049865722656,162957
2026-01-05 20:30:00,473.7124938964844,474.2300109863281,473.6600036621094,474.0799865722656,173595
2026-01-05 20:35:00,474.0799865722656,474.5,474.0,474.1499938964844,176706
2026-01-05 20:40:00,474.135009765625,474.1799926757813,473.340087890625,473.3800048828125,257890
2026-01-05 20:45:00,473.3800048828125,473.55999755859375,473.0799865722656,473.2799987792969,189570
2026-01-05 20:50:00,473.2799987792969,473.4200134277344,472.2900085449219,472.510009765625,452449
2026-01-05 20:55:00,472.5299987792969,472.9200134277344,472.0400085449219,472.9200134277344,649185
2026-01-06 14:30:00,473.75,473.9500122070313,472.3999938964844,473.0201110839844,653431
2026-01-06 14:35:00,473.0700073242188,473.3800048828125,471.25,472.010009765625,214429
2026-01-06 14:40:00,472.0400085449219,472.1099853515625,470.8699951171875,470.9299926757813,150361
2026-01-06 14:45:00,471.7674865722656,473.2099914550781,471.6650085449219,473.0,334776
2026-01-06 14:50:00,473.0,473.4299926757813,472.4100036621094,472.7349853515625,139318
2026-01-06 14:55:00,472.7214965820313,472.7699890136719,471.3999938964844,471.6050109863281,177833
2026-01-06 15:00:00,471.5700073242188,471.6499938964844,470.8001098632813,471.260009765625,319086
2026-01-06 15:05:00,471.2149963378906,471.5199890136719,470.3500061035156,470.4375,253533
2026-01-06 15:10:00,470.4200134277344,470.8399963378906,469.75,470.3599853515625,327106
2026-01-06 15:15:00,470.3200073242188,470.75,470.239990234375,470.5249938964844,143323
2026-01-06 15:20:00,470.5032958984375,471.6600036621094,470.4299926757813,471.5400085449219,160629
2026-01-06 15:25:00,471.6000061035156,472.0697021484375,471.5299987792969,471.6950073242188,171362
2026-01-06 15:30:00,471.6700134277344,472.1000061035156,471.5799865722656,471.8949890136719,174462
2026-01-06 15:35:00,471.9299926757813,472.6449890136719,471.860107421875,472.5450134277344,172930
2026-01-06 15:40:00,472.0700073242188,472.1000061035156,471.7001037597656,471.7255859375,139876
2026-01-06 15:45:00,471.6099853515625,472.5769958496094,471.6000061035156,472.4299926757813,163419
2026-01-06 15:50:00,472.3800048828125,472.4581909179688,471.9299926757813,472.0,68589
2026-01-06 15:55:00,472.0899963378906,472.3200073242188,471.7999877929688,472.18499755859375,134145
2026-01-06 16:00:00,472.1700134277344,472.3598937988281,471.9201049804688,471.989990234375,106238
2026-01-06 16:05:00,471.6199951171875,472.17291259765625,471.5199890136719,472.17291259765625,117534
2026-01-06 16:10:00,472.1900024414063,472.239990234375,472.0199890136719,472.0950012207031,98840
2026-01-06 16:15:00,472.1050109863281,472.1494140625,471.8699951171875,472.0450134277344,79554
2026-01-06 16:20:00,472.3753051757813,472.4798889160156,472.2850036621094,472.4419860839844,134318
2026-01-06 16:25:00,472.2361145019531,472.30999755859375,472.110107421875,472.2149963378906,86826
2026-01-06 16:30:00,472.2149963378906,472.2409973144531,472.0899963378906,472.2206115722656,68046
2026-01-06 16:35:00,472.1449890136719,472.1600036621094,471.6499938964844,471.8800964355469,105002
2026-01-06 16:40:00,471.8500061035156,471.8500061035156,471.8450012207031,471.8469848632813,324
2026-01-06 16:50:00,471.8800048828125,471.8999938964844,471.5899963378906,471.6449890136719,219289
2026-01-06 16:55:00,471.5750122070313,471.6086120605469,471.1199951171875,471.1896057128906,51760
2026-01-06 17:00:00,471.2250061035156,471.3167114257813,471.1199951171875,471.2900085449219,90604
2026-01-06 17:05:00,471.4500122070313,471.9299926757813,471.43499755859375,471.875,92895
2026-01-06 17:10:00,471.9200134277344,472.0899963378906,471.8949890136719,472.0400085449219,74400
2026-01-06 17:15:00,472.0400085449219,472.7398986816406,471.989990234375,472.6199951171875,81019
2026-01-06 17:20:00,472.760009765625,472.96820068359375,472.610107421875,472.8699951171875,102161
2026-01-06 17:25:00,472.8949890136719,473.1199951171875,472.6700134277344,472.7200012207031,108825
2026-01-06 17:30:00,472.75,473.3999938964844,472.7300109863281,473.3999938964844,99524
2026-01-06 17:35:00,473.4049987792969,474.5,473.3800048828125,474.3399963378906,192437
2026-01-06 17:40:00,474.35101318359375,475.5700073242188,474.340087890625,475.239990234375,223125
2026-01-06 17:45:00,475.239990234375,475.3599853515625,475.0499877929688,475.1000061035156,120976
2026-01-06 17:50:00,475.0249938964844,475.489990234375,475.010009765625,475.375,117185
2026-01-06 17:55:00,475.6549987792969,475.739990234375,475.5400085449219,475.6008911132813,153162
2026-01-06 18:00:00,475.6199951171875,475.625,475.4500122070313,475.5715026855469,63046
2026-01-06 18:05:00,475.1199951171875,475.1824951171875,474.6000061035156,474.7999877929688,121670
2026-01-06 18:10:00,474.7999877929688,474.8399963378906,474.489990234375,474.5899963378906,84211
2026-01-06 18:15:00,474.625,475.0899963378906,474.5700073242188,474.80419921875,69682
2026-01-06 18:20:00,474.8450012207031,474.8900146484375,474.6700134277344,474.67620849609375,60205
2026-01-06 18:25:00,474.3900146484375,474.4599914550781,474.1300048828125,474.1749877929688,86710
2026-01-06 18:30:00,474.0499877929688,474.5700073242188,474.0105895996094,474.4150085449219,129850
2026-01-06 18:35:00,474.4400024414063,474.8599853515625,474.4150085449219,474.8049926757813,78476
2026-01-06 18:40:00,474.8399963378906,475.2300109863281,474.5501098632813,475.1900024414063,71335
2026-01-06 18:45:00,475.2300109863281,476.239990234375,475.2000122070313,476.1600036621094,102909
2026-01-06 18:50:00,476.0899963378906,476.1825866699219,475.8599853515625,475.9649963378906,75580
2026-01-06 18:55:00,476.0450134277344,476.3599853515625,475.8999938964844,476.2000122070313,117268
2026-01-06 19:00:00,476.260009765625,476.3599853515625,475.55999755859375,475.5600891113281,103700
2026-01-06 19:05:00,475.5679931640625,476.2749938964844,475.5400085449219,476.1701049804688,87858
2026-01-06 19:10:00,476.2799987792969,476.4700012207031,476.2799987792969,476.38580322265625,64532
2026-01-06 19:15:00,476.635009765625,476.7999877929688,476.4100036621094,476.7908020019531,107503
2026-01-06 19:20:00,476.7799987792969,476.7799987792969,476.4400024414063,476.5499877929688,81100
2026-01-06 19:25:00,476.55999755859375,476.9812927246094,476.5199890136719,476.8500061035156,72271
2026-01-06 19:30:00,476.4299926757813,476.4500122070313,476.1799926757813,476.239990234375,65650
2026-01-06 19:35:00,476.3739929199219,476.5425109863281,476.2999877929688,476.5199890136719,105693
2026-01-06 19:40:00,476.5299987792969,476.6650085449219,476.4100036621094,476.4549865722656,74530
2026-01-06 19:45:00,476.4599914550781,476.6700134277344,476.4400024414063,476.5,90320
2026-01-06 19:50:00,476.7196960449219,476.9500122070313,476.6500854492188,476.9400024414063,59804
2026-01-06 19:55:00,476.8900146484375,476.9100036621094,476.739990234375,476.8299865722656,132908
2026-01-06 20:00:00,476.8399963378906,476.8399963378906,476.5199890136719,476.5450134277344,80023
2026-01-06 20:05:00,476.5700073242188,476.5750122070313,476.2799987792969,476.3949890136719,74741
2026-01-06 20:10:00,476.3900146484375,476.7200012207031,476.3599853515625,476.7149963378906,61165
2026-01-06 20:15:00,476.9912109375,477.510009765625,476.989990234375,477.4754028320313,158023
2026-01-06 20:20:00,477.7200012207031,477.8385009765625,477.4500122070313,477.510986328125,181801
2026-01-06 20:25:00,477.2349853515625,477.4800109863281,477.1083068847656,477.2000122070313,117358
2026-01-06 20:30:00,477.1570129394531,477.3200073242188,476.9200134277344,477.010009765625,100532
2026-01-06 20:35:00,477.0299987792969,477.2200012207031,476.8699951171875,477.2200012207031,21746
2026-01-06 20:40:00,477.3299865722656,477.8150024414063,477.260009765625,477.7449951171875,212183
2026-01-06 20:45:00,477.6900024414063,477.7200012207031,477.489990234375,477.5899963378906,113397
2026-01-06 20:50:00,477.7300109863281,478.1499938964844,477.3599853515625,477.9599914550781,336012
2026-01-06 20:55:00,477.9599914550781,478.4800109863281,477.864990234375,478.0700073242188,107558
2026-01-07 14:30:00,479.55999755859375,482.7699890136719,477.9500122070313,482.7699890136719,995311
2026-01-07 14:35:00,482.7699890136719,483.7999877929688,481.8800048828125,483.2550048828125,495484
2026-01-07 14:40:00,483.2196960449219,485.1199951171875,482.8399963378906,483.95599365234375,446272
2026-01-07 14:45:00,483.9549865722656,484.760009765625,483.2900085449219,483.3550109863281,299696
2026-01-07 14:50:00,483.3550109863281,484.1000061035156,483.2000122070313,483.3500061035156,179675
2026-01-07 14:55:00,483.3500061035156,483.9299926757813,483.260009765625,483.6600036621094,156780
2026-01-07 15:00:00,483.6799926757813,483.8200073242188,482.4201049804688,482.8200073242188,205149
2026-01-07 15:05:00,482.8550109863281,483.510009765625,482.5,483.3150024414063,156465
2026-01-07 15:10:00,483.3500061035156,484.1000061035156,483.1700134277344,483.7550048828125,211313
2026-01-07 15:15:00,483.8049926757813,484.1600036621094,483.0799865722656,484.0700073242188,170419
2026-01-07 15:20:00,484.0700073242188,484.1000061035156,482.760009765625,482.864990234375,227654
2026-01-07 15:25:00,482.9100036621094,483.6000061035156,482.7749938964844,483.4100036621094,112009
2026-01-07 15:30:00,483.3800048828125,484.6900024414063,483.3599853515625,484.6799926757813,154125
2026-01-07 15:35:00,484.6799926757813,486.4500122070313,484.6799926757813,486.4400024414063,390707
2026-01-07 15:40:00,486.4400024414063,486.8999938964844,485.7200012207031,486.385009765625,334845
2026-01-07 15:45:00,486.3599853515625,487.3699951171875,486.2799987792969,486.7900085449219,214196
2026-01-07 15:50:00,486.8150024414063,487.3999938964844,486.6199951171875,486.8399963378906,146334
2026-01-07 15:55:00,486.80999755859375,487.7300109863281,486.55999755859375,487.7149963378906,147306
2026-01-07 16:00:00,487.739990234375,489.6994934082031,487.7377014160156,489.6499938964844,304601
2026-01-07 16:05:00,489.6099853515625,489.6799926757813,489.3299865722656,489.5350036621094,3985227
2026-01-07 16:10:00,488.760009765625,488.7959899902344,488.6199951171875,488.6400146484375,0
2026-01-07 16:15:00,488.6400146484375,489.010009765625,488.3800048828125,488.7300109863281,167079
2026-01-07 16:20:00,488.7598876953125,488.7598876953125,487.9241027832031,488.05999755859375,187574
2026-01-07 16:25:00,488.0549926757813,488.1600036621094,487.5799865722656,487.7300109863281,155445
2026-01-07 16:30:00,487.7300109863281,487.7699890136719,486.8999938964844,486.9249877929688,149728
2026-01-07 16:35:00,486.9400024414063,487.2174987792969,486.7999877929688,486.9049987792969,110627
2026-01-07 16:40:00,486.9100036621094,487.80999755859375,486.9049987792969,487.4700012207031,176200
2026-01-07 16:45:00,487.4500122070313,488.389892578125,487.30999755859375,487.9599914550781,158479
2026-01-07 16:50:00,487.9700012207031,488.260009765625,487.7200012207031,487.89691162109375,88509
2026-01-07 16:55:00,487.9400024414063,488.0498962402344,487.6499938964844,487.8800048828125,82781
2026-01-07 17:00:00,487.8500061035156,488.0799865722656,487.6199951171875,487.8750915527344,113618
2026-01-07 17:05:00,487.8750915527344,488.6400146484375,487.7999877929688,488.3999938964844,151233
2026-01-07 17:10:00,488.4100036621094,488.75,488.1700134277344,488.4631958007813,109756
2026-01-07 17:15:00,488.4457092285156,488.80999755859375,488.1701049804688,488.510009765625,150712
2026-01-07 17:20:00,488.5,488.5950012207031,487.7799987792969,487.8250122070313,149187
2026-01-07 17:25:00,487.8399963378906,488.239990234375,487.5700073242188,488.2300109863281,97124
2026-01-07 17:30:00,488.1900024414063,488.2900085449219,487.6600036621094,487.9299926757813,136921
2026-01-07 17:35:00,487.9400024414063,488.8599853515625,487.8100891113281,488.5350036621094,102982
2026-01-07 17:40:00,488.5299987792969,488.93499755859375,488.385009765625,488.8749084472656,85379
2026-01-07 17:45:00,488.9800109863281,489.1650085449219,488.7000122070313,488.81201171875,120124
2026-01-07 17:50:00,488.8150024414063,488.8150024414063,488.1900024414063,488.4367065429688,121053
2026-01-07 17:55:00,488.43499755859375,488.9999084472656,488.3599853515625,488.8699951171875,110100
2026-01-07 18:00:00,488.8699951171875,488.9400024414063,488.3901062011719,488.55999755859375,111285
2026-01-07 18:05:00,488.5199890136719,488.6900024414063,488.3100891113281,488.3949890136719,89878
2026-01-07 18:10:00,488.3949890136719,488.4200134277344,488.0,488.3500061035156,67860
2026-01-07 18:15:00,488.3550109863281,488.5,487.9500122070313,488.3500061035156,89712
2026-01-07 18:20:00,488.3399963378906,488.6300048828125,488.1600036621094,488.6300048828125,77987
2026-01-07 18:25:00,488.6499938964844,488.7099914550781,488.1700134277344,488.3200988769531,82390
2026-01-07 18:30:00,488.3599853515625,488.5799865722656,488.2099914550781,488.5499877929688,95165
2026-01-07 18:35:00,488.5400085449219,488.5700073242188,488.2301025390625,488.3399963378906,76262
2026-01-07 18:40:00,488.3599853515625,488.5799865722656,488.3200073242188,488.4100036621094,86053
2026-01-07 18:45:00,488.4200134277344,488.8500061035156,488.2999877929688,488.7160949707031,111143
2026-01-07 18:50:00,488.7099914550781,488.75,487.9500122070313,488.1199951171875,102712
2026-01-07 18:55:00,488.1000061035156,488.1499938964844,487.5400085449219,487.5799865722656,81113
2026-01-07 19:00:00,487.606689453125,487.606689453125,486.6900024414063,486.7900085449219,93947
2026-01-07 19:05:00,486.80999755859375,486.8699951171875,486.3399963378906,486.625,111212
2026-01-07 19:10:00,486.6199951171875,486.6700134277344,485.7900085449219,485.9299926757813,120865
2026-01-07 19:15:00,485.9450073242188,485.9700012207031,485.3599853515625,485.7799987792969,116232
2026-01-07 19:20:00,485.739990234375,485.8800048828125,485.260009765625,485.3522033691406,79760
2026-01-07 19:25:00,485.364990234375,485.5299987792969,485.2001037597656,485.489990234375,81895
2026-01-07 19:30:00,485.4800109863281,485.5,485.2200012207031,485.4049987792969,72388
2026-01-07 19:35:00,485.4049987792969,485.5,485.1099853515625,485.260009765625,76550
2026-01-07 19:40:00,485.2560119628906,485.364990234375,484.9100036621094,485.1700134277344,87177
2026-01-07 19:45:00,485.1899108886719,485.4800109863281,485.1700134277344,485.3829956054688,80575
2026-01-07 19:50:00,485.3995056152344,485.4100036621094,485.0450134277344,485.30999755859375,65546
2026-01-07 19:55:00,485.3299865722656,485.3924865722656,484.9599914550781,484.9849853515625,66017
2026-01-07 20:00:00,485.0,485.215087890625,484.75,484.8005065917969,81906
2026-01-07 20:05:00,484.8299865722656,485.0400085449219,484.7000122070313,484.8450012207031,60427
2026-01-07 20:10:00,484.8377990722656,484.8599853515625,484.1400146484375,484.3500061035156,93206
2026-01-07 20:15:00,484.3500061035156,484.8219909667969,484.1950073242188,484.3900146484375,114275
2026-01-07 20:20:00,484.3900146484375,484.8099060058594,484.3500061035156,484.6600036621094,132830
2026-01-07 20:25:00,484.6900024414063,484.909912109375,484.4049987792969,484.55999755859375,99336
2026-01-07 20:30:00,484.5199890136719,484.55999755859375,484.1499938964844,484.35009765625,135816
2026-01-07 20:35:00,484.3699951171875,484.3699951171875,483.5199890136719,483.885009765625,125518
2026-01-07 20:40:00,483.8699951171875,484.1400146484375,483.75,483.9450073242188,166717
2026-01-07 20:45:00,483.9599914550781,484.0799865722656,483.7999877929688,483.9100036621094,148306
2026-01-07 20:50:00,483.9200134277344,483.9400024414063,483.3699951171875,483.510009765625,283292
2026-01-07 20:55:00,483.5249938964844,483.7200012207031,483.0199890136719,483.4700012207031,645431
2026-01-08 14:30:00,482.25,482.6600036621094,480.5,480.9137878417969,616944
2026-01-08 14:35:00,480.9949951171875,481.7099914550781,478.8599853515625,478.9299926757813,213427
2026-01-08 14:40:00,478.9299926757813,478.9299926757813,476.1099853515625,476.55999755859375,323407
2026-01-08 14:45:00,476.0,478.510009765625,475.8599853515625,478.1300048828125,280466
2026-01-08 14:50:00,478.0950012207031,479.0899963378906,477.8399963378906,478.3550109863281,169995
2026-01-08 14:55:00,478.2799987792969,478.6900024414063,477.5,477.9599914550781,217628
2026-01-08 15:00:00,477.8900146484375,478.1799926757813,477.4400024414063,478.0299987792969,199303
2026-01-08 15:05:00,478.05999755859375,479.489990234375,477.7999877929688,478.989990234375,174569
2026-01-08 15:10:00,478.9599914550781,479.3800048828125,478.2401123046875,478.4100036621094,131097
2026-01-08 15:15:00,478.3999938964844,479.0299987792969,478.2300109863281,478.55999755859375,148691
2026-01-08 15:20:00,478.5450134277344,479.0798950195313,478.2999877929688,478.9200134277344,74613
2026-01-08 15:25:00,478.9295043945313,478.989990234375,478.3699951171875,478.6000061035156,84633
2026-01-08 15:30:00,478.5400085449219,478.5899963378906,477.6799926757813,478.068603515625,116116
2026-01-08 15:35:00,478.0700073242188,478.1499938964844,477.3399963378906,477.5050048828125,108530
2026-01-08 15:40:00,477.5299987792969,478.7300109863281,477.3800048828125,478.30999755859375,136813
2026-01-08 15:45:00,478.2900085449219,478.4200134277344,477.3299865722656,477.8800048828125,143121
2026-01-08 15:50:00,477.8999938964844,478.1795043945313,477.4700012207031,477.5950012207031,129032
2026-01-08 15:55:00,477.5899963378906,478.260009765625,477.4500122070313,478.0199890136719,106635
2026-01-08 16:00:00,478.0249938964844,478.1867980957031,477.55999755859375,478.1449890136719,91109
2026-01-08 16:05:00,478.1549987792969,478.5299987792969,477.3900146484375,477.4599914550781,111170
2026-01-08 16:10:00,477.4800109863281,478.0799865722656,477.3800048828125,477.4450073242188,83595
2026-01-08 16:15:00,477.4500122070313,477.75,477.0264892578125,477.75,94281
2026-01-08 16:20:00,477.7799987792969,478.30999755859375,477.7300109863281,477.7699890136719,96390
2026-01-08 16:25:00,477.80999755859375,478.0700073242188,477.5,477.5899963378906,86251
2026-01-08 16:30:00,477.5899963378906,477.6499938964844,477.1799926757813,477.3599853515625,94229
2026-01-08 16:35:00,477.30999755859375,477.30999755859375,476.4750061035156,477.1700134277344,120327
2026-01-08 16:40:00,477.2049865722656,477.7699890136719,477.1650085449219,477.5499877929688,85270
2026-01-08 16:45:00,477.5700073242188,478.0899963378906,477.5,477.8399963378906,102333
2026-01-08 16:50:00,477.8599853515625,478.0849914550781,477.5199890136719,478.0682067871094,112153
2026-01-08 16:55:00,478.0450134277344,478.7124938964844,478.0,478.68499755859375,77021
2026-01-08 17:00:00,478.7099914550781,478.7999877929688,478.1199951171875,478.1700134277344,63397
2026-01-08 17:05:00,478.1668090820313,478.3699951171875,478.0,478.0499877929688,53419
2026-01-08 17:10:00,478.0499877929688,478.3999938964844,477.9299926757813,478.3599853515625,54227
2026-01-08 17:15:00,478.3299865722656,478.8799133300781,478.2999877929688,478.83929443359375,74615
2026-01-08 17:20:00,478.7900085449219,478.9500122070313,477.9599914550781,478.0,63230
2026-01-08 17:25:00,478.0098876953125,478.0098876953125,477.55999755859375,477.6050109863281,65144
2026-01-08 17:30:00,477.5899963378906,478.1839904785156,477.5400085449219,478.0849914550781,67306
2026-01-08 17:35:00,478.1449890136719,478.260009765625,478.0400085449219,478.1549987792969,62550
2026-01-08 17:40:00,478.1549987792969,478.239990234375,477.6449890136719,477.6499938964844,63062
2026-01-08 17:45:00,477.6700134277344,478.4999084472656,477.5899963378906,478.3900146484375,80965
2026-01-08 17:50:00,478.3900146484375,478.8200073242188,478.3900146484375,478.7250061035156,59385
2026-01-08 17:55:00,478.7250061035156,478.7250061035156,478.1499938964844,478.1900024414063,73744
2026-01-08 18:00:00,478.2000122070313,478.3399963378906,477.80999755859375,477.9500122070313,71187
2026-01-08 18:05:00,477.9200134277344,477.9498901367188,477.2701110839844,477.5,82507
2026-01-08 18:10:00,477.5165100097656,477.5165100097656,477.1000061035156,477.1749877929688,62649
2026-01-08 18:15:00,477.1749877929688,477.7000122070313,477.05999755859375,477.6749877929688,68064
2026-01-08 18:20:00,477.7000122070313,477.7799987792969,477.2300109863281,477.340087890625,56022
2026-01-08 18:25:00,477.3999938964844,477.6400146484375,477.1694030761719,477.5849914550781,62928
2026-01-08 18:30:00,477.55999755859375,477.7149963378906,477.4350891113281,477.5596923828125,59668
2026-01-08 18:35:00,477.6000061035156,477.9800109863281,477.5899963378906,477.7449951171875,46496
2026-01-08 18:40:00,477.7300109863281,477.8099060058594,477.5299987792969,477.5700073242188,40546
2026-01-08 18:45:00,477.5899963378906,477.9500122070313,477.5499877929688,477.8699951171875,49283
2026-01-08 18:50:00,477.8699951171875,477.8900146484375,477.3299865722656,477.4461975097656,66397
2026-01-08 18:55:00,477.4400024414063,477.5050964355469,477.1300048828125,477.135986328125,64216
2026-01-08 19:00:00,477.1199951171875,477.260009765625,476.9599914550781,477.1317138671875,54703
2026-01-08 19:05:00,477.1000061035156,477.3699951171875,477.0799865722656,477.1900024414063,51262
2026-01-08 19:10:00,477.21490478515625,477.2200012207031,476.3699951171875,476.489990234375,78278
2026-01-08 19:15:00,476.489990234375,476.8699951171875,476.1099853515625,476.85540771484375,99443
2026-01-08 19:20:00,476.8501892089844,477.2749938964844,476.7999877929688,477.0199890136719,90936
2026-01-08 19:25:00,477.0,477.0498962402344,476.7300109863281,476.7950134277344,59351
2026-01-08 19:30:00,476.7918090820313,476.8900146484375,476.54010009765625,476.5799865722656,67031
2026-01-08 19:35:00,476.5700073242188,476.625,476.25,476.3362121582031,91534
2026-01-08 19:40:00,476.3403930664063,476.4599914550781,476.1600036621094,476.3049926757813,75365
2026-01-08 19:45:00,476.2699890136719,476.4700012207031,476.0799865722656,476.2300109863281,61460
2026-01-08 19:50:00,476.2300109863281,476.6098937988281,476.1700134277344,476.4849853515625,55034
2026-01-08 19:55:00,476.4599914550781,476.5799865722656,476.0899963378906,476.5549926757813,107106
2026-01-08 20:00:00,476.5400085449219,476.9390869140625,476.4599914550781,476.8500061035156,86566
2026-01-08 20:05:00,476.8369140625,477.0,476.6199951171875,476.9299926757813,88794
2026-01-08 20:10:00,476.9447937011719,477.7200012207031,476.9200134277344,477.6549987792969,133525
2026-01-08 20:15:00,477.6600036621094,477.7900085449219,477.4100036621094,477.5400085449219,96015
2026-01-08 20:20:00,477.5299987792969,477.6799926757813,477.3699951171875,477.6000061035156,89753
2026-01-08 20:25:00,477.6004028320313,478.3399963378906,477.6004028320313,478.260009765625,112765
2026-01-08 20:30:00,478.239990234375,478.4299926757813,478.0,478.4049987792969,95773
2026-01-08 20:35:00,478.4049987792969,478.8599853515625,477.9100036621094,477.95159912109375,104414
2026-01-08 20:40:00,477.9299926757813,478.0,477.5,477.8900146484375,109500
2026-01-08 20:45:00,477.8999938964844,478.2099914550781,477.6900024414063,478.1199951171875,111087
2026-01-08 20:50:00,478.1199951171875,478.8299865722656,478.1000061035156,478.2200012207031,250105
2026-01-08 20:55:00,478.2000122070313,478.4200134277344,477.9200134277344,478.0400085449219,601017
2026-01-09 14:30:00,476.0,476.1499938964844,474.0,474.4700012207031,932121
2026-01-09 14:35:00,474.375,476.1698913574219,474.2200012207031,475.2000122070313,300900
2026-01-09 14:40:00,475.2699890136719,476.3399963378906,474.7799987792969,475.4602966308594,201881
2026-01-09 14:45:00,475.4049987792969,475.6799926757813,472.5,472.9949951171875,287929
2026-01-09 14:50:00,472.99749755859375,473.7000122070313,472.2001037597656,472.9200134277344,348681
2026-01-09 14:55:00,472.8599853515625,473.2900085449219,472.4400024414063,472.8949890136719,218532
2026-01-09 15:00:00,472.8399963378906,473.7900085449219,472.2200012207031,473.6449890136719,240268
2026-01-09 15:05:00,473.6199951171875,473.7999877929688,472.5799865722656,473.3049926757813,148027
2026-01-09 15:10:00,473.25,474.5199890136719,473.1900024414063,474.4599914550781,223528
2026-01-09 15:15:00,474.48089599609375,475.0,474.1199951171875,474.8550109863281,173678
2026-01-09 15:20:00,474.8800048828125,475.75,474.5499877929688,475.489990234375,133289
2026-01-09 15:25:00,475.3999938964844,476.1700134277344,475.2799987792969,475.7799987792969,178515
2026-01-09 15:30:00,475.7799987792969,476.6485900878906,475.4599914550781,476.2349853515625,161443
2026-01-09 15:35:00,476.3200073242188,476.5700073242188,476.1300048828125,476.1650085449219,406542
2026-01-09 15:40:00,476.1400146484375,476.1400146484375,474.5299987792969,474.6499938964844,122727
2026-01-09 15:45:00,474.5700073242188,475.135009765625,474.3800048828125,474.6199951171875,103479
2026-01-09 15:50:00,474.6099853515625,474.9299926757813,474.05999755859375,474.0899963378906,104710
2026-01-09 15:55:00,474.1199951171875,474.2000122070313,473.6300964355469,473.9500122070313,158316
2026-01-09 16:00:00,473.9800109863281,474.6700134277344,473.9299926757813,474.4649963378906,133319
2026-01-09 16:05:00,474.4700012207031,475.14990234375,474.4400024414063,475.0199890136719,112835
2026-01-09 16:10:00,475.0199890136719,476.2398986816406,474.7799987792969,476.0,148514
2026-01-09 16:15:00,476.0400085449219,476.2999877929688,475.8599853515625,476.25,94330
2026-01-09 16:20:00,476.25,476.75,476.0450134277344,476.5350036621094,102285
2026-01-09 16:25:00,476.5,476.7000122070313,476.3200073242188,476.4700012207031,70557
2026-01-09 16:30:00,476.4800109863281,476.6099853515625,476.2000122070313,476.4150085449219,94218
2026-01-09 16:35:00,476.4450073242188,476.8999938964844,476.1199951171875,476.8599853515625,124658
2026-01-09 16:40:00,476.8450012207031,477.18499755859375,476.6401062011719,476.8999938964844,78106
2026-01-09 16:45:00,476.9200134277344,477.3399963378906,476.8699951171875,477.18499755859375,66134
2026-01-09 16:50:00,477.1716918945313,477.80999755859375,477.1499938964844,477.6600036621094,96478
2026-01-09 16:55:00,477.6950073242188,478.0199890136719,477.6549987792969,477.8599853515625,103671
2026-01-09 17:00:00,477.864990234375,477.9699096679688,477.489990234375,477.9299926757813,79123
2026-01-09 17:05:00,477.947509765625,478.1000061035156,477.4200134277344,477.6000061035156,115583
2026-01-09 17:10:00,477.6000061035156,477.7706909179688,477.3299865722656,477.739990234375,63247
2026-01-09 17:15:00,477.7475891113281,477.7475891113281,477.0,477.0899963378906,75927
2026-01-09 17:20:00,477.05999755859375,477.489990234375,477.0549926757813,477.364990234375,66120
2026-01-09 17:25:00,477.3699951171875,477.6499938964844,477.3200073242188,477.5499877929688,65869
2026-01-09 17:30:00,477.5400085449219,477.8200073242188,477.2000122070313,477.760009765625,89639
2026-01-09 17:35:00,477.7550048828125,477.7550048828125,477.2999877929688,477.385009765625,61909
2026-01-09 17:40:00,477.385009765625,477.4200134277344,476.8200073242188,476.9599914550781,79913
2026-01-09 17:45:00,476.9500122070313,477.3949890136719,476.9200134277344,477.2699890136719,68582
2026-01-09 17:50:00,477.2699890136719,477.5224914550781,477.1499938964844,477.1950988769531,60941
2026-01-09 17:55:00,477.1701049804688,477.2900085449219,476.9400024414063,476.9500122070313,68197
2026-01-09 18:00:00,476.9599914550781,477.0700073242188,476.6799926757813,476.6900024414063,99056
2026-01-09 18:05:00,476.7099914550781,477.125,476.1549987792969,476.260009765625,73583
2026-01-09 18:10:00,476.2799987792969,476.4200134277344,476.0400085449219,476.1099853515625,110591
2026-01-09 18:15:00,476.1199951171875,476.3949890136719,475.9700012207031,476.0700073242188,70191
2026-01-09 18:20:00,476.1000061035156,476.4800109863281,475.875,476.3900146484375,64242
2026-01-09 18:25:00,476.3999938964844,476.8900146484375,476.3500061035156,476.8500061035156,58518
2026-01-09 18:30:00,476.80999755859375,477.3089904785156,476.7850036621094,477.1221923828125,79989
2026-01-09 18:35:00,477.0899963378906,477.8599853515625,477.0700073242188,477.7049865722656,70573
2026-01-09 18:40:00,477.7300109863281,478.0799865722656,477.6499938964844,477.6900024414063,83441
2026-01-09 18:45:00,477.6900024414063,478.1300048828125,477.5400085449219,478.05999755859375,55016
2026-01-09 18:50:00,478.05999755859375,478.8900146484375,477.9700927734375,478.7612915039063,184154
2026-01-09 18:55:00,478.760009765625,479.260009765625,478.6900024414063,478.989990234375,101597
2026-01-09 19:00:00,478.9700012207031,479.0400085449219,478.6700134277344,478.739990234375,67076
2026-01-09 19:05:00,478.7250061035156,478.739990234375,478.41009521484375,478.5700073242188,74436
2026-01-09 19:10:00,478.5650024414063,478.7349853515625,478.3999938964844,478.3999938964844,59762
2026-01-09 19:15:00,478.3999938964844,478.5799865722656,478.3500061035156,478.4700012207031,52836
2026-01-09 19:20:00,478.4800109863281,478.6650085449219,478.4599914550781,478.510009765625,49725
2026-01-09 19:25:00,478.5400085449219,478.6400146484375,478.3500061035156,478.4450073242188,67068
2026-01-09 19:30:00,478.4800109863281,478.5498962402344,478.260009765625,478.5498962402344,65335
2026-01-09 19:35:00,478.5050048828125,478.9500122070313,478.4700012207031,478.8550109863281,61339
2026-01-09 19:40:00,478.8799133300781,478.9500122070313,478.6300048828125,478.6700134277344,74094
2026-01-09 19:45:00,478.6799926757813,479.0700073242188,478.5700073242188,478.7300109863281,66318
2026-01-09 19:50:00,478.7300109863281,479.2550048828125,478.7300109863281,478.9450073242188,116854
2026-01-09 19:55:00,478.9400024414063,479.0,478.68499755859375,478.7950134277344,90098
2026-01-09 20:00:00,478.7799987792969,478.8550109863281,478.5299987792969,478.5950012207031,56086
2026-01-09 20:05:00,478.6099853515625,478.8900146484375,478.5799865722656,478.8599853515625,61450
2026-01-09 20:10:00,478.8599853515625,479.1499938964844,478.8599853515625,479.0700073242188,72523
2026-01-09 20:15:00,479.051513671875,479.4200134277344,479.0299987792969,479.2999877929688,82507
2026-01-09 20:20:00,479.2999877929688,479.6000061035156,479.1900024414063,479.4949951171875,78043
2026-01-09 20:25:00,479.4949951171875,479.6900024414063,479.41009521484375,479.5799865722656,103686
2026-01-09 20:30:00,479.55999755859375,479.739990234375,479.3500061035156,479.6749877929688,133510
2026-01-09 20:35:00,479.6600036621094,479.739990234375,479.5750122070313,479.6400146484375,122284
2026-01-09 20:40:00,479.6700134277344,479.8200073242188,479.5299987792969,479.6400146484375,107523
2026-01-09 20:45:00,479.6400146484375,479.7900085449219,479.3299865722656,479.3999938964844,105097
2026-01-09 20:50:00,479.4100036621094,479.4249877929688,478.8900146484375,479.1300048828125,194001
2026-01-09 20:55:00,479.1199951171875,479.5799865722656,478.8999938964844,479.2000122070313,415455
2026-01-12 14:30:00,476.6700134277344,480.1600036621094,475.6802978515625,479.9700012207031,1680016
2026-01-12 14:35:00,480.1400146484375,480.8800048828125,479.1400146484375,480.0700073242188,214781
2026-01-12 14:40:00,480.0168151855469,480.0675048828125,478.8299865722656,479.3699951171875,176872
2026-01-12 14:45:00,479.3900146484375,480.837890625,478.93499755859375,480.6000061035156,172045
2026-01-12 14:50:00,480.6000061035156,480.9599914550781,479.5700988769531,479.5700988769531,112580
2026-01-12 14:55:00,479.6449890136719,480.2749938964844,479.5700073242188,479.9800109863281,109163
2026-01-12 15:00:00,479.9200134277344,480.0499877929688,478.7799987792969,479.3049926757813,122763
2026-01-12 15:05:00,479.2699890136719,479.989990234375,479.2134094238281,479.5650024414063,105474
2026-01-12 15:10:00,479.5400085449219,480.0700073242188,479.3299865722656,479.8399963378906,96791
2026-01-12 15:15:00,479.7999877929688,479.8500061035156,479.0499877929688,479.2200012207031,113335
2026-01-12 15:20:00,479.1600036621094,479.3200073242188,478.8299865722656,478.8500061035156,117768
2026-01-12 15:25:00,478.8699951171875,479.1749877929688,478.260009765625,478.5740966796875,140192
2026-01-12 15:30:00,478.5813903808594,479.1900024414063,478.5317077636719,478.9949951171875,97555
2026-01-12 15:35:00,478.9949951171875,479.4791870117188,478.8599853515625,479.0799865722656,109269
2026-01-12 15:40:00,479.0754089355469,479.2550048828125,478.4400024414063,478.5775146484375,91902
2026-01-12 15:45:00,478.55999755859375,478.7000122070313,478.05999755859375,478.6199951171875,90214
2026-01-12 15:50:00,478.6499938964844,478.9223937988281,478.5000915527344,478.7000122070313,75342
2026-01-12 15:55:00,478.7000122070313,479.1799926757813,478.6199951171875,479.1400146484375,94487
2026-01-12 16:00:00,479.1300048828125,479.27880859375,478.8175048828125,479.1050109863281,85535
2026-01-12 16:05:00,479.1000061035156,479.4800109863281,479.05999755859375,479.302001953125,115754
2026-01-12 16:10:00,479.3049926757813,479.4599914550781,479.010009765625,479.4599914550781,104929
2026-01-12 16:15:00,479.4299926757813,479.5899963378906,479.25,479.5474853515625,82916
2026-01-12 16:20:00,479.55999755859375,479.7200012207031,479.2699890136719,479.3949890136719,104299
2026-01-12 16:25:00,479.3999938964844,479.5299987792969,478.6799926757813,478.7856140136719,88407
2026-01-12 16:30:00,478.7799987792969,479.1697082519531,478.7699890136719,478.9249877929688,68519
2026-01-12 16:35:00,478.9700012207031,479.1300048828125,478.739990234375,478.93499755859375,64630
2026-01-12 16:40:00,478.9299926757813,479.05999755859375,478.7000122070313,478.760009765625,55589
2026-01-12 16:45:00,478.7650146484375,479.0,478.5799865722656,478.75,173111
2026-01-12 16:50:00,478.739990234375,478.8800048828125,478.4200134277344,478.5499877929688,84283
2026-01-12 16:55:00,478.5350036621094,479.2000122070313,478.5107116699219,478.864990234375,78989
2026-01-12 17:00:00,478.87249755859375,479.8500061035156,478.7000122070313,479.6900024414063,77226
2026-01-12 17:05:00,479.6900024414063,479.7799987792969,479.18499755859375,479.260498046875,82429
2026-01-12 17:10:00,479.260009765625,479.6380004882813,479.1099853515625,479.5050048828125,125241
2026-01-12 17:15:00,479.4299926757813,479.6000061035156,478.5799865722656,478.6698913574219,78791
2026-01-12 17:20:00,478.6300048828125,478.75,478.260009765625,478.2999877929688,81961
2026-01-12 17:25:00,478.260009765625,478.489990234375,478.1199951171875,478.4599914550781,88806
2026-01-12 17:30:00,478.4599914550781,478.56201171875,478.0,478.114990234375,99473
2026-01-12 17:35:00,478.090087890625,478.2699890136719,477.9700012207031,478.260009765625,58462
2026-01-12 17:40:00,478.2799987792969,478.5499877929688,478.2012939453125,478.5,55420
2026-01-12 17:45:00,478.5299987792969,478.6499938964844,478.3500061035156,478.6000061035156,60950
2026-01-12 17:50:00,478.6000061035156,478.6000061035156,478.2000122070313,478.3624877929688,64060
2026-01-12 17:55:00,478.3500061035156,478.6099853515625,478.1199951171875,478.2099914550781,76945
2026-01-12 18:00:00,478.2099914550781,478.2499084472656,478.0799865722656,478.2000122070313,52194
2026-01-12 18:05:00,478.2300109863281,478.55999755859375,478.2300109863281,478.4299926757813,65558
2026-01-12 18:10:00,478.4299926757813,478.4949951171875,478.0899963378906,478.489990234375,70375
2026-01-12 18:15:00,478.4800109863281,478.75,478.4468078613281,478.5299987792969,52898
2026-01-12 18:20:00,478.5400085449219,478.8875122070313,478.5075073242188,478.7999877929688,47889
2026-01-12 18:25:00,478.80999755859375,478.8156127929688,478.5,478.5299987792969,65584
2026-01-12 18:30:00,478.510009765625,478.5650024414063,478.3299865722656,478.3464050292969,55577
2026-01-12 18:35:00,478.3299865722656,478.3507995605469,478.1400146484375,478.1700134277344,60509
2026-01-12 18:40:00,478.1749877929688,478.3082885742188,477.9599914550781,478.0199890136719,73988
2026-01-12 18:45:00,478.0425109863281,478.3200073242188,477.8699951171875,478.2283935546875,73536
2026-01-12 18:50:00,478.1900024414063,478.3900146484375,478.1000061035156,478.1449890136719,72820
2026-01-12 18:55:00,478.1474914550781,478.2799987792969,478.05999755859375,478.1000061035156,88330
2026-01-12 19:00:00,478.1099853515625,478.2200012207031,477.8800048828125,477.9849853515625,93812
2026-01-12 19:05:00,477.9700012207031,478.375,477.8800048828125,478.375,62979
2026-01-12 19:10:00,478.3900146484375,478.6662902832031,478.30999755859375,478.55999755859375,83481
2026-01-12 19:15:00,478.5715942382813,479.0150146484375,478.5499877929688,478.9649963378906,77954
2026-01-12 19:20:00,479.0199890136719,479.1499938964844,478.9500122070313,479.05999755859375,74378
2026-01-12 19:25:00,479.08880615234375,479.2900085449219,478.9599914550781,479.1400146484375,86168
2026-01-12 19:30:00,479.1499938964844,479.539306640625,479.0499877929688,479.5,72723
2026-01-12 19:35:00,479.5150146484375,479.6799926757813,479.4299926757813,479.5,74182
2026-01-12 19:40:00,479.51220703125,479.5559997558594,479.3609008789063,479.4201965332031,68431
2026-01-12 19:45:00,479.4299926757813,479.7099914550781,479.3801879882813,479.7099914550781,72907
2026-01-12 19:50:00,479.7049865722656,479.8500061035156,479.5499877929688,479.5549926757813,72103
2026-01-12 19:55:00,479.5299987792969,479.8699951171875,479.4800109863281,479.7999877929688,79583
2026-01-12 20:00:00,479.7900085449219,479.8999938964844,479.4849853515625,479.5549926757813,84353
2026-01-12 20:05:00,479.5400085449219,480.2499084472656,479.5,480.1000061035156,180400
2026-01-12 20:10:00,480.0799865722656,480.6600036621094,480.0299987792969,480.2300109863281,129330
2026-01-12 20:15:00,480.239990234375,480.318603515625,480.05999755859375,480.0950012207031,119171
2026-01-12 20:20:00,480.0899963378906,480.2049865722656,479.5199890136719,479.5499877929688,133302
2026-01-12 20:25:00,479.5199890136719,479.6199951171875,479.2000122070313,479.239990234375,106211
2026-01-12 20:30:00,479.2300109863281,479.2300109863281,478.489990234375,478.739990234375,142645
2026-01-12 20:35:00,478.6900024414063,478.8900146484375,478.5400085449219,478.6950073242188,150820
2026-01-12 20:40:00,478.6900024414063,478.7799987792969,478.3599853515625,478.3999938964844,151130
2026-01-12 20:45:00,478.4100036621094,478.6698913574219,478.3800048828125,478.5299987792969,144121
2026-01-12 20:50:00,478.5199890136719,478.5199890136719,477.2999877929688,477.7099914550781,384134
2026-01-12 20:55:00,477.7099914550781,477.7200012207031,476.7000122070313,477.1900024414063,738239
2026-01-13 14:30:00,474.6749877929688,474.8500061035156,473.05999755859375,474.489990234375,967958
2026-01-13 14:35:00,474.4800109863281,475.7200012207031,474.3200073242188,475.1700134277344,280110
2026-01-13 14:40:00,475.2099914550781,475.760009765625,473.3599853515625,473.5950012207031,247909
2026-01-13 14:45:00,473.5950012207031,473.9498901367188,472.5199890136719,473.0,327083
2026-01-13 14:50:00,473.0299987792969,473.4100036621094,472.0,472.8800048828125,291649
2026-01-13 14:55:00,472.885009765625,473.0499877929688,472.5199890136719,472.9649963378906,167998
2026-01-13 15:00:00,472.9400024414063,473.5549926757813,472.2300109863281,473.5000915527344,269009
2026-01-13 15:05:00,473.5,473.65240478515625,472.6199951171875,472.7900085449219,175059
2026-01-13 15:10:00,472.8125,473.0499877929688,471.9299926757813,472.0350036621094,284035
2026-01-13 15:15:00,472.0499877929688,472.05999755859375,469.7999877929688,470.2850036621094,492802
2026-01-13 15:20:00,470.2999877929688,470.3299865722656,468.5,468.6449890136719,379944
2026-01-13 15:25:00,468.6700134277344,468.6700134277344,467.6099853515625,468.239990234375,355751
2026-01-13 15:30:00,468.239990234375,468.2699890136719,467.0700073242188,467.6000061035156,442964
2026-01-13 15:35:00,467.614990234375,468.260009765625,466.4200134277344,466.4200134277344,436094
2026-01-13 15:40:00,466.4200134277344,466.9483947753906,465.9500122070313,466.4299926757813,367901
2026-01-13 15:45:00,466.4100036621094,467.4500122070313,466.3200073242188,466.989990234375,303419
2026-01-13 15:50:00,466.9500122070313,468.3299865722656,466.9500122070313,468.30999755859375,292606
2026-01-13 15:55:00,468.2699890136719,468.7650146484375,467.8800048828125,468.3699951171875,227918
2026-01-13 16:00:00,468.3900146484375,468.5801086425781,468.1099853515625,468.1950073242188,205650
2026-01-13 16:05:00,468.2200012207031,468.7000122070313,467.9599914550781,468.1000061035156,144758
2026-01-13 16:10:00,468.1000061035156,468.6900024414063,467.9400939941406,468.5400085449219,133725
2026-01-13 16:15:00,468.5549926757813,468.9700012207031,468.2799987792969,468.7250061035156,244198
2026-01-13 16:20:00,468.6900024414063,468.9399108886719,468.3800048828125,468.7999877929688,130191
2026-01-13 16:25:00,468.7999877929688,468.9175109863281,468.0499877929688,468.739990234375,188685
2026-01-13 16:30:00,468.739990234375,469.4500122070313,468.3900146484375,469.2699890136719,158199
2026-01-13 16:35:00,469.2998962402344,469.80999755859375,469.16009521484375,469.2200012207031,143807
2026-01-13 16:40:00,469.2349853515625,469.9299926757813,469.0400085449219,469.8999938964844,113158
2026-01-13 16:45:00,469.9200134277344,470.0899963378906,469.510009765625,469.8900146484375,128633
2026-01-13 16:50:00,469.885009765625,470.6950073242188,469.8081970214844,470.6950073242188,118628
2026-01-13 16:55:00,470.6998901367188,470.885009765625,470.5199890136719,470.5499877929688,184979
2026-01-13 17:00:00,470.55999755859375,471.1300048828125,470.4200134277344,471.1300048828125,116494
2026-01-13 17:05:00,471.1000061035156,471.2200012207031,470.2099914550781,470.5,158801
2026-01-13 17:10:00,470.510009765625,470.5849914550781,469.8200073242188,469.8500061035156,139410
2026-01-13 17:15:00,469.8324890136719,469.8399963378906,468.6499938964844,468.9500122070313,138549
2026-01-13 17:20:00,468.9551086425781,469.93499755859375,468.66009521484375,469.8500061035156,122505
2026-01-13 17:25:00,469.8505859375,469.8505859375,469.4200134277344,469.7099914550781,76234
2026-01-13 17:30:00,469.739990234375,469.9599914550781,468.9200134277344,469.760009765625,97345
2026-01-13 17:35:00,469.75,470.08990478515625,469.5499877929688,469.739990234375,92870
2026-01-13 17:40:00,469.7000122070313,469.7694091796875,468.5799865722656,468.6900024414063,118959
2026-01-13 17:45:00,468.6799926757813,469.1499938964844,468.364990234375,469.1199951171875,138140
2026-01-13 17:50:00,469.1400146484375,469.1600036621094,468.2900085449219,468.4739990234375,88046
2026-01-13 17:55:00,468.4898986816406,468.489990234375,467.6199951171875,467.6900024414063,172666
2026-01-13 18:00:00,467.70361328125,467.7898864746094,467.2999877929688,467.6400146484375,136773
2026-01-13 18:05:00,467.635009765625,468.2099914550781,467.5849914550781,467.7650146484375,127019
2026-01-13 18:10:00,467.75,468.7000122070313,467.610107421875,468.7000122070313,121323
2026-01-13 18:15:00,468.7200012207031,468.7384948730469,468.340087890625,468.4700012207031,79655
2026-01-13 18:20:00,468.4500122070313,468.739990234375,467.8900146484375,468.6050109863281,111239
2026-01-13 18:25:00,468.6068115234375,468.7900085449219,468.3900146484375,468.7099914550781,170239
2026-01-13 18:30:00,468.6900024414063,468.9800109863281,468.3399963378906,468.4750061035156,104340
2026-01-13 18:35:00,468.4949951171875,468.6098937988281,468.2200012207031,468.4500122070313,71144
2026-01-13 18:40:00,468.4240112304688,468.4450073242188,467.7200012207031,467.7799072265625,105545
2026-01-13 18:45:00,467.75,467.9200134277344,467.5899963378906,467.6799926757813,102028
2026-01-13 18:50:00,467.7049865722656,467.8250122070313,467.4000854492188,467.625,82730
2026-01-13 18:55:00,467.625,467.7149963378906,467.2000122070313,467.3500061035156,85309
2026-01-13 19:00:00,467.3500061035156,467.55999755859375,466.8804931640625,467.0,155250
2026-01-13 19:05:00,466.9800109863281,467.0299987792969,466.1700134277344,466.38970947265625,279477
2026-01-13 19:10:00,466.375,466.489990234375,465.989990234375,466.2250061035156,191680
2026-01-13 19:15:00,466.25,466.7799987792969,466.1900024414063,466.6300048828125,159347
2026-01-13 19:20:00,466.6491088867188,466.989990234375,466.5199890136719,466.7249145507813,143185
2026-01-13 19:25:00,466.7330017089844,466.8699951171875,466.4200134277344,466.8399963378906,132038
2026-01-13 19:30:00,466.7999877929688,467.3500061035156,466.75,467.1199951171875,180470
2026-01-13 19:35:00,467.1058044433594,467.3399963378906,467.0,467.239990234375,139148
2026-01-13 19:40:00,467.2449951171875,467.4500122070313,466.9400024414063,466.9500122070313,136226
2026-01-13 19:45:00,466.9599914550781,467.05999755859375,466.3999938964844,466.4700012207031,114022
2026-01-13 19:50:00,466.4800109863281,467.1600036621094,466.4249877929688,467.0849914550781,80067
2026-01-13 19:55:00,467.1099853515625,467.4200134277344,466.6000061035156,467.1781005859375,135210
2026-01-13 20:00:00,467.1900024414063,467.9825134277344,467.1300048828125,467.9049987792969,226970
2026-01-13 20:05:00,467.9005126953125,468.2825012207031,467.4400024414063,467.7349853515625,173847
2026-01-13 20:10:00,467.7300109863281,468.0199890136719,467.5849914550781,467.5849914550781,208663
2026-01-13 20:15:00,467.55999755859375,468.2250061035156,467.55999755859375,468.114990234375,181823
2026-01-13 20:20:00,468.114990234375,468.3450012207031,467.8229064941406,468.2300109863281,162450
2026-01-13 20:25:00,468.2300109863281,468.3999938964844,468.0,468.239990234375,154789
2026-01-13 20:30:00,468.239990234375,468.239990234375,467.4249877929688,467.6099853515625,120895
2026-01-13 20:35:00,467.6099853515625,467.989990234375,467.5248107910156,467.7799987792969,106793
2026-01-13 20:40:00,467.7799987792969,468.3200073242188,467.6499938964844,468.2799987792969,140956
2026-01-13 20:45:00,468.2900085449219,468.5400085449219,468.1300048828125,468.2099914550781,171875
2026-01-13 20:50:00,468.1700134277344,470.0,468.0499877929688,470.0,440464
2026-01-13 20:55:00,470.0,471.0,469.7850036621094,470.7200012207031,1222705
2026-01-14 14:30:00,467.3349914550781,468.1700134277344,466.0300903320313,467.6950073242188,1024330
2026-01-14 14:35:00,467.7200012207031,467.9949951171875,466.1568908691406,466.3200073242188,241997
2026-01-14 14:40:00,466.239990234375,466.2900085449219,463.9299926757813,464.2349853515625,492350
2026-01-14 14:45:00,464.25,465.25,464.1000061035156,464.6700134277344,252378
2026-01-14 14:50:00,464.6900024414063,465.4299011230469,464.0499877929688,465.2200927734375,249823
2026-01-14 14:55:00,465.18499755859375,465.4500122070313,464.25,464.4299926757813,219380
2026-01-14 15:00:00,464.4450073242188,464.4800109863281,463.2000122070313,464.260009765625,281531
2026-01-14 15:05:00,464.2749938964844,464.55999755859375,463.3900146484375,464.2049865722656,188599
2026-01-14 15:10:00,464.2300109863281,465.2900085449219,463.2999877929688,465.1629943847656,327808
2026-01-14 15:15:00,465.1000061035156,466.1596984863281,464.9599914550781,465.5899963378906,156136
2026-01-14 15:20:00,465.5650024414063,466.0249938964844,465.0750122070313,465.385009765625,129128
2026-01-14 15:25:00,465.3999938964844,465.6300048828125,464.6499938964844,464.6925048828125,141846
2026-01-14 15:30:00,464.6799926757813,464.6799926757813,463.6799926757813,464.0,194718
2026-01-14 15:35:00,464.0,464.9200134277344,463.9700012207031,464.55999755859375,143016
2026-01-14 15:40:00,464.6600036621094,465.1099853515625,463.0299987792969,463.2349853515625,191432
2026-01-14 15:45:00,463.1700134277344,463.489990234375,461.8999938964844,462.18499755859375,289657
2026-01-14 15:50:00,462.1600036621094,462.510009765625,461.7300109863281,462.1749877929688,166395
2026-01-14 15:55:00,462.1900024414063,462.39990234375,461.1900024414063,461.7900085449219,199248
2026-01-14 16:00:00,461.7999877929688,462.6099853515625,461.7000122070313,462.6099853515625,141706
2026-01-14 16:05:00,462.6000061035156,462.7000122070313,461.7300109863281,461.91009521484375,160168
2026-01-14 16:10:00,461.9314880371094,462.3399963378906,461.760009765625,462.0750122070313,143938
2026-01-14 16:15:00,462.1098937988281,462.5,462.0,462.4700012207031,131878
2026-01-14 16:20:00,462.4504089355469,463.5,462.2511901855469,463.3999938964844,165915
2026-01-14 16:25:00,463.4399108886719,464.2099914550781,463.2999877929688,463.9049987792969,195420
2026-01-14 16:30:00,463.9299926757813,464.2916870117188,463.2300109863281,463.4299011230469,122943
2026-01-14 16:35:00,463.3699951171875,463.3699951171875,462.55999755859375,463.0700073242188,162777
2026-01-14 16:40:00,463.0050048828125,463.010009765625,462.41009521484375,462.8049926757813,116714
2026-01-14 16:45:00,462.80999755859375,462.80999755859375,462.0499877929688,462.0700073242188,123106
2026-01-14 16:50:00,462.0799865722656,462.1499938964844,461.25,461.6199951171875,185336
2026-01-14 16:55:00,461.6200866699219,461.760009765625,461.4200134277344,461.6400146484375,136414
2026-01-14 17:00:00,461.625,461.9200134277344,461.260009765625,461.3599853515625,138636
2026-01-14 17:05:00,461.385009765625,461.9500122070313,461.3399963378906,461.8699951171875,111326
2026-01-14 17:10:00,461.8900146484375,462.1000061035156,461.7000122070313,461.9949951171875,115924
2026-01-14 17:15:00,461.9949951171875,462.0199890136719,460.7800903320313,460.9649963378906,175140
2026-01-14 17:20:00,461.0400085449219,461.5299987792969,460.7300109863281,461.3999938964844,165446
2026-01-14 17:25:00,461.435302734375,461.9400024414063,461.2300109863281,461.6199951171875,146031
2026-01-14 17:30:00,461.5899963378906,461.760009765625,460.8200988769531,461.1400146484375,164975
2026-01-14 17:35:00,461.2000122070313,461.5025024414063,461.0899963378906,461.4100036621094,84188
2026-01-14 17:40:00,461.4115905761719,461.7200012207031,461.0400085449219,461.6684875488281,124967
2026-01-14 17:45:00,461.6799926757813,462.5150146484375,461.6199951171875,462.0499877929688,126129
2026-01-14 17:50:00,462.0499877929688,462.0499877929688,460.760009765625,461.0899963378906,133615
2026-01-14 17:55:00,461.0849914550781,461.2699890136719,460.760009765625,460.7999877929688,189900
2026-01-14 18:00:00,460.7799987792969,461.3900146484375,460.6799926757813,461.2000122070313,136203
2026-01-14 18:05:00,461.2000122070313,461.25,460.9249877929688,461.1300048828125,102763
2026-01-14 18:10:00,461.1449890136719,461.25,460.6799926757813,460.6799926757813,138561
2026-01-14 18:15:00,460.7099914550781,460.889892578125,460.3900146484375,460.7799987792969,143353
2026-01-14 18:20:00,460.7900085449219,461.1400146484375,460.25,460.4100036621094,165067
2026-01-14 18:25:00,460.4100036621094,460.7550048828125,460.2699890136719,460.5799865722656,121652
2026-01-14 18:30:00,460.5907897949219,460.7398986816406,459.25,459.5400085449219,306914
2026-01-14 18:35:00,459.5199890136719,459.64990234375,458.1000061035156,458.239990234375,245898
2026-01-14 18:40:00,458.25,459.3599853515625,458.2200012207031,459.3500061035156,193313
2026-01-14 18:45:00,459.3880004882813,459.5,458.75,459.010009765625,136844
2026-01-14 18:50:00,459.0499877929688,459.7999877929688,459.010009765625,459.614990234375,98656
2026-01-14 18:55:00,459.5799865722656,459.9299926757813,459.30999755859375,459.7900085449219,148933
2026-01-14 19:00:00,459.7699890136719,460.0230102539063,459.4599914550781,459.635009765625,225884
2026-01-14 19:05:00,459.635009765625,459.6507873535156,459.25,459.489990234375,92033
2026-01-14 19:10:00,459.4500122070313,460.0299987792969,459.34869384765625,459.4649963378906,149678
2026-01-14 19:15:00,459.4649963378906,459.6400146484375,459.10101318359375,459.3399963378906,99765
2026-01-14 19:20:00,459.3800048828125,459.439208984375,458.7999877929688,459.0400085449219,143619
2026-01-14 19:25:00,459.0199890136719,459.0899963378906,458.6000061035156,458.8299865722656,139763
2026-01-14 19:30:00,458.8699951171875,459.0199890136719,458.3999938964844,458.4500122070313,170552
2026-01-14 19:35:00,458.4700012207031,458.5799865722656,458.2300109863281,458.4133911132813,143967
2026-01-14 19:40:00,458.3999938964844,458.7200012207031,458.2999877929688,458.4798889160156,147987
2026-01-14 19:45:00,458.4400024414063,458.5899963378906,458.0400085449219,458.2049865722656,182685
2026-01-14 19:50:00,458.1900024414063,458.30999755859375,457.8999938964844,458.0304870605469,183181
2026-01-14 19:55:00,458.0549926757813,458.1099853515625,457.6400146484375,457.7699890136719,174077
2026-01-14 20:00:00,457.760009765625,458.55999755859375,457.1701049804688,458.3699951171875,271593
2026-01-14 20:05:00,458.3699951171875,458.9700012207031,458.25,458.3951110839844,282992
2026-01-14 20:10:00,458.39990234375,458.39990234375,457.6564025878906,457.7098083496094,235958
2026-01-14 20:15:00,457.7149963378906,458.0799865722656,457.4299926757813,458.0,195103
2026-01-14 20:20:00,458.0,458.4450073242188,457.9200134277344,458.3599853515625,154106
2026-01-14 20:25:00,458.3699035644531,458.3800048828125,458.0,458.3049926757813,193549
2026-01-14 20:30:00,458.2900085449219,458.8699951171875,458.1600036621094,458.7275085449219,319867
2026-01-14 20:35:00,458.7200012207031,459.4898986816406,458.6700134277344,459.2999877929688,319575
2026-01-14 20:40:00,459.2999877929688,459.4150085449219,458.3200073242188,458.3399963378906,260823
2026-01-14 20:45:00,458.3599853515625,458.4599914550781,457.9100036621094,458.2999877929688,275702
2026-01-14 20:50:00,458.3500061035156,458.8900146484375,457.75,458.8900146484375,560699
2026-01-14 20:55:00,458.8900146484375,459.8599853515625,458.8399963378906,459.3800048828125,1414322
2026-01-15 14:30:00,462.6449890136719,462.8424987792969,460.6000061035156,461.1500854492188,1425034
2026-01-15 14:35:00,461.2099914550781,461.8500061035156,459.0799865722656,459.9197998046875,378401
2026-01-15 14:40:00,459.9200134277344,460.2749938964844,459.2099914550781,459.9200134277344,407439
2026-01-15 14:45:00,459.8900146484375,460.4400024414063,458.3299865722656,458.9299926757813,406536
2026-01-15 14:50:00,458.9150085449219,459.55999755859375,457.8999938964844,459.4639892578125,441602
2026-01-15 14:55:00,459.4500122070313,459.80999755859375,458.7611083984375,458.9100036621094,296998
2026-01-15 15:00:00,458.9299926757813,459.4775085449219,458.75,459.2149963378906,148381
2026-01-15 15:05:00,459.1600036621094,459.3599853515625,458.1300048828125,458.5299987792969,228507
2026-01-15 15:10:00,458.5700073242188,459.2900085449219,458.0499877929688,458.9501037597656,227253
2026-01-15 15:15:00,458.9200134277344,459.3999938964844,458.5199890136719,459.0278015136719,199503
2026-01-15 15:20:00,459.0199890136719,459.75,458.635009765625,459.5950012207031,210033
2026-01-15 15:25:00,459.5700988769531,459.6700134277344,458.7710876464844,458.8399963378906,162794
2026-01-15 15:30:00,458.8349914550781,460.0400085449219,458.7850036621094,459.9800109863281,152717
2026-01-15 15:35:00,459.9100036621094,460.5199890136719,459.7799987792969,460.0929870605469,151556
2026-01-15 15:40:00,460.1300048828125,460.3399963378906,458.739990234375,458.7999877929688,213464
2026-01-15 15:45:00,458.7999877929688,458.91900634765625,457.5700073242188,457.6449890136719,361018
2026-01-15 15:50:00,457.6400146484375,458.3399963378906,457.5299987792969,458.2900085449219,168823
2026-01-15 15:55:00,458.2900085449219,459.489990234375,457.8399963378906,459.4599914550781,195818
2026-01-15 16:00:00,459.4400024414063,460.05999755859375,459.1600036621094,459.9299926757813,147710
2026-01-15 16:05:00,459.9200134277344,460.5700073242188,459.8900146484375,460.1799926757813,156693
2026-01-15 16:10:00,460.1700134277344,460.4700012207031,459.989990234375,460.4400024414063,147096
2026-01-15 16:15:00,460.4500122070313,460.9299926757813,460.2999877929688,460.8049926757813,149709
2026-01-15 16:20:00,460.8049926757813,460.8900146484375,460.3200073242188,460.5,174916
2026-01-15 16:25:00,460.4800109863281,460.5499877929688,459.9500122070313,460.0499877929688,109548
2026-01-15 16:30:00,460.0199890136719,460.3999938964844,459.8240051269531,459.8699951171875,105132
2026-01-15 16:35:00,459.8699951171875,460.2300109863281,459.6600036621094,460.0899963378906,124463
2026-01-15 16:40:00,460.05999755859375,460.6300048828125,459.9700012207031,460.6000061035156,77463
2026-01-15 16:45:00,460.5499877929688,460.8299865722656,460.2900085449219,460.75299072265625,99143
2026-01-15 16:50:00,460.7799987792969,460.9549865722656,460.4200134277344,460.5700073242188,91438
2026-01-15 16:55:00,460.5700073242188,460.7695007324219,460.39459228515625,460.625,100986
2026-01-15 17:00:00,460.6499938964844,461.2869873046875,460.4700012207031,461.17041015625,99083
2026-01-15 17:05:00,461.1700134277344,461.3799133300781,461.1000061035156,461.25,76551
2026-01-15 17:10:00,461.25,461.3800048828125,461.0199890136719,461.1199951171875,77721
2026-01-15 17:15:00,461.1799926757813,461.1799926757813,460.5450134277344,460.8150024414063,83067
2026-01-15 17:20:00,460.8049926757813,460.9500122070313,460.4200134277344,460.5299987792969,61284
2026-01-15 17:25:00,460.510009765625,460.5400085449219,459.80999755859375,459.9800109863281,82020
2026-01-15 17:30:00,459.9543151855469,460.0400085449219,459.510009765625,459.6199951171875,86191
2026-01-15 17:35:00,459.6799926757813,459.9800109863281,459.510009765625,459.7200012207031,126296
2026-01-15 17:40:00,459.7000122070313,459.8198852539063,459.510009765625,459.5899963378906,131877
2026-01-15 17:45:00,459.5400085449219,460.1099853515625,459.5,459.9849853515625,121991
2026-01-15 17:50:00,459.9700012207031,460.159912109375,459.68499755859375,459.739990234375,88603
2026-01-15 17:55:00,459.7561950683594,459.8299865722656,459.1499938964844,459.1748962402344,91469
2026-01-15 18:00:00,459.1499938964844,459.6900024414063,459.0700073242188,459.6400146484375,80213
2026-01-15 18:05:00,459.635009765625,460.1698913574219,459.5400085449219,460.05999755859375,64197
2026-01-15 18:10:00,460.0299987792969,460.2000122070313,459.3299865722656,459.5350036621094,81789
2026-01-15 18:15:00,459.5400085449219,459.5799865722656,459.2099914550781,459.5762023925781,78558
2026-01-15 18:20:00,459.5899963378906,459.7300109863281,459.489990234375,459.7200012207031,79617
2026-01-15 18:25:00,459.7200012207031,459.80999755859375,459.4500122070313,459.4700012207031,78908
2026-01-15 18:30:00,459.4500122070313,459.5499877929688,459.0799865722656,459.1499938964844,116771
2026-01-15 18:35:00,459.1600036621094,459.2099914550781,458.5700073242188,458.8478088378906,112289
2026-01-15 18:40:00,458.8299865722656,459.0,458.7460021972656,458.7749938964844,66850
2026-01-15 18:45:00,458.7749938964844,458.7799987792969,458.2900085449219,458.3299865722656,104859
2026-01-15 18:50:00,458.3299865722656,458.5499877929688,458.1499938964844,458.5400085449219,128812
2026-01-15 18:55:00,458.5,458.5299987792969,457.80999755859375,458.010009765625,132371
2026-01-15 19:00:00,458.0,458.2699890136719,457.2699890136719,457.3999938964844,156469
2026-01-15 19:05:00,457.4400024414063,457.6600036621094,457.1499938964844,457.5299987792969,161499
2026-01-15 19:10:00,457.5299987792969,457.75,457.1600036621094,457.2200012207031,141173
2026-01-15 19:15:00,457.2300109863281,457.239990234375,456.75,457.1600036621094,163615
2026-01-15 19:20:00,457.1549987792969,457.2000122070313,456.9200134277344,457.1499938964844,114961
2026-01-15 19:25:00,457.1549987792969,457.2300109863281,456.7000122070313,456.80999755859375,112261
2026-01-15 19:30:00,456.7900085449219,456.8399963378906,456.1000061035156,456.6900024414063,194503
2026-01-15 19:35:00,456.6900024414063,457.3901977539063,456.4599914550781,457.3900146484375,149717
2026-01-15 19:40:00,457.360107421875,457.760009765625,457.25,457.7099914550781,176225
2026-01-15 19:45:00,457.7099914550781,457.8500061035156,457.4400024414063,457.635009765625,128512
2026-01-15 19:50:00,457.6300048828125,457.9299926757813,457.1799926757813,457.2300109863281,105209
2026-01-15 19:55:00,457.2000122070313,457.2099914550781,456.8100891113281,456.9100036621094,107381
2026-01-15 20:00:00,456.8900146484375,457.1499938964844,456.5499877929688,456.989990234375,122986
2026-01-15 20:05:00,456.989990234375,457.1000061035156,456.5499877929688,456.6799926757813,130294
2026-01-15 20:10:00,456.6900024414063,456.7200012207031,456.4500122070313,456.5249938964844,124953
2026-01-15 20:15:00,456.5350036621094,456.6300048828125,456.0,456.2699890136719,277475
2026-01-15 20:20:00,456.25,456.5899963378906,455.9100036621094,456.4201049804688,175584
2026-01-15 20:25:00,456.4299926757813,456.6499938964844,456.2000122070313,456.6361083984375,142747
2026-01-15 20:30:00,456.6600036621094,456.6600036621094,456.2200012207031,456.2900085449219,154205
2026-01-15 20:35:00,456.2828063964844,456.6600036621094,456.0299987792969,456.3599853515625,167951
2026-01-15 20:40:00,456.3550109863281,456.6398010253906,456.2999877929688,456.4783935546875,127445
2026-01-15 20:45:00,456.4649963378906,456.9200134277344,456.3370971679688,456.510009765625,171080
2026-01-15 20:50:00,456.510009765625,456.9400024414063,456.1700134277344,456.7099914550781,259142
2026-01-15 20:55:00,456.7099914550781,456.9500122070313,456.25,456.9100036621094,729921
2026-01-16 14:30:00,457.2000122070313,459.3800048828125,456.4800109863281,458.8299865722656,3854867
2026-01-16 14:35:00,458.8299865722656,460.3599853515625,458.510009765625,459.4599914550781,380360
2026-01-16 14:40:00,459.5,459.8800048828125,458.1600036621094,458.2449951171875,247785
2026-01-16 14:45:00,458.2449951171875,459.789794921875,458.0,458.4200134277344,380499
2026-01-16 14:50:00,458.3900146484375,458.8699951171875,458.2449951171875,458.385009765625,229732
2026-01-16 14:55:00,458.4299926757813,459.3198852539063,458.0,459.0499877929688,209086
2026-01-16 15:00:00,459.0499877929688,459.5,458.7000122070313,458.8550109863281,210115
2026-01-16 15:05:00,458.89990234375,459.5799865722656,458.5,459.2200012207031,163257
2026-01-16 15:10:00,459.2099914550781,459.2149963378906,458.489990234375,458.8059997558594,163056
2026-01-16 15:15:00,458.8699035644531,459.6799926757813,458.7950134277344,459.0759887695313,140934
2026-01-16 15:20:00,459.1300048828125,460.239990234375,459.1199951171875,459.9599914550781,245413
2026-01-16 15:25:00,459.9599914550781,459.989990234375,459.2000122070313,459.760009765625,192747
2026-01-16 15:30:00,459.7560119628906,459.7699890136719,458.739990234375,459.0499877929688,118141
2026-01-16 15:35:00,459.010009765625,459.45989990234375,458.6700134277344,458.7749938964844,116111
2026-01-16 15:40:00,458.7300109863281,458.7300109863281,458.0299987792969,458.2900085449219,143008
2026-01-16 15:45:00,458.260009765625,458.55999755859375,457.9800109863281,458.5499877929688,115401
2026-01-16 15:50:00,458.5199890136719,459.0499877929688,458.0686950683594,459.010009765625,129518
2026-01-16 15:55:00,458.9949951171875,459.5130004882813,458.9949951171875,459.4700012207031,108236
2026-01-16 16:00:00,459.4200134277344,459.7174987792969,459.0799865722656,459.0799865722656,117890
2026-01-16 16:05:00,459.1099853515625,459.847900390625,459.1099853515625,459.80999755859375,118472
2026-01-16 16:10:00,459.8299865722656,460.0299987792969,459.25,459.489990234375,140155
2026-01-16 16:15:00,459.5299987792969,459.7000122070313,459.3399963378906,459.489990234375,80209
2026-01-16 16:20:00,459.510009765625,459.7699890136719,459.3500061035156,459.4599914550781,91678
2026-01-16 16:25:00,459.4599914550781,459.8800048828125,459.3200073242188,459.8200073242188,138404
2026-01-16 16:30:00,459.8500061035156,460.6000061035156,459.7149963378906,460.4299926757813,174813
2026-01-16 16:35:00,460.4566040039063,460.9800109863281,460.3999938964844,460.8598937988281,142800
2026-01-16 16:40:00,460.80999755859375,461.3200073242188,460.7074890136719,461.0548095703125,218875
2026-01-16 16:45:00,461.0799865722656,461.6700134277344,461.04010009765625,461.6000061035156,131854
2026-01-16 16:50:00,461.5750122070313,462.2999877929688,461.4400939941406,461.989990234375,226566
2026-01-16 16:55:00,462.0,462.0249938964844,460.9100036621094,461.1419982910156,149146
2026-01-16 17:00:00,461.1400146484375,461.6000061035156,461.0490112304688,461.2799987792969,101469
2026-01-16 17:05:00,461.2250061035156,461.7000122070313,460.9750061035156,461.0,101478
2026-01-16 17:10:00,460.9400024414063,461.3550109863281,460.93011474609375,461.1900024414063,87961
2026-01-16 17:15:00,461.1950073242188,461.2300109863281,460.8399963378906,460.9450073242188,95165
2026-01-16 17:20:00,460.9299926757813,461.2000122070313,460.3800048828125,460.3800048828125,109752
2026-01-16 17:25:00,460.3699951171875,460.760009765625,460.0799865722656,460.6099853515625,108785
2026-01-16 17:30:00,460.6099853515625,461.0400085449219,460.1199951171875,461.0216979980469,86020
2026-01-16 17:35:00,461.0,461.239990234375,460.8500061035156,460.9150085449219,74614
2026-01-16 17:40:00,460.8999938964844,461.125,460.7999877929688,461.125,83268
2026-01-16 17:45:00,461.125,461.239990234375,460.8399963378906,460.9400024414063,90936
2026-01-16 17:50:00,460.9400024414063,461.1000061035156,460.7699890136719,461.0849914550781,84551
2026-01-16 17:55:00,461.05999755859375,461.260009765625,461.0299987792969,461.1499938964844,105876
2026-01-16 18:00:00,461.1600036621094,461.5400085449219,461.0300903320313,461.4849853515625,110977
2026-01-16 18:05:00,461.4800109863281,462.0499877929688,461.3599853515625,462.0199890136719,105058
2026-01-16 18:10:00,461.989990234375,462.0,461.5199890136719,461.6449890136719,99356
2026-01-16 18:15:00,461.6199951171875,462.010009765625,461.5700073242188,462.0,92750
2026-01-16 18:20:00,461.989990234375,462.7300109863281,461.8699951171875,462.7059020996094,149503
2026-01-16 18:25:00,462.7074890136719,462.9200134277344,462.2999877929688,462.5199890136719,136179
2026-01-16 18:30:00,462.489990234375,463.0400085449219,462.1900024414063,462.9898986816406,134125
2026-01-16 18:35:00,462.9500122070313,463.1900024414063,462.6199951171875,462.6400146484375,106545
2026-01-16 18:40:00,462.635009765625,462.739990234375,462.0950012207031,462.3800048828125,88637
2026-01-16 18:45:00,462.3970947265625,462.6166076660156,462.2000122070313,462.3283996582031,73915
2026-01-16 18:50:00,462.3299865722656,462.55999755859375,462.1099853515625,462.3599853515625,71052
2026-01-16 18:55:00,462.3599853515625,462.5499877929688,462.2999877929688,462.4407958984375,68002
2026-01-16 19:00:00,462.4299926757813,462.7799987792969,462.2800903320313,462.7799072265625,98694
2026-01-16 19:05:00,462.7539978027344,462.9500122070313,462.6900024414063,462.8250122070313,87249
2026-01-16 19:10:00,462.8250122070313,462.8250122070313,461.9599914550781,462.1650085449219,126016
2026-01-16 19:15:00,462.1449890136719,462.2000122070313,461.3800048828125,461.5400085449219,103893
2026-01-16 19:20:00,461.5299987792969,461.9299926757813,461.510009765625,461.8999938964844,88973
2026-01-16 19:25:00,461.8999938964844,462.0239868164063,461.6199951171875,461.9599914550781,63824
2026-01-16 19:30:00,461.9400024414063,462.4999084472656,461.9400024414063,462.4599914550781,112770
2026-01-16 19:35:00,462.4800109863281,462.6000061035156,461.9700012207031,462.3800048828125,86539
2026-01-16 19:40:00,462.3800048828125,462.5498962402344,462.0700073242188,462.1900024414063,1489715
2026-01-16 19:45:00,462.2200012207031,462.6799926757813,462.2200012207031,462.4500122070313,148131
2026-01-16 19:50:00,462.4200134277344,462.7300109863281,462.260009765625,462.6900024414063,81822
2026-01-16 19:55:00,462.6099853515625,462.7200012207031,461.9800109863281,462.18499755859375,114524
2026-01-16 20:00:00,462.18499755859375,462.3999938964844,461.8299865722656,461.9100036621094,103099
2026-01-16 20:05:00,461.9700012207031,462.1700134277344,461.4800109863281,461.7000122070313,157830
2026-01-16 20:10:00,461.6700134277344,461.9049987792969,461.5400085449219,461.7200012207031,105042
2026-01-16 20:15:00,461.6900024414063,461.7149963378906,461.1199951171875,461.6099853515625,86750
2026-01-16 20:20:00,461.614990234375,461.7442932128906,461.2000122070313,461.2701110839844,105738
2026-01-16 20:25:00,461.2999877929688,461.3298950195313,461.0750122070313,461.2101135253906,106254
2026-01-16 20:30:00,461.1900024414063,461.489990234375,460.9200134277344,461.2000122070313,118585
2026-01-16 20:35:00,461.2298889160156,461.5599060058594,460.9700012207031,461.322509765625,141526
2026-01-16 20:40:00,461.3299865722656,461.3800048828125,460.8599853515625,460.9100036621094,116284
2026-01-16 20:45:00,460.8900146484375,460.989990234375,460.5,460.9208068847656,133198
2026-01-16 20:50:00,460.9200134277344,461.05999755859375,459.4200134277344,460.2099914550781,363580
2026-01-16 20:55:00,460.2000122070313,460.5899963378906,459.5,459.8699951171875,5736644
2026-01-20 14:30:00,451.4299926757813,452.1300048828125,449.2799987792969,451.3949890136719,1813102
2026-01-20 14:35:00,451.3999938964844,453.0899963378906,450.5849914550781,452.7699890136719,460232
2026-01-20 14:40:00,452.7799987792969,454.6000061035156,451.8399963378906,454.4949951171875,412762
2026-01-20 14:45:00,454.489990234375,454.6000061035156,452.55999755859375,453.43499755859375,339061
2026-01-20 14:50:00,453.3949890136719,454.1400146484375,452.9500122070313,453.4100036621094,256634
2026-01-20 14:55:00,453.4500122070313,454.5799865722656,452.9173889160156,453.5299987792969,288820
2026-01-20 15:00:00,453.5199890136719,453.55999755859375,451.98431396484375,452.8299865722656,197287
2026-01-20 15:05:00,452.875,453.7699890136719,452.510009765625,453.3150024414063,295874
2026-01-20 15:10:00,453.3150024414063,453.7200012207031,452.6799926757813,452.7900085449219,236220
2026-01-20 15:15:00,452.7349853515625,453.1300048828125,452.122314453125,452.3599853515625,196388
2026-01-20 15:20:00,452.3500061035156,454.0,452.1000061035156,453.2999877929688,290646
2026-01-20 15:25:00,453.3150024414063,453.8500061035156,453.1499938964844,453.25,155822
2026-01-20 15:30:00,453.2300109863281,454.0,453.0499877929688,453.6099853515625,191942
2026-01-20 15:35:00,453.6416015625,454.3699951171875,453.2000122070313,454.0650939941406,206995
2026-01-20 15:40:00,454.0899963378906,454.7799987792969,453.8299865722656,454.6628112792969,238268
2026-01-20 15:45:00,454.6549987792969,454.7099914550781,453.6000061035156,454.0650024414063,203832
2026-01-20 15:50:00,454.0799865722656,454.114990234375,453.6499938964844,453.9249877929688,73795
2026-01-20 15:55:00,454.1099853515625,454.1900024414063,454.1099853515625,454.1900024414063,480849
2026-01-20 16:00:00,454.1900024414063,454.75,453.8900146484375,454.6000061035156,135064
2026-01-20 16:05:00,454.6000061035156,455.0,454.4800109863281,454.9100036621094,175785
2026-01-20 16:10:00,454.875,455.5,454.6400146484375,455.010009765625,114549
2026-01-20 16:15:00,455.0,455.0,454.5499877929688,454.9100036621094,89475
2026-01-20 16:20:00,454.9249877929688,455.2374877929688,454.4200134277344,454.5015869140625,154741
2026-01-20 16:25:00,454.5,455.5499877929688,454.1099853515625,455.4750061035156,183605
2026-01-20 16:30:00,455.5,456.1000061035156,455.2090148925781,456.0168151855469,144982
2026-01-20 16:35:00,456.0499877929688,456.7799987792969,456.0499877929688,456.7491149902344,106073
2026-01-20 16:40:00,456.75,456.7999877929688,455.1799926757813,455.3399963378906,119171
2026-01-20 16:45:00,455.30999755859375,456.1499938964844,454.7300109863281,455.0350036621094,360456
2026-01-20 16:50:00,455.0350036621094,455.5299987792969,454.0300903320313,454.260009765625,152069
2026-01-20 16:55:00,454.25,455.5,454.0799865722656,455.3500061035156,112307
2026-01-20 17:00:00,455.3299865722656,455.4299926757813,455.0299987792969,455.135009765625,72641
2026-01-20 17:05:00,455.1000061035156,455.55999755859375,454.4800109863281,454.5700073242188,172777
2026-01-20 17:10:00,454.4800109863281,454.6600036621094,454.2300109863281,454.2301025390625,80132
2026-01-20 17:15:00,454.2799987792969,454.4898986816406,454.0499877929688,454.2200012207031,74441
2026-01-20 17:20:00,454.2200012207031,454.3800048828125,453.9700012207031,454.0050048828125,88950
2026-01-20 17:25:00,453.9800109863281,454.5199890136719,453.9800109863281,454.4700012207031,88082
2026-01-20 17:30:00,454.4400024414063,454.4400024414063,453.4800109863281,453.614990234375,119345
2026-01-20 17:35:00,453.5899963378906,453.7000122070313,453.3399963378906,453.5501098632813,123522
2026-01-20 17:40:00,453.5950012207031,454.1300048828125,453.5,453.5199890136719,71686
2026-01-20 17:45:00,453.4800109863281,453.55999755859375,453.1099853515625,453.2200012207031,92024
2026-01-20 17:50:00,453.2099914550781,453.6799926757813,453.0499877929688,453.6099853515625,131904
2026-01-20 17:55:00,453.5700073242188,453.8299865722656,453.4400024414063,453.7000122070313,82027
2026-01-20 18:00:00,453.6300048828125,454.25,453.6099853515625,453.9299926757813,68665
2026-01-20 18:05:00,453.9500122070313,454.0299987792969,453.5249938964844,453.5400085449219,77925
2026-01-20 18:10:00,453.5700073242188,454.0700073242188,453.4599914550781,453.9249877929688,77094
2026-01-20 18:15:00,453.93499755859375,454.2300109863281,453.75,454.2200012207031,78977
2026-01-20 18:20:00,454.239990234375,454.239990234375,453.3550109863281,453.4200134277344,119485
2026-01-20 18:25:00,453.4200134277344,453.6900024414063,453.3299865722656,453.5799865722656,101668
2026-01-20 18:30:00,453.5299987792969,453.6900024414063,453.1700134277344,453.2699890136719,84122
2026-01-20 18:35:00,453.3299865722656,453.4400024414063,452.80999755859375,452.8299865722656,131544
2026-01-20 18:40:00,452.80999755859375,453.1400146484375,452.7099914550781,452.9750061035156,137674
2026-01-20 18:45:00,452.9750061035156,453.5799865722656,452.8999938964844,453.1300048828125,113125
2026-01-20 18:50:00,453.1300048828125,453.1600036621094,452.489990234375,452.6199951171875,75233
2026-01-20 18:55:00,452.6499938964844,453.1900024414063,452.6300048828125,452.8349914550781,103612
2026-01-20 19:00:00,452.8900146484375,453.3198852539063,452.8599853515625,453.0499877929688,99846
2026-01-20 19:05:00,453.0700073242188,453.1900024414063,452.80999755859375,452.8800048828125,109483
2026-01-20 19:10:00,452.8299865722656,453.0,452.6499938964844,452.9200134277344,109970
2026-01-20 19:15:00,452.9100036621094,453.2200012207031,452.831298828125,453.1499938964844,101989
2026-01-20 19:20:00,453.1499938964844,453.5,453.0199890136719,453.2850036621094,121997
2026-01-20 19:25:00,453.260009765625,453.2699890136719,452.75970458984375,453.1000061035156,107314
2026-01-20 19:30:00,453.05999755859375,453.2300109863281,452.6799926757813,453.1000061035156,105710
2026-01-20 19:35:00,453.1050109863281,453.989990234375,453.0799865722656,453.8800048828125,98980
2026-01-20 19:40:00,453.840087890625,454.2300109863281,453.840087890625,454.0450134277344,128441
2026-01-20 19:45:00,454.0450134277344,454.3682861328125,453.6799926757813,454.260009765625,149206
2026-01-20 19:50:00,454.30999755859375,454.6499938964844,454.1300048828125,454.5694885253906,113150
2026-01-20 19:55:00,454.5849914550781,454.7200012207031,454.1300048828125,454.4721984863281,107518
2026-01-20 20:00:00,454.4949951171875,454.4949951171875,454.0,454.135009765625,115407
2026-01-20 20:05:00,454.1600036621094,454.2998962402344,453.8716125488281,454.1400146484375,176716
2026-01-20 20:10:00,454.1449890136719,454.3699951171875,453.9110107421875,453.9110107421875,104528
2026-01-20 20:15:00,453.9500122070313,455.0,453.8999938964844,454.510009765625,164582
2026-01-20 20:20:00,454.5050048828125,454.5050048828125,453.75,454.1449890136719,123124
2026-01-20 20:25:00,454.1700134277344,455.1199951171875,454.1199951171875,454.7799987792969,149910
2026-01-20 20:30:00,454.7799987792969,455.0,454.5899963378906,454.760009765625,119022
2026-01-20 20:35:00,454.7799987792969,454.8699951171875,454.3800048828125,454.5238037109375,138131
2026-01-20 20:40:00,454.5400085449219,455.0700073242188,454.4743957519531,455.010009765625,141055
2026-01-20 20:45:00,455.0,455.3200073242188,454.8800048828125,455.2000122070313,161470
2026-01-20 20:50:00,455.2200012207031,455.2200012207031,453.6900024414063,453.9100036621094,349463
2026-01-20 20:55:00,453.9100036621094,454.7900085449219,453.6099853515625,454.6600036621094,688612
2026-01-21 14:30:00,452.3500061035156,452.6896057128906,448.6600036621094,450.6499938964844,1307029
2026-01-21 14:35:00,450.739990234375,451.3500061035156,449.4200134277344,449.4259948730469,399146
2026-01-21 14:40:00,449.4100036621094,449.49810791015625,448.0499877929688,449.3500061035156,371919
2026-01-21 14:45:00,449.3800048828125,449.8800048828125,448.8200073242188,449.739990234375,370900
2026-01-21 14:50:00,449.739990234375,451.0,449.3900146484375,450.6950073242188,341680
2026-01-21 14:55:00,450.7200012207031,452.0,450.6400146484375,451.5025024414063,252348
2026-01-21 15:00:00,451.3999938964844,451.9200134277344,450.9599914550781,451.1050109863281,251540
2026-01-21 15:05:00,451.114990234375,451.30999755859375,450.5,450.55999755859375,238133
2026-01-21 15:10:00,450.6000061035156,450.8250122070313,449.7300109863281,450.75,307750
2026-01-21 15:15:00,450.7149963378906,451.5899963378906,450.489990234375,450.6600036621094,214317
2026-01-21 15:20:00,450.6650085449219,450.8699951171875,449.6400146484375,450.364990234375,215030
2026-01-21 15:25:00,450.3399963378906,450.5719909667969,449.7200012207031,450.2000122070313,154849
2026-01-21 15:30:00,450.2000122070313,450.6189880371094,449.8500061035156,450.3250122070313,209401
2026-01-21 15:35:00,450.3299865722656,451.1900024414063,450.260009765625,450.489990234375,177256
2026-01-21 15:40:00,450.5299987792969,450.5899963378906,450.0400085449219,450.3299865722656,189085
2026-01-21 15:45:00,450.3299865722656,451.3399963378906,450.3299865722656,450.9100036621094,182400
2026-01-21 15:50:00,450.9100036621094,451.8699951171875,450.8900146484375,451.5650939941406,166241
2026-01-21 15:55:00,451.5700988769531,451.7298889160156,451.0,451.0299987792969,160876
2026-01-21 16:00:00,451.0400085449219,451.1199951171875,450.239990234375,450.4200134277344,190447
2026-01-21 16:05:00,450.4100036621094,450.5299987792969,449.8999938964844,450.2300109863281,239591
2026-01-21 16:10:00,450.2300109863281,450.4100036621094,449.2999877929688,449.42919921875,171434
2026-01-21 16:15:00,449.4249877929688,449.5150146484375,448.80999755859375,448.875,216031
2026-01-21 16:20:00,448.875,449.1098937988281,448.6199951171875,448.80999755859375,192108
2026-01-21 16:25:00,448.80999755859375,449.0499877929688,448.510009765625,448.510009765625,187568
2026-01-21 16:30:00,448.510009765625,448.7998962402344,447.340087890625,447.5499877929688,325197
2026-01-21 16:35:00,447.5700073242188,447.8699951171875,445.8599853515625,446.1099853515625,288968
2026-01-21 16:40:00,446.125,446.6000061035156,445.5799865722656,445.6400146484375,285177
2026-01-21 16:45:00,445.6300048828125,445.6900024414063,444.9100036621094,445.125,357023
2026-01-21 16:50:00,445.1099853515625,445.3399963378906,444.1499938964844,444.2449951171875,317937
2026-01-21 16:55:00,444.2112121582031,444.33599853515625,443.7799987792969,443.9500122070313,266677
2026-01-21 17:00:00,443.9299926757813,444.739990234375,443.8599853515625,444.2200012207031,212064
2026-01-21 17:05:00,444.2200012207031,444.4150085449219,443.760009765625,443.9800109863281,223300
2026-01-21 17:10:00,443.9800109863281,444.1499938964844,443.5299987792969,443.6199951171875,191017
2026-01-21 17:15:00,443.6700134277344,444.2300109863281,443.5,443.7699890136719,213483
2026-01-21 17:20:00,443.75,444.1889953613281,443.5199890136719,444.0400085449219,152640
2026-01-21 17:25:00,444.0101013183594,444.4500122070313,443.7099914550781,444.3349914550781,133518
2026-01-21 17:30:00,444.2999877929688,444.3399963378906,443.5,443.7799987792969,152098
2026-01-21 17:35:00,443.75,444.0700073242188,443.5299987792969,443.8450012207031,123731
2026-01-21 17:40:00,443.8699951171875,444.2000122070313,443.0,443.2850036621094,212164
2026-01-21 17:45:00,443.239990234375,443.4200134277344,442.6000061035156,442.7799987792969,245787
2026-01-21 17:50:00,442.739990234375,442.989990234375,442.25,442.3399963378906,340350
2026-01-21 17:55:00,442.3599853515625,443.0499877929688,441.7900085449219,442.4100036621094,364391
2026-01-21 18:00:00,442.4100036621094,442.4800109863281,439.2290954589844,439.6534118652344,478102
2026-01-21 18:05:00,439.6499938964844,440.80999755859375,439.6499938964844,440.4949951171875,425076
2026-01-21 18:10:00,440.5199890136719,441.6300048828125,440.510009765625,441.0700073242188,266454
2026-01-21 18:15:00,441.0799865722656,441.4800109863281,440.6536865234375,440.8900146484375,185726
2026-01-21 18:20:00,440.8599853515625,441.14990234375,440.0,440.1499938964844,267916
2026-01-21 18:25:00,440.1499938964844,440.8800048828125,440.1285095214844,440.7650146484375,140277
2026-01-21 18:30:00,440.7300109863281,440.8799133300781,440.1099853515625,440.2694091796875,148963
2026-01-21 18:35:00,440.2699890136719,440.4700012207031,439.510009765625,439.864990234375,210941
2026-01-21 18:45:00,439.8775024414063,440.6199951171875,439.8299865722656,440.5450134277344,419650
2026-01-21 18:50:00,440.55999755859375,441.2300109863281,440.5015869140625,441.0650024414063,241363
2026-01-21 18:55:00,441.0650024414063,441.2300109863281,440.5010070800781,441.0899963378906,132943
2026-01-21 19:00:00,441.1499938964844,441.30999755859375,440.2650146484375,440.3999938964844,191924
2026-01-21 19:05:00,440.3999938964844,440.4500122070313,438.93499755859375,439.010009765625,339560
2026-01-21 19:10:00,439.0050048828125,439.3800048828125,438.7200012207031,439.0549926757813,246964
2026-01-21 19:15:00,439.0549926757813,439.9500122070313,438.9599914550781,439.5700073242188,193056
2026-01-21 19:20:00,439.5799865722656,439.6795043945313,439.0700073242188,439.4549865722656,214222
2026-01-21 19:25:00,439.4299926757813,442.1000061035156,438.68499755859375,441.5899963378906,454012
2026-01-21 19:30:00,441.6025085449219,443.4700012207031,441.5899963378906,443.4249877929688,383549
2026-01-21 19:35:00,443.4249877929688,444.5498962402344,443.0700073242188,444.05999755859375,346144
2026-01-21 19:40:00,444.0899963378906,445.1099853515625,443.8800048828125,445.0798950195313,294015
2026-01-21 19:45:00,445.0400085449219,446.7000122070313,445.0400085449219,446.6799926757813,417384
2026-01-21 19:50:00,446.6499938964844,447.2099914550781,446.0299987792969,446.739990234375,326895
2026-01-21 19:55:00,446.9498901367188,447.0698852539063,446.489990234375,446.7900085449219,310902
2026-01-21 20:00:00,446.80999755859375,447.0799865722656,445.1000061035156,446.2630004882813,289935
2026-01-21 20:05:00,446.2900085449219,446.5198974609375,444.8999938964844,445.2099914550781,208029
2026-01-21 20:10:00,445.2200012207031,445.5299072265625,444.75,445.1499938964844,238012
2026-01-21 20:15:00,445.1700134277344,445.3999938964844,444.2799987792969,444.3900146484375,253278
2026-01-21 20:20:00,444.3900146484375,444.6600036621094,443.989990234375,444.39691162109375,199269
2026-01-21 20:25:00,444.3992919921875,444.4100036621094,443.5400085449219,443.6199951171875,170835
2026-01-21 20:30:00,443.6037902832031,444.2900085449219,443.2134094238281,444.1434020996094,234832
2026-01-21 20:35:00,444.1400146484375,444.3599853515625,443.5199890136719,443.5474853515625,200653
2026-01-21 20:40:00,443.55999755859375,443.6300048828125,442.5400085449219,442.6124877929688,312996
2026-01-21 20:45:00,442.5700073242188,443.5700073242188,442.489990234375,443.4299926757813,283484
2026-01-21 20:50:00,443.4400024414063,444.2099914550781,442.260009765625,444.1000061035156,429837
2026-01-21 20:55:00,444.0899963378906,444.3599853515625,443.2200012207031,444.1499938964844,968695
2026-01-22 14:30:00,447.0,448.8198852539063,446.8699951171875,448.1809997558594,1286457
2026-01-22 14:35:00,448.1749877929688,449.0700073242188,447.6000061035156,447.7049865722656,366634
2026-01-22 14:40:00,447.7130126953125,449.5299072265625,447.7130126953125,449.2749938964844,351964
2026-01-22 14:45:00,449.2900085449219,449.9400024414063,447.25,447.3634033203125,414715
2026-01-22 14:50:00,447.4039916992188,447.4039916992188,446.0400085449219,446.5400085449219,340535
2026-01-22 14:55:00,446.5799865722656,446.6199951171875,445.0299987792969,446.0299987792969,475746
2026-01-22 15:00:00,446.0899963378906,446.7000122070313,445.2999877929688,445.989990234375,262749
2026-01-22 15:05:00,445.9599914550781,446.0199890136719,445.1000061035156,445.6199951171875,190912
2026-01-22 15:10:00,445.6000061035156,446.0299987792969,444.9700012207031,444.9700012207031,250101
2026-01-22 15:15:00,444.989990234375,446.4200134277344,444.7349853515625,445.8299865722656,312603
2026-01-22 15:20:00,445.8599853515625,446.8450012207031,445.6000061035156,446.0863952636719,209834
2026-01-22 15:25:00,446.0899963378906,446.9396057128906,445.9200134277344,446.7900085449219,177431
2026-01-22 15:30:00,446.7900085449219,447.3699951171875,446.1926879882813,447.3399963378906,258531
2026-01-22 15:35:00,447.3500061035156,447.55999755859375,446.7799987792969,446.9649963378906,189031
2026-01-22 15:40:00,446.9800109863281,447.0799865722656,446.6000061035156,446.9549865722656,181518
2026-01-22 15:45:00,446.9450073242188,447.5,446.8699951171875,447.0444030761719,261851
2026-01-22 15:50:00,447.0249938964844,447.0249938964844,446.4801025390625,446.7200012207031,118261
2026-01-22 15:55:00,446.7349853515625,446.9234924316406,446.5,446.5700073242188,98752
2026-01-22 16:00:00,446.5700073242188,446.989990234375,446.5499877929688,446.7999877929688,136671
2026-01-22 16:05:00,446.8200073242188,447.0,446.4750061035156,446.8399963378906,157289
2026-01-22 16:10:00,446.8500061035156,447.1900024414063,446.5499877929688,447.1310119628906,231416
2026-01-22 16:15:00,447.125,447.6099853515625,447.010009765625,447.3999938964844,140783
2026-01-22 16:20:00,447.3800048828125,448.3800048828125,447.3500061035156,448.1799926757813,154207
2026-01-22 16:25:00,448.1799926757813,449.1900024414063,448.1000061035156,449.1600036621094,270451
2026-01-22 16:30:00,449.1650085449219,449.489990234375,448.7900085449219,448.8200073242188,195254
2026-01-22 16:35:00,448.80999755859375,448.9500122070313,448.5199890136719,448.9299926757813,133387
2026-01-22 16:40:00,448.9299926757813,449.4700012207031,448.760009765625,449.1351013183594,147185
2026-01-22 16:45:00,449.2049865722656,449.4299926757813,449.0,449.2349853515625,103151
2026-01-22 16:50:00,449.260009765625,449.4700012207031,449.0899963378906,449.4200134277344,107677
2026-01-22 16:55:00,449.4200134277344,449.8699951171875,449.2000122070313,449.4949951171875,143268
2026-01-22 17:00:00,449.4949951171875,449.8500061035156,449.2950134277344,449.82958984375,104203
2026-01-22 17:05:00,449.8200073242188,450.218505859375,449.6991882324219,450.010009765625,174255
2026-01-22 17:10:00,450.0499877929688,450.1299133300781,449.4949951171875,449.7900085449219,138351
2026-01-22 17:15:00,449.7900085449219,450.1900024414063,449.5400085449219,450.139892578125,108778
2026-01-22 17:20:00,450.1300964355469,450.1300964355469,449.510009765625,450.0,78417
2026-01-22 17:25:00,450.0396118164063,450.0549926757813,449.7799987792969,449.9150085449219,107441
2026-01-22 17:30:00,449.9100036621094,451.05999755859375,449.8900146484375,450.9049987792969,193907
2026-01-22 17:35:00,450.9200134277344,450.9537048339844,450.55999755859375,450.7049865722656,93412
2026-01-22 17:40:00,450.7000122070313,451.1300048828125,450.6799926757813,450.9400024414063,79657
2026-01-22 17:45:00,450.8999938964844,451.1499938964844,450.8945007324219,451.0286865234375,91300
2026-01-22 17:50:00,451.010009765625,451.5,450.9800109863281,451.4739990234375,86255
2026-01-22 17:55:00,451.4601135253906,451.75,451.3200073242188,451.5499877929688,122512
2026-01-22 18:00:00,451.5350036621094,451.989990234375,451.2999877929688,451.8800048828125,170991
2026-01-22 18:05:00,451.8999938964844,452.8399963378906,451.6799926757813,451.80999755859375,169357
2026-01-22 18:10:00,451.8075866699219,451.8399963378906,451.2699890136719,451.3275146484375,135927
2026-01-22 18:15:00,451.3299865722656,452.0237121582031,451.1824035644531,451.9599914550781,130241
2026-01-22 18:20:00,451.9500122070313,452.05999755859375,451.6950073242188,451.7699890136719,103308
2026-01-22 18:25:00,451.75,452.0299987792969,451.7200012207031,451.8900146484375,87033
2026-01-22 18:30:00,451.8599853515625,452.3200073242188,451.5899963378906,452.1400146484375,141026
2026-01-22 18:35:00,452.125,452.1998901367188,451.7099914550781,451.8399963378906,112399
2026-01-22 18:40:00,451.8399963378906,451.8399963378906,451.2950134277344,451.3100891113281,109061
2026-01-22 18:45:00,451.3500061035156,451.814697265625,451.3200073242188,451.6600036621094,93652
2026-01-22 18:50:00,451.6650085449219,451.7699890136719,451.1799926757813,451.1950073242188,139139
2026-01-22 18:55:00,451.2200012207031,451.3800048828125,450.9299926757813,450.9400024414063,124492
2026-01-22 19:00:00,450.9400024414063,451.4500122070313,450.8399963378906,451.25,88916
2026-01-22 19:05:00,451.2300109863281,451.5,451.0499877929688,451.4500122070313,113164
2026-01-22 19:10:00,451.4549865722656,451.8399963378906,451.2699890136719,451.5499877929688,122519
2026-01-22 19:15:00,451.5450134277344,451.6900024414063,451.3304138183594,451.6300964355469,74775
2026-01-22 19:20:00,451.6300048828125,451.8999938964844,451.6300048828125,451.8399963378906,89706
2026-01-22 19:25:00,451.8399963378906,451.9500122070313,451.6600036621094,451.7300109863281,82898
2026-01-22 19:30:00,451.7000122070313,451.7900085449219,451.5199890136719,451.5199890136719,97287
2026-01-22 19:35:00,451.510009765625,451.69970703125,451.0299987792969,451.135009765625,108149
2026-01-22 19:40:00,451.1300048828125,451.3725891113281,451.0299987792969,451.0299987792969,96372
2026-01-22 19:45:00,451.0,451.0750122070313,450.3500061035156,450.5299072265625,118185
2026-01-22 19:50:00,450.5199890136719,450.5499877929688,450.2900085449219,450.489990234375,87253
2026-01-22 19:55:00,450.49798583984375,450.6099853515625,449.9800109863281,449.9949951171875,133852
2026-01-22 20:00:00,450.0199890136719,450.739990234375,449.9500122070313,450.7179870605469,218946
2026-01-22 20:05:00,450.7000122070313,450.9700012207031,450.5740051269531,450.760009765625,127173
2026-01-22 20:10:00,450.760009765625,451.0199890136719,450.7099914550781,450.9801025390625,104919
2026-01-22 20:15:00,451.010009765625,451.1300048828125,450.7699890136719,450.9649963378906,118778
2026-01-22 20:20:00,450.9500122070313,451.1099853515625,450.75,450.9200134277344,117306
2026-01-22 20:25:00,450.93060302734375,450.9599914550781,450.3399963378906,450.3949890136719,153587
2026-01-22 20:30:00,450.3900146484375,450.6900024414063,450.010009765625,450.18499755859375,175547
2026-01-22 20:35:00,450.1701049804688,450.4049987792969,449.8699951171875,450.0499877929688,158086
2026-01-22 20:40:00,450.0799865722656,450.2000122070313,449.6600036621094,450.0849914550781,162937
2026-01-22 20:45:00,450.1199951171875,450.9400024414063,450.1199951171875,450.8999938964844,149321
2026-01-22 20:50:00,450.9299926757813,451.489990234375,450.6700134277344,451.1400146484375,286311
2026-01-22 20:55:00,451.1600036621094,451.2499084472656,450.7699890136719,451.2099914550781,633693
2026-01-23 14:30:00,451.8599853515625,454.2598876953125,450.6000061035156,454.0050048828125,1230511
2026-01-23 14:35:00,454.1000061035156,454.6700134277344,452.9100036621094,453.4249877929688,383983
2026-01-23 14:40:00,453.4154052734375,455.2000122070313,453.2300109863281,454.6300048828125,372343
2026-01-23 14:45:00,454.7000122070313,455.7000122070313,453.6400146484375,455.5899963378906,403369
2026-01-23 14:50:00,455.5799865722656,457.2699890136719,455.1300048828125,456.8900146484375,474936
2026-01-23 14:55:00,456.9299926757813,457.6700134277344,456.30999755859375,457.2799987792969,351243
2026-01-23 15:00:00,457.2799987792969,460.1000061035156,457.2799987792969,459.6650085449219,500198
2026-01-23 15:05:00,459.6300048828125,461.8999938964844,459.510009765625,461.8291931152344,502631
2026-01-23 15:10:00,461.7999877929688,462.489990234375,460.8550109863281,461.3399963378906,623081
2026-01-23 15:15:00,461.3900146484375,462.7999877929688,461.3299865722656,462.0101013183594,432501
2026-01-23 15:20:00,462.0499877929688,463.7099914550781,461.7699890136719,462.739990234375,407056
2026-01-23 15:25:00,462.7699890136719,463.1499938964844,462.2401123046875,463.12249755859375,219552
2026-01-23 15:30:00,463.1300048828125,464.489990234375,463.1300048828125,464.3324890136719,298737
2026-01-23 15:35:00,464.3399963378906,465.7099914550781,464.2999877929688,465.5400085449219,478108
2026-01-23 15:40:00,465.5400085449219,465.8200073242188,464.6415100097656,464.83990478515625,312742
2026-01-23 15:45:00,464.7900085449219,466.3999938964844,464.4800109863281,466.2999877929688,402605
2026-01-23 15:50:00,466.3200073242188,467.2749938964844,466.1365051269531,466.4100036621094,389418
2026-01-23 15:55:00,466.4385986328125,467.7900085449219,466.3299865722656,467.7300109863281,307924
2026-01-23 16:00:00,467.75,468.1799926757813,467.3139953613281,467.9699096679688,285608
2026-01-23 16:05:00,467.93499755859375,468.3500061035156,467.5,467.9100036621094,364379
2026-01-23 16:10:00,467.9800109863281,469.2799987792969,467.9800109863281,468.9400024414063,396904
2026-01-23 16:15:00,468.9400024414063,469.25,468.1600036621094,468.614990234375,377376
2026-01-23 16:20:00,468.614990234375,468.8200073242188,467.4100036621094,468.2049865722656,1096046
2026-01-23 16:25:00,468.2200012207031,468.4700012207031,466.598388671875,466.6932067871094,333605
2026-01-23 16:30:00,466.6499938964844,466.8999938964844,465.6000061035156,465.7869873046875,237952
2026-01-23 16:35:00,465.7699890136719,467.2499084472656,465.6000061035156,466.9200134277344,328723
2026-01-23 16:40:00,466.9100036621094,468.6698913574219,466.510009765625,468.510009765625,395482
2026-01-23 16:45:00,468.5249938964844,468.9500122070313,468.2099914550781,468.68499755859375,292086
2026-01-23 16:50:00,468.68499755859375,469.1799926757813,468.4299926757813,468.7200012207031,268959
2026-01-23 16:55:00,468.7102966308594,469.5499877929688,467.5199890136719,467.6600036621094,261450
2026-01-23 17:00:00,467.6749877929688,468.6900024414063,466.9100036621094,468.4700012207031,212363
2026-01-23 17:05:00,468.5199890136719,468.6300048828125,467.989990234375,468.4299926757813,147074
2026-01-23 17:10:00,468.3699951171875,469.3004150390625,468.0658874511719,469.3004150390625,168307
2026-01-23 17:15:00,469.2999877929688,469.45989990234375,468.6199951171875,468.7349853515625,205020
2026-01-23 17:20:00,468.6900024414063,469.3699951171875,468.3494873046875,469.0499877929688,202967
2026-01-23 17:25:00,469.05999755859375,470.16900634765625,468.8063049316406,469.8299865722656,240304
2026-01-23 17:30:00,469.8299865722656,470.0,469.1799926757813,469.5299987792969,218235
2026-01-23 17:35:00,469.5650024414063,470.25,469.5,469.6400146484375,195766
2026-01-23 17:40:00,469.6600036621094,469.8399963378906,468.3299865722656,468.6499938964844,213270
2026-01-23 17:45:00,468.5899963378906,469.1300048828125,468.16009521484375,468.7999877929688,169563
2026-01-23 17:50:00,468.7999877929688,468.8500061035156,467.7000122070313,468.1499938964844,155879
2026-01-23 17:55:00,468.1799926757813,468.5929870605469,467.989990234375,468.3399963378906,127957
2026-01-23 18:00:00,468.3599853515625,469.4399108886719,468.16009521484375,469.4085083007813,144948
2026-01-23 18:05:00,469.4175109863281,469.6799926757813,468.8999938964844,469.5499877929688,140535
2026-01-23 18:10:00,469.55999755859375,470.239990234375,469.5499877929688,469.9249877929688,205673
2026-01-23 18:15:00,469.9100036621094,470.5400085449219,469.7999877929688,470.2449951171875,230603
2026-01-23 18:20:00,470.260009765625,470.3500061035156,469.7585144042969,470.2200012207031,162605
2026-01-23 18:25:00,470.2149963378906,470.8900146484375,470.2149963378906,470.7049865722656,262346
2026-01-23 18:30:00,470.7300109863281,471.1000061035156,469.2080078125,469.260009765625,252780
2026-01-23 18:35:00,469.2900085449219,469.8999938964844,469.1900024414063,469.81829833984375,218354
2026-01-23 18:40:00,469.8143005371094,469.8699951171875,468.8800048828125,469.010009765625,104818
2026-01-23 18:45:00,469.010009765625,469.2000122070313,468.5700073242188,468.7749938964844,106351
2026-01-23 18:50:00,468.760009765625,469.0299072265625,468.4100036621094,468.60009765625,106995
2026-01-23 18:55:00,468.6199951171875,468.7900085449219,468.0700073242188,468.1199035644531,653422
2026-01-23 19:00:00,468.1000061035156,468.7298889160156,467.9200134277344,468.4400024414063,106742
2026-01-23 19:05:00,468.4450073242188,469.25,468.3900146484375,469.2049865722656,124905
2026-01-23 19:10:00,469.2049865722656,469.510009765625,469.06201171875,469.3049926757813,131726
2026-01-23 19:15:00,469.2999877929688,469.6099853515625,469.1099853515625,469.5350036621094,135208
2026-01-23 19:20:00,469.55999755859375,469.7300109863281,469.4735107421875,469.5299987792969,134998
2026-01-23 19:25:00,469.5199890136719,469.9500122070313,469.3935852050781,469.5199890136719,137010
2026-01-23 19:30:00,469.5350036621094,469.8599853515625,469.0700073242188,469.1199951171875,174989
2026-01-23 19:35:00,469.1000061035156,469.4700012207031,468.8500061035156,468.9400024414063,114173
2026-01-23 19:40:00,468.9299926757813,469.33990478515625,468.6900024414063,469.1781921386719,105929
2026-01-23 19:45:00,469.2000122070313,469.489990234375,468.7900085449219,468.93499755859375,136776
2026-01-23 19:50:00,468.9700012207031,469.2300109863281,468.8800048828125,469.05999755859375,78589
2026-01-23 19:55:00,469.0400085449219,469.0999145507813,468.4497985839844,468.5799865722656,97372
2026-01-23 20:00:00,468.5799865722656,468.6600036621094,467.7699890136719,467.8349914550781,143377
2026-01-23 20:05:00,467.8500061035156,467.9200134277344,467.5499877929688,467.7550048828125,144523
2026-01-23 20:10:00,467.7449951171875,467.7999877929688,467.1300048828125,467.5880126953125,173754
2026-01-23 20:15:00,467.5499877929688,467.7699890136719,467.0400085449219,467.3299865722656,151482
2026-01-23 20:20:00,467.3200073242188,467.6799926757813,467.0650024414063,467.3955078125,187958
2026-01-23 20:25:00,467.375,467.8200073242188,467.2799987792969,467.7000122070313,115536
2026-01-23 20:30:00,467.6900024414063,467.8299865722656,467.1799926757813,467.7000122070313,207543
2026-01-23 20:35:00,467.6700134277344,467.7300109863281,467.2099914550781,467.6099853515625,155683
2026-01-23 20:40:00,467.5899963378906,468.6799011230469,467.5899963378906,468.5799865722656,240153
2026-01-23 20:45:00,468.5530090332031,468.6000061035156,468.1000061035156,468.5350036621094,287419
2026-01-23 20:50:00,468.5199890136719,468.5199890136719,466.5400085449219,466.8399963378906,599604
2026-01-23 20:55:00,466.8299865722656,466.8299865722656,465.6499938964844,465.8500061035156,1551032
2026-01-26 14:30:00,465.3049926757813,466.0,462.0,464.2850036621094,1275884
2026-01-26 14:35:00,464.2900085449219,466.489990234375,463.8800048828125,466.4100036621094,550519
2026-01-26 14:40:00,466.4100036621094,467.6700134277344,465.3399963378906,466.9800109863281,367506
2026-01-26 14:45:00,466.9800109863281,468.1099853515625,466.1199951171875,467.7000122070313,266570
2026-01-26 14:50:00,467.6499938964844,469.489990234375,467.614990234375,468.9200134277344,395187
2026-01-26 14:55:00,468.7699890136719,470.3475036621094,468.6199951171875,468.8800048828125,388607
2026-01-26 15:00:00,468.9299926757813,469.9500122070313,468.7799987792969,469.489990234375,318272
2026-01-26 15:05:00,469.4700012207031,469.5950012207031,468.43499755859375,468.4924926757813,245271
2026-01-26 15:10:00,468.4700012207031,469.1900024414063,468.0400085449219,469.05999755859375,194630
2026-01-26 15:15:00,469.0849914550781,470.4500122070313,468.8200988769531,469.9717102050781,264311
2026-01-26 15:20:00,469.80999755859375,470.4400024414063,469.7900085449219,470.3900146484375,196369
2026-01-26 15:25:00,470.3699951171875,470.6900024414063,469.9700012207031,470.09320068359375,269779
2026-01-26 15:30:00,470.0849914550781,470.80999755859375,469.8599853515625,469.8699951171875,191720
2026-01-26 15:35:00,469.8550109863281,470.7200012207031,469.6400146484375,470.3299865722656,145310
2026-01-26 15:40:00,470.30999755859375,470.510009765625,469.7799987792969,470.0199890136719,148021
2026-01-26 15:45:00,470.0299072265625,470.1000061035156,469.4800109863281,469.68499755859375,145558
2026-01-26 15:50:00,469.6799926757813,470.2349853515625,469.6300048828125,469.93499755859375,115034
2026-01-26 15:55:00,469.9700012207031,470.739990234375,469.8399963378906,469.885009765625,151817
2026-01-26 16:00:00,469.8800048828125,472.4400024414063,469.8200988769531,471.3999938964844,512256
2026-01-26 16:05:00,471.4500122070313,471.7493896484375,470.6900024414063,471.489990234375,198958
2026-01-26 16:10:00,471.5050048828125,472.3399963378906,471.3399963378906,472.2000122070313,173213
2026-01-26 16:15:00,472.2300109863281,472.2300109863281,471.5700073242188,471.7200012207031,170221
2026-01-26 16:20:00,471.7300109863281,472.5400085449219,471.3200073242188,472.3299865722656,201375
2026-01-26 16:25:00,472.3299865722656,472.7000122070313,471.7099914550781,472.2300109863281,223390
2026-01-26 16:30:00,472.2000122070313,473.1000061035156,472.05999755859375,472.1900024414063,233269
2026-01-26 16:35:00,472.1749877929688,472.3800048828125,471.80999755859375,472.2096862792969,156297
2026-01-26 16:40:00,472.2200012207031,473.5700073242188,472.16009521484375,473.3999938964844,181527
2026-01-26 16:45:00,473.3999938964844,473.5400085449219,472.9220886230469,473.0499877929688,146168
2026-01-26 16:50:00,473.0450134277344,473.4100036621094,472.6600036621094,472.8599853515625,176804
2026-01-26 16:55:00,472.8699951171875,473.4299926757813,472.5700988769531,472.9400024414063,336107
2026-01-26 17:00:00,472.8900146484375,473.9049987792969,472.7200012207031,473.7099914550781,219316
2026-01-26 17:05:00,473.7149963378906,473.7999877929688,473.4305114746094,473.6300048828125,110806
2026-01-26 17:10:00,473.6700134277344,473.6799926757813,472.7300109863281,472.885009765625,180775
2026-01-26 17:15:00,472.8900146484375,473.3900146484375,472.75,473.3500061035156,99335
2026-01-26 17:20:00,473.389892578125,474.0899963378906,473.3299865722656,473.8200073242188,149479
2026-01-26 17:25:00,473.85400390625,473.9299926757813,473.4800109863281,473.5299987792969,96490
2026-01-26 17:30:00,473.5,473.5238037109375,472.489990234375,472.989990234375,155514
2026-01-26 17:35:00,472.9321899414063,473.5499877929688,472.8800048828125,473.510009765625,129564
2026-01-26 17:40:00,473.4825134277344,473.6799926757813,473.3500061035156,473.5700073242188,98968
2026-01-26 17:45:00,473.5650024414063,473.5650024414063,472.5400085449219,472.7900085449219,116057
2026-01-26 17:50:00,472.75,472.9599914550781,472.5,472.8399963378906,90593
2026-01-26 17:55:00,472.8200073242188,473.4798889160156,472.7200012207031,473.3150024414063,141057
2026-01-26 18:00:00,473.3049926757813,473.6799926757813,472.9949951171875,473.5875854492188,97687
2026-01-26 18:05:00,473.6000061035156,473.6000061035156,473.0400085449219,473.2149963378906,114052
2026-01-26 18:10:00,473.2799987792969,473.364990234375,473.0499877929688,473.25,74589
2026-01-26 18:15:00,473.2099914550781,473.4718017578125,472.9500122070313,473.4059143066406,86987
2026-01-26 18:20:00,473.4100036621094,473.8800048828125,473.4100036621094,473.8500061035156,84609
2026-01-26 18:25:00,473.8200073242188,473.9700012207031,473.6099853515625,473.8900146484375,99549
2026-01-26 18:30:00,473.8599853515625,474.25,473.6900024414063,473.7850036621094,134820
2026-01-26 18:35:00,473.75,473.789306640625,472.8800048828125,473.0299987792969,87665
2026-01-26 18:40:00,473.0199890136719,473.0499877929688,472.6499938964844,472.760009765625,116004
2026-01-26 18:45:00,472.760009765625,472.760009765625,472.1400146484375,472.2800903320313,129562
2026-01-26 18:50:00,472.3074951171875,472.9700012207031,472.2699890136719,472.8200073242188,71934
2026-01-26 18:55:00,472.8250122070313,472.8900146484375,472.5199890136719,472.7319946289063,83433
2026-01-26 19:00:00,472.7300109863281,473.0499877929688,472.6499938964844,472.7099914550781,95899
2026-01-26 19:05:00,472.6749877929688,472.75,472.4222106933594,472.5299987792969,70098
2026-01-26 19:10:00,472.5299987792969,472.8200073242188,472.385009765625,472.5950012207031,101570
2026-01-26 19:15:00,472.5950012207031,472.8800048828125,472.4849853515625,472.8500061035156,80251
2026-01-26 19:20:00,472.8349914550781,472.8699951171875,472.2999877929688,472.489990234375,73200
2026-01-26 19:25:00,472.4800109863281,472.7349853515625,472.3999938964844,472.6600036621094,70316
2026-01-26 19:30:00,472.6799926757813,472.760009765625,472.3800048828125,472.5299987792969,86808
2026-01-26 19:35:00,472.5299987792969,473.2200012207031,472.4700012207031,473.1820068359375,150887
2026-01-26 19:40:00,473.1900024414063,473.2799987792969,472.8599853515625,472.9700012207031,134940
2026-01-26 19:45:00,472.9700012207031,473.1069946289063,472.7200012207031,472.7950134277344,102952
2026-01-26 19:50:00,472.8150024414063,472.9324951171875,472.5899963378906,472.7000122070313,107315
2026-01-26 19:55:00,472.7000122070313,472.7049865722656,472.4100036621094,472.4500122070313,109259
2026-01-26 20:00:00,472.4299926757813,472.6799926757813,472.16009521484375,472.6700134277344,104468
2026-01-26 20:05:00,472.6099853515625,472.75,472.5499877929688,472.6050109863281,61333
2026-01-26 20:10:00,472.6199951171875,472.625,472.2799987792969,472.43011474609375,79187
2026-01-26 20:15:00,472.4299926757813,472.4450073242188,471.6700134277344,471.8099060058594,129227
2026-01-26 20:20:00,471.7950134277344,472.1600036621094,471.7300109863281,472.1499938964844,105992
2026-01-26 20:25:00,472.1099853515625,472.14990234375,471.8999938964844,471.8999938964844,82117
2026-01-26 20:30:00,471.8974914550781,472.2200012207031,471.8299865722656,472.05999755859375,105667
2026-01-26 20:35:00,472.05999755859375,472.3699951171875,471.8832092285156,472.260009765625,119115
2026-01-26 20:40:00,472.260009765625,472.6000061035156,472.2349853515625,472.4700012207031,5380106
2026-01-26 20:45:00,472.4700012207031,472.9299926757813,472.4501037597656,472.6400146484375,0
2026-01-26 20:50:00,472.6300048828125,472.6300048828125,470.30999755859375,470.6805114746094,449531
2026-01-26 20:55:00,470.6600036621094,470.9500122070313,469.9500122070313,470.3599853515625,1092764
2026-01-27 14:30:00,473.6449890136719,477.6799926757813,473.1600036621094,477.4599914550781,1308877
2026-01-27 14:35:00,477.55999755859375,477.989990234375,476.4100036621094,476.4764099121094,502451
2026-01-27 14:40:00,476.3999938964844,477.7300109863281,474.8500061035156,477.6299133300781,558336
2026-01-27 14:45:00,477.55999755859375,477.8900146484375,475.6900024414063,476.7799987792969,493628
2026-01-27 14:50:00,476.8200073242188,477.7699890136719,475.7000122070313,477.364990234375,345555
2026-01-27 14:55:00,477.364990234375,478.1799011230469,476.9400024414063,477.6900024414063,343283
2026-01-27 15:00:00,477.7000122070313,478.6600036621094,476.8999938964844,478.0150146484375,298142
2026-01-27 15:05:00,478.0499877929688,478.5060119628906,477.3699951171875,478.5060119628906,308276
2026-01-27 15:10:00,478.510009765625,478.7200012207031,476.6700134277344,477.0299987792969,243272
2026-01-27 15:15:00,477.0050048828125,477.3049926757813,476.2200012207031,477.239990234375,198669
2026-01-27 15:20:00,477.2099914550781,477.8500061035156,476.5499877929688,476.5499877929688,263651
2026-01-27 15:25:00,476.5400085449219,476.7200012207031,475.9800109863281,476.1099853515625,191982
2026-01-27 15:30:00,476.0899963378906,477.0364990234375,475.8500061035156,476.9750061035156,179461
2026-01-27 15:35:00,477.0499877929688,477.8599853515625,476.739990234375,477.65960693359375,211064
2026-01-27 15:40:00,477.6500854492188,478.4100036621094,477.6199951171875,477.8298950195313,163563
2026-01-27 15:45:00,477.75,478.8500061035156,477.5499877929688,478.8200073242188,187842
2026-01-27 15:50:00,478.8299865722656,478.8299865722656,478.010009765625,478.5799865722656,197593
2026-01-27 15:55:00,478.5199890136719,478.6499938964844,477.5899963378906,478.010009765625,196624
2026-01-27 16:00:00,478.0299987792969,478.6799011230469,477.9700012207031,478.6174926757813,163586
2026-01-27 16:05:00,478.625,479.33209228515625,478.3200073242188,479.2900085449219,256032
2026-01-27 16:10:00,479.3299865722656,479.5098876953125,478.4400024414063,479.1199951171875,239561
2026-01-27 16:15:00,479.1600036621094,479.4700012207031,478.8699951171875,479.4200134277344,161256
2026-01-27 16:20:00,479.4500122070313,479.7999877929688,479.3699951171875,479.7200012207031,205701
2026-01-27 16:25:00,479.7300109863281,479.75,479.0199890136719,479.1900024414063,177124
2026-01-27 16:30:00,479.1700134277344,479.7200012207031,479.0199890136719,479.4800109863281,141514
2026-01-27 16:35:00,479.4800109863281,479.80999755859375,479.3800048828125,479.6600036621094,110542
2026-01-27 16:40:00,479.635009765625,479.7999877929688,479.4100036621094,479.6099853515625,101643
2026-01-27 16:45:00,479.6300048828125,480.14990234375,479.5400085449219,480.14990234375,198753
2026-01-27 16:50:00,480.1400146484375,480.8699951171875,480.1099853515625,480.8150024414063,196832
2026-01-27 16:55:00,480.80999755859375,480.8900146484375,480.489990234375,480.5400085449219,172830
2026-01-27 17:00:00,480.55999755859375,480.7999877929688,479.8106994628906,480.1549987792969,179225
2026-01-27 17:05:00,480.1600036621094,480.2000122070313,479.6099853515625,479.7699890136719,114485
2026-01-27 17:10:00,479.7699890136719,479.9399108886719,478.9249877929688,479.2799987792969,178207
2026-01-27 17:15:00,479.2900085449219,479.43499755859375,478.3599853515625,478.8599853515625,147958
2026-01-27 17:20:00,478.840087890625,479.2900085449219,478.8299865722656,479.1499938964844,105232
2026-01-27 17:25:00,479.1600036621094,479.9399108886719,479.1099853515625,479.7999877929688,143137
2026-01-27 17:30:00,479.7999877929688,480.4100036621094,479.739990234375,480.3399963378906,105130
2026-01-27 17:35:00,480.3200073242188,480.8599853515625,480.239990234375,480.6400146484375,4280314
2026-01-27 17:40:00,480.6199951171875,481.05999755859375,480.510009765625,480.7149963378906,0
2026-01-27 17:45:00,480.7000122070313,481.1700134277344,480.5299987792969,481.0799865722656,161402
2026-01-27 17:50:00,481.0700073242188,481.1199951171875,480.4200134277344,480.4800109863281,134723
2026-01-27 17:55:00,480.4800109863281,480.7699890136719,480.4515075683594,480.7049865722656,103404
2026-01-27 18:00:00,480.7049865722656,480.7200012207031,480.0750122070313,480.3150024414063,117796
2026-01-27 18:05:00,480.3200073242188,480.6000061035156,480.2300109863281,480.4100036621094,119844
2026-01-27 18:10:00,480.4249877929688,481.3399963378906,480.3999938964844,481.1799926757813,132049
2026-01-27 18:15:00,481.1400146484375,481.1799926757813,480.8399963378906,480.989990234375,131559
2026-01-27 18:20:00,481.0,481.1900024414063,480.75,481.1600036621094,132814
2026-01-27 18:25:00,481.1700134277344,481.4490051269531,480.8789978027344,481.2149963378906,164651
2026-01-27 18:30:00,481.2099914550781,481.3200073242188,480.8800048828125,481.2258911132813,128478
2026-01-27 18:35:00,481.239990234375,481.239990234375,480.75,480.9700012207031,106883
2026-01-27 18:40:00,480.989990234375,481.3200073242188,480.885009765625,481.0899963378906,85449
2026-01-27 18:45:00,481.1199035644531,481.739990234375,481.0700073242188,481.7300109863281,110669
2026-01-27 18:50:00,481.739990234375,482.3900146484375,481.7200012207031,482.1900024414063,189309
2026-01-27 18:55:00,482.18499755859375,482.8699951171875,482.1701049804688,482.7000122070313,155421
2026-01-27 19:00:00,482.7300109863281,482.7300109863281,482.1000061035156,482.1900024414063,149386
2026-01-27 19:05:00,482.1900024414063,482.3599853515625,481.2799987792969,481.2875061035156,154205
2026-01-27 19:10:00,481.30999755859375,481.9400024414063,481.2300109863281,481.8200073242188,131189
2026-01-27 19:15:00,481.8150024414063,481.93798828125,481.6400146484375,481.8900146484375,91007
2026-01-27 19:20:00,481.885009765625,482.1000061035156,481.5899963378906,481.8299865722656,131391
2026-01-27 19:25:00,481.8500061035156,482.0899963378906,481.7900085449219,482.0799865722656,117421
2026-01-27 19:30:00,482.0898132324219,482.2300109863281,481.3599853515625,481.5299987792969,122261
2026-01-27 19:35:00,481.5499877929688,481.739990234375,481.4100036621094,481.4599914550781,105634
2026-01-27 19:40:00,481.4400024414063,481.5799865722656,481.0799865722656,481.5,155538
2026-01-27 19:45:00,481.5199890136719,481.5400085449219,480.7999877929688,481.2500915527344,195172
2026-01-27 19:50:00,481.2699890136719,482.1099853515625,481.2583923339844,482.0,148174
2026-01-27 19:55:00,481.9949951171875,482.1000061035156,481.6199951171875,481.80999755859375,132585
2026-01-27 20:00:00,481.839599609375,482.0,481.6650085449219,481.75,115843
2026-01-27 20:05:00,481.7330932617188,481.760009765625,481.1900024414063,481.3299865722656,176072
2026-01-27 20:10:00,481.2950134277344,481.5899963378906,481.1199951171875,481.3900146484375,156196
2026-01-27 20:15:00,481.3900146484375,481.4800109863281,480.8599853515625,481.260009765625,214837
2026-01-27 20:20:00,481.2699890136719,481.5499877929688,480.8399963378906,480.9549865722656,168959
2026-01-27 20:25:00,480.9700012207031,480.989990234375,480.5199890136719,480.6000061035156,177336
2026-01-27 20:30:00,480.5799865722656,481.2099914550781,480.2000122070313,481.1650085449219,193304
2026-01-27 20:35:00,481.1700134277344,481.2449951171875,480.8699951171875,481.0400085449219,153338
2026-01-27 20:40:00,481.0299987792969,481.0799865722656,480.6749877929688,480.9100036621094,174625
2026-01-27 20:45:00,480.9100036621094,481.3800048828125,480.6600036621094,481.3399963378906,204486
2026-01-27 20:50:00,481.3399963378906,481.3599853515625,480.5499877929688,480.8399963378906,394469
2026-01-27 20:55:00,480.8399963378906,480.9500122070313,480.4299926757813,480.5799865722656,790079
2026-01-28 14:30:00,483.1300048828125,483.739990234375,480.1000061035156,481.135009765625,1085162
2026-01-28 14:35:00,481.1099853515625,481.2099914550781,479.2900085449219,479.7999877929688,380972
2026-01-28 14:40:00,479.7000122070313,480.760009765625,479.6000061035156,480.05999755859375,206263
2026-01-28 14:45:00,480.1099853515625,481.33990478515625,479.7900085449219,481.30999755859375,243446
2026-01-28 14:50:00,481.30999755859375,481.8999938964844,481.2999877929688,481.4049987792969,256886
2026-01-28 14:55:00,481.4200134277344,481.760009765625,480.7999877929688,480.8500061035156,217757
2026-01-28 15:00:00,480.8299865722656,481.0400085449219,480.4501037597656,480.7850036621094,217186
2026-01-28 15:05:00,480.7799987792969,481.1099853515625,480.1000061035156,480.6499938964844,201770
2026-01-28 15:10:00,480.5799865722656,480.8699951171875,480.1449890136719,480.5700073242188,214336
2026-01-28 15:15:00,480.5400085449219,481.0700073242188,480.2200012207031,480.2699890136719,190683
2026-01-28 15:20:00,480.2900085449219,481.3900146484375,480.0199890136719,481.1099853515625,189064
2026-01-28 15:25:00,481.1294860839844,481.1700134277344,480.489990234375,481.0199890136719,160400
2026-01-28 15:30:00,481.0,481.1300048828125,479.5799865722656,479.5950012207031,177838
2026-01-28 15:35:00,479.6600036621094,480.5592956542969,479.4200134277344,480.4700012207031,182121
2026-01-28 15:40:00,480.489990234375,480.7449951171875,479.3299865722656,479.3700866699219,265229
2026-01-28 15:45:00,479.3699951171875,479.760009765625,479.0650024414063,479.6824951171875,162851
2026-01-28 15:50:00,479.66009521484375,479.7900085449219,479.260009765625,479.5,120561
2026-01-28 15:55:00,479.5199890136719,479.5799865722656,478.8905029296875,479.1499938964844,141485
2026-01-28 16:00:00,479.1000061035156,479.6700134277344,478.8500061035156,479.6099853515625,151819
2026-01-28 16:05:00,479.6000061035156,480.30999755859375,479.5199890136719,480.1900024414063,172821
2026-01-28 16:10:00,480.2049865722656,480.2699890136719,479.7099914550781,480.0499877929688,148378
2026-01-28 16:15:00,480.0299987792969,480.0899963378906,479.3599853515625,479.3900146484375,113064
2026-01-28 16:20:00,479.3999938964844,480.0499877929688,479.3999938964844,480.0299987792969,157844
2026-01-28 16:25:00,480.010009765625,480.0700073242188,479.05999755859375,479.4432067871094,167093
2026-01-28 16:30:00,479.4299926757813,479.4299926757813,478.2699890136719,478.3500061035156,162884
2026-01-28 16:35:00,478.3699951171875,478.9700012207031,478.3699951171875,478.8800048828125,149645
2026-01-28 16:40:00,478.8599853515625,478.9200134277344,478.1199951171875,478.510009765625,187049
2026-01-28 16:45:00,478.4400024414063,479.0150146484375,478.239990234375,478.8500061035156,154638
2026-01-28 16:50:00,478.8699951171875,479.0249938964844,478.0,478.7749938964844,176167
2026-01-28 16:55:00,478.739990234375,479.25,478.60009765625,478.989990234375,149863
2026-01-28 17:00:00,479.0198974609375,479.6300048828125,478.9299926757813,479.0006103515625,131627
2026-01-28 17:05:00,479.0,479.55999755859375,478.7699890136719,479.4049987792969,121407
2026-01-28 17:10:00,479.4200134277344,479.9500122070313,479.3699951171875,479.6470947265625,158440
2026-01-28 17:15:00,479.6499938964844,479.9500122070313,479.5700073242188,479.8999938964844,101096
2026-01-28 17:20:00,479.8999938964844,480.1650085449219,478.9299926757813,478.9700012207031,208894
2026-01-28 17:25:00,478.9660034179688,479.0,478.6600036621094,478.6799926757813,82908
2026-01-28 17:30:00,478.6549987792969,478.6798095703125,478.1520080566406,478.2799987792969,114107
2026-01-28 17:35:00,478.30999755859375,478.4999084472656,478.0499877929688,478.3900146484375,104471
2026-01-28 17:40:00,478.385009765625,478.9699096679688,478.385009765625,478.6400146484375,89100
2026-01-28 17:45:00,478.5899963378906,479.0400085449219,478.4400024414063,478.7099914550781,107512
2026-01-28 17:50:00,478.7099914550781,479.2099914550781,478.3999938964844,479.18890380859375,112330
2026-01-28 17:55:00,479.2099914550781,479.2900085449219,478.989990234375,479.1700134277344,73668
2026-01-28 18:00:00,479.1600036621094,479.1799926757813,478.3500061035156,478.6900024414063,102062
2026-01-28 18:05:00,478.6799926757813,478.9800109863281,478.6700134277344,478.760009765625,81299
2026-01-28 18:10:00,478.7799987792969,479.131103515625,478.5199890136719,479.0799865722656,96099
2026-01-28 18:15:00,479.0199890136719,479.2900085449219,478.9751892089844,479.2900085449219,61668
2026-01-28 18:20:00,479.3150024414063,479.4400024414063,478.9700012207031,478.9714050292969,79734
2026-01-28 18:25:00,478.9750061035156,479.1600036621094,478.6900024414063,478.8349914550781,95834
2026-01-28 18:30:00,478.8599853515625,479.3999938964844,478.8200073242188,479.2850036621094,118248
2026-01-28 18:35:00,479.2799987792969,479.8599853515625,479.2799987792969,479.6600036621094,145908
2026-01-28 18:40:00,479.6499938964844,480.0599060058594,479.5600891113281,479.75,187358
2026-01-28 18:45:00,479.7825012207031,480.260009765625,479.7099914550781,480.135009765625,183121
2026-01-28 18:50:00,480.1199951171875,480.6700134277344,480.1000061035156,480.635009765625,153885
2026-01-28 18:55:00,480.6400146484375,481.0498962402344,480.5199890136719,480.7099914550781,153896
2026-01-28 19:00:00,480.7398986816406,481.4500122070313,479.6099853515625,480.4500122070313,222947
2026-01-28 19:05:00,480.4100036621094,481.2300109863281,480.2200012207031,480.7850036621094,197127
2026-01-28 19:10:00,480.7550048828125,481.1900024414063,480.5000915527344,480.989990234375,203302
2026-01-28 19:15:00,480.9599914550781,481.6700134277344,480.8599853515625,481.5199890136719,172025
2026-01-28 19:20:00,481.5199890136719,481.55999755859375,481.1099853515625,481.2900085449219,151593
2026-01-28 19:25:00,481.3299865722656,481.489990234375,480.5799865722656,480.6099853515625,164481
2026-01-28 19:30:00,480.6549987792969,481.3699951171875,479.8999938964844,480.3900146484375,235972
2026-01-28 19:35:00,480.4299926757813,481.3500061035156,480.3800048828125,480.9949951171875,159842
2026-01-28 19:40:00,481.0199890136719,481.3699951171875,480.6700134277344,480.9874877929688,152674
2026-01-28 19:45:00,480.9599914550781,481.2900085449219,480.635009765625,481.12939453125,188023
2026-01-28 19:50:00,481.1050109863281,481.4700012207031,481.0,481.2900085449219,149758
2026-01-28 19:55:00,481.2799987792969,481.2999877929688,480.5199890136719,480.5750122070313,156308
2026-01-28 20:00:00,480.5400085449219,481.05999755859375,480.1449890136719,480.4100036621094,174942
2026-01-28 20:05:00,480.3711853027344,480.5,479.8299865722656,480.2096862792969,152510
2026-01-28 20:10:00,480.2099914550781,480.4100036621094,479.7000122070313,479.75,156322
2026-01-28 20:15:00,479.7200012207031,480.2250061035156,479.5,480.12890625,170289
2026-01-28 20:20:00,480.1300048828125,480.4599914550781,479.9599914550781,480.2799987792969,184057
2026-01-28 20:25:00,480.2699890136719,480.2799987792969,479.6300048828125,479.7900085449219,160558
2026-01-28 20:30:00,479.7799987792969,480.1499938964844,479.2099914550781,479.6799926757813,270818
2026-01-28 20:35:00,479.6763916015625,480.4200134277344,479.6300048828125,480.1400146484375,203827
2026-01-28 20:40:00,480.1199951171875,480.239990234375,479.6000061035156,479.7799987792969,288141
2026-01-28 20:45:00,479.760009765625,480.6700134277344,479.7300109863281,480.4500122070313,303729
2026-01-28 20:50:00,480.3599853515625,482.0098876953125,479.510009765625,481.1400146484375,738042
2026-01-28 20:55:00,481.2000122070313,483.3299865722656,481.1000061035156,481.7200012207031,1327719
2026-01-29 14:30:00,439.864990234375,442.2999877929688,429.239990234375,432.0,9879157
2026-01-29 14:35:00,431.9100036621094,434.3963012695313,430.7999877929688,433.6799926757813,2971121
2026-01-29 14:40:00,433.7000122070313,435.0499877929688,431.8800048828125,433.80999755859375,3085455
2026-01-29 14:45:00,433.8341064453125,433.8341064453125,431.6600036621094,432.3800048828125,1996109
2026-01-29 14:50:00,432.4169006347656,433.05999755859375,428.1449890136719,428.8999938964844,2356491
2026-01-29 14:55:00,428.8999938964844,430.4400024414063,428.010009765625,428.5199890136719,1959296
2026-01-29 15:00:00,428.5499877929688,428.55999755859375,423.9299926757813,425.5499877929688,2698332
2026-01-29 15:05:00,425.55999755859375,428.7699890136719,425.0400085449219,428.2799987792969,1786002
2026-01-29 15:10:00,428.25,429.4299926757813,426.4299926757813,426.6000061035156,1502366
2026-01-29 15:15:00,426.6000061035156,428.0,426.1099853515625,427.2300109863281,1387398
2026-01-29 15:20:00,427.2149963378906,429.4999084472656,427.1099853515625,428.4549865722656,1345965
2026-01-29 15:25:00,428.4599914550781,429.2488098144531,426.0199890136719,426.3299865722656,1264533
2026-01-29 15:30:00,426.3699951171875,426.7200012207031,424.3900146484375,425.6799926757813,1545322
2026-01-29 15:35:00,425.6400146484375,426.2200012207031,425.4500122070313,425.7699890136719,885226
2026-01-29 15:40:00,425.7650146484375,425.7999877929688,424.0299987792969,424.8334045410156,1121880
2026-01-29 15:45:00,424.8399963378906,425.7699890136719,423.8500061035156,425.3200073242188,1045306
2026-01-29 15:50:00,425.30999755859375,426.0199890136719,423.7900085449219,423.8999938964844,901690
2026-01-29 15:55:00,423.8700866699219,424.5899963378906,423.3800048828125,423.4100036621094,1066276
2026-01-29 16:00:00,423.4100036621094,424.3900146484375,422.5499877929688,422.7850036621094,1065947
2026-01-29 16:05:00,422.7300109863281,422.9898986816406,421.0199890136719,421.822509765625,1270174
2026-01-29 16:10:00,421.80999755859375,422.80999755859375,421.2000122070313,422.7999877929688,985947
2026-01-29 16:15:00,422.8049926757813,423.1600036621094,421.8299865722656,422.9500122070313,909765
2026-01-29 16:20:00,422.9599914550781,423.5299987792969,422.30999755859375,423.1300048828125,916533
2026-01-29 16:25:00,423.1300048828125,423.3500061035156,421.8800048828125,422.6499938964844,967422
2026-01-29 16:30:00,422.6600036621094,424.1600036621094,422.5499877929688,424.1099853515625,904528
2026-01-29 16:35:00,424.0799865722656,425.1400146484375,423.6217956542969,425.1199951171875,879859
2026-01-29 16:40:00,425.1199951171875,425.25,424.0299987792969,424.239990234375,854868
2026-01-29 16:45:00,424.239990234375,424.4898986816406,422.8299865722656,423.8999938964844,837024
2026-01-29 16:50:00,423.8999938964844,424.0,422.6700134277344,423.2699890136719,629480
2026-01-29 16:55:00,423.30999755859375,424.0899963378906,423.1600036621094,423.8500061035156,536639
2026-01-29 17:00:00,423.8399963378906,425.25,423.6200866699219,424.5400085449219,778883
2026-01-29 17:05:00,424.5650024414063,425.0698852539063,423.8599853515625,424.7250061035156,650391
2026-01-29 17:10:00,424.7250061035156,425.0,424.2900085449219,424.80999755859375,640447
2026-01-29 17:15:00,424.80999755859375,425.3999938964844,424.6099853515625,424.8500061035156,603267
2026-01-29 17:20:00,424.8699951171875,425.2000122070313,424.4249877929688,425.1211853027344,636183
2026-01-29 17:25:00,425.1199951171875,425.1600036621094,423.6000061035156,424.78118896484375,744287
2026-01-29 17:30:00,424.7699890136719,425.3800048828125,424.5849914550781,424.9200134277344,554292
2026-01-29 17:35:00,424.9100036621094,425.2799987792969,424.6499938964844,424.6796875,575696
2026-01-29 17:40:00,424.6400146484375,424.7663879394531,423.6099853515625,424.3349914550781,607779
2026-01-29 17:45:00,424.2799987792969,424.510009765625,423.8500061035156,424.4700012207031,532160
2026-01-29 17:50:00,424.4700012207031,424.7900085449219,423.010009765625,423.8500061035156,687286
2026-01-29 17:55:00,423.8399963378906,424.5278015136719,423.7200012207031,424.4750061035156,516055
2026-01-29 18:00:00,424.5025024414063,425.5490112304688,424.3200073242188,424.9800109863281,530967
2026-01-29 18:05:00,424.9939880371094,425.0198974609375,424.54010009765625,424.80950927734375,427222
2026-01-29 18:10:00,424.80999755859375,425.6700134277344,424.6722106933594,425.1650085449219,681740
2026-01-29 18:15:00,425.1400146484375,425.1499938964844,424.12249755859375,424.3299865722656,633807
2026-01-29 18:20:00,424.3599853515625,424.7000122070313,423.7999877929688,423.9034118652344,427739
2026-01-29 18:25:00,423.8599853515625,424.0098876953125,423.3800048828125,423.94970703125,487906
2026-01-29 18:30:00,423.9495849609375,423.9700012207031,423.0299987792969,423.3999938964844,458852
2026-01-29 18:35:00,423.43798828125,424.239990234375,423.3200073242188,424.1000061035156,371985
2026-01-29 18:40:00,424.1099853515625,424.25,423.5499877929688,423.8599853515625,348298
2026-01-29 18:45:00,423.8792114257813,424.0,423.3399963378906,423.5849914550781,350849
2026-01-29 18:50:00,423.5849914550781,424.8299865722656,423.5700073242188,424.0799865722656,571191
2026-01-29 18:55:00,424.0799865722656,424.5700073242188,423.25,423.409912109375,453684
2026-01-29 19:00:00,423.3800048828125,423.8200073242188,423.010009765625,423.3500061035156,457756
2026-01-29 19:05:00,423.343505859375,424.0499877929688,423.3280029296875,423.5,422937
2026-01-29 19:10:00,423.4833068847656,424.0199890136719,423.25,423.75,393877
2026-01-29 19:15:00,423.760009765625,424.1799926757813,423.5700073242188,423.6300048828125,512693
2026-01-29 19:20:00,423.6600036621094,424.3500061035156,423.6000061035156,424.1824951171875,440715
2026-01-29 19:25:00,424.1809997558594,424.260009765625,423.6799926757813,423.8200073242188,413495
2026-01-29 19:30:00,423.7999877929688,424.3200073242188,423.7000122070313,423.9100036621094,470533
2026-01-29 19:35:00,423.9100036621094,424.0798950195313,423.1200866699219,423.3200073242188,432690
2026-01-29 19:40:00,423.3500061035156,423.7999877929688,423.2000122070313,423.4039916992188,402595
2026-01-29 19:45:00,423.3949890136719,423.5775146484375,423.2040100097656,423.5199890136719,347769
2026-01-29 19:50:00,423.5400085449219,423.9800109863281,423.4544982910156,423.6549987792969,443289
2026-01-29 19:55:00,423.6549987792969,423.7999877929688,423.3299865722656,423.7525024414063,358010
2026-01-29 20:00:00,423.760009765625,423.8299865722656,423.3900146484375,423.4498901367188,345431
2026-01-29 20:05:00,423.4299926757813,424.0,423.4049987792969,423.9500122070313,386513
2026-01-29 20:10:00,423.9500122070313,424.760009765625,423.9500122070313,424.3349914550781,654511
2026-01-29 20:15:00,424.3299865722656,425.2799987792969,424.3299865722656,424.8599853515625,654753
2026-01-29 20:20:00,424.8562927246094,426.0499877929688,424.8562927246094,426.0350036621094,839129
2026-01-29 20:25:00,426.0400085449219,427.5299987792969,425.0799865722656,427.3167114257813,1062149
2026-01-29 20:30:00,427.3450012207031,428.2099914550781,427.2000122070313,428.1709899902344,729158
2026-01-29 20:35:00,428.1698913574219,430.5299072265625,427.989990234375,430.4299926757813,1183818
2026-01-29 20:40:00,430.4599914550781,431.7799987792969,429.6799926757813,431.45989990234375,1621412
2026-01-29 20:45:00,431.4500122070313,431.75,428.260009765625,428.30999755859375,1234424
2026-01-29 20:50:00,428.30999755859375,431.5299987792969,428.30999755859375,431.3699951171875,1510617
2026-01-29 20:55:00,431.3900146484375,433.489990234375,431.2000122070313,433.4800109863281,3551487
2026-01-30 14:30:00,439.1700134277344,439.4700012207031,434.4800109863281,436.0950012207031,3095860
2026-01-30 14:35:00,436.0299987792969,437.05999755859375,433.6400146484375,434.75,802822
2026-01-30 14:40:00,434.760986328125,434.9388122558594,432.8299865722656,433.2999877929688,882465
2026-01-30 14:45:00,433.2999877929688,435.510009765625,432.4100036621094,435.3927917480469,993348
2026-01-30 14:50:00,435.3500061035156,436.36920166015625,434.4049987792969,435.0499877929688,713770
2026-01-30 14:55:00,435.0950012207031,436.3999938964844,434.7724914550781,435.55999755859375,477254
2026-01-30 15:00:00,435.5249938964844,437.0199890136719,435.3599853515625,435.4500122070313,515199
2026-01-30 15:05:00,435.4700012207031,437.2998962402344,435.4299926757813,436.2674865722656,427447
2026-01-30 15:10:00,436.2999877929688,437.1900024414063,435.8599853515625,436.4599914550781,505999
2026-01-30 15:15:00,436.4549865722656,437.0700073242188,435.2300109863281,435.3699951171875,425632
2026-01-30 15:20:00,435.3699951171875,435.4549865722656,434.2200927734375,434.489990234375,821779
2026-01-30 15:25:00,434.4849853515625,434.4849853515625,432.7001037597656,432.875,597734
2026-01-30 15:30:00,432.8500061035156,433.5198974609375,432.6199951171875,433.2349853515625,385549
2026-02-02 19:00:00,424.18499755859375,424.364990234375,424.1300048828125,424.30999755859375,46453
2026-02-02 19:05:00,424.2900085449219,424.4150085449219,423.7799987792969,424.3900146484375,318299
2026-02-02 19:10:00,424.3999938964844,424.5,423.8699951171875,423.9649963378906,226715
2026-02-02 19:15:00,423.9500122070313,424.41790771484375,423.7999877929688,424.3537902832031,241221
2026-02-02 19:20:00,424.3599853515625,424.510009765625,424.0,424.2300109863281,146838
2026-02-02 19:25:00,424.2200012207031,424.3699951171875,423.8800048828125,423.9500122070313,205980
2026-02-02 19:30:00,423.9299926757813,424.206787109375,423.6199951171875,424.0299987792969,215159
2026-02-02 19:35:00,424.0549926757813,424.1083984375,423.5299987792969,423.8500061035156,175813
2026-02-02 19:40:00,423.8499145507813,424.25,423.6000061035156,423.7799987792969,171395
2026-02-02 19:45:00,423.7650146484375,423.7749938964844,422.4500122070313,422.7605895996094,460047
2026-02-02 19:50:00,422.7536010742188,422.9100036621094,422.25,422.4299926757813,285536
2026-02-02 19:55:00,422.4200134277344,423.3150024414063,422.3299865722656,423.05999755859375,282067
2026-02-02 20:00:00,423.0400085449219,423.9500122070313,422.7200012207031,423.8349914550781,215217
2026-02-02 20:05:00,423.80999755859375,424.2200012207031,423.55999755859375,423.989990234375,201013
2026-02-02 20:10:00,423.9800109863281,424.327392578125,423.8500061035156,424.3250122070313,193488
2026-02-02 20:15:00,424.2999877929688,424.80999755859375,423.9400024414063,424.1300048828125,352528
2026-02-02 20:20:00,424.1000061035156,424.9200134277344,423.8599853515625,424.9100036621094,253684
2026-02-02 20:25:00,424.8900146484375,424.9200134277344,424.1415100097656,424.2200012207031,260817
2026-02-02 20:30:00,424.2149963378906,424.7999877929688,424.1799926757813,424.3900146484375,334804
2026-02-02 20:35:00,424.3599853515625,424.7200012207031,424.05999755859375,424.5400085449219,212896
2026-02-02 20:40:00,424.5199890136719,424.5400085449219,424.0499877929688,424.2349853515625,212715
2026-02-02 20:45:00,424.2349853515625,424.2349853515625,423.3500061035156,423.4106140136719,531518
2026-02-02 20:50:00,423.3999938964844,424.5899963378906,423.2099914550781,423.8200073242188,549939
2026-02-02 20:55:00,423.8200073242188,423.8550109863281,423.1400146484375,423.30999755859375,966830
2026-02-03 14:30:00,422.010009765625,422.010009765625,416.4599914550781,416.5549926757813,2544822
2026-02-03 14:35:00,416.5299987792969,418.0299987792969,416.4299926757813,416.6799926757813,787517
2026-02-03 14:40:00,416.6805114746094,417.5342102050781,415.6000061035156,416.1846008300781,865624
2026-02-03 14:45:00,416.1813049316406,417.2000122070313,415.9599914550781,416.2000122070313,609413
2026-02-03 14:50:00,416.1749877929688,416.5299987792969,415.010009765625,415.0299987792969,668304
2026-02-03 14:55:00,415.0249938964844,415.5799865722656,414.7000122070313,415.3800048828125,693367
2026-02-03 15:00:00,415.3800048828125,415.9700012207031,414.9000854492188,415.05999755859375,598809
2026-02-03 15:05:00,415.0299987792969,415.5299072265625,413.80999755859375,414.2149963378906,772728
2026-02-03 15:10:00,414.2000122070313,415.0299987792969,413.7000122070313,414.5899963378906,594672
2026-02-03 15:15:00,414.5849914550781,415.0899963378906,414.1099853515625,414.7999877929688,450887
2026-02-03 15:20:00,414.80999755859375,414.8399963378906,412.5700073242188,412.6241149902344,562245
2026-02-03 15:25:00,412.5799865722656,413.1700134277344,412.110107421875,412.30999755859375,515711
2026-02-03 15:30:00,412.2283935546875,412.6900024414063,411.5700073242188,411.57330322265625,565033
2026-02-03 15:35:00,411.55999755859375,412.760009765625,411.3200073242188,412.7218017578125,469462
2026-02-03 15:40:00,412.7300109863281,413.0299987792969,412.3298034667969,413.0198974609375,331617
2026-02-03 15:45:00,412.9800109863281,413.58990478515625,412.4500122070313,413.5249938964844,422932
2026-02-03 15:50:00,413.5400085449219,413.9299926757813,412.7701110839844,413.1199951171875,427052
2026-02-03 15:55:00,413.1400146484375,413.9800109863281,413.0299987792969,413.4150085449219,465022
2026-02-03 16:00:00,413.4150085449219,413.9200134277344,412.8800964355469,413.1549987792969,496130
2026-02-03 16:05:00,413.1600036621094,413.4200134277344,412.8200073242188,413.2850036621094,347011
2026-02-03 16:10:00,413.2850036621094,413.9800109863281,413.0799865722656,413.6950073242188,380824
2026-02-03 16:15:00,413.7200012207031,414.6799926757813,413.3500061035156,413.635009765625,382080
2026-02-03 16:20:00,413.6099853515625,413.989990234375,413.010009765625,413.5799865722656,305535
2026-02-03 16:25:00,413.56829833984375,413.9537048339844,413.0499877929688,413.2200012207031,372453
2026-02-03 16:30:00,413.25,413.55999755859375,412.8599853515625,412.989990234375,393403
2026-02-03 16:35:00,412.989990234375,413.3999938964844,412.8717041015625,413.0,310767
2026-02-03 16:40:00,413.052001953125,413.052001953125,412.1199951171875,412.2000122070313,293390
2026-02-03 16:45:00,412.1799926757813,412.260009765625,411.239990234375,412.2200927734375,450156
2026-02-03 16:50:00,412.2000122070313,412.5799865722656,411.55999755859375,412.55999755859375,277790
2026-02-03 16:55:00,412.5650024414063,413.1000061035156,412.4601135253906,412.6050109863281,220361
2026-02-03 17:00:00,412.5799865722656,412.7200012207031,412.18011474609375,412.639892578125,194612
2026-02-03 17:05:00,412.625,412.8699951171875,412.3599853515625,412.489990234375,218656
2026-02-03 17:10:00,412.4949951171875,412.5499877929688,411.231201171875,411.3299865722656,356869
2026-02-03 17:15:00,411.3550109863281,411.9599914550781,411.1300048828125,411.3949890136719,302382
2026-02-03 17:20:00,411.3599853515625,411.8800048828125,411.30999755859375,411.3500061035156,285845
2026-02-03 17:25:00,411.3299865722656,411.7000122070313,411.05999755859375,411.1375122070313,250189
2026-02-03 17:30:00,411.1199951171875,411.1400146484375,410.4299926757813,410.4500122070313,347720
2026-02-03 17:35:00,410.4649963378906,410.5,409.7000122070313,409.9649963378906,635043
2026-02-03 17:40:00,409.9599914550781,409.989990234375,409.3700866699219,409.5199890136719,445225
2026-02-03 17:45:00,409.5,410.6600036621094,409.3699951171875,410.2200012207031,486143
2026-02-03 17:50:00,410.2300109863281,411.1099853515625,409.9599914550781,410.947509765625,319212
2026-02-03 17:55:00,410.9649963378906,411.70599365234375,410.85009765625,411.1700134277344,379129
2026-02-03 18:00:00,411.1700134277344,411.8598937988281,411.1600036621094,411.6499938964844,240602
2026-02-03 18:05:00,411.6300048828125,412.80999755859375,411.5400085449219,412.4249877929688,285266
2026-02-03 18:10:00,412.4100036621094,412.4150085449219,411.6499938964844,411.7799987792969,236744
2026-02-03 18:15:00,411.7999877929688,412.4500122070313,411.2300109863281,412.4400024414063,330491
2026-02-03 18:20:00,412.4100036621094,412.489990234375,411.3836059570313,411.4450073242188,231641
2026-02-03 18:25:00,411.4450073242188,412.3699951171875,411.1799926757813,412.3500061035156,222684
2026-02-03 18:30:00,412.2999877929688,412.3599853515625,411.4750061035156,411.5350036621094,184230
2026-02-03 18:35:00,411.5350036621094,411.6000061035156,410.3699951171875,410.66900634765625,313122
2026-02-03 18:40:00,410.6300048828125,410.8500061035156,410.1199951171875,410.3699951171875,315075
2026-02-03 18:45:00,410.3900146484375,410.7300109863281,410.0799865722656,410.4400024414063,245453
2026-02-03 18:50:00,410.4200134277344,410.5101013183594,410.1700134277344,410.2300109863281,163671
2026-02-03 18:55:00,410.239990234375,410.5199890136719,409.5700073242188,409.8200073242188,406165
2026-02-03 19:00:00,409.8399963378906,409.8699951171875,409.4280090332031,409.55999755859375,334930
2026-02-03 19:05:00,409.5480041503906,410.2200012207031,409.4849853515625,409.9400024414063,332670
2026-02-03 19:10:00,409.9400024414063,411.4699096679688,409.8999938964844,411.3810119628906,299837
2026-02-03 19:15:00,411.3200073242188,411.5,410.6200866699219,410.6650085449219,292424
2026-02-03 19:20:00,410.6600036621094,411.4400024414063,410.2799987792969,411.260009765625,409995
2026-02-03 19:25:00,411.2850036621094,411.3299865722656,410.5700073242188,410.9249877929688,234028
2026-02-03 19:30:00,410.9599914550781,411.0798950195313,409.6799926757813,409.9710998535156,323924
2026-02-03 19:35:00,409.9700012207031,410.18499755859375,409.30999755859375,409.5950012207031,350335
2026-02-03 19:40:00,409.5700073242188,409.7950134277344,409.2099914550781,409.2699890136719,359752
2026-02-03 19:45:00,409.2699890136719,409.28118896484375,408.6600036621094,408.7998962402344,454292
2026-02-03 19:50:00,408.75,409.6050109863281,408.5700073242188,409.6050109863281,451042
2026-02-03 19:55:00,409.6400146484375,410.2200012207031,409.3299865722656,410.1300048828125,360749
2026-02-03 20:00:00,410.1099853515625,410.25,409.260009765625,409.3500061035156,269242
2026-02-03 20:05:00,409.3550109863281,410.31201171875,409.2099914550781,410.2300109863281,287366
2026-02-03 20:10:00,410.2250061035156,410.7699890136719,410.2000122070313,410.7300109863281,316772
2026-02-03 20:15:00,410.7300109863281,410.80999755859375,409.7699890136719,409.7999877929688,391893
2026-02-03 20:20:00,409.7999877929688,409.8599853515625,409.1000061035156,409.4700012207031,365463
2026-02-03 20:25:00,409.4800109863281,409.9700012207031,409.4215087890625,409.7099914550781,347469
2026-02-03 20:30:00,409.6700134277344,410.3399963378906,409.55999755859375,410.1799926757813,350625
2026-02-03 20:35:00,410.2099914550781,410.83599853515625,409.8373107910156,410.8299865722656,392448
2026-02-03 20:40:00,410.8189086914063,410.8399963378906,409.5400085449219,409.6799926757813,427101
2026-02-03 20:45:00,409.6700134277344,410.010009765625,409.4200134277344,409.7401123046875,391950
2026-02-03 20:50:00,409.7900085449219,411.260009765625,409.0140075683594,411.2149963378906,915405
2026-02-03 20:55:00,411.2099914550781,411.3500061035156,410.4599914550781,411.2900085449219,1241486
2026-02-04 14:30:00,411.05999755859375,412.7950134277344,410.1000061035156,412.6000061035156,1607459
2026-02-04 14:35:00,412.510009765625,414.6000061035156,412.1600036621094,413.7950134277344,737507
2026-02-04 14:40:00,413.7760925292969,415.3299865722656,412.9400024414063,413.1724853515625,608231
2026-02-04 14:45:00,413.1499938964844,413.4744873046875,411.3216857910156,411.7300109863281,417389
2026-02-04 14:50:00,411.7099914550781,411.9200134277344,409.739990234375,410.5199890136719,590569
2026-02-04 14:55:00,410.55999755859375,410.7998962402344,409.5400085449219,410.260009765625,454020
2026-02-04 15:00:00,410.0299987792969,411.6900024414063,409.260009765625,411.6499938964844,554475
2026-02-04 15:05:00,411.6099853515625,415.0899963378906,411.5499877929688,414.7749938964844,704260
2026-02-04 15:10:00,414.8299865722656,416.6000061035156,413.6199951171875,414.489990234375,1079442
2026-02-04 15:15:00,414.5,414.9100036621094,412.8200073242188,413.6050109863281,491401
2026-02-04 15:20:00,413.6050109863281,416.2999877929688,413.5,416.0700073242188,551736
2026-02-04 15:25:00,416.0650024414063,418.0899963378906,415.9100036621094,417.9750061035156,578971
2026-02-04 15:30:00,418.010009765625,418.0899963378906,416.05999755859375,416.9849853515625,544954
2026-02-04 15:35:00,416.9201965332031,417.2900085449219,415.6099853515625,417.1499938964844,400364
2026-02-04 15:40:00,417.1109924316406,417.7999877929688,415.4500122070313,416.2900085449219,415959
2026-02-04 15:45:00,416.3135070800781,416.7449951171875,414.7701110839844,415.1600036621094,471818
2026-02-04 15:50:00,415.1600036621094,416.1000061035156,415.0,415.2950134277344,210500
2026-02-04 15:55:00,415.30999755859375,416.1317138671875,414.4400024414063,415.4400024414063,256435
2026-02-04 16:00:00,415.4200134277344,415.6700134277344,414.0299987792969,414.6701049804688,201984
2026-02-04 16:05:00,414.7000122070313,415.8999938964844,414.489990234375,415.30999755859375,332465
2026-02-04 16:10:00,415.260009765625,416.8550109863281,415.2000122070313,416.2179870605469,270924
2026-02-04 16:15:00,416.1600036621094,416.4898986816406,415.3500061035156,415.6788940429688,255404
2026-02-04 16:20:00,415.6799926757813,416.6600036621094,415.489990234375,416.6400146484375,222059
2026-02-04 16:25:00,416.6449890136719,416.7200012207031,415.989990234375,416.5101013183594,251975
2026-02-04 16:30:00,416.489990234375,416.5398864746094,415.1799926757813,415.3900146484375,212222
2026-02-04 16:35:00,415.3900146484375,415.8699951171875,415.010009765625,415.0750122070313,255566
2026-02-04 16:40:00,415.1000061035156,415.1400146484375,414.02349853515625,414.1948852539063,265907
2026-02-04 16:45:00,414.18499755859375,414.6000061035156,413.7000122070313,414.5050048828125,187253
2026-02-04 16:50:00,414.4700012207031,415.75,413.8800048828125,415.7000122070313,248103
2026-02-04 16:55:00,415.7200012207031,416.37799072265625,415.2000122070313,415.4299926757813,223740
2026-02-04 17:00:00,415.4299926757813,415.7550048828125,415.0199890136719,415.5700988769531,172608
2026-02-04 17:05:00,415.6600036621094,415.6600036621094,414.760009765625,414.998291015625,171829
2026-02-04 17:10:00,414.9800109863281,415.0549926757813,413.8949890136719,413.9299926757813,151371
2026-02-04 17:15:00,413.989990234375,414.2799987792969,413.1400146484375,413.4498901367188,151475
2026-02-04 17:20:00,413.4400024414063,414.2999877929688,413.1449890136719,414.0899963378906,143989
2026-02-04 17:25:00,414.0903015136719,414.5,413.1700134277344,413.2999877929688,242015
2026-02-04 17:30:00,413.2900085449219,413.6499938964844,412.6300048828125,413.2699890136719,263011
2026-02-04 17:35:00,413.2828063964844,413.3599853515625,412.5849914550781,412.7000122070313,194996
2026-02-04 17:40:00,412.7200012207031,414.33990478515625,412.4501037597656,414.22760009765625,281083
2026-02-04 17:45:00,414.2000122070313,414.409912109375,413.414794921875,414.010009765625,213200
2026-02-04 17:50:00,413.9800109863281,414.6600036621094,413.5299987792969,414.4999084472656,219471
2026-02-04 17:55:00,414.5,414.7999877929688,414.010009765625,414.3550109863281,157623
2026-02-04 18:00:00,414.3699951171875,414.5299987792969,413.80999755859375,414.2101135253906,180487
2026-02-04 18:05:00,414.2200012207031,414.3900146484375,413.4400024414063,413.5700073242188,195727
2026-02-04 18:10:00,413.5,414.4400024414063,413.4601135253906,414.3349914550781,120220
2026-02-04 18:15:00,414.3655090332031,414.6199951171875,414.1400146484375,414.3500061035156,112218
2026-02-04 18:20:00,414.3800048828125,415.1099853515625,414.1799926757813,415.0700073242188,134028
2026-02-04 18:25:00,415.0499877929688,415.75,415.0499877929688,415.4299926757813,164232
2026-02-04 18:30:00,415.4200134277344,415.5700073242188,414.8800048828125,415.4500122070313,136831
2026-02-04 18:35:00,415.4375,415.7000122070313,415.2200012207031,415.6950073242188,126193
2026-02-04 18:40:00,415.6900024414063,416.7099914550781,415.6199951171875,416.2900085449219,201613
2026-02-04 18:45:00,416.2699890136719,417.260009765625,416.1799926757813,416.7300109863281,257613
2026-02-04 18:50:00,416.7300109863281,417.3999938964844,416.5119934082031,417.3599853515625,179128
2026-02-04 18:55:00,417.3299865722656,418.3200073242188,417.2395935058594,417.5199890136719,287164
2026-02-04 19:00:00,417.5299987792969,417.6400146484375,416.3800048828125,416.5198974609375,193602
2026-02-04 19:05:00,416.4500122070313,416.7999877929688,416.010009765625,416.7518005371094,200513
2026-02-04 19:10:00,416.75,417.1000061035156,416.6099853515625,416.7528991699219,168429
2026-02-04 19:15:00,416.7950134277344,417.1900024414063,416.4700012207031,416.7030944824219,163692
2026-02-04 19:20:00,416.7300109863281,417.25,416.3800048828125,417.1600036621094,193410
2026-02-04 19:25:00,417.1600036621094,417.489990234375,416.8341979980469,417.4100036621094,158598
2026-02-04 19:30:00,417.4299926757813,417.9100036621094,417.3399963378906,417.6600036621094,238924
2026-02-04 19:35:00,417.6400146484375,417.75,417.1799926757813,417.6650085449219,175327
2026-02-04 19:40:00,417.7000122070313,418.1799926757813,417.6449890136719,417.93951416015625,225465
2026-02-04 19:45:00,417.9450073242188,418.4800109863281,417.4299926757813,417.5199890136719,368042
2026-02-04 19:50:00,417.5299987792969,418.6700134277344,417.489990234375,417.7799987792969,271240
2026-02-04 19:55:00,417.8399963378906,418.2099914550781,417.4400024414063,417.7349853515625,204530
2026-02-04 20:00:00,417.7099914550781,417.8200073242188,416.4599914550781,416.6943054199219,242225
2026-02-04 20:05:00,416.6700134277344,416.9750061035156,416.1700134277344,416.7300109863281,183077
2026-02-04 20:10:00,416.7200012207031,416.8377990722656,415.7000122070313,415.8800048828125,166383
2026-02-04 20:15:00,415.9298095703125,416.0299987792969,415.5299987792969,415.8299865722656,195977
2026-02-04 20:20:00,415.8500061035156,416.0499877929688,415.4299926757813,415.7850036621094,248094
2026-02-04 20:25:00,415.8200073242188,415.8331909179688,415.1400146484375,415.1600036621094,213409
2026-02-04 20:30:00,415.1400146484375,415.4800109863281,414.875,415.3399963378906,330148
2026-02-04 20:35:00,415.3489990234375,415.80999755859375,415.0849914550781,415.5899963378906,245393
2026-02-04 20:40:00,415.5899963378906,415.8800048828125,415.5,415.6900024414063,301186
2026-02-04 20:45:00,415.6499938964844,415.7999877929688,414.7999877929688,415.0299987792969,308374
2026-02-04 20:50:00,415.1000061035156,415.1499938964844,412.6799926757813,413.64990234375,736721
2026-02-04 20:55:00,413.6499938964844,414.5799865722656,412.7799987792969,414.2200012207031,1278773
2026-02-05 14:30:00,407.7699890136719,408.2999877929688,401.9599914550781,405.7000122070313,3166114
2026-02-05 14:35:00,405.7099914550781,406.6199951171875,403.0400085449219,405.3500061035156,1136275
2026-02-05 14:40:00,405.3550109863281,405.5,401.5799865722656,403.7999877929688,1048556
2026-02-05 14:45:00,403.7900085449219,404.4500122070313,402.1799926757813,403.8240051269531,687406
2026-02-05 14:50:00,404.0,405.1000061035156,401.80999755859375,402.239990234375,586467
2026-02-05 14:55:00,402.2550048828125,402.9800109863281,400.1799926757813,400.739990234375,952348
2026-02-05 15:00:00,400.7449951171875,401.239990234375,398.6799926757813,399.1799926757813,1254712
2026-02-05 15:05:00,399.1694946289063,400.010009765625,398.2861022949219,399.93499755859375,908117
2026-02-05 15:10:00,399.9100036621094,399.93499755859375,398.1099853515625,398.1500854492188,1095193
2026-02-05 15:15:00,398.1575012207031,400.1000061035156,397.7000122070313,399.71868896484375,1104372
2026-02-05 15:20:00,399.6449890136719,400.7799987792969,399.0199890136719,400.4100036621094,539427
2026-02-05 15:25:00,400.3949890136719,401.7699890136719,400.3200073242188,401.7105102539063,486255
2026-02-05 15:30:00,401.6799926757813,401.9999084472656,399.8299865722656,401.1654968261719,495593
2026-02-05 15:35:00,401.2300109863281,403.0700073242188,401.1799926757813,402.9193115234375,500826
2026-02-05 15:40:00,402.9400024414063,403.2900085449219,402.0,402.1900024414063,398353
2026-02-05 15:45:00,402.1700134277344,402.1950073242188,399.7799987792969,400.125,410103
2026-02-05 15:50:00,400.1400146484375,401.1199951171875,399.8200073242188,399.875,444278
2026-02-05 15:55:00,399.875,400.3399963378906,399.1499938964844,400.2900085449219,440391
2026-02-05 16:00:00,400.3299865722656,400.9100036621094,399.760986328125,400.0,376197
2026-02-05 16:05:00,400.0,400.5499877929688,399.5,399.9400024414063,378596
2026-02-05 16:10:00,399.9400024414063,400.5199890136719,399.8399963378906,400.3200073242188,300895
2026-02-05 16:15:00,400.3200073242188,402.3799133300781,400.2500915527344,402.114990234375,408858
2026-02-05 16:20:00,402.1400146484375,404.3200073242188,402.1400146484375,403.5249938964844,668142
2026-02-05 16:25:00,403.5400085449219,404.7000122070313,403.2999877929688,404.3299865722656,467252
2026-02-05 16:30:00,404.3800048828125,404.6900024414063,403.6401062011719,404.625,368881
2026-02-05 16:35:00,404.6099853515625,404.9800109863281,403.9750061035156,404.2698974609375,373837
2026-02-05 16:40:00,404.2349853515625,404.8200073242188,403.7000122070313,403.9849853515625,302745
2026-02-05 16:45:00,404.0199890136719,404.7099914550781,403.4599914550781,404.6606140136719,300507
2026-02-05 16:50:00,404.6700134277344,405.9100036621094,404.4601135253906,405.625,363559
2026-02-05 16:55:00,405.625,405.9450073242188,405.1300048828125,405.6950073242188,232702
2026-02-05 17:00:00,405.6300048828125,405.6499938964844,404.7999877929688,405.1700134277344,179629
2026-02-05 17:05:00,405.1799011230469,405.2699890136719,404.2001037597656,404.4137878417969,169663
2026-02-05 17:10:00,404.3999938964844,405.1300048828125,404.1099853515625,404.9700012207031,199653
2026-02-05 17:15:00,404.989990234375,405.5799865722656,404.6700134277344,405.2999877929688,168309
2026-02-05 17:20:00,405.2950134277344,405.6499938964844,404.510009765625,405.6300048828125,287168
2026-02-05 17:25:00,405.6499938964844,406.1698913574219,405.239990234375,405.6900024414063,259063
2026-02-05 17:30:00,405.760009765625,406.30999755859375,405.6799926757813,406.2000122070313,205690
2026-02-05 17:35:00,406.2000122070313,406.2200012207031,405.6499938964844,405.6499938964844,160616
2026-02-05 17:40:00,405.6799926757813,405.9299926757813,404.9800109863281,405.590087890625,237146
2026-02-05 17:45:00,405.6400146484375,405.9198913574219,404.05999755859375,404.1400146484375,257975
2026-02-05 17:50:00,404.10009765625,404.4500122070313,403.5400085449219,403.75,297054
2026-02-05 17:55:00,403.7300109863281,403.8299865722656,402.6799926757813,402.7099914550781,210657
2026-02-05 18:00:00,402.7101135253906,403.6400146484375,402.3900146484375,402.5899963378906,251185
2026-02-05 18:05:00,402.565185546875,402.5700073242188,402.0799865722656,402.260009765625,256249
2026-02-05 18:10:00,402.2650146484375,402.3800048828125,401.6799926757813,401.8699951171875,238893
2026-02-05 18:15:00,401.8200073242188,401.8900146484375,401.0400085449219,401.4399108886719,309992
2026-02-05 18:20:00,401.4200134277344,401.8315124511719,400.75,400.9299926757813,311388
2026-02-05 18:25:00,400.9200134277344,401.6799926757813,400.7300109863281,401.30999755859375,210796
2026-02-05 18:30:00,401.3200073242188,402.2300109863281,401.2900085449219,401.5899963378906,216639
2026-02-05 18:35:00,401.5650024414063,401.5700073242188,400.6900024414063,401.4700012207031,247090
2026-02-05 18:40:00,401.4700012207031,401.4750061035156,400.8599853515625,401.1400146484375,204780
2026-02-05 18:45:00,401.1300048828125,401.3900146484375,400.8900146484375,401.1099853515625,157868
2026-02-05 18:50:00,401.0799865722656,401.0799865722656,400.0499877929688,400.2000122070313,287339
2026-02-05 18:55:00,400.2200012207031,400.6499938964844,400.0499877929688,400.2000122070313,253716
2026-02-05 19:00:00,400.2349853515625,400.4605102539063,399.6000061035156,399.9800109863281,468362
2026-02-05 19:05:00,399.9800109863281,400.739990234375,399.739990234375,399.8200073242188,325063
2026-02-05 19:10:00,399.80999755859375,400.3681945800781,399.6700134277344,399.9400024414063,425480
2026-02-05 19:15:00,399.9334106445313,400.0899963378906,399.75,399.9599914550781,279948
2026-02-05 19:20:00,400.010009765625,400.0398864746094,399.4010009765625,399.6000061035156,301357
2026-02-05 19:25:00,399.614990234375,399.614990234375,397.80999755859375,397.8599853515625,552804
2026-02-05 19:30:00,397.8299865722656,397.9400024414063,397.1199951171875,397.8599853515625,467702
2026-02-05 19:35:00,397.8500061035156,397.8699951171875,397.1700134277344,397.47650146484375,345981
2026-02-05 19:40:00,397.4811096191406,398.2000122070313,397.375,398.0899963378906,408279
2026-02-05 19:45:00,398.0899963378906,398.3999938964844,397.5899963378906,397.9601135253906,429811
2026-02-05 19:50:00,397.9750061035156,398.05999755859375,396.1099853515625,396.2200012207031,576423
2026-02-05 19:55:00,396.25,396.4200134277344,395.739990234375,396.0799865722656,587647
2026-02-05 20:00:00,396.0499877929688,396.760009765625,395.760009765625,396.1400146484375,439522
2026-02-05 20:05:00,396.1199951171875,396.8200073242188,395.8599853515625,396.7650146484375,523547
2026-02-05 20:10:00,396.75,396.9500122070313,394.6900024414063,394.7099914550781,975703
2026-02-05 20:15:00,394.6820068359375,395.0499877929688,393.9299926757813,394.8500061035156,624919
2026-02-05 20:20:00,394.8599853515625,395.0,393.1900024414063,393.25,569916
2026-02-05 20:25:00,393.25,394.1400146484375,392.9100036621094,393.4249877929688,633986
2026-02-05 20:30:00,393.4200134277344,394.1650085449219,393.3703002929688,394.0412902832031,540275
2026-02-05 20:35:00,394.0299987792969,394.2999877929688,393.5899963378906,393.875,691048
2026-02-05 20:40:00,393.8500061035156,394.5,393.0799865722656,393.0950012207031,720065
2026-02-05 20:45:00,393.0950012207031,393.3399963378906,392.4700012207031,392.8416137695313,628869
2026-02-05 20:50:00,392.8900146484375,393.989990234375,392.3299865722656,393.7000122070313,929348
2026-02-05 20:55:00,393.80999755859375,394.0,392.6199951171875,393.6000061035156,1650200
2026-02-06 14:30:00,399.1650085449219,399.1650085449219,393.75,397.0,3036274
2026-02-06 14:35:00,397.2349853515625,399.8949890136719,396.2000122070313,399.2651062011719,1197608
2026-02-06 14:40:00,399.6650085449219,400.1000061035156,398.6199951171875,399.0499877929688,409291
2026-02-06 14:45:00,399.2999877929688,399.989990234375,398.6300048828125,399.1412963867188,1054473
2026-02-06 14:50:00,399.2699890136719,399.9150085449219,397.80999755859375,397.9949951171875,605769
2026-02-06 14:55:00,398.0249938964844,398.2687072753906,395.5799865722656,395.6075134277344,658665
2026-02-06 15:00:00,395.7650146484375,396.3500061035156,394.55999755859375,395.1400146484375,557443
2026-02-06 15:05:00,395.1900024414063,396.55999755859375,395.0799865722656,395.8775024414063,494797
2026-02-06 15:10:00,395.8550109863281,397.1000061035156,395.010009765625,395.0499877929688,683227
2026-02-06 15:15:00,395.0549926757813,396.1700134277344,394.0400085449219,395.8599853515625,667674
2026-02-06 15:20:00,395.8399963378906,396.8399963378906,394.4949951171875,394.80999755859375,568192
2026-02-06 15:25:00,394.8349914550781,396.1814880371094,394.55999755859375,395.614990234375,505856
2026-02-06 15:30:00,395.5799865722656,396.4700012207031,395.2300109863281,396.4049987792969,452990
2026-02-06 15:35:00,396.3699951171875,396.4700012207031,395.1900024414063,395.2900085449219,391194
2026-02-06 15:40:00,395.260009765625,395.6950073242188,394.60009765625,394.8949890136719,369125
2026-02-06 15:55:00,393.6400146484375,394.3299865722656,393.5400085449219,394.0450134277344,1446409
2026-02-06 16:00:00,394.05999755859375,396.6799926757813,394.05999755859375,396.5700073242188,474021
2026-02-06 16:05:00,396.5799865722656,396.8399963378906,396.2000122070313,396.5549926757813,161074
2026-02-06 16:10:00,395.8049926757813,396.1499938964844,395.6700134277344,396.114990234375,509393
2026-02-06 16:15:00,397.1799926757813,397.1899108886719,396.9100036621094,397.0499877929688,370796
2026-02-06 16:20:00,397.2850036621094,398.2300109863281,397.1000061035156,397.989990234375,409551
2026-02-06 16:25:00,397.9649963378906,398.239990234375,397.0718078613281,397.43499755859375,277871
2026-02-06 16:30:00,397.3999938964844,398.1000061035156,397.1300048828125,397.8999938964844,369916
2026-02-06 16:35:00,397.9399108886719,398.1000061035156,397.1300048828125,397.6199951171875,291804
2026-02-06 16:40:00,397.5899963378906,398.3800048828125,396.6900024414063,396.9500122070313,807147
2026-02-06 16:45:00,396.9880065917969,397.2999877929688,396.7000122070313,396.9949951171875,172565
2026-02-06 16:50:00,397.0422973632813,397.0499877929688,396.3699951171875,396.9750061035156,207006
2026-02-06 16:55:00,396.9400024414063,396.9400024414063,395.5299987792969,396.4700012207031,293276
2026-02-06 17:00:00,396.4649963378906,396.7698974609375,396.0650024414063,396.6799926757813,170922
2026-02-06 17:05:00,396.7099914550781,397.4100036621094,396.7099914550781,397.239990234375,209682
2026-02-06 17:10:00,397.239990234375,397.7300109863281,396.6799926757813,396.760009765625,230449
2026-02-06 17:15:00,396.7449951171875,397.7999877929688,396.6784057617188,397.7349853515625,268722
2026-02-06 17:20:00,397.75,397.7699890136719,397.1300048828125,397.3999938964844,206812
2026-02-06 17:25:00,397.3999938964844,397.9700012207031,397.3901062011719,397.9500122070313,947030
2026-02-06 17:30:00,397.9500122070313,398.9399108886719,397.62701416015625,398.55999755859375,286935
2026-02-06 17:35:00,398.5660095214844,398.5899963378906,397.0899963378906,397.6499938964844,264118
2026-02-06 17:40:00,397.6400146484375,397.8900146484375,397.25,397.4750061035156,212804
2026-02-06 17:45:00,397.5,398.6400146484375,397.4599914550781,398.5950012207031,255029
2026-02-06 17:50:00,398.6050109863281,398.8999938964844,398.30999755859375,398.6449890136719,332231
2026-02-06 17:55:00,398.6199951171875,399.2099914550781,398.1400146484375,398.8999938964844,349017
2026-02-06 18:00:00,398.9100036621094,400.8699951171875,398.8999938964844,400.7200012207031,473745
2026-02-06 18:05:00,400.7598876953125,401.30999755859375,400.2300109863281,400.369384765625,413774
2026-02-06 18:10:00,399.8200073242188,400.0299987792969,399.8160095214844,399.9299926757813,105905
2026-02-06 18:15:00,399.12799072265625,399.7900085449219,398.9800109863281,399.6900024414063,465291
2026-02-06 18:20:00,399.7000122070313,399.8500061035156,399.3200073242188,399.4100036621094,183649
2026-02-06 18:25:00,399.4100036621094,399.9200134277344,399.0,399.4750061035156,238663
2026-02-06 18:30:00,399.52630615234375,399.7099914550781,399.1549987792969,399.2898864746094,163428
2026-02-06 18:35:00,399.2900085449219,400.0899963378906,399.2701110839844,399.6400146484375,244608
2026-02-06 18:40:00,399.6600036621094,399.7799987792969,399.2900085449219,399.4750061035156,225932
2026-02-06 18:45:00,399.49609375,399.6000061035156,398.0299987792969,398.25,285419
2026-02-06 18:50:00,398.26568603515625,398.2900085449219,397.0650024414063,397.4599914550781,276719
2026-02-06 18:55:00,397.4549865722656,397.8399963378906,397.3500061035156,397.7374877929688,230932
2026-02-06 19:00:00,397.7699890136719,397.9800109863281,397.5,397.8299865722656,196784
2026-02-06 19:05:00,397.8150024414063,398.2850036621094,397.6600036621094,398.2000122070313,219276
2026-02-06 19:10:00,398.2000122070313,398.5499877929688,397.8299865722656,398.1400146484375,195624
2026-02-06 19:15:00,398.1600036621094,398.4700012207031,397.989990234375,398.43499755859375,245646
2026-02-06 19:20:00,398.3900146484375,399.1600036621094,398.3500061035156,399.1099853515625,336262
2026-02-06 19:25:00,399.1300048828125,399.4500122070313,398.8450012207031,399.1400146484375,241535
2026-02-06 19:30:00,399.1600036621094,399.489990234375,398.9649963378906,399.2999877929688,187583
2026-02-06 19:35:00,399.2800903320313,399.8399963378906,399.25,399.6749877929688,207798
2026-02-06 19:40:00,399.6600036621094,399.8599853515625,399.0700073242188,399.2999877929688,241660
2026-02-06 19:45:00,399.2983093261719,399.8299865722656,399.1700134277344,399.6798095703125,167224
2026-02-06 19:50:00,399.6600036621094,399.8049926757813,399.427490234375,399.6050109863281,204781
2026-02-06 19:55:00,399.61810302734375,399.7300109863281,399.1700134277344,399.4866027832031,222224
2026-02-06 20:00:00,399.4700012207031,399.7900085449219,399.25,399.6499938964844,224061
2026-02-06 20:05:00,399.6300048828125,400.0299987792969,399.4949951171875,399.5498962402344,189916
2026-02-06 20:10:00,399.5299987792969,399.9849853515625,399.489990234375,399.8250122070313,248411
2026-02-06 20:15:00,399.8399963378906,400.0899963378906,399.760009765625,399.875,209380
2026-02-06 20:20:00,399.875,400.0499877929688,399.6000061035156,399.6300048828125,313639
2026-02-06 20:25:00,399.6500854492188,399.8587951660156,399.4200134277344,399.6600036621094,192894
2026-02-06 20:30:00,399.6300048828125,399.9100036621094,399.30999755859375,399.3250122070313,258826
2026-02-06 20:35:00,399.3200073242188,400.0199890136719,399.2799987792969,399.9400024414063,228948
2026-02-06 20:40:00,399.9200134277344,400.6300048828125,399.8599853515625,400.3349914550781,300081
2026-02-06 20:45:00,400.3349914550781,400.9500122070313,400.3200073242188,400.8900146484375,303802
2026-02-06 20:50:00,400.8599853515625,401.760009765625,400.5199890136719,401.739990234375,583888
2026-02-06 20:55:00,401.760009765625,401.7900085449219,400.7900085449219,400.80999755859375,1433104
2026-02-09 14:30:00,404.7999877929688,405.7999877929688,400.8699951171875,405.25,2229300
2026-02-09 14:35:00,405.2300109863281,408.5499877929688,403.6050109863281,408.5,863476
2026-02-09 14:40:00,408.556396484375,409.8900146484375,408.1600036621094,409.0849914550781,840052
2026-02-09 14:45:00,408.4249877929688,409.4800109863281,407.0400085449219,407.1400146484375,625386
2026-02-09 14:50:00,407.1300048828125,407.4400024414063,406.0,406.25,415844
2026-02-09 14:55:00,406.3200073242188,407.8399963378906,405.8900146484375,407.5700073242188,472251
2026-02-09 15:00:00,407.5799865722656,408.260986328125,407.072509765625,408.1600036621094,375288
2026-02-09 15:05:00,408.1400146484375,409.3999938964844,407.6300048828125,408.739990234375,365803
2026-02-09 15:10:00,408.7699890136719,410.5,408.1099853515625,410.3204956054688,689412
2026-02-09 15:15:00,410.3009948730469,410.7000122070313,409.8500061035156,410.6000061035156,389443
2026-02-09 15:20:00,410.6050109863281,410.8800048828125,409.4700012207031,410.6994934082031,695951
2026-02-09 15:25:00,410.6199951171875,410.8399963378906,409.3800048828125,409.9200134277344,542704
2026-02-09 15:30:00,409.9249877929688,410.6600036621094,409.6099853515625,410.05999755859375,354393
2026-02-09 15:35:00,410.1099853515625,410.80999755859375,409.9100036621094,410.2000122070313,263737
2026-02-09 15:40:00,410.2385864257813,410.5499877929688,409.6900024414063,410.1950988769531,290213
2026-02-09 15:45:00,410.1950073242188,410.9299926757813,410.0,410.889892578125,302446
2026-02-09 15:50:00,410.8900146484375,411.2300109863281,410.7099914550781,411.1311950683594,302868
2026-02-09 15:55:00,411.114990234375,411.8800048828125,410.9800109863281,411.7799987792969,302831
2026-02-09 16:00:00,411.7900085449219,412.0299987792969,411.4601135253906,411.760009765625,252876
2026-02-09 16:05:00,411.7699890136719,412.0899963378906,411.3399963378906,411.7300109863281,261531
2026-02-09 16:10:00,411.7200012207031,411.8974914550781,411.3699951171875,411.7200012207031,234347
2026-02-09 16:15:00,411.7000122070313,411.9200134277344,411.1900024414063,411.3009033203125,277314
2026-02-09 16:20:00,411.2900085449219,411.7799987792969,410.6300048828125,411.6451110839844,287170
2026-02-09 16:25:00,411.635009765625,412.1600036621094,411.4299926757813,412.0150146484375,184983
2026-02-09 16:30:00,412.0,412.1700134277344,411.4500122070313,411.8550109863281,216525
2026-02-09 16:35:00,411.8550109863281,411.989990234375,411.4500122070313,411.75,184309
2026-02-09 16:40:00,411.7349853515625,411.9601135253906,411.5150146484375,411.8800048828125,122489
2026-02-09 16:45:00,411.8800048828125,412.7799987792969,411.875,412.0499877929688,232671
2026-02-09 16:50:00,412.0350036621094,412.2999877929688,411.760009765625,411.760009765625,156356
2026-02-09 16:55:00,411.7650146484375,412.2099914550781,411.6191101074219,412.1199951171875,185641
2026-02-09 17:00:00,412.1000061035156,412.7000122070313,411.9614868164063,412.2298889160156,181014
2026-02-09 17:05:00,412.2200012207031,412.3500061035156,411.8900146484375,411.9150085449219,187868
2026-02-09 17:10:00,411.9150085449219,412.1700134277344,411.8399963378906,412.0899963378906,183710
2026-02-09 17:15:00,412.0700073242188,412.8399963378906,411.8900146484375,412.7601013183594,213481
2026-02-09 17:20:00,412.7699890136719,412.8200073242188,412.1900024414063,412.2850036621094,188355
2026-02-09 17:25:00,412.2850036621094,412.8999938964844,412.1099853515625,412.2699890136719,169488
2026-02-09 17:30:00,412.3299865722656,412.8800048828125,411.9800109863281,412.7507019042969,164763
2026-02-09 17:35:00,412.760009765625,412.9200134277344,412.4500122070313,412.6549987792969,142039
2026-02-09 17:40:00,412.6300964355469,412.7300109863281,412.3599853515625,412.5549926757813,111138
2026-02-09 17:45:00,412.5549926757813,412.6899108886719,412.1600036621094,412.6050109863281,209751
2026-02-09 17:50:00,412.6300048828125,412.760009765625,412.3299865722656,412.3999938964844,122798
2026-02-09 17:55:00,412.4299926757813,412.4500122070313,411.8299865722656,411.9500122070313,154935
2026-02-09 18:00:00,411.9599914550781,412.4599914550781,411.75,412.4100036621094,193177
2026-02-09 18:05:00,412.4299926757813,412.6799926757813,412.1799926757813,412.5700073242188,167611
2026-02-09 18:10:00,412.5650024414063,412.7300109863281,412.364990234375,412.7018127441406,155092
2026-02-09 18:15:00,412.6799926757813,412.739990234375,412.4541931152344,412.6400146484375,126292
2026-02-09 18:20:00,412.635009765625,412.7200012207031,411.9100036621094,412.3299865722656,175691
2026-02-09 18:25:00,412.2999877929688,412.39990234375,411.9599914550781,411.9849853515625,142846
2026-02-09 18:30:00,411.9800109863281,412.8999938964844,411.8800048828125,412.8999938964844,147604
2026-02-09 18:35:00,412.9049987792969,413.1654052734375,412.6000061035156,412.7650146484375,154147
2026-02-09 18:40:00,412.7799987792969,413.0199890136719,412.4500122070313,413.0,142443
2026-02-09 18:45:00,413.0,413.1050109863281,412.6600036621094,412.9299926757813,142075
2026-02-09 18:50:00,412.9200134277344,413.1799926757813,412.8299865722656,413.0450134277344,137128
2026-02-09 18:55:00,413.0400085449219,413.3399963378906,412.8200988769531,413.0849914550781,171724
2026-02-09 19:00:00,413.1099853515625,413.55999755859375,412.7699890136719,413.4299926757813,207102
2026-02-09 19:05:00,413.4500122070313,413.7049865722656,413.3399963378906,413.4599914550781,224997
2026-02-09 19:10:00,413.4779968261719,414.2900085449219,413.4400024414063,414.2900085449219,283713
2026-02-09 19:15:00,414.2900085449219,414.3800048828125,413.8599853515625,414.0799865722656,241972
2026-02-09 19:20:00,414.0517883300781,414.1199951171875,413.7200012207031,413.9399108886719,141567
2026-02-09 19:25:00,413.9299926757813,414.55999755859375,413.7000122070313,414.4949951171875,188332
2026-02-09 19:30:00,414.4949951171875,414.625,414.2000122070313,414.5950012207031,203285
2026-02-09 19:35:00,414.6199951171875,414.8900146484375,414.4299926757813,414.7799987792969,222479
2026-02-09 19:40:00,414.7799987792969,414.8500061035156,414.5899963378906,414.7699890136719,168603
2026-02-09 19:45:00,414.7601013183594,414.864990234375,414.1799926757813,414.2650146484375,163919
2026-02-09 19:50:00,414.25,414.5799865722656,414.0499877929688,414.1451110839844,184737
2026-02-09 19:55:00,414.1449890136719,414.1950073242188,413.760009765625,413.8500061035156,175921
2026-02-09 20:00:00,413.8500061035156,414.139892578125,413.7099914550781,413.8699951171875,146870
2026-02-09 20:05:00,413.85009765625,414.1900024414063,413.6799926757813,413.95989990234375,159493
2026-02-09 20:10:00,413.9500122070313,414.30999755859375,413.9100036621094,414.1400146484375,190699
2026-02-09 20:15:00,414.1400146484375,414.1600036621094,413.1400146484375,413.1799926757813,281608
2026-02-09 20:20:00,413.2099914550781,413.46771240234375,413.0,413.260009765625,250336
2026-02-09 20:25:00,413.260009765625,413.2926940917969,412.6499938964844,412.9800109863281,195225
2026-02-09 20:30:00,412.9750061035156,413.05999755859375,412.5899963378906,412.5907897949219,198934
2026-02-09 20:35:00,412.6000061035156,413.12939453125,412.4500122070313,413.05999755859375,258334
2026-02-09 20:40:00,413.0700073242188,413.80999755859375,412.7699890136719,413.7799987792969,248823
2026-02-09 20:45:00,413.7799987792969,414.489990234375,413.6400146484375,414.3287048339844,313649
2026-02-09 20:50:00,414.2900085449219,414.4100036621094,413.1900024414063,414.3450012207031,478072
2026-02-09 20:55:00,414.2699890136719,414.4100036621094,413.2900085449219,413.5,11175539
2026-02-10 14:30:00,419.6199951171875,419.7999877929688,416.3900146484375,417.4100036621094,1952185
2026-02-10 14:35:00,417.4800109863281,417.7699890136719,414.739990234375,415.9400024414063,679141
2026-02-10 14:40:00,415.9573974609375,417.8699951171875,415.5,417.4581909179688,410974
2026-02-10 14:45:00,417.5459899902344,418.8900146484375,417.3900146484375,418.7200012207031,574976
2026-02-10 14:50:00,418.7250061035156,419.6099853515625,417.6969909667969,419.5350036621094,470192
2026-02-10 14:55:00,419.5499877929688,421.3299865722656,419.2699890136719,421.3150024414063,573108
2026-02-10 15:00:00,421.2799987792969,422.7900085449219,420.9700012207031,422.135009765625,719829
2026-02-10 15:05:00,422.1235961914063,423.5199890136719,421.7900085449219,423.3200073242188,523100
2026-02-10 15:10:00,423.3200073242188,423.6799926757813,420.7900085449219,421.1400146484375,606992
2026-02-10 15:15:00,421.1499938964844,421.20989990234375,419.8800048828125,420.2999877929688,437290
2026-02-10 15:20:00,420.2900085449219,421.010009765625,420.0452880859375,420.25,348636
2026-02-10 15:25:00,420.260009765625,421.2000122070313,420.0400085449219,420.8250122070313,313444
2026-02-10 15:30:00,420.7699890136719,422.1199951171875,420.5299987792969,421.7099914550781,313310
2026-02-10 15:35:00,421.7099914550781,422.0498962402344,421.1365966796875,421.1365966796875,253647
2026-02-10 15:40:00,421.1600036621094,422.1199951171875,420.75,422.0549926757813,225748
2026-02-10 15:45:00,422.0549926757813,422.1900024414063,420.9800109863281,421.4849853515625,365249
2026-02-10 15:50:00,421.489990234375,422.1000061035156,421.1799926757813,421.9599914550781,193125
2026-02-10 15:55:00,421.9800109863281,422.3399963378906,421.25,421.760009765625,270166
2026-02-10 16:00:00,421.7950134277344,422.5299987792969,421.25,422.5199890136719,231579
2026-02-10 16:05:00,422.5,422.6700134277344,421.6600036621094,421.7300109863281,204092
2026-02-10 16:10:00,421.7099914550781,422.30999755859375,421.7099914550781,422.0400085449219,177867
2026-02-10 16:15:00,422.0849914550781,422.0849914550781,420.8999938964844,421.0499877929688,205235
2026-02-10 16:20:00,421.010009765625,421.0199890136719,419.4400024414063,420.0050048828125,402024
2026-02-10 16:25:00,420.0400085449219,420.7550048828125,419.8999938964844,420.2749938964844,206809
2026-02-10 16:30:00,420.2799987792969,420.4599914550781,419.8200073242188,420.1449890136719,250743
2026-02-10 16:35:00,420.1199951171875,420.7799987792969,420.0499877929688,420.2099914550781,173165
2026-02-10 16:40:00,420.2300109863281,420.7300109863281,420.1400146484375,420.260009765625,144676
2026-02-10 16:45:00,420.2699890136719,420.6300048828125,420.0750122070313,420.1900024414063,104694
2026-02-10 16:50:00,420.2049865722656,420.4700012207031,419.7999877929688,420.3955078125,164604
2026-02-10 16:55:00,420.3500061035156,420.5549926757813,420.0549926757813,420.3699951171875,123476
2026-02-10 17:00:00,420.364990234375,420.4898986816406,419.75,419.8599853515625,200654
2026-02-10 17:05:00,419.9198913574219,420.2749938964844,419.7099914550781,420.2099914550781,132802
2026-02-10 17:10:00,420.2049865722656,420.2999877929688,420.05999755859375,420.1499938964844,100635
2026-02-10 17:15:00,420.1400146484375,420.6449890136719,419.8599853515625,420.4801025390625,134804
2026-02-10 17:20:00,420.4599914550781,420.6000061035156,420.110107421875,420.2000122070313,121444
2026-02-10 17:25:00,420.1950073242188,420.510009765625,420.1099853515625,420.2199096679688,127869
2026-02-10 17:30:00,420.2000122070313,420.4400024414063,419.9849853515625,420.2099914550781,116786
2026-02-10 17:35:00,420.2049865722656,420.2900085449219,419.7142028808594,419.7999877929688,181980
2026-02-10 17:40:00,419.8049926757813,419.9700012207031,419.2200012207031,419.3212890625,154073
2026-02-10 17:45:00,419.3299865722656,419.5282897949219,418.3900146484375,418.3999938964844,157734
2026-02-10 17:50:00,418.4400024414063,419.1499938964844,418.4299926757813,418.989990234375,169786
2026-02-10 17:55:00,419.0299987792969,419.1099853515625,418.260009765625,418.489990234375,162064
2026-02-10 18:00:00,418.5199890136719,418.8049926757813,418.0,418.7000122070313,151656
2026-02-10 18:05:00,418.7049865722656,418.75,417.9599914550781,418.3949890136719,137554
2026-02-10 18:10:00,418.4200134277344,418.4200134277344,417.3900146484375,417.6199951171875,154833
2026-02-10 18:15:00,417.5924072265625,417.6700134277344,416.9455871582031,417.1549987792969,179054
2026-02-10 18:20:00,417.1499938964844,417.2300109863281,416.6099853515625,417.1099853515625,184062
2026-02-10 18:25:00,417.114990234375,417.1658020019531,416.05999755859375,416.1000061035156,131102
2026-02-10 18:30:00,416.0700073242188,416.6524963378906,415.9580078125,416.2800903320313,173219
2026-02-10 18:35:00,416.3395080566406,417.0975036621094,416.0700073242188,417.0950012207031,167894
2026-02-10 18:40:00,417.05999755859375,417.2900085449219,416.60009765625,416.7499084472656,112205
2026-02-10 18:45:00,416.7250061035156,416.7250061035156,416.110107421875,416.4570007324219,109916
2026-02-10 18:50:00,416.4700012207031,417.2200012207031,416.3399963378906,417.1099853515625,136819
2026-02-10 18:55:00,417.1300048828125,417.43939208984375,416.77239990234375,417.2900085449219,159012
2026-02-10 19:00:00,417.3200073242188,417.6200866699219,417.0199890136719,417.3276062011719,301793
2026-02-10 19:05:00,417.3299865722656,417.3299865722656,416.3699951171875,416.5899963378906,138166
2026-02-10 19:10:00,416.6099853515625,416.6499938964844,416.3544921875,416.5899963378906,97227
2026-02-10 19:15:00,416.5700073242188,416.6199951171875,416.2200012207031,416.489990234375,113683
2026-02-10 19:20:00,416.4800109863281,416.8200073242188,416.3999938964844,416.7898864746094,83420
2026-02-10 19:25:00,416.75,416.75,416.41009521484375,416.68499755859375,70198
2026-02-10 19:30:00,416.7300109863281,417.05999755859375,416.3550109863281,416.3800048828125,96484
2026-02-10 19:35:00,416.364990234375,416.4400024414063,415.6600036621094,415.6709899902344,159915
2026-02-10 19:40:00,415.6502075195313,415.6799011230469,415.0,415.1499938964844,278747
2026-02-10 19:45:00,415.2000122070313,416.0499877929688,415.0799865722656,415.8699951171875,167611
2026-02-10 19:50:00,415.8800048828125,415.8800048828125,415.2650146484375,415.3486022949219,123161
2026-02-10 19:55:00,415.3900146484375,415.8349914550781,415.385009765625,415.4800109863281,116597
2026-02-10 20:00:00,415.489990234375,415.510009765625,414.8500061035156,414.9700012207031,183226
2026-02-10 20:05:00,414.9599914550781,415.010009765625,414.4490051269531,414.4794921875,155800
2026-02-10 20:10:00,414.4794921875,414.5849914550781,413.3800048828125,413.5249938964844,525133
2026-02-10 20:15:00,413.5299987792969,414.3150024414063,413.5,413.9649963378906,322785
2026-02-10 20:20:00,413.9649963378906,414.3299865722656,413.7099914550781,413.760009765625,176011
2026-02-10 20:25:00,413.739990234375,414.5899963378906,413.6900024414063,414.51361083984375,205351
2026-02-10 20:30:00,414.4700012207031,414.968994140625,414.1799926757813,414.3399963378906,229378
2026-02-10 20:35:00,414.3800048828125,414.4399108886719,413.6400146484375,413.6549987792969,253331
2026-02-10 20:40:00,413.6549987792969,414.0274963378906,413.5,413.8500061035156,230319
2026-02-10 20:45:00,413.8500061035156,414.1700134277344,413.6400146484375,414.1499938964844,205309
2026-02-10 20:50:00,414.1099853515625,414.1099853515625,413.0,413.3399963378906,346747
2026-02-10 20:55:00,413.2300109863281,413.6337890625,412.7000122070313,413.3399963378906,797239
2026-02-11 14:30:00,416.093994140625,416.4599914550781,412.2699890136719,412.3999938964844,2160449
2026-02-11 14:35:00,412.3599853515625,412.4299926757813,409.2699890136719,409.7000122070313,719235
2026-02-11 14:40:00,409.6968078613281,410.6000061035156,408.010009765625,408.7999877929688,708469
2026-02-11 14:45:00,408.7799987792969,410.1099853515625,408.6700134277344,409.7200012207031,450037
2026-02-11 14:50:00,409.8250122070313,409.9100036621094,407.55999755859375,407.9100036621094,444788
2026-02-11 14:55:00,407.8471984863281,408.2564086914063,405.6600036621094,405.8909912109375,656477
2026-02-11 15:00:00,405.9500122070313,407.6300048828125,405.8399963378906,407.0,387378
2026-02-11 15:05:00,406.9800109863281,407.0698852539063,406.0,406.0899963378906,278285
2026-02-11 15:10:00,406.05999755859375,406.0639953613281,404.5086059570313,405.2565002441406,637480
2026-02-11 15:15:00,405.2200012207031,405.3399963378906,403.7900085449219,404.2699890136719,530617
2026-02-11 15:20:00,404.2850036621094,404.989990234375,403.3500061035156,403.7300109863281,544224
2026-02-11 15:25:00,403.7300109863281,404.05999755859375,402.8200073242188,403.7999877929688,440537
2026-02-11 15:30:00,403.8215942382813,405.3999938964844,403.6300048828125,405.2200012207031,444941
2026-02-11 15:35:00,405.2200012207031,405.6700134277344,404.3800048828125,404.6400146484375,321644
2026-02-11 15:40:00,404.6499938964844,404.9299926757813,404.1000061035156,404.7999877929688,230309
2026-02-11 15:45:00,404.8500061035156,405.26849365234375,404.0309143066406,404.39990234375,242557
2026-02-11 15:50:00,404.3872985839844,405.3999938964844,403.760009765625,405.0849914550781,389979
2026-02-11 15:55:00,405.0899963378906,405.2999877929688,404.3100891113281,404.43499755859375,261891
2026-02-11 16:00:00,404.4649963378906,404.6650085449219,403.4299926757813,403.59368896484375,292968
2026-02-11 16:05:00,403.6000061035156,403.7049865722656,402.6199951171875,402.6900024414063,429530
2026-02-11 16:10:00,402.6900024414063,404.0799865722656,402.6799926757813,403.8900146484375,285575
2026-02-11 16:15:00,403.885009765625,404.4898986816406,403.4200134277344,404.4599914550781,224047
2026-02-11 16:20:00,404.4700012207031,404.7000122070313,403.7799987792969,403.8900146484375,228543
2026-02-11 16:25:00,403.9400024414063,404.0199890136719,402.3800048828125,402.39691162109375,367524
2026-02-11 16:30:00,402.360107421875,403.18499755859375,402.0,402.0791015625,403295
2026-02-11 16:35:00,402.0499877929688,403.3999938964844,401.7900085449219,403.3500061035156,332480
2026-02-11 16:40:00,403.3550109863281,403.7900085449219,403.3049926757813,403.43499755859375,231076
2026-02-11 16:45:00,403.4400024414063,403.4700012207031,402.30999755859375,402.3700866699219,227506
2026-02-11 16:50:00,402.4200134277344,403.0499877929688,402.2603149414063,402.6418151855469,215238
2026-02-11 16:55:00,402.6000061035156,402.6299133300781,401.6199951171875,401.8150024414063,312942
2026-02-11 17:00:00,401.7900085449219,401.8500061035156,401.010009765625,401.3200073242188,304729
2026-02-11 17:05:00,401.3550109863281,402.45989990234375,401.2300109863281,402.3900146484375,215790
2026-02-11 17:10:00,402.4200134277344,403.1700134277344,402.3500061035156,403.090087890625,206071
2026-02-11 17:15:00,403.0899963378906,403.2698974609375,402.3900146484375,402.5700073242188,232327
2026-02-11 17:20:00,402.5350036621094,403.4299926757813,402.3832092285156,403.3869018554688,192323
2026-02-11 17:25:00,403.3900146484375,404.1000061035156,403.3800048828125,403.5799865722656,197481
2026-02-11 17:30:00,403.5700073242188,403.739990234375,403.3853149414063,403.6499938964844,673045
2026-02-11 17:35:00,403.6549987792969,403.7300109863281,403.0499877929688,403.2961120605469,231594
2026-02-11 17:40:00,403.2699890136719,404.2999877929688,403.2001037597656,404.1400146484375,209288
2026-02-11 17:45:00,404.1300048828125,404.3699035644531,403.8299865722656,403.8999938964844,168966
2026-02-11 17:50:00,403.8800048828125,404.489990234375,403.739990234375,404.0700073242188,141008
2026-02-11 17:55:00,404.1000061035156,404.2000122070313,403.1600036621094,403.3200073242188,179840
2026-02-11 18:00:00,403.3299865722656,403.3598937988281,402.7099914550781,402.8500061035156,181961
2026-02-11 18:05:00,402.8250122070313,403.10980224609375,402.6400146484375,402.8699951171875,117360
2026-02-11 18:10:00,402.8500061035156,403.0299987792969,402.510009765625,402.6549987792969,185180
2026-02-11 18:15:00,402.6199951171875,403.43499755859375,402.3200073242188,403.4299926757813,184698
2026-02-11 18:20:00,403.4100036621094,403.9498901367188,403.1600036621094,403.8800048828125,137422
2026-02-11 18:25:00,403.8399963378906,404.25,403.5899963378906,404.0650024414063,161810
2026-02-11 18:30:00,404.0650024414063,404.2799987792969,403.760009765625,404.1300048828125,248577
2026-02-11 18:35:00,404.135009765625,404.8200073242188,403.739990234375,404.7449951171875,172372
2026-02-11 18:40:00,404.7449951171875,404.7699890136719,404.2001037597656,404.4150085449219,154159
2026-02-11 18:45:00,404.4150085449219,404.6998901367188,404.2000122070313,404.6600036621094,160241
2026-02-11 18:50:00,404.6600036621094,405.0799865722656,404.35931396484375,404.9800109863281,180602
2026-02-11 18:55:00,404.9800109863281,405.2250061035156,404.7044982910156,405.1950073242188,186776
2026-02-11 19:00:00,405.1799926757813,405.239990234375,404.7950134277344,405.1499938964844,145021
2026-02-11 19:05:00,405.1700134277344,405.1700134277344,404.4649963378906,405.0549926757813,203675
2026-02-11 19:10:00,405.05999755859375,405.6099853515625,404.840087890625,405.4800109863281,141231
2026-02-11 19:15:00,405.489990234375,405.5899963378906,405.0299987792969,405.1799926757813,178970
2026-02-11 19:20:00,405.1600036621094,405.5700073242188,404.9500122070313,405.5581970214844,185580
2026-02-11 19:25:00,405.5499877929688,405.6199951171875,405.1199951171875,405.2699890136719,216805
2026-02-11 19:30:00,405.2900085449219,405.3200073242188,404.9400024414063,405.1000061035156,161540
2026-02-11 19:35:00,405.10009765625,405.1364135742188,404.8800048828125,404.9400024414063,181208
2026-02-11 19:40:00,404.9388122558594,405.1499938964844,404.6000061035156,405.0,143776
2026-02-11 19:45:00,404.9880065917969,404.989990234375,404.1700134277344,404.3699951171875,225530
2026-02-11 19:50:00,404.3599853515625,404.7799987792969,404.2200927734375,404.6499938964844,181866
2026-02-11 19:55:00,404.6700134277344,404.8500061035156,404.3999938964844,404.5899963378906,115252
2026-02-11 20:00:00,404.5700073242188,404.6600036621094,404.3599853515625,404.5499877929688,131057
2026-02-11 20:05:00,404.5299987792969,404.5650024414063,403.6400146484375,403.9700012207031,276442
2026-02-11 20:10:00,403.9400024414063,404.7506103515625,403.8299865722656,404.510009765625,178193
2026-02-11 20:15:00,404.5499877929688,404.6900024414063,404.2550048828125,404.3599853515625,150342
2026-02-11 20:20:00,404.385009765625,404.5899963378906,403.80999755859375,404.1400146484375,197492
2026-02-11 20:25:00,404.1449890136719,404.2799987792969,403.9500122070313,403.9794921875,190429
2026-02-11 20:30:00,403.9599914550781,404.0198974609375,403.4700012207031,403.7298889160156,235202
2026-02-11 20:35:00,403.7000122070313,403.9599914550781,403.4599914550781,403.9500122070313,236249
2026-02-11 20:40:00,403.9599914550781,404.25,403.6099853515625,403.7349853515625,267104
2026-02-11 20:45:00,403.7349853515625,404.1549987792969,403.6400146484375,404.0400085449219,277055
2026-02-11 20:50:00,404.0700073242188,405.1900024414063,403.0280151367188,405.1099853515625,565718
2026-02-11 20:55:00,405.05999755859375,405.0700073242188,404.1799926757813,404.2000122070313,11386666
2026-02-12 14:30:00,405.0,405.3399963378906,402.739990234375,402.8900146484375,1421900
2026-02-12 14:35:00,403.010009765625,404.6600036621094,402.3599853515625,403.4800109863281,461677
2026-02-12 14:40:00,403.4299926757813,403.8500061035156,401.1600036621094,401.3785095214844,535915
2026-02-12 14:45:00,401.3200073242188,401.9299926757813,400.2300109863281,401.0199890136719,627657
2026-02-12 14:50:00,401.0199890136719,403.4800109863281,400.7300109863281,402.5101013183594,422526
2026-02-12 14:55:00,402.510009765625,402.60260009765625,401.1600036621094,401.5,314111
2026-02-12 15:00:00,401.489990234375,401.7000122070313,400.9100036621094,401.0899963378906,419847
2026-02-12 15:05:00,401.1000061035156,401.75,400.55999755859375,401.0549926757813,400314
2026-02-12 15:10:00,401.0799865722656,402.1885986328125,400.739990234375,402.1400146484375,353448
2026-02-12 15:15:00,402.1400146484375,403.0199890136719,401.4800109863281,402.5050048828125,262749
2026-02-12 15:20:00,402.5899963378906,403.9700012207031,402.5700073242188,402.9825134277344,288129
2026-02-12 15:25:00,402.9649963378906,403.260009765625,402.0700073242188,402.43499755859375,180458
2026-02-12 15:30:00,402.4400024414063,402.8500061035156,401.9100036621094,402.0899963378906,185622
2026-02-12 15:35:00,402.1099853515625,402.3900146484375,401.30999755859375,401.4599914550781,252392
2026-02-12 15:40:00,401.4700012207031,401.5899963378906,400.9500122070313,401.0700073242188,221845
2026-02-12 15:45:00,401.05999755859375,402.25,400.9500122070313,401.9500122070313,234769
2026-02-12 15:50:00,402.0,402.05999755859375,400.7500915527344,400.7500915527344,217307
2026-02-12 15:55:00,400.7950134277344,400.8699951171875,399.6900024414063,399.93499755859375,505276
2026-02-12 16:00:00,399.9299926757813,400.0498962402344,398.8800048828125,399.68499755859375,440291
2026-02-12 16:05:00,399.6700134277344,399.9898986816406,398.8900146484375,399.2950134277344,258568
2026-02-12 16:10:00,399.3298950195313,399.4400024414063,398.510009765625,398.8949890136719,368148
2026-02-12 16:15:00,398.8900146484375,399.5498962402344,398.5799865722656,398.8699035644531,252373
2026-02-12 16:20:00,398.9299926757813,398.989990234375,398.010009765625,398.7192993164063,438352
2026-02-12 16:25:00,398.6700134277344,399.75,398.4299926757813,399.5400085449219,310090
2026-02-12 16:30:00,399.55999755859375,399.8800048828125,399.239990234375,399.6900024414063,3800590
2026-02-12 16:35:00,399.7000122070313,400.6900024414063,399.6600036621094,400.1600036621094,0
2026-02-12 16:40:00,400.1700134277344,400.2799987792969,398.8500061035156,398.9500122070313,281527
2026-02-12 16:45:00,398.9299926757813,399.3399963378906,398.4700012207031,399.2349853515625,247623
2026-02-12 16:50:00,399.2349853515625,399.9299926757813,399.0429992675781,399.9249877929688,175294
2026-02-12 16:55:00,399.9599914550781,400.4800109863281,399.9299926757813,400.3550109863281,4206025
2026-02-12 17:00:00,400.3200073242188,401.2799987792969,400.1499938964844,401.1300048828125,0
2026-02-12 17:05:00,401.1600036621094,401.5199890136719,400.5400085449219,401.3399963378906,219501
2026-02-12 17:10:00,401.30999755859375,401.30999755859375,400.4280090332031,401.1213073730469,119352
2026-02-12 17:15:00,401.125,401.4299926757813,400.6799926757813,401.0499877929688,158058
2026-02-12 17:20:00,401.0549926757813,402.0899963378906,401.0400085449219,402.0400085449219,236694
2026-02-12 17:25:00,402.0400085449219,402.93499755859375,401.9801025390625,402.4299926757813,255906
2026-02-12 17:30:00,402.4150085449219,403.47259521484375,402.3500061035156,403.2999877929688,227277
2026-02-12 17:35:00,403.2699890136719,403.6899108886719,402.7253112792969,402.9400024414063,177898
2026-02-12 17:40:00,402.9400024414063,403.9400024414063,402.6199951171875,403.6799926757813,195593
2026-02-12 17:45:00,403.6400146484375,403.7699890136719,402.760009765625,402.9049987792969,207890
2026-02-12 17:50:00,402.9100036621094,403.1700134277344,402.6000061035156,402.7999877929688,197512
2026-02-12 17:55:00,402.7799987792969,403.2699890136719,402.7799987792969,403.2200012207031,213525
2026-02-12 18:00:00,403.260009765625,403.7900085449219,402.3999938964844,402.4500122070313,375861
2026-02-12 18:05:00,402.5,403.1199951171875,402.3299865722656,402.9825134277344,150185
2026-02-12 18:10:00,402.9700012207031,404.3290100097656,402.8450012207031,404.2799987792969,306549
2026-02-12 18:15:00,404.2749938964844,404.6000061035156,403.4375,403.6099853515625,344064
2026-02-12 18:20:00,403.6449890136719,404.0249938964844,403.3999938964844,403.68499755859375,196209
2026-02-12 18:25:00,403.6499938964844,404.4599914550781,403.2099914550781,404.2699890136719,349089
2026-02-12 18:30:00,404.2950134277344,404.5199890136719,403.8900146484375,403.989990234375,225556
2026-02-12 18:35:00,403.9700927734375,404.4198913574219,403.6199951171875,404.3049926757813,250673
2026-02-12 18:40:00,404.3049926757813,405.1199951171875,404.1499938964844,405.0899963378906,320466
2026-02-12 18:45:00,405.0499877929688,405.75,404.6039123535156,404.6039123535156,450988
2026-02-12 18:50:00,404.6675109863281,405.80999755859375,404.489990234375,405.7049865722656,292453
2026-02-12 18:55:00,405.739990234375,406.2000122070313,405.4500122070313,405.6400146484375,315189
2026-02-12 19:00:00,405.6400146484375,405.9299926757813,404.6000061035156,405.0950012207031,225400
2026-02-12 19:05:00,405.1199951171875,405.5299987792969,405.0,405.4450073242188,160276
2026-02-12 19:10:00,405.4450073242188,405.5499877929688,404.1099853515625,404.5499877929688,205457
2026-02-12 19:15:00,404.5700073242188,404.9700012207031,404.3999938964844,404.9450073242188,137289
2026-02-12 19:20:00,404.9599914550781,405.8299865722656,404.8200073242188,405.75,184080
2026-02-12 19:25:00,405.760009765625,405.89990234375,405.1199951171875,405.2650146484375,163064
2026-02-12 19:30:00,405.2650146484375,405.9500122070313,405.2449951171875,405.3500061035156,185629
2026-02-12 19:35:00,405.3450012207031,405.9299926757813,405.2999877929688,405.55999755859375,143666
2026-02-12 19:40:00,405.5499877929688,405.7000122070313,405.0201110839844,405.0494995117188,157422
2026-02-12 19:45:00,405.0400085449219,405.6400146484375,404.9400024414063,405.4800109863281,171065
2026-02-12 19:50:00,405.5,405.8599853515625,405.1300048828125,405.7799987792969,174912
2026-02-12 19:55:00,405.7900085449219,406.1499938964844,405.2000122070313,405.4400024414063,246350
2026-02-12 20:00:00,405.4670104980469,405.760009765625,404.6700134277344,405.260009765625,223732
2026-02-12 20:05:00,405.260009765625,405.6900024414063,404.9150085449219,405.010009765625,260773
2026-02-12 20:10:00,405.010009765625,405.3699951171875,404.4599914550781,405.25,162819
2026-02-12 20:15:00,405.25,405.2999877929688,404.2999877929688,404.3999938964844,209653
2026-02-12 20:20:00,404.3800048828125,404.4100036621094,403.5199890136719,403.6000061035156,188194
2026-02-12 20:25:00,403.6199951171875,403.6300048828125,403.3299865722656,403.4700012207031,155556
2026-02-12 20:30:00,403.5150146484375,404.1499938964844,403.1480102539063,404.010009765625,188782
2026-02-12 20:35:00,404.0400085449219,404.0698852539063,403.1700134277344,403.4299926757813,202323
2026-02-12 20:40:00,403.4249877929688,403.760009765625,402.6900024414063,402.9100036621094,242588
2026-02-12 20:45:00,402.9100036621094,403.0,402.1199951171875,402.1900024414063,301449
2026-02-12 20:50:00,402.1700134277344,402.1700134277344,400.6900024414063,401.7699890136719,559135
2026-02-12 20:55:00,401.739990234375,402.0799865722656,400.93499755859375,401.8800048828125,867619
2026-02-13 14:30:00,404.1700134277344,404.5799865722656,401.0700073242188,401.4700012207031,1511423
2026-02-13 14:35:00,401.4200134277344,401.55999755859375,400.3399963378906,401.1199951171875,467423
2026-02-13 14:40:00,401.1300048828125,403.8799133300781,400.3299865722656,403.1700134277344,447831
2026-02-13 14:45:00,403.2449951171875,405.5400085449219,402.9500122070313,404.6499938964844,582678
2026-02-13 14:50:00,404.6875,404.6875,402.3200073242188,402.8900146484375,386162
2026-02-13 14:55:00,402.8901062011719,403.9200134277344,402.1000061035156,402.6950073242188,319283
2026-02-13 15:00:00,402.5899963378906,403.6900024414063,402.55999755859375,402.9700012207031,332251
2026-02-13 15:05:00,403.0534057617188,403.2000122070313,402.3999938964844,402.9500122070313,175064
2026-02-13 15:10:00,403.0499877929688,403.32611083984375,402.0202941894531,402.0791931152344,257519
2026-02-13 15:15:00,402.1400146484375,402.7300109863281,400.7000122070313,402.5249938964844,674931
2026-02-13 15:20:00,402.5400085449219,403.3277893066406,401.9700012207031,403.0199890136719,339711
2026-02-13 15:25:00,402.9923095703125,404.6499938964844,402.30999755859375,403.8949890136719,333594
2026-02-13 15:30:00,403.8500061035156,404.9400024414063,403.5799865722656,404.3599853515625,269507
2026-02-13 15:35:00,404.3200073242188,404.4200134277344,400.5,401.0400085449219,575235
2026-02-13 15:40:00,401.0750122070313,401.1300048828125,399.8999938964844,400.0299987792969,400251
2026-02-13 15:45:00,400.0899963378906,400.7149963378906,398.6000061035156,399.1650085449219,546165
2026-02-13 15:50:00,399.1700134277344,400.989990234375,399.0499877929688,400.9200134277344,269677
2026-02-13 15:55:00,400.9638977050781,401.1700134277344,399.9700012207031,400.1499938964844,268347
2026-02-13 16:00:00,400.1900024414063,400.6000061035156,399.5750122070313,399.7900085449219,266102
2026-02-13 16:05:00,399.7900085449219,400.989990234375,399.7000122070313,400.8374938964844,264804
2026-02-13 16:10:00,400.8200073242188,400.8200073242188,399.5899963378906,400.239990234375,256009
2026-02-13 16:15:00,400.2650146484375,400.3299865722656,399.3299865722656,399.364990234375,193850
2026-02-13 16:20:00,399.3599853515625,399.4549865722656,398.05999755859375,398.5400085449219,372505
2026-02-13 16:25:00,398.5700073242188,399.7000122070313,398.489990234375,399.6600036621094,230296
2026-02-13 16:30:00,399.6499938964844,400.25,399.25,399.80999755859375,230596
2026-02-13 16:35:00,399.8399963378906,400.80999755859375,399.7799987792969,400.7999877929688,283250
2026-02-13 16:40:00,400.8186950683594,401.0499877929688,400.3900146484375,401.0400085449219,157356
2026-02-13 16:45:00,401.0299987792969,401.7999877929688,401.0299987792969,401.5450134277344,207931
2026-02-13 16:50:00,401.5299987792969,402.2699890136719,401.5,402.2699890136719,196411
2026-02-13 16:55:00,402.2999877929688,402.9800109863281,402.072509765625,402.2250061035156,202025
2026-02-13 17:00:00,402.2149963378906,402.9075012207031,402.1799926757813,402.6000061035156,216848
2026-02-13 17:05:00,402.5799865722656,403.1700134277344,402.2900085449219,402.6300048828125,145982
2026-02-13 17:10:00,402.6400146484375,404.0350036621094,402.6400146484375,403.75,340059
2026-02-13 17:15:00,403.7550964355469,403.8200073242188,402.6700134277344,402.8200073242188,202434
2026-02-13 17:20:00,402.8399963378906,403.9500122070313,402.7099914550781,403.9299926757813,167015
2026-02-13 17:25:00,403.8949890136719,403.9400024414063,403.2799987792969,403.8500061035156,130494
2026-02-13 17:30:00,403.8550109863281,404.3900146484375,403.7999877929688,404.1000061035156,191439
2026-02-13 17:35:00,404.05999755859375,404.2000122070313,403.5199890136719,403.8200073242188,166419
2026-02-13 17:40:00,403.8299865722656,403.9100036621094,403.2300109863281,403.3800048828125,123080
2026-02-13 17:45:00,403.3699951171875,403.385009765625,402.8599853515625,403.1333923339844,146114
2026-02-13 17:50:00,403.1099853515625,403.3800048828125,402.8999938964844,403.1600036621094,131053
2026-02-13 17:55:00,403.1799926757813,403.4299926757813,402.9299926757813,403.2416076660156,113790
2026-02-13 18:00:00,403.25,403.8599853515625,403.2000122070313,403.5,115396
2026-02-13 18:05:00,403.4800109863281,403.6199951171875,403.0199890136719,403.2300109863281,121113
2026-02-13 18:10:00,403.2279968261719,403.5199890136719,402.8900146484375,403.0400085449219,122943
2026-02-13 18:15:00,403.0450134277344,403.6900024414063,402.8800048828125,403.5899963378906,88016
2026-02-13 18:20:00,403.5799865722656,404.6400146484375,403.5199890136719,404.55999755859375,121053
2026-02-13 18:25:00,404.5411071777344,404.8999938964844,404.0199890136719,404.5549926757813,163702
2026-02-13 18:30:00,404.5400085449219,404.8349914550781,404.2449951171875,404.8299865722656,100848
2026-02-13 18:35:00,404.80999755859375,404.875,404.0,404.1050109863281,170121
2026-02-13 18:40:00,404.1050109863281,404.1499938964844,403.1600036621094,403.1650085449219,87637
2026-02-13 18:45:00,403.1650085449219,404.0,403.1199951171875,403.7099914550781,106734
2026-02-13 18:50:00,403.715087890625,403.9500122070313,403.2999877929688,403.8399963378906,85882
2026-02-13 18:55:00,403.8150024414063,403.9800109863281,403.3200988769531,403.4700012207031,116277
2026-02-13 19:00:00,403.5,403.8200073242188,403.2275085449219,403.3150024414063,69859
2026-02-13 19:05:00,403.3200073242188,404.0400085449219,403.2000122070313,403.9599914550781,103614
2026-02-13 19:10:00,403.9400024414063,404.1499938964844,403.5,403.7200012207031,95763
2026-02-13 19:15:00,403.760009765625,404.0299987792969,403.6600036621094,403.8299865722656,84901
2026-02-13 19:20:00,403.8299865722656,403.9800109863281,403.6700134277344,403.6900939941406,104162
2026-02-13 19:25:00,403.7300109863281,403.8699951171875,402.9100036621094,403.0299987792969,114912
2026-02-13 19:30:00,402.9949951171875,403.5199890136719,402.8500061035156,403.5150146484375,108614
2026-02-13 19:35:00,403.5199890136719,403.6600036621094,403.0400085449219,403.2850036621094,108684
2026-02-13 19:40:00,403.2900085449219,403.55999755859375,402.7300109863281,402.96820068359375,101024
2026-02-13 19:45:00,402.9400024414063,403.0499877929688,402.4500122070313,402.5249938964844,96962
2026-02-13 19:50:00,402.5299987792969,402.6698913574219,401.7999877929688,402.1650085449219,188997
2026-02-13 19:55:00,402.1650085449219,402.2898864746094,401.5299987792969,401.6199951171875,129078
2026-02-13 20:00:00,401.6199951171875,402.1700134277344,401.6099853515625,401.8799133300781,178806
2026-02-13 20:05:00,401.8450012207031,402.25,401.5750122070313,401.9649963378906,151909
2026-02-13 20:10:00,401.9400024414063,402.0,401.4700012207031,401.5057067871094,117404
2026-02-13 20:15:00,401.489990234375,402.1000061035156,401.3500061035156,402.0950012207031,169376
2026-02-13 20:20:00,402.0499877929688,402.1998901367188,401.5400085449219,401.5799865722656,123855
2026-02-13 20:25:00,401.55999755859375,401.6300048828125,400.5400085449219,400.7304992675781,174393
2026-02-13 20:30:00,400.7200012207031,401.4400024414063,400.489990234375,400.5299987792969,170041
2026-02-13 20:35:00,400.5199890136719,400.93499755859375,400.2099914550781,400.3999938964844,199833
2026-02-13 20:40:00,400.3699951171875,400.6600036621094,400.0799865722656,400.25,250602
2026-02-13 20:45:00,400.260009765625,400.8399963378906,400.2000122070313,400.6700134277344,288135
2026-02-13 20:50:00,400.6400146484375,401.7999877929688,400.4400024414063,401.5849914550781,344245
2026-02-13 20:55:00,401.5499877929688,401.5799865722656,400.7000122070313,401.1600036621094,724354
2026-02-17 14:30:00,399.2550048828125,399.5798950195313,396.25,399.3800048828125,1570845
2026-02-17 14:35:00,399.3200073242188,400.05999755859375,398.6099853515625,398.75,438642
2026-02-17 14:40:00,398.7300109863281,399.75,397.3049926757813,397.625,273885
2026-02-17 14:45:00,397.6000061035156,397.89990234375,395.3699951171875,396.8150024414063,417867
2026-02-17 14:50:00,396.7799987792969,396.9599914550781,394.7799987792969,395.5899963378906,495665
2026-02-17 14:55:00,395.5899963378906,395.7000122070313,394.5249938964844,395.1900024414063,430830
2026-02-17 15:00:00,395.1900024414063,397.1600036621094,394.7300109863281,397.0,333738
2026-02-17 15:05:00,396.9750061035156,397.6799926757813,396.7000122070313,396.8699951171875,292670
2026-02-17 15:10:00,396.9400024414063,397.5950012207031,396.010009765625,396.5050048828125,326589
2026-02-17 15:15:00,396.5,398.2999877929688,396.5,398.0799865722656,224132
2026-02-17 15:20:00,398.1610107421875,398.239990234375,396.7900085449219,396.9700012207031,260380
2026-02-17 15:25:00,396.989990234375,397.2699890136719,396.3999938964844,396.8999938964844,209081
2026-02-17 15:30:00,396.9599914550781,397.1199951171875,395.6500854492188,395.760009765625,251003
2026-02-17 15:35:00,395.8200073242188,396.5299987792969,395.510009765625,395.5899963378906,329320
2026-02-17 15:40:00,395.6499938964844,396.8999938964844,395.590087890625,396.760009765625,204122
2026-02-17 15:45:00,396.7699890136719,397.7999877929688,396.68499755859375,397.5549926757813,171283
2026-02-17 15:50:00,397.5899963378906,398.0799865722656,397.2701110839844,398.0,186825
2026-02-17 15:55:00,398.0050048828125,398.3599853515625,397.1900024414063,397.739990234375,172002
2026-02-17 16:00:00,397.7900085449219,398.6000061035156,397.7200012207031,398.3200073242188,195996
2026-02-17 16:05:00,398.3150024414063,399.2999877929688,398.2799987792969,399.2200012207031,257725
2026-02-17 16:10:00,399.2049865722656,400.2999877929688,399.2049865722656,399.8399963378906,237476
2026-02-17 16:15:00,399.8399963378906,400.5199890136719,399.4800109863281,400.25,194232
2026-02-17 16:20:00,400.25,400.3200073242188,399.6600036621094,400.0350036621094,201870
2026-02-17 16:25:00,400.0199890136719,400.0199890136719,398.739990234375,398.8900146484375,203897
2026-02-17 16:30:00,398.8599853515625,399.0700073242188,398.5799865722656,398.9100036621094,143240
2026-02-17 16:35:00,398.8900146484375,399.4800109863281,398.8250122070313,398.9800109863281,182810
2026-02-17 16:40:00,398.9849853515625,399.2972106933594,398.3999938964844,398.6050109863281,200400
2026-02-17 16:45:00,398.6050109863281,399.0249938964844,398.3200073242188,398.6900024414063,101772
2026-02-17 16:50:00,398.760009765625,398.9259948730469,398.25,398.5201110839844,105263
2026-02-17 16:55:00,398.6099853515625,398.8200073242188,398.0799865722656,398.6400146484375,162560
2026-02-17 17:00:00,398.6400146484375,398.7300109863281,398.1000061035156,398.5549926757813,146828
2026-02-17 17:05:00,398.5199890136719,398.6199951171875,397.6499938964844,397.6499938964844,145247
2026-02-17 17:10:00,397.6600036621094,397.7799987792969,396.9400024414063,397.2650146484375,137794
2026-02-17 17:15:00,397.260009765625,397.5499877929688,396.5799865722656,396.93499755859375,117919
2026-02-17 17:20:00,396.9500122070313,397.0400085449219,396.1600036621094,396.6300048828125,139506
2026-02-17 17:25:00,396.635009765625,397.6000061035156,396.5299987792969,397.6000061035156,212428
2026-02-17 17:30:00,397.5799865722656,397.6900024414063,396.3500061035156,396.7000122070313,124855
2026-02-17 17:35:00,396.6700134277344,396.80999755859375,396.1950073242188,396.3250122070313,113681
2026-02-17 17:40:00,396.2999877929688,396.30999755859375,395.7099914550781,395.9500122070313,166592
2026-02-17 17:45:00,395.9299926757813,396.0299987792969,395.4200134277344,395.7000122070313,234811
2026-02-17 17:50:00,395.7099914550781,395.760009765625,394.7009887695313,394.9949951171875,310445
2026-02-17 17:55:00,394.9700012207031,396.0,394.760009765625,395.8500061035156,207693
2026-02-17 18:00:00,395.8100891113281,396.010009765625,395.2800903320313,395.739990234375,182271
2026-02-17 18:05:00,395.760009765625,395.8599853515625,395.4700927734375,395.6400146484375,122620
2026-02-17 18:10:00,395.6300048828125,396.0199890136719,395.3699951171875,395.7999877929688,126074
2026-02-17 18:15:00,395.7900085449219,395.9299926757813,395.4700012207031,395.6600036621094,95573
2026-02-17 18:20:00,395.6799926757813,396.9299011230469,395.5400085449219,396.7349853515625,292323
2026-02-17 18:25:00,396.739990234375,397.1099853515625,396.25,396.9200134277344,219723
2026-02-17 18:30:00,396.8800048828125,397.6799926757813,396.8299865722656,397.5499877929688,145856
2026-02-17 18:35:00,397.5499877929688,397.7900085449219,397.1700134277344,397.7850036621094,113564
2026-02-17 18:40:00,397.7900085449219,398.1400146484375,397.5,397.6400146484375,127135
2026-02-17 18:45:00,397.6600036621094,397.8699035644531,397.2200012207031,397.5114135742188,140478
2026-02-17 18:50:00,397.5199890136719,397.6400146484375,397.239990234375,397.5750122070313,94540
2026-02-17 18:55:00,397.5899963378906,397.619384765625,396.9599914550781,397.239990234375,129028
2026-02-17 19:00:00,397.239990234375,397.3099060058594,396.8789978027344,397.25,103119
2026-02-17 19:05:00,397.260009765625,397.3200073242188,396.5899963378906,397.0698852539063,674804
2026-02-17 19:10:00,397.0400085449219,397.3900146484375,396.7049865722656,397.2926940917969,143968
2026-02-17 19:15:00,397.2900085449219,397.30999755859375,396.9200134277344,397.1700134277344,130741
2026-02-17 19:20:00,397.1700134277344,397.2000122070313,396.739990234375,396.9800109863281,106476
2026-02-17 19:25:00,396.9750061035156,397.0176086425781,396.3399963378906,396.50189208984375,125572
2026-02-17 19:30:00,396.5199890136719,397.55999755859375,396.4800109863281,397.5350036621094,138248
2026-02-17 19:35:00,397.5499877929688,397.760009765625,397.4599914550781,397.760009765625,136112
2026-02-17 19:40:00,397.7699890136719,397.7900085449219,397.260009765625,397.3299865722656,137761
2026-02-17 19:45:00,397.3200073242188,397.4750061035156,397.0700073242188,397.4599914550781,145211
2026-02-17 19:50:00,397.4599914550781,397.4599914550781,396.9700012207031,397.0299987792969,138261
2026-02-17 19:55:00,397.0199890136719,397.1499938964844,396.6099853515625,396.7950134277344,161333
2026-02-17 20:00:00,396.7799987792969,397.33990478515625,396.7300109863281,396.7699890136719,174747
2026-02-17 20:05:00,396.7550048828125,397.1900024414063,396.7300109863281,397.0400085449219,135455
2026-02-17 20:10:00,397.0700073242188,397.18499755859375,396.7349853515625,397.1700134277344,117461
2026-02-17 20:15:00,397.1700134277344,397.1700134277344,396.7099914550781,396.7356872558594,131930
2026-02-17 20:20:00,396.75,396.8699951171875,396.4700012207031,396.5450134277344,126597
2026-02-17 20:25:00,396.5499877929688,396.7200012207031,396.3699951171875,396.3949890136719,135305
2026-02-17 20:30:00,396.3900146484375,396.3999938964844,396.05999755859375,396.2900085449219,153280
2026-02-17 20:35:00,396.2699890136719,396.5400085449219,396.0,396.3175048828125,176804
2026-02-17 20:40:00,396.3349914550781,397.0199890136719,396.2699890136719,396.7200012207031,233562
2026-02-17 20:45:00,396.6700134277344,396.9800109863281,396.5499877929688,396.8800048828125,226820
2026-02-17 20:50:00,396.8500061035156,397.8699951171875,396.1099853515625,396.7699890136719,495493
2026-02-17 20:55:00,396.760009765625,397.05999755859375,396.29010009765625,396.7900085449219,883752
2026-02-18 14:30:00,398.2000122070313,398.4500122070313,396.3200073242188,397.1300048828125,1061841
2026-02-18 14:35:00,397.1199951171875,398.8499145507813,396.3500061035156,398.2699890136719,338066
2026-02-18 14:40:00,398.2200012207031,399.4400024414063,397.5299987792969,399.05999755859375,278332
2026-02-18 14:45:00,399.05999755859375,399.3799133300781,397.7099914550781,397.7699890136719,261689
2026-02-18 14:50:00,397.7900085449219,398.4100036621094,397.1199951171875,398.3699951171875,203660
2026-02-18 14:55:00,398.3399963378906,399.2900085449219,398.1700134277344,398.8599853515625,218051
2026-02-18 15:00:00,398.8550109863281,400.5799865722656,398.760009765625,400.4089050292969,339309
2026-02-18 15:05:00,400.3728942871094,400.8500061035156,399.5407104492188,400.0849914550781,278118
2026-02-18 15:10:00,400.0700073242188,400.6597900390625,399.6400146484375,400.5750122070313,248776
2026-02-18 15:15:00,400.6000061035156,400.9299926757813,399.8900146484375,400.1650085449219,266552
2026-02-18 15:20:00,400.1300048828125,400.3699951171875,399.6813049316406,399.8999938964844,191854
2026-02-18 15:25:00,399.9200134277344,400.5,399.6499938964844,399.8200073242188,143859
2026-02-18 15:30:00,399.8900146484375,399.8900146484375,399.3999938964844,399.6199951171875,184208
2026-02-18 15:35:00,399.635009765625,400.1799926757813,399.5400085449219,400.1400146484375,176968
2026-02-18 15:40:00,400.159912109375,401.3200073242188,400.114990234375,401.30999755859375,266758
2026-02-18 15:45:00,401.2799987792969,401.4800109863281,401.010009765625,401.0216064453125,189574
2026-02-18 15:50:00,401.0499877929688,401.6789855957031,400.9700012207031,401.6346130371094,175147
2026-02-18 15:55:00,401.6384887695313,401.9400024414063,401.5,401.8999938964844,198337
2026-02-18 16:00:00,401.8800048828125,402.55999755859375,401.8406066894531,402.1300048828125,273406
2026-02-18 16:05:00,402.1199951171875,402.4800109863281,401.4643859863281,401.6099853515625,233784
2026-02-18 16:10:00,401.5455017089844,401.8399963378906,401.451904296875,401.7538146972656,151131
2026-02-18 16:15:00,401.760009765625,401.8399963378906,401.010009765625,401.0799865722656,176568
2026-02-18 16:20:00,401.0950012207031,401.2200012207031,400.6700134277344,401.2099914550781,150005
2026-02-18 16:25:00,401.2000122070313,401.510009765625,401.0700073242188,401.3800048828125,115232
2026-02-18 16:30:00,401.3599853515625,401.7149963378906,401.0,401.68499755859375,113434
2026-02-18 16:35:00,401.7200012207031,402.0700073242188,401.6300048828125,401.9100036621094,165877
2026-02-18 16:40:00,401.9200134277344,401.9299926757813,401.3800048828125,401.4798889160156,118971
2026-02-18 16:45:00,401.4599914550781,401.5799865722656,401.1700134277344,401.3599853515625,130584
2026-02-18 16:50:00,401.4399108886719,401.75,401.110107421875,401.2099914550781,158090
2026-02-18 16:55:00,401.2449951171875,401.4200134277344,400.9599914550781,400.9800109863281,89940
2026-02-18 17:00:00,400.9800109863281,401.3800048828125,400.9500122070313,401.2999877929688,93799
2026-02-18 17:05:00,401.2999877929688,402.1499938964844,401.2839965820313,401.4815979003906,166305
2026-02-18 17:10:00,401.489990234375,401.5799865722656,401.1799926757813,401.4100036621094,89170
2026-02-18 17:15:00,401.43499755859375,401.7200012207031,401.30999755859375,401.6600036621094,86422
2026-02-18 17:20:00,401.6000061035156,401.7200012207031,401.2300109863281,401.25,77289
2026-02-18 17:25:00,401.2550048828125,401.2550048828125,400.7749938964844,401.1199951171875,121284
2026-02-18 17:30:00,401.1000061035156,401.3299865722656,400.9100036621094,401.0249938964844,75983
2026-02-18 17:35:00,401.0224914550781,401.1199951171875,400.849609375,401.0700073242188,81722
2026-02-18 17:40:00,401.0799865722656,401.2199096679688,400.93011474609375,401.1700134277344,84154
2026-02-18 17:45:00,401.1749877929688,401.4299926757813,401.0700073242188,401.4100036621094,99998
2026-02-18 17:50:00,401.3949890136719,401.6700134277344,401.3800048828125,401.6299133300781,95980
2026-02-18 17:55:00,401.6099853515625,401.6700134277344,401.0199890136719,401.1099853515625,86280
2026-02-18 18:00:00,401.0899963378906,401.7900085449219,401.0499877929688,401.5499877929688,99831
2026-02-18 18:05:00,401.5350036621094,401.9100036621094,401.2300109863281,401.2749938964844,91904
2026-02-18 18:10:00,401.2734069824219,401.4100036621094,401.1199951171875,401.3399963378906,68060
2026-02-18 18:15:00,401.3309020996094,401.3999938964844,401.0799865722656,401.1499938964844,61340
2026-02-18 18:20:00,401.1400146484375,401.1700134277344,400.989990234375,401.05999755859375,84272
2026-02-18 18:25:00,401.0450134277344,401.2525024414063,400.9599914550781,401.2200012207031,92891
2026-02-18 18:30:00,401.2099914550781,401.3800048828125,400.8800048828125,401.1700134277344,89448
2026-02-18 18:35:00,401.2095031738281,401.4299926757813,401.0700073242188,401.0899963378906,93071
2026-02-18 18:40:00,401.05999755859375,401.0794982910156,400.1600036621094,400.4996032714844,141084
2026-02-18 18:45:00,400.510009765625,400.5299987792969,400.239990234375,400.39990234375,132650
2026-02-18 18:50:00,400.375,400.4100036621094,399.7300109863281,400.2650146484375,151733
2026-02-18 18:55:00,400.2449951171875,400.5400085449219,400.1799926757813,400.4500122070313,71319
2026-02-18 19:00:00,400.4450073242188,400.4800109863281,399.9500122070313,400.2650146484375,101854
2026-02-18 19:05:00,400.2650146484375,400.5499877929688,400.0101013183594,400.4049987792969,81655
2026-02-18 19:10:00,400.4049987792969,400.6000061035156,400.260009765625,400.3035888671875,103597
2026-02-18 19:15:00,400.2799987792969,400.4450073242188,400.1300048828125,400.4450073242188,100460
2026-02-18 19:20:00,400.4400024414063,401.1000061035156,400.4400024414063,400.8900146484375,109984
2026-02-18 19:25:00,400.8900146484375,401.0199890136719,400.5400085449219,400.5799865722656,105993
2026-02-18 19:30:00,400.5700073242188,400.7699890136719,400.2799987792969,400.6820983886719,100978
2026-02-18 19:35:00,400.6900024414063,400.7999877929688,399.9000854492188,399.9599914550781,162813
2026-02-18 19:40:00,399.9299926757813,400.0700073242188,399.4599914550781,399.739990234375,159364
2026-02-18 19:45:00,399.7699890136719,400.2099914550781,399.6600036621094,399.9400024414063,106677
2026-02-18 19:50:00,399.9700012207031,399.9800109863281,399.5799865722656,399.8250122070313,122420
2026-02-18 19:55:00,399.8550109863281,399.8599853515625,398.8699951171875,399.010009765625,195492
2026-02-18 20:00:00,398.989990234375,399.8800048828125,398.9800109863281,399.5799865722656,117194
2026-02-18 20:05:00,399.5950012207031,400.1300048828125,399.5350036621094,399.8399963378906,125496
2026-02-18 20:10:00,399.8299865722656,399.8457946777344,399.4100036621094,399.7300109863281,90790
2026-02-18 20:15:00,399.7300109863281,399.7900085449219,399.3200073242188,399.5350036621094,107207
2026-02-18 20:20:00,399.5199890136719,399.5199890136719,399.260009765625,399.5199890136719,108303
2026-02-18 20:25:00,399.489990234375,399.6072998046875,399.239990234375,399.3699951171875,102520
2026-02-18 20:30:00,399.3299865722656,399.9193115234375,399.3299865722656,399.9150085449219,131666
2026-02-18 20:35:00,399.8500061035156,400.2000122070313,399.80999755859375,400.0849914550781,153699
2026-02-18 20:40:00,400.0849914550781,400.239990234375,399.9601135253906,400.125,156745
2026-02-18 20:45:00,400.1300048828125,400.4400024414063,400.0,400.0750122070313,168088
2026-02-18 20:50:00,400.0950012207031,400.5,399.6650085449219,400.3299865722656,301741
2026-02-18 20:55:00,400.3399963378906,400.343994140625,399.3299865722656,399.5249938964844,1085023
2026-02-19 14:30:00,400.6900024414063,400.7099914550781,398.7699890136719,398.8804931640625,997218
2026-02-19 14:35:00,398.8949890136719,399.7799987792969,397.8800048828125,399.5450134277344,298529
2026-02-19 14:40:00,399.5700073242188,400.8900146484375,399.2099914550781,400.7900085449219,390804
2026-02-19 14:45:00,400.7950134277344,401.1400146484375,400.0199890136719,400.80999755859375,339250
2026-02-19 14:50:00,400.7999877929688,402.2300109863281,400.7799987792969,401.7900085449219,291665
2026-02-19 14:55:00,401.7999877929688,402.97900390625,401.739990234375,402.0,345460
2026-02-19 15:00:00,401.9599914550781,404.1650085449219,401.55999755859375,403.9400024414063,529920
2026-02-19 15:05:00,403.9599914550781,404.4299926757813,403.3500061035156,404.010009765625,340387
2026-02-19 15:10:00,404.0450134277344,404.1199951171875,402.2699890136719,402.3299865722656,239725
2026-02-19 15:15:00,402.3399963378906,402.7999877929688,401.7099914550781,401.7149963378906,218836
2026-02-19 15:20:00,401.7200012207031,402.1900024414063,401.2200012207031,401.5,223620
2026-02-19 15:25:00,401.4949951171875,401.6618041992188,400.55999755859375,400.6000061035156,208408
2026-02-19 15:30:00,400.6199951171875,401.4299926757813,400.4400024414063,401.1300048828125,235441
2026-02-19 15:35:00,401.1199951171875,401.6050109863281,400.0799865722656,401.3900146484375,280039
2026-02-19 15:40:00,401.3599853515625,401.4249877929688,400.7999877929688,401.1199951171875,152339
2026-02-19 15:45:00,401.1000061035156,401.5299987792969,400.9299926757813,401.1650085449219,215213
2026-02-19 15:50:00,401.1600036621094,401.1600036621094,399.7999877929688,399.989990234375,244037
2026-02-19 15:55:00,399.989990234375,400.7900085449219,399.9299926757813,400.7300109863281,170811
2026-02-19 16:00:00,400.7349853515625,401.0700073242188,400.25,400.3399963378906,175023
2026-02-19 16:05:00,400.3550109863281,400.5299987792969,399.7999877929688,400.3800048828125,209921
2026-02-19 16:10:00,400.4100036621094,400.9399108886719,400.1700134277344,400.864990234375,985612
2026-02-19 16:15:00,400.875,401.0799865722656,400.3500061035156,400.6600036621094,169635
2026-02-19 16:20:00,400.6700134277344,401.0199890136719,400.6000061035156,400.8699951171875,162943
2026-02-19 16:25:00,400.8699951171875,401.0705871582031,399.9249877929688,400.0899963378906,213328
2026-02-19 16:30:00,400.0799865722656,400.239990234375,399.5199890136719,400.1499938964844,226752
2026-02-19 16:35:00,400.090087890625,400.2099914550781,399.2000122070313,399.5874938964844,202815
2026-02-19 16:40:00,399.6000061035156,399.70989990234375,398.5199890136719,398.5549926757813,328946
2026-02-19 16:45:00,398.5549926757813,398.80999755859375,398.3500061035156,398.6400146484375,403774
2026-02-19 16:50:00,398.6099853515625,399.4299926757813,398.5,399.32470703125,204998
2026-02-19 16:55:00,399.3800048828125,399.42779541015625,398.7340087890625,398.8200073242188,145134
2026-02-19 17:00:00,398.8349914550781,399.0,398.5300903320313,398.6799926757813,138009
2026-02-19 17:05:00,398.6600036621094,399.3699951171875,398.5499877929688,398.9500122070313,163801
2026-02-19 17:10:00,398.9599914550781,399.3699951171875,398.8301086425781,399.0499877929688,99844
2026-02-19 17:15:00,399.0799865722656,399.489990234375,398.7999877929688,399.3800048828125,127600
2026-02-19 17:20:00,399.3800048828125,399.7880859375,399.1600036621094,399.5499877929688,182685
2026-02-19 17:25:00,399.5299987792969,399.6600036621094,398.9299926757813,399.0700073242188,128043
2026-02-19 17:30:00,399.0750122070313,399.260009765625,398.9400024414063,399.1600036621094,110683
2026-02-19 17:35:00,399.1549987792969,399.3299865722656,398.7099914550781,398.9949951171875,130485
2026-02-19 17:40:00,398.9700012207031,399.2398986816406,398.7300109863281,398.739990234375,117107
2026-02-19 17:45:00,398.7999877929688,398.7999877929688,397.8299865722656,397.9949951171875,221606
2026-02-19 17:50:00,398.0249938964844,398.6000061035156,397.8299865722656,398.05999755859375,116654
2026-02-19 17:55:00,398.1000061035156,398.1864013671875,397.7099914550781,397.8699951171875,97388
2026-02-19 18:00:00,397.8550109863281,398.0498962402344,397.6300048828125,397.6700134277344,136548
2026-02-19 18:05:00,397.6499938964844,397.8299865722656,397.30999755859375,397.7699890136719,201758
2026-02-19 18:10:00,397.75,398.1900024414063,397.6499938964844,398.1153869628906,127490
2026-02-19 18:15:00,398.0801086425781,398.1400146484375,397.55999755859375,397.6799926757813,116456
2026-02-19 18:20:00,397.6600036621094,397.7799987792969,397.1000061035156,397.6300048828125,191027
2026-02-19 18:25:00,397.614990234375,398.39990234375,397.5400085449219,398.2023010253906,198708
2026-02-19 18:30:00,398.18499755859375,398.2900085449219,397.7000122070313,397.805908203125,165700
2026-02-19 18:35:00,397.8190002441406,398.0400085449219,397.6700134277344,398.022705078125,106295
2026-02-19 18:40:00,398.0150146484375,398.06060791015625,397.30999755859375,397.3880004882813,155653
2026-02-19 18:45:00,397.3699951171875,397.989990234375,397.3599853515625,397.7300109863281,130821
2026-02-19 18:50:00,397.75,397.7749938964844,397.4700012207031,397.5700073242188,100754
2026-02-19 18:55:00,397.5899963378906,398.2799987792969,397.5899963378906,398.1300048828125,129950
2026-02-19 19:00:00,398.1400146484375,398.3299865722656,397.9599914550781,398.0893859863281,118728
2026-02-19 19:05:00,398.0750122070313,398.2999877929688,397.75,397.8450012207031,146800
2026-02-19 19:10:00,397.864990234375,397.9498901367188,397.5799865722656,397.8150024414063,93168
2026-02-19 19:15:00,397.7999877929688,398.33990478515625,397.7999877929688,398.29791259765625,72467
2026-02-19 19:20:00,398.30999755859375,398.489990234375,398.1099853515625,398.3800048828125,146407
2026-02-19 19:25:00,398.3800048828125,398.4100036621094,397.635009765625,397.6799926757813,125775
2026-02-19 19:30:00,397.67669677734375,397.8200073242188,397.5700073242188,397.6000061035156,110278
2026-02-19 19:35:00,397.6000061035156,397.6499938964844,396.7799987792969,396.9100036621094,251551
2026-02-19 19:40:00,396.8999938964844,397.2898864746094,396.8699951171875,397.0499877929688,158638
2026-02-19 19:45:00,397.0499877929688,397.1875915527344,396.7200012207031,396.8599853515625,138763
2026-02-19 19:50:00,396.8599853515625,397.1199951171875,396.7999877929688,396.9200134277344,148057
2026-02-19 19:55:00,396.9299926757813,397.0299987792969,396.6700134277344,396.9400024414063,172990
2026-02-19 20:00:00,396.9299926757813,397.3450927734375,396.91009521484375,397.2002868652344,154196
2026-02-19 20:05:00,397.2185974121094,397.5,396.9200134277344,397.0249938964844,174565
2026-02-19 20:10:00,397.0299987792969,397.1300048828125,396.8599853515625,397.010009765625,138526
2026-02-19 20:15:00,397.0199890136719,397.1799926757813,396.7699890136719,397.1300048828125,211309
2026-02-19 20:20:00,397.1499938964844,397.4299011230469,397.0899963378906,397.1698913574219,183933
2026-02-19 20:25:00,397.1300048828125,397.3800048828125,396.9100036621094,397.260009765625,153098
2026-02-19 20:30:00,397.239990234375,397.5,397.1300048828125,397.3299865722656,187266
2026-02-19 20:35:00,397.3716125488281,397.4800109863281,396.8999938964844,396.9200134277344,206299
2026-02-19 20:40:00,396.9200134277344,397.4200134277344,396.91400146484375,397.3599853515625,158834
2026-02-19 20:45:00,397.364990234375,398.05999755859375,397.2300109863281,397.9549865722656,246986
2026-02-19 20:50:00,397.9299926757813,398.3800048828125,397.8500061035156,398.260009765625,300527
2026-02-19 20:55:00,398.260009765625,398.6499938964844,398.1700134277344,398.4100036621094,786255
2026-02-20 14:30:00,396.1499938964844,396.8399963378906,395.1600036621094,395.5499877929688,2311664
2026-02-20 14:35:00,395.5899963378906,397.75,395.3706970214844,397.2300109863281,413453
2026-02-20 14:40:00,397.2048034667969,398.6000061035156,397.2048034667969,397.9700012207031,403629
2026-02-20 14:45:00,397.9299926757813,397.98919677734375,397.0499877929688,397.43499755859375,311840
2026-02-20 14:50:00,397.4299926757813,397.8349914550781,397.0,397.2049865722656,259796
2026-02-20 14:55:00,397.18499755859375,397.6300048828125,396.2000122070313,396.4500122070313,366240
2026-02-20 15:00:00,396.5499877929688,398.5299987792969,396.2900085449219,398.2349853515625,589394
2026-02-20 15:05:00,398.3150024414063,398.3599853515625,395.9200134277344,397.7999877929688,347324
2026-02-20 15:10:00,397.8200073242188,399.2699890136719,397.4049987792969,397.43011474609375,332878
2026-02-20 15:15:00,397.4849853515625,397.80999755859375,396.1300048828125,397.239990234375,268465
2026-02-20 15:20:00,397.1900024414063,398.1000061035156,397.0700073242188,397.3150024414063,189342
2026-02-20 15:25:00,397.3200073242188,397.7699890136719,396.6000061035156,396.80999755859375,226795
2026-02-20 15:30:00,396.7999877929688,397.2999877929688,396.1600036621094,396.7300109863281,257395
2026-02-20 15:35:00,396.7200012207031,397.4299926757813,396.2850036621094,397.3599853515625,196786
2026-02-20 15:40:00,397.3800048828125,397.93499755859375,396.4500122070313,397.9249877929688,236316
2026-02-20 15:45:00,397.8699951171875,398.7099914550781,397.5899963378906,398.5299987792969,242927
2026-02-20 15:50:00,398.5299987792969,399.3999938964844,398.2000122070313,399.239990234375,232390
2026-02-20 15:55:00,399.239990234375,399.7049865722656,398.6099853515625,399.6600036621094,287808
2026-02-20 16:00:00,399.6199951171875,400.1159057617188,399.0799865722656,399.9299926757813,320687
2026-02-20 16:05:00,399.9498901367188,399.9498901367188,398.75,398.840087890625,186623
2026-02-20 16:10:00,398.9200134277344,398.9500122070313,397.6600036621094,397.7000122070313,294349
2026-02-20 16:15:00,397.7250061035156,397.9194030761719,397.1099853515625,397.7149963378906,212193
2026-02-20 16:20:00,397.7099914550781,397.8349914550781,397.0499877929688,397.6405029296875,161872
2026-02-20 16:25:00,397.6380004882813,397.9700012207031,397.1400146484375,397.55999755859375,145854
2026-02-20 16:30:00,397.5205993652344,398.2799987792969,397.3309020996094,398.1099853515625,174817
2026-02-20 16:35:00,398.1400146484375,398.3900146484375,397.6700134277344,398.3599853515625,127745
2026-02-20 16:40:00,398.3999938964844,398.8999938964844,398.1400146484375,398.7449951171875,148252
2026-02-20 16:45:00,398.7420043945313,399.760009765625,398.7149963378906,399.7524108886719,187361
2026-02-20 16:50:00,399.739990234375,399.760009765625,398.9800109863281,399.3049926757813,157458
2026-02-20 16:55:00,399.2900085449219,399.3200073242188,398.9700012207031,399.1199951171875,114980
2026-02-20 17:00:00,399.0799865722656,399.5700073242188,398.7699890136719,398.7699890136719,200495
2026-02-20 17:05:00,398.7699890136719,398.80999755859375,397.8815002441406,397.9400024414063,133258
2026-02-20 17:10:00,397.9400024414063,397.9649963378906,397.3902893066406,397.4649963378906,167120
2026-02-20 17:15:00,397.4649963378906,397.4649963378906,396.6400146484375,396.739990234375,235643
2026-02-20 17:20:00,396.7099914550781,396.7499084472656,396.0799865722656,396.0799865722656,239986
2026-02-20 17:25:00,396.05999755859375,396.989990234375,395.989990234375,396.864990234375,205168
2026-02-20 17:30:00,396.8800048828125,397.2900085449219,396.7699890136719,396.9949951171875,120658
2026-02-20 17:35:00,397.0299987792969,397.1099853515625,396.3599853515625,396.8299865722656,127080
2026-02-20 17:40:00,396.7999877929688,396.8294982910156,396.2900085449219,396.6400146484375,163001
2026-02-20 17:45:00,396.6600036621094,397.1700134277344,396.5799865722656,397.05999755859375,144708
2026-02-20 17:50:00,397.0499877929688,397.5,396.8200073242188,397.2999877929688,111595
2026-02-20 17:55:00,397.2200012207031,397.8200073242188,396.3999938964844,397.5650024414063,175486
2026-02-20 18:00:00,397.5299987792969,397.8399963378906,397.1300964355469,397.1600036621094,129627
2026-02-20 18:05:00,397.1900024414063,397.7999877929688,397.1199951171875,397.4400024414063,135759
2026-02-20 18:10:00,397.4549865722656,397.5,396.7900085449219,396.9200134277344,103855
2026-02-20 18:15:00,396.9500122070313,396.989990234375,396.2999877929688,396.614990234375,173341
2026-02-20 18:20:00,396.64990234375,397.2999877929688,396.2099914550781,397.090087890625,228393
2026-02-20 18:25:00,397.2099914550781,397.4399108886719,396.7200012207031,396.9849853515625,133069
2026-02-20 18:30:00,396.9500122070313,398.1600036621094,396.5199890136719,397.9599914550781,170466
2026-02-20 18:35:00,397.9100036621094,398.4800109863281,397.3200073242188,397.739990234375,142660
2026-02-20 18:40:00,397.6950073242188,398.3900146484375,397.5584106445313,398.2799987792969,127506
2026-02-20 18:45:00,398.3799133300781,399.010009765625,398.29010009765625,398.6799926757813,139196
2026-02-20 18:50:00,398.6799926757813,398.8200073242188,398.0700073242188,398.6499938964844,125028
2026-02-20 18:55:00,398.635009765625,398.9400024414063,398.4599914550781,398.6500854492188,169105
2026-02-20 19:00:00,398.7000122070313,398.8200073242188,398.3909912109375,398.3909912109375,103641
2026-02-20 19:05:00,398.41900634765625,398.5299987792969,398.0199890136719,398.3599853515625,90836
2026-02-20 19:10:00,398.3599853515625,398.4498901367188,397.4949951171875,397.5750122070313,122739
2026-02-20 19:15:00,397.6000061035156,397.6700134277344,397.2799987792969,397.50579833984375,151221
2026-02-20 19:20:00,397.5,397.5199890136719,397.1000061035156,397.2300109863281,133195
2026-02-20 19:25:00,397.239990234375,397.2698974609375,396.80999755859375,396.8900146484375,162174
2026-02-20 19:30:00,396.9100036621094,397.3800048828125,396.8399963378906,397.2149963378906,197251
2026-02-20 19:35:00,397.2300109863281,397.5299987792969,397.0201110839844,397.5150146484375,161165
2026-02-20 19:40:00,397.5299987792969,397.8699951171875,397.4700012207031,397.6499938964844,128586
2026-02-20 19:45:00,397.6499938964844,397.7300109863281,397.35009765625,397.5249938964844,117573
2026-02-20 19:50:00,397.510009765625,397.6799926757813,396.8500061035156,397.1081848144531,155470
2026-02-20 19:55:00,397.1199951171875,397.1400146484375,396.760009765625,396.8800048828125,170869
2026-02-20 20:00:00,396.8949890136719,397.3699951171875,396.8800048828125,397.1050109863281,135867
2026-02-20 20:05:00,397.1199951171875,397.8699951171875,397.0899963378906,397.4150085449219,197397
2026-02-20 20:10:00,397.4150085449219,397.6400146484375,397.3550109863281,397.6199951171875,139429
2026-02-20 20:15:00,397.6199951171875,397.7799072265625,397.0650024414063,397.0799865722656,160952
2026-02-20 20:20:00,397.1000061035156,397.2049865722656,396.9700012207031,397.0899963378906,174227
2026-02-20 20:25:00,397.0799865722656,397.1199951171875,396.75,396.8200073242188,267290
2026-02-20 20:30:00,396.80999755859375,396.9599914550781,396.56201171875,396.6799926757813,271239
2026-02-20 20:35:00,396.6900024414063,397.1799926757813,396.5249938964844,397.1749877929688,156283
2026-02-20 20:40:00,397.1700134277344,397.6900024414063,397.05999755859375,397.6400146484375,229920
2026-02-20 20:45:00,397.6300048828125,397.8699951171875,397.2099914550781,397.3200073242188,212241
2026-02-20 20:50:00,397.3399963378906,397.3550109863281,396.6600036621094,397.1565856933594,282627
2026-02-20 20:55:00,397.1400146484375,397.4249877929688,396.7749938964844,397.25,826099
2026-02-23 14:30:00,395.1900024414063,395.30999755859375,390.2699890136719,392.7000122070313,3189973
2026-02-23 14:35:00,392.6899108886719,393.05999755859375,390.2799987792969,390.5299987792969,833676
2026-02-23 14:40:00,390.5400085449219,390.5400085449219,387.8800048828125,387.8800048828125,0
2026-02-23 14:45:00,387.8699951171875,388.3399963378906,387.3800048828125,387.5899963378906,876934
2026-02-23 14:50:00,387.5700073242188,389.5,387.2699890136719,388.2449951171875,605241
2026-02-23 14:55:00,388.1700134277344,389.0,387.9500122070313,388.75,391362
2026-02-23 15:00:00,388.7250061035156,389.75,388.3900146484375,388.55999755859375,429471
2026-02-23 15:05:00,388.6600036621094,388.9100036621094,387.9849853515625,388.1050109863281,434809
2026-02-23 15:10:00,388.0899963378906,388.8500061035156,387.9100036621094,387.9800109863281,389451
2026-02-23 15:15:00,387.9800109863281,388.2250061035156,387.0899963378906,388.1700134277344,558433
2026-02-23 15:20:00,388.2049865722656,389.75,388.0700073242188,388.8049926757813,452327
2026-02-23 15:25:00,388.7799987792969,389.4299926757813,388.1799926757813,388.4299926757813,526199
2026-02-23 15:30:00,388.3901062011719,389.2398986816406,388.0499877929688,388.5000915527344,389676
2026-02-23 15:35:00,388.5,389.239990234375,388.3500061035156,388.7000122070313,421525
2026-02-23 15:40:00,388.6900024414063,388.95989990234375,388.3800964355469,388.5450134277344,4593287
2026-02-23 15:45:00,388.55999755859375,388.7799987792969,388.0799865722656,388.090087890625,0
2026-02-23 15:50:00,388.0899963378906,388.2799987792969,386.4100036621094,386.43499755859375,567186
2026-02-23 15:55:00,386.4549865722656,386.5400085449219,385.5239868164063,385.635009765625,666570
2026-02-23 16:00:00,385.6400146484375,386.010009765625,385.3699951171875,385.5816040039063,348459
2026-02-23 16:05:00,385.5799865722656,385.7999877929688,385.1000061035156,385.489990234375,352945
2026-02-23 16:10:00,385.489990234375,385.9498901367188,385.2998962402344,385.8399963378906,291842
2026-02-23 16:15:00,385.8299865722656,386.2300109863281,385.6099853515625,386.05999755859375,5898990
2026-02-23 16:20:00,386.05999755859375,386.64990234375,386.010009765625,386.375,0
2026-02-23 16:25:00,386.375,386.8399963378906,386.3699951171875,386.5610046386719,222793
2026-02-23 16:30:00,386.5400085449219,386.9500122070313,386.2000122070313,386.3250122070313,280568
2026-02-23 16:35:00,386.3399963378906,386.8500061035156,386.1199951171875,386.7049865722656,212208
2026-02-23 16:40:00,386.7099914550781,386.89990234375,386.3599853515625,386.5899963378906,183137
2026-02-23 16:45:00,386.6099853515625,386.8800048828125,386.2999877929688,386.5400085449219,239410
2026-02-23 16:50:00,386.5899963378906,386.75,385.9800109863281,386.1400146484375,206692
2026-02-23 16:55:00,386.1499938964844,386.2088928222656,385.4299926757813,385.7650146484375,6871196
2026-02-23 17:00:00,385.739990234375,386.0799865722656,385.2000122070313,385.3800964355469,0
2026-02-23 17:05:00,385.3999938964844,385.9106140136719,385.385009765625,385.8299865722656,232685
2026-02-23 17:10:00,385.8250122070313,386.1000061035156,385.55999755859375,385.6828918457031,7117707
2026-02-23 17:15:00,385.6932067871094,386.1400146484375,385.6799926757813,385.7550964355469,0
2026-02-23 17:20:00,385.7550048828125,386.5700073242188,385.7200012207031,386.3550109863281,155361
2026-02-23 17:25:00,386.3699951171875,386.5050048828125,386.1499938964844,386.4400024414063,148209
2026-02-23 17:30:00,386.4299926757813,386.7799987792969,386.260009765625,386.489990234375,197549
2026-02-23 17:35:00,386.5513000488281,386.6000061035156,385.9200134277344,386.2749938964844,156295
2026-02-23 17:40:00,386.2749938964844,387.2999877929688,386.2349853515625,387.08489990234375,227508
2026-02-23 17:45:00,387.0899963378906,387.5899963378906,386.8299865722656,387.5506896972656,156858
2026-02-23 17:50:00,387.55999755859375,387.9800109863281,387.4800109863281,387.5999145507813,169742
2026-02-23 17:55:00,387.6199951171875,387.7699890136719,387.3599853515625,387.4700012207031,135199
2026-02-23 18:00:00,387.4599914550781,387.760009765625,387.010009765625,387.0350036621094,166183
2026-02-23 18:05:00,387.0239868164063,387.0899963378906,386.7000122070313,386.8200073242188,7845228
2026-02-23 18:10:00,386.8500061035156,387.3699951171875,386.6700134277344,387.1700134277344,0
2026-02-23 18:15:00,387.1400146484375,387.1600036621094,386.55999755859375,386.8450012207031,164818
2026-02-23 18:20:00,386.8500061035156,387.1099853515625,386.6499938964844,386.9299926757813,237486
2026-02-23 18:25:00,386.9100036621094,387.1000061035156,386.739990234375,386.7850036621094,158904
2026-02-23 18:30:00,386.7900085449219,386.9299926757813,386.41009521484375,386.875,161368
2026-02-23 18:35:00,386.885009765625,387.4750061035156,386.8800048828125,387.2850036621094,98831
2026-02-23 18:40:00,387.2713928222656,387.4500122070313,386.8800048828125,386.9649963378906,126226
2026-02-23 18:45:00,386.9400024414063,387.5299987792969,386.7999877929688,387.39990234375,8213155
2026-02-23 18:50:00,387.3949890136719,387.4849853515625,386.6000061035156,386.6000061035156,0
2026-02-23 18:55:00,386.6000061035156,386.64990234375,386.260009765625,386.3504028320313,8349878
2026-02-23 19:00:00,386.3599853515625,386.6199951171875,386.260009765625,386.4200134277344,0
2026-02-23 19:05:00,386.3800048828125,386.7300109863281,386.25,386.3200073242188,133611
2026-02-23 19:10:00,386.3200073242188,386.6799926757813,386.0499877929688,386.5299987792969,8681643
2026-02-23 19:15:00,386.5199890136719,386.6199951171875,386.32861328125,386.3599853515625,0
2026-02-23 19:20:00,386.364990234375,386.4599914550781,386.2099914550781,386.2275085449219,86667
2026-02-23 19:25:00,386.2349853515625,386.5799865722656,386.110107421875,386.1700134277344,8814954
2026-02-23 19:30:00,386.1809997558594,386.4700012207031,386.1499938964844,386.1900024414063,0
2026-02-23 19:35:00,386.1700134277344,386.1700134277344,385.739990234375,385.8599853515625,9059293
2026-02-23 19:40:00,385.8699951171875,385.8800048828125,384.4400024414063,384.4700012207031,0
2026-02-23 19:45:00,384.468505859375,384.6900024414063,384.25,384.5700073242188,330767
2026-02-23 19:50:00,384.5700073242188,384.6400146484375,383.7200012207031,383.7699890136719,424665
2026-02-23 19:55:00,383.7699890136719,384.489990234375,383.6000061035156,384.0450134277344,368222
2026-02-23 20:00:00,384.0351867675781,384.1300048828125,383.5775146484375,384.0950012207031,280561
2026-02-23 20:05:00,384.1000061035156,384.2799987792969,383.2999877929688,383.4500122070313,312770
2026-02-23 20:10:00,383.4425964355469,383.8399963378906,383.3900146484375,383.4949951171875,225468
2026-02-23 20:15:00,383.5198974609375,383.9200134277344,383.489990234375,383.7488098144531,208174
2026-02-23 20:20:00,383.7300109863281,383.7300109863281,383.2300109863281,383.3900146484375,271269
2026-02-23 20:25:00,383.4400024414063,383.5299987792969,383.2099914550781,383.2731018066406,221064
2026-02-23 20:30:00,383.260009765625,383.9700012207031,383.260009765625,383.9200134277344,300202
2026-02-23 20:35:00,383.9241027832031,383.9241027832031,383.3999938964844,383.4649963378906,309988
2026-02-23 20:40:00,383.4500122070313,383.6300048828125,383.1000061035156,383.4700012207031,11018214
2026-02-23 20:45:00,383.4700012207031,383.6099853515625,383.2799987792969,383.6098937988281,0
2026-02-23 20:50:00,383.6000061035156,384.0899963378906,383.3800964355469,383.739990234375,604450
2026-02-23 20:55:00,383.6900024414063,384.6400146484375,383.4500122070313,384.5199890136719,1274512
2026-02-24 14:30:00,384.1400146484375,384.6700134277344,381.739990234375,383.0799865722656,2169218
2026-02-24 14:35:00,383.1900024414063,386.8999938964844,383.1000061035156,386.7999877929688,736754
2026-02-24 14:40:00,386.7850036621094,389.1000061035156,386.7300109863281,388.8349914550781,941184
2026-02-24 14:45:00,388.8599853515625,389.3599853515625,387.2937927246094,388.260009765625,2239544
2026-02-24 14:50:00,388.2330017089844,388.3999938964844,386.3800048828125,386.5899963378906,763854
2026-02-24 14:55:00,386.5499877929688,386.7200012207031,385.0,385.0,0
2026-02-24 15:00:00,385.0,385.7999877929688,383.9599914550781,385.5450134277344,533803
2026-02-24 15:05:00,385.4949951171875,386.7998962402344,385.4299926757813,386.625,317361
2026-02-24 15:10:00,386.6463928222656,387.0950012207031,386.0350036621094,386.3299865722656,343896
2026-02-24 15:15:00,386.3599853515625,388.0,386.0650024414063,387.7999877929688,353689
2026-02-24 15:20:00,387.7699890136719,387.8299865722656,387.2200927734375,387.5350036621094,271536
2026-02-24 15:25:00,387.55999755859375,388.3800048828125,386.8999938964844,388.2250061035156,315033
2026-02-24 15:30:00,388.21380615234375,388.260009765625,386.8200073242188,386.9299926757813,239631
2026-02-24 15:35:00,386.9800109863281,386.9872131347656,385.8800048828125,386.2000122070313,245121
2026-02-24 15:40:00,386.2000122070313,387.7157897949219,386.1199951171875,387.6318054199219,245135
2026-02-24 15:45:00,387.7000122070313,387.7298889160156,386.7300109863281,387.0123901367188,202233
2026-02-24 15:50:00,387.0249938964844,387.0299987792969,386.10009765625,386.57958984375,206269
2026-02-24 15:55:00,386.5799865722656,386.89990234375,386.2099914550781,386.864990234375,146638
2026-02-24 16:00:00,386.8800048828125,387.5700073242188,386.6000061035156,387.2699890136719,262945
2026-02-24 16:05:00,387.3038024902344,387.5499877929688,386.5,386.7130126953125,152635
2026-02-24 16:10:00,386.6799926757813,387.1199951171875,386.5899963378906,386.7500915527344,152246
2026-02-24 16:15:00,386.7699890136719,386.83990478515625,385.9500122070313,386.0849914550781,170270
2026-02-24 16:20:00,386.05999755859375,386.5199890136719,385.9500122070313,386.1600036621094,3660409
2026-02-24 16:25:00,386.1600036621094,386.80999755859375,386.1600036621094,386.68499755859375,247593
2026-02-24 16:30:00,386.68499755859375,386.7099914550781,385.7999877929688,386.0350036621094,0
2026-02-24 16:35:00,386.0400085449219,386.2734069824219,385.6900024414063,386.0299072265625,172301
2026-02-24 16:40:00,385.9750061035156,386.39990234375,385.7449951171875,386.12200927734375,166000
2026-02-24 16:45:00,386.0799865722656,386.3399963378906,385.8699951171875,386.0201110839844,192332
2026-02-24 16:50:00,386.0694885253906,386.8900146484375,385.9599914550781,386.7799987792969,180010
2026-02-24 16:55:00,386.739990234375,386.7898864746094,386.010009765625,386.25,237869
2026-02-24 17:00:00,386.25,386.6900024414063,386.0321044921875,386.0899963378906,132750
2026-02-24 17:05:00,386.1000061035156,386.3599853515625,386.0799865722656,386.2799987792969,132436
2026-02-24 17:10:00,386.30999755859375,386.7900085449219,386.30999755859375,386.4299926757813,126862
2026-02-24 17:15:00,386.4299926757813,386.5799865722656,385.7699890136719,385.80999755859375,153884
2026-02-24 17:20:00,385.7799987792969,386.9150085449219,385.6000061035156,386.8999938964844,190937
2026-02-24 17:25:00,386.8900146484375,387.1300048828125,386.2300109863281,386.4450073242188,205853
2026-02-24 17:30:00,386.4200134277344,386.6799926757813,386.0,386.0747985839844,178434
2026-02-24 17:35:00,386.0849914550781,386.55999755859375,386.05999755859375,386.25,130979
2026-02-24 17:40:00,386.25,386.7099914550781,385.989990234375,386.260009765625,4614565
2026-02-24 17:45:00,386.2099914550781,386.7900085449219,386.0400085449219,386.7200012207031,0
2026-02-24 17:50:00,386.7449951171875,387.0,386.6099853515625,386.7999877929688,153225
2026-02-24 17:55:00,386.7900085449219,387.1299133300781,386.5799865722656,386.9400024414063,160908
2026-02-24 18:00:00,386.9500122070313,387.70989990234375,386.75,387.46240234375,248264
2026-02-24 18:05:00,387.4400024414063,387.4764099121094,386.864990234375,386.8999938964844,146309
2026-02-24 18:10:00,386.8999938964844,387.1600036621094,386.5400085449219,386.6000061035156,113563
2026-02-24 18:15:00,386.6300048828125,386.7099914550781,386.4100036621094,386.4949951171875,100144
2026-02-24 18:20:00,386.4949951171875,386.6998901367188,386.1708068847656,386.1708068847656,158816
2026-02-24 18:25:00,386.1700134277344,386.4100036621094,386.1499938964844,386.3999938964844,107966
2026-02-24 18:30:00,386.4100036621094,386.89990234375,386.1700134277344,386.8399963378906,141241
2026-02-24 18:35:00,386.8399963378906,387.2999877929688,386.7950134277344,387.0299987792969,155223
2026-02-24 18:40:00,387.0400085449219,387.4574890136719,387.0299987792969,387.340087890625,138683
2026-02-24 18:45:00,387.3599853515625,387.7300109863281,387.260009765625,387.6900024414063,171789
2026-02-24 18:50:00,387.68499755859375,388.2650146484375,387.6706848144531,388.1099853515625,5573963
2026-02-24 18:55:00,388.1361999511719,388.1361999511719,387.5899963378906,387.6418151855469,0
2026-02-24 19:00:00,387.6099853515625,388.33990478515625,387.30999755859375,388.2699890136719,185952
2026-02-24 19:05:00,388.2851867675781,388.6050109863281,388.1199951171875,388.5950012207031,190149
2026-02-24 19:10:00,388.5950012207031,388.6099853515625,387.7699890136719,387.885009765625,136085
2026-02-24 19:15:00,387.8599853515625,387.9100036621094,387.1199951171875,387.3599853515625,147342
2026-02-24 19:20:00,387.3500061035156,387.4794921875,387.1799926757813,387.25,116268
2026-02-24 19:25:00,387.25,387.7099914550781,387.1300048828125,387.5050048828125,118055
2026-02-24 19:30:00,387.4800109863281,387.6400146484375,387.3500061035156,387.3570861816406,5843672
2026-02-24 19:35:00,387.3699951171875,387.7300109863281,387.1600036621094,387.7099914550781,0
2026-02-24 19:40:00,387.7300109863281,387.8800048828125,387.5499877929688,387.6400146484375,94523
2026-02-24 19:45:00,387.614990234375,387.9599914550781,387.5299987792969,387.8550109863281,148379
2026-02-24 19:50:00,387.8200073242188,388.5,387.80999755859375,387.8800048828125,154111
2026-02-24 19:55:00,387.8599853515625,388.0498962402344,387.7000122070313,387.8714904785156,164549
2026-02-24 20:00:00,387.8900146484375,388.0799865722656,387.3250122070313,387.4400024414063,176308
2026-02-24 20:05:00,387.4500122070313,387.8599853515625,387.4200134277344,387.8399963378906,121265
2026-02-24 20:10:00,387.8499145507813,388.2300109863281,387.8200073242188,388.010009765625,204851
2026-02-24 20:15:00,388.0450134277344,388.2296142578125,387.864990234375,388.1700134277344,181787
2026-02-24 20:20:00,388.1799926757813,388.239990234375,387.9299926757813,388.1099853515625,6420042
2026-02-24 20:25:00,388.0899963378906,388.30999755859375,388.0,388.159912109375,0
2026-02-24 20:30:00,388.1400146484375,388.3800048828125,387.9500122070313,388.1499938964844,164737
2026-02-24 20:35:00,388.1499938964844,388.1900024414063,387.9200134277344,387.9700012207031,185599
2026-02-24 20:40:00,387.9599914550781,388.4400024414063,387.9299926757813,388.4249877929688,164435
2026-02-24 20:45:00,388.4249877929688,388.7900085449219,388.3399963378906,388.631103515625,262222
2026-02-24 20:50:00,388.6000061035156,389.2200012207031,388.2999877929688,389.0499877929688,435963
2026-02-24 20:55:00,389.0299987792969,389.2300109863281,388.8999938964844,389.0,941652
2026-02-25 14:30:00,390.2374877929688,393.7200012207031,390.2000122070313,392.6400146484375,2678093
2026-02-25 14:35:00,392.6499938964844,393.8900146484375,392.3999938964844,392.9249877929688,598310
2026-02-25 14:40:00,392.9382019042969,393.7640075683594,392.7374877929688,393.0350036621094,423573
2026-02-25 14:45:00,393.0299987792969,394.9599914550781,392.8999938964844,394.8699951171875,535309
2026-02-25 14:50:00,394.875,396.55999755859375,394.8001098632813,396.4400024414063,474671
2026-02-25 14:55:00,396.4599914550781,398.1199951171875,396.3999938964844,398.0249938964844,564785
2026-02-25 15:00:00,398.0249938964844,399.1099853515625,397.8200073242188,398.6679992675781,3598671
2026-02-25 15:05:00,398.6700134277344,398.7199096679688,396.7699890136719,396.875,0
2026-02-25 15:10:00,396.875,397.4800109863281,396.5400085449219,397.4400024414063,329833
2026-02-25 15:15:00,397.4681091308594,397.7099914550781,396.9150085449219,397.614990234375,248211
2026-02-25 15:20:00,397.6199951171875,398.8900146484375,397.5299987792969,398.8799133300781,335923
2026-02-25 15:25:00,398.8800048828125,399.3999938964844,398.6600036621094,398.9400024414063,4080123
2026-02-25 15:30:00,398.93499755859375,399.4200134277344,398.1600036621094,398.3450012207031,0
2026-02-25 15:35:00,398.3299865722656,399.2699890136719,397.8699951171875,399.0600891113281,296806
2026-02-25 15:40:00,399.1098937988281,400.0899963378906,398.91009521484375,399.760009765625,433503
2026-02-25 15:45:00,399.7900085449219,400.25,398.8999938964844,399.1749877929688,368598
2026-02-25 15:50:00,399.1448059082031,399.25,398.0501098632813,398.135009765625,234692
2026-02-25 15:55:00,398.1300048828125,398.9299926757813,397.7999877929688,398.7999877929688,215688
2026-02-25 16:00:00,398.760009765625,398.760009765625,397.7200012207031,397.9179992675781,201416
2026-02-25 16:05:00,397.8900146484375,398.3299865722656,397.54400634765625,397.6733093261719,214109
2026-02-25 16:10:00,397.6998901367188,397.6998901367188,396.80999755859375,396.8699951171875,258736
2026-02-25 16:15:00,396.8800048828125,397.4200134277344,396.5899963378906,397.3200073242188,253506
2026-02-25 16:20:00,397.3598937988281,397.7200012207031,397.2000122070313,397.3901062011719,202883
2026-02-25 16:25:00,397.4249877929688,397.7000122070313,397.293701171875,397.489990234375,186128
2026-02-25 16:30:00,397.5079956054688,397.8482971191406,397.1499938964844,397.1499938964844,5446142
2026-02-25 16:35:00,397.1300048828125,397.760009765625,396.9750061035156,397.18499755859375,269241
2026-02-25 16:40:00,397.18499755859375,398.1199951171875,397.1199951171875,397.4800109863281,0
2026-02-25 16:45:00,397.4800109863281,398.0,397.4800109863281,397.6600036621094,115768
2026-02-25 16:50:00,397.6549987792969,397.7999877929688,397.239990234375,397.3450012207031,118928
2026-02-25 16:55:00,397.3450012207031,397.3450012207031,396.6700134277344,396.7000122070313,5828338
2026-02-25 17:00:00,396.7000122070313,397.0700073242188,396.4599914550781,396.864990234375,319556
2026-02-25 17:05:00,396.864990234375,397.0299987792969,396.4700012207031,396.7922973632813,0
2026-02-25 17:10:00,396.8049926757813,397.6600036621094,396.5499877929688,397.6200866699219,139939
2026-02-25 17:15:00,397.6600036621094,397.739990234375,397.0199890136719,397.6199951171875,144674
2026-02-25 17:20:00,397.6091003417969,397.80999755859375,397.4700012207031,397.7349853515625,105422
2026-02-25 17:25:00,397.7449951171875,397.9400024414063,397.3200073242188,397.3299865722656,100343
2026-02-25 17:30:00,397.3599853515625,397.3999938964844,397.0499877929688,397.30999755859375,144985
2026-02-25 17:35:00,397.2950134277344,398.1000061035156,397.2900085449219,397.80999755859375,139250
2026-02-25 17:40:00,397.8299865722656,398.1499938964844,397.7799987792969,397.8301086425781,95107
2026-02-25 17:45:00,397.8399963378906,398.1499938964844,397.7699890136719,398.1099853515625,136381
2026-02-25 17:50:00,398.1099853515625,398.552490234375,398.0799865722656,398.4200134277344,166049
2026-02-25 17:55:00,398.4200134277344,398.6600036621094,398.2250061035156,398.6000061035156,127732
2026-02-25 18:00:00,398.6116943359375,399.0700073242188,398.5899963378906,398.8357849121094,156246
2026-02-25 18:05:00,398.8500061035156,398.8500061035156,398.4200134277344,398.6499938964844,149580
2026-02-25 18:10:00,398.6499938964844,399.1000061035156,398.5719909667969,398.9999084472656,118143
2026-02-25 18:15:00,399.0,399.0400085449219,398.3900146484375,398.6950073242188,8009115
2026-02-25 18:20:00,398.6950073242188,398.75,398.4400024414063,398.5700073242188,0
2026-02-25 18:25:00,398.5700073242188,398.8298950195313,398.4800109863281,398.7349853515625,79946
2026-02-25 18:30:00,398.760009765625,398.8049926757813,398.5199890136719,398.5501098632813,75882
2026-02-25 18:35:00,398.55999755859375,398.8114013671875,398.3900146484375,398.80999755859375,90063
2026-02-25 18:40:00,398.80999755859375,399.1549987792969,398.7999877929688,399.1099853515625,8161005
2026-02-25 18:45:00,399.1199951171875,399.2950134277344,398.6099853515625,398.6995849609375,0
2026-02-25 18:50:00,398.7149963378906,398.8399963378906,398.4400024414063,398.8399963378906,112858
2026-02-25 18:55:00,398.8349914550781,399.2699890136719,398.7999877929688,399.2699890136719,94893
2026-02-25 19:00:00,399.2401123046875,399.7200012207031,399.2200012207031,399.7049865722656,131806
2026-02-25 19:05:00,399.7049865722656,399.9400024414063,399.4700012207031,399.6000061035156,137807
2026-02-25 19:10:00,399.5849914550781,399.5899963378906,398.9400024414063,398.9649963378906,142050
2026-02-25 19:15:00,398.9700012207031,399.5614929199219,398.6799926757813,399.5300903320313,232572
2026-02-25 19:20:00,399.5650024414063,399.6299133300781,398.8200073242188,398.9450073242188,148753
2026-02-25 19:25:00,398.9700012207031,399.2499084472656,398.6199951171875,398.7000122070313,174900
2026-02-25 19:30:00,398.7214050292969,399.0,398.6400146484375,398.7999877929688,386552
2026-02-25 19:35:00,398.7999877929688,398.9249877929688,398.6600036621094,398.7410888671875,125421
2026-02-25 19:40:00,398.7200012207031,398.7699890136719,398.1174926757813,398.1400146484375,191353
2026-02-25 19:45:00,398.135009765625,398.4100036621094,397.9400024414063,398.3299865722656,160601
2026-02-25 19:50:00,398.3399963378906,398.5,398.1400146484375,398.4737854003906,162028
2026-02-25 19:55:00,398.4500122070313,398.5,398.1900024414063,398.4049987792969,123525
2026-02-25 20:00:00,398.3999938964844,398.5499877929688,398.25,398.4500122070313,179020
2026-02-25 20:05:00,398.4500122070313,399.1000061035156,398.3699951171875,398.9800109863281,170994
2026-02-25 20:10:00,398.9800109863281,399.2099914550781,398.8266906738281,399.1109924316406,247046
2026-02-25 20:15:00,399.1099853515625,399.7000122070313,399.0400085449219,399.58740234375,207844
2026-02-25 20:20:00,399.6000061035156,399.7799987792969,399.2900085449219,399.7349853515625,208077
2026-02-25 20:25:00,399.7349853515625,400.9800109863281,399.7349853515625,400.9599914550781,502165
2026-02-25 20:30:00,400.9599914550781,401.0499877929688,400.1597900390625,400.2000122070313,543359
2026-02-25 20:35:00,400.1950073242188,401.1199951171875,400.1099853515625,400.9049987792969,351343
2026-02-25 20:40:00,400.9049987792969,400.96881103515625,400.0199890136719,400.2650146484375,275140
2026-02-25 20:45:00,400.2650146484375,400.43499755859375,399.8599853515625,400.2699890136719,345997
2026-02-25 20:50:00,400.2699890136719,401.4700012207031,399.7200012207031,400.7900085449219,650314
2026-02-25 20:55:00,400.7799987792969,400.989990234375,400.3800048828125,400.489990234375,1103006
2026-02-26 14:30:00,404.635009765625,405.9500122070313,401.9700012207031,402.5950012207031,2558851
2026-02-26 14:35:00,402.5436096191406,403.0499877929688,401.1799926757813,402.8728942871094,515760
2026-02-26 14:40:00,402.9400024414063,405.2000122070313,402.5499877929688,404.6400146484375,507309
2026-02-26 14:45:00,404.625,405.3900146484375,403.2900085449219,405.2449951171875,1860355
2026-02-26 14:50:00,405.2799987792969,405.9800109863281,404.0199890136719,405.9249877929688,0
2026-02-26 14:55:00,405.8800048828125,407.489990234375,405.2200012207031,405.7900085449219,2501995
2026-02-26 15:00:00,405.7900085449219,406.1900024414063,404.6383056640625,405.30999755859375,0
2026-02-26 15:05:00,405.4049987792969,406.1499938964844,405.0499877929688,405.5450134277344,330466
2026-02-26 15:10:00,405.5,406.3200073242188,404.3822021484375,404.55999755859375,379555
2026-02-26 15:15:00,404.55999755859375,404.5899963378906,401.6199951171875,401.7999877929688,3224225
2026-02-26 15:20:00,401.9231872558594,402.7008056640625,401.3999938964844,401.6799926757813,0
2026-02-26 15:25:00,401.7300109863281,401.9012145996094,400.3663024902344,401.6700134277344,386182
2026-02-26 15:30:00,401.7000122070313,401.7699890136719,399.6900024414063,400.0,365593
2026-02-26 15:35:00,399.9599914550781,401.5400085449219,399.9599914550781,401.4700012207031,337852
2026-02-26 15:40:00,401.5299987792969,402.5614929199219,401.1099853515625,402.3901062011719,367449
2026-02-26 15:45:00,402.3800048828125,403.0,401.5400085449219,402.5150146484375,232390
2026-02-26 15:50:00,402.4700012207031,402.510009765625,401.3999938964844,401.739990234375,3689628
2026-02-26 15:55:00,401.7699890136719,402.5700073242188,401.3200073242188,402.0849914550781,282015
2026-02-26 16:00:00,402.0849914550781,402.389892578125,401.3900146484375,402.3250122070313,0
2026-02-26 16:05:00,402.3450012207031,402.510009765625,401.7900085449219,402.1499938964844,3844870
2026-02-26 16:10:00,402.1799926757813,403.3999938964844,402.130615234375,403.3500061035156,0
2026-02-26 16:15:00,403.3800048828125,404.1799011230469,402.2900085449219,402.43499755859375,228032
2026-02-26 16:20:00,402.4299926757813,402.489990234375,401.8200073242188,401.8599853515625,191833
2026-02-26 16:25:00,401.8599853515625,402.2799987792969,400.8500061035156,400.9800109863281,308842
2026-02-26 16:30:00,400.9400024414063,401.0799865722656,400.510009765625,400.5750122070313,205106
2026-02-26 16:35:00,400.6000061035156,400.70989990234375,399.9299926757813,400.5450134277344,234423
2026-02-26 16:40:00,400.5299987792969,400.739990234375,399.8399963378906,400.0300903320313,223815
2026-02-26 16:45:00,400.010009765625,400.2900085449219,399.7000122070313,400.1300048828125,221090
2026-02-26 16:50:00,400.125,400.2398986816406,399.3599853515625,399.4299926757813,196388
2026-02-26 16:55:00,399.4400024414063,399.6600036621094,398.739990234375,399.1099853515625,195262
2026-02-26 17:00:00,399.1050109863281,399.75,399.0499877929688,399.6199951171875,489873
2026-02-26 17:05:00,399.625,400.3999938964844,399.510009765625,399.9700012207031,265079
2026-02-26 17:10:00,400.0,400.4599914550781,399.989990234375,400.1300048828125,124261
2026-02-26 17:15:00,400.1400146484375,400.739990234375,399.989990234375,400.5050048828125,135794
2026-02-26 17:20:00,400.5050048828125,400.8500061035156,400.3200073242188,400.5899963378906,99537
2026-02-26 17:25:00,400.5899963378906,401.0299987792969,400.4100036621094,400.8999938964844,105664
2026-02-26 17:30:00,400.8900146484375,401.4498901367188,400.8599853515625,401.010009765625,165186
2026-02-26 17:35:00,401.0299987792969,401.1499938964844,400.0,400.5700073242188,173088
2026-02-26 17:40:00,400.5899963378906,401.0299987792969,400.5899963378906,400.7300109863281,112587
2026-02-26 17:45:00,400.7650146484375,400.9856872558594,400.2699890136719,400.2999877929688,101273
2026-02-26 17:50:00,400.3399963378906,400.8299865722656,400.2799987792969,400.6799926757813,73205
2026-02-26 17:55:00,400.6799926757813,400.6799926757813,400.0,400.1579895019531,121669
2026-02-26 18:00:00,400.1600036621094,400.5499877929688,399.6199951171875,399.9114990234375,116341
2026-02-26 18:05:00,399.9049987792969,400.0,399.4500122070313,399.760009765625,6003396
2026-02-26 18:10:00,399.739990234375,400.0700073242188,399.4500122070313,399.7300109863281,0
2026-02-26 18:15:00,399.7699890136719,399.8399963378906,399.3301086425781,399.6499938964844,155744
2026-02-26 18:20:00,399.6499938964844,400.389892578125,399.0849914550781,400.3250122070313,6419956
2026-02-26 18:25:00,400.30999755859375,400.8200073242188,400.0799865722656,400.1700134277344,166033
2026-02-26 18:30:00,400.0700073242188,401.0400085449219,400.0700073242188,400.9400024414063,0
2026-02-26 18:35:00,400.9599914550781,401.4150085449219,400.6099853515625,401.239990234375,144647
2026-02-26 18:40:00,401.260009765625,401.5400085449219,401.0499877929688,401.0950012207031,96774
2026-02-26 18:45:00,401.0950012207031,401.6700134277344,401.0950012207031,401.364990234375,105289
2026-02-26 18:50:00,401.364990234375,401.364990234375,400.8999938964844,400.9599914550781,108015
2026-02-26 18:55:00,400.9700012207031,401.510009765625,400.8999938964844,400.93499755859375,100958
2026-02-26 19:00:00,400.9100036621094,401.2999877929688,400.7120056152344,401.2049865722656,100607
2026-02-26 19:05:00,401.2300109863281,401.8999938964844,401.1499938964844,401.875,108748
2026-02-26 19:10:00,401.8299865722656,402.1400146484375,401.5799865722656,401.8999938964844,107381
2026-02-26 19:15:00,401.9100036621094,402.3900146484375,401.8800048828125,402.0799865722656,128108
2026-02-26 19:20:00,402.0799865722656,402.7398986816406,402.0249938964844,402.4500122070313,188984
2026-02-26 19:25:00,402.4599914550781,402.4599914550781,401.2200012207031,401.2799987792969,163241
2026-02-26 19:30:00,401.2799987792969,401.7640075683594,400.9400024414063,401.7200012207031,101322
2026-02-26 19:35:00,401.7200012207031,402.1199951171875,401.6099853515625,401.9400024414063,90156
2026-02-26 19:40:00,401.9700012207031,402.0199890136719,401.3599853515625,401.627685546875,121362
2026-02-26 19:45:00,401.6300048828125,402.1799926757813,401.5400085449219,402.1700134277344,113657
2026-02-26 19:50:00,402.1700134277344,402.7799987792969,402.05999755859375,402.7392883300781,184854
2026-02-26 19:55:00,402.7099914550781,402.8999938964844,402.1300048828125,402.2200012207031,161988
2026-02-26 20:00:00,402.2200012207031,402.3955078125,401.7999877929688,402.2799987792969,147363
2026-02-26 20:05:00,402.2300109863281,402.4500122070313,401.8299865722656,401.90521240234375,130506
2026-02-26 20:10:00,401.8599853515625,402.010009765625,401.6207885742188,401.875,127828
2026-02-26 20:15:00,401.8599853515625,402.0,401.6423950195313,401.6600036621094,7163834
2026-02-26 20:20:00,401.6700134277344,401.7137145996094,401.0299987792969,401.260009765625,0
2026-02-26 20:25:00,401.25,401.6650085449219,401.1000061035156,401.30999755859375,176269
2026-02-26 20:30:00,401.2900085449219,401.8599853515625,401.260009765625,401.8599853515625,141559
2026-02-26 20:35:00,401.8200073242188,402.0,401.6549987792969,401.8500061035156,143577
2026-02-26 20:40:00,401.8559875488281,401.8792114257813,401.3200073242188,401.7300109863281,156916
2026-02-26 20:45:00,401.75,401.9599914550781,401.5499877929688,401.7749938964844,212071
2026-02-26 20:50:00,401.760009765625,401.8599853515625,401.05999755859375,401.4800109863281,314285
2026-02-26 20:55:00,401.4599914550781,401.80999755859375,401.0700073242188,401.80999755859375,576658
2026-02-27 14:30:00,390.9924926757813,394.2900085449219,390.0,393.2699890136719,2375643
2026-02-27 14:35:00,393.2000122070313,394.1499938964844,392.2999877929688,393.4100036621094,1779450
2026-02-27 14:40:00,393.4100036621094,393.6499938964844,390.6499938964844,391.8699951171875,0
2026-02-27 14:45:00,391.8999938964844,393.9800109863281,391.1099853515625,393.8450927734375,464363
2026-02-27 14:50:00,393.7999877929688,394.7699890136719,393.0400085449219,394.364990234375,327205
2026-02-27 14:55:00,394.2799987792969,394.6050109863281,393.2799987792969,394.3900146484375,314021
2026-02-27 15:00:00,394.3250122070313,394.739990234375,393.489990234375,394.4800109863281,2511989
2026-02-27 15:05:00,394.5,395.2699890136719,393.5499877929688,393.5700073242188,0
2026-02-27 15:10:00,393.5750122070313,394.1749877929688,393.4299926757813,393.489990234375,2845232
2026-02-27 15:15:00,393.489990234375,394.010009765625,393.1600036621094,393.6600036621094,0
2026-02-27 15:20:00,393.6300048828125,394.8900146484375,393.5,394.75,301809
2026-02-27 15:25:00,394.739990234375,394.7999877929688,394.010009765625,394.1499938964844,199534
2026-02-27 15:30:00,394.0799865722656,395.0,393.6600036621094,394.8999938964844,3320366
2026-02-27 15:35:00,394.9200134277344,395.9800109863281,394.875,395.1400146484375,0
2026-02-27 15:40:00,395.110107421875,395.7250061035156,393.8500061035156,395.48291015625,3653252
2026-02-27 15:45:00,395.4599914550781,395.6400146484375,394.7049865722656,395.2398986816406,0
2026-02-27 15:50:00,395.2099914550781,395.30999755859375,394.4400024414063,394.6300048828125,138627
2026-02-27 15:55:00,394.6332092285156,395.9580078125,394.2799987792969,395.9299926757813,206047
2026-02-27 16:00:00,395.9100036621094,396.7999877929688,395.8800964355469,396.6099853515625,239763
2026-02-27 16:05:00,396.5499877929688,396.5549926757813,394.7699890136719,394.9100036621094,216163
2026-02-27 16:10:00,394.9100036621094,395.7099914550781,394.8450012207031,395.2699890136719,164577
2026-02-27 16:15:00,395.2699890136719,395.71240234375,394.7601013183594,395.1600036621094,191291
2026-02-27 16:20:00,395.1650085449219,395.1799926757813,394.3599853515625,394.8699951171875,4243387
2026-02-27 16:25:00,394.8250122070313,394.8424987792969,393.6199951171875,393.8399963378906,0
2026-02-27 16:30:00,393.8900146484375,394.5799865722656,393.8699951171875,394.43499755859375,204192
2026-02-27 16:35:00,394.45989990234375,394.7200012207031,394.1400146484375,394.510009765625,144034
2026-02-27 16:40:00,394.5050048828125,394.6499938964844,394.0299987792969,394.125,4547147
2026-02-27 16:45:00,394.1400146484375,394.6400146484375,393.9599914550781,394.1400146484375,0
2026-02-27 16:50:00,394.125,395.0398864746094,394.125,394.8399963378906,198931
2026-02-27 16:55:00,394.8175048828125,395.4599914550781,394.7453002929688,394.9500122070313,174546
2026-02-27 17:00:00,394.9500122070313,395.8078002929688,394.9500122070313,395.260009765625,143155
2026-02-27 17:05:00,395.2749938964844,395.510009765625,394.9599914550781,395.3200073242188,159547
2026-02-27 17:10:00,395.3399963378906,395.3599853515625,394.2139892578125,394.2950134277344,171949
2026-02-27 17:15:00,394.3049926757813,394.55999755859375,394.0899963378906,394.2650146484375,187896
2026-02-27 17:20:00,394.25,394.5494079589844,393.7749938964844,394.5201110839844,134852
2026-02-27 17:25:00,394.5450134277344,395.25,394.4500122070313,394.8399963378906,114908
2026-02-27 17:30:00,394.8399963378906,395.4299926757813,394.6199951171875,394.989990234375,138366
2026-02-27 17:35:00,394.9599914550781,395.1499938964844,394.6199951171875,394.93499755859375,97279
2026-02-27 17:40:00,394.912109375,395.0,394.2000122070313,394.2550048828125,104879
2026-02-27 17:45:00,394.239990234375,394.2999877929688,393.6799926757813,393.7713012695313,125988
2026-02-27 17:50:00,393.7550048828125,394.0999145507813,393.3700866699219,393.6549987792969,147817
2026-02-27 17:55:00,393.6799926757813,394.8399963378906,393.6400146484375,394.739990234375,155673
2026-02-27 18:00:00,394.7900085449219,395.0899963378906,394.260009765625,394.3099060058594,127243
2026-02-27 18:05:00,394.2699890136719,394.3900146484375,393.6600036621094,393.8049926757813,171011
2026-02-27 18:10:00,393.8299865722656,393.9159851074219,393.5700073242188,393.6000061035156,141741
2026-02-27 18:15:00,393.5950012207031,393.9500122070313,393.4648132324219,393.8599853515625,157240
2026-02-27 18:20:00,393.8399963378906,394.1700134277344,393.5700073242188,393.6900024414063,122879
2026-02-27 18:25:00,393.7099914550781,394.2000122070313,393.55999755859375,394.1099853515625,142758
2026-02-27 18:30:00,394.1000061035156,394.1199951171875,393.4400024414063,393.9599914550781,137690
2026-02-27 18:35:00,393.9826965332031,394.2439880371094,393.5899963378906,393.8322143554688,172338
2026-02-27 18:40:00,393.80999755859375,394.2000122070313,393.4500122070313,393.510009765625,157303
2026-02-27 18:45:00,393.4801940917969,393.6700134277344,393.2300109863281,393.4750061035156,114214
2026-02-27 18:50:00,393.4700012207031,393.5199890136719,393.0299987792969,393.1050109863281,154374
2026-02-27 18:55:00,393.0899963378906,393.3800048828125,392.760009765625,393.1500854492188,176240
2026-02-27 19:00:00,393.1549987792969,393.2900085449219,392.8999938964844,393.0549926757813,166166
2026-02-27 19:05:00,393.05999755859375,393.4249877929688,392.8200073242188,393.1600036621094,163608
2026-02-27 19:10:00,393.1499938964844,393.2999877929688,392.7799987792969,392.9400024414063,6726468
2026-02-27 19:15:00,392.93499755859375,393.260009765625,392.6900024414063,393.0950012207031,0
2026-02-27 19:20:00,393.0950012207031,393.5299987792969,393.0932922363281,393.2850036621094,130075
2026-02-27 19:25:00,393.2749938964844,393.63861083984375,393.0199890136719,393.0299987792969,137296
2026-02-27 19:30:00,393.05999755859375,393.3298950195313,392.8250122070313,393.18499755859375,140728
2026-02-27 19:35:00,393.2000122070313,393.6300048828125,393.1799926757813,393.2449951171875,180030
2026-02-27 19:40:00,393.2300109863281,393.2999877929688,392.5799865722656,392.8399963378906,7029582
2026-02-27 19:45:00,392.8599853515625,393.0799865722656,392.6900024414063,392.8900146484375,0
2026-02-27 19:50:00,392.8699951171875,392.8900146484375,392.4200134277344,392.5498962402344,131843
2026-02-27 19:55:00,392.5400085449219,393.2799987792969,392.5,393.239990234375,168779
2026-02-27 20:00:00,393.25,393.6000061035156,393.1650085449219,393.3200073242188,186619
2026-02-27 20:05:00,393.3049926757813,393.6300048828125,393.0499877929688,393.5499877929688,175472
2026-02-27 20:10:00,393.5499877929688,394.3999938964844,393.4849853515625,394.2200012207031,187076
2026-02-27 20:15:00,394.1758117675781,394.489990234375,394.05999755859375,394.43798828125,217838
2026-02-27 20:20:00,394.4219970703125,394.9700012207031,394.0799865722656,394.7999877929688,250347
2026-02-27 20:25:00,394.7999877929688,394.9100036621094,393.75,393.8049926757813,214075
2026-02-27 20:30:00,393.7900085449219,393.8699951171875,393.5400085449219,393.6799926757813,143136
2026-02-27 20:35:00,393.6900024414063,393.7791137695313,392.4700012207031,392.4700012207031,261513
2026-02-27 20:40:00,392.4700012207031,393.3699951171875,392.4200134277344,393.1799926757813,290258
2026-02-27 20:45:00,393.2000122070313,393.5751037597656,392.7699890136719,392.7799987792969,390300
2026-02-27 20:50:00,392.7999877929688,394.1199951171875,390.1499938964844,392.7099914550781,1176701
2026-02-27 20:55:00,392.739990234375,393.739990234375,392.6799926757813,392.6799926757813,1560172
2026-03-02 14:30:00,392.760009765625,395.1000061035156,390.6300048828125,393.5,3534210
2026-03-02 14:35:00,393.5199890136719,395.8599853515625,393.2286987304688,394.7034912109375,0
2026-03-02 14:40:00,394.739990234375,396.7999877929688,394.55999755859375,395.5199890136719,434227
2026-03-02 14:45:00,395.4700012207031,396.55999755859375,395.1099853515625,396.3450012207031,1817091
2026-03-02 14:50:00,396.3450012207031,396.75,394.3999938964844,395.8550109863281,0
2026-03-02 14:55:00,395.8550109863281,398.3999938964844,395.8550109863281,398.0750122070313,470552
2026-03-02 15:00:00,398.0750122070313,398.25,396.4400024414063,396.989990234375,343349
2026-03-02 15:05:00,397.0700073242188,398.1000061035156,396.2000122070313,397.6000061035156,315702
2026-03-02 15:10:00,397.69189453125,399.5799865722656,397.5899963378906,399.0899963378906,406624
2026-03-02 15:15:00,399.0801086425781,399.5799865722656,398.4400024414063,399.3999938964844,2638296
2026-03-02 15:20:00,399.3999938964844,399.6799926757813,398.1600036621094,398.9249877929688,0
2026-03-02 15:25:00,398.9700012207031,399.4873046875,398.1300048828125,398.5700073242188,2896375
2026-03-02 15:30:00,398.5799865722656,398.9049987792969,397.5899963378906,397.760009765625,0
2026-03-02 15:35:00,397.7200012207031,399.510009765625,397.4100036621094,399.4632873535156,2963331
2026-03-02 15:40:00,399.3999938964844,399.75,399.0299987792969,399.364990234375,0
2026-03-02 15:45:00,399.3500061035156,399.75,398.5299987792969,399.1199951171875,198204
2026-03-02 15:50:00,399.1600036621094,399.6900024414063,398.2699890136719,398.7699890136719,201175
2026-03-02 15:55:00,398.7300109863281,399.4599914550781,398.4700012207031,399.4450073242188,212508
2026-03-02 16:00:00,399.4450073242188,399.5,398.3399963378906,399.0150146484375,166564
2026-03-02 16:05:00,398.9700012207031,400.0799865722656,398.5201110839844,399.9500122070313,267775
2026-03-02 16:10:00,399.9500122070313,400.1300048828125,399.0899963378906,399.4150085449219,221588
2026-03-02 16:15:00,399.3900146484375,399.5050048828125,398.8599853515625,398.9100036621094,135656
2026-03-02 16:20:00,398.9200134277344,398.9200134277344,397.9599914550781,398.1700134277344,157500
2026-03-02 16:25:00,398.1698913574219,398.4599914550781,396.8800048828125,397.08599853515625,159756
2026-03-02 16:30:00,397.1000061035156,397.6199951171875,396.3100891113281,396.8956909179688,201612
2026-03-02 16:35:00,396.9809875488281,399.05999755859375,396.7250061035156,399.05999755859375,167047
2026-03-02 16:40:00,399.1400146484375,399.9049987792969,399.0700073242188,399.6419982910156,202860
2026-03-02 16:45:00,399.6099853515625,399.7999877929688,399.0400085449219,399.260009765625,4118090
2026-03-02 16:50:00,399.2850036621094,399.8414916992188,399.1300048828125,399.4800109863281,0
2026-03-02 16:55:00,399.4200134277344,401.139892578125,399.2701110839844,400.9205017089844,232446
2026-03-02 17:00:00,400.7200012207031,400.989990234375,400.0799865722656,400.8800048828125,4482396
2026-03-02 17:05:00,400.8800048828125,401.14990234375,400.0849914550781,400.6900024414063,0
2026-03-02 17:10:00,400.6799926757813,400.9800109863281,400.3999938964844,400.6199951171875,156758
2026-03-02 17:15:00,400.55999755859375,401.1900024414063,400.5199890136719,401.0199890136719,116692
2026-03-02 17:20:00,401.0400085449219,401.1900024414063,400.8349914550781,400.9100036621094,98150
2026-03-02 17:25:00,400.9119873046875,400.9280090332031,400.1400146484375,400.2000122070313,147334
2026-03-02 17:30:00,400.2000122070313,400.2300109863281,399.6300048828125,399.9000854492188,116318
2026-03-02 17:35:00,399.9150085449219,400.1799926757813,399.4200134277344,400.0499877929688,107374
2026-03-02 17:40:00,400.010009765625,400.7900085449219,399.7999877929688,400.5700073242188,109677
2026-03-02 17:45:00,400.5799865722656,400.6834106445313,400.0700073242188,400.1099853515625,118441
2026-03-02 17:50:00,400.1400146484375,400.5150146484375,399.8699951171875,400.2000122070313,4845941
2026-03-02 17:55:00,400.1400146484375,400.18499755859375,399.4500122070313,399.5,0
2026-03-02 18:00:00,399.489990234375,400.2174072265625,399.4100036621094,400.1749877929688,86186
2026-03-02 18:05:00,400.1499938964844,400.5499877929688,399.7901916503906,399.7901916503906,98228
2026-03-02 18:10:00,399.80999755859375,400.6499938964844,399.7300109863281,400.4549865722656,168304
2026-03-02 18:15:00,400.489990234375,400.6000061035156,399.9500122070313,400.489990234375,100110
2026-03-02 18:20:00,400.5499877929688,400.6900024414063,400.2002868652344,400.2749938964844,90181
2026-03-02 18:25:00,400.25,400.7000122070313,399.9700012207031,400.2900085449219,105626
2026-03-02 18:30:00,400.30999755859375,400.6195068359375,399.6799926757813,400.0404052734375,5127539
2026-03-02 18:35:00,400.0299987792969,400.3843078613281,399.760009765625,400.0,0
2026-03-02 18:40:00,399.9700012207031,400.0050048828125,399.5600891113281,399.8100891113281,103442
2026-03-02 18:45:00,399.89990234375,399.89990234375,398.7099914550781,399.1300048828125,162863
2026-03-02 18:50:00,399.1549987792969,399.3599853515625,398.7550048828125,398.909912109375,128593
2026-03-02 18:55:00,398.8699951171875,399.1000061035156,398.5,398.68499755859375,96865
2026-03-02 19:00:00,398.75,399.1000061035156,398.6199951171875,399.0199890136719,82926
2026-03-02 19:05:00,399.0249938964844,399.43499755859375,398.80999755859375,399.4059143066406,86485
2026-03-02 19:10:00,399.4150085449219,399.8500061035156,399.3089904785156,399.6799926757813,5477637
2026-03-02 19:15:00,399.6499938964844,400.5499877929688,399.6400146484375,400.4599914550781,0
2026-03-02 19:20:00,400.43499755859375,400.6900024414063,400.010009765625,400.04010009765625,91369
2026-03-02 19:25:00,400.05999755859375,400.2799072265625,399.8200073242188,399.8500061035156,118485
2026-03-02 19:30:00,399.8800048828125,399.8999938964844,399.30999755859375,399.3299865722656,112624
2026-03-02 19:35:00,399.3299865722656,399.7799987792969,399.30999755859375,399.7449951171875,111217
2026-03-02 19:40:00,399.7200012207031,399.9200134277344,399.3500061035156,399.5450134277344,107430
2026-03-02 19:45:00,399.5700073242188,399.9642028808594,399.510009765625,399.8349914550781,97026
2026-03-02 19:50:00,399.8800048828125,399.9200134277344,399.1300048828125,399.385009765625,92507
2026-03-02 19:55:00,399.3900146484375,399.739990234375,399.2000122070313,399.5000915527344,113433
2026-03-02 20:00:00,399.6199035644531,399.6199035644531,398.7799987792969,399.1099853515625,5953234
2026-03-02 20:05:00,399.05999755859375,399.3200073242188,397.7200012207031,397.9299926757813,240169
2026-03-02 20:10:00,398.010009765625,398.30999755859375,397.6000061035156,397.8699951171875,250552
2026-03-02 20:15:00,397.8893127441406,398.7000122070313,397.510009765625,398.3699951171875,223615
2026-03-02 20:20:00,398.375,398.5199890136719,397.8200073242188,397.8550109863281,182359
2026-03-02 20:25:00,397.8200073242188,397.9599914550781,397.2000122070313,397.239990234375,211803
2026-03-02 20:30:00,397.260009765625,397.8999938964844,397.0899963378906,397.8900146484375,233993
2026-03-02 20:35:00,397.9399108886719,397.9399108886719,396.9599914550781,397.0999145507813,194988
2026-03-02 20:40:00,397.0299987792969,397.489990234375,396.6199951171875,397.3999938964844,478235
2026-03-02 20:45:00,397.3999938964844,397.6700134277344,397.1749877929688,397.3500061035156,254933
2026-03-02 20:50:00,397.3399963378906,398.75,397.1799926757813,398.489990234375,480584
2026-03-02 20:55:00,398.489990234375,398.8800048828125,398.1600036621094,398.3699951171875,1734167
2026-03-03 14:30:00,393.1400146484375,399.1799926757813,392.75,394.6199951171875,2209553
2026-03-03 14:35:00,394.6300048828125,395.8454895019531,394.0750122070313,395.2799987792969,656570
2026-03-03 14:40:00,395.28460693359375,396.4100036621094,394.6000061035156,395.5589904785156,561753
2026-03-03 14:45:00,395.5,397.1000061035156,394.8500061035156,395.05999755859375,614549
2026-03-03 14:50:00,395.0299987792969,395.6000061035156,394.2999877929688,395.1000061035156,472910
2026-03-03 14:55:00,395.0799865722656,395.5,393.6600036621094,394.4649963378906,378474
2026-03-03 15:00:00,394.3699951171875,395.30999755859375,393.0,393.3200073242188,428307
2026-03-03 15:05:00,393.3200073242188,393.75,392.6799926757813,393.2000122070313,422608
2026-03-03 15:10:00,393.2000122070313,394.7699890136719,393.0499877929688,394.2250061035156,325617
2026-03-03 15:15:00,394.2250061035156,394.8999938964844,393.4200134277344,394.2099914550781,273858
2026-03-03 15:20:00,394.2760009765625,394.5700073242188,393.7401123046875,393.9949951171875,301932
2026-03-03 15:25:00,393.9400024414063,394.5,393.3599853515625,393.7601013183594,300452
2026-03-03 15:30:00,393.760009765625,395.8200073242188,393.739990234375,395.7449951171875,443270
2026-03-03 15:35:00,395.739990234375,397.25,395.3900146484375,397.1000061035156,399195
2026-03-03 15:40:00,397.1000061035156,398.1700134277344,396.1300048828125,396.2850036621094,531882
2026-03-03 15:45:00,396.3800048828125,397.3298950195313,395.5799865722656,396.1799926757813,278259
2026-03-03 15:50:00,396.1300048828125,396.7900085449219,395.3999938964844,395.4500122070313,282953
2026-03-03 15:55:00,395.4100036621094,396.75,395.2999877929688,396.1799926757813,339543
2026-03-03 16:00:00,396.1600036621094,397.1400146484375,395.8299865722656,397.0101013183594,240343
2026-03-03 16:05:00,397.081298828125,398.9400024414063,397.0249938964844,398.5499877929688,301288
2026-03-03 16:10:00,398.5499877929688,399.625,398.25,398.3800048828125,568140
2026-03-03 16:15:00,398.3995971679688,399.8699951171875,398.3299865722656,399.375,530555
2026-03-03 16:20:00,399.3999938964844,400.0743103027344,399.0378112792969,400.010009765625,336058
2026-03-03 16:25:00,400.0346984863281,400.4299926757813,399.7005004882813,400.1282043457031,459101
2026-03-03 16:30:00,400.0849914550781,400.2666015625,399.30999755859375,400.2200012207031,267635
2026-03-03 16:35:00,400.160888671875,400.6199951171875,399.4800109863281,399.8999938964844,247572
2026-03-03 16:40:00,399.8599853515625,400.0,399.1700134277344,399.8200988769531,411095
2026-03-03 16:45:00,399.8900146484375,401.3598937988281,399.8299865722656,401.2999877929688,505795
2026-03-03 16:50:00,401.3699951171875,401.6600036621094,400.9440002441406,401.2999877929688,302694
2026-03-03 16:55:00,401.3049926757813,401.4599914550781,400.8999938964844,401.0,206341
2026-03-03 17:00:00,400.9299926757813,401.8900146484375,400.8200073242188,401.8399963378906,302382
2026-03-03 17:05:00,401.8500061035156,402.3299865722656,400.5,400.7799987792969,399726
2026-03-03 17:10:00,400.8299865722656,401.4100036621094,400.4100036621094,401.0300903320313,210080
2026-03-03 17:15:00,401.0867919921875,401.0899963378906,400.2900085449219,401.0899963378906,206972
2026-03-03 17:20:00,401.0249938964844,401.3799133300781,400.4500122070313,401.1650085449219,831541
2026-03-03 17:25:00,401.2149963378906,402.1400146484375,401.0499877929688,401.9150085449219,294272
2026-03-03 17:30:00,401.9150085449219,402.0199890136719,400.9500122070313,401.0,295760
2026-03-03 17:35:00,400.9500122070313,401.7650146484375,400.6549987792969,401.5199890136719,208065
2026-03-03 17:40:00,401.5195007324219,402.5,401.2999877929688,402.3599853515625,278281
2026-03-03 17:45:00,402.3200073242188,402.6600036621094,401.4800109863281,401.8599853515625,232267
2026-03-03 17:50:00,401.8599853515625,402.2349853515625,401.5650024414063,401.6919860839844,204687
2026-03-03 17:55:00,401.6900024414063,402.0,401.5799865722656,401.7000122070313,210512
2026-03-03 18:00:00,401.7300109863281,402.9200134277344,401.6600036621094,402.489990234375,241723
2026-03-03 18:05:00,402.5499877929688,403.1199951171875,402.239990234375,402.9049987792969,238024
2026-03-03 18:10:00,402.9100036621094,403.1698913574219,402.3900146484375,402.7749938964844,213369
2026-03-03 18:15:00,402.7650146484375,403.2999877929688,402.6130065917969,403.125,168950
2026-03-03 18:20:00,403.1600036621094,404.5499877929688,403.1000061035156,404.43011474609375,313133
2026-03-03 18:25:00,404.5,405.2799987792969,403.9849853515625,404.5899963378906,458709
2026-03-03 18:30:00,404.58990478515625,405.8599853515625,404.3999938964844,405.7300109863281,407469
2026-03-03 18:35:00,405.7449951171875,406.3699951171875,405.5,406.135009765625,431922
2026-03-03 18:40:00,406.1700134277344,406.7000122070313,405.3800048828125,405.6099853515625,376567
2026-03-03 18:45:00,405.6099853515625,405.6998901367188,405.1099853515625,405.5499877929688,233444
2026-03-03 18:50:00,405.5499877929688,406.239990234375,405.1700134277344,405.6300048828125,321190
2026-03-03 18:55:00,405.6600036621094,405.885009765625,405.1199951171875,405.5,243878
2026-03-03 19:00:00,405.4700012207031,405.75,405.2900085449219,405.510009765625,183938
2026-03-03 19:05:00,405.5150146484375,405.6499938964844,404.2999877929688,404.55999755859375,270492
2026-03-03 19:10:00,404.489501953125,404.7999877929688,404.1499938964844,404.614990234375,370079
2026-03-03 19:15:00,404.6000061035156,405.4200134277344,404.6000061035156,405.2200012207031,390111
2026-03-03 19:20:00,405.2000122070313,405.9100036621094,405.1416015625,405.6199951171875,212461
2026-03-03 19:25:00,405.6199951171875,405.9100036621094,405.1600036621094,405.7650146484375,257149
2026-03-03 19:30:00,405.7799987792969,406.4200134277344,404.80999755859375,404.93499755859375,182713
2026-03-03 19:35:00,404.9700012207031,405.4100036621094,404.5199890136719,404.7300109863281,494171
2026-03-03 19:40:00,404.8493041992188,405.7000122070313,404.4800109863281,405.5700073242188,346827
2026-03-03 19:45:00,405.6199951171875,406.0,405.0700073242188,405.2550048828125,262554
2026-03-03 19:50:00,405.2300109863281,405.5929870605469,404.6300048828125,404.9800109863281,330480
2026-03-03 19:55:00,405.010009765625,405.010009765625,404.1499938964844,404.1799926757813,297123
2026-03-03 20:00:00,404.2000122070313,405.4400024414063,404.1400146484375,405.2300109863281,319715
2026-03-03 20:05:00,405.30999755859375,406.0499877929688,405.0849914550781,405.6749877929688,231235
2026-03-03 20:10:00,405.6600036621094,405.7699890136719,404.7999877929688,404.8200073242188,258233
2026-03-03 20:15:00,404.7999877929688,404.8699951171875,403.4800109863281,403.8399963378906,380048
2026-03-03 20:20:00,403.8599853515625,404.2000122070313,403.2799987792969,403.6499938964844,262359
2026-03-03 20:25:00,403.6400146484375,403.8699035644531,403.1400146484375,403.7250061035156,273766
2026-03-03 20:30:00,403.7699890136719,403.8999938964844,403.0400085449219,403.1600036621094,251377
2026-03-03 20:35:00,403.1650085449219,403.6325988769531,402.7200012207031,403.0950012207031,250653
2026-03-03 20:40:00,403.1199951171875,403.9500122070313,403.1199951171875,403.8200073242188,228963
2026-03-03 20:45:00,403.8349914550781,403.9700012207031,403.0899963378906,403.5799865722656,240104
2026-03-03 20:50:00,403.5400085449219,404.5,402.8862915039063,404.0299987792969,586688
2026-03-03 20:55:00,404.0199890136719,404.0899963378906,403.3999938964844,403.7799987792969,1358419
2026-03-04 14:30:00,401.1619873046875,405.4800109863281,400.30999755859375,404.7300109863281,2952023
2026-03-04 14:35:00,404.7000122070313,405.6799926757813,403.4700012207031,404.6672973632813,759247
2026-03-04 14:40:00,404.6281127929688,404.6300048828125,402.3945007324219,403.3699951171875,457527
2026-03-04 14:45:00,403.260009765625,404.55999755859375,402.6600036621094,403.3800048828125,434623
2026-03-04 14:50:00,403.30999755859375,405.6799926757813,402.6600036621094,405.4100036621094,462236
2026-03-04 14:55:00,405.4200134277344,406.2000122070313,405.010009765625,405.7200012207031,450308
2026-03-04 15:00:00,405.7200012207031,406.5834045410156,403.6300048828125,404.2099914550781,641004
2026-03-04 15:05:00,404.2000122070313,404.989990234375,403.79010009765625,404.7650146484375,385335
2026-03-04 15:10:00,404.7139892578125,404.9500122070313,403.2999877929688,403.5,364272
2026-03-04 15:15:00,403.5249938964844,404.7300109863281,403.0499877929688,404.510009765625,344375
2026-03-04 15:20:00,404.5199890136719,405.447509765625,404.0299987792969,405.1499938964844,315523
2026-03-04 15:25:00,405.1698913574219,405.5499877929688,404.7000122070313,405.3214111328125,343082
2026-03-04 15:30:00,405.375,405.4800109863281,404.3599853515625,404.3599853515625,276686
2026-03-04 15:35:00,404.4059143066406,405.260009765625,404.1000061035156,404.4200134277344,250248
2026-03-04 15:40:00,404.3999938964844,404.5398864746094,403.1300048828125,403.4501037597656,467610
2026-03-04 15:45:00,403.510009765625,404.1400146484375,403.2200012207031,404.0501098632813,311581
2026-03-04 15:50:00,404.114990234375,404.3399963378906,403.6675109863281,404.239990234375,244553
2026-03-04 15:55:00,404.2799987792969,405.2326965332031,403.9200134277344,405.1199951171875,328673
2026-03-04 16:00:00,405.1499938964844,405.3999938964844,404.8299865722656,404.8507080078125,254719
2026-03-04 16:05:00,404.8999938964844,405.0899963378906,404.3200073242188,404.9501037597656,224596
2026-03-04 16:10:00,404.9200134277344,405.2999877929688,404.3200073242188,404.489990234375,195651
2026-03-04 16:15:00,404.489990234375,405.375,404.1799926757813,405.2099914550781,269043
2026-03-04 16:20:00,405.1799926757813,405.7000122070313,404.8550109863281,405.1499938964844,316488
2026-03-04 16:25:00,405.1499938964844,405.7300109863281,405.1050109863281,405.6300048828125,208882
2026-03-04 16:30:00,405.6300048828125,406.0199890136719,405.5400085449219,405.8550109863281,202675
2026-03-04 16:35:00,405.8599853515625,406.3200073242188,405.5499877929688,406.0,258975
2026-03-04 16:40:00,405.9800109863281,406.9700012207031,405.8200073242188,406.4649963378906,322052
2026-03-04 16:45:00,406.4400024414063,406.9200134277344,406.3200073242188,406.3800964355469,273222
2026-03-04 16:50:00,406.4200134277344,406.4400024414063,405.4800109863281,405.7300109863281,197987
2026-03-04 16:55:00,405.7699890136719,405.8998107910156,405.02630615234375,405.1400146484375,198449
2026-03-04 17:00:00,405.1513977050781,406.010009765625,404.7300109863281,406.010009765625,250855
2026-03-04 17:05:00,406.010009765625,407.7000122070313,405.9400024414063,407.4949951171875,745722
2026-03-04 17:10:00,407.5,408.3411865234375,407.2001037597656,407.8150024414063,809590
2026-03-04 17:15:00,407.7999877929688,408.39990234375,407.2049865722656,408.3799133300781,396728
2026-03-04 17:20:00,408.2999877929688,408.6900024414063,407.7099914550781,408.6900024414063,414595
2026-03-04 17:25:00,408.7000122070313,408.9599914550781,407.260009765625,407.2699890136719,311978
2026-03-04 17:30:00,407.30999755859375,408.3900146484375,406.9299926757813,408.1499938964844,243806
2026-03-04 17:35:00,408.1400146484375,408.8399963378906,408.1400146484375,408.7449951171875,223869
2026-03-04 17:40:00,408.7449951171875,409.1499938964844,408.1799926757813,408.3200073242188,217052
2026-03-04 17:45:00,408.34130859375,408.7799987792969,408.1000061035156,408.5299987792969,108092
2026-03-04 17:50:00,408.55999755859375,408.6499938964844,406.4100036621094,406.8049926757813,444163
2026-03-04 17:55:00,406.8049926757813,408.1600036621094,406.1099853515625,407.9800109863281,311227
2026-03-04 18:00:00,407.9137878417969,409.3299865722656,407.8699951171875,408.9700012207031,537117
2026-03-04 18:05:00,408.9649963378906,409.8800048828125,408.8399963378906,409.7550048828125,382240
2026-03-04 18:10:00,409.7550048828125,410.489990234375,409.3500061035156,409.9700012207031,614963
2026-03-04 18:15:00,409.9700012207031,410.2099914550781,409.6600036621094,410.125,275133
2026-03-04 18:20:00,410.1000061035156,410.1400146484375,409.5,409.875,355838
2026-03-04 18:25:00,409.8999938964844,410.2232971191406,409.7250061035156,410.0700073242188,364401
2026-03-04 18:30:00,410.0450134277344,410.6900024414063,410.0450134277344,410.5250854492188,275204
2026-03-04 18:35:00,410.5199890136719,411.0325927734375,410.2099914550781,410.5150146484375,306869
2026-03-04 18:40:00,410.510009765625,410.7149963378906,410.0799865722656,410.260009765625,230334
2026-03-04 18:45:00,410.260009765625,410.4800109863281,409.9400024414063,410.4400024414063,185317
2026-03-04 18:50:00,410.4500122070313,410.6799926757813,409.9700012207031,410.05999755859375,161754
2026-03-04 18:55:00,410.0350036621094,410.0499877929688,409.0199890136719,409.2000122070313,243801
2026-03-04 19:00:00,409.2300109863281,409.8399963378906,409.1900024414063,409.6776123046875,133500
2026-03-04 19:05:00,409.6950073242188,410.1600036621094,409.5799865722656,409.7200012207031,169926
2026-03-04 19:10:00,409.7677917480469,410.0499877929688,409.340087890625,409.3599853515625,152651
2026-03-04 19:15:00,409.385009765625,409.4700012207031,408.9500122070313,409.2999877929688,156220
2026-03-04 19:20:00,409.3179931640625,409.3699951171875,408.9599914550781,409.2900085449219,162026
2026-03-04 19:25:00,409.2999877929688,409.30999755859375,408.6700134277344,409.0199890136719,166806
2026-03-04 19:30:00,408.9869995117188,409.1698913574219,408.8500061035156,409.05999755859375,125918
2026-03-04 19:35:00,409.05999755859375,409.5400085449219,408.9500122070313,409.5,131905
2026-03-04 19:40:00,409.5199890136719,409.7300109863281,409.3299865722656,409.6900024414063,156431
2026-03-04 19:45:00,409.6950073242188,409.7699890136719,409.3800048828125,409.5950012207031,152259
2026-03-04 19:50:00,409.6199951171875,409.9299926757813,409.5450134277344,409.614990234375,166096
2026-03-04 19:55:00,409.614990234375,409.6600036621094,409.1900024414063,409.2900085449219,156434
2026-03-04 20:00:00,409.2900085449219,409.4486083984375,409.0201110839844,409.1648864746094,149758
2026-03-04 20:05:00,409.1700134277344,409.2200012207031,408.1831970214844,408.4800109863281,238502
2026-03-04 20:10:00,408.5199890136719,408.5199890136719,408.1300048828125,408.5,222921
2026-03-04 20:15:00,408.489990234375,408.5350036621094,407.6799926757813,407.7298889160156,258148
2026-03-04 20:20:00,407.6700134277344,408.1199951171875,407.4400024414063,407.9400024414063,241656
2026-03-04 20:25:00,407.9500122070313,408.1799926757813,407.0299987792969,407.9831848144531,222830
2026-03-04 20:30:00,407.9700012207031,408.1799926757813,407.239990234375,407.25,270436
2026-03-04 20:35:00,407.25,407.7699890136719,406.7999877929688,406.9700012207031,337137
2026-03-04 20:40:00,406.93499755859375,407.239990234375,406.8299865722656,406.9100036621094,384002
2026-03-04 20:45:00,406.9100036621094,407.2398986816406,406.4500122070313,406.9049987792969,321172
2026-03-04 20:50:00,406.8900146484375,407.1000061035156,406.0,406.1900024414063,964112
2026-03-04 20:55:00,406.1900024414063,406.2000122070313,405.0,405.0,1764328
2026-03-05 14:30:00,404.43499755859375,407.8500061035156,404.3999938964844,407.239990234375,2698718
2026-03-05 14:35:00,407.2200012207031,408.739990234375,406.4500122070313,407.9498901367188,669437
2026-03-05 14:40:00,407.8980102539063,409.3938903808594,407.4299926757813,408.9649963378906,474713
2026-03-05 14:45:00,408.9999084472656,410.3800048828125,408.5700073242188,409.1650085449219,762622
2026-03-05 14:50:00,409.1982116699219,410.8800048828125,408.7999877929688,410.8150024414063,514663
2026-03-05 14:55:00,410.7900085449219,411.0899963378906,409.7999877929688,410.8500061035156,686907
2026-03-05 15:00:00,410.8399963378906,411.6099853515625,409.9800109863281,410.4700012207031,714704
2026-03-05 15:05:00,410.4849853515625,411.0499877929688,410.0299987792969,410.6050109863281,371425
2026-03-05 15:10:00,410.6050109863281,411.2000122070313,409.8900146484375,411.1099853515625,482776
2026-03-05 15:15:00,411.1000061035156,411.2300109863281,409.7200012207031,409.8550109863281,520145
2026-03-05 15:20:00,409.8200073242188,409.8550109863281,407.6499938964844,407.8706970214844,528478
2026-03-05 15:25:00,407.8900146484375,408.260009765625,406.9800109863281,407.3599853515625,461042
2026-03-05 15:30:00,407.4100036621094,407.4200134277344,405.8800048828125,406.2850036621094,535508
2026-03-05 15:35:00,406.2900085449219,407.7000122070313,405.9200134277344,407.5499877929688,370307
2026-03-05 15:40:00,407.614990234375,408.3999938964844,407.0199890136719,407.6900024414063,304407
2026-03-05 15:45:00,407.6199951171875,408.6799926757813,407.4800109863281,407.9150085449219,234475
2026-03-05 15:50:00,407.9100036621094,408.635009765625,407.8299865722656,408.3699951171875,238471
2026-03-05 15:55:00,408.3699951171875,408.4699096679688,406.7000122070313,407.1300048828125,301469
2026-03-05 16:00:00,407.15618896484375,407.5,406.7900085449219,407.0650024414063,246501
2026-03-05 16:05:00,407.1199951171875,407.5700073242188,406.3500061035156,406.3900146484375,266624
2026-03-05 16:10:00,406.3699951171875,406.4093933105469,405.489990234375,405.9200134277344,376650
2026-03-05 16:15:00,405.8999938964844,406.3200073242188,405.5499877929688,405.6000061035156,318673
2026-03-05 16:20:00,405.5950012207031,407.1499938964844,405.5552062988281,406.7950134277344,306556
2026-03-05 16:25:00,406.7999877929688,407.5,406.5499877929688,406.6449890136719,258377
2026-03-05 16:30:00,406.6000061035156,407.5450134277344,406.4200134277344,407.3200073242188,339153
2026-03-05 16:35:00,407.2799987792969,409.1900024414063,407.239990234375,408.93499755859375,285973
2026-03-05 16:40:00,408.9200134277344,409.2699890136719,407.7349853515625,407.760009765625,259906
2026-03-05 16:45:00,407.7850036621094,408.4800109863281,407.7056884765625,408.0700073242188,184992
2026-03-05 16:50:00,408.1000061035156,408.6199951171875,408.0201110839844,408.2799072265625,162482
2026-03-05 16:55:00,408.2900085449219,410.6499938964844,408.2900085449219,410.4299926757813,356568
2026-03-05 17:00:00,410.4299926757813,411.3200073242188,409.9200134277344,411.231201171875,349712
2026-03-05 17:05:00,411.2099914550781,411.6000061035156,410.6700134277344,410.6749877929688,382116
2026-03-05 17:10:00,410.6700134277344,411.2999877929688,409.9339904785156,410.760009765625,361785
2026-03-05 17:15:00,410.7900085449219,410.7900085449219,409.2200012207031,409.2850036621094,324109
2026-03-05 17:20:00,409.260009765625,410.0,409.1600036621094,409.7900085449219,325122
2026-03-05 17:25:00,409.7799987792969,410.2799987792969,409.0201110839844,409.2900085449219,318701
2026-03-05 17:30:00,409.2900085449219,409.7200012207031,408.7999877929688,409.2739868164063,467284
2026-03-05 17:35:00,409.3299865722656,410.7300109863281,409.3299865722656,410.5,331256
2026-03-05 17:40:00,410.5101013183594,411.0799865722656,409.5899963378906,409.9800109863281,356775
2026-03-05 17:45:00,410.010009765625,410.0499877929688,409.135986328125,409.2099914550781,222410
2026-03-05 17:50:00,409.2300109863281,410.55999755859375,408.9500122070313,409.3299865722656,415825
2026-03-05 17:55:00,409.3599853515625,409.3599853515625,408.4500122070313,408.7300109863281,631646
2026-03-05 18:00:00,408.7000122070313,409.8200073242188,408.1199951171875,409.6000061035156,228196
2026-03-05 18:05:00,409.5950012207031,410.2799987792969,409.2699890136719,409.7550048828125,217868
2026-03-05 18:10:00,409.7550048828125,410.1600036621094,409.1701049804688,410.1000061035156,216984
2026-03-05 18:15:00,410.0499877929688,410.239990234375,408.3599853515625,408.3999938964844,243317
2026-03-05 18:20:00,408.4164123535156,409.2149963378906,408.30999755859375,409.10009765625,289075
2026-03-05 18:25:00,409.1499938964844,409.25,408.1499938964844,408.5400085449219,174339
2026-03-05 18:30:00,408.5,409.0,407.9200134277344,408.239990234375,206315
2026-03-05 18:35:00,408.2550048828125,408.4100036621094,407.6000061035156,407.7485961914063,183052
2026-03-05 18:40:00,407.7699890136719,409.6050109863281,407.7699890136719,409.4800109863281,240915
2026-03-05 18:45:00,409.4800109863281,409.739990234375,408.6700134277344,409.1247863769531,210209
2026-03-05 18:50:00,409.1000061035156,409.114990234375,407.7799987792969,407.8999938964844,167143
2026-03-05 18:55:00,407.9299926757813,408.5650024414063,407.7900085449219,408.1799926757813,184905
2026-03-05 19:00:00,408.2000122070313,408.7998962402344,407.9599914550781,408.1828002929688,166157
2026-03-05 19:05:00,408.1600036621094,409.0700073242188,408.1400146484375,409.0400085449219,165897
2026-03-05 19:10:00,409.04888916015625,409.5492858886719,408.6000061035156,409.3049926757813,204186
2026-03-05 19:15:00,409.3250122070313,409.3800048828125,408.25,408.9800109863281,166430
2026-03-05 19:20:00,409.0593872070313,409.5,408.6000061035156,409.0199890136719,218561
2026-03-05 19:25:00,409.0549926757813,409.3481140136719,408.6300048828125,409.25,202343
2026-03-05 19:30:00,409.1700134277344,409.1700134277344,408.0899963378906,408.4800109863281,208047
2026-03-05 19:35:00,408.4800109863281,408.8500061035156,407.8330078125,408.7799987792969,234233
2026-03-05 19:40:00,408.7511901855469,409.2000122070313,408.6400146484375,409.1799926757813,408489
2026-03-05 19:45:00,409.25,409.8399963378906,408.8900146484375,409.614990234375,205579
2026-03-05 19:50:00,409.6400146484375,410.05999755859375,409.2850036621094,409.2950134277344,235874
2026-03-05 19:55:00,409.2799987792969,409.7000122070313,408.8200073242188,409.5621948242188,378169
2026-03-05 20:00:00,409.6000061035156,410.1499938964844,408.7200012207031,409.7699890136719,435327
2026-03-05 20:05:00,409.7900085449219,410.4400024414063,409.1300048828125,410.2300109863281,349391
2026-03-05 20:10:00,410.239990234375,410.5799865722656,409.0,409.2349853515625,292155
2026-03-05 20:15:00,409.239990234375,409.9400024414063,408.8001098632813,409.2250061035156,319356
2026-03-05 20:20:00,409.2250061035156,409.8299865722656,409.0299987792969,409.760009765625,796688
2026-03-05 20:25:00,409.7699890136719,410.3999938964844,409.7000122070313,409.8999938964844,315216
2026-03-05 20:30:00,409.9299926757813,410.54638671875,409.6499938964844,410.30999755859375,369647
2026-03-05 20:35:00,410.2999877929688,410.5299987792969,409.9100036621094,410.010009765625,265969
2026-03-05 20:40:00,410.010009765625,410.1700134277344,409.5,409.7000122070313,475951
2026-03-05 20:45:00,409.7000122070313,410.5799865722656,409.0779113769531,410.5799865722656,896877
2026-03-05 20:50:00,410.6000061035156,411.30999755859375,409.7999877929688,410.4299926757813,758355
2026-03-05 20:55:00,410.489990234375,411.0299987792969,409.93499755859375,410.7200012207031,1462294
2026-03-06 14:30:00,409.2999877929688,412.89990234375,408.9500122070313,411.7000122070313,2552061
2026-03-06 14:35:00,411.8500061035156,412.30999755859375,409.510009765625,411.87799072265625,754060
2026-03-06 14:40:00,411.9289855957031,413.0499877929688,411.010009765625,411.1749877929688,728708
2026-03-06 14:45:00,411.1300048828125,411.2000122070313,409.2999877929688,409.9100036621094,584716
2026-03-06 14:50:00,409.8800048828125,411.1400146484375,409.6400146484375,410.2300109863281,390785
2026-03-06 14:55:00,410.25,410.9798889160156,409.3900146484375,410.614990234375,308017
2026-03-06 15:00:00,410.6199951171875,411.260009765625,410.0,410.7850036621094,408995
2026-03-06 15:05:00,410.7950134277344,411.75,409.1199951171875,409.3299865722656,390311
2026-03-06 15:10:00,409.3900146484375,411.6400146484375,409.3299865722656,411.3800048828125,375328
2026-03-06 15:15:00,411.3450012207031,411.4599914550781,410.3254089355469,410.3900146484375,260008
2026-03-06 15:20:00,410.4397888183594,411.3800048828125,410.1900024414063,410.7799987792969,254929
2026-03-06 15:25:00,410.7000122070313,411.3800048828125,410.4129028320313,411.3500061035156,207582
2026-03-06 15:30:00,411.3200073242188,412.5,411.25,412.1900939941406,432275
2026-03-06 15:35:00,412.1900939941406,412.9800109863281,411.8299865722656,412.5299987792969,364239
2026-03-06 15:40:00,412.5022888183594,412.5238037109375,410.5799865722656,411.3949890136719,296521
2026-03-06 15:45:00,411.385986328125,411.6700134277344,410.5,410.6099853515625,203474
2026-03-06 15:50:00,410.5199890136719,410.5199890136719,409.4200134277344,409.8399963378906,237540
2026-03-06 15:55:00,409.8500061035156,411.4800109863281,409.8500061035156,411.1050109863281,208731
2026-03-06 16:00:00,411.1300048828125,412.8500061035156,410.9400024414063,412.7049865722656,291667
2026-03-06 16:05:00,412.7000122070313,412.75,412.0400085449219,412.0700073242188,274437
2026-03-06 16:10:00,412.0700073242188,412.5,411.7300109863281,412.2489929199219,185214
2026-03-06 16:15:00,412.2099914550781,412.8399963378906,411.7999877929688,412.6600036621094,199441
2026-03-06 16:20:00,412.6549987792969,412.7799987792969,411.4800109863281,412.2598876953125,321686
2026-03-06 16:25:00,412.260009765625,412.3299865722656,411.7000122070313,412.0700073242188,159083
2026-03-06 16:30:00,412.0270080566406,412.2300109863281,411.4704895019531,411.5274963378906,187345
2026-03-06 16:35:00,411.5,412.5698852539063,411.4500122070313,412.2900085449219,138854
2026-03-06 16:40:00,412.2799987792969,412.3699951171875,411.0400085449219,411.0700073242188,152701
2026-03-06 16:45:00,411.1214904785156,412.3999938964844,411.1199951171875,412.2950134277344,173032
2026-03-06 16:50:00,412.2799987792969,412.8699951171875,411.7900085449219,411.9100036621094,240525
2026-03-06 16:55:00,411.93499755859375,412.2000122070313,411.55999755859375,411.8999938964844,133923
2026-03-06 17:00:00,411.8699951171875,412.7000122070313,411.5299987792969,412.4100036621094,175549
2026-03-06 17:05:00,412.4200134277344,412.5199890136719,411.0700073242188,411.3930969238281,201424
2026-03-06 17:10:00,411.3200988769531,411.5299987792969,410.7000122070313,410.9000854492188,191119
2026-03-06 17:15:00,410.8800048828125,411.1499938964844,410.6000061035156,410.8840026855469,176847
2026-03-06 17:20:00,410.9700012207031,411.4500122070313,410.4700012207031,411.010009765625,136220
2026-03-06 17:25:00,410.9500122070313,411.0799865722656,410.2000122070313,410.6900024414063,147965
2026-03-06 17:30:00,410.7099914550781,410.8699951171875,410.3450012207031,410.4549865722656,369519
2026-03-06 17:35:00,410.4700012207031,410.5650024414063,409.3599853515625,409.6199951171875,182283
2026-03-06 17:40:00,409.6000061035156,409.885009765625,408.7699890136719,409.3200073242188,216337
2026-03-06 17:45:00,409.3500061035156,410.0499877929688,408.8800048828125,409.9500122070313,226315
2026-03-06 17:50:00,409.9750061035156,410.2000122070313,409.7300109863281,409.9849853515625,156380
2026-03-06 17:55:00,410.0299987792969,410.1846923828125,409.6300048828125,409.739990234375,135999
2026-03-06 18:00:00,409.760009765625,410.3500061035156,409.7099914550781,409.8049926757813,153906
2026-03-06 18:05:00,409.8500061035156,410.1799926757813,409.7099914550781,409.9200134277344,146513
2026-03-06 18:10:00,409.9150085449219,411.0899963378906,409.4500122070313,410.9400024414063,235064
2026-03-06 18:15:00,410.9800109863281,411.1499938964844,410.4299926757813,411.0299987792969,186526
2026-03-06 18:20:00,411.0249938964844,411.1618957519531,410.1000061035156,410.510009765625,147161
2026-03-06 18:25:00,410.5299987792969,410.5350036621094,409.5299987792969,409.7900085449219,134524
2026-03-06 18:30:00,409.8299865722656,410.4200134277344,409.7000122070313,410.2449951171875,612991
2026-03-06 18:35:00,410.2000122070313,410.2699890136719,409.6799926757813,410.0810852050781,125410
2026-03-06 18:40:00,410.0499877929688,410.5592956542969,409.9949951171875,410.4299926757813,113269
2026-03-06 18:45:00,410.4299926757813,410.6799926757813,410.0799865722656,410.3800048828125,111636
2026-03-06 18:50:00,410.3999938964844,410.4800109863281,409.7312927246094,410.0650024414063,142533
2026-03-06 18:55:00,410.0650024414063,410.1400146484375,409.6499938964844,409.7900085449219,540097
2026-03-06 19:00:00,409.7999877929688,410.1505126953125,409.7999877929688,409.9800109863281,141475
2026-03-06 19:05:00,409.9700012207031,411.1900024414063,409.8999938964844,410.5899963378906,190838
2026-03-06 19:10:00,410.6050109863281,411.3599853515625,410.6050109863281,411.1000061035156,190765
2026-03-06 19:15:00,411.0700073242188,411.3086853027344,410.260009765625,410.5899963378906,226488
2026-03-06 19:20:00,410.55999755859375,410.9085083007813,409.7999877929688,409.80999755859375,211397
2026-03-06 19:25:00,409.8399963378906,410.5499877929688,409.6749877929688,409.9305114746094,198225
2026-03-06 19:30:00,409.8999938964844,410.5199890136719,409.80999755859375,410.2999877929688,137388
2026-03-06 19:35:00,410.3500061035156,410.4800109863281,409.7000122070313,410.0400085449219,180671
2026-03-06 19:40:00,410.1099853515625,410.7999877929688,409.8872985839844,409.9049987792969,193020
2026-03-06 19:45:00,409.8800048828125,410.0,409.3599853515625,409.7099914550781,171463
2026-03-06 19:50:00,409.7000122070313,410.2250061035156,409.4200134277344,410.1700134277344,153405
2026-03-06 19:55:00,410.2300109863281,410.5899963378906,410.1600036621094,410.3900146484375,249778
2026-03-06 20:00:00,410.3699951171875,411.5799865722656,410.3699951171875,411.30999755859375,221706
2026-03-06 20:05:00,411.3299865722656,411.5,411.0700073242188,411.1000061035156,185061
2026-03-06 20:10:00,411.1000061035156,411.2749938964844,410.18499755859375,410.6900024414063,336155
2026-03-06 20:15:00,410.6900024414063,411.0,410.0650024414063,410.6499938964844,289779
2026-03-06 20:20:00,410.6199951171875,410.7999877929688,409.6799926757813,409.7101135253906,723838
2026-03-06 20:25:00,409.7300109863281,410.0400085449219,409.239990234375,409.3349914550781,314261
2026-03-06 20:30:00,409.3200988769531,409.7200012207031,408.9100036621094,409.1300048828125,406324
2026-03-06 20:35:00,409.1050109863281,409.4400024414063,408.5101013183594,409.3900146484375,724953
2026-03-06 20:40:00,409.4200134277344,410.1499938964844,408.9913940429688,409.7900085449219,393961
2026-03-06 20:45:00,409.7749938964844,409.8200073242188,409.1600036621094,409.2200927734375,901982
2026-03-06 20:50:00,409.2999877929688,409.5899963378906,408.8800048828125,409.4599914550781,491975
2026-03-06 20:55:00,409.3999938964844,409.5199890136719,408.6099853515625,408.6199951171875,1571133
