timestamp,Open,High,Low,Close,Volume
2026-01-05 14:30:00,192.75,193.6300048828125,192.30099487304688,192.9750061035156,9466975
2026-01-05 14:35:00,192.9600067138672,192.988998413086,190.96859741210932,191.0970001220703,3195127
2026-01-05 14:40:00,191.1199951171875,191.3509979248047,189.75,190.22999572753903,3504623
2026-01-05 14:45:00,190.2200927734375,190.6649932861328,189.38999938964844,189.7642059326172,3139124
2026-01-05 14:50:00,189.759994506836,190.60499572753903,189.75,190.5599975585937,2284087
2026-01-05 14:55:00,190.5500030517578,190.65499877929688,189.8300018310547,190.1199951171875,1753385
2026-01-05 15:00:00,190.1199951171875,190.4600067138672,189.72000122070312,190.159896850586,1654951
2026-01-05 15:05:00,190.16000366210932,190.3697967529297,189.8000030517578,190.0802001953125,1324180
2026-01-05 15:10:00,190.07000732421875,190.1199951171875,189.72999572753903,189.8300018310547,1314462
2026-01-05 15:15:00,189.8500061035156,190.3800048828125,189.71499633789065,190.2899932861328,1490562
2026-01-05 15:20:00,190.2899932861328,190.42990112304688,189.7001037597656,189.9199981689453,1385364
2026-01-05 15:25:00,189.91000366210932,190.13999938964844,189.5500030517578,190.0749969482422,1612791
2026-01-05 15:30:00,190.07000732421875,190.2350006103516,189.8872985839844,190.0449981689453,1496079
2026-01-05 15:35:00,190.0399932861328,190.0500030517578,189.5200042724609,189.7100067138672,1566086
2026-01-05 15:40:00,189.7001037597656,189.92999267578125,189.259994506836,189.3350067138672,1211120
2026-01-05 15:45:00,189.3000030517578,189.6699981689453,189.2899932861328,189.5500030517578,1153746
2026-01-05 15:50:00,189.5599975585937,189.8999938964844,189.3800048828125,189.759994506836,1127498
2026-01-05 15:55:00,189.76499938964844,190.31500244140625,189.6699981689453,190.25,1573944
2026-01-05 16:00:00,190.25,190.42970275878903,190.0599975585937,190.2599029541016,1446034
2026-01-05 16:05:00,190.2700042724609,190.75,190.2400054931641,190.56610107421875,1485718
2026-01-05 16:10:00,190.57000732421875,190.88999938964844,190.3600006103516,190.3699951171875,1739943
2026-01-05 16:15:00,190.3699951171875,190.4550018310547,190.1000061035156,190.134994506836,1452210
2026-01-05 16:20:00,190.134506225586,190.1999969482422,189.91000366210932,189.9550018310547,1259425
2026-01-05 16:25:00,189.9499969482422,190.3099975585937,189.94000244140625,190.19000244140625,1076975
2026-01-05 16:30:00,190.1849975585937,190.3099975585937,190.11480712890625,190.12429809570312,906827
2026-01-05 16:35:00,190.125,190.32000732421875,190.0399932861328,190.09500122070312,918963
2026-01-05 16:40:00,190.09500122070312,190.31500244140625,189.82000732421875,190.125,1208691
2026-01-05 16:45:00,190.125,190.47000122070312,190.0800018310547,190.4199981689453,938784
2026-01-05 16:50:00,190.41200256347656,190.4900054931641,189.94000244140625,189.95660400390625,1163049
2026-01-05 16:55:00,189.9582977294922,189.98989868164065,189.27999877929688,189.3000030517578,1369199
2026-01-05 17:00:00,189.3099975585937,189.3249969482422,188.22999572753903,188.42999267578125,2224946
2026-01-05 17:05:00,188.4199981689453,188.47999572753903,187.3000030517578,187.57000732421875,2834431
2026-01-05 17:10:00,187.5762939453125,187.8699951171875,187.07000732421875,187.8600006103516,2480070
2026-01-05 17:15:00,187.8636016845703,187.91799926757807,187.32000732421875,187.7743988037109,1667924
2026-01-05 17:20:00,187.8000030517578,187.8760986328125,187.31190490722656,187.55499267578125,1444077
2026-01-05 17:25:00,187.54820251464844,187.67999267578125,187.3300018310547,187.6199951171875,1414068
2026-01-05 17:30:00,187.6100006103516,187.6150054931641,187.0500030517578,187.3999938964844,1422931
2026-01-05 17:35:00,187.40499877929688,187.91000366210932,187.40499877929688,187.875,1508739
2026-01-05 17:40:00,187.8699951171875,187.9949951171875,187.6450042724609,187.76499938964844,1163212
2026-01-05 17:45:00,187.760498046875,188.0800018310547,187.6000061035156,187.9459991455078,1103589
2026-01-05 17:50:00,187.9499969482422,188.1000061035156,187.7543029785156,187.80499267578125,979234
2026-01-05 17:55:00,187.8099975585937,188.0,187.76499938964844,187.90499877929688,742131
2026-01-05 18:00:00,187.8999938964844,188.0200042724609,187.7899932861328,187.89990234375,941036
2026-01-05 18:05:00,187.89450073242188,187.92999267578125,187.5599975585937,187.66000366210932,1230979
2026-01-05 18:10:00,187.6699981689453,187.69500732421875,187.44000244140625,187.51499938964844,1014001
2026-01-05 18:15:00,187.5200042724609,187.52999877929688,186.9949951171875,187.31320190429688,1536896
2026-01-05 18:20:00,187.3043975830078,187.5,187.08999633789065,187.4944000244141,977491
2026-01-05 18:25:00,187.4998016357422,187.8500061035156,187.4900054931641,187.78500366210932,1374929
2026-01-05 18:30:00,187.77999877929688,187.97999572753903,187.77999877929688,187.85499572753903,897002
2026-01-05 18:35:00,187.85499572753903,188.02999877929688,187.67999267578125,187.9900054931641,889552
2026-01-05 18:40:00,187.985107421875,188.2400054931641,187.94000244140625,188.1499938964844,1029332
2026-01-05 18:45:00,188.17999267578125,188.1999969482422,187.97000122070312,188.08999633789065,892057
2026-01-05 18:50:00,188.0800018310547,188.0800018310547,187.80499267578125,187.8350067138672,810507
2026-01-05 18:55:00,187.82000732421875,187.8600006103516,187.3800048828125,187.44500732421875,1106221
2026-01-05 19:00:00,187.4598999023437,187.47999572753903,187.19000244140625,187.259994506836,1159987
2026-01-05 19:05:00,187.2631072998047,187.3007049560547,186.94000244140625,187.13009643554688,1449450
2026-01-05 19:10:00,187.1300048828125,187.1499938964844,186.6649932861328,186.6649932861328,1401689
2026-01-05 19:15:00,186.66000366210932,186.82000732421875,186.3800048828125,186.72999572753903,1510794
2026-01-05 19:20:00,186.71499633789065,186.83999633789065,186.5800018310547,186.72970581054688,1103386
2026-01-05 19:25:00,186.72999572753903,186.8600006103516,186.4499969482422,186.6432037353516,1285810
2026-01-05 19:30:00,186.6499938964844,186.66000366210932,186.3800048828125,186.384994506836,979533
2026-01-05 19:35:00,186.3856964111328,186.47000122070312,186.1499938964844,186.3258056640625,1263781
2026-01-05 19:40:00,186.32000732421875,186.4900054931641,186.22999572753903,186.3600006103516,1336218
2026-01-05 19:45:00,186.3650054931641,186.759994506836,186.3300018310547,186.625,1562191
2026-01-05 19:50:00,186.6150054931641,186.7400054931641,186.44500732421875,186.6501007080078,1267925
2026-01-05 19:55:00,186.65499877929688,186.92999267578125,186.6100006103516,186.74009704589844,1132569
2026-01-05 20:00:00,186.7400054931641,186.88999938964844,186.509994506836,186.58990478515625,1108660
2026-01-05 20:05:00,186.5800018310547,187.1499938964844,186.5449981689453,187.0998992919922,1304989
2026-01-05 20:10:00,187.0850067138672,187.28500366210932,187.0449981689453,187.2200927734375,1189368
2026-01-05 20:15:00,187.22970581054688,187.3000030517578,187.1199951171875,187.16000366210932,891696
2026-01-05 20:20:00,187.159896850586,187.5399932861328,187.0800018310547,187.53500366210932,1181866
2026-01-05 20:25:00,187.53990173339844,187.57000732421875,187.3500061035156,187.47000122070312,1135281
2026-01-05 20:30:00,187.47000122070312,187.4900054931641,187.27999877929688,187.4501037597656,1258236
2026-01-05 20:35:00,187.4550018310547,187.7899932861328,187.4550018310547,187.65499877929688,1992896
2026-01-05 20:40:00,187.66000366210932,187.91000366210932,187.5800018310547,187.7949981689453,1529596
2026-01-05 20:45:00,187.77999877929688,188.1199951171875,187.7749938964844,188.10450744628903,1579462
2026-01-05 20:50:00,188.1199951171875,188.1300048828125,187.65499877929688,187.7700042724609,1856521
2026-01-05 20:55:00,187.759994506836,188.16000366210932,187.6042938232422,188.1100006103516,2871717
2026-01-06 14:30:00,190.5,190.58999633789065,189.6699981689453,190.2700042724609,8206610
2026-01-06 14:35:00,190.2700042724609,190.8800048828125,189.76010131835932,190.44000244140625,2978442
2026-01-06 14:40:00,190.44369506835932,190.5500030517578,188.97999572753903,189.6938018798828,2324670
2026-01-06 14:45:00,190.3300018310547,191.4499969482422,190.3300018310547,191.2350006103516,4025563
2026-01-06 14:50:00,191.2749938964844,191.9900054931641,191.19000244140625,191.5850067138672,3035868
2026-01-06 14:55:00,191.58999633789065,192.1739959716797,191.41070556640625,191.9042053222656,2639962
2026-01-06 15:00:00,191.8999938964844,192.08999633789065,191.1000061035156,191.110107421875,2457718
2026-01-06 15:05:00,191.1087951660156,191.3500061035156,190.7250061035156,190.9300994873047,1950394
2026-01-06 15:10:00,190.9389038085937,191.69500732421875,190.66000366210932,191.44000244140625,2184975
2026-01-06 15:15:00,191.44000244140625,191.9550018310547,191.41000366210932,191.75,1763465
2026-01-06 15:20:00,191.7350006103516,191.8300018310547,191.02999877929688,191.375,1666033
2026-01-06 15:25:00,191.3600006103516,191.76499938964844,191.22000122070312,191.3999938964844,1458981
2026-01-06 15:30:00,191.3896026611328,191.5249938964844,190.77999877929688,190.8500061035156,1592811
2026-01-06 15:35:00,190.8600006103516,191.0301055908203,190.2700042724609,190.5249938964844,1593880
2026-01-06 15:40:00,190.3500061035156,190.3999938964844,190.2100067138672,190.26499938964844,1693849
2026-01-06 15:45:00,190.14990234375,190.1999969482422,189.7700042724609,189.9199981689453,1809697
2026-01-06 15:50:00,189.9199981689453,189.97999572753903,189.27999877929688,189.375,1499253
2026-01-06 15:55:00,189.3529052734375,189.4199066162109,189.1100006103516,189.1199951171875,2072220
2026-01-06 16:00:00,189.1100006103516,189.1100006103516,188.22000122070312,188.23989868164065,1763006
2026-01-06 16:05:00,188.2250061035156,188.52999877929688,187.8699951171875,188.4949951171875,3043244
2026-01-06 16:10:00,188.4832000732422,188.52999877929688,188.0749969482422,188.1501007080078,1869878
2026-01-06 16:15:00,188.38999938964844,188.6100006103516,188.1999969482422,188.25,1111183
2026-01-06 16:20:00,188.5699005126953,188.91000366210932,188.5599975585937,188.8500061035156,1726956
2026-01-06 16:25:00,188.60459899902344,188.69000244140625,188.57000732421875,188.58999633789065,1658092
2026-01-06 16:30:00,188.58999633789065,190.02999877929688,188.3950042724609,189.2700042724609,3091880
2026-01-06 16:35:00,189.38999938964844,189.38999938964844,188.78500366210932,189.25,2672161
2026-01-06 16:40:00,189.25729370117188,189.3300018310547,189.25210571289065,189.3125,15990
2026-01-06 16:50:00,189.40499877929688,189.4900054931641,189.3235015869141,189.38999938964844,3198630
2026-01-06 16:55:00,189.3845977783203,189.44000244140625,189.22999572753903,189.41000366210932,688680
2026-01-06 17:00:00,189.32000732421875,189.41000366210932,188.52999877929688,188.7899932861328,1684836
2026-01-06 17:05:00,188.7899932861328,189.0399932861328,188.77999877929688,188.91000366210932,896799
2026-01-06 17:10:00,188.8999938964844,189.009994506836,188.79640197753903,188.9709014892578,671227
2026-01-06 17:15:00,188.6699981689453,188.6750030517578,188.5500030517578,188.61990356445312,1096389
2026-01-06 17:20:00,188.860107421875,189.22999572753903,188.81500244140625,189.0,1417303
2026-01-06 17:25:00,189.0030059814453,189.37649536132807,188.97000122070312,189.03990173339844,970235
2026-01-06 17:30:00,189.0399932861328,189.52999877929688,189.02999877929688,189.4900054931641,1152908
2026-01-06 17:35:00,189.4900054931641,189.6999969482422,189.3099975585937,189.4550018310547,1021407
2026-01-06 17:40:00,189.4499969482422,189.4550018310547,188.9499969482422,189.00909423828125,859342
2026-01-06 17:45:00,189.1300048828125,189.2899932861328,189.0800018310547,189.1300048828125,659329
2026-01-06 17:50:00,188.88999938964844,188.92999267578125,188.72999572753903,188.9160003662109,848321
2026-01-06 17:55:00,188.91000366210932,188.9600067138672,188.6699981689453,188.7098999023437,992284
2026-01-06 18:00:00,188.7050018310547,188.7700042724609,188.5399932861328,188.634994506836,519304
2026-01-06 18:05:00,188.3699951171875,188.4900054931641,188.2949981689453,188.4600067138672,1292759
2026-01-06 18:10:00,188.47000122070312,188.5,188.2700042724609,188.28500366210932,854876
2026-01-06 18:15:00,188.2899932861328,188.63999938964844,188.2700042724609,188.625,699495
2026-01-06 18:20:00,188.4055938720703,188.5198974609375,188.3300018310547,188.4949951171875,661031
2026-01-06 18:25:00,188.4250030517578,188.4499969482422,188.2749938964844,188.2899932861328,752160
2026-01-06 18:30:00,188.17999267578125,188.22000122070312,187.9199981689453,188.009994506836,1079697
2026-01-06 18:40:00,188.0500030517578,188.16000366210932,187.97999572753903,188.16000366210932,2756769
2026-01-06 18:45:00,188.22999572753903,188.3000030517578,188.08999633789065,188.10499572753903,1012305
2026-01-06 18:50:00,188.10009765625,188.19000244140625,187.94500732421875,188.1450042724609,526835
2026-01-06 18:55:00,188.0641021728516,188.27029418945312,188.0050048828125,188.2350006103516,923285
2026-01-06 19:00:00,188.2400054931641,188.2400054931641,187.6699981689453,187.71499633789065,937115
2026-01-06 19:05:00,187.7198944091797,187.75,187.5200042724609,187.6300048828125,762359
2026-01-06 19:10:00,187.57400512695312,187.84500122070312,187.5500030517578,187.84500122070312,828825
2026-01-06 19:15:00,187.884994506836,188.0682983398437,187.8300018310547,188.06500244140625,947303
2026-01-06 19:20:00,188.0467987060547,188.22999572753903,187.97000122070312,188.22000122070312,798769
2026-01-06 19:25:00,188.21499633789065,188.2299041748047,187.91000366210932,187.9600067138672,613923
2026-01-06 19:30:00,188.0500030517578,188.1000061035156,188.02999877929688,188.08009338378903,584012
2026-01-06 19:35:00,188.08999633789065,188.13999938964844,187.98049926757807,188.0050048828125,898546
2026-01-06 19:40:00,187.9900054931641,188.27999877929688,187.97999572753903,188.1699981689453,815847
2026-01-06 19:45:00,188.1790008544922,188.19500732421875,187.77999877929688,187.85450744628903,905840
2026-01-06 19:50:00,188.08670043945312,188.0919952392578,188.02999877929688,188.0599975585937,511130
2026-01-06 19:55:00,187.88999938964844,187.8999938964844,187.67999267578125,187.69000244140625,1013088
2026-01-06 20:00:00,187.6999969482422,187.884994506836,187.47000122070312,187.52549743652344,1052700
2026-01-06 20:05:00,187.52999877929688,187.57989501953125,187.3600006103516,187.4658050537109,642969
2026-01-06 20:10:00,187.6100006103516,187.6100006103516,187.4850006103516,187.52349853515625,862946
2026-01-06 20:15:00,187.5500030517578,187.69000244140625,187.35499572753903,187.39669799804688,857290
2026-01-06 20:20:00,187.3500061035156,187.47999572753903,187.19000244140625,187.3300018310547,1325719
2026-01-06 20:25:00,187.21499633789065,187.22000122070312,186.8701019287109,186.94000244140625,1794229
2026-01-06 20:30:00,186.94000244140625,187.22999572753903,186.82000732421875,187.19009399414065,1139442
2026-01-06 20:35:00,187.19500732421875,187.2949981689453,187.1499938964844,187.27999877929688,207857
2026-01-06 20:40:00,187.37989807128903,187.4499969482422,187.1999969482422,187.22000122070312,1986744
2026-01-06 20:45:00,187.1999969482422,187.5249938964844,187.19000244140625,187.5142059326172,903326
2026-01-06 20:50:00,187.47999572753903,187.6499938964844,187.42999267578125,187.4933013916016,2001899
2026-01-06 20:55:00,187.5,187.5599975585937,187.1499938964844,187.25,590239
2026-01-07 14:30:00,188.57000732421875,188.6100006103516,186.5599975585937,187.9949951171875,6385896
2026-01-07 14:35:00,188.0,188.3699951171875,186.9100952148437,188.0800018310547,2496187
2026-01-07 14:40:00,188.08999633789065,188.69000244140625,187.63999938964844,188.67579650878903,2209485
2026-01-07 14:45:00,188.6479949951172,188.82000732421875,188.2700042724609,188.4801025390625,2055447
2026-01-07 14:50:00,188.4850006103516,189.31500244140625,188.2400054931641,189.10009765625,2182804
2026-01-07 14:55:00,189.1000061035156,190.1999969482422,189.08999633789065,190.1000061035156,3015411
2026-01-07 15:00:00,190.1000061035156,190.2700042724609,189.27999877929688,190.0200042724609,2387942
2026-01-07 15:05:00,190.02999877929688,191.0800018310547,189.8600006103516,190.7454071044922,3423367
2026-01-07 15:10:00,190.7400054931641,190.83999633789065,190.2100067138672,190.51499938964844,2065737
2026-01-07 15:15:00,190.5200042724609,190.8500061035156,190.259994506836,190.7400054931641,2018014
2026-01-07 15:20:00,190.7449951171875,191.3350067138672,190.6499938964844,191.19500732421875,2352585
2026-01-07 15:25:00,191.1499938964844,191.3600006103516,190.75,191.01499938964844,1919994
2026-01-07 15:30:00,191.0200042724609,191.0709991455078,190.52999877929688,190.57000732421875,1687378
2026-01-07 15:35:00,190.57000732421875,190.9600067138672,188.7700042724609,189.21499633789065,3267497
2026-01-07 15:40:00,189.22999572753903,190.07000732421875,188.47000122070312,189.3800048828125,3854646
2026-01-07 15:45:00,189.375,190.5897979736328,189.259994506836,190.38999938964844,2617562
2026-01-07 15:50:00,190.38999938964844,190.634994506836,189.6835021972656,189.8179931640625,1656471
2026-01-07 15:55:00,189.8000030517578,189.82000732421875,189.5200042724609,189.6150054931641,1203298
2026-01-07 16:00:00,189.6199951171875,189.9900054931641,189.5399932861328,189.6499938964844,1110966
2026-01-07 16:05:00,189.6598052978516,189.7700042724609,189.6499938964844,189.7088928222656,77128
2026-01-07 16:10:00,190.25,190.2899932861328,190.22999572753903,190.2899932861328,1853224
2026-01-07 16:15:00,190.2899932861328,190.34500122070312,189.9499969482422,190.1000061035156,909930
2026-01-07 16:20:00,190.08999633789065,190.1199951171875,189.52999877929688,189.5500030517578,932170
2026-01-07 16:25:00,189.5399932861328,189.5800018310547,189.18299865722656,189.5800018310547,1137603
2026-01-07 16:30:00,189.57000732421875,190.0599975585937,189.5200042724609,189.88999938964844,1136422
2026-01-07 16:35:00,189.8999938964844,189.9900054931641,189.46499633789065,189.60499572753903,836782
2026-01-07 16:40:00,189.6100006103516,190.009994506836,189.5500030517578,189.8867034912109,864394
2026-01-07 16:45:00,189.8950042724609,190.1150054931641,189.77999877929688,189.8249969482422,695002
2026-01-07 16:50:00,189.8300018310547,190.08999633789065,189.6699981689453,190.0599975585937,878812
2026-01-07 16:55:00,190.06790161132807,190.3300018310547,190.0399932861328,190.16000366210932,858646
2026-01-07 17:00:00,190.1649932861328,190.44000244140625,190.0,190.2917938232422,903270
2026-01-07 17:05:00,190.2949981689453,190.6000061035156,190.2400054931641,190.3099975585937,982259
2026-01-07 17:10:00,190.30499267578125,190.34030151367188,190.1100006103516,190.17999267578125,751066
2026-01-07 17:15:00,190.17999267578125,190.2400054931641,190.08999633789065,190.16270446777344,512937
2026-01-07 17:20:00,190.164794921875,190.3500061035156,190.08999633789065,190.33999633789065,1162069
2026-01-07 17:25:00,190.3500061035156,190.3500061035156,189.9250030517578,190.0030059814453,862799
2026-01-07 17:30:00,190.0050048828125,190.17999267578125,189.88999938964844,190.1750030517578,630016
2026-01-07 17:35:00,190.17010498046875,190.2100067138672,189.9499969482422,190.06500244140625,470451
2026-01-07 17:40:00,190.07000732421875,190.1300048828125,189.9499969482422,190.07000732421875,459174
2026-01-07 17:45:00,190.07000732421875,190.1300048828125,189.9499969482422,190.0063934326172,426689
2026-01-07 17:50:00,190.0,190.0249938964844,189.7700042724609,189.7899932861328,610236
2026-01-07 17:55:00,189.8000030517578,189.9698944091797,189.67999267578125,189.94000244140625,710557
2026-01-07 18:00:00,189.92999267578125,190.0,189.8099975585937,189.94500732421875,491727
2026-01-07 18:05:00,189.94000244140625,190.16000366210932,189.88999938964844,190.0800018310547,641229
2026-01-07 18:10:00,190.076400756836,190.076400756836,189.843994140625,190.03500366210932,521137
2026-01-07 18:15:00,190.0399932861328,190.0599975585937,189.72999572753903,189.82000732421875,595792
2026-01-07 18:20:00,189.82000732421875,189.8800048828125,189.6999969482422,189.82000732421875,457098
2026-01-07 18:25:00,189.82000732421875,189.9349975585937,189.5800018310547,189.625,634611
2026-01-07 18:30:00,189.625,189.8300018310547,189.5249938964844,189.7003936767578,686968
2026-01-07 18:35:00,189.7050018310547,189.7050018310547,189.5200042724609,189.5800018310547,491394
2026-01-07 18:40:00,189.5800018310547,189.6499938964844,189.44000244140625,189.46499633789065,629342
2026-01-07 18:45:00,189.4600067138672,189.759994506836,189.3699951171875,189.7301025390625,687977
2026-01-07 18:50:00,189.7400054931641,189.96499633789065,189.6699981689453,189.91000366210932,821687
2026-01-07 18:55:00,189.8999938964844,189.94000244140625,189.6699981689453,189.7749938964844,610770
2026-01-07 19:00:00,189.77999877929688,189.94000244140625,189.60499572753903,189.94000244140625,640822
2026-01-07 19:05:00,189.9499969482422,190.0,189.7700042724609,189.8800048828125,669448
2026-01-07 19:10:00,189.88999938964844,189.9250030517578,189.4600067138672,189.8300018310547,961335
2026-01-07 19:15:00,189.8500061035156,189.8780059814453,189.47999572753903,189.6100006103516,630520
2026-01-07 19:20:00,189.6141967773437,189.7050018310547,189.4900054931641,189.509994506836,588372
2026-01-07 19:25:00,189.52569580078125,189.52999877929688,189.1999969482422,189.2801055908203,706462
2026-01-07 19:30:00,189.28500366210932,189.6199951171875,189.2100067138672,189.5998992919922,802358
2026-01-07 19:35:00,189.6000061035156,189.77999877929688,189.49009704589844,189.7250061035156,651449
2026-01-07 19:40:00,189.72000122070312,189.75,189.47000122070312,189.57000732421875,601253
2026-01-07 19:45:00,189.57000732421875,189.5998992919922,189.3999938964844,189.4600067138672,499246
2026-01-07 19:50:00,189.47000122070312,189.66000366210932,189.41000366210932,189.62350463867188,621187
2026-01-07 19:55:00,189.6300048828125,189.7400054931641,189.17999267578125,189.25,784319
2026-01-07 20:00:00,189.259994506836,189.3300018310547,189.13999938964844,189.3000030517578,701377
2026-01-07 20:05:00,189.2899932861328,189.4199981689453,189.2100067138672,189.2203063964844,604378
2026-01-07 20:10:00,189.21499633789065,189.259994506836,188.8500061035156,188.8719940185547,981378
2026-01-07 20:15:00,188.8699951171875,189.19000244140625,188.75,189.1000061035156,926293
2026-01-07 20:20:00,189.08999633789065,189.1000061035156,188.884994506836,188.9239959716797,566588
2026-01-07 20:25:00,188.92999267578125,189.0749969482422,188.8999938964844,188.9900054931641,799180
2026-01-07 20:30:00,188.97999572753903,189.17999267578125,188.77999877929688,189.009994506836,986297
2026-01-07 20:35:00,189.009994506836,189.07110595703125,188.8000030517578,188.8600006103516,765288
2026-01-07 20:40:00,188.8502960205078,189.0200042724609,188.80499267578125,188.9398956298828,716934
2026-01-07 20:45:00,188.9349975585937,189.0749969482422,188.90499877929688,189.0500030517578,819067
2026-01-07 20:50:00,189.0500030517578,189.259994506836,188.9900054931641,189.0800018310547,1277660
2026-01-07 20:55:00,189.07000732421875,189.25,188.7749938964844,189.2400054931641,2400114
2026-01-08 14:30:00,189.0,189.3800048828125,188.13999938964844,188.21499633789065,5083859
2026-01-08 14:35:00,188.2100067138672,188.6000061035156,187.6300048828125,188.134994506836,2478459
2026-01-08 14:40:00,188.1499938964844,188.24989318847656,187.0,187.02999877929688,2527764
2026-01-08 14:45:00,186.875,187.4900054931641,186.67999267578125,186.76499938964844,2354658
2026-01-08 14:50:00,186.76499938964844,186.7666931152344,185.67999267578125,186.1199951171875,3609706
2026-01-08 14:55:00,186.08999633789065,186.3500061035156,185.009994506836,185.0500030517578,2800789
2026-01-08 15:00:00,185.0399932861328,185.6100006103516,184.6600952148437,185.5554962158203,3511937
2026-01-08 15:05:00,185.5449981689453,186.1199951171875,185.47999572753903,186.0699005126953,2538485
2026-01-08 15:10:00,186.0599975585937,186.2400054931641,185.71499633789065,186.17999267578125,1850239
2026-01-08 15:15:00,186.1849975585937,186.259994506836,185.7700042724609,185.9499969482422,1598901
2026-01-08 15:20:00,185.9499969482422,186.13900756835932,185.3697967529297,185.7400054931641,1734286
2026-01-08 15:25:00,185.7400054931641,186.1649932861328,185.6416015625,186.1000061035156,1387588
2026-01-08 15:30:00,186.0800018310547,186.863998413086,186.0599975585937,186.42999267578125,2462986
2026-01-08 15:35:00,186.42999267578125,186.4600067138672,185.58999633789065,186.2899932861328,2053316
2026-01-08 15:40:00,186.27999877929688,186.92999267578125,185.97999572753903,186.875,1829454
2026-01-08 15:45:00,186.8699951171875,186.9499969482422,185.9199981689453,185.9750061035156,1779341
2026-01-08 15:50:00,185.97999572753903,186.009994506836,185.32000732421875,185.39990234375,1578155
2026-01-08 15:55:00,185.40139770507807,185.6999969482422,185.01499938964844,185.46290588378903,1939970
2026-01-08 16:00:00,185.47000122070312,185.75,185.02999877929688,185.7400054931641,1371976
2026-01-08 16:05:00,185.7350006103516,185.77999877929688,185.0850067138672,185.41000366210932,1273413
2026-01-08 16:10:00,185.4199066162109,185.46499633789065,184.77999877929688,184.8650054931641,1833078
2026-01-08 16:15:00,184.8699951171875,185.3600006103516,184.7899932861328,185.2250061035156,1276921
2026-01-08 16:20:00,185.22999572753903,185.57000732421875,184.875,184.9349975585937,1450959
2026-01-08 16:25:00,184.94000244140625,185.1750030517578,184.6199951171875,184.8800048828125,1671472
2026-01-08 16:30:00,184.8699951171875,185.0800018310547,184.7100067138672,184.875,1082580
2026-01-08 16:35:00,184.8699951171875,185.16000366210932,184.42999267578125,184.8699951171875,1458801
2026-01-08 16:40:00,184.8699951171875,185.1300048828125,184.8300018310547,185.0601043701172,958218
2026-01-08 16:45:00,185.0800018310547,185.44500732421875,185.0800018310547,185.22000122070312,1082582
2026-01-08 16:50:00,185.22999572753903,185.30499267578125,184.72000122070312,184.9154052734375,1022815
2026-01-08 16:55:00,184.91000366210932,184.97000122070312,184.76400756835932,184.8249969482422,735112
2026-01-08 17:00:00,184.82000732421875,184.884994506836,184.27999877929688,184.4497985839844,1146906
2026-01-08 17:05:00,184.44000244140625,184.44000244140625,184.0599975585937,184.3650054931641,1300713
2026-01-08 17:10:00,184.3600006103516,184.4900054931641,184.2301025390625,184.3784027099609,883851
2026-01-08 17:15:00,184.3699951171875,184.71499633789065,184.3500061035156,184.71499633789065,1020920
2026-01-08 17:20:00,184.71499633789065,184.8099975585937,184.44000244140625,184.5399932861328,954311
2026-01-08 17:25:00,184.53500366210932,184.5500030517578,184.19000244140625,184.2557983398437,902811
2026-01-08 17:30:00,184.2550048828125,184.3600006103516,183.8300018310547,183.94000244140625,1552083
2026-01-08 17:35:00,183.9199981689453,184.16000366210932,183.8600006103516,184.1100006103516,1132555
2026-01-08 17:40:00,184.1000061035156,184.5500030517578,184.0599975585937,184.3679962158203,1204082
2026-01-08 17:45:00,184.3650054931641,184.6000061035156,184.3300018310547,184.4949951171875,900141
2026-01-08 17:50:00,184.5,184.7100067138672,184.49899291992188,184.63999938964844,825203
2026-01-08 17:55:00,184.6499938964844,184.75,184.47000122070312,184.4900054931641,859091
2026-01-08 18:00:00,184.48019409179688,184.57000732421875,184.1849975585937,184.4499969482422,1042602
2026-01-08 18:05:00,184.4499969482422,184.47999572753903,184.2749938964844,184.3800048828125,819188
2026-01-08 18:10:00,184.38999938964844,184.5,184.1699981689453,184.3000030517578,861702
2026-01-08 18:15:00,184.30499267578125,184.8699951171875,184.2559967041016,184.83059692382807,992448
2026-01-08 18:20:00,184.8350067138672,184.8800048828125,184.5200958251953,184.58999633789065,912501
2026-01-08 18:25:00,184.59500122070312,184.83999633789065,184.52999877929688,184.75,825786
2026-01-08 18:30:00,184.7400054931641,184.76499938964844,184.41000366210932,184.4375,745233
2026-01-08 18:35:00,184.44000244140625,184.60499572753903,184.33999633789065,184.57749938964844,688671
2026-01-08 18:40:00,184.5800018310547,184.8800048828125,184.55499267578125,184.8600006103516,799613
2026-01-08 18:45:00,184.8650054931641,184.88999938964844,184.6849975585937,184.82650756835932,742415
2026-01-08 18:50:00,184.8249969482422,184.8500061035156,184.27999877929688,184.27999877929688,842475
2026-01-08 18:55:00,184.27999877929688,184.32000732421875,184.07749938964844,184.19000244140625,1109985
2026-01-08 19:00:00,184.17999267578125,184.4600067138672,184.0399932861328,184.29010009765625,1231773
2026-01-08 19:05:00,184.2899932861328,184.44000244140625,184.0200042724609,184.0200042724609,830065
2026-01-08 19:10:00,184.02999877929688,184.1199951171875,183.8699951171875,183.9598999023437,986895
2026-01-08 19:15:00,183.9658966064453,184.1499938964844,183.7899932861328,184.1450042724609,1055890
2026-01-08 19:20:00,184.134994506836,184.2476043701172,183.7100067138672,183.97000122070312,1106503
2026-01-08 19:25:00,183.9600982666016,184.1499938964844,183.9149932861328,184.1499938964844,668988
2026-01-08 19:30:00,184.15499877929688,184.35499572753903,184.13999938964844,184.34979248046875,872451
2026-01-08 19:35:00,184.3500061035156,184.3665008544922,184.22000122070312,184.2449951171875,624106
2026-01-08 19:40:00,184.2400054931641,184.6450042724609,184.22000122070312,184.64010620117188,1037348
2026-01-08 19:45:00,184.6450042724609,184.67999267578125,184.375,184.67999267578125,933500
2026-01-08 19:50:00,184.67999267578125,185.009994506836,184.6699981689453,184.9149932861328,973602
2026-01-08 19:55:00,184.91000366210932,184.91000366210932,184.47000122070312,184.63999938964844,1129435
2026-01-08 20:00:00,184.6499938964844,184.80499267578125,184.5599975585937,184.75030517578125,790791
2026-01-08 20:05:00,184.7550048828125,184.7550048828125,184.52999877929688,184.63999938964844,1041036
2026-01-08 20:10:00,184.6499938964844,184.9949951171875,184.6450042724609,184.8999938964844,966239
2026-01-08 20:15:00,184.9149932861328,185.009994506836,184.77999877929688,184.8650054931641,829649
2026-01-08 20:20:00,184.8650054931641,184.9900054931641,184.75,184.83999633789065,843633
2026-01-08 20:25:00,184.8600006103516,185.2700042724609,184.85499572753903,185.18649291992188,1080620
2026-01-08 20:30:00,185.2100067138672,185.32000732421875,185.1000061035156,185.28500366210932,1038224
2026-01-08 20:35:00,185.28500366210932,185.33999633789065,185.1699981689453,185.19000244140625,1079120
2026-01-08 20:40:00,185.19000244140625,185.19000244140625,184.7700042724609,184.9600067138672,1094681
2026-01-08 20:45:00,184.9600067138672,185.07000732421875,184.9149932861328,185.01449584960932,867124
2026-01-08 20:50:00,185.009994506836,185.009994506836,184.6499938964844,184.91000366210932,1440272
2026-01-08 20:55:00,184.91000366210932,185.2100067138672,184.88999938964844,185.1300048828125,46271043
2026-01-09 14:30:00,185.0,185.2449951171875,183.67010498046875,184.0449981689453,5374357
2026-01-09 14:35:00,184.0500030517578,185.72000122070312,184.02999877929688,185.6300048828125,2470574
2026-01-09 14:40:00,185.63999938964844,185.82000732421875,184.8699951171875,185.0800018310547,2429034
2026-01-09 14:45:00,185.1000061035156,185.3800048828125,184.2100067138672,184.6699981689453,1697295
2026-01-09 14:50:00,184.67999267578125,185.28500366210932,184.3099975585937,184.96499633789065,1568442
2026-01-09 14:55:00,184.96499633789065,185.0,184.38999938964844,184.7899932861328,1323680
2026-01-09 15:00:00,184.7700042724609,185.07000732421875,184.3099975585937,184.509994506836,1458668
2026-01-09 15:05:00,184.52999877929688,184.70480346679688,183.72999572753903,183.8300018310547,1900214
2026-01-09 15:10:00,183.8350067138672,185.07000732421875,183.75,184.8999938964844,2163547
2026-01-09 15:15:00,184.8999938964844,185.02999877929688,184.3500061035156,184.56500244140625,1275677
2026-01-09 15:20:00,184.5599975585937,184.7100067138672,184.0500030517578,184.3650054931641,1498936
2026-01-09 15:25:00,184.3600006103516,185.1999969482422,184.3500061035156,184.9620056152344,1536527
2026-01-09 15:30:00,184.9900054931641,185.6100006103516,184.8000030517578,185.2834930419922,1718212
2026-01-09 15:35:00,185.2899932861328,185.3500061035156,185.0200042724609,185.1199951171875,1154748
2026-01-09 15:40:00,185.1201019287109,185.2100067138672,184.4900054931641,184.5500030517578,1374633
2026-01-09 15:45:00,184.5399932861328,184.75,184.3099975585937,184.5399932861328,1114941
2026-01-09 15:50:00,184.5399932861328,184.82879638671875,184.53500366210932,184.62989807128903,889596
2026-01-09 15:55:00,184.61309814453125,184.90499877929688,184.4949951171875,184.884994506836,1091220
2026-01-09 16:00:00,184.8800048828125,185.33999633789065,184.8500061035156,185.0399932861328,1017037
2026-01-09 16:05:00,185.03500366210932,185.56500244140625,184.9300994873047,185.5399932861328,1212716
2026-01-09 16:10:00,185.5449981689453,185.5599975585937,185.07000732421875,185.30499267578125,975196
2026-01-09 16:15:00,185.3000030517578,185.33999633789065,185.02099609375,185.17999267578125,877807
2026-01-09 16:20:00,185.1824951171875,185.2400054931641,185.1112060546875,185.2250061035156,846286
2026-01-09 16:25:00,185.22000122070312,185.5200042724609,185.1699981689453,185.3099975585937,1107555
2026-01-09 16:30:00,185.30499267578125,185.6999969482422,185.2375030517578,185.4600067138672,1049655
2026-01-09 16:35:00,185.44500732421875,185.4598999023437,185.1300048828125,185.2250061035156,804186
2026-01-09 16:40:00,185.22999572753903,185.38999938964844,185.16000366210932,185.2400054931641,827746
2026-01-09 16:45:00,185.24020385742188,185.375,185.19000244140625,185.28990173339844,706237
2026-01-09 16:50:00,185.28500366210932,185.4900054931641,185.2100067138672,185.28500366210932,761558
2026-01-09 16:55:00,185.28500366210932,185.3999938964844,185.17999267578125,185.34500122070312,678602
2026-01-09 17:00:00,185.34500122070312,185.5,185.2700042724609,185.4199981689453,662671
2026-01-09 17:05:00,185.41000366210932,185.4499969482422,185.22999572753903,185.2967987060547,486764
2026-01-09 17:10:00,185.3099975585937,185.3350067138672,185.0249938964844,185.07020568847656,662148
2026-01-09 17:15:00,185.0749969482422,185.1199951171875,184.7550048828125,184.7799072265625,938338
2026-01-09 17:20:00,184.7729949951172,185.08999633789065,184.69000244140625,185.06500244140625,1077423
2026-01-09 17:25:00,185.0599975585937,185.1000061035156,184.9349975585937,184.9541015625,647210
2026-01-09 17:30:00,184.9499969482422,184.98049926757807,184.7250061035156,184.88999938964844,780041
2026-01-09 17:35:00,184.88009643554688,185.0050048828125,184.63999938964844,185.00250244140625,1035614
2026-01-09 17:40:00,184.9900054931641,185.11990356445312,184.8242950439453,185.0699005126953,713058
2026-01-09 17:45:00,185.06500244140625,185.19000244140625,184.92999267578125,185.02999877929688,777711
2026-01-09 17:50:00,185.0106964111328,185.1300048828125,184.8699951171875,184.9149932861328,649136
2026-01-09 17:55:00,184.90499877929688,185.1499938964844,184.8500061035156,185.0500030517578,647182
2026-01-09 18:00:00,185.0399932861328,185.07000732421875,184.82000732421875,185.0200042724609,692967
2026-01-09 18:05:00,185.0200042724609,185.22999572753903,184.7700042724609,184.80499267578125,851547
2026-01-09 18:10:00,184.80990600585932,185.02999877929688,184.8000030517578,184.875,627842
2026-01-09 18:15:00,184.875,184.9900054931641,184.8551025390625,184.96499633789065,481126
2026-01-09 18:20:00,184.9600067138672,185.1199951171875,184.9199981689453,185.03500366210932,548151
2026-01-09 18:25:00,185.0301055908203,185.2124938964844,184.9199981689453,185.1849975585937,581126
2026-01-09 18:30:00,185.1849975585937,185.259994506836,185.0800018310547,185.1150054931641,654182
2026-01-09 18:35:00,185.10989379882807,185.38999938964844,185.0890045166016,185.2949981689453,667766
2026-01-09 18:40:00,185.3000030517578,185.375,185.1300048828125,185.15499877929688,730743
2026-01-09 18:45:00,185.15499877929688,185.2400054931641,185.1000061035156,185.1999969482422,498914
2026-01-09 18:50:00,185.19500732421875,185.3300018310547,185.1199951171875,185.3253936767578,568457
2026-01-09 18:55:00,185.3300018310547,185.4199981689453,185.259994506836,185.3600006103516,691538
2026-01-09 19:00:00,185.3600006103516,185.659896850586,185.2449951171875,185.6313018798828,982221
2026-01-09 19:05:00,185.634994506836,186.1499938964844,185.58999633789065,186.13999938964844,1841247
2026-01-09 19:10:00,186.14830017089844,186.33999633789065,185.83999633789065,185.85499572753903,1392662
2026-01-09 19:15:00,185.8600006103516,186.0399932861328,185.8099975585937,185.9750061035156,1014440
2026-01-09 19:20:00,185.97999572753903,186.07000732421875,185.8600006103516,185.8800048828125,778719
2026-01-09 19:25:00,185.8800048828125,185.9600067138672,185.8500061035156,185.88009643554688,519749
2026-01-09 19:30:00,185.884994506836,186.0500030517578,185.83999633789065,185.8500061035156,811746
2026-01-09 19:35:00,185.8428955078125,186.0800018310547,185.8099975585937,186.02999877929688,762563
2026-01-09 19:40:00,186.03500366210932,186.0599975585937,185.83999633789065,185.9199981689453,516698
2026-01-09 19:45:00,185.91000366210932,186.0500030517578,185.759994506836,185.76499938964844,518007
2026-01-09 19:50:00,185.7698974609375,185.8099975585937,185.5500030517578,185.61410522460932,681739
2026-01-09 19:55:00,185.6100006103516,185.72999572753903,185.5299072265625,185.5399932861328,618777
2026-01-09 20:00:00,185.5500030517578,186.07000732421875,185.509994506836,185.884994506836,1306568
2026-01-09 20:05:00,185.88009643554688,185.97000122070312,185.7700042724609,185.83990478515625,647481
2026-01-09 20:10:00,185.8350067138672,185.8800048828125,185.7949981689453,185.81500244140625,421786
2026-01-09 20:15:00,185.81500244140625,186.0,185.7949981689453,185.8350067138672,652258
2026-01-09 20:20:00,185.83999633789065,185.96499633789065,185.77999877929688,185.8350067138672,667703
2026-01-09 20:25:00,185.83999633789065,185.8699951171875,185.54010009765625,185.55499267578125,636659
2026-01-09 20:30:00,185.5500030517578,185.63999938964844,185.43179321289065,185.5854949951172,875748
2026-01-09 20:35:00,185.5800018310547,185.5800018310547,185.27999877929688,185.35499572753903,871665
2026-01-09 20:40:00,185.3650054931641,185.37989807128903,185.1499938964844,185.3300018310547,977919
2026-01-09 20:45:00,185.3300018310547,185.4550018310547,185.1999969482422,185.4550018310547,834712
2026-01-09 20:50:00,185.4499969482422,185.4600067138672,184.8500061035156,184.8999938964844,1642878
2026-01-09 20:55:00,184.8999938964844,185.0500030517578,184.8099975585937,184.8500061035156,2369682
2026-01-12 14:30:00,183.19000244140625,185.0399932861328,183.0200958251953,184.91000366210932,5330946
2026-01-12 14:35:00,184.91000366210932,186.1999969482422,184.91000366210932,186.0335998535156,2767828
2026-01-12 14:40:00,186.02999877929688,186.1199951171875,184.80499267578125,185.1000061035156,2012424
2026-01-12 14:45:00,185.1100006103516,185.25,184.4600067138672,184.6649932861328,1846566
2026-01-12 14:50:00,184.6517944335937,185.42990112304688,184.6499938964844,185.05499267578125,1767023
2026-01-12 14:55:00,185.05160522460932,185.2799072265625,184.67999267578125,184.91000366210932,1315889
2026-01-12 15:00:00,184.90499877929688,185.0200042724609,184.5399932861328,184.6000061035156,1300938
2026-01-12 15:05:00,184.60989379882807,185.0599975585937,184.57000732421875,184.94000244140625,1142871
2026-01-12 15:10:00,184.94000244140625,185.2100067138672,184.69000244140625,185.05859375,1295741
2026-01-12 15:15:00,185.0749969482422,185.0800018310547,184.759994506836,184.9499969482422,1005890
2026-01-12 15:20:00,184.9275054931641,184.9900054931641,184.63999938964844,184.7400054931641,1123551
2026-01-12 15:25:00,184.72999572753903,184.8099975585937,184.4900054931641,184.6199951171875,1284938
2026-01-12 15:30:00,184.6154937744141,184.6750030517578,183.92999267578125,184.03500366210932,1766249
2026-01-12 15:35:00,184.0359039306641,184.17990112304688,183.72999572753903,183.92999267578125,1342503
2026-01-12 15:40:00,183.9300994873047,184.19000244140625,183.7890014648437,184.1100006103516,1172200
2026-01-12 15:45:00,184.1000061035156,184.26499938964844,183.922607421875,184.19000244140625,1121435
2026-01-12 15:50:00,184.19000244140625,184.26499938964844,183.94000244140625,184.2400054931641,890966
2026-01-12 15:55:00,184.2350006103516,184.6000061035156,184.22999572753903,184.50010681152344,1138089
2026-01-12 16:00:00,184.5,184.66000366210932,184.3500061035156,184.39649963378903,972904
2026-01-12 16:05:00,184.3950042724609,184.5399932861328,184.31500244140625,184.44000244140625,717877
2026-01-12 16:10:00,184.44500732421875,184.77999877929688,184.44000244140625,184.7700958251953,935192
2026-01-12 16:15:00,184.7700042724609,185.19000244140625,184.75,185.16000366210932,1380226
2026-01-12 16:20:00,185.1499938964844,185.2100067138672,184.8950042724609,185.05499267578125,1048943
2026-01-12 16:25:00,185.05499267578125,185.28500366210932,184.82000732421875,185.23989868164065,960830
2026-01-12 16:30:00,185.2350006103516,185.3000030517578,184.94000244140625,184.9600067138672,846687
2026-01-12 16:35:00,184.9550018310547,185.03500366210932,184.77999877929688,184.8300018310547,717785
2026-01-12 16:40:00,184.8249969482422,184.93409729003903,184.7626037597656,184.91000366210932,640613
2026-01-12 16:45:00,184.8999938964844,184.97999572753903,184.63999938964844,184.94000244140625,871147
2026-01-12 16:50:00,184.9499969482422,185.5200042724609,184.92999267578125,185.48989868164065,1078234
2026-01-12 16:55:00,185.4810028076172,185.6100006103516,185.3699951171875,185.375,980349
2026-01-12 17:00:00,185.3800048828125,185.5,185.27999877929688,185.302001953125,762510
2026-01-12 17:05:00,185.30259704589844,185.57000732421875,185.3000030517578,185.57000732421875,860998
2026-01-12 17:10:00,185.5621032714844,185.97000122070312,185.55499267578125,185.88999938964844,1115361
2026-01-12 17:15:00,185.8800048828125,186.0850067138672,185.759994506836,185.9550018310547,1206843
2026-01-12 17:20:00,185.95669555664065,186.8950042724609,185.9550018310547,186.57000732421875,2208939
2026-01-12 17:25:00,186.57000732421875,186.6499938964844,186.1800994873047,186.28500366210932,1368732
2026-01-12 17:30:00,186.27999877929688,186.2899932861328,186.0399932861328,186.24349975585932,1038262
2026-01-12 17:35:00,186.24989318847656,186.4239959716797,186.1100006103516,186.118896484375,965237
2026-01-12 17:40:00,186.1150054931641,186.2050018310547,186.0,186.0,777648
2026-01-12 17:45:00,186.0,186.3000030517578,185.8000030517578,185.8800048828125,1124455
2026-01-12 17:50:00,185.8800048828125,186.2599029541016,185.82000732421875,186.2100982666016,781343
2026-01-12 17:55:00,186.23989868164065,186.2700042724609,186.13999938964844,186.1999969482422,544100
2026-01-12 18:00:00,186.2100067138672,186.41000366210932,186.1199951171875,186.32179260253903,823942
2026-01-12 18:05:00,186.3300018310547,186.4199981689453,186.21499633789065,186.2454071044922,714090
2026-01-12 18:10:00,186.2400054931641,186.3999938964844,186.16000366210932,186.3999938964844,613770
2026-01-12 18:15:00,186.3999938964844,186.6100006103516,186.2400054931641,186.56500244140625,855125
2026-01-12 18:20:00,186.57000732421875,186.6300048828125,186.47000122070312,186.531494140625,697737
2026-01-12 18:25:00,186.52999877929688,186.8800048828125,186.4250030517578,186.7801055908203,1035143
2026-01-12 18:30:00,186.77999877929688,186.8600006103516,186.51499938964844,186.5545959472656,708291
2026-01-12 18:35:00,186.5599975585937,187.009994506836,186.5399932861328,186.89239501953125,1125799
2026-01-12 18:40:00,186.8950042724609,187.009994506836,186.8199005126953,186.9550018310547,805162
2026-01-12 18:45:00,186.9499969482422,186.97999572753903,186.6999969482422,186.83059692382807,824191
2026-01-12 18:50:00,186.83999633789065,187.009994506836,186.6999969482422,186.7259063720703,895694
2026-01-12 18:55:00,186.72000122070312,186.88999938964844,186.71499633789065,186.7749938964844,548686
2026-01-12 19:00:00,186.77999877929688,186.89599609375,186.7050018310547,186.8099975585937,632638
2026-01-12 19:05:00,186.8199005126953,186.92999267578125,186.625,186.7100067138672,727118
2026-01-12 19:10:00,186.71499633789065,186.92999267578125,186.66000366210932,186.83999633789065,598306
2026-01-12 19:15:00,186.8524932861328,187.0200042724609,186.82000732421875,186.9949951171875,774272
2026-01-12 19:20:00,186.99989318847656,187.1199951171875,186.88999938964844,186.96499633789065,860027
2026-01-12 19:25:00,186.97000122070312,187.009994506836,186.8999938964844,186.9900054931641,583973
2026-01-12 19:30:00,186.99240112304688,187.0,186.8000030517578,186.90499877929688,668547
2026-01-12 19:35:00,186.91000366210932,186.9900054931641,186.759994506836,186.81500244140625,636320
2026-01-12 19:40:00,186.81500244140625,186.94000244140625,186.71499633789065,186.72999572753903,665503
2026-01-12 19:45:00,186.72999572753903,186.8999938964844,186.67999267578125,186.8249969482422,556503
2026-01-12 19:50:00,186.82000732421875,186.9499969482422,186.6699981689453,186.69000244140625,661063
2026-01-12 19:55:00,186.69119262695312,186.72000122070312,186.5599975585937,186.59500122070312,724321
2026-01-12 20:00:00,186.59500122070312,186.6199951171875,186.17999267578125,186.2350006103516,857752
2026-01-12 20:05:00,186.22999572753903,186.2700042724609,186.0500030517578,186.0998992919922,1096413
2026-01-12 20:10:00,186.0901031494141,186.1199951171875,185.92010498046875,186.0500030517578,956195
2026-01-12 20:15:00,186.0500030517578,186.22999572753903,185.9600067138672,186.1100006103516,810643
2026-01-12 20:20:00,186.1199951171875,186.17999267578125,185.9600067138672,185.9949951171875,684314
2026-01-12 20:25:00,185.9900054931641,186.0800018310547,185.92999267578125,186.009994506836,643386
2026-01-12 20:30:00,186.0050048828125,186.0375061035156,185.8249969482422,185.83999633789065,788369
2026-01-12 20:35:00,185.8455047607422,185.8455047607422,185.63999938964844,185.67999267578125,912808
2026-01-12 20:40:00,185.6699981689453,185.6873016357422,185.5,185.5399932861328,857110
2026-01-12 20:45:00,185.52999877929688,185.7250061035156,185.5,185.6199951171875,935017
2026-01-12 20:50:00,185.6100006103516,185.6100006103516,185.07000732421875,185.26499938964844,1412663
2026-01-12 20:55:00,185.25,185.30990600585932,184.5500030517578,184.8999938964844,2344291
2026-01-13 14:30:00,184.9600067138672,185.13999938964844,183.6313018798828,184.6100006103516,6537252
2026-01-13 14:35:00,184.6199951171875,184.97999572753903,184.2250061035156,184.85499572753903,2016507
2026-01-13 14:40:00,184.8699951171875,184.92999267578125,184.0399932861328,184.36770629882807,1937192
2026-01-13 14:45:00,184.3500061035156,184.5200042724609,184.02999877929688,184.3800048828125,1546268
2026-01-13 14:50:00,184.3963928222656,184.8292999267578,183.92999267578125,184.4398956298828,2065593
2026-01-13 14:55:00,184.4264068603516,184.90499877929688,184.1000061035156,184.1000061035156,1375496
2026-01-13 15:00:00,184.1150054931641,184.38999938964844,183.7400054931641,184.2550048828125,1935604
2026-01-13 15:05:00,184.259994506836,184.4149932861328,183.8699951171875,183.9158935546875,1153519
2026-01-13 15:10:00,183.9199981689453,184.2899932861328,183.8099975585937,184.26499938964844,1318534
2026-01-13 15:15:00,184.26499938964844,184.2899932861328,183.9900054931641,184.11990356445312,1034493
2026-01-13 15:20:00,184.1150054931641,184.1842041015625,183.6699981689453,183.82980346679688,1485106
2026-01-13 15:25:00,183.822494506836,184.08999633789065,183.7449951171875,183.91749572753903,991403
2026-01-13 15:30:00,183.91000366210932,184.22000122070312,183.6100006103516,183.9600067138672,1337140
2026-01-13 15:35:00,183.9698028564453,184.2400054931641,183.7801055908203,183.9199066162109,1153672
2026-01-13 15:40:00,183.9149932861328,184.19000244140625,183.41000366210932,184.1100006103516,1598945
2026-01-13 15:45:00,184.1291046142578,184.44000244140625,184.0001983642578,184.0449981689453,1120452
2026-01-13 15:50:00,184.0399932861328,184.58999633789065,184.02430725097656,184.5200042724609,1318136
2026-01-13 15:55:00,184.51499938964844,184.80499267578125,184.44000244140625,184.7993011474609,1198163
2026-01-13 16:00:00,184.7993011474609,184.9900054931641,184.7250061035156,184.76499938964844,1254925
2026-01-13 16:05:00,184.77999877929688,185.0,184.5800018310547,184.94000244140625,1216509
2026-01-13 16:10:00,184.92999267578125,185.259994506836,184.8800048828125,185.0200042724609,1288527
2026-01-13 16:15:00,185.0200958251953,185.6300048828125,185.0200958251953,185.53500366210932,1554535
2026-01-13 16:20:00,185.53500366210932,185.71499633789065,185.3650054931641,185.7010040283203,1382248
2026-01-13 16:25:00,185.6999969482422,185.8000030517578,184.32000732421875,185.22999572753903,2823852
2026-01-13 16:30:00,185.2400054931641,185.8600006103516,185.08999633789065,185.72999572753903,1379100
2026-01-13 16:35:00,185.7200927734375,186.1499938964844,185.67010498046875,186.134994506836,1461587
2026-01-13 16:40:00,186.13999938964844,186.759994506836,186.01010131835932,186.69000244140625,1567179
2026-01-13 16:45:00,186.6849975585937,187.447494506836,186.6649932861328,187.3959045410156,2468526
2026-01-13 16:50:00,187.3999938964844,187.8000030517578,187.2400054931641,187.6750030517578,1886374
2026-01-13 16:55:00,187.6750030517578,188.10989379882807,187.6699981689453,187.6779022216797,2261342
2026-01-13 17:00:00,187.66000366210932,187.8099975585937,187.42019653320312,187.47000122070312,1607306
2026-01-13 17:05:00,187.4781951904297,187.69500732421875,187.3600006103516,187.3654937744141,1202384
2026-01-13 17:10:00,187.3699951171875,187.38999938964844,187.0406951904297,187.06500244140625,1168276
2026-01-13 17:15:00,187.06069946289065,187.0850067138672,186.57000732421875,186.659896850586,1412687
2026-01-13 17:20:00,186.6499938964844,186.7100067138672,186.5,186.5449981689453,1030276
2026-01-13 17:25:00,186.5399932861328,186.5455017089844,186.259994506836,186.3999938964844,1150041
2026-01-13 17:30:00,186.3999938964844,186.5865020751953,185.9700927734375,186.4750061035156,1243256
2026-01-13 17:35:00,186.47830200195312,186.5,186.08999633789065,186.1036071777344,852353
2026-01-13 17:40:00,186.10079956054688,186.1699981689453,185.7400054931641,185.7400054931641,961856
2026-01-13 17:45:00,185.7400054931641,185.9499969482422,185.6920928955078,185.9250030517578,944166
2026-01-13 17:50:00,185.9149932861328,185.94500732421875,185.0800018310547,185.1999969482422,1173800
2026-01-13 17:55:00,185.1999969482422,185.2100067138672,184.7127990722656,184.9199981689453,1323585
2026-01-13 18:00:00,184.92999267578125,185.0200042724609,184.58999633789065,184.72000122070312,1222467
2026-01-13 18:05:00,184.72999572753903,185.07000732421875,184.66000366210932,185.01499938964844,1024784
2026-01-13 18:10:00,185.009994506836,185.2998962402344,184.9499969482422,185.2749938964844,1043766
2026-01-13 18:15:00,185.27999877929688,185.3500061035156,185.07000732421875,185.3099975585937,800614
2026-01-13 18:20:00,185.3000030517578,185.3099975585937,184.8699951171875,185.009994506836,774146
2026-01-13 18:25:00,185.009994506836,185.259994506836,184.96499633789065,185.0699005126953,672767
2026-01-13 18:30:00,185.07000732421875,185.1699981689453,184.96499633789065,185.1432037353516,641817
2026-01-13 18:35:00,185.1479949951172,185.1479949951172,184.8800048828125,185.05499267578125,831491
2026-01-13 18:40:00,185.05499267578125,185.07000732421875,184.634994506836,184.7449951171875,833236
2026-01-13 18:45:00,184.7449951171875,184.8968048095703,184.6499938964844,184.69000244140625,647272
2026-01-13 18:50:00,184.6898956298828,184.75,184.44500732421875,184.7098999023437,1066868
2026-01-13 18:55:00,184.7100067138672,184.7700042724609,184.5301055908203,184.6150054931641,663078
2026-01-13 19:00:00,184.63999938964844,184.83999633789065,184.509994506836,184.6100006103516,806507
2026-01-13 19:05:00,184.6100006103516,184.72509765625,184.42999267578125,184.634994506836,766408
2026-01-13 19:10:00,184.6300048828125,184.72999572753903,184.509994506836,184.5399932861328,739613
2026-01-13 19:15:00,184.5449981689453,184.8699951171875,184.53500366210932,184.8099975585937,834221
2026-01-13 19:20:00,184.8000030517578,184.9499969482422,184.6999969482422,184.78990173339844,737839
2026-01-13 19:25:00,184.7819976806641,184.8999938964844,184.66000366210932,184.78990173339844,593614
2026-01-13 19:30:00,184.77999877929688,184.77999877929688,184.36990356445312,184.384994506836,843682
2026-01-13 19:35:00,184.3950042724609,184.48989868164065,184.3099975585937,184.4850006103516,762601
2026-01-13 19:40:00,184.47999572753903,184.52999877929688,184.3000030517578,184.32000732421875,880377
2026-01-13 19:45:00,184.32000732421875,184.3950042724609,184.21499633789065,184.3300018310547,865364
2026-01-13 19:50:00,184.3350067138672,184.5599975585937,184.32009887695312,184.3753967285156,899931
2026-01-13 19:55:00,184.3784942626953,184.5,184.24009704589844,184.42999267578125,1118882
2026-01-13 20:00:00,184.42999267578125,184.4550018310547,184.22999572753903,184.3699951171875,869804
2026-01-13 20:05:00,184.37559509277344,184.7292022705078,184.35499572753903,184.6941070556641,1124521
2026-01-13 20:10:00,184.69500732421875,184.69500732421875,184.53990173339844,184.5699005126953,856526
2026-01-13 20:15:00,184.57449340820312,184.8099975585937,184.55990600585932,184.7850952148437,856880
2026-01-13 20:20:00,184.78500366210932,184.8800048828125,184.6999969482422,184.759994506836,946610
2026-01-13 20:25:00,184.75,184.8000030517578,184.6100006103516,184.72000122070312,869297
2026-01-13 20:30:00,184.7227020263672,184.8500061035156,184.50010681152344,184.6199951171875,920203
2026-01-13 20:35:00,184.625,184.86700439453125,184.5449981689453,184.85499572753903,1075696
2026-01-13 20:40:00,184.8600006103516,184.9750061035156,184.8000030517578,184.875,1082914
2026-01-13 20:45:00,184.875,184.9900054931641,184.80499267578125,184.9750061035156,1144006
2026-01-13 20:50:00,184.97999572753903,185.3500061035156,184.66000366210932,185.2801055908203,1540037
2026-01-13 20:55:00,185.2899932861328,185.8500061035156,185.2700042724609,185.82000732421875,3538814
2026-01-14 14:30:00,183.78500366210932,184.0,182.2100067138672,183.42999267578125,6959986
2026-01-14 14:35:00,183.4250030517578,183.67539978027344,182.2899932861328,182.42579650878903,3053803
2026-01-14 14:40:00,182.42059326171875,182.6999969482422,181.7899932861328,182.3000030517578,2881330
2026-01-14 14:45:00,182.3000030517578,182.8300018310547,182.1450042724609,182.759994506836,2141205
2026-01-14 14:50:00,182.72999572753903,182.7700042724609,181.94000244140625,181.9949951171875,1910616
2026-01-14 14:55:00,181.99989318847656,182.13999938964844,181.4499969482422,181.6849975585937,2475001
2026-01-14 15:00:00,181.6849975585937,181.7899932861328,180.91000366210932,180.9750061035156,2866890
2026-01-14 15:05:00,180.9745941162109,181.3699951171875,180.9199981689453,181.25010681152344,1743056
2026-01-14 15:10:00,181.25,182.2350006103516,181.1100006103516,182.23080444335932,2539646
2026-01-14 15:15:00,182.2350006103516,182.3500061035156,181.7899932861328,182.05499267578125,1783632
2026-01-14 15:20:00,182.0599975585937,182.41000366210932,181.8999938964844,182.22999572753903,1483602
2026-01-14 15:25:00,182.2350006103516,182.2749938964844,181.6300048828125,181.6750030517578,1340494
2026-01-14 15:30:00,181.65460205078125,181.97999572753903,181.509994506836,181.8800048828125,1352732
2026-01-14 15:35:00,181.884994506836,182.47999572753903,181.83999633789065,182.3500061035156,1302884
2026-01-14 15:40:00,182.3500061035156,182.6300048828125,181.9700927734375,182.03500366210932,1336053
2026-01-14 15:45:00,182.03500366210932,182.16000366210932,181.27999877929688,181.33990478515625,1552041
2026-01-14 15:50:00,181.33999633789065,181.58999633789065,181.2400054931641,181.44000244140625,1121923
2026-01-14 15:55:00,181.4499969482422,181.6100006103516,181.3000030517578,181.52999877929688,1058278
2026-01-14 16:00:00,181.52999877929688,181.8099975585937,181.3999938964844,181.7250061035156,946009
2026-01-14 16:05:00,181.72999572753903,181.8300018310547,181.3600006103516,181.47000122070312,891522
2026-01-14 16:10:00,181.47000122070312,181.509994506836,181.2350006103516,181.3000030517578,906364
2026-01-14 16:15:00,181.31500244140625,181.56500244140625,181.259994506836,181.3999938964844,882906
2026-01-14 16:20:00,181.3999938964844,181.7700042724609,181.385498046875,181.74009704589844,954928
2026-01-14 16:25:00,181.7400054931641,182.1499938964844,181.3600006103516,181.9850006103516,1439977
2026-01-14 16:30:00,181.99169921875,182.10499572753903,181.8099975585937,182.08349609375,939463
2026-01-14 16:35:00,182.08999633789065,182.1000061035156,181.5850067138672,182.0,906482
2026-01-14 16:40:00,182.0050048828125,182.10499572753903,181.6999969482422,181.9250030517578,806325
2026-01-14 16:45:00,181.9149932861328,181.94500732421875,181.5749969482422,181.69000244140625,819717
2026-01-14 16:50:00,181.69000244140625,181.69000244140625,181.3625030517578,181.58999633789065,872625
2026-01-14 16:55:00,181.58999633789065,181.8999938964844,181.5399932861328,181.7350006103516,873208
2026-01-14 17:00:00,181.72999572753903,181.7998962402344,181.384994506836,181.4199981689453,854269
2026-01-14 17:05:00,181.4199981689453,182.1199951171875,181.3800048828125,182.0749969482422,954501
2026-01-14 17:10:00,182.0800018310547,182.0800018310547,181.8699951171875,181.92999267578125,846668
2026-01-14 17:15:00,181.9250030517578,181.94000244140625,181.42999267578125,181.59750366210932,816626
2026-01-14 17:20:00,181.6000061035156,181.9750061035156,181.47000122070312,181.9499969482422,939475
2026-01-14 17:25:00,181.96499633789065,182.1300048828125,181.92999267578125,182.1000061035156,948190
2026-01-14 17:30:00,182.08999633789065,182.08999633789065,181.8300018310547,181.8699951171875,763752
2026-01-14 17:35:00,181.8800048828125,182.0200042724609,181.77999877929688,181.9040069580078,734338
2026-01-14 17:40:00,181.9199066162109,181.9600067138672,181.7899932861328,181.92999267578125,582027
2026-01-14 17:45:00,181.9398956298828,182.17999267578125,181.91749572753903,182.1199951171875,898691
2026-01-14 17:50:00,182.1103057861328,182.1199951171875,181.5449981689453,181.5957946777344,935202
2026-01-14 17:55:00,181.58999633789065,182.1199951171875,181.5601043701172,182.08009338378903,917205
2026-01-14 18:00:00,182.0800018310547,182.19000244140625,181.8350067138672,181.875,928419
2026-01-14 18:05:00,181.875,182.0599975585937,181.7700042724609,182.01499938964844,660118
2026-01-14 18:10:00,182.009994506836,182.32000732421875,181.9403076171875,182.2700042724609,766679
2026-01-14 18:15:00,182.2700042724609,182.32000732421875,182.02999877929688,182.07000732421875,832804
2026-01-14 18:20:00,182.0500030517578,182.2299041748047,181.8300018310547,181.91000366210932,809965
2026-01-14 18:25:00,181.9199981689453,182.2350006103516,181.72320556640625,182.22000122070312,829460
2026-01-14 18:30:00,182.22000122070312,182.25,181.7100067138672,181.7899932861328,778551
2026-01-14 18:35:00,181.7899932861328,181.8500061035156,181.5500946044922,181.77999877929688,771473
2026-01-14 18:40:00,181.7700042724609,181.8999938964844,181.67999267578125,181.82000732421875,557928
2026-01-14 18:45:00,181.8099975585937,181.96499633789065,181.6750030517578,181.81500244140625,579004
2026-01-14 18:50:00,181.82000732421875,182.09500122070312,181.8155059814453,181.9850006103516,628430
2026-01-14 18:55:00,181.98989868164065,182.1199951171875,181.83999633789065,182.0249938964844,644188
2026-01-14 19:00:00,182.0200042724609,182.0200042724609,181.7899932861328,181.8800048828125,794698
2026-01-14 19:05:00,181.8800048828125,181.9600067138672,181.7050018310547,181.83009338378903,793599
2026-01-14 19:10:00,181.8249969482422,181.9349975585937,181.69000244140625,181.84500122070312,727478
2026-01-14 19:15:00,181.8500061035156,181.9900054931641,181.7550048828125,181.9550018310547,642171
2026-01-14 19:20:00,181.97000122070312,182.0585021972656,181.8699951171875,181.9499969482422,619709
2026-01-14 19:25:00,181.94500732421875,181.9750061035156,181.77999877929688,181.82000732421875,657847
2026-01-14 19:30:00,181.83999633789065,182.01499938964844,181.6699981689453,181.76499938964844,809815
2026-01-14 19:35:00,181.76499938964844,181.9600067138672,181.7449951171875,181.9499053955078,616332
2026-01-14 19:40:00,181.94839477539065,182.0,181.75,181.8099975585937,669789
2026-01-14 19:45:00,181.8000030517578,181.8497009277344,181.6699981689453,181.8000030517578,586454
2026-01-14 19:50:00,181.8099975585937,182.0399932861328,181.7899932861328,181.90499877929688,741002
2026-01-14 19:55:00,181.90499877929688,181.9199981689453,181.0800018310547,181.3699951171875,1475267
2026-01-14 20:00:00,181.35499572753903,182.1000061035156,180.8300018310547,181.8600006103516,2534369
2026-01-14 20:05:00,181.8500061035156,182.6100006103516,181.783203125,182.3256072998047,1550855
2026-01-14 20:10:00,182.32009887695312,182.4850006103516,182.0800018310547,182.19009399414065,1197814
2026-01-14 20:15:00,182.19500732421875,182.27169799804688,181.7700958251953,181.88999938964844,965603
2026-01-14 20:20:00,181.8999938964844,182.16000366210932,181.63999938964844,182.0500030517578,907262
2026-01-14 20:25:00,182.0449981689453,182.19500732421875,181.91000366210932,182.1499938964844,744845
2026-01-14 20:30:00,182.1499938964844,182.6699981689453,182.1450042724609,182.5599975585937,1155449
2026-01-14 20:35:00,182.5500030517578,182.7700042724609,182.5019073486328,182.6649932861328,1202325
2026-01-14 20:40:00,182.6649932861328,182.7350006103516,182.22000122070312,182.22000122070312,1209277
2026-01-14 20:45:00,182.2400054931641,182.37399291992188,182.07000732421875,182.1569976806641,985220
2026-01-14 20:50:00,182.1699981689453,182.52999877929688,182.13999938964844,182.4499969482422,1679004
2026-01-14 20:55:00,182.4499969482422,183.3300018310547,182.42999267578125,183.1699981689453,3962458
2026-01-15 14:30:00,186.8600006103516,187.47999572753903,186.384994506836,187.125,10716782
2026-01-15 14:35:00,187.1199951171875,187.3600006103516,186.6000061035156,187.3500061035156,3233319
2026-01-15 14:40:00,187.33999633789065,188.8101043701172,187.13999938964844,188.77999877929688,5243795
2026-01-15 14:45:00,188.77999877929688,189.17999267578125,188.3000946044922,188.5498962402344,4084031
2026-01-15 14:50:00,188.5500030517578,188.58999633789065,187.6199951171875,188.384994506836,3047753
2026-01-15 14:55:00,188.3800048828125,188.5200042724609,187.88999938964844,188.3300018310547,2516195
2026-01-15 15:00:00,188.3000030517578,188.5,187.9199981689453,188.23989868164065,2210638
2026-01-15 15:05:00,188.2400054931641,188.52999877929688,187.8699951171875,188.384994506836,2362175
2026-01-15 15:10:00,188.3863983154297,188.8699951171875,188.0599975585937,188.6699981689453,2247599
2026-01-15 15:15:00,188.6699981689453,188.6699981689453,187.92999267578125,187.9499969482422,1613979
2026-01-15 15:20:00,187.95030212402344,188.19000244140625,187.6999969482422,188.0500030517578,1816357
2026-01-15 15:25:00,188.0399932861328,188.0500030517578,187.27999877929688,187.6000061035156,1969427
2026-01-15 15:30:00,187.6000061035156,188.27999877929688,187.44500732421875,188.210205078125,1807995
2026-01-15 15:35:00,188.2100067138672,188.5500030517578,187.69000244140625,187.9598999023437,1841213
2026-01-15 15:40:00,187.9550018310547,188.05499267578125,187.4499969482422,187.485107421875,1207140
2026-01-15 15:45:00,187.47999572753903,187.51109313964844,186.83009338378903,187.16799926757807,2014044
2026-01-15 15:50:00,187.1649932861328,187.47000122070312,186.9900054931641,187.33999633789065,1237720
2026-01-15 15:55:00,187.33639526367188,187.8600006103516,187.1649932861328,187.69000244140625,1630560
2026-01-15 16:00:00,187.69500732421875,187.92999267578125,187.58009338378903,187.7599029541016,1190528
2026-01-15 16:05:00,187.75,188.1100006103516,187.69000244140625,187.92999267578125,1361740
2026-01-15 16:10:00,187.9281005859375,187.9600067138672,187.5500030517578,187.6999969482422,978482
2026-01-15 16:15:00,187.69500732421875,187.8500061035156,187.6000061035156,187.8009033203125,946577
2026-01-15 16:20:00,187.8000030517578,187.8401031494141,187.6100006103516,187.82179260253903,738031
2026-01-15 16:25:00,187.82000732421875,187.8249969482422,187.35009765625,187.5200958251953,959617
2026-01-15 16:30:00,187.509994506836,187.76010131835932,187.44000244140625,187.5099029541016,875366
2026-01-15 16:35:00,187.5,187.8500061035156,187.3300018310547,187.7949981689453,934278
2026-01-15 16:40:00,187.7899932861328,188.16000366210932,187.72999572753903,188.13999938964844,1086756
2026-01-15 16:45:00,188.14370727539065,188.6499938964844,188.134994506836,188.63009643554688,1471670
2026-01-15 16:50:00,188.63999938964844,188.8699951171875,188.4499969482422,188.6300048828125,1713259
2026-01-15 16:55:00,188.6300048828125,189.0399932861328,188.54010009765625,188.884994506836,1874276
2026-01-15 17:00:00,188.8706970214844,189.2899932861328,188.42999267578125,189.16000366210932,2267163
2026-01-15 17:05:00,189.15499877929688,189.2050018310547,188.759994506836,189.1100006103516,1337951
2026-01-15 17:10:00,189.09500122070312,189.10499572753903,188.6100006103516,188.6999969482422,1857791
2026-01-15 17:15:00,188.7050018310547,188.759994506836,188.3999938964844,188.4349975585937,1439636
2026-01-15 17:20:00,188.42999267578125,188.7700042724609,188.3300018310547,188.70350646972656,1386287
2026-01-15 17:25:00,188.72000122070312,188.7899932861328,188.52999877929688,188.61349487304688,938168
2026-01-15 17:30:00,188.6199951171875,188.66000366210932,188.27999877929688,188.3699951171875,946058
2026-01-15 17:35:00,188.3650054931641,188.47999572753903,188.17999267578125,188.3699951171875,838889
2026-01-15 17:40:00,188.3800048828125,188.47000122070312,188.3000030517578,188.44000244140625,743894
2026-01-15 17:45:00,188.44000244140625,188.57000732421875,188.19000244140625,188.2250061035156,955744
2026-01-15 17:50:00,188.2100067138672,188.53500366210932,188.1499938964844,188.50250244140625,867408
2026-01-15 17:55:00,188.50250244140625,188.6000061035156,188.27999877929688,188.3699951171875,811446
2026-01-15 18:00:00,188.3600006103516,188.5050048828125,188.19000244140625,188.4349975585937,799703
2026-01-15 18:05:00,188.4349975585937,188.8350067138672,188.259994506836,188.7749938964844,1471363
2026-01-15 18:10:00,188.77999877929688,188.8800048828125,188.4900054931641,188.759994506836,948544
2026-01-15 18:15:00,188.759994506836,188.97999572753903,188.72000122070312,188.86480712890625,844631
2026-01-15 18:20:00,188.8699951171875,189.1199951171875,188.8500061035156,189.01499938964844,1080254
2026-01-15 18:25:00,189.01010131835932,189.2400054931641,188.9600982666016,189.2301025390625,943231
2026-01-15 18:30:00,189.22999572753903,189.3000030517578,188.97999572753903,189.17999267578125,1306351
2026-01-15 18:35:00,189.1849975585937,189.5500030517578,189.17999267578125,189.52999877929688,1862744
2026-01-15 18:40:00,189.52999877929688,189.6999969482422,189.3999938964844,189.4499969482422,1393361
2026-01-15 18:45:00,189.44500732421875,189.5399932861328,189.360107421875,189.4550018310547,860386
2026-01-15 18:50:00,189.4474029541016,189.4900054931641,189.27999877929688,189.4750061035156,797662
2026-01-15 18:55:00,189.47579956054688,189.6199951171875,189.4750061035156,189.51499938964844,852460
2026-01-15 19:00:00,189.5166015625,189.5166015625,189.0200042724609,189.1199951171875,1196912
2026-01-15 19:05:00,189.1300048828125,189.13999938964844,188.7899932861328,188.94000244140625,983399
2026-01-15 19:10:00,188.9600067138672,189.01499938964844,188.7400054931641,188.91000366210932,873101
2026-01-15 19:15:00,188.91000366210932,188.91000366210932,188.72000122070312,188.7698974609375,848139
2026-01-15 19:20:00,188.76499938964844,188.80099487304688,188.58999633789065,188.61990356445312,998461
2026-01-15 19:25:00,188.6100006103516,188.6649932861328,188.2350006103516,188.3950042724609,1227956
2026-01-15 19:30:00,188.38999938964844,188.40170288085932,187.9600067138672,188.34500122070312,1613097
2026-01-15 19:35:00,188.3500061035156,188.77999877929688,188.1199951171875,188.7749938964844,1235102
2026-01-15 19:40:00,188.76499938964844,189.3000030517578,188.75,189.2142944335937,1669486
2026-01-15 19:45:00,189.22000122070312,189.384994506836,188.8800048828125,188.9850006103516,1300081
2026-01-15 19:50:00,188.9900054931641,188.9900054931641,188.5901031494141,188.705795288086,922642
2026-01-15 19:55:00,188.7100067138672,188.759994506836,188.4900054931641,188.67999267578125,977595
2026-01-15 20:00:00,188.69000244140625,188.7698974609375,188.4499969482422,188.5599975585937,1200860
2026-01-15 20:05:00,188.5449981689453,188.634994506836,188.2400054931641,188.259994506836,991352
2026-01-15 20:10:00,188.2700042724609,188.44000244140625,188.13009643554688,188.1800994873047,1059057
2026-01-15 20:15:00,188.19000244140625,188.3099975585937,187.759994506836,187.77999877929688,1405796
2026-01-15 20:20:00,187.77999877929688,187.77999877929688,187.3000030517578,187.6499938964844,1998883
2026-01-15 20:25:00,187.6499938964844,187.6499938964844,187.17999267578125,187.4250030517578,1632134
2026-01-15 20:30:00,187.4199981689453,187.47999572753903,187.02999877929688,187.3699951171875,1514875
2026-01-15 20:35:00,187.3699951171875,187.52999877929688,187.0399932861328,187.1499938964844,1390516
2026-01-15 20:40:00,187.1499938964844,187.3999938964844,187.07000732421875,187.3099975585937,1345089
2026-01-15 20:45:00,187.3000946044922,187.4499969482422,187.0850067138672,187.08999633789065,1472728
2026-01-15 20:50:00,187.10499572753903,187.13999938964844,186.3300018310547,186.88999938964844,2890080
2026-01-15 20:55:00,186.8800048828125,187.13999938964844,186.6300048828125,187.13999938964844,3198723
2026-01-16 14:30:00,188.83999633789065,189.6699981689453,188.77999877929688,189.2830047607422,15695872
2026-01-16 14:35:00,189.32000732421875,190.3600006103516,189.3099975585937,190.2100067138672,3820703
2026-01-16 14:40:00,190.2055053710937,190.3699951171875,189.6699981689453,189.92010498046875,2365312
2026-01-16 14:45:00,189.92999267578125,190.3699951171875,189.6499938964844,190.1849975585937,2290649
2026-01-16 14:50:00,190.2449951171875,190.44000244140625,189.88999938964844,190.07000732421875,2099510
2026-01-16 14:55:00,190.0572967529297,190.1199951171875,189.1100006103516,189.2400054931641,2048170
2026-01-16 15:00:00,189.2198944091797,189.30099487304688,188.4550018310547,188.94000244140625,3039989
2026-01-16 15:05:00,188.94000244140625,189.2324981689453,188.8000030517578,189.10910034179688,1369159
2026-01-16 15:10:00,189.1000061035156,189.13999938964844,188.7100067138672,188.83999633789065,1299602
2026-01-16 15:15:00,188.8350067138672,188.8999938964844,187.92999267578125,188.0417022705078,1723473
2026-01-16 15:20:00,188.06500244140625,188.4600067138672,187.9199981689453,188.3999938964844,1566788
2026-01-16 15:25:00,188.41000366210932,188.41000366210932,187.6201019287109,187.63839721679688,1306894
2026-01-16 15:30:00,187.63009643554688,188.1696014404297,187.52999877929688,188.0998992919922,1336239
2026-01-16 15:35:00,188.09500122070312,188.09500122070312,187.5200042724609,187.6100006103516,1285276
2026-01-16 15:40:00,187.6000061035156,187.6100006103516,187.1300048828125,187.4600067138672,1543864
2026-01-16 15:45:00,187.4499969482422,187.63999938964844,187.08999633789065,187.42539978027344,1329154
2026-01-16 15:50:00,187.4199981689453,187.6300048828125,187.18800354003903,187.6199951171875,946338
2026-01-16 15:55:00,187.6199951171875,188.08999633789065,187.5399932861328,188.0500030517578,1518503
2026-01-16 16:00:00,188.05990600585932,188.1300048828125,187.5800018310547,187.6199951171875,1162966
2026-01-16 16:05:00,187.6199951171875,187.9499969482422,187.5,187.9199981689453,974211
2026-01-16 16:10:00,187.9349975585937,188.1199951171875,187.8999938964844,187.9550018310547,1067055
2026-01-16 16:15:00,187.97000122070312,187.9850006103516,187.69000244140625,187.8500061035156,795586
2026-01-16 16:20:00,187.8500061035156,188.0800018310547,187.6999969482422,187.7100067138672,1498182
2026-01-16 16:25:00,187.71139526367188,187.9900054931641,187.63999938964844,187.9900054931641,969168
2026-01-16 16:30:00,187.9850006103516,188.17999267578125,187.78500366210932,187.79640197753903,1143224
2026-01-16 16:35:00,187.79010009765625,187.88999938964844,187.6499938964844,187.65499877929688,819341
2026-01-16 16:40:00,187.66000366210932,187.8699951171875,187.6300048828125,187.7162933349609,827109
2026-01-16 16:45:00,187.70669555664065,188.02999877929688,187.70669555664065,187.860107421875,780401
2026-01-16 16:50:00,187.8699951171875,188.2400054931641,187.8654937744141,188.16580200195312,1177260
2026-01-16 16:55:00,188.1699981689453,188.259994506836,187.91000366210932,188.07000732421875,1039293
2026-01-16 17:00:00,188.0599975585937,188.139892578125,187.92999267578125,188.139892578125,829795
2026-01-16 17:05:00,188.1300048828125,188.2899932861328,188.0800018310547,188.11070251464844,813924
2026-01-16 17:10:00,188.1150054931641,188.375,188.0399932861328,188.0800018310547,1135115
2026-01-16 17:15:00,188.08999633789065,188.1999053955078,187.88999938964844,187.9949951171875,932953
2026-01-16 17:20:00,187.9900054931641,188.0782928466797,187.8999938964844,188.009994506836,622094
2026-01-16 17:25:00,188.0200042724609,188.1000061035156,187.91000366210932,188.02999877929688,720100
2026-01-16 17:30:00,188.0200042724609,188.1499938964844,187.8699951171875,188.07009887695312,1709096
2026-01-16 17:35:00,188.0749969482422,188.25,187.92999267578125,188.0200042724609,757203
2026-01-16 17:40:00,188.0200958251953,188.05499267578125,187.69000244140625,187.7350006103516,909968
2026-01-16 17:45:00,187.72999572753903,187.7899932861328,187.42999267578125,187.59500122070312,1182951
2026-01-16 17:50:00,187.6000061035156,187.83999633789065,187.58999633789065,187.8101043701172,771994
2026-01-16 17:55:00,187.82000732421875,187.8999938964844,187.67010498046875,187.67999267578125,604234
2026-01-16 18:00:00,187.6873016357422,187.8699951171875,187.65499877929688,187.76649475097656,532217
2026-01-16 18:05:00,187.75,188.04879760742188,187.7250061035156,188.01499938964844,681984
2026-01-16 18:10:00,188.01499938964844,188.0500030517578,187.88999938964844,187.9199981689453,770628
2026-01-16 18:15:00,187.91000366210932,188.13999938964844,187.88999938964844,188.134506225586,780710
2026-01-16 18:20:00,188.139892578125,188.1499938964844,187.92999267578125,188.08970642089844,782143
2026-01-16 18:25:00,188.0800018310547,188.1000061035156,187.83999633789065,187.9349975585937,729403
2026-01-16 18:30:00,187.94000244140625,188.07000732421875,187.9199981689453,188.01499938964844,712740
2026-01-16 18:35:00,188.01499938964844,188.0200042724609,187.8800048828125,187.9499969482422,610541
2026-01-16 18:40:00,187.9499969482422,188.08999633789065,187.8800048828125,188.0749969482422,446538
2026-01-16 18:45:00,188.0800018310547,188.2700042724609,188.0800018310547,188.1699981689453,559435
2026-01-16 18:50:00,188.1708068847656,188.2250061035156,187.9900054931641,188.0406036376953,689948
2026-01-16 18:55:00,188.0498962402344,188.13999938964844,187.9615936279297,188.07330322265625,693227
2026-01-16 19:00:00,188.0749969482422,188.1999969482422,188.02999877929688,188.1750030517578,659813
2026-01-16 19:05:00,188.1849975585937,188.4136962890625,188.17999267578125,188.3101043701172,1036482
2026-01-16 19:10:00,188.3099975585937,188.3099975585937,187.9250030517578,187.9550018310547,883508
2026-01-16 19:15:00,187.95669555664065,187.98989868164065,187.6499938964844,187.74459838867188,952249
2026-01-16 19:20:00,187.7400054931641,187.8650054931641,187.7100982666016,187.78500366210932,775660
2026-01-16 19:25:00,187.78500366210932,187.8498992919922,187.6450042724609,187.69000244140625,740672
2026-01-16 19:30:00,187.6800994873047,187.9600067138672,187.6199951171875,187.7449951171875,771771
2026-01-16 19:35:00,187.74009704589844,187.8000030517578,187.6150054931641,187.6708068847656,886843
2026-01-16 19:40:00,187.6775054931641,187.92999267578125,187.66000366210932,187.87989807128903,950632
2026-01-16 19:45:00,187.8800048828125,187.91000366210932,187.69500732421875,187.7700042724609,668281
2026-01-16 19:50:00,187.77999877929688,187.9600067138672,187.6999969482422,187.9001007080078,589763
2026-01-16 19:55:00,187.9029998779297,187.9900054931641,187.8000030517578,187.9349975585937,711656
2026-01-16 20:00:00,187.9199981689453,188.0249938964844,187.7899932861328,187.7949981689453,818207
2026-01-16 20:05:00,187.7998962402344,187.9199981689453,187.6499938964844,187.9199981689453,678796
2026-01-16 20:10:00,187.9199981689453,187.97999572753903,187.7200927734375,187.8249969482422,847568
2026-01-16 20:15:00,187.8249969482422,187.9499969482422,187.72999572753903,187.8249969482422,685066
2026-01-16 20:20:00,187.82000732421875,187.97000122070312,187.8000030517578,187.9199981689453,702188
2026-01-16 20:25:00,187.9199066162109,187.9900054931641,187.7350006103516,187.7400054931641,769955
2026-01-16 20:30:00,187.7400054931641,187.7700042724609,187.5500030517578,187.7400054931641,953603
2026-01-16 20:35:00,187.7400054931641,187.8600006103516,187.6300048828125,187.80499267578125,976334
2026-01-16 20:40:00,187.80499267578125,187.85499572753903,187.6100006103516,187.72999572753903,701128
2026-01-16 20:45:00,187.72000122070312,187.72000122070312,187.3950042724609,187.47000122070312,1041417
2026-01-16 20:50:00,187.47000122070312,187.52999877929688,187.02999877929688,187.35499572753903,2210244
2026-01-16 20:55:00,187.3500061035156,187.3600006103516,186.0800018310547,186.22999572753903,5497471
2026-01-20 14:30:00,181.8999938964844,182.375,180.3650054931641,182.08999633789065,11486653
2026-01-20 14:35:00,182.08999633789065,182.19900512695312,180.44000244140625,180.47999572753903,4116593
2026-01-20 14:40:00,180.4900054931641,180.72000122070312,179.69000244140625,180.6699981689453,4857561
2026-01-20 14:45:00,180.6750030517578,180.8800048828125,179.80999755859375,179.94000244140625,3663469
2026-01-20 14:50:00,179.94000244140625,180.7100067138672,179.8000030517578,180.27999877929688,3328928
2026-01-20 14:55:00,180.27999877929688,180.47000122070312,179.58999633789062,179.9499969482422,3529412
2026-01-20 15:00:00,179.9199981689453,180.05999755859375,179.66000366210938,180.02999877929688,1613137
2026-01-20 15:05:00,180.33999633789065,180.71499633789065,180.2100067138672,180.27999877929688,3324583
2026-01-20 15:10:00,180.259994506836,180.52999877929688,179.94000244140625,180.05999755859375,1868449
2026-01-20 15:15:00,180.06500244140625,180.1699981689453,179.6466064453125,179.6999969482422,1925937
2026-01-20 15:20:00,179.702392578125,180.47000122070312,179.63999938964844,180.2350006103516,2067044
2026-01-20 15:25:00,180.2250061035156,180.8800048828125,180.17999267578125,180.8000030517578,1989895
2026-01-20 15:30:00,180.7700042724609,181.3800048828125,180.66000366210932,181.31500244140625,2760846
2026-01-20 15:35:00,181.3099975585937,181.5498962402344,181.1499938964844,181.19500732421875,2115454
2026-01-20 15:40:00,181.17999267578125,181.6226959228516,181.0800018310547,181.57000732421875,746206
2026-01-20 15:50:00,180.4900054931641,180.56170654296875,180.4900054931641,180.509994506836,4064062
2026-01-20 15:55:00,180.6201019287109,180.6201019287109,180.5800018310547,180.5832977294922,2691120
2026-01-20 16:00:00,180.6000061035156,181.1199951171875,180.5500030517578,181.0249938964844,1616426
2026-01-20 16:05:00,181.0249938964844,181.259994506836,180.88999938964844,180.96499633789065,1232581
2026-01-20 16:10:00,180.9698944091797,181.1999969482422,180.7700042724609,180.9499969482422,1387781
2026-01-20 16:15:00,180.94000244140625,181.0850067138672,180.62750244140625,180.6849975585937,1232730
2026-01-20 16:20:00,180.6849975585937,180.69500732421875,180.09500122070312,180.10989379882812,1467573
2026-01-20 16:25:00,180.08999633789062,180.3600006103516,179.81500244140625,180.3199005126953,2891620
2026-01-20 16:30:00,180.31500244140625,180.3800048828125,179.92999267578125,180.3650054931641,1496251
2026-01-20 16:35:00,180.3800048828125,180.47999572753903,180.0399932861328,180.17349243164065,1347562
2026-01-20 16:40:00,180.1699981689453,180.22000122070312,179.63999938964844,179.7100067138672,1908087
2026-01-20 16:45:00,179.7100067138672,179.9001007080078,179.63499450683594,179.8699951171875,1532742
2026-01-20 16:50:00,179.8699951171875,180.13540649414062,179.55999755859375,179.6750030517578,1688558
2026-01-20 16:55:00,179.69000244140625,180.1300048828125,179.61000061035156,180.07009887695312,1289231
2026-01-20 17:00:00,180.05999755859375,180.1199951171875,179.88999938964844,180.0399932861328,1079057
2026-01-20 17:05:00,180.03500366210938,180.08999633789062,179.6199951171875,179.78500366210938,1508747
2026-01-20 17:10:00,179.77000427246094,179.88999938964844,179.55999755859375,179.8249969482422,1181603
2026-01-20 17:15:00,179.8300018310547,179.89999389648438,179.60000610351562,179.74000549316406,893991
2026-01-20 17:20:00,179.7449951171875,180.04510498046875,179.57000732421875,179.97999572753906,1502453
2026-01-20 17:25:00,179.9801025390625,180.22000122070312,179.88999938964844,180.0198974609375,1837912
2026-01-20 17:30:00,180.00999450683594,180.00999450683594,179.61000061035156,179.7899932861328,1059998
2026-01-20 17:35:00,179.78500366210938,179.90499877929688,179.6199951171875,179.69000244140625,983849
2026-01-20 17:40:00,179.67999267578125,179.78970336914062,179.35000610351562,179.4949951171875,1711249
2026-01-20 17:45:00,179.49000549316406,179.63999938964844,179.32000732421875,179.48089599609375,1369508
2026-01-20 17:50:00,179.47999572753906,179.67999267578125,179.27000427246094,179.5749969482422,1062762
2026-01-20 17:55:00,179.57000732421875,179.85499572753906,179.5301055908203,179.79989624023438,814332
2026-01-20 18:00:00,179.8000030517578,180.08999633789062,179.75070190429688,179.92999267578125,909621
2026-01-20 18:05:00,179.94000244140625,180.0,179.80990600585938,179.96499633789062,828665
2026-01-20 18:10:00,179.97000122070312,180.08999633789062,179.77000427246094,179.93499755859375,823912
2026-01-20 18:15:00,179.92999267578125,179.9499969482422,179.63999938964844,179.75579833984375,681099
2026-01-20 18:20:00,179.7550048828125,179.82000732421875,179.58999633789062,179.69500732421875,801631
2026-01-20 18:25:00,179.6999969482422,179.8300018310547,179.49000549316406,179.52000427246094,801305
2026-01-20 18:30:00,179.5,179.625,179.16000366210938,179.32000732421875,1545968
2026-01-20 18:35:00,179.32000732421875,179.3800048828125,179.05419921875,179.09500122070312,1116929
2026-01-20 18:40:00,179.10000610351562,179.36000061035156,178.89999389648438,179.25990295410156,1702457
2026-01-20 18:45:00,179.25,179.47000122070312,179.1699981689453,179.3426971435547,1042696
2026-01-20 18:50:00,179.33999633789062,179.5399932861328,179.11000061035156,179.23899841308594,1106198
2026-01-20 18:55:00,179.24000549316406,179.7698974609375,179.2301025390625,179.75,1092679
2026-01-20 19:00:00,179.75,179.89999389648438,179.7100067138672,179.83999633789062,957564
2026-01-20 19:05:00,179.8350067138672,179.97999572753906,179.6999969482422,179.78990173339844,935095
2026-01-20 19:10:00,179.78500366210938,179.7949981689453,179.5200958251953,179.5399932861328,796888
2026-01-20 19:15:00,179.54510498046875,179.60000610351562,179.2899932861328,179.38999938964844,714643
2026-01-20 19:20:00,179.39500427246094,179.5500030517578,179.32000732421875,179.43499755859375,765536
2026-01-20 19:25:00,179.42999267578125,179.44000244140625,179.19000244140625,179.43499755859375,829257
2026-01-20 19:30:00,179.41000366210938,179.4600067138672,179.15499877929688,179.19000244140625,928171
2026-01-20 19:35:00,179.18499755859375,179.52499389648438,179.14999389648438,179.48269653320312,874198
2026-01-20 19:40:00,179.48500061035156,179.60000610351562,179.3300018310547,179.375,914160
2026-01-20 19:45:00,179.375,179.5133056640625,179.3000030517578,179.43499755859375,794364
2026-01-20 19:50:00,179.44009399414062,179.63999938964844,179.36000061035156,179.57000732421875,746909
2026-01-20 19:55:00,179.57000732421875,179.60000610351562,179.38999938964844,179.5699005126953,774593
2026-01-20 20:00:00,179.57000732421875,179.60499572753906,179.39999389648438,179.46009826660156,747847
2026-01-20 20:05:00,179.4600067138672,179.5050048828125,179.15179443359375,179.1649932861328,979950
2026-01-20 20:10:00,179.1649932861328,179.36000061035156,178.80999755859375,178.86500549316406,1489461
2026-01-20 20:15:00,178.8699951171875,179.02000427246094,178.6199951171875,178.75999450683594,1537089
2026-01-20 20:20:00,178.77000427246094,178.77000427246094,178.35499572753906,178.44000244140625,1608616
2026-01-20 20:25:00,178.4600067138672,178.74000549316406,178.41000366210938,178.4949951171875,1410558
2026-01-20 20:30:00,178.4949951171875,178.83999633789062,178.4949951171875,178.71009826660156,1259515
2026-01-20 20:35:00,178.718994140625,178.8800048828125,178.4949951171875,178.56500244140625,1573013
2026-01-20 20:40:00,178.55999755859375,178.7899932861328,178.4250030517578,178.77999877929688,1577833
2026-01-20 20:45:00,178.78500366210938,178.9199981689453,178.6300048828125,178.85000610351562,1942990
2026-01-20 20:50:00,178.85000610351562,178.92999267578125,178.0399932861328,178.07000732421875,2663337
2026-01-20 20:55:00,178.07000732421875,178.46499633789062,177.6199951171875,178.2100067138672,6187400
2026-01-21 14:30:00,179.0500030517578,180.1699981689453,178.39999389648438,179.2449951171875,8150002
2026-01-21 14:35:00,179.24000549316406,179.49960327148438,178.8300018310547,178.91000366210938,2304799
2026-01-21 14:40:00,178.94419860839844,179.97999572753906,178.47000122070312,179.9499969482422,2782239
2026-01-21 14:45:00,179.9499969482422,180.0,179.29200744628906,179.94500732421875,2452956
2026-01-21 14:50:00,179.9499969482422,180.77999877929688,179.80999755859375,180.76499938964844,2748183
2026-01-21 14:55:00,180.759994506836,180.8699951171875,180.32000732421875,180.4199981689453,2146620
2026-01-21 15:00:00,180.3999938964844,180.8000030517578,180.39010620117188,180.4600067138672,1547667
2026-01-21 15:05:00,180.4600067138672,180.63999938964844,180.22000122070312,180.259994506836,1413098
2026-01-21 15:10:00,180.26499938964844,180.32000732421875,179.9949951171875,180.26499938964844,1452469
2026-01-21 15:15:00,180.2749938964844,180.9600982666016,180.2700042724609,180.7200927734375,1640680
2026-01-21 15:20:00,180.69000244140625,180.8600006103516,180.44009399414065,180.8099975585937,1225494
2026-01-21 15:25:00,180.8099975585937,180.93609619140625,180.6100006103516,180.8099975585937,1471629
2026-01-21 15:30:00,180.8099975585937,181.2790069580078,180.6999969482422,181.1499938964844,1779068
2026-01-21 15:35:00,181.1699981689453,181.509994506836,181.10499572753903,181.3000030517578,1594374
2026-01-21 15:40:00,181.3000030517578,181.4149932861328,181.1499938964844,181.2801055908203,1217541
2026-01-21 15:45:00,181.2899932861328,181.97999572753903,181.2899932861328,181.94000244140625,1503146
2026-01-21 15:50:00,181.94500732421875,183.0599975585937,181.8699951171875,183.05499267578125,2599281
2026-01-21 15:55:00,183.05499267578125,183.1849975585937,182.6300048828125,182.7250061035156,2037198
2026-01-21 16:00:00,182.72000122070312,182.97999572753903,182.5800018310547,182.84500122070312,1396779
2026-01-21 16:05:00,182.8498992919922,183.2350006103516,182.7899932861328,183.125,1580493
2026-01-21 16:10:00,183.1300048828125,183.7400054931641,183.093002319336,183.3099975585937,1792940
2026-01-21 16:15:00,183.32000732421875,183.625,183.22000122070312,183.4199981689453,1449008
2026-01-21 16:20:00,183.4116058349609,183.47000122070312,183.0200042724609,183.0399932861328,1878484
2026-01-21 16:25:00,183.02999877929688,183.0749969482422,182.6499938964844,182.73550415039065,1795358
2026-01-21 16:30:00,182.72000122070312,182.75,182.08999633789065,182.3300018310547,1714453
2026-01-21 16:35:00,182.32000732421875,182.3800048828125,181.42999267578125,181.44509887695312,1832738
2026-01-21 16:40:00,181.44000244140625,181.4750061035156,180.67999267578125,180.7350006103516,1770672
2026-01-21 16:45:00,180.7350006103516,181.0,180.33999633789065,180.97000122070312,2212321
2026-01-21 16:50:00,180.9600067138672,181.0500030517578,180.36050415039065,180.72999572753903,1364669
2026-01-21 16:55:00,180.7227020263672,180.7899932861328,180.02000427246094,180.1300048828125,1617184
2026-01-21 17:00:00,180.13999938964844,180.5850067138672,180.0850067138672,180.2301025390625,1217243
2026-01-21 17:05:00,180.22999572753903,180.27999877929688,179.77000427246094,179.77499389648438,1248559
2026-01-21 17:10:00,179.77999877929688,179.92999267578125,179.3699951171875,179.46499633789062,1362230
2026-01-21 17:15:00,179.47999572753906,179.92999267578125,179.35000610351562,179.64999389648438,1306269
2026-01-21 17:20:00,179.63999938964844,179.7696990966797,179.3800048828125,179.67999267578125,998302
2026-01-21 17:25:00,179.6699981689453,179.82000732421875,179.42999267578125,179.43499755859375,726427
2026-01-21 17:30:00,179.43499755859375,179.63600158691406,179.19500732421875,179.5800018310547,992892
2026-01-21 17:35:00,179.5800018310547,179.77999877929688,179.47030639648438,179.6103057861328,843290
2026-01-21 17:40:00,179.61900329589844,179.72999572753906,179.50999450683594,179.57000732421875,757997
2026-01-21 17:45:00,179.57000732421875,179.97999572753906,179.45289611816406,179.94500732421875,1007948
2026-01-21 17:50:00,179.92999267578125,180.33999633789065,179.80999755859375,180.12840270996094,1234498
2026-01-21 17:55:00,180.13999938964844,180.47999572753903,180.05999755859375,180.29080200195312,924272
2026-01-21 18:00:00,180.2899932861328,180.33999633789065,179.6999969482422,179.8000030517578,952125
2026-01-21 18:05:00,179.7899932861328,180.05999755859375,179.75999450683594,179.9499969482422,910395
2026-01-21 18:10:00,179.9550018310547,180.509994506836,179.94500732421875,180.35009765625,1091845
2026-01-21 18:15:00,180.3600006103516,180.41000366210932,180.0500030517578,180.10000610351562,842945
2026-01-21 18:20:00,180.0749969482422,180.1499938964844,179.91000366210938,180.0850067138672,963083
2026-01-21 18:25:00,180.08999633789062,180.3000030517578,180.0399932861328,180.2449951171875,692961
2026-01-21 18:30:00,180.26010131835932,180.4199981689453,180.14010620117188,180.34500122070312,663593
2026-01-21 18:35:00,180.3500061035156,180.47999572753903,180.15499877929688,180.4600982666016,779164
2026-01-21 18:45:00,180.55499267578125,180.7899932861328,180.5399932861328,180.759994506836,1396037
2026-01-21 18:50:00,180.7700042724609,181.0599975585937,180.75,181.0249938964844,889298
2026-01-21 18:55:00,181.0249938964844,181.22999572753903,180.759994506836,181.14010620117188,1016452
2026-01-21 19:00:00,181.1450042724609,181.47999572753903,181.06500244140625,181.44000244140625,1199708
2026-01-21 19:05:00,181.4427032470703,181.5500030517578,181.0599975585937,181.15499877929688,974637
2026-01-21 19:10:00,181.15499877929688,181.3249969482422,181.0,181.0399932861328,746818
2026-01-21 19:15:00,181.03579711914065,181.22000122070312,180.92999267578125,181.0941925048828,822095
2026-01-21 19:20:00,181.1100006103516,181.5,180.9600067138672,181.4501037597656,867854
2026-01-21 19:25:00,181.42999267578125,183.08999633789065,181.22999572753903,182.97999572753903,2187653
2026-01-21 19:30:00,182.97999572753903,183.5800018310547,182.8600006103516,183.5200042724609,2459258
2026-01-21 19:35:00,183.52999877929688,183.82000732421875,183.38999938964844,183.6699981689453,1995802
2026-01-21 19:40:00,183.6699981689453,184.3600006103516,183.5599975585937,184.2899932861328,2187163
2026-01-21 19:45:00,184.2899932861328,185.06539916992188,184.28500366210932,185.06539916992188,2269714
2026-01-21 19:50:00,185.0599975585937,185.36740112304688,184.5399932861328,184.96499633789065,2418802
2026-01-21 19:55:00,184.9600067138672,185.2749938964844,184.94000244140625,185.26010131835932,1655709
2026-01-21 20:00:00,185.2700042724609,185.3789978027344,184.7899932861328,184.92999267578125,1679818
2026-01-21 20:05:00,184.9349975585937,184.9833068847656,184.2700042724609,184.5500030517578,1800454
2026-01-21 20:10:00,184.5399932861328,184.8999938964844,184.47999572753903,184.76499938964844,1674050
2026-01-21 20:15:00,184.77999877929688,185.0500030517578,184.5449981689453,184.6150054931641,1902557
2026-01-21 20:20:00,184.6100006103516,184.8000030517578,184.3500061035156,184.3999938964844,1449727
2026-01-21 20:25:00,184.38999938964844,184.41000366210932,183.72999572753903,183.7899932861328,1669966
2026-01-21 20:30:00,183.77999877929688,184.5800018310547,183.5599975585937,184.5265045166016,2099484
2026-01-21 20:35:00,184.5200042724609,184.72000122070312,183.94000244140625,183.9745941162109,1750038
2026-01-21 20:40:00,183.97999572753903,184.16000366210932,183.84500122070312,184.13999938964844,1351052
2026-01-21 20:45:00,184.13999938964844,184.3000030517578,184.02999877929688,184.19000244140625,1343129
2026-01-21 20:50:00,184.19500732421875,184.19500732421875,183.42999267578125,183.9600067138672,2494637
2026-01-21 20:55:00,183.9600067138672,183.9600067138672,183.1849975585937,183.32000732421875,3355634
2026-01-22 14:30:00,184.7449951171875,186.16000366210932,184.69500732421875,184.8000030517578,6242586
2026-01-22 14:35:00,184.7700042724609,185.42999267578125,184.1100006103516,185.26499938964844,3163173
2026-01-22 14:40:00,185.259994506836,185.41000366210932,184.3699951171875,184.75,2451925
2026-01-22 14:45:00,184.860107421875,185.1499938964844,184.0,184.2700042724609,2544630
2026-01-22 14:50:00,184.2799072265625,185.3500061035156,184.1199951171875,185.16000366210932,2411156
2026-01-22 14:55:00,185.1300048828125,185.19500732421875,184.0,184.33999633789065,2668055
2026-01-22 15:00:00,184.3600006103516,184.67990112304688,183.92999267578125,184.2700042724609,1684529
2026-01-22 15:05:00,184.26010131835932,184.66000366210932,184.2100067138672,184.58680725097656,1332938
2026-01-22 15:10:00,184.58999633789065,184.94000244140625,184.3000030517578,184.3701019287109,1457201
2026-01-22 15:15:00,184.3699951171875,184.8600006103516,184.08999633789065,184.2657012939453,1294037
2026-01-22 15:20:00,184.2550048828125,184.8800048828125,184.1999969482422,184.5800018310547,1558081
2026-01-22 15:25:00,184.5850067138672,185.17999267578125,184.47000122070312,184.8699951171875,1598034
2026-01-22 15:30:00,184.8699951171875,184.9499969482422,184.47999572753903,184.9349975585937,1207717
2026-01-22 15:35:00,184.92999267578125,185.07000732421875,184.6999969482422,184.94000244140625,1451634
2026-01-22 15:40:00,184.94500732421875,185.22000122070312,184.6999969482422,184.9600067138672,1249537
2026-01-22 15:45:00,184.9698944091797,185.40499877929688,184.83999633789065,185.08999633789065,1202465
2026-01-22 15:50:00,185.0800018310547,185.1699981689453,184.8300018310547,185.0,838020
2026-01-22 15:55:00,185.0,185.2100067138672,184.9250030517578,185.0850067138672,711231
2026-01-22 16:00:00,185.0800018310547,185.22999572753903,184.9530029296875,185.1000061035156,829133
2026-01-22 16:05:00,185.1150054931641,185.27999877929688,185.0249938964844,185.09500122070312,724763
2026-01-22 16:10:00,185.09750366210932,185.4600067138672,185.009994506836,185.40499877929688,1105688
2026-01-22 16:15:00,185.38999938964844,185.6100006103516,185.33999633789065,185.4644927978516,1228663
2026-01-22 16:20:00,185.4600067138672,185.6750030517578,185.42999267578125,185.6699981689453,824186
2026-01-22 16:25:00,185.67010498046875,185.8350067138672,185.5,185.73550415039065,1053003
2026-01-22 16:30:00,185.73399353027344,185.8099975585937,185.6300048828125,185.65499877929688,20026267
2026-01-22 16:35:00,185.66000366210932,185.81500244140625,185.5800018310547,185.8000030517578,0
2026-01-22 16:40:00,185.80499267578125,186.0399932861328,185.75010681152344,185.92030334472656,1313885
2026-01-22 16:45:00,185.9199981689453,186.1699981689453,185.8105926513672,185.97999572753903,1183330
2026-01-22 16:50:00,185.97999572753903,186.13999938964844,185.88999938964844,185.9199066162109,920812
2026-01-22 16:55:00,185.91000366210932,185.91000366210932,185.5,185.5265045166016,1210636
2026-01-22 17:00:00,185.5200042724609,185.6199951171875,185.3699951171875,185.5249938964844,1074555
2026-01-22 17:05:00,185.5263061523437,185.6100006103516,185.1300048828125,185.1732940673828,1029391
2026-01-22 17:10:00,185.17999267578125,185.6000061035156,185.1499938964844,185.3217010498047,1192142
2026-01-22 17:15:00,185.3300018310547,185.3300018310547,184.8999938964844,184.94000244140625,1243188
2026-01-22 17:20:00,184.9349975585937,184.9600067138672,184.66000366210932,184.82000732421875,1223771
2026-01-22 17:25:00,184.82000732421875,185.0,184.7400054931641,184.9750061035156,978430
2026-01-22 17:30:00,184.97999572753903,185.1199951171875,184.8000030517578,184.83999633789065,1054942
2026-01-22 17:35:00,184.84249877929688,184.8600006103516,184.6499938964844,184.6800994873047,769058
2026-01-22 17:40:00,184.69000244140625,184.7899932861328,184.6699981689453,184.72000122070312,645485
2026-01-22 17:45:00,184.71499633789065,184.8500061035156,184.6499938964844,184.80499267578125,701371
2026-01-22 17:50:00,184.80499267578125,184.82000732421875,184.4149932861328,184.49989318847656,1029180
2026-01-22 17:55:00,184.5,184.6100006103516,184.4499969482422,184.56500244140625,792210
2026-01-22 18:00:00,184.5599975585937,184.9199981689453,184.4900054931641,184.72000122070312,1107955
2026-01-22 18:05:00,184.7366943359375,185.2350006103516,184.6999969482422,185.1849975585937,1175705
2026-01-22 18:10:00,185.1840057373047,185.2259979248047,184.8542022705078,185.00010681152344,1312311
2026-01-22 18:15:00,185.0057983398437,185.11990356445312,184.8600006103516,184.94000244140625,894290
2026-01-22 18:20:00,184.9499053955078,185.0800018310547,184.8699951171875,185.0,625352
2026-01-22 18:25:00,185.009994506836,185.01980590820312,184.72000122070312,184.7254943847656,520101
2026-01-22 18:30:00,184.7100067138672,184.8800048828125,184.6000061035156,184.84500122070312,625237
2026-01-22 18:35:00,184.83999633789065,184.87989807128903,184.7400054931641,184.83990478515625,457351
2026-01-22 18:40:00,184.83200073242188,184.8789978027344,184.6199951171875,184.634994506836,613976
2026-01-22 18:45:00,184.639892578125,184.759994506836,184.6199951171875,184.6999969482422,518194
2026-01-22 18:50:00,184.6999969482422,184.8000030517578,184.5200042724609,184.55419921875,660652
2026-01-22 18:55:00,184.55259704589844,184.6020965576172,184.3699951171875,184.4698944091797,789151
2026-01-22 19:00:00,184.4600067138672,184.5399932861328,184.2805938720703,184.47999572753903,902699
2026-01-22 19:05:00,184.4900054931641,184.6100006103516,184.41000366210932,184.59500122070312,720591
2026-01-22 19:10:00,184.59500122070312,184.759994506836,184.509994506836,184.659896850586,626591
2026-01-22 19:15:00,184.6499938964844,184.71499633789065,184.46470642089844,184.67990112304688,585639
2026-01-22 19:20:00,184.6699981689453,184.7176971435547,184.5399932861328,184.5500030517578,563453
2026-01-22 19:25:00,184.55349731445312,184.75509643554688,184.5,184.65499877929688,658720
2026-01-22 19:30:00,184.6499938964844,184.7400054931641,184.5200042724609,184.7100067138672,699565
2026-01-22 19:35:00,184.6999969482422,184.8000030517578,184.63999938964844,184.6842041015625,680068
2026-01-22 19:40:00,184.6849975585937,184.84500122070312,184.65020751953125,184.69000244140625,30060738
2026-01-22 19:45:00,184.69000244140625,184.72999572753903,184.509994506836,184.69000244140625,0
2026-01-22 19:50:00,184.67950439453125,184.8600006103516,184.5800018310547,184.6999969482422,748227
2026-01-22 19:55:00,184.69000244140625,184.759994506836,184.360107421875,184.44500732421875,819717
2026-01-22 20:00:00,184.44500732421875,184.7301025390625,184.38999938964844,184.58999633789065,936207
2026-01-22 20:05:00,184.5850067138672,184.6300048828125,184.22000122070312,184.27999877929688,930323
2026-01-22 20:10:00,184.2749938964844,184.44000244140625,184.19000244140625,184.4342041015625,818938
2026-01-22 20:15:00,184.44000244140625,184.68670654296875,184.35499572753903,184.5449981689453,1015480
2026-01-22 20:20:00,184.5399932861328,184.639892578125,184.41000366210932,184.4850006103516,591893
2026-01-22 20:25:00,184.4949951171875,184.51499938964844,184.08999633789065,184.1100006103516,753928
2026-01-22 20:30:00,184.1000061035156,184.22999572753903,183.9900054931641,184.0500030517578,1132311
2026-01-22 20:35:00,184.05499267578125,184.16000366210932,183.92999267578125,184.1199951171875,892042
2026-01-22 20:40:00,184.1300048828125,184.2998962402344,184.0599975585937,184.22999572753903,896251
2026-01-22 20:45:00,184.2400054931641,184.4600067138672,184.19000244140625,184.42990112304688,834324
2026-01-22 20:50:00,184.42999267578125,184.7400054931641,184.3800048828125,184.57000732421875,1337078
2026-01-22 20:55:00,184.5599975585937,184.8699951171875,184.52999877929688,184.8300018310547,2538024
2026-01-23 14:30:00,187.4850006103516,189.6000061035156,187.2350006103516,187.4199981689453,12252529
2026-01-23 14:35:00,187.4199981689453,187.88999938964844,186.8800048828125,187.0249938964844,2969935
2026-01-23 14:40:00,187.0399932861328,188.16000366210932,186.82330322265625,187.5453948974609,2765817
2026-01-23 14:45:00,187.8999938964844,188.2700042724609,187.17999267578125,187.47999572753903,2322203
2026-01-23 14:50:00,187.47000122070312,188.009994506836,187.33999633789065,187.4349975585937,1651207
2026-01-23 14:55:00,187.44000244140625,188.1999969482422,187.3500061035156,187.7899932861328,1684514
2026-01-23 15:00:00,187.7899932861328,188.3500061035156,187.759994506836,188.2949981689453,1779246
2026-01-23 15:05:00,188.3000030517578,188.3500061035156,187.6699981689453,187.889892578125,1693920
2026-01-23 15:10:00,187.884994506836,187.9250030517578,187.44000244140625,187.6699981689453,1446510
2026-01-23 15:15:00,187.6750030517578,187.77999877929688,187.3000030517578,187.3249969482422,1372250
2026-01-23 15:20:00,187.3300018310547,187.7350006103516,187.25,187.535400390625,1117684
2026-01-23 15:25:00,187.5500030517578,187.74530029296875,187.4349975585937,187.65499877929688,899657
2026-01-23 15:30:00,187.6450042724609,187.71499633789065,187.5200042724609,187.60650634765625,639524
2026-01-23 15:35:00,187.60499572753903,188.0399932861328,187.58999633789065,187.71499633789065,1084059
2026-01-23 15:40:00,187.7100067138672,187.8800048828125,187.5599975585937,187.8099975585937,775316
2026-01-23 15:45:00,187.82000732421875,188.05499267578125,187.6699981689453,187.9949951171875,1143891
2026-01-23 15:50:00,187.99899291992188,188.08999633789065,187.8000030517578,187.8300018310547,773958
2026-01-23 15:55:00,187.8300018310547,187.88510131835932,187.72000122070312,187.7700042724609,795966
2026-01-23 16:00:00,187.7700042724609,187.91000366210932,187.54010009765625,187.55929565429688,805218
2026-01-23 16:05:00,187.5576019287109,187.57000732421875,187.16000366210932,187.3699951171875,1055055
2026-01-23 16:10:00,187.3699951171875,187.52999877929688,187.22000122070312,187.4600067138672,807229
2026-01-23 16:15:00,187.4499969482422,187.5196990966797,187.1300048828125,187.4600067138672,975808
2026-01-23 16:20:00,187.4600067138672,187.9375,187.4199981689453,187.8946075439453,1120021
2026-01-23 16:25:00,187.8950042724609,188.009994506836,187.6499938964844,187.759994506836,1148801
2026-01-23 16:30:00,187.75,187.8600006103516,187.4199981689453,187.45509338378903,776744
2026-01-23 16:35:00,187.4499969482422,187.9600067138672,187.32989501953125,187.8800048828125,855731
2026-01-23 16:40:00,187.875,188.08999633789065,187.19500732421875,187.375,1471927
2026-01-23 16:45:00,187.3699951171875,187.9300994873047,187.22999572753903,187.884994506836,957491
2026-01-23 16:50:00,187.8800048828125,187.9199981689453,187.6499938964844,187.75509643554688,786973
2026-01-23 16:55:00,187.759994506836,187.82000732421875,187.31500244140625,187.7675018310547,838766
2026-01-23 17:00:00,187.7749938964844,188.1999969482422,187.52999877929688,188.125,1302416
2026-01-23 17:05:00,188.1300048828125,188.2360992431641,187.92999267578125,187.9550018310547,921807
2026-01-23 17:10:00,187.9550018310547,188.1199951171875,187.92999267578125,188.110107421875,591653
2026-01-23 17:15:00,188.1100006103516,188.17999267578125,187.8000030517578,187.8249969482422,898096
2026-01-23 17:20:00,187.8253936767578,187.8800048828125,187.6300048828125,187.71499633789065,853937
2026-01-23 17:25:00,187.71170043945312,187.8800048828125,187.6499938964844,187.74009704589844,674059
2026-01-23 17:30:00,187.75,187.9900054931641,187.72999572753903,187.94000244140625,719424
2026-01-23 17:35:00,187.94500732421875,188.09500122070312,187.8999938964844,187.9850006103516,718617
2026-01-23 17:40:00,187.9833068847656,188.0599975585937,187.46499633789065,187.51499938964844,944504
2026-01-23 17:45:00,187.5198974609375,187.6934051513672,187.33999633789065,187.52999877929688,804542
2026-01-23 17:50:00,187.52999877929688,187.6000061035156,187.1450042724609,187.259994506836,957847
2026-01-23 17:55:00,187.26499938964844,187.58999633789065,187.259994506836,187.375,778977
2026-01-23 18:00:00,187.3600006103516,187.57000732421875,187.22000122070312,187.375,676175
2026-01-23 18:05:00,187.375,187.69000244140625,187.22000122070312,187.639892578125,606813
2026-01-23 18:10:00,187.63999938964844,187.75669860839844,187.52420043945312,187.57000732421875,710933
2026-01-23 18:15:00,187.5800018310547,187.8699951171875,187.5599975585937,187.7550048828125,763504
2026-01-23 18:20:00,187.75,187.92999267578125,187.59500122070312,187.875,738802
2026-01-23 18:25:00,187.8800048828125,188.0399932861328,187.83999633789065,187.8950042724609,666849
2026-01-23 18:30:00,187.8999938964844,187.9250030517578,187.51499938964844,187.5998992919922,652569
2026-01-23 18:35:00,187.59820556640625,188.0,187.58999633789065,187.99819946289065,719637
2026-01-23 18:40:00,188.0,188.02999877929688,187.8699951171875,187.9900054931641,575487
2026-01-23 18:45:00,188.0,188.125,187.8999938964844,188.03990173339844,694838
2026-01-23 18:50:00,188.02999877929688,188.13999938964844,187.97000122070312,188.1042022705078,712751
2026-01-23 18:55:00,188.10499572753903,188.22000122070312,187.9900054931641,188.07000732421875,689225
2026-01-23 19:00:00,188.0599975585937,188.3000030517578,188.0500030517578,188.1750030517578,724353
2026-01-23 19:05:00,188.17999267578125,188.41000366210932,188.1499938964844,188.2949981689453,949990
2026-01-23 19:10:00,188.2955017089844,188.31500244140625,187.97999572753903,188.0599975585937,696821
2026-01-23 19:15:00,188.06500244140625,188.08999633789065,187.7400054931641,187.9349975585937,790006
2026-01-23 19:20:00,187.9349975585937,188.009994506836,187.8500061035156,187.96499633789065,631713
2026-01-23 19:25:00,187.9600067138672,187.9850006103516,187.82000732421875,187.8300018310547,704619
2026-01-23 19:30:00,187.8099975585937,188.02999877929688,187.7449951171875,187.91000366210932,678061
2026-01-23 19:35:00,187.90499877929688,188.009994506836,187.509994506836,187.5800018310547,984052
2026-01-23 19:40:00,187.5749969482422,187.759994506836,187.44000244140625,187.65499877929688,1089392
2026-01-23 19:45:00,187.6699981689453,187.6999969482422,187.3500061035156,187.38800048828125,740429
2026-01-23 19:50:00,187.3800048828125,187.6100006103516,187.3500061035156,187.4199981689453,692171
2026-01-23 19:55:00,187.4199981689453,187.6699981689453,187.3999938964844,187.57000732421875,686992
2026-01-23 20:00:00,187.56500244140625,187.71499633789065,187.3999938964844,187.44500732421875,726679
2026-01-23 20:05:00,187.4550018310547,187.51510620117188,187.1499938964844,187.1499938964844,792420
2026-01-23 20:10:00,187.1499938964844,187.5399932861328,187.1100006103516,187.5,720074
2026-01-23 20:15:00,187.509994506836,187.634994506836,187.3800048828125,187.56500244140625,697397
2026-01-23 20:20:00,187.56500244140625,187.63999938964844,187.3600006103516,187.37420654296875,767977
2026-01-23 20:25:00,187.3800048828125,187.38999938964844,187.2098999023437,187.22999572753903,777005
2026-01-23 20:30:00,187.22000122070312,187.3600006103516,187.13999938964844,187.3600006103516,839004
2026-01-23 20:35:00,187.35499572753903,187.38999938964844,187.22659301757807,187.2550048828125,562030
2026-01-23 20:40:00,187.259994506836,187.6499938964844,187.25,187.6150054931641,732663
2026-01-23 20:45:00,187.60499572753903,187.7698974609375,187.509994506836,187.57000732421875,881895
2026-01-23 20:50:00,187.5599975585937,187.7899932861328,187.2700042724609,187.72000122070312,1634904
2026-01-23 20:55:00,187.7100067138672,187.9149932861328,187.52999877929688,187.6699981689453,3183366
2026-01-26 14:30:00,187.07000732421875,188.3099975585937,187.0599975585937,188.0198974609375,5530607
2026-01-26 14:35:00,188.0200042724609,189.0599975585937,187.8800048828125,188.384994506836,3230701
2026-01-26 14:40:00,188.3699951171875,189.1199951171875,187.9900054931641,188.69000244140625,3096335
2026-01-26 14:45:00,188.6898956298828,188.7700042724609,187.5200958251953,187.55059814453125,2221019
2026-01-26 14:50:00,187.57000732421875,187.6000061035156,186.8500061035156,187.1289978027344,2188164
2026-01-26 14:55:00,187.1450042724609,187.9199981689453,187.1450042724609,187.51499938964844,2590766
2026-01-26 15:00:00,187.5050048828125,187.5249938964844,187.09500122070312,187.30499267578125,1710780
2026-01-26 15:05:00,187.3000030517578,187.47000122070312,187.1100006103516,187.1300048828125,1094138
2026-01-26 15:10:00,187.134994506836,187.3000030517578,186.8500061035156,187.2306060791016,1640174
2026-01-26 15:15:00,187.23989868164065,187.58999633789065,187.22999572753903,187.4900054931641,1338360
2026-01-26 15:20:00,187.4900054931641,187.7700042724609,187.4600067138672,187.5599975585937,1021314
2026-01-26 15:25:00,187.5558013916016,187.6000061035156,187.17999267578125,187.3459930419922,1047521
2026-01-26 15:30:00,187.33450317382807,187.41000366210932,187.08999633789065,187.2449951171875,914675
2026-01-26 15:35:00,187.2449951171875,187.6100006103516,187.17999267578125,187.41650390625,863711
2026-01-26 15:40:00,187.4149932861328,187.5800018310547,186.95199584960932,187.0399932861328,1150800
2026-01-26 15:45:00,187.06500244140625,187.19000244140625,187.00819396972656,187.1501007080078,858651
2026-01-26 15:50:00,187.16000366210932,187.509994506836,187.13999938964844,187.3699951171875,1183701
2026-01-26 15:55:00,187.375,187.47999572753903,187.19000244140625,187.2700042724609,865094
2026-01-26 16:00:00,187.2700042724609,187.28500366210932,186.009994506836,186.72999572753903,3546824
2026-01-26 16:05:00,186.7299041748047,187.009994506836,186.6999969482422,186.80499267578125,980225
2026-01-26 16:10:00,186.8000946044922,187.1999969482422,186.5200042724609,187.125,1282295
2026-01-26 16:15:00,187.1293029785156,187.25,186.8500061035156,186.880599975586,1008255
2026-01-26 16:20:00,186.8999938964844,187.0399932861328,186.6999969482422,186.9700927734375,704355
2026-01-26 16:25:00,186.96499633789065,186.9799041748047,186.7790069580078,186.80499267578125,674288
2026-01-26 16:30:00,186.7899932861328,186.92999267578125,186.639892578125,186.82000732421875,714007
2026-01-26 16:35:00,186.82000732421875,187.0,186.7400054931641,186.9250030517578,706005
2026-01-26 16:40:00,186.92999267578125,186.94000244140625,186.63999938964844,186.67579650878903,707918
2026-01-26 16:45:00,186.6699981689453,186.72000122070312,186.44000244140625,186.61990356445312,843847
2026-01-26 16:50:00,186.6165008544922,186.8800048828125,186.57000732421875,186.77999877929688,825980
2026-01-26 16:55:00,186.77999877929688,187.0500030517578,186.77999877929688,187.01499938964844,804492
2026-01-26 17:00:00,187.01499938964844,187.2400054931641,186.97000122070312,187.1707000732422,836500
2026-01-26 17:05:00,187.1699981689453,187.1999969482422,186.9499969482422,186.97000122070312,655934
2026-01-26 17:10:00,186.9900054931641,187.07009887695312,186.8350067138672,186.8500061035156,687537
2026-01-26 17:15:00,186.8592987060547,186.8800048828125,186.5599975585937,186.7942047119141,951486
2026-01-26 17:20:00,186.8000030517578,186.8500061035156,186.6999969482422,186.77999877929688,627233
2026-01-26 17:25:00,186.78500366210932,186.8300018310547,186.6100006103516,186.66000366210932,581922
2026-01-26 17:30:00,186.63999938964844,186.7100067138672,186.509994506836,186.60479736328125,605193
2026-01-26 17:35:00,186.6100006103516,186.6199951171875,186.4600067138672,186.55499267578125,553891
2026-01-26 17:40:00,186.5599975585937,186.5749969482422,186.3800048828125,186.45950317382807,694598
2026-01-26 17:45:00,186.4499969482422,186.46499633789065,186.22999572753903,186.2899932861328,852349
2026-01-26 17:50:00,186.29269409179688,186.3999938964844,186.1999969482422,186.3699951171875,705057
2026-01-26 17:55:00,186.360107421875,186.58999633789065,186.3000030517578,186.4754943847656,748558
2026-01-26 18:00:00,186.4799041748047,186.5,186.3000030517578,186.3159942626953,611215
2026-01-26 18:05:00,186.32000732421875,186.3249969482422,186.02999877929688,186.1000061035156,823681
2026-01-26 18:10:00,186.1100006103516,186.28500366210932,185.9900054931641,186.19500732421875,846995
2026-01-26 18:15:00,186.19000244140625,186.4499053955078,186.1499938964844,186.35499572753903,593761
2026-01-26 18:20:00,186.35009765625,186.4949951171875,186.3500061035156,186.4900054931641,545483
2026-01-26 18:25:00,186.4850006103516,186.5,186.3699951171875,186.42999267578125,550376
2026-01-26 18:30:00,186.41000366210932,186.8699951171875,186.41000366210932,186.8699951171875,966520
2026-01-26 18:35:00,186.8600006103516,186.94000244140625,186.78500366210932,186.85499572753903,723609
2026-01-26 18:40:00,186.8600006103516,186.94000244140625,186.65499877929688,186.82749938964844,805785
2026-01-26 18:45:00,186.82290649414065,186.8498992919922,186.7100982666016,186.8249969482422,493925
2026-01-26 18:50:00,186.8249969482422,186.9499969482422,186.77999877929688,186.9149932861328,506771
2026-01-26 18:55:00,186.9149932861328,187.0749969482422,186.9149932861328,187.0399932861328,637149
2026-01-26 19:00:00,187.0399932861328,187.0800018310547,186.67999267578125,186.7288055419922,778974
2026-01-26 19:05:00,186.7342071533203,186.8600006103516,186.7100982666016,186.84500122070312,579722
2026-01-26 19:10:00,186.8600006103516,186.8699951171875,186.75,186.759994506836,412335
2026-01-26 19:15:00,186.7700042724609,186.8300018310547,186.57000732421875,186.6033935546875,495473
2026-01-26 19:20:00,186.60499572753903,186.6199951171875,186.47999572753903,186.5449981689453,716806
2026-01-26 19:25:00,186.5489959716797,186.6300048828125,186.5,186.5749969482422,515196
2026-01-26 19:30:00,186.56869506835932,186.60499572753903,186.47000122070312,186.485107421875,503085
2026-01-26 19:35:00,186.47999572753903,186.6699981689453,186.42999267578125,186.6300048828125,607534
2026-01-26 19:40:00,186.6284027099609,186.67999267578125,186.5449981689453,186.58999633789065,506115
2026-01-26 19:45:00,186.59500122070312,186.66000366210932,186.3800048828125,186.40499877929688,685992
2026-01-26 19:50:00,186.4199981689453,186.4850006103516,186.22999572753903,186.22999572753903,629905
2026-01-26 19:55:00,186.2350006103516,186.3000030517578,186.22000122070312,186.26499938964844,573294
2026-01-26 20:00:00,186.2700042724609,186.41000366210932,186.25,186.30499267578125,580891
2026-01-26 20:05:00,186.30990600585932,186.33999633789065,186.1199951171875,186.17999267578125,685032
2026-01-26 20:10:00,186.1699981689453,186.1999969482422,186.0,186.1100006103516,866943
2026-01-26 20:15:00,186.10499572753903,186.32000732421875,186.0,186.259994506836,917560
2026-01-26 20:20:00,186.2554931640625,186.33999633789065,186.1100006103516,186.1999969482422,626894
2026-01-26 20:25:00,186.1999969482422,186.46499633789065,186.1300048828125,186.44500732421875,781148
2026-01-26 20:30:00,186.4499969482422,186.4850006103516,186.33999633789065,186.3600006103516,747236
2026-01-26 20:35:00,186.3527069091797,186.51499938964844,186.3099975585937,186.4324951171875,674671
2026-01-26 20:40:00,186.42999267578125,186.509994506836,186.34500122070312,186.46499633789065,765183
2026-01-26 20:45:00,186.4667053222656,186.63999938964844,186.4499969482422,186.56539916992188,846410
2026-01-26 20:50:00,186.5599975585937,186.634994506836,186.2400054931641,186.52999877929688,1081564
2026-01-26 20:55:00,186.5500030517578,186.8000030517578,186.3600006103516,186.38999938964844,2263061
2026-01-27 14:30:00,187.2400054931641,187.3800048828125,186.3000030517578,186.3950042724609,4404158
2026-01-27 14:35:00,186.3999938964844,186.72000122070312,186.0200042724609,186.0399932861328,1787268
2026-01-27 14:40:00,186.0399932861328,186.2308959960937,185.6999969482422,185.9501037597656,2209428
2026-01-27 14:45:00,185.9600067138672,186.7400054931641,185.9149932861328,186.66510009765625,1812932
2026-01-27 14:50:00,186.6699981689453,187.0500030517578,186.6199951171875,186.7700042724609,1609133
2026-01-27 14:55:00,186.7700042724609,187.7899932861328,186.7400054931641,187.63999938964844,2340831
2026-01-27 15:00:00,187.63999938964844,188.10499572753903,187.4900054931641,188.06260681152344,1987851
2026-01-27 15:05:00,188.06500244140625,188.5399932861328,187.72999572753903,188.52999877929688,2177973
2026-01-27 15:10:00,188.5186004638672,189.32000732421875,188.5050048828125,189.05499267578125,3055129
2026-01-27 15:15:00,189.0599975585937,189.5050048828125,188.77999877929688,189.2700042724609,2236440
2026-01-27 15:20:00,189.2700042724609,189.41000366210932,188.6499938964844,188.9900054931641,1672358
2026-01-27 15:25:00,188.9949951171875,189.02999877929688,188.6658935546875,188.91510009765625,1168838
2026-01-27 15:30:00,188.9199981689453,189.3099975585937,188.88999938964844,189.2949981689453,1334330
2026-01-27 15:35:00,189.29010009765625,189.7949981689453,189.2700042724609,189.4167022705078,2230835
2026-01-27 15:40:00,189.40249633789065,189.6766967773437,189.2100067138672,189.5449981689453,1376067
2026-01-27 15:45:00,189.5498962402344,189.7698974609375,189.2250061035156,189.30499267578125,1413057
2026-01-27 15:50:00,189.29010009765625,189.3000030517578,189.0800018310547,189.26510620117188,951118
2026-01-27 15:55:00,189.25,189.38999938964844,189.1100006103516,189.3500061035156,862148
2026-01-27 16:00:00,189.3600006103516,189.6499938964844,189.19000244140625,189.63999938964844,929176
2026-01-27 16:05:00,189.6450042724609,189.69000244140625,189.4232940673828,189.4499969482422,881532
2026-01-27 16:10:00,189.4499969482422,189.66000366210932,189.2899932861328,189.56500244140625,1074593
2026-01-27 16:15:00,189.56500244140625,190.0,189.44000244140625,189.8300018310547,2109962
2026-01-27 16:20:00,189.8350067138672,189.9900054931641,189.57000732421875,189.7749938964844,1329723
2026-01-27 16:25:00,189.7846069335937,189.8300018310547,189.4600067138672,189.705795288086,998886
2026-01-27 16:30:00,189.7100067138672,190.0,189.69000244140625,189.81500244140625,1440574
2026-01-27 16:35:00,189.8099975585937,189.8999938964844,189.625,189.66000366210932,879137
2026-01-27 16:40:00,189.6649932861328,189.8300018310547,189.6499938964844,189.76499938964844,658951
2026-01-27 16:45:00,189.76499938964844,189.77999877929688,189.5,189.53500366210932,901872
2026-01-27 16:50:00,189.5399932861328,189.58999633789065,189.41000366210932,189.4700927734375,655180
2026-01-27 16:55:00,189.4770050048828,189.8300018310547,189.41000366210932,189.659896850586,939310
2026-01-27 17:00:00,189.6499938964844,189.8000030517578,189.57000732421875,189.7400054931641,899049
2026-01-27 17:05:00,189.75,189.7700042724609,189.5050048828125,189.66000366210932,752665
2026-01-27 17:10:00,189.66510009765625,189.7100067138672,189.5800018310547,189.67999267578125,510145
2026-01-27 17:15:00,189.6849975585937,189.71499633789065,189.53500366210932,189.60499572753903,509636
2026-01-27 17:20:00,189.6000061035156,189.759994506836,189.509994506836,189.5249938964844,620090
2026-01-27 17:25:00,189.52999877929688,189.7749938964844,189.509994506836,189.6849975585937,659583
2026-01-27 17:30:00,189.69000244140625,189.9900054931641,189.63999938964844,189.9300994873047,1027114
2026-01-27 17:35:00,189.94000244140625,190.0,189.67999267578125,189.7400054931641,1198817
2026-01-27 17:40:00,189.75,189.88999938964844,189.6199951171875,189.634994506836,731740
2026-01-27 17:45:00,189.634994506836,189.69000244140625,189.2700042724609,189.2949981689453,1077073
2026-01-27 17:50:00,189.2949981689453,189.3000030517578,189.0800018310547,189.2239990234375,966166
2026-01-27 17:55:00,189.2299041748047,189.2899932861328,189.0599975585937,189.2098999023437,1008667
2026-01-27 18:00:00,189.2098999023437,189.2400054931641,188.8999938964844,189.22999572753903,1208953
2026-01-27 18:05:00,189.2241973876953,189.4900054931641,189.1000061035156,189.26499938964844,1000070
2026-01-27 18:10:00,189.26499938964844,189.6199951171875,189.2617950439453,189.4850006103516,990999
2026-01-27 18:15:00,189.4700927734375,189.6100006103516,189.44000244140625,189.52999877929688,594132
2026-01-27 18:20:00,189.5249938964844,189.72999572753903,189.5200042724609,189.65499877929688,688349
2026-01-27 18:25:00,189.6499938964844,189.6499938964844,189.4750061035156,189.4850006103516,776496
2026-01-27 18:30:00,189.4900054931641,189.77999877929688,189.4600982666016,189.6150054931641,914056
2026-01-27 18:35:00,189.61990356445312,189.66000366210932,189.4199981689453,189.45509338378903,668569
2026-01-27 18:40:00,189.4600067138672,189.58999633789065,189.41000366210932,189.55499267578125,726126
2026-01-27 18:45:00,189.55499267578125,189.63999938964844,189.4600067138672,189.5998992919922,590053
2026-01-27 18:50:00,189.5997009277344,189.6150054931641,189.4199981689453,189.51499938964844,626569
2026-01-27 18:55:00,189.51499938964844,189.5399932861328,189.33999633789065,189.3500061035156,693052
2026-01-27 19:00:00,189.33999633789065,189.33999633789065,189.1300048828125,189.2449951171875,1089150
2026-01-27 19:05:00,189.2474975585937,189.41000366210932,189.1999969482422,189.22000122070312,1075131
2026-01-27 19:10:00,189.21499633789065,189.3500061035156,189.125,189.2949981689453,928362
2026-01-27 19:15:00,189.29010009765625,189.47999572753903,189.27999877929688,189.4002990722656,810743
2026-01-27 19:20:00,189.3999938964844,189.4199981689453,189.14010620117188,189.2550048828125,853558
2026-01-27 19:25:00,189.25,189.3000030517578,189.0449981689453,189.125,896797
2026-01-27 19:30:00,189.1300048828125,189.17990112304688,189.06500244140625,189.09500122070312,688729
2026-01-27 19:35:00,189.09500122070312,189.1199951171875,189.0,189.03500366210932,729129
2026-01-27 19:40:00,189.03419494628903,189.25,188.9499969482422,189.21499633789065,970210
2026-01-27 19:45:00,189.21499633789065,189.22000122070312,188.9499969482422,189.0101928710937,865686
2026-01-27 19:50:00,189.01499938964844,189.3300018310547,188.97999572753903,189.2899932861328,890615
2026-01-27 19:55:00,189.28500366210932,189.3999938964844,189.25,189.27999877929688,804705
2026-01-27 20:00:00,189.2700042724609,189.32000732421875,189.1300048828125,189.2949981689453,783262
2026-01-27 20:05:00,189.2962951660156,189.4199066162109,189.1999969482422,189.4149932861328,944732
2026-01-27 20:10:00,189.4102020263672,189.5399932861328,189.32000732421875,189.4750061035156,972574
2026-01-27 20:15:00,189.4750061035156,189.6999969482422,189.3999938964844,189.6954040527344,991859
2026-01-27 20:20:00,189.6999969482422,189.72000122070312,189.5399932861328,189.547103881836,831997
2026-01-27 20:25:00,189.5449981689453,189.5675048828125,189.3800048828125,189.4250030517578,803093
2026-01-27 20:30:00,189.4199981689453,189.42999267578125,189.22999572753903,189.2550048828125,849830
2026-01-27 20:35:00,189.259994506836,189.259994506836,189.01499938964844,189.1849975585937,1121170
2026-01-27 20:40:00,189.19000244140625,189.25,189.0800018310547,189.22999572753903,907203
2026-01-27 20:45:00,189.22000122070312,189.3099975585937,189.07000732421875,189.2700042724609,928425
2026-01-27 20:50:00,189.259994506836,189.259994506836,188.83999633789065,188.88999938964844,1378348
2026-01-27 20:55:00,188.88999938964844,188.97999572753903,188.4727935791016,188.5399932861328,2503073
2026-01-28 14:30:00,191.2899932861328,191.9600067138672,190.1300048828125,191.30990600585932,8520186
2026-01-28 14:35:00,191.2899932861328,191.83999633789065,190.42999267578125,191.76499938964844,2614411
2026-01-28 14:40:00,191.7707977294922,192.32899475097656,191.4720001220703,192.1499938964844,3154540
2026-01-28 14:45:00,192.13999938964844,192.1999969482422,191.2050018310547,191.3099975585937,2418662
2026-01-28 14:50:00,191.32000732421875,192.009994506836,191.2700042724609,191.8500061035156,1974279
2026-01-28 14:55:00,191.85499572753903,191.9900054931641,191.4698944091797,191.8699951171875,1609394
2026-01-28 15:00:00,191.8500061035156,192.3500061035156,191.7100067138672,191.76499938964844,1937597
2026-01-28 15:05:00,191.7749938964844,191.97999572753903,191.51499938964844,191.9698944091797,1611952
2026-01-28 15:10:00,191.9600067138672,191.9799041748047,191.44500732421875,191.4501037597656,1330006
2026-01-28 15:15:00,191.4600067138672,192.13999938964844,191.38999938964844,192.03500366210932,1752678
2026-01-28 15:20:00,192.03990173339844,192.1499938964844,191.56700134277344,191.82009887695312,1266506
2026-01-28 15:25:00,191.82009887695312,191.94500732421875,191.3999938964844,191.40499877929688,1315572
2026-01-28 15:30:00,191.40499877929688,191.83999633789065,191.16000366210932,191.1999969482422,1345908
2026-01-28 15:35:00,191.1999969482422,191.4149932861328,191.0599975585937,191.3650054931641,1403709
2026-01-28 15:40:00,191.3679962158203,191.3699951171875,191.01499938964844,191.19000244140625,1277045
2026-01-28 15:45:00,191.17999267578125,191.19369506835932,190.72300720214844,190.9250030517578,1537042
2026-01-28 15:50:00,190.9250030517578,191.2400054931641,190.91000366210932,191.1499938964844,1100874
2026-01-28 15:55:00,191.15499877929688,191.1636962890625,190.8300018310547,190.91000366210932,954870
2026-01-28 16:00:00,190.9199981689453,191.3699951171875,190.91000366210932,191.2949981689453,1046550
2026-01-28 16:05:00,191.29229736328125,191.659896850586,191.2400054931641,191.6499938964844,1255098
2026-01-28 16:10:00,191.6450042724609,191.8498992919922,191.5399932861328,191.8000030517578,1168254
2026-01-28 16:15:00,191.80740356445312,192.03990173339844,191.7001037597656,191.9949951171875,1375201
2026-01-28 16:20:00,191.9900054931641,192.00650024414065,191.5599975585937,191.67999267578125,1278336
2026-01-28 16:25:00,191.6819000244141,191.884994506836,191.58999633789065,191.77999877929688,1075967
2026-01-28 16:30:00,191.7700042724609,191.7700042724609,191.37350463867188,191.44419860839844,1117755
2026-01-28 16:35:00,191.4499969482422,191.5200042724609,191.1100006103516,191.110107421875,1282876
2026-01-28 16:40:00,191.1100006103516,191.1100006103516,190.4600067138672,190.47999572753903,1546943
2026-01-28 16:45:00,190.4900054931641,190.64990234375,190.1699981689453,190.3699951171875,1733783
2026-01-28 16:50:00,190.37950134277344,190.4398956298828,189.83999633789065,190.08990478515625,1935450
2026-01-28 16:55:00,190.0850067138672,190.52999877929688,190.0850067138672,190.27980041503903,1510675
2026-01-28 17:00:00,190.2700042724609,190.8350067138672,190.1699981689453,190.81500244140625,1186380
2026-01-28 17:05:00,190.8099975585937,190.875,190.67999267578125,190.7949981689453,817547
2026-01-28 17:10:00,190.8000030517578,190.9369964599609,190.6699981689453,190.92999267578125,659912
2026-01-28 17:15:00,190.9199981689453,191.16580200195312,190.91000366210932,191.16580200195312,785220
2026-01-28 17:20:00,191.16510009765625,191.17990112304688,190.8350067138672,190.86520385742188,865430
2026-01-28 17:25:00,190.8600006103516,191.1100006103516,190.77999877929688,191.0957946777344,727904
2026-01-28 17:30:00,191.0850067138672,191.25,190.9600067138672,190.9750061035156,813868
2026-01-28 17:35:00,190.9750061035156,191.09500122070312,190.94000244140625,190.9900054931641,591829
2026-01-28 17:40:00,190.98660278320312,191.42999267578125,190.8249969482422,191.4149932861328,1165121
2026-01-28 17:45:00,191.4199981689453,191.6000061035156,191.27999877929688,191.375,1038472
2026-01-28 17:50:00,191.375,191.69000244140625,191.2700042724609,191.65499877929688,854002
2026-01-28 17:55:00,191.65499877929688,191.7010040283203,191.47000122070312,191.6000061035156,806486
2026-01-28 18:00:00,191.60499572753903,191.75,191.3249969482422,191.6699981689453,828064
2026-01-28 18:05:00,191.66000366210932,191.7879943847656,191.4627990722656,191.5050048828125,666660
2026-01-28 18:10:00,191.509994506836,191.57989501953125,191.259994506836,191.57000732421875,726866
2026-01-28 18:15:00,191.56500244140625,191.67979431152344,191.47000122070312,191.5599975585937,554617
2026-01-28 18:20:00,191.5601043701172,191.75,191.5500030517578,191.62240600585932,632826
2026-01-28 18:25:00,191.62319946289065,191.77999877929688,191.52999877929688,191.72000122070312,610748
2026-01-28 18:30:00,191.7350006103516,191.8699951171875,191.6699981689453,191.7400054931641,717476
2026-01-28 18:35:00,191.7400054931641,191.8600006103516,191.6199951171875,191.7400054931641,668462
2026-01-28 18:40:00,191.72999572753903,191.8950042724609,191.67059326171875,191.7700042724609,690951
2026-01-28 18:45:00,191.78500366210932,191.8099975585937,191.6300048828125,191.6849975585937,625920
2026-01-28 18:50:00,191.67999267578125,191.9250030517578,191.6499938964844,191.8950042724609,804184
2026-01-28 18:55:00,191.8999938964844,191.9900054931641,191.8600006103516,191.9199981689453,881973
2026-01-28 19:00:00,191.92999267578125,192.2100067138672,191.4199981689453,191.8800048828125,1513892
2026-01-28 19:05:00,191.8800048828125,191.94000244140625,191.67010498046875,191.76499938964844,799123
2026-01-28 19:10:00,191.759994506836,191.9499969482422,191.5399932861328,191.6663055419922,959502
2026-01-28 19:15:00,191.6649932861328,191.6999969482422,191.4499969482422,191.63999938964844,852340
2026-01-28 19:20:00,191.63999938964844,191.75,191.3800048828125,191.6750030517578,728933
2026-01-28 19:25:00,191.67010498046875,191.8300018310547,191.47999572753903,191.5200042724609,808746
2026-01-28 19:30:00,191.509994506836,191.9199981689453,190.90370178222656,191.5751037597656,1949126
2026-01-28 19:35:00,191.5800018310547,192.32000732421875,191.47000122070312,191.89990234375,1509961
2026-01-28 19:40:00,191.8800048828125,191.9499969482422,191.4550018310547,191.67059326171875,1047009
2026-01-28 19:45:00,191.6766967773437,192.2700042724609,191.6430053710937,192.0565948486328,1222888
2026-01-28 19:50:00,192.0599975585937,192.17999267578125,191.92999267578125,192.1660003662109,1092042
2026-01-28 19:55:00,192.17010498046875,192.17999267578125,191.57000732421875,191.584701538086,833714
2026-01-28 20:00:00,191.5599975585937,191.94000244140625,191.5050048828125,191.90499877929688,886408
2026-01-28 20:05:00,191.91000366210932,192.1199951171875,191.8099975585937,192.1100006103516,763469
2026-01-28 20:10:00,192.10940551757807,192.1100006103516,191.8999938964844,192.0063018798828,774342
2026-01-28 20:15:00,192.0,192.0,191.63999938964844,191.81500244140625,1085664
2026-01-28 20:20:00,191.82000732421875,191.91000366210932,191.72999572753903,191.83999633789065,803872
2026-01-28 20:25:00,191.8457946777344,191.8500061035156,191.5500030517578,191.6230010986328,729322
2026-01-28 20:30:00,191.6199951171875,191.67999267578125,191.3000030517578,191.31500244140625,874358
2026-01-28 20:35:00,191.32000732421875,191.6199951171875,191.27999877929688,191.41000366210932,924398
2026-01-28 20:40:00,191.40499877929688,191.6199951171875,191.22999572753903,191.2449951171875,1076597
2026-01-28 20:45:00,191.2449951171875,191.32899475097656,191.1300048828125,191.22000122070312,996745
2026-01-28 20:50:00,191.22000122070312,191.6499938964844,190.8699951171875,191.6150054931641,1946358
2026-01-28 20:55:00,191.6199951171875,191.7899932861328,191.3500061035156,191.5399932861328,2986204
2026-01-29 14:30:00,191.33999633789065,193.47999572753903,191.2075042724609,192.8500061035156,6075128
2026-01-29 14:35:00,192.8300018310547,192.889892578125,190.72000122070312,190.9900054931641,3291276
2026-01-29 14:40:00,190.9808959960937,191.22000122070312,190.1499938964844,190.6100006103516,2603289
2026-01-29 14:45:00,190.9199981689453,191.94000244140625,190.58999633789065,191.69000244140625,2617306
2026-01-29 14:50:00,191.67999267578125,192.0800018310547,190.92010498046875,191.0850067138672,1900951
2026-01-29 14:55:00,191.07000732421875,191.509994506836,190.6999969482422,190.8000030517578,1678507
2026-01-29 15:00:00,190.8099975585937,190.83999633789065,188.82000732421875,189.52999877929688,3103070
2026-01-29 15:05:00,189.52999877929688,189.7599029541016,189.0901031494141,189.35009765625,2250719
2026-01-29 15:10:00,189.3600006103516,189.7100067138672,188.41000366210932,188.4398956298828,2208061
2026-01-29 15:15:00,188.44500732421875,189.1100006103516,188.3500061035156,188.759994506836,2040973
2026-01-29 15:20:00,188.7700042724609,189.6000061035156,188.6699981689453,189.3099975585937,1859262
2026-01-29 15:25:00,189.3300018310547,189.54649353027344,188.6699981689453,188.92999267578125,1401939
2026-01-29 15:30:00,188.92999267578125,189.0,188.1499938964844,188.3650054931641,1780733
2026-01-29 15:35:00,188.3699951171875,188.3999938964844,187.72999572753903,187.7400054931641,2048436
2026-01-29 15:40:00,187.759994506836,187.759994506836,186.89990234375,187.2250061035156,2168449
2026-01-29 15:45:00,187.22000122070312,187.53250122070312,186.92999267578125,186.9900054931641,1834875
2026-01-29 15:50:00,186.97999572753903,186.981201171875,186.0599975585937,186.17990112304688,2416348
2026-01-29 15:55:00,186.17999267578125,186.8600006103516,186.0800018310547,186.42979431152344,1844215
2026-01-29 16:00:00,186.42999267578125,186.6750030517578,186.1450042724609,186.3099975585937,1535564
2026-01-29 16:05:00,186.3099975585937,186.57000732421875,186.06350708007807,186.3600006103516,1576453
2026-01-29 16:10:00,186.3600006103516,187.17999267578125,186.08999633789065,187.1649932861328,1826559
2026-01-29 16:15:00,187.16000366210932,187.5500030517578,187.15499877929688,187.3999938964844,1769394
2026-01-29 16:20:00,187.40499877929688,187.91000366210932,187.40499877929688,187.66000366210932,1569647
2026-01-29 16:25:00,187.6499938964844,188.07000732421875,187.4550018310547,187.8350067138672,1442543
2026-01-29 16:30:00,187.8300018310547,188.1300048828125,187.7303009033203,187.8249969482422,1558095
2026-01-29 16:35:00,187.80499267578125,188.16000366210932,187.72999572753903,187.8249969482422,1057132
2026-01-29 16:40:00,187.82000732421875,188.02999877929688,187.69000244140625,187.9250030517578,972544
2026-01-29 16:45:00,187.92999267578125,188.47999572753903,187.8641967773437,188.0749969482422,1420797
2026-01-29 16:50:00,188.07000732421875,188.3249969482422,188.03250122070312,188.1699981689453,995229
2026-01-29 16:55:00,188.17999267578125,188.32000732421875,187.8520965576172,188.10499572753903,1008104
2026-01-29 17:00:00,188.1000061035156,188.6199951171875,188.0200042724609,188.34500122070312,1052434
2026-01-29 17:05:00,188.34500122070312,188.47999572753903,188.1199951171875,188.2899932861328,814142
2026-01-29 17:10:00,188.27999877929688,188.7899932861328,188.22999572753903,188.7250061035156,843159
2026-01-29 17:15:00,188.72999572753903,189.2899932861328,188.72000122070312,189.2100982666016,1301046
2026-01-29 17:20:00,189.22000122070312,189.76980590820312,189.1699981689453,189.5998992919922,1272233
2026-01-29 17:25:00,189.6000061035156,189.83999633789065,189.4199981689453,189.5449981689453,1282212
2026-01-29 17:30:00,189.5399932861328,189.8500061035156,189.4900054931641,189.7749938964844,1056174
2026-01-29 17:35:00,189.7749938964844,190.0050048828125,189.7400054931641,189.83189392089844,1164977
2026-01-29 17:40:00,189.8300018310547,189.8800048828125,189.46339416503903,189.66000366210932,1097819
2026-01-29 17:45:00,189.6699981689453,189.84500122070312,189.33999633789065,189.7700042724609,1010553
2026-01-29 17:50:00,189.759994506836,189.82000732421875,189.27999877929688,189.30499267578125,1034971
2026-01-29 17:55:00,189.2899932861328,189.50320434570312,189.1699981689453,189.33990478515625,989004
2026-01-29 18:00:00,189.33999633789065,190.3500061035156,189.32989501953125,190.2400054931641,1369743
2026-01-29 18:05:00,190.2400054931641,190.4499969482422,190.05499267578125,190.21499633789065,1051016
2026-01-29 18:10:00,190.21499633789065,190.69000244140625,190.1999969482422,190.6199951171875,1174218
2026-01-29 18:15:00,190.6100006103516,190.6450042724609,189.91000366210932,190.01499938964844,1066461
2026-01-29 18:20:00,190.0200042724609,190.19000244140625,189.8300018310547,190.1750030517578,928539
2026-01-29 18:25:00,190.1699981689453,190.2899932861328,190.0500030517578,190.05499267578125,791048
2026-01-29 18:30:00,190.0599975585937,190.1199951171875,189.77999877929688,189.8800048828125,869116
2026-01-29 18:35:00,189.8699951171875,190.1999969482422,189.7050018310547,190.19000244140625,936614
2026-01-29 18:40:00,190.1999969482422,190.4349975585937,190.13999938964844,190.2949981689453,950654
2026-01-29 18:45:00,190.3099975585937,190.3699951171875,190.1199951171875,190.3500061035156,717435
2026-01-29 18:50:00,190.35499572753903,190.52999877929688,190.2700042724609,190.360107421875,928310
2026-01-29 18:55:00,190.35499572753903,190.57000732421875,190.3175048828125,190.51499938964844,911970
2026-01-29 19:00:00,190.509994506836,190.6499938964844,190.16000366210932,190.2400054931641,923905
2026-01-29 19:05:00,190.2400054931641,190.77999877929688,190.2250061035156,190.49989318847656,924024
2026-01-29 19:10:00,190.4949951171875,190.58999633789065,190.41000366210932,190.5850067138672,587640
2026-01-29 19:15:00,190.58999633789065,190.7220001220703,190.4001007080078,190.4600067138672,691926
2026-01-29 19:20:00,190.4499969482422,190.52999877929688,190.3800048828125,190.4600067138672,487442
2026-01-29 19:25:00,190.46499633789065,190.5200042724609,190.3099975585937,190.3600006103516,500524
2026-01-29 19:30:00,190.3600006103516,190.5500030517578,190.1649932861328,190.19500732421875,877664
2026-01-29 19:35:00,190.2050018310547,190.3650054931641,190.0599975585937,190.3300018310547,636882
2026-01-29 19:40:00,190.32009887695312,190.52940368652344,190.1999969482422,190.2250061035156,681201
2026-01-29 19:45:00,190.22000122070312,190.3500061035156,190.0200042724609,190.0599975585937,580362
2026-01-29 19:50:00,190.1000061035156,190.6450042724609,190.07330322265625,190.5749969482422,852361
2026-01-29 19:55:00,190.57000732421875,190.77999877929688,190.5142059326172,190.5800018310547,881464
2026-01-29 20:00:00,190.5800018310547,190.7700042724609,190.4306030273437,190.4949951171875,1041680
2026-01-29 20:05:00,190.4974975585937,190.8500061035156,190.3699951171875,190.84500122070312,915104
2026-01-29 20:10:00,190.83999633789065,191.2899932861328,190.8099975585937,191.1300048828125,1260262
2026-01-29 20:15:00,191.1100006103516,191.4499969482422,191.08999633789065,191.3300018310547,1259028
2026-01-29 20:20:00,191.3302001953125,191.33999633789065,191.0599975585937,191.19009399414065,921673
2026-01-29 20:25:00,191.19000244140625,191.2949981689453,190.91000366210932,190.94500732421875,861821
2026-01-29 20:30:00,190.9349975585937,191.509994506836,190.8600006103516,191.2198944091797,1291079
2026-01-29 20:35:00,191.21499633789065,191.67999267578125,191.07000732421875,191.4499969482422,1615249
2026-01-29 20:40:00,191.4499969482422,191.6000061035156,190.9250030517578,190.9900054931641,1762574
2026-01-29 20:45:00,191.0,191.1999969482422,190.8800048828125,191.1199951171875,1127919
2026-01-29 20:50:00,191.1300048828125,191.9900054931641,191.1300048828125,191.8500061035156,2100326
2026-01-29 20:55:00,191.8500061035156,192.75,191.7700042724609,192.42999267578125,4711412
2026-01-30 14:30:00,191.21499633789065,192.5399932861328,190.9096069335937,192.3800048828125,5735499
2026-01-30 14:35:00,192.3500061035156,192.52999877929688,191.3999938964844,192.4568023681641,2142469
2026-01-30 14:40:00,192.44000244140625,192.97999572753903,192.0599975585937,192.3600006103516,2195638
2026-01-30 14:45:00,192.3500061035156,192.4416046142578,191.75010681152344,192.2299041748047,1821317
2026-01-30 14:50:00,192.22000122070312,192.88999938964844,192.0200042724609,192.14010620117188,1712876
2026-01-30 14:55:00,192.17999267578125,192.58999633789065,191.33999633789065,191.6199951171875,1746622
2026-01-30 15:00:00,191.6199951171875,192.25,191.44000244140625,191.9199981689453,1793959
2026-01-30 15:05:00,191.92999267578125,192.3800048828125,191.8099975585937,192.1450042724609,1335124
2026-01-30 15:10:00,192.14990234375,192.6499938964844,192.0399932861328,192.2301025390625,1487886
2026-01-30 15:15:00,192.22000122070312,193.2700042724609,192.17999267578125,192.972396850586,2307180
2026-01-30 15:20:00,192.97000122070312,193.42999267578125,192.5749969482422,192.6750030517578,2000928
2026-01-30 15:25:00,192.69000244140625,192.7550048828125,191.509994506836,191.65499877929688,1796356
2026-01-30 15:30:00,191.6450042724609,192.17999267578125,191.2250061035156,192.01939392089844,1626247
2026-02-02 19:00:00,189.8600006103516,190.08999633789065,189.72000122070312,190.06100463867188,282136
2026-02-02 19:05:00,190.034896850586,190.1000061035156,189.8329925537109,189.83999633789065,713056
2026-02-02 19:10:00,189.8300018310547,189.8885040283203,189.6199951171875,189.6499938964844,590683
2026-02-02 19:15:00,189.6450042724609,189.77999877929688,189.5800018310547,189.6750030517578,566608
2026-02-02 19:20:00,189.6750030517578,189.94830322265625,189.6300048828125,189.8800048828125,597144
2026-02-02 19:25:00,189.875,189.97999572753903,189.8101043701172,189.9199981689453,578041
2026-02-02 19:30:00,189.9149932861328,189.9600067138672,189.75070190429688,189.78500366210932,616635
2026-02-02 19:35:00,189.78990173339844,189.8099975585937,189.41000366210932,189.41000366210932,758052
2026-02-02 19:40:00,189.4199981689453,189.447006225586,188.9949951171875,189.00010681152344,936500
2026-02-02 19:45:00,189.0,189.009994506836,188.3600006103516,188.42999267578125,1307621
2026-02-02 19:50:00,188.4199981689453,188.4900054931641,187.9250030517578,188.1300048828125,1278086
2026-02-02 19:55:00,188.1300048828125,188.3000030517578,187.41000366210932,187.4349975585937,1446329
2026-02-02 20:00:00,187.44000244140625,187.6199951171875,187.0,187.0599975585937,2198466
2026-02-02 20:05:00,187.0449981689453,187.3350067138672,186.92999267578125,187.1849975585937,1933933
2026-02-02 20:10:00,187.19500732421875,187.63999938964844,187.02999877929688,187.0890045166016,1397693
2026-02-02 20:15:00,187.0874938964844,187.44000244140625,187.0200042724609,187.1100006103516,1412883
2026-02-02 20:20:00,187.1100006103516,187.2899932861328,186.77999877929688,186.8096923828125,1277342
2026-02-02 20:25:00,186.80499267578125,186.82000732421875,186.08009338378903,186.1750030517578,1834557
2026-02-02 20:30:00,186.1849975585937,186.3099975585937,185.8800048828125,186.125,2224932
2026-02-02 20:35:00,186.1300048828125,186.1999969482422,185.92999267578125,186.0800018310547,1438768
2026-02-02 20:40:00,186.0800018310547,186.1000061035156,185.509994506836,185.69500732421875,2099101
2026-02-02 20:45:00,185.69500732421875,185.82000732421875,185.5500030517578,185.6150054931641,1416086
2026-02-02 20:50:00,185.6199951171875,185.6300048828125,184.8800048828125,185.47000122070312,3804034
2026-02-02 20:55:00,185.47999572753903,185.88999938964844,185.38999938964844,185.69000244140625,3593371
2026-02-03 14:30:00,186.2350006103516,186.2400054931641,184.009994506836,184.1699066162109,5994530
2026-02-03 14:35:00,184.1300048828125,184.41000366210932,183.4600067138672,183.55499267578125,4149244
2026-02-03 14:40:00,183.55929565429688,184.259994506836,182.77999877929688,183.4199981689453,3207730
2026-02-03 14:45:00,183.4600067138672,184.2350006103516,183.33999633789065,183.8000030517578,2306769
2026-02-03 14:50:00,183.80499267578125,183.80499267578125,182.8699951171875,182.884994506836,1982608
2026-02-03 14:55:00,182.884994506836,182.97000122070312,181.5,181.8300018310547,3378603
2026-02-03 15:00:00,181.83999633789065,182.0,181.08999633789065,181.5059051513672,3141374
2026-02-03 15:05:00,181.509994506836,181.8699951171875,180.3999938964844,181.0,3090701
2026-02-03 15:10:00,181.009994506836,181.3500061035156,180.52999877929688,180.72000122070312,2199739
2026-02-03 15:15:00,180.6999969482422,181.0200042724609,180.13999938964844,180.7198944091797,2290705
2026-02-03 15:20:00,180.72000122070312,180.8800048828125,179.55999755859375,179.66000366210938,2748968
2026-02-03 15:25:00,179.66000366210938,180.3800048828125,179.6300048828125,180.2998962402344,2273695
2026-02-03 15:30:00,180.27999877929688,180.52999877929688,179.77000427246094,179.83999633789062,1948987
2026-02-03 15:35:00,179.8477020263672,180.44000244140625,179.7100067138672,180.3000030517578,1818107
2026-02-03 15:40:00,180.2899932861328,180.509994506836,179.97999572753906,180.13499450683594,1412307
2026-02-03 15:45:00,180.125,180.6499938964844,179.79010009765625,180.63999938964844,1696337
2026-02-03 15:50:00,180.6450042724609,180.9600067138672,180.02999877929688,180.384994506836,1584985
2026-02-03 15:55:00,180.38999938964844,180.7799072265625,180.3000030517578,180.7599029541016,1406716
2026-02-03 16:00:00,180.759994506836,180.8300018310547,179.89999389648438,179.92799377441406,1370565
2026-02-03 16:05:00,179.93499755859375,180.2277069091797,179.64500427246094,179.66000366210938,1545902
2026-02-03 16:10:00,179.63999938964844,180.1699981689453,179.38999938964844,179.75999450683594,1862008
2026-02-03 16:15:00,179.75,179.97000122070312,179.6300048828125,179.7100067138672,996937
2026-02-03 16:20:00,179.6999969482422,179.86000061035156,179.2899932861328,179.30499267578125,1395783
2026-02-03 16:25:00,179.30499267578125,179.5399932861328,179.0800018310547,179.10000610351562,1420989
2026-02-03 16:30:00,179.09010314941406,179.8000030517578,179.09010314941406,179.69000244140625,1454518
2026-02-03 16:35:00,179.69500732421875,179.9499969482422,179.61000061035156,179.8249969482422,1215296
2026-02-03 16:40:00,179.82000732421875,180.19000244140625,179.80499267578125,180.09500122070312,1145268
2026-02-03 16:45:00,180.08999633789062,180.47520446777344,180.0399932861328,180.22000122070312,1162300
2026-02-03 16:50:00,180.22000122070312,180.42999267578125,179.92999267578125,180.32000732421875,1046223
2026-02-03 16:55:00,180.3101959228516,180.4900054931641,180.0500030517578,180.0749969482422,1070676
2026-02-03 17:00:00,180.07000732421875,180.1199951171875,179.7899932861328,179.80999755859375,1006678
2026-02-03 17:05:00,179.81979370117188,179.9499969482422,179.63499450683594,179.86500549316406,985303
2026-02-03 17:10:00,179.84500122070312,179.94000244140625,179.11000061035156,179.38009643554688,1310817
2026-02-03 17:15:00,179.3800048828125,179.72999572753906,179.28500366210938,179.5449981689453,1166017
2026-02-03 17:20:00,179.5399932861328,180.16000366210932,179.3699951171875,180.16000366210932,1151190
2026-02-03 17:25:00,180.16000366210932,180.3999938964844,179.97999572753906,180.00010681152344,912299
2026-02-03 17:30:00,180.0,180.0749969482422,179.4499969482422,179.4600067138672,994020
2026-02-03 17:35:00,179.4600067138672,179.6199951171875,179.17999267578125,179.4949951171875,1086958
2026-02-03 17:40:00,179.5,179.5800018310547,179.14999389648438,179.4499969482422,1179541
2026-02-03 17:45:00,179.4492950439453,179.47000122070312,179.14999389648438,179.1699981689453,1185150
2026-02-03 17:50:00,179.1999969482422,179.25,178.72000122070312,178.97999572753906,1836566
2026-02-03 17:55:00,178.99000549316406,179.02000427246094,178.64999389648438,178.8699951171875,989444
2026-02-03 18:00:00,178.8699951171875,179.16990661621094,178.81019592285156,179.06500244140625,999026
2026-02-03 18:05:00,179.06500244140625,179.72000122070312,179.0070037841797,179.44500732421875,1213038
2026-02-03 18:10:00,179.42999267578125,179.42999267578125,178.88999938964844,178.9199981689453,919334
2026-02-03 18:15:00,178.9199981689453,179.27000427246094,178.77499389648438,179.23500061035156,969660
2026-02-03 18:20:00,179.23500061035156,179.3249969482422,179.0,179.08999633789062,772916
2026-02-03 18:25:00,179.0850067138672,179.17999267578125,178.64999389648438,179.1584930419922,38633502
2026-02-03 18:30:00,179.14500427246094,179.1697998046875,178.50999450683594,178.8302001953125,0
2026-02-03 18:35:00,178.85000610351562,179.16000366210938,178.7100067138672,179.13510131835938,842163
2026-02-03 18:40:00,179.13499450683594,179.13499450683594,178.72000122070312,178.8300018310547,1000947
2026-02-03 18:45:00,178.82000732421875,178.8699951171875,178.5800018310547,178.80499267578125,866162
2026-02-03 18:50:00,178.80499267578125,178.8300018310547,178.54010009765625,178.6300048828125,828177
2026-02-03 18:55:00,178.64500427246094,178.82989501953125,178.41000366210938,178.42999267578125,909897
2026-02-03 19:00:00,178.4199981689453,178.46969604492188,178.08999633789062,178.1199951171875,1240469
2026-02-03 19:05:00,178.1300048828125,178.3800048828125,178.0500030517578,178.26499938964844,1084116
2026-02-03 19:10:00,178.25999450683594,179.36990356445312,178.19009399414062,179.35000610351562,1286457
2026-02-03 19:15:00,179.35000610351562,179.4600067138672,179.1199951171875,179.30999755859375,1023627
2026-02-03 19:20:00,179.3000030517578,179.52000427246094,178.55499267578125,178.5850067138672,1092558
2026-02-03 19:25:00,178.58889770507812,178.92999267578125,178.3699951171875,178.69500732421875,1276549
2026-02-03 19:30:00,178.6750030517578,179.02000427246094,177.85000610351562,177.86000061035156,2006731
2026-02-03 19:35:00,177.85549926757812,178.02999877929688,177.61500549316406,177.65499877929688,1457565
2026-02-03 19:40:00,177.63999938964844,177.67999267578125,176.9600067138672,176.97000122070312,2032591
2026-02-03 19:45:00,176.96499633789062,177.0399932861328,176.42999267578125,176.43499755859375,2297359
2026-02-03 19:50:00,176.43499755859375,176.9250030517578,176.22999572753906,176.89930725097656,2092037
2026-02-03 19:55:00,176.8699951171875,177.9499969482422,176.8699951171875,177.8699951171875,1963912
2026-02-03 20:00:00,177.8699951171875,178.14999389648438,177.529296875,177.5800018310547,1420370
2026-02-03 20:05:00,177.58999633789062,178.0800018310547,177.57000732421875,177.80499267578125,1160755
2026-02-03 20:10:00,177.8000030517578,177.9499969482422,177.6199951171875,177.92999267578125,1116018
2026-02-03 20:15:00,177.88999938964844,178.8000030517578,177.61000061035156,178.52650451660156,1663158
2026-02-03 20:20:00,178.52639770507812,178.82000732421875,178.2100067138672,178.8000030517578,1121124
2026-02-03 20:25:00,178.81939697265625,178.98500061035156,178.67999267578125,178.69700622558594,1240431
2026-02-03 20:30:00,178.69509887695312,179.4499969482422,178.67999267578125,179.4250030517578,1278198
2026-02-03 20:35:00,179.42999267578125,179.875,179.39999389648438,179.73989868164062,1406169
2026-02-03 20:40:00,179.74000549316406,179.75999450683594,179.1699981689453,179.5749969482422,1522884
2026-02-03 20:45:00,179.57000732421875,179.9499969482422,179.39999389648438,179.85000610351562,1497181
2026-02-03 20:50:00,179.86000061035156,180.3800048828125,179.52000427246094,180.2899932861328,2490363
2026-02-03 20:55:00,180.2899932861328,180.4850006103516,180.19000244140625,180.3300018310547,3834845
2026-02-04 14:30:00,179.44000244140625,179.56500244140625,177.1999969482422,177.97000122070312,5316437
2026-02-04 14:35:00,177.94000244140625,179.47999572753906,177.57000732421875,179.38499450683594,2428041
2026-02-04 14:40:00,179.38589477539062,179.39149475097656,178.57000732421875,179.2100067138672,1667524
2026-02-04 14:45:00,179.2100067138672,179.57000732421875,178.58999633789062,179.07899475097656,1697720
2026-02-04 14:50:00,179.0800018310547,179.1999969482422,178.27999877929688,178.8699951171875,1764265
2026-02-04 14:55:00,178.8800048828125,179.0,177.66000366210938,177.77000427246094,1964189
2026-02-04 15:00:00,177.75,177.75,176.6699981689453,176.91009521484375,2469781
2026-02-04 15:05:00,176.94000244140625,177.8498992919922,176.6199951171875,177.83299255371094,2653287
2026-02-04 15:10:00,177.8441925048828,178.1300048828125,177.47000122070312,178.0,1969512
2026-02-04 15:15:00,178.02000427246094,178.1300048828125,177.00999450683594,177.06829833984375,1479681
2026-02-04 15:20:00,177.07000732421875,178.02000427246094,176.84500122070312,177.8300018310547,1988631
2026-02-04 15:25:00,177.8300018310547,177.92999267578125,177.02999877929688,177.19520568847656,1400269
2026-02-04 15:30:00,177.1999969482422,177.3699951171875,176.16000366210938,176.26499938964844,1786358
2026-02-04 15:35:00,176.27000427246094,177.05999755859375,175.66000366210938,176.67999267578125,2716165
2026-02-04 15:40:00,176.6999969482422,177.55999755859375,176.3699951171875,176.89999389648438,1812349
2026-02-04 15:45:00,176.9199981689453,177.02000427246094,176.24000549316406,176.3800048828125,1352678
2026-02-04 15:50:00,176.36500549316406,176.8300018310547,176.14100646972656,176.42999267578125,1360682
2026-02-04 15:55:00,176.4250030517578,176.52499389648438,175.8000030517578,175.8699951171875,1434797
2026-02-04 16:00:00,175.8800048828125,176.02000427246094,174.61000061035156,174.63999938964844,2607502
2026-02-04 16:05:00,174.66000366210938,175.27999877929688,174.57000732421875,174.7899932861328,1918648
2026-02-04 16:10:00,174.7899932861328,175.52870178222656,174.5800018310547,175.3551025390625,1624553
2026-02-04 16:15:00,175.39999389648438,175.58999633789062,174.57000732421875,174.61500549316406,1381101
2026-02-04 16:20:00,174.61000061035156,175.35000610351562,174.4842071533203,175.2899932861328,1601708
2026-02-04 16:25:00,175.27499389648438,175.63499450683594,175.1699981689453,175.25,1356434
2026-02-04 16:30:00,175.24000549316406,175.3000030517578,174.74000549316406,174.8300018310547,1060929
2026-02-04 16:35:00,174.85000610351562,174.9499969482422,174.35000610351562,174.41000366210938,1437682
2026-02-04 16:40:00,174.41000366210938,174.47999572753906,173.66000366210938,173.6898956298828,1644412
2026-02-04 16:45:00,173.69000244140625,173.7270050048828,173.27000427246094,173.4949951171875,1739010
2026-02-04 16:50:00,173.50999450683594,174.0345001220703,173.39999389648438,173.94000244140625,1698832
2026-02-04 16:55:00,173.9499969482422,174.72999572753906,173.85499572753906,174.64999389648438,1628365
2026-02-04 17:00:00,174.63999938964844,174.97000122070312,174.25999450683594,174.92999267578125,1316217
2026-02-04 17:05:00,174.94000244140625,175.1199951171875,174.6999969482422,174.9398956298828,1226736
2026-02-04 17:10:00,174.94000244140625,175.17999267578125,174.4600067138672,175.06500244140625,1251189
2026-02-04 17:15:00,175.05999755859375,175.11000061035156,174.47000122070312,174.57000732421875,972207
2026-02-04 17:20:00,174.5767059326172,174.6300048828125,174.1199951171875,174.27000427246094,1131881
2026-02-04 17:25:00,174.2698974609375,174.3000030517578,173.32000732421875,173.35000610351562,1481729
2026-02-04 17:30:00,173.33999633789062,173.91000366210938,173.1300048828125,173.25999450683594,1778512
2026-02-04 17:35:00,173.26339721679688,173.26339721679688,172.3227996826172,172.3699951171875,2167115
2026-02-04 17:40:00,172.36000061035156,172.74000549316406,172.11000061035156,172.6750030517578,1725779
2026-02-04 17:45:00,172.6699981689453,172.72000122070312,172.09500122070312,172.1699981689453,1439299
2026-02-04 17:50:00,172.14999389648438,172.68499755859375,171.91000366210938,172.6699981689453,2265597
2026-02-04 17:55:00,172.6699981689453,173.3000030517578,172.6300048828125,173.2902069091797,1576249
2026-02-04 18:00:00,173.3000030517578,173.5449981689453,173.0500030517578,173.5449981689453,1113423
2026-02-04 18:05:00,173.5301971435547,173.69500732421875,172.5050048828125,172.52999877929688,1523815
2026-02-04 18:10:00,172.50999450683594,173.1199951171875,172.4199981689453,173.0216064453125,1483678
2026-02-04 18:15:00,173.02999877929688,173.31500244140625,172.75999450683594,172.80499267578125,1022150
2026-02-04 18:20:00,172.80999755859375,173.52999877929688,172.77000427246094,173.52499389648438,1197380
2026-02-04 18:25:00,173.52000427246094,174.32000732421875,173.52000427246094,174.12660217285156,1618013
2026-02-04 18:30:00,174.13999938964844,174.14590454101562,173.27499389648438,173.47549438476562,1206017
2026-02-04 18:35:00,173.49000549316406,173.72999572753906,173.33999633789062,173.50999450683594,997821
2026-02-04 18:40:00,173.5050048828125,173.97999572753906,173.3699951171875,173.57000732421875,967989
2026-02-04 18:45:00,173.55999755859375,173.5800018310547,173.18499755859375,173.1999969482422,863141
2026-02-04 18:50:00,173.19000244140625,173.82789611816406,172.89999389648438,173.75,983801
2026-02-04 18:55:00,173.74000549316406,174.2949981689453,173.72999572753906,174.10000610351562,1313892
2026-02-04 19:00:00,174.08999633789062,174.39500427246094,174.0399932861328,174.13499450683594,1221847
2026-02-04 19:05:00,174.1199951171875,174.3699951171875,173.66990661621094,174.28500366210938,1394415
2026-02-04 19:10:00,174.2899932861328,174.5,174.11000061035156,174.4199981689453,963413
2026-02-04 19:15:00,174.41000366210938,174.96499633789062,174.39999389648438,174.7115936279297,1233849
2026-02-04 19:20:00,174.71499633789062,174.9499969482422,174.33999633789062,174.6999969482422,1090921
2026-02-04 19:25:00,174.7100067138672,175.00999450683594,174.55140686035156,174.94009399414062,1050510
2026-02-04 19:30:00,174.92999267578125,175.36500549316406,174.91000366210938,175.35000610351562,1376148
2026-02-04 19:35:00,175.36000061035156,175.44000244140625,174.8699951171875,174.92999267578125,1134046
2026-02-04 19:40:00,174.94000244140625,175.52000427246094,174.8699951171875,175.05999755859375,1140985
2026-02-04 19:45:00,175.0500030517578,175.9499969482422,174.96499633789062,175.55990600585938,1629467
2026-02-04 19:50:00,175.55999755859375,175.92999267578125,175.41000366210938,175.5399932861328,1369216
2026-02-04 19:55:00,175.5399932861328,175.97999572753906,175.51499938964844,175.9550018310547,1108307
2026-02-04 20:00:00,175.9499969482422,176.13999938964844,175.0850067138672,175.13499450683594,1281286
2026-02-04 20:05:00,175.1300048828125,175.36000061035156,175.11000061035156,175.2949981689453,948471
2026-02-04 20:10:00,175.30499267578125,175.38999938964844,174.25,174.27999877929688,1763804
2026-02-04 20:15:00,174.3000030517578,174.97000122070312,174.27000427246094,174.93499755859375,1098071
2026-02-04 20:20:00,174.94000244140625,175.5050048828125,174.8249969482422,175.34500122070312,1241579
2026-02-04 20:25:00,175.3415069580078,175.5050048828125,175.2100067138672,175.27099609375,1223058
2026-02-04 20:30:00,175.27110290527344,175.50999450683594,175.10000610351562,175.44000244140625,1363754
2026-02-04 20:35:00,175.47000122070312,175.625,175.10499572753906,175.62249755859375,1154762
2026-02-04 20:40:00,175.625,175.8800048828125,175.3699951171875,175.52349853515625,1121191
2026-02-04 20:45:00,175.52499389648438,175.88499450683594,175.13999938964844,175.80999755859375,1255717
2026-02-04 20:50:00,175.80999755859375,175.88999938964844,174.60000610351562,174.81500244140625,2083713
2026-02-04 20:55:00,174.80999755859375,174.8300018310547,174.19500732421875,174.1999969482422,4552323
2026-02-05 14:30:00,174.9250030517578,175.50999450683594,173.68499755859375,175.25999450683594,7645513
2026-02-05 14:35:00,175.25,175.75999450683594,174.66000366210938,175.1300048828125,2854015
2026-02-05 14:40:00,175.1699981689453,175.5399932861328,174.44000244140625,175.25,2719064
2026-02-05 14:45:00,175.24000549316406,176.8000030517578,175.1999969482422,176.77999877929688,3412182
2026-02-05 14:50:00,176.75999450683594,176.80999755859375,175.02000427246094,175.1300048828125,2645947
2026-02-05 14:55:00,175.17999267578125,175.39999389648438,173.64999389648438,173.88999938964844,2571296
2026-02-05 15:00:00,173.89999389648438,174.22999572753906,173.02000427246094,173.14999389648438,2396919
2026-02-05 15:05:00,173.17999267578125,173.47999572753906,172.5749969482422,173.22000122070312,2132962
2026-02-05 15:10:00,173.1999969482422,173.49000549316406,171.4199981689453,171.4600067138672,2669457
2026-02-05 15:15:00,171.4600067138672,172.8000030517578,171.30999755859375,172.4001007080078,2470727
2026-02-05 15:20:00,172.39500427246094,172.6885986328125,171.86000061035156,172.17999267578125,2049139
2026-02-05 15:25:00,172.1699981689453,172.8000030517578,171.4633026123047,171.5850067138672,1989362
2026-02-05 15:30:00,171.5800018310547,172.2899932861328,171.44000244140625,171.82009887695312,1754688
2026-02-05 15:35:00,171.8450927734375,173.25509643554688,171.6999969482422,173.08999633789062,1852731
2026-02-05 15:40:00,173.08999633789062,173.42999267578125,172.50999450683594,173.0,1949776
2026-02-05 15:45:00,172.97000122070312,173.0800018310547,171.94500732421875,172.20509338378906,1532026
2026-02-05 15:50:00,172.2050018310547,173.4600067138672,172.14089965820312,173.0800018310547,1666648
2026-02-05 15:55:00,173.0800018310547,173.2100067138672,172.52499389648438,173.17999267578125,1501594
2026-02-05 16:00:00,173.1999969482422,173.28660583496094,172.51499938964844,172.51499938964844,1181338
2026-02-05 16:05:00,172.5,172.6750030517578,172.0399932861328,172.1649932861328,1409395
2026-02-05 16:10:00,172.14999389648438,172.53810119628906,171.82000732421875,172.13999938964844,1401122
2026-02-05 16:15:00,172.13999938964844,173.14999389648438,172.125,173.07000732421875,1255355
2026-02-05 16:20:00,173.07359313964844,173.4600067138672,172.77000427246094,173.24000549316406,1362842
2026-02-05 16:25:00,173.24000549316406,174.25999450683594,173.22999572753906,174.2550048828125,1914738
2026-02-05 16:30:00,174.27000427246094,175.24000549316406,174.17999267578125,175.2154998779297,2153642
2026-02-05 16:35:00,175.22000122070312,175.23519897460938,174.63999938964844,174.8699951171875,1515919
2026-02-05 16:40:00,174.8699951171875,175.0500030517578,174.47000122070312,174.80990600585938,1163184
2026-02-05 16:45:00,174.7899932861328,175.19500732421875,174.3800048828125,175.17320251464844,1249308
2026-02-05 16:50:00,175.17999267578125,175.59500122070312,175.17649841308594,175.22999572753906,1588188
2026-02-05 16:55:00,175.25999450683594,175.52499389648438,174.69000244140625,175.2100067138672,1110394
2026-02-05 17:00:00,175.2100067138672,175.23660278320312,174.3800048828125,174.67649841308594,1035584
2026-02-05 17:05:00,174.64999389648438,174.97999572753906,174.50999450683594,174.78500366210938,881056
2026-02-05 17:10:00,174.77999877929688,174.9600067138672,174.44000244140625,174.85940551757812,858079
2026-02-05 17:15:00,174.85000610351562,175.08999633789062,174.61000061035156,174.62649536132812,752129
2026-02-05 17:20:00,174.61500549316406,175.44000244140625,174.47999572753906,175.43150329589844,980894
2026-02-05 17:25:00,175.44000244140625,175.77479553222656,175.25,175.28500366210938,1117122
2026-02-05 17:30:00,175.29989624023438,175.5,174.9600067138672,175.03990173339844,831148
2026-02-05 17:35:00,175.06500244140625,175.38510131835938,174.94479370117188,175.3000030517578,645094
2026-02-05 17:40:00,175.28500366210938,175.6999969482422,175.1999969482422,175.35699462890625,958880
2026-02-05 17:45:00,175.39999389648438,175.6649932861328,174.89999389648438,174.9438018798828,1092207
2026-02-05 17:50:00,174.9199981689453,175.2899932861328,174.72000122070312,175.125,794358
2026-02-05 17:55:00,175.12989807128906,175.1750030517578,174.77999877929688,174.9600067138672,746879
2026-02-05 18:00:00,174.9499969482422,175.3699951171875,174.92999267578125,175.0749969482422,811605
2026-02-05 18:05:00,175.05999755859375,175.11990356445312,174.75999450683594,174.8000030517578,792570
2026-02-05 18:10:00,174.7899932861328,174.94000244140625,174.60000610351562,174.77999877929688,763567
2026-02-05 18:15:00,174.7899932861328,174.8699951171875,174.52000427246094,174.5800018310547,721678
2026-02-05 18:20:00,174.57000732421875,174.66000366210938,174.02000427246094,174.17999267578125,997670
2026-02-05 18:25:00,174.1999969482422,174.47999572753906,174.05999755859375,174.3300018310547,753690
2026-02-05 18:30:00,174.30999755859375,174.74000549316406,174.08299255371094,174.3000030517578,909710
2026-02-05 18:35:00,174.29299926757812,174.32000732421875,173.72000122070312,173.78500366210938,941391
2026-02-05 18:40:00,173.77000427246094,173.89999389648438,173.57000732421875,173.7554931640625,848719
2026-02-05 18:45:00,173.72999572753906,173.88099670410156,173.22999572753906,173.3350067138672,843353
2026-02-05 18:50:00,173.2899932861328,173.41000366210938,173.13999938964844,173.2969970703125,855404
2026-02-05 18:55:00,173.3000030517578,173.33999633789062,173.07000732421875,173.2050018310547,796054
2026-02-05 19:00:00,173.19500732421875,173.39999389648438,172.89999389648438,173.25999450683594,1110254
2026-02-05 19:05:00,173.27000427246094,173.8000030517578,173.27000427246094,173.639892578125,979791
2026-02-05 19:10:00,173.64999389648438,174.2100067138672,173.61500549316406,174.04010009765625,1049745
2026-02-05 19:15:00,174.05999755859375,174.3800048828125,173.985107421875,174.27000427246094,926017
2026-02-05 19:20:00,174.25999450683594,174.4250030517578,173.98199462890625,174.3798065185547,890032
2026-02-05 19:25:00,174.36000061035156,174.36000061035156,173.57009887695312,173.6699981689453,1016353
2026-02-05 19:30:00,173.65499877929688,173.67999267578125,172.77999877929688,173.05499267578125,1059899
2026-02-05 19:35:00,173.072998046875,173.42210388183594,172.9499969482422,173.22000122070312,855457
2026-02-05 19:40:00,173.22000122070312,173.3101043701172,172.97000122070312,173.08999633789062,739177
2026-02-05 19:45:00,173.0800018310547,173.25,172.80499267578125,172.8800048828125,682992
2026-02-05 19:50:00,172.89999389648438,173.1699981689453,172.74000549316406,172.9149932861328,867303
2026-02-05 19:55:00,172.9149932861328,173.2100067138672,172.8249969482422,173.19000244140625,854178
2026-02-05 20:00:00,173.1750030517578,173.4499969482422,172.9700927734375,173.42999267578125,810556
2026-02-05 20:05:00,173.41510009765625,174.0850067138672,173.30999755859375,173.9550018310547,993536
2026-02-05 20:10:00,173.94000244140625,174.22000122070312,173.4149932861328,173.53500366210938,1001186
2026-02-05 20:15:00,173.52999877929688,173.55499267578125,173.0,173.125,922180
2026-02-05 20:20:00,173.12100219726562,173.22000122070312,172.5399932861328,172.67999267578125,1163247
2026-02-05 20:25:00,172.69000244140625,172.72999572753906,172.1699981689453,172.26010131835938,1291660
2026-02-05 20:30:00,172.25,172.4499969482422,172.02999877929688,172.1999969482422,1332530
2026-02-05 20:35:00,172.2100067138672,172.4499969482422,172.0709991455078,172.32000732421875,932802
2026-02-05 20:40:00,172.3300018310547,172.5,171.86000061035156,172.05999755859375,1499421
2026-02-05 20:45:00,172.0500030517578,172.17999267578125,171.67999267578125,171.90499877929688,1324791
2026-02-05 20:50:00,171.9600067138672,172.02000427246094,171.02999877929688,171.70010375976562,2541417
2026-02-05 20:55:00,171.7100067138672,172.1199951171875,171.35499572753906,171.82000732421875,3952684
2026-02-06 14:30:00,176.69000244140625,177.6699981689453,174.60000610351562,177.4801025390625,9381951
2026-02-06 14:35:00,177.49000549316406,178.33999633789062,176.75999450683594,178.3101043701172,3420554
2026-02-06 14:40:00,178.80999755859375,178.97999572753906,177.9600067138672,178.4949951171875,1684526
2026-02-06 14:45:00,180.41000366210932,180.88999938964844,180.19070434570312,180.59500122070312,7550146
2026-02-06 14:50:00,180.6100006103516,181.72000122070312,180.33999633789065,181.259994506836,3691213
2026-02-06 14:55:00,181.25,181.3999938964844,180.22999572753903,180.5569000244141,3012221
2026-02-06 15:00:00,180.57000732421875,180.9499969482422,179.52999877929688,179.55029296875,2913607
2026-02-06 15:05:00,179.5500030517578,180.07000732421875,179.4600067138672,179.92999267578125,2310106
2026-02-06 15:10:00,179.9199981689453,180.47999572753903,179.47999572753906,180.0449981689453,2164814
2026-02-06 15:15:00,180.02850341796875,181.1100006103516,179.85000610351562,181.0500030517578,2202869
2026-02-06 15:20:00,181.07000732421875,182.0200042724609,180.8099975585937,181.4700927734375,2789386
2026-02-06 15:25:00,181.47000122070312,182.884994506836,181.3500061035156,182.6499938964844,2871205
2026-02-06 15:30:00,182.6425018310547,182.9900054931641,181.9501037597656,182.88999938964844,2808343
2026-02-06 15:35:00,182.8999938964844,182.94000244140625,182.10499572753903,182.34500122070312,2005261
2026-02-06 15:40:00,182.3500061035156,182.6100006103516,181.9250030517578,182.52999877929688,1750762
2026-02-06 15:55:00,182.634994506836,182.8500061035156,182.47000122070312,182.84500122070312,5439009
2026-02-06 16:00:00,182.8500061035156,183.47999572753903,182.5500030517578,183.46499633789065,1962660
2026-02-06 16:05:00,183.47000122070312,183.5200042724609,183.19000244140625,183.51499938964844,789482
2026-02-06 16:10:00,184.22999572753903,184.25,184.07000732421875,184.13009643554688,3158791
2026-02-06 16:15:00,183.6699981689453,183.68960571289065,183.57000732421875,183.5850067138672,2117879
2026-02-06 16:20:00,183.6300048828125,183.8300018310547,183.22999572753903,183.3249969482422,1692894
2026-02-06 16:25:00,183.3300018310547,183.9850006103516,183.22000122070312,183.97999572753903,1529404
2026-02-06 16:30:00,183.97999572753903,184.05990600585932,183.5200042724609,183.9900054931641,1963526
2026-02-06 16:35:00,184.0,184.28990173339844,183.94000244140625,184.1000061035156,1286472
2026-02-06 16:40:00,184.09500122070312,184.3500061035156,183.57000732421875,183.64990234375,1512350
2026-02-06 16:45:00,183.6450042724609,183.7769927978516,183.2400054931641,183.4698944091797,1858380
2026-02-06 16:50:00,183.47000122070312,183.72000122070312,183.3099975585937,183.39649963378903,928986
2026-02-06 16:55:00,183.38999938964844,183.5200042724609,182.91000366210932,183.2400054931641,2069191
2026-02-06 17:00:00,183.27999877929688,183.3800048828125,182.9349975585937,183.3401031494141,1208779
2026-02-06 17:05:00,183.3500061035156,183.75,183.33999633789065,183.7198944091797,972435
2026-02-06 17:10:00,183.75,183.8699951171875,183.3699951171875,183.66000366210932,944119
2026-02-06 17:15:00,183.6499938964844,184.1999969482422,183.47999572753903,184.0249938964844,1026074
2026-02-06 17:20:00,184.0200042724609,184.19000244140625,183.8999938964844,184.0500946044922,940825
2026-02-06 17:25:00,184.05499267578125,184.6450042724609,184.02040100097656,184.5312042236328,1506232
2026-02-06 17:30:00,184.5200042724609,185.15499877929688,184.5200042724609,185.13999938964844,2483404
2026-02-06 17:35:00,185.1495056152344,185.1699981689453,184.6999969482422,184.8099975585937,1574108
2026-02-06 17:40:00,184.81500244140625,185.1699981689453,184.7400054931641,184.7400054931641,1087210
2026-02-06 17:45:00,184.7480010986328,185.1100006103516,184.51499938964844,184.5749969482422,1211534
2026-02-06 17:50:00,184.57000732421875,184.7700042724609,184.3600006103516,184.42990112304688,1164382
2026-02-06 17:55:00,184.3999938964844,184.69000244140625,184.38999938964844,184.4850006103516,881375
2026-02-06 18:00:00,184.4900054931641,184.78500366210932,184.38999938964844,184.7449951171875,1042174
2026-02-06 18:05:00,184.72999572753903,184.7400054931641,184.2100067138672,184.2949981689453,700738
2026-02-06 18:10:00,184.3699951171875,184.47999572753903,184.36019897460932,184.4499053955078,248692
2026-02-06 18:15:00,184.6999969482422,184.9199981689453,184.509994506836,184.88999938964844,1581320
2026-02-06 18:20:00,184.88999938964844,184.88999938964844,184.5399932861328,184.5399932861328,725693
2026-02-06 18:25:00,184.53500366210932,184.5894012451172,184.259994506836,184.5102996826172,979804
2026-02-06 18:30:00,184.5135040283203,184.6300048828125,184.26300048828125,184.3650054931641,716751
2026-02-06 18:35:00,184.3650054931641,184.65499877929688,184.36160278320312,184.6199951171875,757393
2026-02-06 18:40:00,184.610107421875,184.7599029541016,184.5249938964844,184.57009887695312,654427
2026-02-06 18:45:00,184.57749938964844,185.0,184.5599975585937,184.8600006103516,969535
2026-02-06 18:50:00,184.85659790039065,185.0200042724609,184.6699981689453,184.8699951171875,905755
2026-02-06 18:55:00,184.8699951171875,184.909896850586,184.5599975585937,184.57000732421875,646619
2026-02-06 19:00:00,184.5599975585937,184.8000030517578,184.5200042724609,184.6699981689453,730386
2026-02-06 19:05:00,184.67349243164065,184.8500061035156,184.5800018310547,184.6450042724609,634017
2026-02-06 19:10:00,184.6499938964844,184.8999938964844,184.3699951171875,184.41000366210932,849962
2026-02-06 19:15:00,184.41000366210932,184.5,184.134994506836,184.2749938964844,859454
2026-02-06 19:20:00,184.27999877929688,184.6100006103516,184.1999969482422,184.5200042724609,960388
2026-02-06 19:25:00,184.5249938964844,184.52999877929688,184.2899932861328,184.44500732421875,719398
2026-02-06 19:30:00,184.4499969482422,184.5500030517578,184.3000030517578,184.493392944336,900368
2026-02-06 19:35:00,184.5,184.7100067138672,184.4499969482422,184.5500030517578,890310
2026-02-06 19:40:00,184.53500366210932,184.7799072265625,184.42999267578125,184.6849975585937,973668
2026-02-06 19:45:00,184.67999267578125,185.07000732421875,184.67999267578125,185.02340698242188,995418
2026-02-06 19:50:00,185.009994506836,185.08999633789065,184.9349975585937,185.05499267578125,801234
2026-02-06 19:55:00,185.05499267578125,185.1000061035156,184.91000366210932,184.9833984375,877969
2026-02-06 20:00:00,184.9900054931641,185.13999938964844,184.67999267578125,185.125,900215
2026-02-06 20:05:00,185.125,185.44000244140625,185.10009765625,185.3000030517578,1343751
2026-02-06 20:10:00,185.3000030517578,185.3000030517578,184.91000366210932,185.009994506836,1954871
2026-02-06 20:15:00,185.009994506836,185.4900054931641,185.009994506836,185.4850006103516,1352808
2026-02-06 20:20:00,185.4806060791016,185.5599975585937,185.17999267578125,185.48989868164065,1944453
2026-02-06 20:25:00,185.48789978027344,185.58999633789065,185.2949981689453,185.3350067138672,1284265
2026-02-06 20:30:00,185.3300018310547,185.5599975585937,185.22000122070312,185.4600067138672,1240996
2026-02-06 20:35:00,185.47000122070312,185.7899932861328,185.38999938964844,185.71499633789065,1234570
2026-02-06 20:40:00,185.71499633789065,186.3699951171875,185.6999969482422,186.30499267578125,2150269
2026-02-06 20:45:00,186.3000030517578,186.6450042724609,186.1699981689453,186.58999633789065,1907067
2026-02-06 20:50:00,186.57000732421875,187.0,186.1000061035156,186.2400054931641,3521383
2026-02-06 20:55:00,186.22999572753903,186.46499633789065,185.1999969482422,185.41000366210932,5807700
2026-02-09 14:30:00,184.1000061035156,187.4600067138672,184.0,187.3007049560547,11288325
2026-02-09 14:35:00,187.3000030517578,189.509994506836,186.77999877929688,189.5099029541016,5278082
2026-02-09 14:40:00,189.4951019287109,190.94000244140625,189.0,190.9199981689453,5376033
2026-02-09 14:45:00,190.9149932861328,193.66000366210932,190.83999633789065,193.5200042724609,7480951
2026-02-09 14:50:00,193.51499938964844,193.5599975585937,191.2550048828125,191.5,4987947
2026-02-09 14:55:00,191.5200042724609,191.72999572753903,190.8099975585937,191.16000366210932,3664736
2026-02-09 15:00:00,191.16000366210932,192.0500030517578,190.72999572753903,190.8800048828125,2910879
2026-02-09 15:05:00,190.8699951171875,192.3800048828125,190.7400054931641,191.94009399414065,2972034
2026-02-09 15:10:00,191.9499969482422,192.259994506836,191.0399932861328,192.0399932861328,2656133
2026-02-09 15:15:00,192.0500030517578,192.44000244140625,191.3999938964844,192.0,2453768
2026-02-09 15:20:00,192.0,192.0800018310547,191.19009399414065,191.57000732421875,1909674
2026-02-09 15:25:00,191.5800018310547,191.5850067138672,190.5800018310547,190.66000366210932,1917049
2026-02-09 15:30:00,190.6999969482422,191.47000122070312,190.6999969482422,191.1999969482422,1845995
2026-02-09 15:35:00,191.17999267578125,191.3999938964844,190.72000122070312,190.875,1661589
2026-02-09 15:40:00,190.8699951171875,191.66000366210932,190.85499572753903,191.656494140625,1517540
2026-02-09 15:45:00,191.6499938964844,191.8000030517578,191.3800048828125,191.5709991455078,1612607
2026-02-09 15:50:00,191.56239318847656,191.6699981689453,191.22000122070312,191.3000030517578,1130711
2026-02-09 15:55:00,191.32000732421875,192.1499938964844,191.32000732421875,191.9750061035156,1773556
2026-02-09 16:00:00,191.97999572753903,192.1499938964844,191.8238067626953,191.97999572753903,1317454
2026-02-09 16:05:00,191.99009704589844,192.009994506836,191.58999633789065,191.9199981689453,1456570
2026-02-09 16:10:00,191.92999267578125,191.92999267578125,191.6000061035156,191.91000366210932,1039157
2026-02-09 16:15:00,191.9001007080078,191.9900054931641,191.5399932861328,191.63999938964844,1114219
2026-02-09 16:20:00,191.6300048828125,191.91000366210932,191.57000732421875,191.7584991455078,968020
2026-02-09 16:25:00,191.759994506836,191.94500732421875,191.5500946044922,191.8249969482422,1131472
2026-02-09 16:30:00,191.8099975585937,191.83230590820312,191.44000244140625,191.5,954832
2026-02-09 16:35:00,191.4949951171875,191.56500244140625,191.40499877929688,191.4750061035156,848818
2026-02-09 16:40:00,191.47999572753903,191.8650054931641,191.4199981689453,191.8099975585937,1235887
2026-02-09 16:45:00,191.8085021972656,191.9499969482422,191.66000366210932,191.8249969482422,1011181
2026-02-09 16:50:00,191.8300018310547,191.9250030517578,191.5599975585937,191.5850067138672,883321
2026-02-09 16:55:00,191.58009338378903,191.8000030517578,191.47000122070312,191.47999572753903,853887
2026-02-09 17:00:00,191.4750061035156,191.6849975585937,191.30499267578125,191.5998992919922,944473
2026-02-09 17:05:00,191.59750366210932,191.88999938964844,191.3699951171875,191.8300018310547,1161847
2026-02-09 17:10:00,191.83990478515625,192.4900054931641,191.8099975585937,192.3583984375,1791281
2026-02-09 17:15:00,192.3583984375,192.4799041748047,192.25,192.3793029785156,1364502
2026-02-09 17:20:00,192.375,192.5200042724609,192.03500366210932,192.09500122070312,1389872
2026-02-09 17:25:00,192.09750366210932,192.1000061035156,191.47000122070312,191.58999633789065,1347884
2026-02-09 17:30:00,191.58999633789065,191.9499969482422,191.58999633789065,191.8300018310547,839107
2026-02-09 17:35:00,191.8249969482422,192.05990600585932,191.759994506836,191.8600006103516,773273
2026-02-09 17:40:00,191.85499572753903,191.92999267578125,191.5749969482422,191.884994506836,774603
2026-02-09 17:45:00,191.88999938964844,191.97999572753903,191.8300018310547,191.90499877929688,649188
2026-02-09 17:50:00,191.90499877929688,191.91000366210932,191.5800018310547,191.6699981689453,810808
2026-02-09 17:55:00,191.6750030517578,191.67990112304688,191.3600006103516,191.42999267578125,846023
2026-02-09 18:00:00,191.42999267578125,191.63999938964844,191.32000732421875,191.56500244140625,684347
2026-02-09 18:05:00,191.56069946289065,191.6150054931641,191.3800048828125,191.4499969482422,721039
2026-02-09 18:10:00,191.44500732421875,191.52999877929688,191.3099975585937,191.42999267578125,618855
2026-02-09 18:15:00,191.42999267578125,191.5399932861328,191.26499938964844,191.3999938964844,687539
2026-02-09 18:20:00,191.4001007080078,191.47000122070312,190.77999877929688,191.1699981689453,1161921
2026-02-09 18:25:00,191.1750030517578,191.1750030517578,190.83999633789065,190.9929962158203,831026
2026-02-09 18:30:00,190.985107421875,191.3699951171875,190.8500061035156,190.94000244140625,921930
2026-02-09 18:35:00,190.9550018310547,191.1300048828125,190.91000366210932,191.09500122070312,576546
2026-02-09 18:40:00,191.08999633789065,191.41000366210932,191.0399932861328,191.3699951171875,706942
2026-02-09 18:45:00,191.3701019287109,191.5,190.98019409179688,191.07000732421875,779797
2026-02-09 18:50:00,191.0749969482422,191.0749969482422,190.82009887695312,190.8300018310547,781086
2026-02-09 18:55:00,190.8300018310547,190.96499633789065,190.6750030517578,190.76499938964844,839100
2026-02-09 19:00:00,190.759994506836,191.009994506836,190.63999938964844,190.875,854037
2026-02-09 19:05:00,190.8699951171875,190.9600067138672,190.75,190.7899932861328,604999
2026-02-09 19:10:00,190.7998962402344,191.0399932861328,190.79010009765625,191.0050048828125,709849
2026-02-09 19:15:00,191.0050048828125,191.1100006103516,190.8500061035156,191.10580444335932,737864
2026-02-09 19:20:00,191.1000061035156,191.32000732421875,190.94000244140625,191.30499267578125,956296
2026-02-09 19:25:00,191.30499267578125,191.35989379882807,190.92999267578125,191.009994506836,789018
2026-02-09 19:30:00,191.0050048828125,191.33999633789065,190.92149353027344,191.22950744628903,799077
2026-02-09 19:35:00,191.2250061035156,191.3800048828125,191.1499938964844,191.33999633789065,664128
2026-02-09 19:40:00,191.3498992919922,191.3500061035156,191.1000061035156,191.1499938964844,632599
2026-02-09 19:45:00,191.15499877929688,191.22999572753903,190.94000244140625,190.9801025390625,834071
2026-02-09 19:50:00,190.98150634765625,191.3000030517578,190.9600067138672,191.2749938964844,891408
2026-02-09 19:55:00,191.27999877929688,191.4199981689453,190.92010498046875,190.92999267578125,1126994
2026-02-09 20:00:00,190.9199981689453,191.1499938964844,190.72999572753903,190.8699951171875,985406
2026-02-09 20:05:00,190.8650054931641,190.91200256347656,190.66000366210932,190.72000122070312,961351
2026-02-09 20:10:00,190.7250061035156,190.759994506836,190.33009338378903,190.3350067138672,1157016
2026-02-09 20:15:00,190.3300018310547,190.46499633789065,190.1150054931641,190.414306640625,1570502
2026-02-09 20:20:00,190.4149932861328,190.42999267578125,189.9300994873047,190.0399932861328,1732142
2026-02-09 20:25:00,190.0449981689453,198.7250061035156,189.6300048828125,189.8999938964844,1633698
2026-02-09 20:30:00,189.88999938964844,189.9900054931641,189.74009704589844,189.74009704589844,1164595
2026-02-09 20:35:00,189.7400054931641,190.1699981689453,189.53500366210932,190.0200042724609,1665807
2026-02-09 20:40:00,190.0200042724609,190.2899932861328,189.92999267578125,190.0449981689453,1467423
2026-02-09 20:45:00,190.0500030517578,190.5,190.0,190.3699951171875,1453828
2026-02-09 20:50:00,190.3500061035156,190.3600006103516,189.8800048828125,190.0200042724609,1890918
2026-02-09 20:55:00,190.0,190.2749938964844,189.7899932861328,189.7899932861328,3063363
2026-02-10 14:30:00,191.40499877929688,192.47999572753903,190.6100006103516,190.8249969482422,6703774
2026-02-10 14:35:00,190.8249969482422,191.42999267578125,189.8500061035156,190.1300048828125,2764830
2026-02-10 14:40:00,190.13999938964844,190.19000244140625,189.1999969482422,189.4149932861328,2485363
2026-02-10 14:45:00,189.0966033935547,189.2698974609375,188.3650054931641,188.63999938964844,2342826
2026-02-10 14:50:00,188.61590576171875,189.44000244140625,188.57000732421875,189.39990234375,2600888
2026-02-10 14:55:00,189.38999938964844,189.9199981689453,189.1000061035156,189.3000030517578,2261032
2026-02-10 15:00:00,189.3000030517578,189.39990234375,188.6999969482422,188.82989501953125,2235403
2026-02-10 15:05:00,188.8000030517578,189.2899932861328,188.6300048828125,189.0500030517578,1503072
2026-02-10 15:10:00,189.07000732421875,189.1100006103516,188.3999938964844,188.5498962402344,1532345
2026-02-10 15:15:00,188.5399932861328,189.2098999023437,188.1199951171875,189.2050018310547,2191007
2026-02-10 15:20:00,189.2050018310547,189.38999938964844,188.72999572753903,188.76499938964844,1525618
2026-02-10 15:25:00,188.759994506836,189.2400054931641,188.6999969482422,189.17320251464844,1092935
2026-02-10 15:30:00,189.16000366210932,189.3800048828125,188.8600006103516,188.9750061035156,1206119
2026-02-10 15:35:00,188.97000122070312,189.17999267578125,188.84500122070312,189.0,798667
2026-02-10 15:40:00,188.9900054931641,189.4149932861328,188.9499969482422,189.3500061035156,1055123
2026-02-10 15:45:00,189.3500061035156,189.9900054931641,189.2899932861328,189.69000244140625,1777193
2026-02-10 15:50:00,189.6699981689453,189.97000122070312,189.61129760742188,189.94500732421875,1124443
2026-02-10 15:55:00,189.94000244140625,190.25,189.3099975585937,190.0500030517578,1757835
2026-02-10 16:00:00,190.0599975585937,190.3300018310547,189.97999572753903,190.1300048828125,1174147
2026-02-10 16:05:00,190.14010620117188,190.1999969482422,189.6100006103516,189.6199951171875,973682
2026-02-10 16:10:00,189.6100006103516,190.0,189.6100006103516,189.8000030517578,856586
2026-02-10 16:15:00,189.80499267578125,189.9900054931641,189.3000030517578,189.8600006103516,998460
2026-02-10 16:20:00,189.8600006103516,189.9199981689453,189.2400054931641,189.55990600585932,957774
2026-02-10 16:25:00,189.55499267578125,189.6999969482422,189.1199951171875,189.1201019287109,953180
2026-02-10 16:30:00,189.1199951171875,189.1999969482422,188.91000366210932,189.0399932861328,1008511
2026-02-10 16:35:00,189.04969787597656,189.3300018310547,188.9600067138672,189.2899932861328,896443
2026-02-10 16:40:00,189.2700042724609,189.4199981689453,189.1199951171875,189.3251037597656,685267
2026-02-10 16:45:00,189.3300018310547,189.6300048828125,189.2100067138672,189.2700042724609,988818
2026-02-10 16:50:00,189.2835998535156,189.5399932861328,189.17999267578125,189.44000244140625,540457
2026-02-10 16:55:00,189.42999267578125,189.44940185546875,189.1150054931641,189.27999877929688,529953
2026-02-10 17:00:00,189.2799072265625,189.3999938964844,189.210693359375,189.36990356445312,438999
2026-02-10 17:05:00,189.36990356445312,189.67999267578125,189.33999633789065,189.6009063720703,696085
2026-02-10 17:10:00,189.6100006103516,189.7400054931641,189.5,189.6499938964844,504043
2026-02-10 17:15:00,189.6499938964844,190.16000366210932,189.6334991455078,190.1502990722656,842214
2026-02-10 17:20:00,190.15499877929688,190.15879821777344,189.82000732421875,189.9600982666016,944177
2026-02-10 17:25:00,189.9600067138672,189.97000122070312,189.67999267578125,189.69000244140625,768150
2026-02-10 17:30:00,189.67999267578125,189.7064971923828,189.4550018310547,189.5449981689453,673541
2026-02-10 17:35:00,189.5399932861328,189.6849975585937,189.44000244140625,189.6499938964844,614958
2026-02-10 17:40:00,189.6558074951172,190.19000244140625,189.63999938964844,190.14010620117188,1031235
2026-02-10 17:45:00,190.1450042724609,190.44000244140625,190.1450042724609,190.2050018310547,1023810
2026-02-10 17:50:00,190.2100067138672,190.2183990478516,189.94009399414065,190.07000732421875,723945
2026-02-10 17:55:00,190.0601043701172,190.22999572753903,190.00010681152344,190.2169952392578,544266
2026-02-10 18:00:00,190.22999572753903,190.259994506836,190.0,190.04010009765625,465184
2026-02-10 18:05:00,190.0500030517578,190.1499938964844,190.0,190.09500122070312,508749
2026-02-10 18:10:00,190.09500122070312,190.16000366210932,189.91000366210932,190.0,564662
2026-02-10 18:15:00,190.0,190.0749969482422,189.47999572753903,189.5800018310547,763600
2026-02-10 18:20:00,189.57000732421875,189.8300018310547,189.3350067138672,189.5998992919922,747791
2026-02-10 18:25:00,189.6150054931641,189.6699981689453,189.19000244140625,189.2449951171875,684970
2026-02-10 18:30:00,189.2400054931641,189.33999633789065,189.07000732421875,189.13999938964844,661157
2026-02-10 18:35:00,189.1300048828125,189.47999572753903,189.1199951171875,189.4501037597656,732122
2026-02-10 18:40:00,189.4600067138672,189.5599975585937,189.3500061035156,189.3600006103516,501071
2026-02-10 18:45:00,189.3596954345703,189.38999938964844,189.1750030517578,189.3249969482422,478323
2026-02-10 18:50:00,189.3300018310547,189.4199981689453,189.1699981689453,189.1849975585937,452385
2026-02-10 18:55:00,189.1750030517578,189.5699005126953,189.1699981689453,189.5,542590
2026-02-10 19:00:00,189.47999572753903,189.6000061035156,189.32000732421875,189.38999938964844,485117
2026-02-10 19:05:00,189.38999938964844,189.38999938964844,189.25,189.27999877929688,439748
2026-02-10 19:10:00,189.2749938964844,189.47560119628903,189.22000122070312,189.47000122070312,418669
2026-02-10 19:15:00,189.4600067138672,189.47999572753903,189.17999267578125,189.25,440221
2026-02-10 19:20:00,189.259994506836,189.40499877929688,189.1499938964844,189.2429962158203,445287
2026-02-10 19:25:00,189.2400054931641,189.24899291992188,189.0800018310547,189.21499633789065,443029
2026-02-10 19:30:00,189.22000122070312,189.32000732421875,189.0399932861328,189.0800018310547,606568
2026-02-10 19:35:00,189.0800018310547,189.1499938964844,189.0,189.10499572753903,542590
2026-02-10 19:40:00,189.10499572753903,189.3800048828125,188.8800048828125,188.91000366210932,772444
2026-02-10 19:45:00,188.91940307617188,189.0762939453125,188.7700042724609,189.0449981689453,719160
2026-02-10 19:50:00,189.0399932861328,189.19000244140625,188.97999572753903,189.1199951171875,629756
2026-02-10 19:55:00,189.12989807128903,189.3800048828125,189.009994506836,189.0399932861328,652712
2026-02-10 20:00:00,189.02999877929688,189.02999877929688,188.6100006103516,188.634994506836,743008
2026-02-10 20:05:00,188.63999938964844,188.72999572753903,188.4199981689453,188.5050048828125,963644
2026-02-10 20:10:00,188.509994506836,188.8300018310547,188.4900054931641,188.7899932861328,843379
2026-02-10 20:15:00,188.7899932861328,189.47000122070312,188.7801055908203,189.42999267578125,1103007
2026-02-10 20:20:00,189.4398956298828,189.55499267578125,189.2050018310547,189.2100067138672,967685
2026-02-10 20:25:00,189.1999969482422,189.2700042724609,188.9830017089844,189.1000061035156,764402
2026-02-10 20:30:00,189.1000061035156,189.2400054931641,188.82000732421875,188.9199981689453,773066
2026-02-10 20:35:00,188.92999267578125,189.06500244140625,188.82000732421875,188.85690307617188,696644
2026-02-10 20:40:00,188.8650054931641,189.28990173339844,188.8650054931641,189.17999267578125,777624
2026-02-10 20:45:00,189.17999267578125,189.42999267578125,189.0,189.33999633789065,705069
2026-02-10 20:50:00,189.3500061035156,189.3500061035156,188.42999267578125,188.5800018310547,1402475
2026-02-10 20:55:00,188.5800018310547,188.7700042724609,188.3800048828125,188.6100006103516,2627197
2026-02-11 14:30:00,192.4199981689453,193.1999969482422,191.5,191.83999633789065,7553846
2026-02-11 14:35:00,191.8099975585937,192.94000244140625,191.13900756835932,191.2301025390625,3054051
2026-02-11 14:40:00,191.2400054931641,192.9499053955078,190.9900054931641,192.8699951171875,2831354
2026-02-11 14:45:00,192.875,193.259994506836,192.1999969482422,192.6000061035156,2936817
2026-02-11 14:50:00,192.6499938964844,192.8300018310547,191.63999938964844,191.88999938964844,2065100
2026-02-11 14:55:00,191.91000366210932,192.1499938964844,191.1699981689453,191.22000122070312,1567116
2026-02-11 15:00:00,191.25,191.69000244140625,190.7899932861328,190.83990478515625,2109614
2026-02-11 15:05:00,190.8249969482422,191.0599975585937,190.5200042724609,190.53500366210932,1556396
2026-02-11 15:10:00,190.53500366210932,190.7100067138672,189.6515045166016,190.22999572753903,2287705
2026-02-11 15:15:00,190.25,190.5200042724609,189.5500030517578,189.66000366210932,2100104
2026-02-11 15:20:00,189.69000244140625,190.13999938964844,189.6123046875,189.7599029541016,1609606
2026-02-11 15:25:00,189.7350006103516,189.9199981689453,188.7700042724609,188.9199981689453,2457493
2026-02-11 15:30:00,188.9250030517578,189.75,188.8699951171875,189.66900634765625,1438251
2026-02-11 15:35:00,189.6699066162109,190.4199981689453,189.4499969482422,190.38999938964844,1615096
2026-02-11 15:40:00,190.3800048828125,190.9499969482422,190.3800048828125,190.7059936523437,1914064
2026-02-11 15:45:00,190.70150756835932,191.0200042724609,190.22999572753903,190.24009704589844,1416391
2026-02-11 15:50:00,190.25,191.8800048828125,190.0200042724609,191.8421936035156,2154458
2026-02-11 15:55:00,191.8600006103516,191.9600067138672,191.47000122070312,191.5908050537109,1524397
2026-02-11 16:00:00,191.63999938964844,191.97999572753903,191.27999877929688,191.2899932861328,1495757
2026-02-11 16:05:00,191.30909729003903,191.384994506836,190.91000366210932,191.0399932861328,1282906
2026-02-11 16:10:00,191.0458984375,191.9550018310547,191.0458984375,191.8500061035156,1389644
2026-02-11 16:15:00,191.8500061035156,191.9250030517578,191.4900054931641,191.91000366210932,1097410
2026-02-11 16:20:00,191.8999938964844,192.1849975585937,191.72999572753903,192.072998046875,1399662
2026-02-11 16:25:00,192.0749969482422,192.13999938964844,191.22999572753903,191.289794921875,1416293
2026-02-11 16:30:00,191.27999877929688,191.5200042724609,190.7899932861328,190.9600067138672,1328210
2026-02-11 16:35:00,190.9600067138672,191.1800994873047,190.69000244140625,191.14010620117188,1052085
2026-02-11 16:40:00,191.15060424804688,191.3999938964844,191.0500030517578,191.2400054931641,1044308
2026-02-11 16:45:00,191.2400054931641,191.38999938964844,190.9414978027344,191.08009338378903,767087
2026-02-11 16:50:00,191.0800018310547,191.17999267578125,190.82000732421875,191.10009765625,765548
2026-02-11 16:55:00,191.08999633789065,191.2400054931641,190.8600006103516,190.94500732421875,660839
2026-02-11 17:00:00,190.94000244140625,190.9750061035156,190.3699951171875,190.6100006103516,1093506
2026-02-11 17:05:00,190.6100006103516,191.19000244140625,190.5399932861328,191.1849975585937,924871
2026-02-11 17:10:00,191.19000244140625,191.47000122070312,190.9199981689453,191.32000732421875,991242
2026-02-11 17:15:00,191.3249969482422,191.7100067138672,191.23080444335932,191.4750061035156,896711
2026-02-11 17:20:00,191.46609497070312,191.7700042724609,191.27999877929688,191.65499877929688,826291
2026-02-11 17:25:00,191.66000366210932,192.10499572753903,191.66000366210932,191.9850006103516,993587
2026-02-11 17:30:00,191.97999572753903,192.0800018310547,191.82000732421875,192.01499938964844,821680
2026-02-11 17:35:00,192.01499938964844,192.1499938964844,191.8300018310547,191.9149932861328,777975
2026-02-11 17:40:00,191.9149932861328,192.13999938964844,191.88999938964844,192.1100006103516,642374
2026-02-11 17:45:00,192.10499572753903,192.1750030517578,191.8099975585937,192.0500030517578,786744
2026-02-11 17:50:00,192.0599975585937,192.27999877929688,191.9499969482422,192.1999969482422,841764
2026-02-11 17:55:00,192.2050018310547,192.20509338378903,191.72999572753903,191.82000732421875,877150
2026-02-11 18:00:00,191.8101043701172,192.0,191.6300048828125,191.759994506836,557283
2026-02-11 18:05:00,191.759994506836,191.8300018310547,191.5489959716797,191.56500244140625,544991
2026-02-11 18:10:00,191.5599975585937,191.5599975585937,191.2899932861328,191.2949981689453,720872
2026-02-11 18:15:00,191.2899932861328,191.639892578125,191.1000061035156,191.3650054931641,1034372
2026-02-11 18:20:00,191.3600006103516,191.63999938964844,191.27999877929688,191.5449981689453,598657
2026-02-11 18:25:00,191.5449981689453,191.58970642089844,191.30499267578125,191.43099975585932,545001
2026-02-11 18:30:00,191.44000244140625,191.5200042724609,191.07000732421875,191.0749969482422,511194
2026-02-11 18:35:00,191.07000732421875,191.47000122070312,190.97000122070312,191.38999938964844,694779
2026-02-11 18:40:00,191.38299560546875,191.3865966796875,191.19000244140625,191.3249969482422,544825
2026-02-11 18:45:00,191.3300018310547,191.759994506836,191.27999877929688,191.7449951171875,625069
2026-02-11 18:50:00,191.7420959472656,191.9600067138672,191.2899932861328,191.9199981689453,837905
2026-02-11 18:55:00,191.92100524902344,191.97999572753903,191.75,191.7700042724609,532790
2026-02-11 19:00:00,191.7700042724609,191.83999633789065,191.53500366210932,191.6100006103516,606959
2026-02-11 19:05:00,191.60499572753903,191.6999053955078,191.3000030517578,191.5599975585937,669020
2026-02-11 19:10:00,191.5592041015625,191.8800048828125,191.4199981689453,191.78500366210932,656009
2026-02-11 19:15:00,191.78500366210932,192.02999877929688,191.78500366210932,191.88999938964844,668677
2026-02-11 19:20:00,191.884994506836,192.07000732421875,191.8300018310547,191.9750061035156,651708
2026-02-11 19:25:00,191.97000122070312,192.2100067138672,191.8800048828125,192.0449981689453,657356
2026-02-11 19:30:00,192.0399932861328,192.07000732421875,191.75,192.0500946044922,556769
2026-02-11 19:35:00,192.0500946044922,192.15499877929688,191.8699951171875,191.88900756835932,526148
2026-02-11 19:40:00,191.8699951171875,191.97000122070312,191.6999969482422,191.9250030517578,634883
2026-02-11 19:45:00,191.9250030517578,191.97999572753903,191.5599975585937,191.72999572753903,778288
2026-02-11 19:50:00,191.72000122070312,191.7700042724609,191.55499267578125,191.6450042724609,526095
2026-02-11 19:55:00,191.63999938964844,191.7250061035156,191.42999267578125,191.5200042724609,668144
2026-02-11 20:00:00,191.5249938964844,191.57000732421875,191.3500061035156,191.47000122070312,536403
2026-02-11 20:05:00,191.47000122070312,191.5599975585937,191.25,191.30499267578125,619448
2026-02-11 20:10:00,191.3000030517578,191.3600006103516,191.1201019287109,191.2749938964844,661167
2026-02-11 20:15:00,191.27999877929688,191.5599975585937,191.17999267578125,191.19000244140625,721998
2026-02-11 20:20:00,191.19500732421875,191.2400054931641,190.9550018310547,191.2350006103516,898613
2026-02-11 20:25:00,191.2330017089844,191.3600006103516,191.0500030517578,191.0599975585937,729119
2026-02-11 20:30:00,191.0500030517578,191.2198944091797,190.9199981689453,191.0099029541016,718865
2026-02-11 20:35:00,191.0,191.1999969482422,190.91000366210932,191.17999267578125,730208
2026-02-11 20:40:00,191.17999267578125,191.3600006103516,190.97999572753903,191.0699005126953,779448
2026-02-11 20:45:00,191.07000732421875,191.3350067138672,191.0500030517578,191.24989318847656,741383
2026-02-11 20:50:00,191.25,191.25,190.5200042724609,190.52999877929688,1565421
2026-02-11 20:55:00,190.5399932861328,190.57000732421875,189.9600067138672,190.02999877929688,3178390
2026-02-12 14:30:00,193.02999877929688,193.6000061035156,191.9600067138672,192.17999267578125,6507583
2026-02-12 14:35:00,192.15499877929688,192.91000366210932,191.7610015869141,191.94000244140625,2555760
2026-02-12 14:40:00,191.9600067138672,192.4499969482422,191.6699981689453,191.8999938964844,2239266
2026-02-12 14:45:00,191.88999938964844,192.3999938964844,191.4600067138672,191.625,2390338
2026-02-12 14:50:00,191.6300048828125,192.3000030517578,191.41000366210932,192.2100982666016,1724201
2026-02-12 14:55:00,192.19650268554688,192.2100067138672,191.22999572753903,191.4499969482422,2451605
2026-02-12 15:00:00,191.4250030517578,191.8000030517578,191.0749969482422,191.1300048828125,2173996
2026-02-12 15:05:00,191.1300048828125,191.68980407714844,190.5200042724609,191.0050048828125,2082171
2026-02-12 15:10:00,191.00059509277344,191.6898956298828,191.0,191.67010498046875,1605088
2026-02-12 15:15:00,191.6649932861328,191.8999938964844,191.3099975585937,191.31500244140625,1538565
2026-02-12 15:20:00,191.3101043701172,191.8600006103516,191.1000061035156,191.6885986328125,1255449
2026-02-12 15:25:00,191.6849975585937,191.97999572753903,191.5599975585937,191.69000244140625,1142449
2026-02-12 15:30:00,191.70069885253903,191.8199005126953,190.91000366210932,190.9349975585937,1500940
2026-02-12 15:35:00,190.9398956298828,190.97999572753903,190.22999572753903,190.2449951171875,1623515
2026-02-12 15:40:00,190.26499938964844,190.3780059814453,189.5601043701172,189.78990173339844,2061758
2026-02-12 15:45:00,189.77999877929688,190.2700042724609,189.60009765625,190.1100006103516,1692826
2026-02-12 15:50:00,190.1150054931641,190.5500030517578,189.67999267578125,189.69000244140625,1536009
2026-02-12 15:55:00,189.69000244140625,189.8099975585937,189.15499877929688,189.22999572753903,1816033
2026-02-12 16:00:00,189.21499633789065,189.8000030517578,189.1499938964844,189.4149932861328,1495975
2026-02-12 16:05:00,189.41000366210932,189.63999938964844,188.96499633789065,189.485107421875,1524384
2026-02-12 16:10:00,189.509994506836,189.6199951171875,188.83009338378903,189.0599975585937,1308846
2026-02-12 16:15:00,189.0599975585937,189.3699951171875,188.7400054931641,189.06500244140625,1557203
2026-02-12 16:20:00,189.06500244140625,189.1000061035156,188.3000030517578,188.57000732421875,1741442
2026-02-12 16:25:00,188.5500030517578,188.6000061035156,187.2400054931641,187.30499267578125,2424218
2026-02-12 16:30:00,187.32000732421875,188.3000030517578,187.22999572753903,187.92999267578125,2156869
2026-02-12 16:35:00,187.94500732421875,188.90499877929688,187.90499877929688,188.82009887695312,1700972
2026-02-12 16:40:00,188.80499267578125,189.19000244140625,188.7100067138672,188.80499267578125,1297604
2026-02-12 16:45:00,188.8000030517578,189.2700042724609,188.7100067138672,189.14849853515625,1250845
2026-02-12 16:50:00,189.1475982666016,189.3500061035156,188.8999938964844,189.3099975585937,1187621
2026-02-12 16:55:00,189.33999633789065,189.7250061035156,189.1100006103516,189.2899932861328,1301081
2026-02-12 17:00:00,189.2899932861328,189.7899932861328,188.9600067138672,189.6699981689453,1095295
2026-02-12 17:05:00,189.66000366210932,189.94000244140625,189.3099975585937,189.76010131835932,1153614
2026-02-12 17:10:00,189.75,189.759994506836,189.009994506836,189.2989959716797,894448
2026-02-12 17:15:00,189.27999877929688,189.3999938964844,188.9199981689453,188.92999267578125,922744
2026-02-12 17:20:00,188.93930053710932,189.6199951171875,188.93930053710932,189.58999633789065,914255
2026-02-12 17:25:00,189.5800018310547,189.97999572753903,189.3800048828125,189.5749969482422,1038999
2026-02-12 17:30:00,189.5599975585937,190.15969848632807,189.52999877929688,190.12989807128903,1014200
2026-02-12 17:35:00,190.1100006103516,190.52999877929688,190.1100006103516,190.19500732421875,1270597
2026-02-12 17:40:00,190.2100067138672,190.4571990966797,190.1000061035156,190.1750030517578,1097671
2026-02-12 17:45:00,190.17999267578125,190.3000030517578,189.6199951171875,189.9600067138672,1068082
2026-02-12 17:50:00,189.96499633789065,190.2749938964844,189.5800018310547,189.59500122070312,823664
2026-02-12 17:55:00,189.58999633789065,189.83999633789065,189.5,189.66650390625,1093176
2026-02-12 18:00:00,189.65499877929688,189.6842041015625,188.7400054931641,189.1849975585937,1980882
2026-02-12 18:05:00,189.22000122070312,189.7400054931641,189.1750030517578,189.3800048828125,848430
2026-02-12 18:10:00,189.3800048828125,189.63999938964844,189.2100067138672,189.3455047607422,832532
2026-02-12 18:15:00,189.3300018310547,189.3300018310547,188.5399932861328,188.58999633789065,956805
2026-02-12 18:20:00,188.6000061035156,189.2100067138672,188.6000061035156,189.07339477539065,860168
2026-02-12 18:25:00,189.08999633789065,189.3800048828125,188.77999877929688,189.25,1118964
2026-02-12 18:30:00,189.25,189.32000732421875,188.9199981689453,189.1849975585937,712158
2026-02-12 18:35:00,189.19000244140625,189.92999267578125,189.1100006103516,189.8401031494141,967528
2026-02-12 18:40:00,189.8600006103516,189.8699951171875,189.610107421875,189.82000732421875,750100
2026-02-12 18:45:00,189.80499267578125,189.8099975585937,189.42999267578125,189.42999267578125,653079
2026-02-12 18:50:00,189.4275054931641,189.92999267578125,189.3699951171875,189.78500366210932,701941
2026-02-12 18:55:00,189.78500366210932,189.9600067138672,189.52999877929688,189.85989379882807,798142
2026-02-12 19:00:00,189.8600006103516,190.0,189.5749969482422,189.6499938964844,676215
2026-02-12 19:05:00,189.65499877929688,189.927001953125,189.57000732421875,189.5800018310547,775901
2026-02-12 19:10:00,189.58999633789065,189.6300048828125,189.0500030517578,189.1649932861328,987563
2026-02-12 19:15:00,189.16000366210932,189.63999938964844,189.1499938964844,189.634994506836,765319
2026-02-12 19:20:00,189.6499938964844,189.9499969482422,189.509994506836,189.5800018310547,751029
2026-02-12 19:25:00,189.57000732421875,189.69500732421875,188.94760131835932,189.0500030517578,969291
2026-02-12 19:30:00,189.07000732421875,189.47999572753903,189.07000732421875,189.13999938964844,851220
2026-02-12 19:35:00,189.1499938964844,189.3999938964844,188.9900054931641,189.2449951171875,680030
2026-02-12 19:40:00,189.24969482421875,189.3099975585937,188.91000366210932,189.06500244140625,637347
2026-02-12 19:45:00,189.07000732421875,189.3699951171875,189.01499938964844,189.1000061035156,632299
2026-02-12 19:50:00,189.08999633789065,189.134994506836,188.5500030517578,188.60499572753903,879564
2026-02-12 19:55:00,188.6300048828125,188.66000366210932,188.1403045654297,188.259506225586,1081017
2026-02-12 20:00:00,188.25,188.5249938964844,187.88999938964844,188.21499633789065,1025780
2026-02-12 20:05:00,188.22999572753903,188.259994506836,187.63999938964844,187.6699981689453,886971
2026-02-12 20:10:00,187.67999267578125,188.1849975585937,187.5800018310547,188.13999938964844,1045060
2026-02-12 20:15:00,188.13999938964844,188.2010040283203,187.82000732421875,187.8209991455078,861376
2026-02-12 20:20:00,187.8300018310547,187.88999938964844,187.509994506836,187.7899932861328,1017355
2026-02-12 20:25:00,187.7899932861328,187.8699951171875,187.52999877929688,187.6000061035156,925169
2026-02-12 20:30:00,187.58999633789065,187.759994506836,187.3099975585937,187.4600067138672,1153309
2026-02-12 20:35:00,187.4600067138672,187.8699951171875,187.41000366210932,187.69000244140625,1153264
2026-02-12 20:40:00,187.67999267578125,187.97999572753903,187.0449981689453,187.1649932861328,1740114
2026-02-12 20:45:00,187.16000366210932,187.67999267578125,187.0399932861328,187.6009979248047,1345846
2026-02-12 20:50:00,187.6100006103516,187.6100006103516,186.509994506836,187.27999877929688,2705601
2026-02-12 20:55:00,187.2700042724609,187.32000732421875,186.6150054931641,186.91000366210932,3502745
2026-02-13 14:30:00,187.46499633789065,187.47000122070312,185.3800048828125,185.7819976806641,5570575
2026-02-13 14:35:00,185.77999877929688,186.11669921875,183.8600006103516,183.8701019287109,3169017
2026-02-13 14:40:00,183.8600006103516,184.61990356445312,182.259994506836,184.259994506836,4482933
2026-02-13 14:45:00,185.3800048828125,186.17999267578125,184.19000244140625,185.1199951171875,3020946
2026-02-13 14:50:00,185.12989807128903,185.1499938964844,183.2705993652344,183.2749938964844,3662779
2026-02-13 14:55:00,183.2700042724609,183.88999938964844,182.32000732421875,182.41000366210932,4058608
2026-02-13 15:00:00,182.3999938964844,183.67999267578125,182.17999267578125,183.3072967529297,2761003
2026-02-13 15:05:00,183.27999877929688,183.8000030517578,182.83999633789065,183.72000122070312,1972399
2026-02-13 15:10:00,183.7250061035156,184.1100006103516,182.97999572753903,183.0249938964844,1990389
2026-02-13 15:15:00,183.0500030517578,183.32000732421875,182.5,183.009994506836,1919169
2026-02-13 15:20:00,183.009994506836,183.5,182.75,183.3300018310547,1800349
2026-02-13 15:25:00,183.3800048828125,184.5,183.259994506836,184.0800018310547,1691433
2026-02-13 15:30:00,184.0599975585937,185.0200042724609,184.0599975585937,184.8699951171875,1687750
2026-02-13 15:35:00,184.875,185.17999267578125,183.78500366210932,183.8793029785156,1810643
2026-02-13 15:40:00,183.8600006103516,184.0200042724609,183.4900054931641,183.57760620117188,1650513
2026-02-13 15:45:00,183.5800018310547,183.6699981689453,182.30130004882807,182.4900054931641,2089491
2026-02-13 15:50:00,182.5,183.51499938964844,182.38999938964844,183.4349975585937,1810443
2026-02-13 15:55:00,183.4750061035156,183.77999877929688,183.1300048828125,183.2899932861328,1280735
2026-02-13 16:00:00,183.31500244140625,183.6199951171875,183.0749969482422,183.40499877929688,1050203
2026-02-13 16:05:00,183.3999938964844,183.9499969482422,183.38999938964844,183.83999633789065,1148485
2026-02-13 16:10:00,183.8500061035156,183.8694000244141,182.9850006103516,183.5498962402344,1241466
2026-02-13 16:15:00,183.54010009765625,183.77999877929688,183.22999572753903,183.25,979136
2026-02-13 16:20:00,183.259994506836,183.34500122070312,182.8000030517578,182.97999572753903,1063031
2026-02-13 16:25:00,182.9750061035156,183.6300048828125,182.97000122070312,183.59500122070312,1020973
2026-02-13 16:30:00,183.58999633789065,183.8800048828125,183.0850067138672,183.52999877929688,988093
2026-02-13 16:35:00,183.5299072265625,184.1499938964844,183.41000366210932,184.1499938964844,906441
2026-02-13 16:40:00,184.1499938964844,184.16000366210932,183.60499572753903,183.8999938964844,884951
2026-02-13 16:45:00,183.88999938964844,184.16000366210932,183.839096069336,183.875,871405
2026-02-13 16:50:00,183.8800048828125,184.08999633789065,183.52999877929688,183.6699981689453,918359
2026-02-13 16:55:00,183.67349243164065,184.16000366210932,183.6199951171875,183.83999633789065,876622
2026-02-13 17:00:00,183.83999633789065,184.2749938964844,183.66000366210932,184.12030029296875,787230
2026-02-13 17:05:00,184.139892578125,184.3699951171875,184.0133056640625,184.01499938964844,658605
2026-02-13 17:10:00,184.009994506836,184.5,184.0,184.44000244140625,674164
2026-02-13 17:15:00,184.47000122070312,184.4799041748047,183.9199981689453,184.0249938964844,819497
2026-02-13 17:20:00,184.0500030517578,184.5800018310547,184.0249938964844,184.5800018310547,801480
2026-02-13 17:25:00,184.58999633789065,184.7100067138672,184.42999267578125,184.5500030517578,727065
2026-02-13 17:30:00,184.5599975585937,184.97999572753903,184.4349975585937,184.83009338378903,841893
2026-02-13 17:35:00,184.8350067138672,184.8498992919922,184.509994506836,184.7050018310547,623972
2026-02-13 17:40:00,184.7050018310547,184.82000732421875,184.3249969482422,184.42010498046875,656549
2026-02-13 17:45:00,184.41000366210932,184.5829925537109,184.3000030517578,184.5500030517578,708037
2026-02-13 17:50:00,184.5500030517578,184.6499938964844,184.1699981689453,184.22000122070312,664376
2026-02-13 17:55:00,184.22000122070312,184.3000030517578,183.97000122070312,183.9850006103516,855229
2026-02-13 18:00:00,183.97999572753903,184.2050018310547,183.52999877929688,183.6031036376953,1114666
2026-02-13 18:05:00,183.6100006103516,183.9398956298828,183.4600067138672,183.8600006103516,855905
2026-02-13 18:10:00,183.8699951171875,184.16000366210932,183.8600006103516,183.8999938964844,624094
2026-02-13 18:15:00,183.90499877929688,184.1000061035156,183.759994506836,183.94400024414065,542810
2026-02-13 18:20:00,183.94000244140625,184.5599975585937,183.88999938964844,184.3699951171875,754395
2026-02-13 18:25:00,184.360595703125,184.4850006103516,184.0760040283203,184.22000122070312,664422
2026-02-13 18:30:00,184.2400054931641,184.6199951171875,184.1300048828125,184.5570068359375,478986
2026-02-13 18:35:00,184.5500030517578,184.7700042724609,184.4600067138672,184.6849975585937,675511
2026-02-13 18:40:00,184.69000244140625,184.75,184.22999572753903,184.38999938964844,532625
2026-02-13 18:45:00,184.38999938964844,184.8600006103516,184.2700042724609,184.58999633789065,572060
2026-02-13 18:50:00,184.6002960205078,184.61199951171875,184.13999938964844,184.27999877929688,565418
2026-02-13 18:55:00,184.26499938964844,184.38999938964844,184.0399932861328,184.20509338378903,637297
2026-02-13 19:00:00,184.2050018310547,184.27999877929688,183.759994506836,183.7949981689453,705714
2026-02-13 19:05:00,183.8000030517578,184.1199951171875,183.78500366210932,184.0599975585937,575305
2026-02-13 19:10:00,184.0599975585937,184.1699981689453,183.8699951171875,183.92579650878903,496043
2026-02-13 19:15:00,183.9199981689453,183.94509887695312,183.6699981689453,183.8350067138672,587254
2026-02-13 19:20:00,183.8354949951172,184.08999633789065,183.7100067138672,184.0599975585937,508730
2026-02-13 19:25:00,184.0449981689453,184.08990478515625,183.5599975585937,183.69000244140625,639751
2026-02-13 19:30:00,183.72000122070312,184.02999877929688,183.6573028564453,183.8800048828125,498421
2026-02-13 19:35:00,183.88999938964844,184.0399932861328,183.6725006103516,183.7599029541016,506475
2026-02-13 19:40:00,183.759994506836,183.97000122070312,183.6000061035156,183.94500732421875,566404
2026-02-13 19:45:00,183.92999267578125,184.27999877929688,183.8300018310547,183.88999938964844,865367
2026-02-13 19:50:00,183.8701019287109,183.9499969482422,183.5399932861328,183.7100067138672,716707
2026-02-13 19:55:00,183.72000122070312,183.7899932861328,182.8300018310547,182.86990356445312,1176219
2026-02-13 20:00:00,182.8699951171875,183.41000366210932,182.86880493164065,183.1100006103516,1028784
2026-02-13 20:05:00,183.1000061035156,183.3500061035156,182.9199981689453,183.17999267578125,856694
2026-02-13 20:10:00,183.17999267578125,183.17999267578125,182.5399932861328,182.5500030517578,911585
2026-02-13 20:15:00,182.5599975585937,182.9149932861328,182.259994506836,182.8950042724609,1800370
2026-02-13 20:20:00,182.8950042724609,182.92999267578125,182.4499969482422,182.4571075439453,1107161
2026-02-13 20:25:00,182.4550018310547,182.69000244140625,182.0500030517578,182.305892944336,1489676
2026-02-13 20:30:00,182.2949981689453,182.44000244140625,181.8930053710937,181.9199981689453,1563237
2026-02-13 20:35:00,181.9149932861328,182.0,181.6000061035156,181.69400024414065,1493698
2026-02-13 20:40:00,181.69000244140625,182.0800018310547,181.58999633789065,181.97000122070312,1334670
2026-02-13 20:45:00,181.9499969482422,182.52999877929688,181.88999938964844,182.5200042724609,1463432
2026-02-13 20:50:00,182.509994506836,183.1000061035156,182.0,183.08999633789065,2212145
2026-02-13 20:55:00,183.1000061035156,183.1199951171875,182.47999572753903,182.78500366210932,3627822
2026-02-17 14:30:00,181.72000122070312,182.5200042724609,181.009994506836,182.3800048828125,5945501
2026-02-17 14:35:00,182.38999938964844,183.3249969482422,182.1100006103516,183.32000732421875,2185966
2026-02-17 14:40:00,183.27999877929688,183.4199981689453,181.5399932861328,181.9199981689453,2298568
2026-02-17 14:45:00,181.3950042724609,181.66000366210932,180.3800048828125,180.6999969482422,2655035
2026-02-17 14:50:00,180.70309448242188,180.9900054931641,179.7899932861328,179.86000061035156,2536003
2026-02-17 14:55:00,179.8699951171875,180.04110717773438,179.2899932861328,179.2899932861328,2066371
2026-02-17 15:00:00,179.2899932861328,180.44000244140625,179.17999267578125,180.27960205078125,2003995
2026-02-17 15:05:00,180.27999877929688,180.4900054931641,179.4700927734375,179.75,1417610
2026-02-17 15:10:00,179.77999877929688,180.22999572753903,179.49000549316406,179.8000030517578,1840335
2026-02-17 15:15:00,179.77999877929688,180.94000244140625,179.64010620117188,180.84500122070312,1600338
2026-02-17 15:20:00,180.8600006103516,180.91000366210932,180.2700042724609,180.47000122070312,1390964
2026-02-17 15:25:00,180.4696044921875,180.69000244140625,180.0500030517578,180.41000366210932,1159069
2026-02-17 15:30:00,180.3999938964844,180.58999633789065,179.6999969482422,179.82000732421875,1399212
2026-02-17 15:35:00,179.85000610351562,180.3000030517578,179.6864013671875,179.8800048828125,1090856
2026-02-17 15:40:00,179.8800048828125,180.3000030517578,179.27000427246094,180.2801055908203,1495611
2026-02-17 15:45:00,180.2899932861328,181.0157928466797,180.16000366210932,180.8099975585937,1436951
2026-02-17 15:50:00,180.8099975585937,181.6499938964844,180.42999267578125,181.4550018310547,1719472
2026-02-17 15:55:00,181.44000244140625,181.9600067138672,181.0800018310547,181.7975006103516,1268887
2026-02-17 16:00:00,181.8300018310547,182.9199981689453,181.75,182.85989379882807,1702461
2026-02-17 16:05:00,182.8500061035156,183.86199951171875,182.72999572753903,183.75,2029122
2026-02-17 16:10:00,183.7299041748047,184.3699951171875,183.6000061035156,184.2310028076172,1925467
2026-02-17 16:15:00,184.22999572753903,184.32000732421875,183.8000030517578,184.11849975585932,1748465
2026-02-17 16:20:00,184.08999633789065,184.3099975585937,183.6728973388672,184.1199951171875,1569896
2026-02-17 16:25:00,184.1150054931641,184.1150054931641,183.509994506836,183.5800018310547,1472864
2026-02-17 16:30:00,183.57000732421875,184.0,183.19000244140625,183.88999938964844,1679758
2026-02-17 16:35:00,183.9199981689453,184.58999633789065,183.8800048828125,184.22999572753903,1774149
2026-02-17 16:40:00,184.2059936523437,184.23399353027344,183.82000732421875,183.84500122070312,987201
2026-02-17 16:45:00,183.8650054931641,184.17999267578125,183.8251037597656,183.90499877929688,811268
2026-02-17 16:50:00,183.92999267578125,184.32000732421875,183.9199981689453,184.29150390625,855417
2026-02-17 16:55:00,184.32000732421875,184.47999572753903,183.8800048828125,184.08009338378903,990458
2026-02-17 17:00:00,184.07000732421875,184.139892578125,183.69000244140625,184.0101928710937,864657
2026-02-17 17:05:00,184.0,184.3500061035156,183.8800048828125,184.0699005126953,845408
2026-02-17 17:10:00,184.0500030517578,184.1800994873047,183.5749969482422,183.6750030517578,995295
2026-02-17 17:15:00,183.6849975585937,184.4199981689453,183.6199951171875,184.17999267578125,1029075
2026-02-17 17:20:00,184.22000122070312,184.2449951171875,183.7899932861328,184.1199951171875,942632
2026-02-17 17:25:00,184.13999938964844,184.75,184.07000732421875,184.7050018310547,979725
2026-02-17 17:30:00,184.7449951171875,184.7700042724609,184.08999633789065,184.34500122070312,939845
2026-02-17 17:35:00,184.3600006103516,184.7100067138672,184.3000030517578,184.58999633789065,937457
2026-02-17 17:40:00,184.6000061035156,184.6000061035156,183.92999267578125,183.92999267578125,1054518
2026-02-17 17:45:00,183.947998046875,184.2700042724609,183.67999267578125,184.1300048828125,1359155
2026-02-17 17:50:00,184.1100006103516,184.32000732421875,183.6199951171875,183.8300018310547,948127
2026-02-17 17:55:00,183.8300018310547,184.8999938964844,183.7700042724609,184.8800048828125,1198695
2026-02-17 18:00:00,184.875,184.91000366210932,184.32000732421875,184.42999267578125,1113962
2026-02-17 18:05:00,184.4149932861328,184.509994506836,184.1699981689453,184.4600067138672,618773
2026-02-17 18:10:00,184.47000122070312,184.8000030517578,184.2700042724609,184.63999938964844,777668
2026-02-17 18:15:00,184.63999938964844,184.69000244140625,184.3300018310547,184.57009887695312,720379
2026-02-17 18:20:00,184.5599975585937,185.44000244140625,184.44500732421875,185.3600006103516,1432259
2026-02-17 18:25:00,185.3699951171875,185.5,185.1499938964844,185.3500061035156,907495
2026-02-17 18:30:00,185.3600006103516,185.4129943847656,185.07000732421875,185.2100067138672,956627
2026-02-17 18:35:00,185.2001953125,185.5200042724609,185.0,185.51499938964844,940313
2026-02-17 18:40:00,185.5,185.94000244140625,185.4790954589844,185.52999877929688,1205474
2026-02-17 18:45:00,185.53500366210932,185.6100006103516,185.22999572753903,185.3699951171875,678342
2026-02-17 18:50:00,185.3600006103516,185.63999938964844,185.25010681152344,185.6334991455078,630838
2026-02-17 18:55:00,185.66000366210932,185.8099975585937,185.38999938964844,185.48199462890625,733127
2026-02-17 19:00:00,185.47000122070312,185.7899932861328,185.4499969482422,185.72000122070312,632707
2026-02-17 19:05:00,185.71499633789065,185.94000244140625,185.6100006103516,185.82000732421875,798003
2026-02-17 19:10:00,185.822006225586,186.02999877929688,185.6100006103516,186.0249938964844,828581
2026-02-17 19:15:00,186.0200042724609,186.17999267578125,185.8999938964844,186.0599975585937,895025
2026-02-17 19:20:00,186.0599975585937,186.3099975585937,185.94000244140625,186.28500366210932,743138
2026-02-17 19:25:00,186.2899932861328,186.4499053955078,186.22000122070312,186.41700744628903,1033794
2026-02-17 19:30:00,186.42999267578125,186.80499267578125,186.1999969482422,186.80499267578125,1218630
2026-02-17 19:35:00,186.7899932861328,187.1499938964844,186.6300048828125,186.7100067138672,1477074
2026-02-17 19:40:00,186.7100067138672,186.97999572753903,186.6450042724609,186.72000122070312,907008
2026-02-17 19:45:00,186.71969604492188,186.71969604492188,186.32000732421875,186.3475952148437,916313
2026-02-17 19:50:00,186.3500061035156,186.35499572753903,185.8099975585937,185.9900054931641,1153217
2026-02-17 19:55:00,185.9850006103516,186.0599975585937,185.77999877929688,185.97000122070312,915258
2026-02-17 20:00:00,185.9600067138672,186.1999969482422,185.7400054931641,185.91000366210932,1046515
2026-02-17 20:05:00,185.914794921875,186.0,185.67999267578125,185.7413024902344,636147
2026-02-17 20:10:00,185.74009704589844,185.8600006103516,185.6499938964844,185.84750366210932,664276
2026-02-17 20:15:00,185.84500122070312,185.97000122070312,185.6300048828125,185.759994506836,803960
2026-02-17 20:20:00,185.7700042724609,185.9900054931641,185.4900054931641,185.56100463867188,956707
2026-02-17 20:25:00,185.57000732421875,185.72999572753903,185.3300018310547,185.4250030517578,888882
2026-02-17 20:30:00,185.3800048828125,185.4900054931641,184.99899291992188,185.16000366210932,1130412
2026-02-17 20:35:00,185.16000366210932,185.27999877929688,184.7700042724609,184.81500244140625,1116896
2026-02-17 20:40:00,184.82000732421875,185.3800048828125,184.7899932861328,185.2617950439453,1197967
2026-02-17 20:45:00,185.259994506836,185.302001953125,184.9900054931641,185.19500732421875,901911
2026-02-17 20:50:00,185.17999267578125,185.5,184.3600006103516,184.59500122070312,1776330
2026-02-17 20:55:00,184.58999633789065,185.1100006103516,184.4499969482422,184.97999572753903,3120259
2026-02-18 14:30:00,188.75,189.19000244140625,187.3800048828125,188.03500366210932,6826004
2026-02-18 14:35:00,187.97000122070312,188.51499938964844,187.3500061035156,187.7559967041016,2789207
2026-02-18 14:40:00,187.75759887695312,188.66000366210932,187.3999938964844,188.364501953125,2710228
2026-02-18 14:45:00,188.3600006103516,188.77999877929688,187.8999938964844,188.22999572753903,2610467
2026-02-18 14:50:00,188.21499633789065,188.3999938964844,187.6269989013672,188.1300048828125,1703056
2026-02-18 14:55:00,188.13999938964844,188.92999267578125,187.8300018310547,188.75,1762066
2026-02-18 15:00:00,188.75,189.72000122070312,188.6999969482422,189.69500732421875,2372508
2026-02-18 15:05:00,189.7100067138672,189.759994506836,188.97000122070312,189.2449951171875,2070790
2026-02-18 15:10:00,189.2449951171875,189.4900054931641,189.07000732421875,189.44000244140625,1497500
2026-02-18 15:15:00,189.44000244140625,189.9199981689453,189.3500061035156,189.8800048828125,2037449
2026-02-18 15:20:00,189.8800048828125,190.1390991210937,189.7700042724609,189.9001007080078,2019074
2026-02-18 15:25:00,189.91000366210932,190.2299041748047,189.72999572753903,189.77569580078125,17155333
2026-02-18 15:30:00,189.7700042724609,189.92999267578125,189.3500061035156,189.3600006103516,0
2026-02-18 15:35:00,189.35499572753903,189.6000061035156,189.27999877929688,189.49989318847656,1320096
2026-02-18 15:40:00,189.4850006103516,189.9600067138672,189.46499633789065,189.5850067138672,1541470
2026-02-18 15:45:00,189.5800018310547,189.9058074951172,189.40499877929688,189.7198028564453,1130940
2026-02-18 15:50:00,189.72999572753903,189.7449951171875,189.25,189.6849975585937,1075140
2026-02-18 15:55:00,189.68930053710932,190.13999938964844,189.60499572753903,189.8650054931641,1324709
2026-02-18 16:00:00,189.8600006103516,190.2700042724609,189.8500061035156,190.259994506836,1122940
2026-02-18 16:05:00,190.2420959472656,190.3699951171875,189.88999938964844,189.9398956298828,1227274
2026-02-18 16:10:00,189.94000244140625,190.10989379882807,189.7998046875,189.9149932861328,1011742
2026-02-18 16:15:00,189.91000366210932,189.92999267578125,189.69500732421875,189.7350006103516,831571
2026-02-18 16:20:00,189.73699951171875,189.8600006103516,189.4600067138672,189.85499572753903,1006259
2026-02-18 16:25:00,189.8500061035156,189.9197998046875,189.7100067138672,189.7749938964844,627767
2026-02-18 16:30:00,189.7700042724609,189.9550018310547,189.6100006103516,189.6849975585937,855649
2026-02-18 16:35:00,189.69000244140625,189.7100067138672,189.4501037597656,189.6347045898437,717124
2026-02-18 16:40:00,189.6300048828125,189.67999267578125,189.3800048828125,189.4900054931641,700143
2026-02-18 16:45:00,189.4900054931641,189.6100006103516,189.02999877929688,189.139892578125,1035279
2026-02-18 16:50:00,189.134994506836,189.1499938964844,188.8500061035156,189.0200042724609,1185664
2026-02-18 16:55:00,189.01499938964844,189.0399932861328,188.7324981689453,188.79010009765625,901172
2026-02-18 17:00:00,188.7899932861328,189.08999633789065,188.7100067138672,189.05499267578125,1035930
2026-02-18 17:05:00,189.0599975585937,189.46499633789065,189.0449981689453,189.2949981689453,1160749
2026-02-18 17:10:00,189.30499267578125,189.3500061035156,188.66000366210932,188.67999267578125,940800
2026-02-18 17:15:00,188.6849975585937,189.27999877929688,188.6699981689453,189.22000122070312,1022422
2026-02-18 17:20:00,189.22000122070312,189.3500061035156,189.13999938964844,189.3350067138672,910815
2026-02-18 17:25:00,189.33999633789065,189.41000366210932,189.07000732421875,189.139892578125,657161
2026-02-18 17:30:00,189.139892578125,189.29840087890625,188.97999572753903,189.0050048828125,594179
2026-02-18 17:35:00,189.009994506836,189.1750030517578,188.9600067138672,189.1199951171875,488532
2026-02-18 17:40:00,189.1199951171875,189.1699981689453,188.9750061035156,189.0787048339844,466410
2026-02-18 17:45:00,189.07000732421875,189.2949981689453,188.9476928710937,189.19000244140625,705151
2026-02-18 17:50:00,189.1858062744141,189.2700042724609,189.1450042724609,189.22999572753903,504601
2026-02-18 17:55:00,189.22579956054688,189.3699951171875,189.0500030517578,189.125,485536
2026-02-18 18:00:00,189.1300048828125,189.69500732421875,189.07000732421875,189.5500030517578,833737
2026-02-18 18:05:00,189.5384979248047,189.5500030517578,189.259994506836,189.3350067138672,567988
2026-02-18 18:10:00,189.3249969482422,189.38999938964844,189.16000366210932,189.22000122070312,490199
2026-02-18 18:15:00,189.2250061035156,189.3000030517578,189.1000061035156,189.1450042724609,437230
2026-02-18 18:20:00,189.1499938964844,189.2449951171875,189.0599975585937,189.14010620117188,487460
2026-02-18 18:25:00,189.1499938964844,189.2449951171875,188.8950042724609,188.94000244140625,644080
2026-02-18 18:30:00,188.94000244140625,189.009994506836,188.72999572753903,188.90350341796875,600763
2026-02-18 18:35:00,188.90499877929688,189.02999877929688,188.8800048828125,188.909896850586,667471
2026-02-18 18:40:00,188.8999938964844,188.9250030517578,188.3600006103516,188.44500732421875,1103775
2026-02-18 18:45:00,188.44000244140625,188.67999267578125,188.389892578125,188.60989379882807,879758
2026-02-18 18:50:00,188.60499572753903,188.66000366210932,188.1999969482422,188.61990356445312,955915
2026-02-18 18:55:00,188.6150054931641,188.8999938964844,188.55499267578125,188.8000030517578,828504
2026-02-18 19:00:00,188.8000030517578,188.8500061035156,188.509994506836,188.8249969482422,830338
2026-02-18 19:05:00,188.83999633789065,188.9600067138672,188.6999969482422,188.8302001953125,763541
2026-02-18 19:10:00,188.84500122070312,189.1100006103516,188.7899932861328,189.1000061035156,777726
2026-02-18 19:15:00,189.0957946777344,189.12989807128903,188.8300018310547,188.926498413086,761715
2026-02-18 19:20:00,188.92999267578125,189.0500030517578,188.81329345703125,188.9499969482422,708089
2026-02-18 19:25:00,188.97000122070312,189.0399932861328,188.4801025390625,188.564193725586,879055
2026-02-18 19:30:00,188.55499267578125,188.6699981689453,188.02999877929688,188.2350006103516,1280285
2026-02-18 19:35:00,188.2301025390625,188.25,187.6499938964844,187.84500122070312,1338619
2026-02-18 19:40:00,187.8350067138672,188.04649353027344,187.78990173339844,187.90499877929688,1052156
2026-02-18 19:45:00,187.8999938964844,188.1999969482422,187.82000732421875,188.0749969482422,951423
2026-02-18 19:50:00,188.0599975585937,188.0998992919922,187.47999572753903,187.5800018310547,1149898
2026-02-18 19:55:00,187.56500244140625,187.63999938964844,186.96499633789065,187.0751037597656,1482849
2026-02-18 20:00:00,187.0599975585937,187.4801025390625,186.9900054931641,187.27349853515625,1321820
2026-02-18 20:05:00,187.2700042724609,187.4199981689453,187.1300048828125,187.19000244140625,882864
2026-02-18 20:10:00,187.19000244140625,187.2400054931641,186.8500061035156,187.05990600585932,1359546
2026-02-18 20:15:00,187.0572052001953,187.21499633789065,186.759994506836,187.0599975585937,1216540
2026-02-18 20:20:00,187.0599975585937,187.07000732421875,186.8500061035156,187.0599975585937,1001486
2026-02-18 20:25:00,187.05349731445312,187.1199951171875,186.90499877929688,186.97000122070312,882990
2026-02-18 20:30:00,186.9600067138672,187.4785003662109,186.91000366210932,187.41000366210932,1302303
2026-02-18 20:35:00,187.41000366210932,187.66000366210932,187.281494140625,187.58999633789065,1214993
2026-02-18 20:40:00,187.5998992919922,187.8300018310547,187.4149932861328,187.74400329589844,1269389
2026-02-18 20:45:00,187.75,188.2899932861328,187.7400054931641,188.1898956298828,1453637
2026-02-18 20:50:00,188.19000244140625,188.5,187.3999938964844,188.3500061035156,2279337
2026-02-18 20:55:00,188.3500061035156,188.4499969482422,187.69000244140625,187.88999938964844,48379276
2026-02-19 14:30:00,187.02999877929688,187.38999938964844,186.509994506836,186.7949981689453,3608536
2026-02-19 14:35:00,186.77999877929688,186.92999267578125,186.0399932861328,186.5,1969033
2026-02-19 14:40:00,186.4900054931641,186.5249938964844,185.8000030517578,186.2949981689453,1779005
2026-02-19 14:45:00,186.2700042724609,186.33999633789065,185.66000366210932,186.02999877929688,1755485
2026-02-19 14:50:00,186.009994506836,187.22999572753903,186.009994506836,186.7700042724609,1798791
2026-02-19 14:55:00,186.7655029296875,187.3195037841797,186.6499938964844,186.7550048828125,1319855
2026-02-19 15:00:00,186.72250366210932,187.6300048828125,186.3699951171875,187.2991943359375,1578207
2026-02-19 15:05:00,187.3099975585937,187.634994506836,187.22999572753903,187.4095001220703,1176738
2026-02-19 15:10:00,187.4199981689453,187.884994506836,187.41000366210932,187.8699951171875,1332081
2026-02-19 15:15:00,187.875,188.2899932861328,187.67999267578125,187.8101043701172,1701080
2026-02-19 15:20:00,187.8099975585937,188.1499938964844,187.31500244140625,188.0500030517578,1529619
2026-02-19 15:25:00,188.0442047119141,188.04800415039065,187.4900054931641,187.6190948486328,1021458
2026-02-19 15:30:00,187.6100006103516,188.38999938964844,187.52999877929688,188.3603057861328,1403750
2026-02-19 15:35:00,188.3500061035156,188.42999267578125,188.0601043701172,188.17999267578125,1104538
2026-02-19 15:40:00,188.1750030517578,188.3999938964844,187.939193725586,187.99969482421875,1038027
2026-02-19 15:45:00,188.0,188.13999938964844,187.7400054931641,187.81500244140625,873587
2026-02-19 15:50:00,187.8300018310547,187.83999633789065,187.16000366210932,187.46499633789065,1290053
2026-02-19 15:55:00,187.47999572753903,188.0399932861328,187.4199981689453,187.9199981689453,1056440
2026-02-19 16:00:00,187.9199981689453,187.9900054931641,187.4499969482422,187.4949951171875,850289
2026-02-19 16:05:00,187.4965057373047,187.52999877929688,186.9250030517578,187.159896850586,1231813
2026-02-19 16:10:00,187.1501007080078,187.2899932861328,186.9199981689453,187.1699981689453,889432
2026-02-19 16:15:00,187.1750030517578,187.72000122070312,187.08999633789065,187.5749969482422,1014920
2026-02-19 16:20:00,187.5800018310547,187.87989807128903,187.5800018310547,187.70509338378903,948531
2026-02-19 16:25:00,187.71499633789065,187.8600006103516,187.19000244140625,187.3099975585937,926667
2026-02-19 16:30:00,187.3300018310547,187.7899932861328,187.3300018310547,187.6849975585937,872221
2026-02-19 16:35:00,187.69000244140625,187.72999572753903,187.2100067138672,187.2700042724609,909791
2026-02-19 16:40:00,187.2700042724609,187.3249969482422,186.7899932861328,186.822006225586,944738
2026-02-19 16:45:00,186.82000732421875,186.9600067138672,186.5800018310547,186.76499938964844,950612
2026-02-19 16:50:00,186.759994506836,187.0599975585937,186.44000244140625,187.02999877929688,1065309
2026-02-19 16:55:00,187.0200042724609,187.0599975585937,186.66000366210932,186.68389892578125,775180
2026-02-19 17:00:00,186.69000244140625,186.79010009765625,186.3999938964844,186.5249938964844,948508
2026-02-19 17:05:00,186.5200042724609,186.759994506836,186.44000244140625,186.5664978027344,721023
2026-02-19 17:10:00,186.58999633789065,186.75,186.5,186.67999267578125,581582
2026-02-19 17:15:00,186.69000244140625,186.8500061035156,186.5,186.7899932861328,702747
2026-02-19 17:20:00,186.80029296875,187.0,186.6999969482422,186.85009765625,740672
2026-02-19 17:25:00,186.85499572753903,186.897201538086,186.47999572753903,186.6300048828125,548047
2026-02-19 17:30:00,186.6199951171875,186.6750030517578,186.25010681152344,186.41000366210932,694755
2026-02-19 17:35:00,186.39959716796875,186.4600067138672,186.1649932861328,186.3350067138672,704842
2026-02-19 17:40:00,186.33999633789065,186.5,186.22689819335932,186.30499267578125,627595
2026-02-19 17:45:00,186.3099975585937,186.33999633789065,185.7899932861328,185.91000366210932,896570
2026-02-19 17:50:00,185.9250030517578,186.13999938964844,185.82000732421875,186.009994506836,888617
2026-02-19 17:55:00,186.01499938964844,186.2100067138672,185.87339782714844,185.9499969482422,748201
2026-02-19 18:00:00,185.9499053955078,186.259994506836,185.8999938964844,186.13999938964844,740920
2026-02-19 18:05:00,186.1499938964844,186.3999938964844,186.1499938964844,186.30499267578125,673389
2026-02-19 18:10:00,186.3000030517578,186.5709991455078,186.17999267578125,186.4949951171875,724003
2026-02-19 18:15:00,186.4900054931641,186.5500030517578,186.1000061035156,186.125,638958
2026-02-19 18:20:00,186.12989807128903,186.22999572753903,185.8500061035156,186.1849975585937,672504
2026-02-19 18:25:00,186.17999267578125,186.3500061035156,186.0500030517578,186.19940185546875,543281
2026-02-19 18:30:00,186.17999267578125,186.5099029541016,186.15939331054688,186.2400054931641,655909
2026-02-19 18:35:00,186.25,186.4499053955078,186.19000244140625,186.3650054931641,481813
2026-02-19 18:40:00,186.3600006103516,186.3999938964844,186.22999572753903,186.32000732421875,494741
2026-02-19 18:45:00,186.3056030273437,186.52999877929688,186.3000946044922,186.375,594982
2026-02-19 18:50:00,186.375,186.47000122070312,186.17999267578125,186.40809631347656,549764
2026-02-19 18:55:00,186.41000366210932,186.75,186.3500061035156,186.71499633789065,501205
2026-02-19 19:00:00,186.72000122070312,186.72000122070312,186.4900054931641,186.70350646972656,572448
2026-02-19 19:05:00,186.7050018310547,186.9250030517578,186.63999938964844,186.85009765625,659207
2026-02-19 19:10:00,186.8533935546875,186.8950042724609,186.6150054931641,186.81500244140625,601370
2026-02-19 19:15:00,186.8099975585937,186.9499969482422,186.75,186.94500732421875,469180
2026-02-19 19:20:00,186.9499969482422,187.009994506836,186.8300018310547,186.9750061035156,555792
2026-02-19 19:25:00,186.97000122070312,187.0599975585937,186.330307006836,186.52999877929688,874184
2026-02-19 19:30:00,186.52149963378903,186.8800048828125,186.47999572753903,186.875,718551
2026-02-19 19:35:00,186.875,187.0,186.4600067138672,186.4600067138672,758462
2026-02-19 19:40:00,186.4499969482422,186.7100067138672,186.44000244140625,186.6300048828125,638366
2026-02-19 19:45:00,186.6396026611328,186.6999969482422,186.3625946044922,186.5249938964844,539102
2026-02-19 19:50:00,186.52999877929688,186.6300048828125,186.4949951171875,186.6000061035156,481331
2026-02-19 19:55:00,186.6000061035156,186.72000122070312,186.5500946044922,186.5500946044922,460871
2026-02-19 20:00:00,186.55029296875,187.06500244140625,186.5449981689453,186.9550018310547,810205
2026-02-19 20:05:00,186.9600067138672,186.97000122070312,186.72999572753903,186.74969482421875,549868
2026-02-19 20:10:00,186.75,186.88999938964844,186.7100067138672,186.8099975585937,462325
2026-02-19 20:15:00,186.8099975585937,187.0399932861328,186.7400054931641,187.01950073242188,996092
2026-02-19 20:20:00,187.01499938964844,187.03500366210932,186.8249969482422,186.85499572753903,620661
2026-02-19 20:25:00,186.85499572753903,186.85499572753903,186.66000366210932,186.79510498046875,491640
2026-02-19 20:30:00,186.7899932861328,187.23719787597656,186.72000122070312,187.22000122070312,992416
2026-02-19 20:35:00,187.22900390625,187.2700042724609,187.0399932861328,187.1450042724609,612029
2026-02-19 20:40:00,187.1450042724609,187.2700042724609,186.97999572753903,187.2350006103516,601089
2026-02-19 20:45:00,187.2400054931641,187.60499572753903,187.17999267578125,187.57000732421875,1028393
2026-02-19 20:50:00,187.5599975585937,187.56500244140625,187.259994506836,187.2899932861328,1028333
2026-02-19 20:55:00,187.3000030517578,187.93899536132807,187.3000030517578,187.88999938964844,2349962
2026-02-20 14:30:00,186.5200042724609,188.0200042724609,185.93780517578125,187.6300048828125,7011395
2026-02-20 14:35:00,187.6300048828125,188.4499969482422,187.4394989013672,188.0599975585937,2201964
2026-02-20 14:40:00,188.06219482421875,188.4499969482422,187.85009765625,188.0679931640625,1529191
2026-02-20 14:45:00,188.0599975585937,188.6999969482422,188.0,188.0200042724609,1880752
2026-02-20 14:50:00,188.0500030517578,188.0599975585937,187.5,187.69970703125,1498458
2026-02-20 14:55:00,187.72000122070312,187.75,187.259994506836,187.6499938964844,1237920
2026-02-20 15:00:00,187.65499877929688,189.33999633789065,187.3000030517578,187.48849487304688,2984799
2026-02-20 15:05:00,187.4900054931641,187.6092071533203,186.6699981689453,187.4801025390625,2391708
2026-02-20 15:10:00,187.5,187.8600006103516,187.17999267578125,187.2700042724609,1802548
2026-02-20 15:15:00,187.2700042724609,187.7899932861328,186.5800018310547,187.5399932861328,1977528
2026-02-20 15:20:00,187.5500030517578,188.3800048828125,187.4600067138672,188.1100006103516,1802768
2026-02-20 15:25:00,188.1199951171875,188.2700042724609,187.67999267578125,187.81500244140625,1480757
2026-02-20 15:30:00,187.83999633789065,188.02999877929688,187.51499938964844,187.8800048828125,1391818
2026-02-20 15:35:00,187.8800048828125,188.3600006103516,187.65499877929688,188.2749938964844,1409032
2026-02-20 15:40:00,188.2899932861328,189.22999572753903,187.9129943847656,189.20849609375,1884968
2026-02-20 15:45:00,189.1999969482422,189.65499877929688,188.75,189.5016021728516,2100058
2026-02-20 15:50:00,189.52999877929688,190.17999267578125,189.4300994873047,190.05499267578125,2328166
2026-02-20 15:55:00,190.0599975585937,190.1499938964844,189.82000732421875,190.0449981689453,1615527
2026-02-20 16:00:00,190.02999877929688,190.3300018310547,189.83999633789065,189.94009399414065,1968255
2026-02-20 16:05:00,189.92999267578125,189.97999572753903,189.6000061035156,189.6300048828125,1326242
2026-02-20 16:10:00,189.625,189.8999938964844,189.44200134277344,189.5,1168241
2026-02-20 16:15:00,189.509994506836,189.6300048828125,189.1499938964844,189.22999572753903,1219939
2026-02-20 16:20:00,189.21499633789065,189.21499633789065,188.7700042724609,188.84500122070312,1243989
2026-02-20 16:25:00,188.83999633789065,189.19000244140625,188.57000732421875,188.7949981689453,1416039
2026-02-20 16:30:00,188.7949981689453,189.47999572753903,188.6000061035156,189.33999633789065,1350444
2026-02-20 16:35:00,189.34500122070312,189.6999969482422,189.0599975585937,189.66000366210932,1064031
2026-02-20 16:40:00,189.67999267578125,190.13999938964844,189.5449981689453,189.83009338378903,1476352
2026-02-20 16:45:00,189.8350067138672,190.19000244140625,189.7899932861328,190.06500244140625,1118088
2026-02-20 16:50:00,190.06219482421875,190.1999969482422,189.8500061035156,190.0749969482422,1008696
2026-02-20 16:55:00,190.072998046875,190.16000366210932,189.7400054931641,189.7899932861328,973628
2026-02-20 17:00:00,189.77999877929688,189.8800048828125,189.52999877929688,189.6100006103516,1160856
2026-02-20 17:05:00,189.6199951171875,189.78500366210932,189.4499969482422,189.4765014648437,824417
2026-02-20 17:10:00,189.47999572753903,189.47999572753903,188.7400054931641,188.7698974609375,1189825
2026-02-20 17:15:00,188.76499938964844,188.77999877929688,188.1999969482422,188.34500122070312,1448158
2026-02-20 17:20:00,188.3500061035156,188.47999572753903,187.83999633789065,187.860107421875,1396402
2026-02-20 17:25:00,187.8650054931641,187.94000244140625,187.6300048828125,187.94000244140625,1462058
2026-02-20 17:30:00,187.9349975585937,188.7100067138672,187.8600006103516,188.5749969482422,1591245
2026-02-20 17:35:00,188.5749969482422,188.6699981689453,187.97000122070312,188.3800048828125,1322522
2026-02-20 17:40:00,188.3701019287109,188.4698944091797,188.0399932861328,188.17999267578125,913264
2026-02-20 17:45:00,188.19000244140625,188.5399932861328,187.97000122070312,188.42999267578125,1040977
2026-02-20 17:50:00,188.42999267578125,188.7700042724609,188.3000030517578,188.64649963378903,986716
2026-02-20 17:55:00,188.6300048828125,188.7700042724609,188.1000061035156,188.72000122070312,1090586
2026-02-20 18:00:00,188.69000244140625,188.8598022460937,188.5,188.58999633789065,850557
2026-02-20 18:05:00,188.59950256347656,188.97999572753903,188.509994506836,188.88999938964844,820524
2026-02-20 18:10:00,188.90499877929688,188.91000366210932,188.58999633789065,188.6849975585937,727052
2026-02-20 18:15:00,188.69000244140625,188.69729614257807,188.2826995849609,188.4349975585937,765389
2026-02-20 18:20:00,188.4349975585937,188.72000122070312,188.16000366210932,188.7050018310547,965234
2026-02-20 18:25:00,188.7100067138672,188.8800048828125,188.3500061035156,188.67999267578125,851974
2026-02-20 18:30:00,188.6999969482422,189.5500030517578,188.3300018310547,189.16000366210932,1500901
2026-02-20 18:35:00,189.1699981689453,189.32000732421875,188.527099609375,189.0500030517578,1591800
2026-02-20 18:40:00,189.0399932861328,189.4687957763672,189.02999877929688,189.44000244140625,938448
2026-02-20 18:45:00,189.41000366210932,189.8500061035156,189.41000366210932,189.65499877929688,1207362
2026-02-20 18:50:00,189.6510009765625,189.84500122070312,189.3000030517578,189.83999633789065,954502
2026-02-20 18:55:00,189.83999633789065,189.9199981689453,189.6699981689453,189.81260681152344,738196
2026-02-20 19:00:00,189.8300018310547,190.08999633789065,189.7749938964844,189.97000122070312,993794
2026-02-20 19:05:00,189.9850006103516,190.0334930419922,189.66000366210932,189.78500366210932,853686
2026-02-20 19:10:00,189.78500366210932,189.8500061035156,189.5449981689453,189.58999633789065,705059
2026-02-20 19:15:00,189.58999633789065,189.7899932861328,189.5,189.69000244140625,636910
2026-02-20 19:20:00,189.6999969482422,189.8650054931641,189.6199951171875,189.75,529332
2026-02-20 19:25:00,189.76499938964844,189.78500366210932,189.2350006103516,189.3650054931641,882591
2026-02-20 19:30:00,189.3600006103516,189.5249938964844,189.1699981689453,189.20269775390625,830806
2026-02-20 19:35:00,189.2100067138672,189.2400054931641,189.0,189.07899475097656,851423
2026-02-20 19:40:00,189.0800018310547,189.17999267578125,188.94000244140625,189.03500366210932,631126
2026-02-20 19:45:00,189.0449981689453,189.1999969482422,188.9600067138672,189.1999969482422,652106
2026-02-20 19:50:00,189.1699981689453,189.51499938964844,189.15499877929688,189.3500061035156,797149
2026-02-20 19:55:00,189.3600006103516,189.44970703125,189.12649536132807,189.26510620117188,681599
2026-02-20 20:00:00,189.2700042724609,189.63999938964844,189.1999969482422,189.57000732421875,799209
2026-02-20 20:05:00,189.5500030517578,189.8800048828125,189.54010009765625,189.759994506836,854186
2026-02-20 20:10:00,189.759994506836,189.88999938964844,189.67999267578125,189.7250061035156,646044
2026-02-20 20:15:00,189.72999572753903,189.8300018310547,189.531494140625,189.634994506836,778899
2026-02-20 20:20:00,189.63999938964844,189.6600952148437,189.3999938964844,189.4349975585937,726547
2026-02-20 20:25:00,189.44000244140625,189.5299072265625,189.3600006103516,189.4199981689453,549837
2026-02-20 20:30:00,189.42999267578125,189.57000732421875,189.3699951171875,189.509994506836,688038
2026-02-20 20:35:00,189.509994506836,189.8950042724609,189.509994506836,189.847396850586,744693
2026-02-20 20:40:00,189.84500122070312,189.9499969482422,189.80499267578125,189.8300018310547,847234
2026-02-20 20:45:00,189.8300018310547,189.9499969482422,189.759994506836,189.78500366210932,896933
2026-02-20 20:50:00,189.7899932861328,190.0,189.5599975585937,189.82000732421875,1522850
2026-02-20 20:55:00,189.8099975585937,189.94000244140625,189.6100006103516,189.8300018310547,2919698
2026-02-23 14:30:00,191.44500732421875,193.9499969482422,191.32000732421875,193.07000732421875,16130127
2026-02-23 14:35:00,193.0599975585937,193.39930725097656,192.2899932861328,193.27999877929688,0
2026-02-23 14:40:00,193.2700042724609,193.2700042724609,192.1100006103516,192.33999633789065,11021479
2026-02-23 14:45:00,192.34500122070312,192.77999877929688,192.02999877929688,192.53500366210932,0
2026-02-23 14:50:00,192.5249938964844,193.39700317382807,192.42999267578125,192.97999572753903,2448742
2026-02-23 14:55:00,192.97000122070312,193.33999633789065,192.59500122070312,193.1000061035156,2066389
2026-02-23 15:00:00,193.1100006103516,193.4600067138672,192.3000030517578,192.4550018310547,2199656
2026-02-23 15:05:00,192.4600067138672,192.53500366210932,191.5,191.72000122070312,15901997
2026-02-23 15:10:00,191.71499633789065,192.1649932861328,191.0800018310547,191.4949951171875,0
2026-02-23 15:15:00,191.4900054931641,191.6000061035156,190.9199981689453,191.38999938964844,1992354
2026-02-23 15:20:00,191.3999938964844,191.8500061035156,191.0800018310547,191.74989318847656,1781128
2026-02-23 15:25:00,191.759994506836,191.759994506836,191.2400054931641,191.32000732421875,1161042
2026-02-23 15:30:00,191.3300018310547,191.6696014404297,190.9199981689453,190.9349975585937,1849605
2026-02-23 15:35:00,190.9250030517578,191.33999633789065,190.7803955078125,191.2550048828125,1371873
2026-02-23 15:40:00,191.22000122070312,191.3699951171875,191.07000732421875,191.2449951171875,1165142
2026-02-23 15:45:00,191.2449951171875,191.47000122070312,190.8999938964844,191.2998962402344,1202511
2026-02-23 15:50:00,191.2899932861328,191.4750061035156,190.634994506836,190.6800994873047,1480814
2026-02-23 15:55:00,190.6849975585937,190.71499633789065,190.1800994873047,190.22000122070312,1814952
2026-02-23 16:00:00,190.22999572753903,190.38999938964844,189.6201019287109,189.8699951171875,1839754
2026-02-23 16:05:00,189.8699951171875,190.02999877929688,189.5749969482422,189.94000244140625,1561734
2026-02-23 16:10:00,189.9300994873047,190.2400054931641,189.7825927734375,189.9750061035156,1414135
2026-02-23 16:15:00,189.97999572753903,190.13999938964844,189.64010620117188,190.1100006103516,1338572
2026-02-23 16:20:00,190.1100006103516,190.2899932861328,189.8500061035156,189.9600067138672,1379531
2026-02-23 16:25:00,189.94940185546875,190.5599975585937,189.92999267578125,190.49659729003903,1325630
2026-02-23 16:30:00,190.4900054931641,190.93980407714844,190.4223022460937,190.9369964599609,1492999
2026-02-23 16:35:00,190.94000244140625,191.0,190.6699981689453,190.8551025390625,1156572
2026-02-23 16:40:00,190.8500061035156,191.21499633789065,190.8000030517578,191.21499633789065,26392253
2026-02-23 16:45:00,191.2100067138672,191.32000732421875,190.91000366210932,191.2100982666016,0
2026-02-23 16:50:00,191.22000122070312,191.259994506836,190.91000366210932,190.9550018310547,952208
2026-02-23 16:55:00,190.9600067138672,191.0749969482422,190.6199951171875,190.69500732421875,975344
2026-02-23 17:00:00,190.69000244140625,191.07000732421875,190.66000366210932,190.884994506836,984338
2026-02-23 17:05:00,190.8800048828125,190.9900054931641,190.75,190.8950042724609,810424
2026-02-23 17:10:00,190.884994506836,191.0,190.7935028076172,190.90499877929688,712638
2026-02-23 17:15:00,190.8999938964844,191.19000244140625,190.8600006103516,190.89010620117188,856453
2026-02-23 17:20:00,190.88999938964844,191.0200042724609,190.7899932861328,190.94500732421875,651031
2026-02-23 17:25:00,190.9499969482422,191.1000061035156,190.91000366210932,190.9499969482422,614515
2026-02-23 17:30:00,190.94000244140625,190.97000122070312,190.66000366210932,190.6699981689453,652819
2026-02-23 17:35:00,190.6699981689453,190.6699981689453,189.83999633789065,189.92010498046875,1559083
2026-02-23 17:40:00,189.9250030517578,190.2100067138672,189.7250061035156,190.0599975585937,1215588
2026-02-23 17:45:00,190.0599975585937,190.33999633789065,190.0200042724609,190.0225067138672,1021149
2026-02-23 17:50:00,190.0200042724609,190.8600006103516,189.97999572753903,190.8500061035156,1265349
2026-02-23 17:55:00,190.85989379882807,191.27999877929688,190.7899932861328,191.03500366210932,1214208
2026-02-23 18:00:00,191.0449981689453,191.1999969482422,190.87989807128903,191.0998992919922,822164
2026-02-23 18:05:00,191.08999633789065,191.22000122070312,190.9499969482422,191.125,859114
2026-02-23 18:10:00,191.1300048828125,191.2100067138672,190.92999267578125,191.19500732421875,740676
2026-02-23 18:15:00,191.19500732421875,191.4499969482422,191.1499938964844,191.17999267578125,33244069
2026-02-23 18:20:00,191.1849975585937,191.7400054931641,191.1100006103516,191.7050018310547,0
2026-02-23 18:25:00,191.6999969482422,191.6999969482422,191.3999938964844,191.4600067138672,927986
2026-02-23 18:30:00,191.45590209960932,191.5749969482422,191.2700042724609,191.4850006103516,862905
2026-02-23 18:35:00,191.4850006103516,191.66000366210932,191.40499877929688,191.55450439453125,752593
2026-02-23 18:40:00,191.5599975585937,191.6300048828125,191.4199981689453,191.5,702060
2026-02-23 18:45:00,191.509994506836,191.75,191.4499969482422,191.60499572753903,707163
2026-02-23 18:50:00,191.60499572753903,191.67999267578125,191.32000732421875,191.32000732421875,737598
2026-02-23 18:55:00,191.31500244140625,191.33999633789065,190.77999877929688,190.8999938964844,1121063
2026-02-23 19:00:00,190.9199981689453,191.0800018310547,190.7700042724609,190.9998016357422,916931
2026-02-23 19:05:00,190.9969940185547,191.2570037841797,190.9850006103516,191.06500244140625,807140
2026-02-23 19:10:00,191.06500244140625,191.1699981689453,190.97999572753903,191.0500030517578,36270379
2026-02-23 19:15:00,191.0399932861328,191.08999633789065,190.625,190.9600067138672,1345562
2026-02-23 19:20:00,190.9600067138672,191.0399932861328,190.8699951171875,190.97000122070312,0
2026-02-23 19:25:00,190.97000122070312,190.97000122070312,190.57000732421875,190.5800018310547,693768
2026-02-23 19:30:00,190.57000732421875,190.7749938964844,190.4700927734375,190.4900054931641,697194
2026-02-23 19:35:00,190.4850006103516,190.759994506836,190.47999572753903,190.6800994873047,739581
2026-02-23 19:40:00,190.69650268554688,190.82000732421875,190.3099975585937,190.60499572753903,1007010
2026-02-23 19:45:00,190.601303100586,190.6150054931641,190.19000244140625,190.44000244140625,995416
2026-02-23 19:50:00,190.44000244140625,190.59500122070312,190.3800048828125,190.46499633789065,784311
2026-02-23 19:55:00,190.4600067138672,190.8300018310547,190.32000732421875,190.47999572753903,1140125
2026-02-23 20:00:00,190.47999572753903,190.6699981689453,190.4149932861328,190.47059631347656,668983
2026-02-23 20:05:00,190.47999572753903,190.5399932861328,190.2899932861328,190.3500061035156,647925
2026-02-23 20:10:00,190.3470001220703,190.3600006103516,190.22999572753903,190.31350708007807,661136
2026-02-23 20:15:00,190.3099975585937,190.5850067138672,190.2615966796875,190.5599975585937,879484
2026-02-23 20:20:00,190.5518035888672,190.69500732421875,190.4199981689453,190.6849975585937,835888
2026-02-23 20:25:00,190.69000244140625,190.9499969482422,190.65499877929688,190.88999938964844,1146342
2026-02-23 20:30:00,190.88999938964844,191.47999572753903,190.8699951171875,191.2949981689453,1388503
2026-02-23 20:35:00,191.3000030517578,191.32000732421875,190.88999938964844,190.9799041748047,1274156
2026-02-23 20:40:00,190.9750061035156,191.0200042724609,190.6499938964844,190.92999267578125,1067983
2026-02-23 20:45:00,190.92999267578125,191.27999877929688,190.759994506836,191.25,1366246
2026-02-23 20:50:00,191.25,191.5,191.07899475097656,191.1300048828125,1883598
2026-02-23 20:55:00,191.1199951171875,191.6499938964844,190.91000366210932,191.6100006103516,3773095
2026-02-24 14:30:00,191.4850006103516,192.07000732421875,188.22000122070312,188.6499938964844,8581275
2026-02-24 14:35:00,188.66000366210932,189.38999938964844,187.3999938964844,189.0449981689453,4821762
2026-02-24 14:40:00,189.0200042724609,190.25,189.0200042724609,190.25,3015420
2026-02-24 14:45:00,190.259994506836,190.509994506836,189.8300018310547,190.1649932861328,2378903
2026-02-24 14:50:00,190.15499877929688,190.5,189.8950042724609,190.0800018310547,1826032
2026-02-24 14:55:00,190.0599975585937,190.0800018310547,189.4499969482422,189.75,1695559
2026-02-24 15:00:00,189.72999572753903,190.509994506836,189.5599975585937,190.2830047607422,1743364
2026-02-24 15:05:00,190.27999877929688,190.97000122070312,190.2100982666016,190.82000732421875,1836548
2026-02-24 15:10:00,190.8300018310547,191.27999877929688,190.5599975585937,190.8099975585937,1522645
2026-02-24 15:15:00,190.8199005126953,191.1000061035156,190.5399932861328,190.82000732421875,1246190
2026-02-24 15:20:00,190.82000732421875,191.6199951171875,190.76060485839844,191.57000732421875,18003946
2026-02-24 15:25:00,191.57000732421875,192.05499267578125,191.41000366210932,192.009994506836,0
2026-02-24 15:30:00,192.0,192.1150054931641,191.76199340820312,192.0200042724609,1389231
2026-02-24 15:35:00,192.0,192.1194000244141,191.7700042724609,191.8500061035156,1229630
2026-02-24 15:40:00,191.83999633789065,192.0399932861328,191.71499633789065,191.9149932861328,1051975
2026-02-24 15:45:00,191.90499877929688,192.6999969482422,191.81869506835932,192.6199951171875,1653667
2026-02-24 15:50:00,192.6100006103516,192.62710571289065,192.1499938964844,192.25750732421875,1735979
2026-02-24 15:55:00,192.259994506836,192.32000732421875,192.0599975585937,192.1999969482422,1100295
2026-02-24 16:00:00,192.1999969482422,192.58999633789065,192.1000061035156,192.5249938964844,1599678
2026-02-24 16:05:00,192.5207061767578,192.66000366210932,192.3300018310547,192.57000732421875,1292716
2026-02-24 16:10:00,192.57000732421875,193.1000061035156,192.3600006103516,193.03500366210932,1715832
2026-02-24 16:15:00,193.03500366210932,193.25,192.4597930908203,192.46969604492188,1590589
2026-02-24 16:20:00,192.4600067138672,192.4669952392578,191.97999572753903,192.1999969482422,26106783
2026-02-24 16:25:00,192.1929931640625,192.5800018310547,192.0500030517578,192.1499938964844,0
2026-02-24 16:30:00,192.1501007080078,192.2100067138672,191.9149932861328,191.97000122070312,919645
2026-02-24 16:35:00,191.9705047607422,192.1699981689453,191.92999267578125,192.0500030517578,839619
2026-02-24 16:40:00,192.0399932861328,192.13009643554688,191.8800048828125,192.0200042724609,757403
2026-02-24 16:45:00,192.01499938964844,192.34500122070312,192.0,192.3099975585937,1011893
2026-02-24 16:50:00,192.3000030517578,193.13999938964844,192.25,193.1000061035156,1326867
2026-02-24 16:55:00,193.09500122070312,193.3500061035156,192.91000366210932,192.9199981689453,1523046
2026-02-24 17:00:00,192.92999267578125,193.0500030517578,192.8000030517578,192.9199981689453,1020114
2026-02-24 17:05:00,192.9149932861328,193.52999877929688,192.9149932861328,193.48980712890625,1407361
2026-02-24 17:10:00,193.4750061035156,193.75,193.4600067138672,193.5399932861328,1637787
2026-02-24 17:15:00,193.52999877929688,193.6499938964844,193.259994506836,193.3195037841797,974439
2026-02-24 17:20:00,193.3099975585937,193.4199981689453,193.1699981689453,193.1954040527344,744635
2026-02-24 17:25:00,193.1999969482422,193.6100006103516,193.19000244140625,193.2350006103516,1100944
2026-02-24 17:30:00,193.23989868164065,193.4600067138672,193.1199951171875,193.375,760973
2026-02-24 17:35:00,193.3800048828125,193.6000061035156,193.3600006103516,193.375,757697
2026-02-24 17:40:00,193.3699951171875,193.422607421875,193.19000244140625,193.2550048828125,671588
2026-02-24 17:45:00,193.25,193.3350067138672,193.0041961669922,193.27999877929688,986197
2026-02-24 17:50:00,193.27999877929688,193.32000732421875,193.13999938964844,193.25979614257807,613388
2026-02-24 17:55:00,193.2550048828125,193.2899932861328,193.0800018310547,193.1000061035156,596876
2026-02-24 18:00:00,193.08999633789065,193.41000366210932,193.0800018310547,193.3600006103516,708717
2026-02-24 18:05:00,193.35499572753903,193.35499572753903,193.17999267578125,193.2350006103516,34337675
2026-02-24 18:10:00,193.2400054931641,193.3500061035156,193.1999969482422,193.27999877929688,0
2026-02-24 18:15:00,193.2749938964844,193.35499572753903,193.25,193.3099975585937,427439
2026-02-24 18:20:00,193.3099975585937,193.42999267578125,193.13999938964844,193.1649932861328,722436
2026-02-24 18:25:00,193.16000366210932,193.1699981689453,192.8800048828125,192.94009399414065,868118
2026-02-24 18:30:00,192.94500732421875,192.9600067138672,192.8000030517578,192.88999938964844,629372
2026-02-24 18:35:00,192.8800048828125,193.0800018310547,192.7100067138672,193.05499267578125,838070
2026-02-24 18:40:00,193.05499267578125,193.08999633789065,192.91000366210932,192.94500732421875,519751
2026-02-24 18:45:00,192.9550018310547,193.0200042724609,192.6100006103516,192.7100067138672,755923
2026-02-24 18:50:00,192.7100067138672,192.8101959228516,192.57000732421875,192.6150054931641,792234
2026-02-24 18:55:00,192.6150054931641,192.82000732421875,192.5200042724609,192.6150054931641,715807
2026-02-24 19:00:00,192.6199951171875,192.7899932861328,192.46499633789065,192.67999267578125,696504
2026-02-24 19:05:00,192.6750030517578,192.7899932861328,192.5200042724609,192.7350006103516,725266
2026-02-24 19:10:00,192.7350006103516,192.8300018310547,192.5449981689453,192.65499877929688,687050
2026-02-24 19:15:00,192.65499877929688,192.66000366210932,192.2700042724609,192.47000122070312,763740
2026-02-24 19:20:00,192.47000122070312,192.5599975585937,192.3500061035156,192.4600067138672,654184
2026-02-24 19:25:00,192.47000122070312,192.5699005126953,192.16000366210932,192.42999267578125,866483
2026-02-24 19:30:00,192.4349975585937,192.7449951171875,192.4001007080078,192.62359619140625,800993
2026-02-24 19:35:00,192.6300048828125,192.6999969482422,192.57000732421875,192.6199951171875,531368
2026-02-24 19:40:00,192.6199951171875,192.7700042724609,192.47999572753903,192.54299926757807,703954
2026-02-24 19:45:00,192.5449981689453,192.91000366210932,192.4900054931641,192.8699951171875,775507
2026-02-24 19:50:00,192.8719940185547,193.0500030517578,192.6499938964844,192.6649932861328,1085422
2026-02-24 19:55:00,192.66000366210932,192.8699951171875,192.6100006103516,192.72000122070312,914337
2026-02-24 20:00:00,192.72979736328125,192.8099975585937,192.58999633789065,192.71499633789065,41351541
2026-02-24 20:05:00,192.72000122070312,192.79969787597656,192.57000732421875,192.593002319336,0
2026-02-24 20:10:00,192.6000061035156,192.78500366210932,192.53500366210932,192.6999053955078,782932
2026-02-24 20:15:00,192.697006225586,192.97999572753903,192.58999633789065,192.97000122070312,891104
2026-02-24 20:20:00,192.9600067138672,192.9850006103516,192.8300018310547,192.8950042724609,721621
2026-02-24 20:25:00,192.8950042724609,192.94000244140625,192.72999572753903,192.78500366210932,822958
2026-02-24 20:30:00,192.7899932861328,192.9900054931641,192.78500366210932,192.9250030517578,863001
2026-02-24 20:35:00,192.9199981689453,193.0200042724609,192.8419952392578,192.94000244140625,856567
2026-02-24 20:40:00,192.94500732421875,193.19000244140625,192.9044952392578,193.17999267578125,1044817
2026-02-24 20:45:00,193.1750030517578,193.6000061035156,193.16000366210932,193.4828948974609,1562304
2026-02-24 20:50:00,193.4900054931641,193.7700042724609,193.1300048828125,193.47999572753903,2167752
2026-02-24 20:55:00,193.47999572753903,193.47999572753903,192.66000366210932,192.8699951171875,3676081
2026-02-25 14:30:00,194.47000122070312,195.0,194.02999877929688,194.07000732421875,7856915
2026-02-25 14:35:00,194.0800018310547,194.64990234375,193.8000030517578,194.39990234375,3071117
2026-02-25 14:40:00,194.3950042724609,194.8300018310547,194.17999267578125,194.639892578125,2533625
2026-02-25 14:45:00,194.6199951171875,195.0,194.509994506836,194.8350067138672,2238096
2026-02-25 14:50:00,194.83999633789065,195.8699951171875,194.7550048828125,195.7803955078125,4228883
2026-02-25 14:55:00,195.77999877929688,195.9600067138672,195.22999572753903,195.83999633789065,2667354
2026-02-25 15:00:00,195.8300018310547,196.3679962158203,195.82000732421875,196.2700042724609,3172051
2026-02-25 15:05:00,196.27999877929688,196.5599975585937,196.13009643554688,196.13009643554688,2596712
2026-02-25 15:10:00,196.1363067626953,196.22999572753903,195.5599975585937,195.5749969482422,2478607
2026-02-25 15:15:00,195.5749969482422,195.72999572753903,195.1499938964844,195.3963928222656,2225744
2026-02-25 15:20:00,195.39450073242188,195.82000732421875,195.2203063964844,195.5599975585937,2330176
2026-02-25 15:25:00,195.57000732421875,196.0500030517578,195.5599975585937,196.04510498046875,20105426
2026-02-25 15:30:00,196.04010009765625,196.1499938964844,195.6499938964844,195.67999267578125,0
2026-02-25 15:35:00,195.6849975585937,195.8699951171875,195.5,195.7899932861328,1678596
2026-02-25 15:40:00,195.78500366210932,195.94000244140625,195.66000366210932,195.66510009765625,1016184
2026-02-25 15:45:00,195.66769409179688,195.8500061035156,195.5,195.82000732421875,1022157
2026-02-25 15:50:00,195.8251037597656,196.2277069091797,195.75,196.0655059814453,1649897
2026-02-25 15:55:00,196.06500244140625,196.32000732421875,196.04510498046875,196.2100067138672,1454682
2026-02-25 16:00:00,196.2100067138672,196.3099975585937,196.0800018310547,196.1600952148437,1207305
2026-02-25 16:05:00,196.16000366210932,196.5800018310547,196.1112060546875,196.5601043701172,1596432
2026-02-25 16:10:00,196.5605010986328,196.6199951171875,196.3500061035156,196.52999877929688,1400956
2026-02-25 16:15:00,196.5249938964844,196.5493011474609,196.0749969482422,196.15020751953125,1264524
2026-02-25 16:20:00,196.134994506836,196.2700042724609,195.8099975585937,196.2350006103516,1526672
2026-02-25 16:25:00,196.2350006103516,196.47000122070312,196.0800018310547,196.33999633789065,1252301
2026-02-25 16:30:00,196.3300018310547,196.67990112304688,196.3300018310547,196.50010681152344,1525389
2026-02-25 16:35:00,196.5039978027344,197.08999633789065,196.5,197.0249938964844,30547029
2026-02-25 16:40:00,197.0200042724609,197.1499938964844,196.9499969482422,197.08999633789065,0
2026-02-25 16:45:00,197.1000061035156,197.32000732421875,196.9600067138672,197.0249938964844,1872517
2026-02-25 16:50:00,197.0249938964844,197.1699981689453,196.97999572753903,197.03500366210932,1166217
2026-02-25 16:55:00,197.026596069336,197.09500122070312,196.8699951171875,197.0601043701172,1068579
2026-02-25 17:00:00,197.06500244140625,197.1999969482422,196.8650054931641,197.0200042724609,1255182
2026-02-25 17:05:00,197.0296936035156,197.4600067138672,197.0249938964844,197.3500061035156,1590286
2026-02-25 17:10:00,197.3300018310547,197.5800018310547,197.3000030517578,197.5299072265625,1398233
2026-02-25 17:15:00,197.5249938964844,197.62989807128903,197.259994506836,197.53500366210932,1269727
2026-02-25 17:20:00,197.52999877929688,197.6199951171875,197.44000244140625,197.55499267578125,1058480
2026-02-25 17:25:00,197.5449981689453,197.58999633789065,197.2700042724609,197.3600006103516,1181207
2026-02-25 17:30:00,197.35009765625,197.52999877929688,197.2100067138672,197.2250061035156,1016868
2026-02-25 17:35:00,197.22369384765625,197.3999938964844,197.19500732421875,197.3350067138672,812275
2026-02-25 17:40:00,197.3350067138672,197.3800048828125,197.25,197.35499572753903,734133
2026-02-25 17:45:00,197.3600006103516,197.3999938964844,197.17999267578125,197.2745056152344,36531668
2026-02-25 17:50:00,197.2749938964844,197.3000030517578,197.1100006103516,197.12730407714844,0
2026-02-25 17:55:00,197.1199951171875,197.1999969482422,197.0399932861328,197.07000732421875,771351
2026-02-25 18:00:00,197.0800018310547,197.1699981689453,196.7899932861328,196.8600006103516,1138569
2026-02-25 18:05:00,196.85499572753903,196.94000244140625,196.75,196.78619384765625,874511
2026-02-25 18:10:00,196.78500366210932,196.8999938964844,196.75,196.80990600585932,887102
2026-02-25 18:15:00,196.8029937744141,196.83999633789065,196.6199951171875,196.6750030517578,939670
2026-02-25 18:20:00,196.6750030517578,196.7400054931641,196.60499572753903,196.68370056152344,748568
2026-02-25 18:25:00,196.6898956298828,196.83999633789065,196.6634979248047,196.7299041748047,39012209
2026-02-25 18:30:00,196.7250061035156,196.8000030517578,196.67999267578125,196.7465057373047,0
2026-02-25 18:35:00,196.7400054931641,196.82000732421875,196.4810028076172,196.5449981689453,1135578
2026-02-25 18:40:00,196.5399932861328,196.8000030517578,196.51499938964844,196.7100067138672,878978
2026-02-25 18:45:00,196.71499633789065,196.77999877929688,196.66000366210932,196.72999572753903,672276
2026-02-25 18:50:00,196.7250061035156,196.7400054931641,196.5850067138672,196.6602020263672,40238490
2026-02-25 18:55:00,196.66510009765625,196.72999572753903,196.5800018310547,196.625,0
2026-02-25 19:00:00,196.6199951171875,196.9900054931641,196.6100006103516,196.94500732421875,1120449
2026-02-25 19:05:00,196.94500732421875,197.13999938964844,196.8600006103516,197.1100006103516,1397061
2026-02-25 19:10:00,197.10499572753903,197.22999572753903,197.063705444336,197.17990112304688,977794
2026-02-25 19:15:00,197.1750030517578,197.4499969482422,197.16000366210932,197.4248046875,1188133
2026-02-25 19:20:00,197.42999267578125,197.4349975585937,197.1999969482422,197.2550048828125,1052616
2026-02-25 19:25:00,197.2550048828125,197.3000030517578,197.0599975585937,197.0998992919922,979984
2026-02-25 19:30:00,197.0890045166016,197.27999877929688,196.97000122070312,197.0350952148437,1257726
2026-02-25 19:35:00,197.0050048828125,197.2550048828125,196.8999938964844,197.19500732421875,1061191
2026-02-25 19:40:00,197.19500732421875,197.259994506836,197.1000061035156,197.1849975585937,896232
2026-02-25 19:45:00,197.17999267578125,197.27999877929688,197.07000732421875,197.2350006103516,886957
2026-02-25 19:50:00,197.2350006103516,197.3300018310547,197.1300048828125,197.30630493164065,1012570
2026-02-25 19:55:00,197.30990600585932,197.3699951171875,197.1000061035156,197.17999267578125,46513580
2026-02-25 20:00:00,197.1750030517578,197.2100067138672,197.0399932861328,197.1000061035156,0
2026-02-25 20:05:00,197.1000061035156,197.2400054931641,197.0249938964844,197.1649932861328,1103209
2026-02-25 20:10:00,197.1699981689453,197.1699981689453,196.67999267578125,196.8000030517578,1349069
2026-02-25 20:15:00,196.80499267578125,197.07000732421875,196.6999969482422,197.0074005126953,49317716
2026-02-25 20:20:00,197.0050048828125,197.0500030517578,196.8099975585937,196.9600067138672,0
2026-02-25 20:25:00,196.9499969482422,197.0399932861328,196.8699951171875,196.8950042724609,1222408
2026-02-25 20:30:00,196.88999938964844,197.1000061035156,196.6000061035156,196.84500122070312,2091396
2026-02-25 20:35:00,196.84500122070312,196.97999572753903,196.58999633789065,196.94500732421875,1396833
2026-02-25 20:40:00,196.94000244140625,197.2100067138672,196.8800048828125,197.19630432128903,1801636
2026-02-25 20:45:00,197.19000244140625,197.19000244140625,196.82009887695312,196.875,2000541
2026-02-25 20:50:00,196.8699951171875,196.91510009765625,196.3800048828125,196.41000366210932,3065224
2026-02-25 20:55:00,196.4199981689453,196.47000122070312,195.5200042724609,195.8800048828125,6420487
2026-02-26 14:30:00,194.2100067138672,194.2100067138672,190.9499969482422,191.009994506836,15883745
2026-02-26 14:35:00,191.009994506836,191.3999938964844,189.41000366210932,191.3699951171875,9709220
2026-02-26 14:40:00,191.3800048828125,191.7100067138672,189.6000061035156,189.9850006103516,6851522
2026-02-26 14:45:00,188.89990234375,190.0050048828125,188.27999877929688,188.97999572753903,6867579
2026-02-26 14:50:00,188.9810028076172,189.8699951171875,188.39990234375,189.30499267578125,33833907
2026-02-26 14:55:00,189.28500366210932,189.97000122070312,189.009994506836,189.38999938964844,0
2026-02-26 15:00:00,189.3800048828125,189.7100067138672,187.9550018310547,188.57009887695312,4942993
2026-02-26 15:05:00,188.5850067138672,189.0200042724609,188.25,188.5449981689453,3888669
2026-02-26 15:10:00,188.5500030517578,188.7799072265625,186.8600006103516,186.88999938964844,5344357
2026-02-26 15:15:00,186.88999938964844,187.1199951171875,185.8999938964844,186.409896850586,5434010
2026-02-26 15:20:00,186.40499877929688,186.759994506836,185.5800018310547,185.7200927734375,4974031
2026-02-26 15:25:00,185.72999572753903,186.8000030517578,185.71499633789065,186.09500122070312,4888192
2026-02-26 15:30:00,186.1000061035156,186.25979614257807,184.5800018310547,184.7550048828125,54731807
2026-02-26 15:35:00,184.75,186.3999938964844,184.72999572753903,186.38999938964844,0
2026-02-26 15:40:00,186.38999938964844,186.8000030517578,186.1501007080078,186.7050018310547,4253232
2026-02-26 15:45:00,186.7100067138672,186.8600006103516,185.85009765625,186.38999938964844,3442826
2026-02-26 15:50:00,186.3813018798828,186.5500030517578,185.88999938964844,186.38999938964844,2411516
2026-02-26 15:55:00,186.3800048828125,186.6499938964844,186.0599975585937,186.32899475097656,2556089
2026-02-26 16:00:00,186.3300018310547,187.1699981689453,186.2400054931641,187.1499938964844,3338147
2026-02-26 16:05:00,187.13999938964844,187.4600067138672,186.94000244140625,187.1499938964844,2999621
2026-02-26 16:10:00,187.16000366210932,187.5500030517578,187.0399932861328,187.30499267578125,2477432
2026-02-26 16:15:00,187.30499267578125,187.6300048828125,187.22999572753903,187.31500244140625,2325523
2026-02-26 16:20:00,187.3000030517578,187.6699981689453,187.16000366210932,187.4801025390625,1957795
2026-02-26 16:25:00,187.4900054931641,187.93980407714844,187.46499633789065,187.8249969482422,2017967
2026-02-26 16:30:00,187.77999877929688,187.9600067138672,187.6100006103516,187.8800048828125,1659630
2026-02-26 16:35:00,187.88999938964844,187.97000122070312,187.1999969482422,187.3500061035156,70887735
2026-02-26 16:40:00,187.3560943603516,187.5500030517578,186.72000122070312,186.7350006103516,0
2026-02-26 16:45:00,186.7393951416016,186.9250030517578,186.53500366210932,186.7998962402344,1715226
2026-02-26 16:50:00,186.8000030517578,186.97000122070312,186.6300048828125,186.67999267578125,1423010
2026-02-26 16:55:00,186.6999969482422,186.72000122070312,185.8500061035156,185.89649963378903,1907349
2026-02-26 17:00:00,185.88999938964844,186.82000732421875,185.88999938964844,186.8000030517578,2389420
2026-02-26 17:05:00,186.7899932861328,187.2899932861328,186.75,187.1499938964844,1701844
2026-02-26 17:10:00,187.1499938964844,187.47000122070312,187.01600646972656,187.02340698242188,1576516
2026-02-26 17:15:00,187.0200042724609,187.22000122070312,186.6300048828125,187.15899658203125,1512132
2026-02-26 17:20:00,187.15499877929688,187.384994506836,187.0,187.384994506836,1206996
2026-02-26 17:25:00,187.384994506836,187.69000244140625,187.2301025390625,187.5749969482422,1422736
2026-02-26 17:30:00,187.57000732421875,188.1199951171875,187.54010009765625,187.86990356445312,1946840
2026-02-26 17:35:00,187.8699951171875,187.8699951171875,186.97000122070312,187.09500122070312,1727691
2026-02-26 17:40:00,187.09500122070312,187.19000244140625,186.58999633789065,186.6199951171875,1386109
2026-02-26 17:45:00,186.622802734375,186.7899932861328,186.1999969482422,186.3798065185547,1623764
2026-02-26 17:50:00,186.3701934814453,186.75,186.1999969482422,186.6501007080078,1635637
2026-02-26 17:55:00,186.6499938964844,186.91000366210932,186.4349975585937,186.76499938964844,1240737
2026-02-26 18:00:00,186.75,186.7700042724609,185.94000244140625,185.97999572753903,1598047
2026-02-26 18:05:00,185.9806060791016,186.1499938964844,185.1999969482422,185.41000366210932,2634860
2026-02-26 18:10:00,185.40499877929688,185.68020629882807,184.97000122070312,185.16000366210932,2383475
2026-02-26 18:15:00,185.14990234375,185.3800048828125,184.8600006103516,185.360595703125,1801192
2026-02-26 18:20:00,185.3699951171875,185.52999877929688,185.0399932861328,185.5249938964844,1486840
2026-02-26 18:25:00,185.51109313964844,185.51499938964844,185.2700042724609,185.35499572753903,1006780
2026-02-26 18:30:00,185.34500122070312,185.7400054931641,184.97000122070312,185.6697998046875,2016788
2026-02-26 18:35:00,185.6699981689453,185.9600067138672,185.47000122070312,185.8999938964844,1750263
2026-02-26 18:40:00,185.88999938964844,185.9900054931641,185.5800018310547,185.61990356445312,91112816
2026-02-26 18:45:00,185.634994506836,185.87030029296875,185.0399932861328,185.17970275878903,0
2026-02-26 18:50:00,185.17999267578125,185.1849975585937,184.822998046875,185.12559509277344,1500520
2026-02-26 18:55:00,185.1199951171875,185.42999267578125,185.0500030517578,185.22000122070312,1542489
2026-02-26 19:00:00,185.2100067138672,186.07000732421875,185.1300048828125,185.94630432128903,1600995
2026-02-26 19:05:00,185.9600067138672,186.5399932861328,185.9250030517578,186.5249938964844,1946778
2026-02-26 19:10:00,186.53500366210932,186.6999969482422,185.96499633789065,186.1499938964844,1972475
2026-02-26 19:15:00,186.1450042724609,186.41000366210932,185.8699951171875,185.875,1720542
2026-02-26 19:20:00,185.8699951171875,185.88999938964844,185.44000244140625,185.44500732421875,1513111
2026-02-26 19:25:00,185.44000244140625,185.625,185.25,185.2998962402344,1529153
2026-02-26 19:30:00,185.2949981689453,185.6499938964844,185.2949981689453,185.4564971923828,1326730
2026-02-26 19:35:00,185.45849609375,185.5200042724609,184.94900512695312,185.03970336914065,1678416
2026-02-26 19:40:00,185.03500366210932,185.42999267578125,185.009994506836,185.2899932861328,101170701
2026-02-26 19:45:00,185.28500366210932,185.71969604492188,185.25,185.30499267578125,2291053
2026-02-26 19:50:00,185.3000030517578,185.52999877929688,185.07000732421875,185.46710205078125,0
2026-02-26 19:55:00,185.47000122070312,185.82000732421875,185.3999938964844,185.3999938964844,1700083
2026-02-26 20:00:00,185.38999938964844,185.4600067138672,185.08999633789065,185.2400054931641,1835870
2026-02-26 20:05:00,185.22999572753903,185.40499877929688,184.8999938964844,184.8999938964844,1572412
2026-02-26 20:10:00,184.9250030517578,185.02999877929688,184.33999633789065,184.38150024414065,2193245
2026-02-26 20:15:00,184.375,184.88999938964844,184.31500244140625,184.83999633789065,1933980
2026-02-26 20:20:00,184.8385009765625,184.97000122070312,184.66000366210932,184.9600982666016,1579121
2026-02-26 20:25:00,184.96499633789065,185.1999969482422,184.57000732421875,184.6898956298828,2101005
2026-02-26 20:30:00,184.67999267578125,185.2749938964844,184.6300048828125,185.19000244140625,1798292
2026-02-26 20:35:00,185.2100067138672,185.5500030517578,185.05499267578125,185.5,1845054
2026-02-26 20:40:00,185.4949951171875,185.5,184.5399932861328,184.8699951171875,115663047
2026-02-26 20:45:00,184.8699951171875,184.97999572753903,184.33999633789065,184.6569976806641,0
2026-02-26 20:50:00,184.6649932861328,185.19000244140625,184.6499938964844,184.91000366210932,3489798
2026-02-26 20:55:00,184.8999938964844,185.0500030517578,184.56500244140625,184.8999938964844,5235309
2026-02-27 14:30:00,181.22000122070312,181.7899932861328,180.00999450683594,180.45790100097656,13742553
2026-02-27 14:35:00,180.4499969482422,181.69000244140625,179.72999572753906,181.60499572753903,6103782
2026-02-27 14:40:00,181.60499572753903,181.659896850586,179.85000610351562,180.60499572753903,4028886
2026-02-27 14:45:00,180.61090087890625,181.16000366210932,180.3000030517578,180.82899475097656,2992407
2026-02-27 14:50:00,180.8300018310547,180.9600067138672,179.9499969482422,179.97970581054688,2925942
2026-02-27 14:55:00,179.97000122070312,180.28500366210932,179.57000732421875,179.7949981689453,3887035
2026-02-27 15:00:00,179.78500366210938,181.5599975585937,179.72999572753906,181.5599975585937,3582076
2026-02-27 15:05:00,181.5626983642578,182.4300994873047,181.47999572753903,182.13999938964844,3974473
2026-02-27 15:10:00,182.13999938964844,182.5800018310547,181.97000122070312,182.0399932861328,2800504
2026-02-27 15:15:00,182.02999877929688,182.28500366210932,180.85499572753903,181.26499938964844,27867088
2026-02-27 15:20:00,181.2749938964844,181.66000366210932,181.0599975585937,181.52999877929688,0
2026-02-27 15:25:00,181.52999877929688,182.1649932861328,181.1519927978516,181.8350067138672,2279415
2026-02-27 15:30:00,181.83999633789065,181.97999572753903,181.3699951171875,181.53500366210932,1693733
2026-02-27 15:35:00,181.53500366210932,181.97999572753903,181.4850006103516,181.7449951171875,1535921
2026-02-27 15:40:00,181.7449951171875,182.0500030517578,181.58999633789065,181.9149932861328,1526018
2026-02-27 15:45:00,181.90499877929688,182.25,181.41000366210932,181.4300994873047,2026886
2026-02-27 15:50:00,181.44000244140625,181.5200042724609,181.07000732421875,181.26499938964844,1497392
2026-02-27 15:55:00,181.2700042724609,181.60499572753903,181.1000061035156,181.51499938964844,1350077
2026-02-27 16:00:00,181.5200042724609,181.94000244140625,181.4100952148437,181.6849975585937,1231468
2026-02-27 16:05:00,181.6849975585937,181.93980407714844,181.3999938964844,181.4398956298828,1300200
2026-02-27 16:10:00,181.44000244140625,181.72999572753903,181.3099975585937,181.56500244140625,1168779
2026-02-27 16:15:00,181.5599975585937,181.8500061035156,181.3350067138672,181.71499633789065,1254808
2026-02-27 16:20:00,181.7050018310547,181.7100067138672,181.2050018310547,181.2875061035156,1188091
2026-02-27 16:25:00,181.2949981689453,181.6051025390625,181.0,181.0200042724609,1465235
2026-02-27 16:30:00,181.02999877929688,181.4600067138672,180.9750061035156,181.31500244140625,1394646
2026-02-27 16:35:00,181.32000732421875,181.38999938964844,180.67999267578125,180.72900390625,1399442
2026-02-27 16:40:00,180.72000122070312,180.759994506836,180.2100067138672,180.2299041748047,1658576
2026-02-27 16:45:00,180.2250061035156,180.509994506836,180.1300048828125,180.17849731445312,1243903
2026-02-27 16:50:00,180.1719970703125,180.8699951171875,180.1699981689453,180.8249969482422,1396870
2026-02-27 16:55:00,180.82000732421875,181.0,180.27999877929688,180.35499572753903,1256956
2026-02-27 17:00:00,180.3500061035156,180.69500732421875,180.2949981689453,180.40499877929688,1080788
2026-02-27 17:05:00,180.409896850586,180.63999938964844,180.3000030517578,180.5599975585937,947691
2026-02-27 17:10:00,180.56500244140625,180.60499572753903,179.86000061035156,179.9499969482422,1919005
2026-02-27 17:15:00,179.9600067138672,179.97000122070312,179.67999267578125,179.72500610351562,1431285
2026-02-27 17:20:00,179.72000122070312,179.77000427246094,179.0500030517578,179.4949951171875,2270845
2026-02-27 17:25:00,179.49000549316406,179.9250030517578,179.26499938964844,179.9149932861328,1647733
2026-02-27 17:30:00,179.9250030517578,180.2899932861328,179.77499389648438,180.0780029296875,1495159
2026-02-27 17:35:00,180.07000732421875,180.25,179.85000610351562,179.97500610351562,1177100
2026-02-27 17:40:00,179.97500610351562,180.09750366210938,179.60000610351562,179.72500610351562,1039798
2026-02-27 17:45:00,179.72500610351562,179.77000427246094,179.39999389648438,179.6999969482422,1278692
2026-02-27 17:50:00,179.7100067138672,179.8300018310547,179.49000549316406,179.66000366210938,978518
2026-02-27 17:55:00,179.6699981689453,179.86500549316406,179.66009521484375,179.75509643554688,747503
2026-02-27 18:00:00,179.75,179.82000732421875,179.25010681152344,179.6663055419922,1242402
2026-02-27 18:05:00,179.66000366210938,179.77000427246094,179.42999267578125,179.5050048828125,806714
2026-02-27 18:10:00,179.5,179.64500427246094,179.1999969482422,179.2949981689453,1105434
2026-02-27 18:15:00,179.28500366210938,179.30999755859375,178.8000030517578,178.860107421875,2027796
2026-02-27 18:20:00,178.86000061035156,179.04989624023438,178.64999389648438,178.94000244140625,1627265
2026-02-27 18:25:00,178.9499053955078,179.08999633789062,178.77499389648438,178.97000122070312,1088227
2026-02-27 18:30:00,178.97889709472656,179.0500030517578,178.7899932861328,178.8551025390625,968565
2026-02-27 18:35:00,178.85499572753906,179.07000732421875,178.83999633789062,179.0399932861328,1018011
2026-02-27 18:40:00,179.02999877929688,179.30999755859375,178.75999450683594,178.76010131835938,1349260
2026-02-27 18:45:00,178.77000427246094,178.8000030517578,178.51199340820312,178.55999755859375,1433675
2026-02-27 18:50:00,178.5500030517578,178.61630249023438,178.33999633789062,178.36500549316406,1544051
2026-02-27 18:55:00,178.36500549316406,178.4499053955078,178.1699981689453,178.38999938964844,1263977
2026-02-27 19:00:00,178.3800048828125,178.99000549316406,178.3350067138672,178.9694061279297,1807489
2026-02-27 19:05:00,178.96009826660156,179.0800018310547,178.5399932861328,178.5850067138672,1586221
2026-02-27 19:10:00,178.5800018310547,178.66000366210938,178.3350067138672,178.35000610351562,1357843
2026-02-27 19:15:00,178.35000610351562,178.5,178.27000427246094,178.27000427246094,63571646
2026-02-27 19:20:00,178.2799072265625,178.50999450683594,178.10000610351562,178.4600067138672,0
2026-02-27 19:25:00,178.47000122070312,178.7100067138672,178.35000610351562,178.6649932861328,1265602
2026-02-27 19:30:00,178.6699981689453,178.8000030517578,178.4199981689453,178.6750030517578,1289612
2026-02-27 19:35:00,178.68499755859375,178.9199981689453,178.6649932861328,178.875,1127877
2026-02-27 19:40:00,178.875,178.89999389648438,178.5200958251953,178.59500122070312,1149774
2026-02-27 19:45:00,178.59500122070312,178.89999389648438,178.52000427246094,178.8350067138672,1007093
2026-02-27 19:50:00,178.8350067138672,179.3300018310547,178.82510375976562,179.24000549316406,1592069
2026-02-27 19:55:00,179.22999572753906,179.6999969482422,179.19000244140625,179.36500549316406,1823000
2026-02-27 20:00:00,179.3625030517578,179.4008026123047,178.91000366210938,178.92630004882812,1484264
2026-02-27 20:05:00,178.91000366210938,179.17999267578125,178.8300018310547,178.85000610351562,1435197
2026-02-27 20:10:00,178.83999633789062,179.1699981689453,178.6300048828125,179.13999938964844,1604664
2026-02-27 20:15:00,179.15249633789062,179.375,178.64999389648438,178.78500366210938,1601508
2026-02-27 20:20:00,178.7899932861328,179.2198944091797,178.72999572753906,178.99000549316406,1344783
2026-02-27 20:25:00,178.97999572753906,179.14999389648438,178.8249969482422,178.89999389648438,1357047
2026-02-27 20:30:00,178.88999938964844,178.98500061035156,178.25,178.3000030517578,1773194
2026-02-27 20:35:00,178.30999755859375,178.46499633789062,178.05999755859375,178.15499877929688,2018679
2026-02-27 20:40:00,178.16000366210938,178.4499969482422,178.00999450683594,178.15499877929688,2221688
2026-02-27 20:45:00,178.14500427246094,178.25999450683594,177.72500610351562,178.13999938964844,3684642
2026-02-27 20:50:00,178.14999389648438,178.14999389648438,177.10000610351562,177.8249969482422,5808856
2026-02-27 20:55:00,177.81500244140625,177.8699951171875,176.3800048828125,177.16000366210938,10561614
2026-03-02 14:30:00,174.8000030517578,179.27000427246094,174.63999938964844,179.0399932861328,13457025
2026-03-02 14:35:00,179.0500946044922,179.89999389648438,178.5500030517578,179.0919952392578,4914195
2026-03-02 14:40:00,179.08999633789062,180.0699005126953,178.80999755859375,179.5800018310547,4090609
2026-03-02 14:45:00,179.5800018310547,180.1499938964844,179.1300048828125,180.0402069091797,3149563
2026-03-02 14:50:00,180.0301055908203,180.10400390625,178.90159606933594,179.49920654296875,3036445
2026-03-02 14:55:00,179.50999450683594,179.85000610351562,179.27999877929688,179.6999969482422,2051805
2026-03-02 15:00:00,179.69000244140625,180.02000427246094,179.0500030517578,179.9600067138672,2227039
2026-03-02 15:05:00,179.97999572753906,180.62950134277344,179.86000061035156,180.40890502929688,3057849
2026-03-02 15:10:00,180.38999938964844,180.97000122070312,180.3271026611328,180.68850708007807,2349529
2026-03-02 15:15:00,180.69000244140625,181.1499938964844,180.4600067138672,180.9900054931641,22180078
2026-03-02 15:20:00,180.9949951171875,181.2899932861328,180.30499267578125,181.22000122070312,0
2026-03-02 15:25:00,181.2400054931641,181.3800048828125,180.2700042724609,180.5,1912781
2026-03-02 15:30:00,180.4900054931641,180.8699951171875,180.00999450683594,180.57000732421875,1864654
2026-03-02 15:35:00,180.60009765625,180.88999938964844,180.0850067138672,180.6855010986328,1615530
2026-03-02 15:40:00,180.66000366210932,181.3551025390625,180.47000122070312,181.10910034179688,2344423
2026-03-02 15:45:00,181.1000061035156,181.3300018310547,180.9850006103516,181.1100006103516,1247386
2026-03-02 15:50:00,181.1199951171875,181.3300018310547,180.3800048828125,180.6300048828125,1500941
2026-03-02 15:55:00,180.6262969970703,181.1499938964844,180.5249938964844,180.6725006103516,1455759
2026-03-02 16:00:00,180.67999267578125,180.6999969482422,180.11000061035156,180.3300018310547,1449238
2026-03-02 16:05:00,180.3406982421875,181.1199951171875,180.2899932861328,181.0800018310547,1356646
2026-03-02 16:10:00,181.06500244140625,181.2198944091797,180.8699951171875,181.1100006103516,29089285
2026-03-02 16:15:00,181.1150054931641,181.72000122070312,180.83999633789065,181.4600067138672,2600971
2026-03-02 16:20:00,181.44000244140625,181.8099975585937,181.1150054931641,181.53500366210932,0
2026-03-02 16:25:00,181.5,181.56500244140625,180.65499877929688,180.9199981689453,31977757
2026-03-02 16:30:00,180.9349975585937,181.3199005126953,180.83999633789065,181.2550048828125,0
2026-03-02 16:35:00,181.2653045654297,181.92999267578125,181.1199951171875,181.8800048828125,1303390
2026-03-02 16:40:00,181.8800048828125,182.6849975585937,181.875,182.62469482421875,2136114
2026-03-02 16:45:00,182.634994506836,183.1750030517578,182.6000061035156,182.96499633789065,2327377
2026-03-02 16:50:00,182.9900054931641,183.0200042724609,182.5500030517578,182.7098999023437,1764089
2026-03-02 16:55:00,182.7050018310547,183.0,182.5800018310547,182.6529998779297,35526372
2026-03-02 17:00:00,182.56500244140625,182.5850067138672,182.259994506836,182.3500061035156,0
2026-03-02 17:05:00,182.33799743652344,182.5,182.1699981689453,182.4550018310547,1255750
2026-03-02 17:10:00,182.4499969482422,182.5399932861328,182.17999267578125,182.47999572753903,36196212
2026-03-02 17:15:00,182.4900054931641,183.2100067138672,182.4801025390625,182.91000366210932,0
2026-03-02 17:20:00,182.9250030517578,183.4600067138672,182.8999938964844,183.30499267578125,1341015
2026-03-02 17:25:00,183.30499267578125,183.3370056152344,183.0500030517578,183.0599975585937,1032504
2026-03-02 17:30:00,183.05499267578125,183.05599975585932,182.509994506836,182.56500244140625,38393770
2026-03-02 17:35:00,182.57000732421875,182.67999267578125,182.2700042724609,182.3730010986328,0
2026-03-02 17:40:00,182.3730010986328,182.5800018310547,182.259994506836,182.4850006103516,948633
2026-03-02 17:45:00,182.509994506836,182.7700042724609,182.3999938964844,182.7350006103516,1032986
2026-03-02 17:50:00,182.7301025390625,182.83999633789065,182.44000244140625,182.65969848632807,1063258
2026-03-02 17:55:00,182.66000366210932,182.80990600585932,182.509994506836,182.7050018310547,722807
2026-03-02 18:00:00,182.72000122070312,182.83999633789065,182.6000061035156,182.83999633789065,584234
2026-03-02 18:05:00,182.8500061035156,182.94000244140625,182.66000366210932,182.6750030517578,611508
2026-03-02 18:10:00,182.6649932861328,182.6699981689453,182.41000366210932,182.57000732421875,707577
2026-03-02 18:15:00,182.57000732421875,182.83999633789065,182.4600067138672,182.7050018310547,604858
2026-03-02 18:20:00,182.7010040283203,182.7899932861328,182.3999938964844,182.4136962890625,645102
2026-03-02 18:25:00,182.4196929931641,182.5699005126953,182.2100067138672,182.44509887695312,766106
2026-03-02 18:30:00,182.4499969482422,182.47999572753903,182.17999267578125,182.2747039794922,41547253
2026-03-02 18:35:00,182.26499938964844,182.55499267578125,182.1100006103516,182.19500732421875,0
2026-03-02 18:40:00,182.1999969482422,182.58990478515625,182.1699981689453,182.4349975585937,884804
2026-03-02 18:45:00,182.4349975585937,182.44000244140625,182.1000061035156,182.2899932861328,1025317
2026-03-02 18:50:00,182.2949981689453,182.41000366210932,182.1199951171875,182.259994506836,945621
2026-03-02 18:55:00,182.26499938964844,182.32000732421875,182.04400634765625,182.06500244140625,762050
2026-03-02 19:00:00,182.07000732421875,182.22999572753903,181.9499969482422,182.134994506836,857450
2026-03-02 19:05:00,182.1300048828125,182.47000122070312,182.0500030517578,182.44000244140625,759384
2026-03-02 19:10:00,182.4250030517578,182.7100067138672,182.2700042724609,182.6199951171875,991607
2026-03-02 19:15:00,182.62989807128903,182.8699951171875,182.6100006103516,182.71499633789065,933265
2026-03-02 19:20:00,182.7100067138672,182.91000366210932,182.5399932861328,182.5850067138672,848400
2026-03-02 19:25:00,182.58009338378903,182.72000122070312,182.3800048828125,182.6450042724609,45797126
2026-03-02 19:30:00,182.6450042724609,182.72000122070312,182.44500732421875,182.5599975585937,0
2026-03-02 19:35:00,182.5500030517578,182.7700042724609,182.4600067138672,182.6199951171875,669783
2026-03-02 19:40:00,182.62289428710932,182.8999938964844,182.6150054931641,182.65499877929688,652233
2026-03-02 19:45:00,182.65499877929688,182.8699951171875,182.6300048828125,182.8697052001953,678971
2026-03-02 19:50:00,182.8650054931641,183.0500030517578,182.67999267578125,183.01499938964844,994588
2026-03-02 19:55:00,183.0200042724609,183.0200042724609,182.7350006103516,182.8072967529297,692501
2026-03-02 20:00:00,182.8072967529297,182.8350067138672,182.4600067138672,182.72900390625,47875219
2026-03-02 20:05:00,182.7350006103516,182.8500061035156,181.8999938964844,182.0399932861328,2196393
2026-03-02 20:10:00,182.0399932861328,182.0500030517578,181.6450042724609,181.8300018310547,2113015
2026-03-02 20:15:00,181.8099975585937,182.5399932861328,181.6600952148437,182.3699951171875,2108342
2026-03-02 20:20:00,182.3800048828125,182.5399932861328,182.1300048828125,182.2749938964844,1472920
2026-03-02 20:25:00,182.2550048828125,182.3999938964844,182.0399932861328,182.1499938964844,1187437
2026-03-02 20:30:00,182.1699981689453,182.4349975585937,182.03500366210932,182.38999938964844,1250413
2026-03-02 20:35:00,182.41000366210932,182.41709899902344,181.9900054931641,182.33999633789065,1638585
2026-03-02 20:40:00,182.3350067138672,182.41000366210932,182.01499938964844,182.22999572753903,1392136
2026-03-02 20:45:00,182.22000122070312,182.47999572753903,182.0599975585937,182.2749938964844,1927528
2026-03-02 20:50:00,182.2899932861328,182.8300018310547,182.0599975585937,182.8249969482422,2667110
2026-03-02 20:55:00,182.8000030517578,182.82989501953125,182.3500061035156,182.3500061035156,6960655
2026-03-03 14:30:00,178.4774932861328,180.52999877929688,177.99000549316406,178.07000732421875,16290093
2026-03-03 14:35:00,178.05499267578125,180.10000610351562,178.0399932861328,179.24000549316406,5279817
2026-03-03 14:40:00,179.24009704589844,179.38999938964844,178.32000732421875,178.44500732421875,3229738
2026-03-03 14:45:00,178.4199981689453,179.3249969482422,178.2449951171875,178.8699951171875,3250287
2026-03-03 14:50:00,178.875,179.6699981689453,178.64999389648438,178.97509765625,2918886
2026-03-03 14:55:00,179.0050048828125,179.1313018798828,178.47999572753906,178.83999633789062,2340050
2026-03-03 15:00:00,178.8300018310547,179.77999877929688,178.74000549316406,179.0,2659576
2026-03-03 15:05:00,179.0,179.7301025390625,178.63999938964844,179.61019897460938,2727923
2026-03-03 15:10:00,179.6300048828125,180.02999877929688,179.22000122070312,179.91000366210938,3098594
2026-03-03 15:15:00,179.9199981689453,180.00999450683594,178.5800018310547,178.7449951171875,2514919
2026-03-03 15:20:00,178.74000549316406,178.8000946044922,177.86990356445312,178.21499633789062,3522291
2026-03-03 15:25:00,178.2100067138672,178.36489868164062,177.72000122070312,177.77000427246094,2878750
2026-03-03 15:30:00,177.75999450683594,178.72999572753906,177.6199951171875,177.67059326171875,3067546
2026-03-03 15:35:00,177.69500732421875,178.3249969482422,177.66000366210938,178.0850067138672,2340174
2026-03-03 15:40:00,178.0850067138672,178.30499267578125,177.1999969482422,177.36000061035156,2719003
2026-03-03 15:45:00,177.3350067138672,177.94009399414062,177.25999450683594,177.42660522460938,1926551
2026-03-03 15:50:00,177.4149932861328,177.8000030517578,176.94000244140625,176.96200561523438,2550303
2026-03-03 15:55:00,176.97000122070312,177.6199951171875,176.9199981689453,177.51710510253906,2644866
2026-03-03 16:00:00,177.51010131835938,178.9149932861328,177.38999938964844,178.90499877929688,3515826
2026-03-03 16:05:00,178.9001007080078,180.0050048828125,178.88369750976562,179.55499267578125,4557406
2026-03-03 16:10:00,179.5500030517578,179.8000030517578,179.09500122070312,179.57000732421875,2418696
2026-03-03 16:15:00,179.57699584960938,179.9499969482422,179.4600067138672,179.64450073242188,1917627
2026-03-03 16:20:00,179.66000366210938,179.85000610351562,179.16009521484375,179.75999450683594,1993583
2026-03-03 16:25:00,179.77000427246094,179.8350067138672,179.3000030517578,179.31500244140625,1585053
2026-03-03 16:30:00,179.31500244140625,179.55999755859375,178.94000244140625,179.47999572753906,1904921
2026-03-03 16:35:00,179.49009704589844,179.7949981689453,179.25,179.48989868164062,1557275
2026-03-03 16:40:00,179.47999572753906,179.83999633789062,179.06500244140625,179.8300018310547,1658304
2026-03-03 16:45:00,179.8300018310547,180.52999877929688,179.75,180.22999572753903,2420995
2026-03-03 16:50:00,180.2350006103516,180.3551025390625,179.9499969482422,180.3520965576172,1430107
2026-03-03 16:55:00,180.35499572753903,180.6499938964844,179.98500061035156,180.03500366210938,2198302
2026-03-03 17:00:00,180.0500030517578,180.2449951171875,179.63999938964844,180.13999938964844,2248670
2026-03-03 17:05:00,180.13999938964844,180.17999267578125,179.67999267578125,179.73629760742188,1426379
2026-03-03 17:10:00,179.75999450683594,179.82000732421875,179.33999633789062,179.80499267578125,1381352
2026-03-03 17:15:00,179.80999755859375,179.98989868164062,179.5500030517578,179.9199981689453,1059867
2026-03-03 17:20:00,179.93499755859375,179.9600067138672,179.5,179.9499969482422,1206049
2026-03-03 17:25:00,179.94000244140625,180.2198944091797,179.8000030517578,180.10499572753906,809956
2026-03-03 17:30:00,180.10000610351562,180.13499450683594,179.05999755859375,179.14999389648438,1466551
2026-03-03 17:35:00,179.15499877929688,179.39999389648438,178.97999572753906,179.09500122070312,1450081
2026-03-03 17:40:00,179.10499572753906,179.85000610351562,179.0800018310547,179.84500122070312,1298314
2026-03-03 17:45:00,179.83999633789062,180.02999877929688,179.64999389648438,179.9949951171875,1177475
2026-03-03 17:50:00,179.99000549316406,180.0500030517578,179.55999755859375,179.66000366210938,1062249
2026-03-03 17:55:00,179.64999389648438,179.75999450683594,179.5,179.58999633789062,799485
2026-03-03 18:00:00,179.5800018310547,180.19000244140625,179.57000732421875,180.0399932861328,1403044
2026-03-03 18:05:00,180.0399932861328,180.1499938964844,179.77000427246094,179.99000549316406,942412
2026-03-03 18:10:00,179.99000549316406,180.02999877929688,179.4499969482422,179.6750030517578,1059609
2026-03-03 18:15:00,179.68499755859375,179.9459991455078,179.55499267578125,179.9199981689453,999534
2026-03-03 18:20:00,179.92300415039062,180.3999938964844,179.9149932861328,180.3249969482422,1544075
2026-03-03 18:25:00,180.3300018310547,180.3699951171875,180.08999633789062,180.1499938964844,1146336
2026-03-03 18:30:00,180.1699981689453,180.4900054931641,180.00999450683594,180.3800048828125,1113355
2026-03-03 18:35:00,180.3800048828125,180.58999633789065,180.22000122070312,180.57290649414065,1293432
2026-03-03 18:40:00,180.57000732421875,180.8999938964844,180.47999572753903,180.5702972412109,1503465
2026-03-03 18:45:00,180.6000061035156,180.6000061035156,180.22000122070312,180.5399932861328,1215900
2026-03-03 18:50:00,180.55499267578125,180.8099975585937,180.44000244140625,180.52999877929688,1097329
2026-03-03 18:55:00,180.52999877929688,180.64990234375,180.32000732421875,180.51499938964844,902855
2026-03-03 19:00:00,180.5200042724609,180.6336975097656,180.0399932861328,180.1849975585937,1240351
2026-03-03 19:05:00,180.19000244140625,180.27999877929688,179.7100067138672,179.77499389648438,1310286
2026-03-03 19:10:00,179.77999877929688,180.07000732421875,179.6750030517578,180.00999450683594,943290
2026-03-03 19:15:00,180.02000427246094,180.3099975585937,179.80999755859375,179.91990661621094,984506
2026-03-03 19:20:00,179.9199981689453,180.0800018310547,179.65969848632812,179.6750030517578,990682
2026-03-03 19:25:00,179.6699981689453,179.73289489746094,179.44000244140625,179.5500030517578,1099281
2026-03-03 19:30:00,179.55999755859375,179.6999969482422,179.22500610351562,179.27999877929688,1230513
2026-03-03 19:35:00,179.27000427246094,180.13499450683594,179.14999389648438,179.86000061035156,3066795
2026-03-03 19:40:00,179.875,180.4900054931641,179.7700958251953,180.44000244140625,1635141
2026-03-03 19:45:00,180.44320678710932,180.8699951171875,180.44320678710932,180.64010620117188,1629465
2026-03-03 19:50:00,180.6450042724609,180.6999969482422,179.8437042236328,180.0749969482422,1462690
2026-03-03 19:55:00,180.08999633789062,180.15499877929688,179.89999389648438,180.05999755859375,1032013
2026-03-03 20:00:00,180.07000732421875,180.2400054931641,179.77000427246094,179.9799041748047,1100694
2026-03-03 20:05:00,179.98500061035156,180.11000061035156,179.75999450683594,180.02999877929688,1076106
2026-03-03 20:10:00,180.02499389648438,180.11000061035156,179.6501007080078,179.65499877929688,1108726
2026-03-03 20:15:00,179.64999389648438,179.80999755859375,179.5,179.72000122070312,1169676
2026-03-03 20:20:00,179.7100067138672,180.0469970703125,179.7100067138672,179.91000366210938,1194359
2026-03-03 20:25:00,179.91290283203125,180.2350006103516,179.63499450683594,180.2050018310547,1341369
2026-03-03 20:30:00,180.1999969482422,180.44000244140625,180.1649932861328,180.2449951171875,1521236
2026-03-03 20:35:00,180.25,180.56500244140625,180.05999755859375,180.12989807128906,1765985
2026-03-03 20:40:00,180.1300048828125,180.31500244140625,179.97000122070312,180.2550048828125,1418415
2026-03-03 20:45:00,180.24009704589844,180.3401031494141,179.97030639648438,180.125,1361867
2026-03-03 20:50:00,180.1199951171875,180.3500061035156,179.89999389648438,180.22999572753903,2582869
2026-03-03 20:55:00,180.22000122070312,180.32000732421875,179.91000366210938,180.0800018310547,3518676
2026-03-04 14:30:00,180.3699951171875,182.25,180.05999755859375,182.19000244140625,15048653
2026-03-04 14:35:00,182.1849975585937,182.3300018310547,181.1699981689453,181.22900390625,3983839
2026-03-04 14:40:00,181.24249267578125,181.6300048828125,180.77999877929688,181.5901031494141,3249535
2026-03-04 14:45:00,181.6000061035156,182.9600067138672,181.25,182.60499572753903,4121155
2026-03-04 14:50:00,182.66000366210932,182.7400054931641,181.83999633789065,181.8999938964844,3070789
2026-03-04 14:55:00,181.8999938964844,182.0200042724609,180.5800018310547,180.97000122070312,3477576
2026-03-04 15:00:00,181.0399932861328,181.81979370117188,180.9499969482422,181.1499938964844,3235537
2026-03-04 15:05:00,181.16000366210932,182.07000732421875,181.0249938964844,181.92999267578125,2780448
2026-03-04 15:10:00,181.9532012939453,182.91000366210932,181.8699951171875,182.1988983154297,3237548
2026-03-04 15:15:00,182.1750030517578,182.55990600585932,182.0,182.4349975585937,2102269
2026-03-04 15:20:00,182.42999267578125,182.92999267578125,182.3000030517578,182.88999938964844,2073191
2026-03-04 15:25:00,182.8896026611328,183.5500030517578,182.7700042724609,183.47000122070312,3157056
2026-03-04 15:30:00,183.47999572753903,183.63999938964844,182.8950042724609,182.94000244140625,2607282
2026-03-04 15:35:00,182.94500732421875,183.0500030517578,182.4199981689453,182.4499969482422,2000442
2026-03-04 15:40:00,182.4698944091797,182.72000122070312,182.3099975585937,182.5800018310547,1703105
2026-03-04 15:45:00,182.57000732421875,182.625,182.16000366210932,182.4701995849609,1748640
2026-03-04 15:50:00,182.47000122070312,182.67999267578125,182.1699981689453,182.5200042724609,1768915
2026-03-04 15:55:00,182.5,183.06500244140625,182.44000244140625,182.8000946044922,2028495
2026-03-04 16:00:00,182.82000732421875,183.33999633789065,182.6499938964844,183.0399932861328,1713861
2026-03-04 16:05:00,183.02999877929688,183.1100006103516,182.4810028076172,182.53500366210932,1710973
2026-03-04 16:10:00,182.5399932861328,182.58999633789065,181.8000030517578,181.97000122070312,2173467
2026-03-04 16:15:00,181.97000122070312,182.3500061035156,181.91000366210932,182.0399932861328,1662325
2026-03-04 16:20:00,182.04139709472656,182.4199981689453,181.9501037597656,182.0449981689453,1578989
2026-03-04 16:25:00,182.04739379882807,182.72000122070312,181.91000366210932,182.3999938964844,1639175
2026-03-04 16:30:00,182.3999938964844,182.7662048339844,182.32080078125,182.697494506836,1107504
2026-03-04 16:35:00,182.7100067138672,182.9598999023437,182.3600006103516,182.6199951171875,1517321
2026-03-04 16:40:00,182.6300048828125,183.1450042724609,182.57000732421875,183.0200042724609,1613174
2026-03-04 16:45:00,183.0200042724609,183.1199951171875,182.8099975585937,182.8500061035156,1085978
2026-03-04 16:50:00,182.8500061035156,183.0599975585937,182.6999969482422,182.9250030517578,1201996
2026-03-04 16:55:00,182.92999267578125,183.02999877929688,182.6199951171875,182.6898956298828,941558
2026-03-04 17:00:00,182.6999969482422,182.9600067138672,182.6100006103516,182.8249969482422,1050158
2026-03-04 17:05:00,182.8300018310547,183.1199951171875,182.7700042724609,182.8099975585937,1737583
2026-03-04 17:10:00,182.8099975585937,182.9250030517578,182.6499938964844,182.6898956298828,952592
2026-03-04 17:15:00,182.6800994873047,182.69500732421875,182.47999572753903,182.53140258789065,1055799
2026-03-04 17:20:00,182.5399932861328,182.659896850586,182.4199066162109,182.659896850586,1093798
2026-03-04 17:25:00,182.63999938964844,182.7899932861328,182.44000244140625,182.4850006103516,1102105
2026-03-04 17:30:00,182.4900054931641,182.6300048828125,182.19000244140625,182.509994506836,1207902
2026-03-04 17:35:00,182.5200042724609,182.8600006103516,182.51499938964844,182.8350067138672,1062290
2026-03-04 17:40:00,182.83009338378903,183.2100067138672,182.83009338378903,182.8800048828125,1866515
2026-03-04 17:45:00,182.8699951171875,183.17999267578125,182.84500122070312,183.1000061035156,984827
2026-03-04 17:50:00,183.1100006103516,183.3600006103516,183.0399932861328,183.2001037597656,1219700
2026-03-04 17:55:00,183.1849975585937,183.2749938964844,182.8999938964844,182.9900054931641,1027462
2026-03-04 18:00:00,182.9900054931641,183.08999633789065,182.8300018310547,182.8699951171875,726363
2026-03-04 18:05:00,182.875,183.13040161132807,182.80499267578125,182.96060180664065,849245
2026-03-04 18:10:00,182.97000122070312,183.125,182.8999938964844,182.9499969482422,663712
2026-03-04 18:15:00,182.94500732421875,183.0500030517578,182.7700042724609,182.77999877929688,844455
2026-03-04 18:20:00,182.77999877929688,182.83999633789065,182.5800018310547,182.6038055419922,979656
2026-03-04 18:25:00,182.60499572753903,183.0599975585937,182.384994506836,183.0498962402344,1611923
2026-03-04 18:30:00,183.0399932861328,183.6300048828125,182.97999572753903,183.2698974609375,2351898
2026-03-04 18:35:00,183.26499938964844,183.3600006103516,183.1199951171875,183.1750030517578,1297022
2026-03-04 18:40:00,183.17999267578125,184.08999633789065,183.15499877929688,183.8249969482422,2917805
2026-03-04 18:45:00,183.82000732421875,183.97999572753903,183.52999877929688,183.91270446777344,1921819
2026-03-04 18:50:00,183.91000366210932,184.6150054931641,183.84500122070312,184.3500061035156,2853186
2026-03-04 18:55:00,184.35499572753903,184.5449981689453,184.1699981689453,184.5200042724609,2345429
2026-03-04 19:00:00,184.5200042724609,184.6999969482422,184.3699951171875,184.4799041748047,1769603
2026-03-04 19:05:00,184.46499633789065,184.5599975585937,184.0800018310547,184.19009399414065,1477630
2026-03-04 19:10:00,184.19940185546875,184.33999633789065,184.1300048828125,184.1499938964844,970541
2026-03-04 19:15:00,184.1450042724609,184.63999938964844,184.1300048828125,184.5800018310547,1459341
2026-03-04 19:20:00,184.5702972412109,184.6499938964844,184.22999572753903,184.41510009765625,1187621
2026-03-04 19:25:00,184.41000366210932,184.53500366210932,184.1000061035156,184.30499267578125,1339842
2026-03-04 19:30:00,184.30499267578125,184.33999633789065,183.83999633789065,183.9750061035156,1447435
2026-03-04 19:35:00,183.97000122070312,184.0500030517578,183.8999938964844,183.9761962890625,1070268
2026-03-04 19:40:00,183.9750061035156,184.0500030517578,183.7100067138672,183.77999877929688,1153937
2026-03-04 19:45:00,183.7700042724609,183.8699951171875,183.5500030517578,183.81500244140625,1143887
2026-03-04 19:50:00,183.81500244140625,183.9499969482422,183.67010498046875,183.9250030517578,1120162
2026-03-04 19:55:00,183.92999267578125,184.0599975585937,183.67999267578125,183.8249969482422,1693843
2026-03-04 20:00:00,183.7949981689453,183.8600006103516,183.4199981689453,183.4750061035156,1568868
2026-03-04 20:05:00,183.47999572753903,183.65499877929688,183.3699951171875,183.5599975585937,1212314
2026-03-04 20:10:00,183.57000732421875,183.57000732421875,183.1999969482422,183.31979370117188,1305898
2026-03-04 20:15:00,183.32000732421875,183.3300018310547,183.08999633789065,183.1999969482422,1953584
2026-03-04 20:20:00,183.2050018310547,183.2698974609375,182.6699981689453,182.6999969482422,1769725
2026-03-04 20:25:00,182.6999969482422,183.1699981689453,182.6000061035156,183.07000732421875,2043978
2026-03-04 20:30:00,183.0749969482422,183.0800018310547,182.67999267578125,182.7250061035156,1799751
2026-03-04 20:35:00,182.72000122070312,183.08999633789065,182.69000244140625,182.9600067138672,1682848
2026-03-04 20:40:00,182.9600067138672,183.3099975585937,182.8999938964844,183.0749969482422,1635266
2026-03-04 20:45:00,183.07000732421875,183.2050018310547,182.88999938964844,183.09500122070312,2665686
2026-03-04 20:50:00,183.09500122070312,183.19000244140625,182.6000061035156,183.0601043701172,3318245
2026-03-04 20:55:00,183.0399932861328,183.33999633789065,182.8999938964844,182.91000366210932,6350086
2026-03-05 14:30:00,181.1699981689453,181.9199981689453,180.8099975585937,181.72999572753903,9517988
2026-03-05 14:35:00,181.7200927734375,182.4600067138672,181.2749938964844,181.47000122070312,4212878
2026-03-05 14:40:00,181.4593963623047,181.68359375,181.0,181.08999633789065,3348716
2026-03-05 14:45:00,181.1000061035156,182.3600006103516,180.8999938964844,181.8300018310547,3689216
2026-03-05 14:50:00,181.8249969482422,182.53990173339844,181.6499938964844,182.25509643554688,2621869
2026-03-05 14:55:00,182.2303009033203,182.7899932861328,181.9900054931641,182.4624938964844,2302190
2026-03-05 15:00:00,182.4600067138672,182.78500366210932,182.0500030517578,182.102294921875,2214167
2026-03-05 15:05:00,182.10499572753903,182.259994506836,181.8099975585937,182.1300048828125,1982336
2026-03-05 15:10:00,182.1300048828125,182.65499877929688,182.1100006103516,182.5850067138672,2704562
2026-03-05 15:15:00,182.58999633789065,182.6999969482422,182.19000244140625,182.5200042724609,2264476
2026-03-05 15:20:00,182.5200042724609,182.6150054931641,182.0,182.0196990966797,1999660
2026-03-05 15:25:00,182.009994506836,182.07000732421875,181.44500732421875,181.69500732421875,2329788
2026-03-05 15:30:00,181.6999969482422,181.7086944580078,180.85499572753903,181.5399932861328,2940874
2026-03-05 15:35:00,181.5449981689453,182.2700042724609,181.38999938964844,182.23280334472656,2311438
2026-03-05 15:40:00,182.2400054931641,182.759994506836,182.2100067138672,182.4969940185547,2559514
2026-03-05 15:45:00,182.5,183.0800018310547,182.3325958251953,183.02999877929688,2477308
2026-03-05 15:50:00,183.02999877929688,183.82000732421875,182.91000366210932,183.5800018310547,2840421
2026-03-05 15:55:00,183.5850067138672,183.9199981689453,183.41000366210932,183.9199981689453,2234944
2026-03-05 16:00:00,183.88999938964844,184.0399932861328,183.54010009765625,183.634994506836,2406151
2026-03-05 16:05:00,183.6300048828125,184.0599975585937,183.2100982666016,183.2899932861328,2195277
2026-03-05 16:10:00,183.2899932861328,183.75,183.0200042724609,183.4499969482422,2148153
2026-03-05 16:15:00,183.4499053955078,183.6199951171875,183.009994506836,183.02999877929688,1572475
2026-03-05 16:20:00,183.0249938964844,183.3500061035156,182.8699951171875,183.06500244140625,1766485
2026-03-05 16:25:00,183.0599975585937,183.3999938964844,182.72000122070312,182.77999877929688,1413823
2026-03-05 16:30:00,182.8000030517578,183.6699981689453,182.7700042724609,183.4105987548828,1820259
2026-03-05 16:35:00,183.41619873046875,183.5449981689453,183.07000732421875,183.22000122070312,1562522
2026-03-05 16:40:00,183.2400054931641,183.45089721679688,182.8950042724609,183.0399932861328,1185186
2026-03-05 16:45:00,183.0500030517578,183.4250030517578,182.9550018310547,182.9785003662109,984422
2026-03-05 16:50:00,183.0,183.2198944091797,182.8800048828125,183.14450073242188,915711
2026-03-05 16:55:00,183.1450042724609,183.38999938964844,182.96499633789065,183.0200042724609,1235729
2026-03-05 17:00:00,183.0200042724609,183.6499938964844,182.91000366210932,183.6199951171875,1164580
2026-03-05 17:05:00,183.6100006103516,183.8300018310547,183.0500030517578,183.0500030517578,1274997
2026-03-05 17:10:00,183.0449981689453,183.0500030517578,182.5449981689453,182.81500244140625,1621363
2026-03-05 17:15:00,182.8108062744141,182.82000732421875,181.8650054931641,181.9900054931641,1765048
2026-03-05 17:20:00,181.9900054931641,182.16000366210932,181.7530059814453,182.03500366210932,1349350
2026-03-05 17:25:00,182.03500366210932,182.2400054931641,181.07000732421875,181.07000732421875,2754797
2026-03-05 17:30:00,181.07000732421875,181.22000122070312,179.72999572753906,180.16000366210932,5788863
2026-03-05 17:35:00,180.1999969482422,180.52999877929688,179.5,179.6300048828125,4184132
2026-03-05 17:40:00,179.6199951171875,179.8699951171875,179.2050018310547,179.36000061035156,2830251
2026-03-05 17:45:00,179.35000610351562,179.4600067138672,178.2899932861328,178.35000610351562,4056472
2026-03-05 17:50:00,178.3800048828125,178.88999938964844,177.88999938964844,178.3300018310547,4087387
2026-03-05 17:55:00,178.3300018310547,178.75,178.0800018310547,178.6750030517578,2668710
2026-03-05 18:00:00,178.6699981689453,179.19000244140625,178.64500427246094,179.1199951171875,2699102
2026-03-05 18:05:00,179.11000061035156,179.91000366210938,179.02000427246094,179.72999572753906,2631312
2026-03-05 18:10:00,179.7200927734375,179.9250030517578,179.32000732421875,179.8300018310547,2542844
2026-03-05 18:15:00,179.84500122070312,180.1199951171875,179.02999877929688,179.125,2108787
2026-03-05 18:20:00,179.1300048828125,179.67999267578125,179.08999633789062,179.52940368652344,1508071
2026-03-05 18:25:00,179.5399932861328,179.63619995117188,178.77000427246094,178.87989807128906,1696425
2026-03-05 18:30:00,178.8699951171875,179.47000122070312,178.8000030517578,179.375,1466019
2026-03-05 18:35:00,179.375,179.85499572753906,179.19000244140625,179.72999572753906,1446585
2026-03-05 18:40:00,179.73500061035156,180.19000244140625,179.6300048828125,179.94000244140625,1764242
2026-03-05 18:45:00,179.93499755859375,180.06500244140625,179.61000061035156,179.89500427246094,1500984
2026-03-05 18:50:00,179.89999389648438,179.92999267578125,179.4199981689453,179.4810028076172,1137172
2026-03-05 18:55:00,179.47999572753906,180.0399932861328,179.47000122070312,179.97500610351562,1043011
2026-03-05 19:00:00,179.97000122070312,180.3957977294922,179.87229919433594,180.2949981689453,1632702
2026-03-05 19:05:00,180.2700042724609,180.6100006103516,180.13999938964844,180.5800018310547,2000359
2026-03-05 19:10:00,180.58999633789065,180.8000030517578,180.3999938964844,180.72999572753903,1211675
2026-03-05 19:15:00,180.72999572753903,180.8500061035156,180.5449981689453,180.8300018310547,1451868
2026-03-05 19:20:00,180.8500061035156,181.0200042724609,180.44009399414065,180.72999572753903,1942959
2026-03-05 19:25:00,180.72999572753903,180.8300018310547,180.2899932861328,180.72999572753903,1374886
2026-03-05 19:30:00,180.72999572753903,180.72999572753903,180.11000061035156,180.17999267578125,1401648
2026-03-05 19:35:00,180.1849975585937,180.3350067138672,179.88999938964844,180.1849975585937,1468024
2026-03-05 19:40:00,180.17999267578125,180.5800018310547,180.1300048828125,180.42979431152344,2199065
2026-03-05 19:45:00,180.4100952148437,180.8600006103516,180.32359313964844,180.7823028564453,1132764
2026-03-05 19:50:00,180.78990173339844,180.88999938964844,180.16650390625,180.1849975585937,1390616
2026-03-05 19:55:00,180.17999267578125,180.72000122070312,180.08999633789062,180.57000732421875,1148018
2026-03-05 20:00:00,180.5800018310547,181.1999969482422,180.41000366210932,181.113998413086,1549603
2026-03-05 20:05:00,181.1000061035156,181.5299072265625,180.67999267578125,181.4900054931641,2242490
2026-03-05 20:10:00,181.5,181.8800048828125,181.4600067138672,181.6199951171875,2011293
2026-03-05 20:15:00,181.6300048828125,182.14059448242188,181.5500030517578,181.92010498046875,1938187
2026-03-05 20:20:00,181.9199981689453,182.18980407714844,181.7700042724609,182.134994506836,1475219
2026-03-05 20:25:00,182.1499938964844,182.38999938964844,181.85009765625,181.875,2111618
2026-03-05 20:30:00,181.8800048828125,182.3099975585937,181.7001037597656,182.2637939453125,3130789
2026-03-05 20:35:00,182.259994506836,182.4600067138672,182.17999267578125,182.22999572753903,2091282
2026-03-05 20:40:00,182.2400054931641,182.3999938964844,182.00010681152344,182.1999969482422,1873840
2026-03-05 20:45:00,182.2100067138672,182.5200042724609,182.08999633789065,182.51499938964844,2038443
2026-03-05 20:50:00,182.5200042724609,183.0,182.44000244140625,182.9850006103516,3358133
2026-03-05 20:55:00,183.0,183.4199981689453,182.8699951171875,183.3300018310547,8043482
2026-03-06 14:30:00,179.83999633789062,181.44000244140625,179.63999938964844,180.9600067138672,11811498
2026-03-06 14:35:00,180.96499633789065,181.2899932861328,179.9499969482422,181.0601043701172,4253743
2026-03-06 14:40:00,181.0399932861328,181.5500030517578,180.75,181.16000366210932,3034034
2026-03-06 14:45:00,181.1499938964844,182.13999938964844,181.1499938964844,181.74609375,4272262
2026-03-06 14:50:00,181.7496032714844,182.33999633789065,181.5599975585937,181.8000030517578,2766519
2026-03-06 14:55:00,181.8000030517578,181.9949951171875,181.23179626464844,181.8699951171875,2647917
2026-03-06 15:00:00,181.88999938964844,182.57000732421875,181.8699951171875,182.51649475097656,3275522
2026-03-06 15:05:00,182.5399932861328,182.756103515625,181.6300048828125,181.634994506836,2651023
2026-03-06 15:10:00,181.635498046875,182.2899932861328,181.4499969482422,182.19000244140625,2445101
2026-03-06 15:15:00,182.1999969482422,182.5,182.01499938964844,182.0829925537109,2124611
2026-03-06 15:20:00,182.0901031494141,182.1629943847656,181.8000030517578,182.0399932861328,1609212
2026-03-06 15:25:00,182.0200042724609,182.13999938964844,181.69500732421875,181.82009887695312,1422829
2026-03-06 15:30:00,181.82000732421875,182.1280059814453,181.67999267578125,181.88609313964844,1520827
2026-03-06 15:35:00,181.8800048828125,182.40499877929688,181.67999267578125,182.2100067138672,2213368
2026-03-06 15:40:00,182.2001037597656,182.2100067138672,181.6199951171875,181.9250030517578,1711752
2026-03-06 15:45:00,181.91000366210932,182.0200042724609,181.4199981689453,181.53990173339844,1389844
2026-03-06 15:50:00,181.5449981689453,181.5500030517578,180.8999938964844,181.51499938964844,2261872
2026-03-06 15:55:00,181.5200042724609,182.2801055908203,181.51499938964844,181.94940185546875,1956235
2026-03-06 16:00:00,181.9199981689453,182.1300048828125,181.8000030517578,182.02609252929688,1297773
2026-03-06 16:05:00,182.0200042724609,182.0749969482422,181.3999938964844,181.46499633789065,1568649
2026-03-06 16:10:00,181.5,181.5200042724609,181.22000122070312,181.38999938964844,1261772
2026-03-06 16:15:00,181.3807983398437,181.63999938964844,181.08999633789065,181.384994506836,1782808
2026-03-06 16:20:00,181.384994506836,181.47999572753903,181.0200042724609,181.4499969482422,1678086
2026-03-06 16:25:00,181.42999267578125,181.77999877929688,181.22000122070312,181.7100067138672,1369318
2026-03-06 16:30:00,181.718505859375,181.7998962402344,181.22999572753903,181.3099975585937,1241896
2026-03-06 16:35:00,181.2949981689453,181.77999877929688,181.2899932861328,181.69000244140625,1385332
2026-03-06 16:40:00,181.7100067138672,181.8699951171875,181.5249938964844,181.76499938964844,1182930
2026-03-06 16:45:00,181.7700042724609,182.1210021972656,181.7449951171875,181.99899291992188,1514598
2026-03-06 16:50:00,181.9900054931641,182.4571075439453,181.9850006103516,182.10499572753903,1733950
2026-03-06 16:55:00,182.0919952392578,182.41000366210932,181.9501037597656,182.3101043701172,1384084
2026-03-06 17:00:00,182.32000732421875,182.4900054931641,182.08999633789065,182.1699981689453,1925177
2026-03-06 17:05:00,182.173095703125,182.30990600585932,181.66000366210932,181.77999877929688,1462092
2026-03-06 17:10:00,181.7700958251953,181.9199981689453,181.5,181.6201934814453,1299672
2026-03-06 17:15:00,181.625,181.7700042724609,181.3699951171875,181.67999267578125,1251888
2026-03-06 17:20:00,181.67999267578125,181.91000366210932,181.3199005126953,181.3350067138672,1497097
2026-03-06 17:25:00,181.33999633789065,181.43609619140625,181.02999877929688,181.13999938964844,1374350
2026-03-06 17:30:00,181.13999938964844,181.2100067138672,180.9499969482422,181.0901031494141,1184369
2026-03-06 17:35:00,181.1000061035156,181.1300048828125,180.5200042724609,180.72000122070312,1612646
2026-03-06 17:40:00,180.7301025390625,180.9199981689453,180.69000244140625,180.8350067138672,1250597
2026-03-06 17:45:00,180.8466033935547,181.02999877929688,180.759994506836,180.9199981689453,1072647
2026-03-06 17:50:00,180.91650390625,181.13999938964844,180.7700042724609,180.8800048828125,1014765
2026-03-06 17:55:00,180.8802947998047,181.07000732421875,180.7801055908203,180.8249969482422,1043477
2026-03-06 18:00:00,180.82000732421875,181.125,180.6224975585937,180.71499633789065,1212075
2026-03-06 18:05:00,180.7299041748047,181.08999633789065,180.69000244140625,180.9799041748047,889434
2026-03-06 18:10:00,180.9900054931641,181.6000061035156,180.8800048828125,181.5599975585937,1525225
2026-03-06 18:15:00,181.5800018310547,181.8249969482422,181.509994506836,181.6499938964844,1426447
2026-03-06 18:20:00,181.65499877929688,181.7799072265625,181.52999877929688,181.69000244140625,1070770
2026-03-06 18:25:00,181.6999969482422,181.6999969482422,181.2700042724609,181.4600982666016,1090377
2026-03-06 18:30:00,181.4499969482422,181.7698974609375,181.38999938964844,181.58999633789065,1104558
2026-03-06 18:35:00,181.58999633789065,181.6100006103516,181.22000122070312,181.26010131835932,1567361
2026-03-06 18:40:00,181.259994506836,181.5200042724609,181.1300048828125,181.44000244140625,1144432
2026-03-06 18:45:00,181.4499969482422,181.4850006103516,181.0850067138672,181.2899932861328,1824469
2026-03-06 18:50:00,181.2899932861328,181.31500244140625,180.8000030517578,180.9001007080078,1081885
2026-03-06 18:55:00,180.8950042724609,181.0050048828125,180.83999633789065,180.8650054931641,706405
2026-03-06 19:00:00,180.8800048828125,181.0050048828125,180.6000061035156,180.61990356445312,958831
2026-03-06 19:05:00,180.6150054931641,180.8489990234375,180.5399932861328,180.7400054931641,955731
2026-03-06 19:10:00,180.759994506836,180.9199981689453,180.6000061035156,180.90240478515625,905935
2026-03-06 19:15:00,180.8999938964844,180.9069976806641,180.26499938964844,180.52999877929688,2352396
2026-03-06 19:20:00,180.5050048828125,180.5599975585937,180.19000244140625,180.34500122070312,1317558
2026-03-06 19:25:00,180.3500061035156,180.55990600585932,180.19000244140625,180.52999877929688,1136877
2026-03-06 19:30:00,180.5200042724609,180.7700042724609,180.4600067138672,180.52999877929688,1097533
2026-03-06 19:35:00,180.5449981689453,180.58990478515625,180.01010131835938,180.09500122070312,1279680
2026-03-06 19:40:00,180.10000610351562,180.4600067138672,180.0841064453125,180.1499938964844,972265
2026-03-06 19:45:00,180.13999938964844,180.19970703125,179.92999267578125,180.00999450683594,1374355
2026-03-06 19:50:00,180.00999450683594,180.1699981689453,179.88999938964844,180.1300048828125,1195666
2026-03-06 19:55:00,180.13999938964844,180.2100067138672,179.9949951171875,180.0500030517578,1018928
2026-03-06 20:00:00,180.0500030517578,180.31739807128903,179.9499969482422,180.1970977783203,1268208
2026-03-06 20:05:00,180.19000244140625,180.25,179.75,179.81500244140625,1359704
2026-03-06 20:10:00,179.80499267578125,179.89999389648438,178.36000061035156,178.82000732421875,5055437
2026-03-06 20:15:00,178.8179931640625,179.36390686035156,178.57000732421875,178.91009521484375,2868314
2026-03-06 20:20:00,178.89999389648438,178.9499969482422,177.89999389648438,177.9250030517578,3700043
2026-03-06 20:25:00,177.9250030517578,177.94000244140625,176.9499969482422,177.1300048828125,4696633
2026-03-06 20:30:00,177.13999938964844,177.50999450683594,177.0,177.2100067138672,3385419
2026-03-06 20:35:00,177.2050018310547,177.9199981689453,176.82009887695312,177.29969787597656,5456151
2026-03-06 20:40:00,177.29010009765625,178.10000610351562,177.00010681152344,177.75999450683594,4754369
2026-03-06 20:45:00,177.72999572753906,178.19000244140625,177.60000610351562,178.0850067138672,2810972
2026-03-06 20:50:00,178.07000732421875,178.37989807128906,177.8800048828125,178.25,3775878
2026-03-06 20:55:00,178.25,178.25,177.60000610351562,177.69000244140625,6073001
